{"type":"FeatureCollection","metadata":{"division":"barisal","verified_polygon_count":41,"boundary_reference_year":"2020","boundary_source":"geoBoundaries gbOpen BGD ADM3 / BBS, OCHA ROAP","note":"Only canonical verified matches are published; unsupported registry rows never receive fabricated polygons."},"features":[{"type":"Feature","id":"barguna-amtali","properties":{"canonical_id":"barguna-amtali","name_en":"Amtali","name_bn":"আমতলী","district_id":"barguna","division_id":"barisal","pcode":"BD-A-02-338","parent_pcode":"BD1004","source_name":"Amtali","match_method":"exact_name_or_alias","boundary_reference_year":"2020","boundary_source":"geoBoundaries gbOpen BGD ADM3 / BBS, OCHA ROAP","source_dataset_updated":"2026-08-09"},"geometry":{"type":"MultiPolygon","coordinates":[[[[90.15391790700005,22.122510790000035],[90.16599368500005,22.12626859900007],[90.17594501600007,22.127382690000047],[90.16677856900003,22.13070005700007],[90.15772733100005,22.12737815400004],[90.15391790700005,22.122510790000035]]],[[[90.34413025100008,22.109544046000053],[90.34655239300008,22.110334799000043],[90.34148557300006,22.118999016000032],[90.34357222700004,22.121577348000073],[90.34349729400003,22.129417944000068],[90.33703355300008,22.13797399300006],[90.33659136100005,22.165355246000047],[90.34253212300007,22.174113525000053],[90.34915441000004,22.18014654600006],[90.36593556800005,22.188027170000055],[90.37191497200007,22.19774017700007],[90.36724845800006,22.20071937800003],[90.36657096900007,22.199009472000057],[90.36248898100007,22.197087811000074],[90.35349125800008,22.195270238000035],[90.35100998000007,22.196417315000076],[90.34781694500003,22.20229194600006],[90.34798701900007,22.205116778000047],[90.35628399900008,22.20584218700003],[90.36320751900007,22.215247386000044],[90.35815193700006,22.21910493400003],[90.35997930100007,22.221080537000034],[90.35778101500006,22.224688082000057],[90.35957341400007,22.231713639000077],[90.35699717600005,22.23391237900006],[90.35490730100008,22.233230913000057],[90.35263766300005,22.229777137000042],[90.34962888800004,22.230493387000024],[90.34307103500004,22.238474730000064],[90.33531146300004,22.238294136000036],[90.33450915000003,22.244981429000063],[90.32839675100007,22.24538857400006],[90.33400045300004,22.263478415000066],[90.32812056800003,22.262223343000073],[90.31344828700009,22.253768571000023],[90.30303032400008,22.24365553800004],[90.29944084700008,22.242807601000038],[90.29560097200005,22.24458958200006],[90.28864073600005,22.243329664000044],[90.29169634900006,22.23623652400005],[90.28696922200004,22.235040265000066],[90.28262291400006,22.24889463200003],[90.28837572200007,22.247499178000055],[90.28611350800008,22.251201022000032],[90.29002383900007,22.24990727100004],[90.29202969800008,22.25514695100003],[90.29012238000007,22.25769775200007],[90.28783309900007,22.25830373200006],[90.28486834100005,22.255459770000073],[90.28137327500008,22.25551441600004],[90.27178949000006,22.26260711300006],[90.24590459600006,22.26171725200004],[90.23689609700006,22.249690446000045],[90.23421640600003,22.239546810000036],[90.22543410700007,22.234338224000055],[90.22593966500006,22.231713330000048],[90.23154586900006,22.230122461000065],[90.23291360300004,22.227988405000076],[90.22495844100007,22.217121960000043],[90.22908790000008,22.20927381100006],[90.23581373100006,22.20347854700003],[90.23725765900008,22.198524768000027],[90.23617982800005,22.19468785600003],[90.23770454900006,22.193848263000064],[90.23575240200006,22.188532958000053],[90.22848314700008,22.180862954000077],[90.22320945700005,22.171239026000023],[90.21969339900005,22.146886437000035],[90.21959241700006,22.14528239400005],[90.22385265000008,22.14517045100007],[90.22496205300007,22.14167542100006],[90.22257346000004,22.13187830000004],[90.21668691900004,22.120472027000062],[90.20743966900005,22.112536238000075],[90.19457340000008,22.10693459500004],[90.18399074700005,22.10605046200004],[90.17764375900003,22.10755156700003],[90.16421658800004,22.114856170000053],[90.15889219400003,22.114711803000034],[90.15099971000006,22.098990498000035],[90.14028881100006,22.08427517900003],[90.11595683500008,22.06273300400005],[90.09733013900006,22.049597861000052],[90.09029901300005,22.04147443000005],[90.07527614300005,22.00438420100005],[90.07495516500006,21.99564643900004],[90.07691114400006,21.990518371000064],[90.07690733100009,21.983442827000033],[90.07449357400003,21.974934134000023],[90.07115915500003,21.969676588000027],[90.05397269200006,21.955543290000037],[90.04566903900007,21.951912449000076],[90.03214924200006,21.948605280000038],[90.02856134100006,21.945211436000022],[90.02322851100007,21.925993176000077],[90.02353450900006,21.917244123000046],[90.02829998200008,21.91977733400006],[90.02958191200008,21.92364962000005],[90.03029859400004,21.92149809500006],[90.02235440000004,21.907156434000058],[90.02491470400008,21.898933030000023],[90.02317182100006,21.891666231000045],[90.02383645800006,21.884351362000075],[90.02677599300006,21.879907212000035],[90.04611623900007,21.865056523000078],[90.06263186800004,21.86036568800006],[90.07520607500004,21.86131670800006],[90.09031418400008,21.873857025000063],[90.09749998100006,21.88629013600007],[90.10849587800004,21.89580617300004],[90.11032514100003,21.898377036000056],[90.10790745200006,21.915491560000078],[90.110592,21.92244248000003],[90.11469182700006,21.925818737000043],[90.12064083000007,21.929417355000055],[90.13332047300008,21.928804780000064],[90.14283411500008,21.93145250500004],[90.14147027200005,21.93571544300005],[90.13446453800003,21.94451434000007],[90.13262784400007,21.953312510000046],[90.13522201400008,21.959860253000045],[90.14741514900004,21.974765986000023],[90.15349558300005,21.982558315000063],[90.16059890900004,21.987544573000037],[90.16535569000007,21.98682950500006],[90.17246063100004,21.981100169000058],[90.19117240200006,21.984693119000042],[90.18620449300005,21.993735713000035],[90.17834961300008,22.001192918000072],[90.18507938300007,22.01229435500005],[90.17862185400008,22.021544756000026],[90.20032567400006,22.02068481300006],[90.20252124600006,22.021971519000033],[90.20026569500004,22.02906643500006],[90.20788360000006,22.028697257000033],[90.21022515000004,22.030894187000058],[90.20687580300006,22.041382213000077],[90.21125661700006,22.049718900000073],[90.20840665800006,22.051934888000062],[90.20071123000008,22.053191836000053],[90.20003756400007,22.063025912000057],[90.19396160700006,22.058512849000067],[90.18704370600005,22.065467054000067],[90.18799763700008,22.075642515000027],[90.18550032100006,22.084138383000038],[90.18642129200003,22.085111652000023],[90.19982380300007,22.091942003000042],[90.20908240100005,22.08389649000003],[90.20568627900008,22.077626327000075],[90.20212225400007,22.07917115500004],[90.20008983300005,22.076489838000043],[90.20686660700005,22.069211723000024],[90.21283715200008,22.07193361900005],[90.21870454000003,22.063767141000028],[90.22168322500005,22.06286560800004],[90.22625718500007,22.06446100100004],[90.23301503500005,22.062144327000055],[90.23435029200004,22.058929516000035],[90.22636808500005,22.04793160400004],[90.23723504100008,22.047044104000065],[90.23927562500006,22.044512593000036],[90.22329806400006,22.037305825000033],[90.22106141600005,22.03460611500003],[90.24064166500006,22.03281452600004],[90.24082927400008,22.026643930000034],[90.24836941300003,22.020195270000045],[90.24963932200006,22.02503332400005],[90.25348520900008,22.02519794500006],[90.25026940000004,22.02724272300003],[90.25461890900004,22.032654774000036],[90.26279817100004,22.033052929000064],[90.26628617100005,22.03052976600003],[90.27429465800003,22.029725749000022],[90.27637298900004,22.030885735000027],[90.27983500400006,22.036554955000042],[90.28294747200005,22.046618299000045],[90.27898376000007,22.051541006000036],[90.28917263400007,22.056661700000063],[90.28086078600006,22.060698503000026],[90.27926313400008,22.064568850000057],[90.28842154500006,22.063843191000046],[90.29098814200006,22.071219258000042],[90.29620164700003,22.076444817000038],[90.30446526400004,22.076821231000054],[90.30828255300008,22.079889752000042],[90.31790636000005,22.082639260000064],[90.31357275100004,22.090058983000063],[90.31480874800008,22.091972757000065],[90.32537183500006,22.09304778300003],[90.32899145900006,22.085214173000054],[90.33356246600005,22.10008857400004],[90.33308700100008,22.108168293000062],[90.33762141200003,22.111495224000066],[90.34413025100008,22.109544046000053]]]]}},{"type":"Feature","id":"barguna-bamna","properties":{"canonical_id":"barguna-bamna","name_en":"Bamna","name_bn":"বামনা","district_id":"barguna","division_id":"barisal","pcode":"BD-A-02-341","parent_pcode":"BD1004","source_name":"Bamna","match_method":"exact_name_or_alias","boundary_reference_year":"2020","boundary_source":"geoBoundaries gbOpen BGD ADM3 / BBS, OCHA ROAP","source_dataset_updated":"2026-08-09"},"geometry":{"type":"Polygon","coordinates":[[[90.09429722900006,22.34549716500004],[90.09187495300006,22.344405976000075],[90.08684024400009,22.345680323000067],[90.07925928900005,22.352625339000042],[90.06995554200006,22.342219056000033],[90.06719662000006,22.341711764000024],[90.06142791500008,22.34359261700007],[90.05467864800005,22.338150196000072],[90.05085713100004,22.33691205300005],[90.04947973600008,22.333673410000074],[90.05359334900004,22.324467584000047],[90.05316826400008,22.31496478200006],[90.04927679400004,22.31488018600004],[90.04430550200004,22.31787931100007],[90.04217444000005,22.317694392000078],[90.03918747500006,22.304712290000055],[90.03290803900006,22.303907091000042],[90.03048681200005,22.297953670000027],[90.02398617100005,22.29310643900004],[90.02405321900005,22.28779848100004],[90.02024688600005,22.275279956000077],[90.02920981600005,22.259829290000027],[90.02082099900008,22.241713568000023],[90.01881796300006,22.23072320400007],[90.01086975800007,22.228576283000052],[89.99777313000004,22.228692102000025],[89.99789971100006,22.21996769900005],[90.00052892000008,22.21381641000005],[89.99977059900004,22.21236497700005],[89.99462975500006,22.21244196300006],[89.99269112500008,22.211207844000057],[89.99134172800007,22.20862929900005],[89.99194864600008,22.204760906000047],[89.99249613900008,22.206015869000055],[89.99528584900008,22.204622415000074],[90.00518728200007,22.210304201000042],[90.00789576800008,22.215668556000026],[90.01091678000006,22.217066172000045],[90.01213562100008,22.21961661200004],[90.01917117800008,22.21909589300003],[90.02346463800006,22.22379265400008],[90.02717603600007,22.22468845800006],[90.02453713400007,22.209695717000045],[90.02109662900006,22.206977405000032],[90.01532668700008,22.20540182700006],[90.01808196300004,22.199769994000064],[90.00671748200006,22.196457766000037],[90.01757566500004,22.18766475900003],[90.01976834700008,22.187546777000023],[90.02468431400007,22.189610194000068],[90.02397037800006,22.196745243000066],[90.02893884400004,22.20015238900004],[90.03803795400006,22.203933402000075],[90.05931127400004,22.208051816000022],[90.06592476800006,22.211708772000065],[90.07254742100008,22.217769734000058],[90.07742985200008,22.22612458100008],[90.07993015800008,22.23439322100006],[90.08084268300007,22.25824519200006],[90.08235606400007,22.26377317300006],[90.10116582500007,22.28649970200007],[90.10791969500008,22.300422870000034],[90.10861713000008,22.312497304000033],[90.10380924200007,22.327829649000023],[90.09429722900006,22.34549716500004]]]}},{"type":"Feature","id":"barguna-barguna-sadar","properties":{"canonical_id":"barguna-barguna-sadar","name_en":"Barguna Sadar","name_bn":"বরগুনা সদর","district_id":"barguna","division_id":"barisal","pcode":"BD-A-02-339","parent_pcode":"BD1004","source_name":"Barguna Sadar","match_method":"exact_name_or_alias","boundary_reference_year":"2020","boundary_source":"geoBoundaries gbOpen BGD ADM3 / BBS, OCHA ROAP","source_dataset_updated":"2026-08-09"},"geometry":{"type":"Polygon","coordinates":[[[90.17594501600007,22.127382690000047],[90.20277420000008,22.12395602500004],[90.20438067900005,22.125985929000024],[90.21023991800007,22.152780875000076],[90.21969339900005,22.146886437000035],[90.22320945700005,22.171239026000023],[90.22848314700008,22.180862954000077],[90.23575240200006,22.188532958000053],[90.23770454900006,22.193848263000064],[90.23617982800005,22.19468785600003],[90.23725765900008,22.198524768000027],[90.23581373100006,22.20347854700003],[90.22908790000008,22.20927381100006],[90.22495844100007,22.217121960000043],[90.21498414900003,22.224233339000023],[90.20827906900007,22.22212604500004],[90.19483761300006,22.229726474000074],[90.17906711400008,22.23558672300004],[90.15873844300006,22.249282737000044],[90.15241357600007,22.241256687000032],[90.13132740300006,22.24022145200007],[90.12969454300008,22.24177836700005],[90.11990317300007,22.244193540000026],[90.11435404700006,22.243272644000058],[90.11005538800003,22.214401730000077],[90.09756765800006,22.21606157800005],[90.08473335200006,22.210639655000023],[90.07254742100008,22.217769734000058],[90.06592476800006,22.211708772000065],[90.05931127400004,22.208051816000022],[90.03803795400006,22.203933402000075],[90.02893884400004,22.20015238900004],[90.02397037800006,22.196745243000066],[90.02468431400007,22.189610194000068],[90.02688892700007,22.189940448000073],[90.03100470500004,22.186346270000058],[90.03273377300007,22.185932324000078],[90.03961869200003,22.187443216000077],[90.05244432200004,22.182267093000064],[90.06295732300003,22.175671333000025],[90.07276240200008,22.173042743000053],[90.07634845100006,22.169919982000067],[90.07693811500008,22.165104058000054],[90.07073246200008,22.16042617200003],[90.06803458200005,22.152136219000056],[90.06549274100007,22.148981967000054],[90.03474711900003,22.128481989000022],[90.03184546600005,22.118203850000043],[90.03032846700006,22.101853910000045],[90.03478744000006,22.084068525000077],[90.03552781000008,22.070777682000028],[90.03296118000009,22.06102540100005],[90.02893332600007,22.052898708000043],[90.02518875200008,22.04797519400006],[90.01680329100003,22.04238272400005],[90.00515105100004,22.03942128500006],[89.99364971000006,22.038511007000068],[89.98703492200008,22.03516414300003],[89.98854883400008,22.022829466000076],[89.99531076000005,22.001422521000052],[90.00924407700006,21.986568228000067],[90.01174154900008,21.986668015000078],[90.01779675000006,21.982858512000064],[90.05209649500006,21.981205488000057],[90.05634125900008,21.978501874000074],[90.06086678400004,22.012731126000062],[90.06592330400008,22.026737066000067],[90.08085938300007,22.05297700500006],[90.08583832000005,22.059763109000073],[90.09658945100006,22.069366505000062],[90.11087808400003,22.07750915200006],[90.12689283300006,22.089927342000067],[90.13646999200006,22.100580929000046],[90.14400830500006,22.114548867000053],[90.15391790700005,22.122510790000035],[90.15772733100005,22.12737815400004],[90.16677856900003,22.13070005700007],[90.17594501600007,22.127382690000047]]]}},{"type":"Feature","id":"barguna-betagi","properties":{"canonical_id":"barguna-betagi","name_en":"Betagi","name_bn":"বেতাগী","district_id":"barguna","division_id":"barisal","pcode":"BD-A-02-340","parent_pcode":"BD1004","source_name":"Betagi","match_method":"exact_name_or_alias","boundary_reference_year":"2020","boundary_source":"geoBoundaries gbOpen BGD ADM3 / BBS, OCHA ROAP","source_dataset_updated":"2026-08-09"},"geometry":{"type":"Polygon","coordinates":[[[90.19048786400003,22.479527148000045],[90.18809159100005,22.480173921000073],[90.17993557000005,22.468857307000064],[90.17480769700006,22.457382015000064],[90.17696196200006,22.43837527200003],[90.17529116500003,22.43097503300004],[90.16719376400005,22.423228089000077],[90.15462313000006,22.41580013400005],[90.15346784600007,22.413109619000068],[90.14082812200007,22.404491516000064],[90.12297051000007,22.379021183000077],[90.11619408000007,22.364799271000038],[90.10120625300004,22.356048948000023],[90.09429722900006,22.34549716500004],[90.10380924200007,22.327829649000023],[90.10861713000008,22.312497304000033],[90.10791969500008,22.300422870000034],[90.10116582500007,22.28649970200007],[90.08235606400007,22.26377317300006],[90.08084268300007,22.25824519200006],[90.07993015800008,22.23439322100006],[90.07742985200008,22.22612458100008],[90.07254742100008,22.217769734000058],[90.08473335200006,22.210639655000023],[90.09756765800006,22.21606157800005],[90.11005538800003,22.214401730000077],[90.11435404700006,22.243272644000058],[90.11990317300007,22.244193540000026],[90.12969454300008,22.24177836700005],[90.13132740300006,22.24022145200007],[90.15241357600007,22.241256687000032],[90.15873844300006,22.249282737000044],[90.15679508100004,22.255892680000045],[90.15349140900008,22.260204083000076],[90.15581439700009,22.26482575600005],[90.14794252200005,22.27301426100007],[90.14666825100005,22.282362265000074],[90.14343594800005,22.28974223000006],[90.14614523600005,22.302756824000028],[90.14778435000005,22.30492074400007],[90.14620915000006,22.305864278000058],[90.14561326900008,22.31231049200005],[90.15640192300003,22.310369654000056],[90.15936653300008,22.31352396500006],[90.15833886200005,22.317577406000055],[90.15939239000005,22.32159944600005],[90.15727640000006,22.322588788000076],[90.15744715400007,22.32548975000003],[90.15629959100005,22.325559181000074],[90.15420920600008,22.32479496600007],[90.15361418500004,22.322334540000043],[90.15045227900004,22.322004931000038],[90.14974334600004,22.32902577400006],[90.14588120600007,22.334513937000054],[90.14353892000008,22.332911318000072],[90.13954456700009,22.33641360400003],[90.13827050800006,22.343101454000077],[90.14158070600007,22.341971572000034],[90.14677480900008,22.33731007700004],[90.16965149900005,22.32847709300006],[90.17080256500003,22.326285642000073],[90.17594142300004,22.324300798000024],[90.17340699800008,22.33187338500005],[90.16835483700004,22.33859030900004],[90.17793813300005,22.339405009000075],[90.18179843900003,22.34741549900008],[90.18338772200008,22.354977895000047],[90.18052482600007,22.36190866000004],[90.18657819700007,22.366343805000042],[90.18766520500003,22.395128013000033],[90.19312725900005,22.40348976100006],[90.19491935400004,22.413610663000043],[90.20077773000008,22.417395292000037],[90.21133578100006,22.41816497600007],[90.21181205000005,22.422069074000035],[90.21611323400003,22.429646399000035],[90.22384629800007,22.43950987200003],[90.22061597900006,22.446667071000036],[90.22114609800008,22.448483047000025],[90.22689114100007,22.449595303000024],[90.23035292700007,22.453288730000054],[90.23122460100006,22.45840755200004],[90.22853330400005,22.46625155600003],[90.24091153300003,22.480483088000028],[90.24182451400009,22.482471470000064],[90.24032398200006,22.485040231000028],[90.23727953900004,22.485856110000043],[90.22821129600004,22.483476307000046],[90.21971294500008,22.477047389000063],[90.21650010300004,22.477958529000034],[90.21298833000003,22.474719409000045],[90.20748005600007,22.476563613000053],[90.20379198300003,22.475154200000077],[90.20203854900006,22.47804674500003],[90.19467646500004,22.47804450900003],[90.19048786400003,22.479527148000045]]]}},{"type":"Feature","id":"barguna-pathorghata","properties":{"canonical_id":"barguna-pathorghata","name_en":"Pathorghata","name_bn":"পাথরঘাটা","district_id":"barguna","division_id":"barisal","pcode":"BD-A-02-342","parent_pcode":"BD1004","source_name":"Pathorghata","match_method":"exact_name_or_alias","boundary_reference_year":"2020","boundary_source":"geoBoundaries gbOpen BGD ADM3 / BBS, OCHA ROAP","source_dataset_updated":"2026-08-09"},"geometry":{"type":"MultiPolygon","coordinates":[[[[89.87967503300007,22.078689953000037],[89.88495401200004,22.083904708000034],[89.88474547600003,22.088159545000053],[89.88289639700008,22.09102669600003],[89.87520979800007,22.083075136000048],[89.87685282500007,22.07964381900007],[89.87967503300007,22.078689953000037]]],[[[89.88928940600005,22.158189925000045],[89.89121769100007,22.150058757000068],[89.89092844900006,22.158267821000038],[89.88928940600005,22.158189925000045]]],[[[90.06295732300003,22.175671333000025],[90.06791466100003,22.17001631900007],[90.07073246200008,22.16042617200003],[90.07693811500008,22.165104058000054],[90.07634845100006,22.169919982000067],[90.07276240200008,22.173042743000053],[90.06295732300003,22.175671333000025]]],[[[90.03100470500004,22.186346270000058],[90.02363079700007,22.187503350000043],[90.02270591400008,22.182053455000073],[90.03307375400004,22.17750989500007],[90.03902894300006,22.18042501000008],[90.04251908400005,22.17985045000006],[90.03273377300007,22.185932324000078],[90.03100470500004,22.186346270000058]]],[[[89.99194864600008,22.204760906000047],[89.99082026700006,22.198733193000066],[89.98690146900003,22.201448052000046],[89.98356620100003,22.206377719000045],[89.97889790300007,22.20264540000005],[89.97533411500007,22.203567258000078],[89.96875720100007,22.211324999000055],[89.96853047000008,22.220546541000033],[89.96747311600006,22.220623973000045],[89.96472925100005,22.21699467700006],[89.96386072500007,22.207986051000034],[89.96931087900003,22.191658860000075],[89.95882109800004,22.18271386400005],[89.95763768600006,22.171421913000074],[89.95551235400006,22.171021290000056],[89.94210999500007,22.176392297000064],[89.93497794900009,22.16596751900005],[89.93082342900004,22.16256913600006],[89.92259562000004,22.160192480000035],[89.90719307400008,22.15876038400006],[89.91165559200005,22.13621676500003],[89.91028775600006,22.108296301000053],[89.90102669800007,22.072387140000046],[89.91011776100004,22.052791326000033],[89.91700734800008,22.022580163000043],[89.92867771900006,22.011924239000052],[89.93275676500008,22.005424133000076],[89.93388684000007,22.000500432000024],[89.93578410100008,21.99935378600003],[89.93699575700003,21.984150917000022],[89.93548510900007,21.98032584300006],[89.93194968400007,21.977312485000027],[89.93635948600007,21.973872045000064],[89.93564336700007,21.97038155900003],[89.93823371600007,21.966318924000063],[89.93833954300004,21.958860832000028],[89.94226205100006,21.954416062000064],[89.95671675200003,21.946723225000028],[89.97121594000004,21.947840778000057],[89.98638446000007,21.955779154000027],[89.98202732600004,21.96357143800003],[89.98643537100008,21.961468472000035],[89.98848500700007,21.965771398000072],[89.97894965100005,22.00108610600006],[89.97164141500008,22.01509264500004],[89.97130591900003,22.02718825200003],[89.97350909000005,22.035698379000053],[89.98376319800008,22.050998397000058],[90.00789314300005,22.065245700000048],[90.01807528200004,22.073802604000036],[90.02264157300004,22.081068927000047],[90.02159097700007,22.088670515000047],[90.01348748600003,22.10310942800004],[90.01283503300004,22.11141785700005],[90.01432423200004,22.12351297400005],[90.02020105800005,22.135273016000042],[90.03588118100004,22.149373721000075],[90.06021169800005,22.16093576000003],[90.05620966000004,22.16404476300005],[90.03247265500005,22.168306167000026],[90.02333746800008,22.173566347000076],[90.01971931700007,22.177251470000044],[90.01976834700008,22.187546777000023],[90.01757566500004,22.18766475900003],[90.00671748200006,22.196457766000037],[90.01808196300004,22.199769994000064],[90.01532668700008,22.20540182700006],[90.02109662900006,22.206977405000032],[90.02453713400007,22.209695717000045],[90.02717603600007,22.22468845800006],[90.02346463800006,22.22379265400008],[90.01917117800008,22.21909589300003],[90.01213562100008,22.21961661200004],[90.01091678000006,22.217066172000045],[90.00789576800008,22.215668556000026],[90.00518728200007,22.210304201000042],[89.99528584900008,22.204622415000074],[89.99249613900008,22.206015869000055],[89.99194864600008,22.204760906000047]]]]}},{"type":"Feature","id":"barishal-agailjhara","properties":{"canonical_id":"barishal-agailjhara","name_en":"Agailjhara","name_bn":"আগৈলঝাড়া","district_id":"barishal","division_id":"barisal","pcode":"BD-A-06-327","parent_pcode":"BD1006","source_name":"Agailjhara","match_method":"exact_name_or_alias","boundary_reference_year":"2020","boundary_source":"geoBoundaries gbOpen BGD ADM3 / BBS, OCHA ROAP","source_dataset_updated":"2026-08-09"},"geometry":{"type":"Polygon","coordinates":[[[90.22204106900006,22.918432051000025],[90.22078933200004,22.925690571000075],[90.21249357200008,22.92432935200003],[90.20845736200005,22.929169916000035],[90.20362901900006,22.930943373000048],[90.20557667300005,22.93485465200007],[90.20314455100004,22.936957521000068],[90.20512443300004,22.93833823800003],[90.20180995800007,22.940928341000074],[90.20963008200005,22.948534048000056],[90.21100110700007,22.951845279000054],[90.20803971100008,22.954828562000046],[90.20445642100003,22.955248200000028],[90.20407103100007,22.95702265500006],[90.19287348000006,22.958353303000024],[90.19108118400004,22.967586047000054],[90.18763151200005,22.971224466000024],[90.18704768300006,22.98097006200004],[90.18912192500005,22.98342471500007],[90.18876612500009,22.98672801600003],[90.18354971600007,22.987329790000047],[90.18200191900007,22.990218344000027],[90.18349847100006,22.994535760000076],[90.18241260200006,22.99473292700003],[90.18441508400008,22.997467193000034],[90.19224394200006,22.997981829000025],[90.19460634000006,23.002735639000036],[90.18741665600004,23.008403787000077],[90.19027228600004,23.016048347000037],[90.18691519600009,23.018944186000056],[90.18861698400008,23.02378015200003],[90.18370009400007,23.026348615000074],[90.18543931100004,23.03024339500007],[90.18895425100004,23.03030924500007],[90.19151792700006,23.038170910000076],[90.18727332100008,23.03777005200004],[90.18628764900006,23.039209792000065],[90.18749537000008,23.041514152000047],[90.18637638700005,23.04296308200003],[90.18397901500003,23.04264125000003],[90.18501104200004,23.044508274000066],[90.18203865100008,23.04531570000006],[90.18245380400003,23.046447224000076],[90.16954248800005,23.04625890500006],[90.16681646500007,23.04362290800003],[90.15801148300005,23.043703653000023],[90.15681736800008,23.041935978000026],[90.15267671800007,23.041500213000063],[90.14309401600008,23.04531451400004],[90.13567554500008,23.043207788000075],[90.12696711800004,23.02588430900005],[90.12921162700007,23.023070822000022],[90.12667042000004,23.005699780000043],[90.09477670900009,23.006841103000056],[90.08926385500007,22.99531528500006],[90.08787131200006,22.988792164000074],[90.08539559700006,22.98855356400003],[90.08270937100008,22.983590497000023],[90.08378959700008,22.981069009000066],[90.07748507400004,22.982765440000037],[90.07486671900006,22.979069158000073],[90.07530978000005,22.976973731000044],[90.06881604500006,22.96790474000005],[90.06610059900004,22.969730673000072],[90.05824483100008,22.97128470100006],[90.05672876400007,22.96192366300005],[90.05869363700003,22.957949873000075],[90.05676279100004,22.949225272000035],[90.06086096300004,22.94274328800003],[90.05701262700006,22.932200821000038],[90.05740148500007,22.92992308500004],[90.06165357200007,22.92952288400005],[90.06811107900006,22.92563240900006],[90.09459396900007,22.92258863400008],[90.10255329900008,22.92038627000005],[90.10415710900008,22.921819310000046],[90.12700224700006,22.917927271000053],[90.13098813700003,22.91893184500003],[90.13146924300008,22.917879597000024],[90.13832328400008,22.917470652000077],[90.13724582100008,22.920627701000058],[90.14674973600006,22.919559449000076],[90.14997819700005,22.921122068000045],[90.16109350500005,22.918175831000042],[90.17628119900007,22.917319014000043],[90.17653757000005,22.91384813600007],[90.17393960700008,22.913100085000053],[90.17374189200007,22.910038478000047],[90.18377611200003,22.906400764000068],[90.18860064100005,22.902967426000032],[90.19268290800005,22.907693308000034],[90.20435904100003,22.90029884000006],[90.20686456800007,22.901633137000033],[90.20813536400004,22.90531831100003],[90.20706984700007,22.909596543000077],[90.21592657700006,22.910180404000073],[90.21842966800006,22.92027087200006],[90.22204106900006,22.918432051000025]]]}},{"type":"Feature","id":"barishal-babuganj","properties":{"canonical_id":"barishal-babuganj","name_en":"Babuganj","name_bn":"বাবুগঞ্জ","district_id":"barishal","division_id":"barisal","pcode":"BD-A-06-323","parent_pcode":"BD1006","source_name":"Babuganj","match_method":"exact_name_or_alias","boundary_reference_year":"2020","boundary_source":"geoBoundaries gbOpen BGD ADM3 / BBS, OCHA ROAP","source_dataset_updated":"2026-08-09"},"geometry":{"type":"Polygon","coordinates":[[[90.36102229700003,22.919819929000028],[90.35618002000007,22.917341005000026],[90.34953096100008,22.91064444700004],[90.34073908200008,22.927803488000052],[90.33711292000004,22.931740234000074],[90.33049247600007,22.933985991000043],[90.32712434700005,22.932860393000055],[90.32291564700006,22.930173074000038],[90.31103958500006,22.917548166000074],[90.30892797900003,22.902077279000025],[90.29922206800006,22.88531770900005],[90.28588523300004,22.86292652800006],[90.28577604900005,22.858203278000076],[90.27938481300004,22.846678134000058],[90.27502304900008,22.834540575000062],[90.26176730000003,22.81641401400003],[90.25553073900005,22.81057596100004],[90.25729485000005,22.807863586000053],[90.26126557700007,22.80626324900004],[90.26133952800006,22.793942311000023],[90.24973952900007,22.77411016600007],[90.24907096700008,22.76771420600005],[90.25067331900004,22.763996861000066],[90.24498204500009,22.762585985000044],[90.24468091200004,22.754510565000032],[90.25545720100007,22.752445012000067],[90.26326786000004,22.742400640000028],[90.26427163300008,22.736381092000045],[90.26888085100006,22.73368699300005],[90.27576287900007,22.738393143000053],[90.27788112600007,22.742595529000027],[90.28226751300008,22.74257880600004],[90.28270076400008,22.745759891000034],[90.28695880300006,22.747489318000078],[90.28768473400004,22.745604480000054],[90.28923739300006,22.74608102800005],[90.29057088400003,22.749709320000022],[90.29159804500006,22.748369611000044],[90.29325853800003,22.74972191200004],[90.29724017500007,22.746256896000034],[90.30359256900005,22.75448747100006],[90.30929349100006,22.75644070100003],[90.30882009900006,22.763856876000034],[90.31489110400008,22.76542478600004],[90.31466720900005,22.76788098000003],[90.31741376800005,22.762934679000068],[90.32415584600005,22.76351594600004],[90.32584057600008,22.771792171000072],[90.33770536200007,22.766435385000023],[90.34974828900005,22.766611303000047],[90.35755746900008,22.76514269200004],[90.36809870000008,22.757729201000075],[90.37046305000007,22.754510570000036],[90.37509286300008,22.753447908000055],[90.37881064400005,22.760317420000035],[90.38054008300008,22.76707838300007],[90.37991021400006,22.77135336300006],[90.36159764200005,22.80444517600006],[90.36082564100008,22.80637080300005],[90.36220110200009,22.808805067000037],[90.35278158700004,22.823946196000065],[90.34983951600003,22.83410362500007],[90.35425105000007,22.835858813000073],[90.35831402900004,22.832635461000052],[90.36131682400008,22.842272028000025],[90.35414712100004,22.853594217000023],[90.34935721600004,22.869441202000075],[90.34720832800008,22.882638274000044],[90.35300939600006,22.886240610000073],[90.35818578900006,22.892252701000075],[90.36304098500005,22.908153086000027],[90.36102229700003,22.919819929000028]]]}},{"type":"Feature","id":"barishal-bakerganj","properties":{"canonical_id":"barishal-bakerganj","name_en":"Bakerganj","name_bn":"বাকেরগঞ্জ","district_id":"barishal","division_id":"barisal","pcode":"BD-A-06-322","parent_pcode":"BD1006","source_name":"Bakerganj","match_method":"exact_name_or_alias","boundary_reference_year":"2020","boundary_source":"geoBoundaries gbOpen BGD ADM3 / BBS, OCHA ROAP","source_dataset_updated":"2026-08-09"},"geometry":{"type":"MultiPolygon","coordinates":[[[[90.55434603800006,22.59263991200004],[90.55079760700005,22.59832104000003],[90.54240957800005,22.60490437900006],[90.54187908800003,22.60282673000006],[90.54677855600005,22.592538534000028],[90.55434603800006,22.59263991200004]]],[[[90.53437803600008,22.611412140000027],[90.53705631400004,22.60704952800006],[90.53991319500005,22.60704897900007],[90.53437803600008,22.611412140000027]]],[[[90.52684443600003,22.615049390000024],[90.52242180700006,22.615313404000062],[90.52325214400008,22.578365071000064],[90.52767540300005,22.57729902400007],[90.53375397700006,22.578569643000037],[90.53149585600005,22.582512159000032],[90.53137123600004,22.583468734000064],[90.53297570600006,22.58250725700003],[90.53119118100005,22.586934891000055],[90.53034998400005,22.585742679000077],[90.52939512600005,22.58837492300006],[90.52845216700007,22.594293698000058],[90.52978738900003,22.589986993000025],[90.53153276800003,22.592132380000066],[90.53094384200006,22.589505236000036],[90.53318146400005,22.585733306000066],[90.53544714300006,22.58925117600006],[90.53457702200006,22.58372854600003],[90.53799536600008,22.58987191700004],[90.53525901700004,22.59500909600007],[90.53364627900004,22.60395359300003],[90.52740632700005,22.61488098600006],[90.52684443600003,22.615049390000024]]],[[[90.47268125700003,22.653799380000066],[90.46988863400009,22.654202816000065],[90.46787108700005,22.651940977000038],[90.46532125800007,22.65218073500006],[90.45990384400005,22.649133660000075],[90.44869057300008,22.64840688700008],[90.44583575900003,22.652900662000036],[90.44851716200003,22.66131232200007],[90.44543008800008,22.663292542000022],[90.43478113600008,22.665153945000043],[90.43436645300005,22.647050627000056],[90.43106137200004,22.645412302000068],[90.42691764300008,22.648524504000022],[90.42328694800005,22.656335617000025],[90.40460632000008,22.668991591000065],[90.40184320600008,22.665502486000037],[90.39886507200004,22.655765332000044],[90.40186796700004,22.64161349500006],[90.40047479000003,22.636072219000027],[90.39781934100006,22.635063373000037],[90.38547778800006,22.640588597000033],[90.37393689500004,22.632830202000036],[90.36906910500005,22.63141470000005],[90.35426754100007,22.636700674000053],[90.34382428400005,22.629507354000054],[90.35471540100008,22.626583218000064],[90.37973142700008,22.60977048500007],[90.38355297700008,22.604751861000068],[90.38474897500004,22.59550993000005],[90.37980663000008,22.591743289000078],[90.37445947800006,22.59310245200004],[90.36188811500006,22.60061412300007],[90.35740411100005,22.606987665000077],[90.34989484300007,22.613624886000025],[90.34632266900007,22.613412435000043],[90.33909131200005,22.60600825800003],[90.34966854000004,22.600599982000062],[90.35398825500005,22.596737012000062],[90.35901527800007,22.59067570800005],[90.36344569900007,22.58055713300007],[90.35684492900003,22.575003388000027],[90.35106778500005,22.567019144000028],[90.34898738300006,22.568458088000057],[90.34693835400003,22.575890921000052],[90.34182160900008,22.57663814800003],[90.33218323700004,22.58297954300008],[90.32487628800004,22.581744136000054],[90.31773040600007,22.57565630700003],[90.31120364100008,22.57832363700004],[90.30881958600008,22.56626400700003],[90.30481301700007,22.55923704500003],[90.30311566700004,22.559206378000056],[90.29726636900006,22.56431413000007],[90.29224540500007,22.56515360900005],[90.28286484000006,22.56122170900005],[90.28105710300008,22.557727330000034],[90.28418214500005,22.55496337900007],[90.28463712000007,22.551243975000034],[90.27906016400004,22.542624622000062],[90.27319541900005,22.542457676000026],[90.26986339600006,22.540652271000056],[90.25754194000007,22.527134470000078],[90.24267658100007,22.51849310800003],[90.23045744900008,22.50746555300003],[90.22226641500004,22.503636751000045],[90.20961740600006,22.501368656000068],[90.19908228800006,22.492360666000025],[90.19048786400003,22.479527148000045],[90.19467646500004,22.47804450900003],[90.20203854900006,22.47804674500003],[90.20379198300003,22.475154200000077],[90.20748005600007,22.476563613000053],[90.21298833000003,22.474719409000045],[90.21650010300004,22.477958529000034],[90.21971294500008,22.477047389000063],[90.22821129600004,22.483476307000046],[90.23727953900004,22.485856110000043],[90.24032398200006,22.485040231000028],[90.24182451400009,22.482471470000064],[90.24091153300003,22.480483088000028],[90.22853330400005,22.46625155600003],[90.23122460100006,22.45840755200004],[90.23035292700007,22.453288730000054],[90.25257536400005,22.46057901300003],[90.26139442800007,22.461051960000077],[90.26365781000004,22.46260806500004],[90.26768444400005,22.470302685000036],[90.27260402000007,22.474579972000072],[90.27474003100008,22.473604624000075],[90.27386790300005,22.469427860000053],[90.27783795300007,22.46999783800004],[90.27953708900009,22.47327934200007],[90.28061557400008,22.468810417000043],[90.28497289200004,22.46802754400005],[90.285752,22.46668263400005],[90.28800840700006,22.468509709000045],[90.29262840900003,22.46873486800007],[90.29494619300004,22.474242538000055],[90.298893,22.474921293000023],[90.30733054000007,22.472725129000025],[90.31105784000005,22.481746358000066],[90.31564656400008,22.483778562000055],[90.32229008700006,22.48074128500008],[90.32394261600007,22.477585668000074],[90.32140561500006,22.47790665100007],[90.32964358900006,22.469247860000053],[90.33298985100004,22.467752633000032],[90.33635874300006,22.468615168000042],[90.34174095700007,22.473430273000076],[90.34160357200005,22.47711276900003],[90.35454327200006,22.48742762200004],[90.35411442500003,22.491293133000056],[90.35797118700003,22.491867869000032],[90.36051942200004,22.50191755700007],[90.36427318000005,22.504340096000078],[90.37136384600007,22.501309391000063],[90.39183348500006,22.484785533000036],[90.40397210100008,22.483666137000057],[90.40990596900008,22.48129160700006],[90.41978130200005,22.47000341100005],[90.42449199500004,22.462036972000078],[90.42722016400006,22.460445723000078],[90.43634858600007,22.473428194000064],[90.43944291800005,22.480614467000066],[90.44065084000005,22.486787829000036],[90.43736944600005,22.499217826000063],[90.43940305100006,22.50859060700003],[90.44453408200008,22.51821342200003],[90.45717520100004,22.535725163000052],[90.46211673300007,22.536129428000038],[90.46838825900005,22.53277865900003],[90.47723111400006,22.532304660000023],[90.48821304800003,22.53695039200005],[90.49511410400004,22.543618839000032],[90.50119377600004,22.54685895700004],[90.50478702400005,22.544261800000072],[90.50704782700006,22.534848818000057],[90.51239357400004,22.534085469000047],[90.52872329200005,22.547250751000036],[90.52770020300005,22.55138423300008],[90.52112084000004,22.550289732000067],[90.51350593800004,22.552191272000073],[90.51280425700008,22.55542619000005],[90.51546616800005,22.55967935800004],[90.52129009900005,22.559099643000025],[90.53937144400004,22.563341197000057],[90.52829323400005,22.571589650000078],[90.51641962200006,22.576073971000028],[90.51131506000007,22.580679435000036],[90.49762511100005,22.580910149000033],[90.47748023000008,22.578913551000028],[90.47703655100008,22.585491457000046],[90.49692346000006,22.586327493000056],[90.49421466800004,22.584603061000053],[90.49923097600004,22.58382109400003],[90.50685448300004,22.58739886500007],[90.50929557100005,22.593318686000032],[90.51093648700004,22.605455644000074],[90.50858871500003,22.61987694800007],[90.48940597500007,22.63104665800006],[90.48432482200008,22.637780339000074],[90.47798889500007,22.639057858000058],[90.47894267200007,22.654155408000065],[90.47502657500007,22.65422832200005],[90.47260346100006,22.650798163000047],[90.47268125700003,22.653799380000066]]]]}},{"type":"Feature","id":"barishal-banaripara","properties":{"canonical_id":"barishal-banaripara","name_en":"Banaripara","name_bn":"বানারীপাড়া","district_id":"barishal","division_id":"barisal","pcode":"BD-A-06-325","parent_pcode":"BD1006","source_name":"Banaripara","match_method":"exact_name_or_alias","boundary_reference_year":"2020","boundary_source":"geoBoundaries gbOpen BGD ADM3 / BBS, OCHA ROAP","source_dataset_updated":"2026-08-09"},"geometry":{"type":"Polygon","coordinates":[[[90.19884881100006,22.785163313000055],[90.20339820600003,22.783679434000078],[90.20515819100007,22.784869069000024],[90.20381451800006,22.787862648000043],[90.21126819600005,22.790550929000062],[90.21225505400008,22.80102787800007],[90.22068829200003,22.816401375000055],[90.22050997700006,22.820268886000065],[90.21832223400008,22.823908800000027],[90.21156112700004,22.824891299000058],[90.21152872300007,22.82678418100005],[90.20411614700004,22.82991244400006],[90.20085940700005,22.828776364000078],[90.19869481400008,22.825317767000058],[90.19524145800005,22.82501150300004],[90.19449551200006,22.82857140400006],[90.18916020400007,22.83174610900005],[90.18402611100004,22.832084674000043],[90.17749626800008,22.83811472600007],[90.15887849900008,22.843750512000042],[90.14449235300003,22.853005102000054],[90.12992654200008,22.856047888000035],[90.12985915300004,22.860461456000053],[90.12804646800004,22.861571807000075],[90.11765667000003,22.86234656000005],[90.11635395600007,22.85933365900007],[90.11865801000005,22.85817226100005],[90.11923348900007,22.848453853000024],[90.11749559200007,22.84257590900006],[90.11088726300005,22.844338265000033],[90.10680724500008,22.847362823000026],[90.10305248200007,22.847315612000045],[90.09878497600005,22.845425759000022],[90.09820431700007,22.842726739000057],[90.09588740700008,22.841936573000055],[90.09491035100007,22.834534607000023],[90.09781438200008,22.832404284000063],[90.09787632700005,22.823198330000025],[90.09320892200003,22.824505937000026],[90.09569036300007,22.829332985000065],[90.09348913300005,22.828566425000076],[90.09181129800004,22.82984059000006],[90.09146238500006,22.833647368000072],[90.09021037800005,22.834190104000072],[90.08704968300003,22.833832209000036],[90.08375986200008,22.830474562000063],[90.08203095200008,22.83209475500007],[90.07954893900006,22.83130274100006],[90.07639572400007,22.832716365000067],[90.07474059500004,22.824090519000038],[90.07335449700008,22.825558013000034],[90.07482326200005,22.83046941300006],[90.07186100100006,22.830771148000053],[90.07074506800006,22.83482665300005],[90.07731376200007,22.846892621000052],[90.07270653400008,22.84754804000005],[90.07013183700008,22.85594036200007],[90.05090133400006,22.863384651000047],[90.03474983700005,22.865680164000025],[90.03438144200004,22.838665556000024],[90.02774382900003,22.81754601700004],[90.03723066600008,22.818238834000056],[90.04387778200004,22.824430326000027],[90.05444488400008,22.826900047000038],[90.05159824700007,22.817944623000074],[90.05453646800004,22.812918067000055],[90.05112584600005,22.810401326000033],[90.06064161800003,22.80714189100007],[90.06818319600006,22.800847409000028],[90.07672675900005,22.78482019000006],[90.08723459900006,22.78368049000005],[90.09422198200008,22.785303723000027],[90.10068015800005,22.78206399900006],[90.09828589600005,22.777280418000032],[90.09902288400008,22.775514991000023],[90.10543247200007,22.774368113000037],[90.10790945500008,22.77569075200006],[90.10845033400005,22.77825851700004],[90.11466776500004,22.778079423000065],[90.12185110400009,22.774744876000057],[90.12268734500003,22.770620885000028],[90.12741056700008,22.769742321000024],[90.12947870200009,22.771569431000046],[90.13241639000006,22.76745101000006],[90.13444290600006,22.76684800700008],[90.13693768100006,22.768776854000066],[90.14143561500003,22.768620488000067],[90.14066548300008,22.759751417000075],[90.14447555600003,22.75706357000007],[90.14612962500007,22.758205968000027],[90.15106893900008,22.757275974000038],[90.15173208400006,22.762947144000066],[90.16152861800003,22.759190497000077],[90.16679783800004,22.760524619000023],[90.16480232200007,22.75150166800006],[90.16797509000008,22.74744134900004],[90.17153961600008,22.747711115000072],[90.17369010400006,22.75260820400007],[90.17715254900008,22.752680061000035],[90.17661285400004,22.757869713000048],[90.18000695300003,22.75794779000006],[90.18547710800004,22.76529953100004],[90.18082442200006,22.766169286000036],[90.18111454200005,22.775871489000053],[90.18484509200005,22.780175460000066],[90.18982311000008,22.78021873800003],[90.19035639500004,22.78256151100004],[90.18884361000005,22.78434634100006],[90.19169130300008,22.786409977000062],[90.19524562900006,22.78454867000005],[90.19884881100006,22.785163313000055]]]}},{"type":"Feature","id":"barishal-barishal-sadar","properties":{"canonical_id":"barishal-barishal-sadar","name_en":"Barishal Sadar","name_bn":"বরিশাল সদর","district_id":"barishal","division_id":"barisal","pcode":"BD-A-06-321","parent_pcode":"BD1006","source_name":"Barisal Sadar","match_method":"exact_name_or_alias","boundary_reference_year":"2020","boundary_source":"geoBoundaries gbOpen BGD ADM3 / BBS, OCHA ROAP","source_dataset_updated":"2026-08-09"},"geometry":{"type":"MultiPolygon","coordinates":[[[[90.52684443600003,22.615049390000024],[90.52524873700008,22.621632557000055],[90.52576639800003,22.64068852200006],[90.52033414500005,22.637316359000067],[90.52242180700006,22.615313404000062],[90.52684443600003,22.615049390000024]]],[[[90.52517179200004,22.68392405000003],[90.52545504200003,22.684806722000076],[90.51947180400003,22.686489562000077],[90.52026457600005,22.676317952000034],[90.51857858400007,22.652660642000058],[90.52167838600008,22.641512645000034],[90.52352798800007,22.640359343000057],[90.52619606000007,22.64250654700004],[90.52809011900007,22.655214054000055],[90.52517179200004,22.68392405000003]]],[[[90.50858871500003,22.61987694800007],[90.50323880000008,22.65481297300005],[90.49781757700003,22.66496511300005],[90.50307572300005,22.658973205000052],[90.50578876700007,22.67602951600003],[90.50532343700007,22.685521102000052],[90.49672352500005,22.685516114000052],[90.49102878000008,22.687333919000025],[90.48863390500009,22.679103686000076],[90.48498579300008,22.676339464000023],[90.48394478600005,22.67217499000003],[90.48000246700008,22.668529625000076],[90.47981736200006,22.66358593600006],[90.47502657500007,22.65422832200005],[90.47894267200007,22.654155408000065],[90.47798889500007,22.639057858000058],[90.48432482200008,22.637780339000074],[90.48940597500007,22.63104665800006],[90.50858871500003,22.61987694800007]]],[[[90.45752385400004,22.754925737000065],[90.45738832900008,22.76066245800007],[90.45235819100003,22.767034459000058],[90.44183062600007,22.763287614000035],[90.44279862800005,22.759890836000068],[90.45752385400004,22.754925737000065]]],[[[90.43372204600007,22.781033485000023],[90.43993352700005,22.766495546000044],[90.44462286500004,22.766004622000025],[90.44793074600005,22.768863542000076],[90.44831331800003,22.775459246000025],[90.44076646800005,22.783773377000045],[90.43686351000008,22.78091990000007],[90.43372204600007,22.781033485000023]]],[[[90.47220536400005,22.797031064000066],[90.46202670600007,22.801170573000036],[90.45680185000003,22.79717924700003],[90.45451842800009,22.791712],[90.44631968300007,22.78736403100004],[90.45198350700008,22.778603872000076],[90.45427808400007,22.78717162600003],[90.45392907200005,22.774439517000076],[90.46308174800004,22.767529640000078],[90.47415461800006,22.754207051000037],[90.47581573700006,22.75766875000005],[90.48032942400005,22.75877907100005],[90.48384633900008,22.766899227000067],[90.48273454600007,22.77172030400004],[90.48533156100007,22.77869959700007],[90.48691346500004,22.78043401900004],[90.49232855300005,22.780874162000032],[90.49173924200005,22.781746586000054],[90.48720739700008,22.785020185000064],[90.47033798500007,22.784681230000047],[90.46097259500004,22.788132846000053],[90.46481365600005,22.791561793000028],[90.47538436700006,22.795181601000024],[90.47628515000008,22.79768092300003],[90.47400179800007,22.79862551800005],[90.47358393100006,22.79700354700003],[90.47220536400005,22.797031064000066]]],[[[90.26888085100006,22.73368699300005],[90.27053855300005,22.73165865800007],[90.27267716500006,22.71955316900005],[90.26786336700007,22.71473303500005],[90.26990641300006,22.705725741000037],[90.27193308800008,22.70520371400005],[90.27314531800005,22.701518123000028],[90.27357124300005,22.691378090000057],[90.27525363900008,22.68889966200004],[90.28992802500005,22.680059592000077],[90.29940798900003,22.68559256700007],[90.31989436300006,22.67336472200003],[90.32157817500007,22.670759506000024],[90.32052445800008,22.663544169000033],[90.31517878700004,22.66024009100005],[90.31719697400007,22.652769156000033],[90.32255790500005,22.646271651000063],[90.32609210600003,22.646906054000056],[90.32461591200007,22.655997703000025],[90.32711994600004,22.65934293600003],[90.33617252200008,22.659224167000048],[90.34982020000007,22.651657154000077],[90.35630373100008,22.650057441000058],[90.36397494800008,22.65208551300003],[90.37091489400007,22.650836492000053],[90.37413103000006,22.647022406000076],[90.37468902600006,22.641262346000076],[90.36906910500005,22.63141470000005],[90.37393689500004,22.632830202000036],[90.38547778800006,22.640588597000033],[90.39781934100006,22.635063373000037],[90.40047479000003,22.636072219000027],[90.40186796700004,22.64161349500006],[90.39886507200004,22.655765332000044],[90.40184320600008,22.665502486000037],[90.40460632000008,22.668991591000065],[90.42328694800005,22.656335617000025],[90.42691764300008,22.648524504000022],[90.43106137200004,22.645412302000068],[90.43436645300005,22.647050627000056],[90.43478113600008,22.665153945000043],[90.44543008800008,22.663292542000022],[90.44851716200003,22.66131232200007],[90.44583575900003,22.652900662000036],[90.44869057300008,22.64840688700008],[90.45990384400005,22.649133660000075],[90.46532125800007,22.65218073500006],[90.46787108700005,22.651940977000038],[90.46988863400009,22.654202816000065],[90.47268125700003,22.653799380000066],[90.47753901900006,22.66568404000003],[90.47827449500005,22.673569374000067],[90.48543218100008,22.67887882900004],[90.49033118600005,22.690842804000056],[90.49262323000005,22.693028962000028],[90.48879876100006,22.69676875700003],[90.48491343200004,22.69779912000007],[90.48418930400004,22.700741762000064],[90.47364791500007,22.708542805000036],[90.46967047900006,22.714458862000072],[90.47106036800005,22.715669516000048],[90.46860393100008,22.723126653000065],[90.48143596600005,22.730561582000064],[90.47828617700009,22.737037403000045],[90.46407271700008,22.749094005000075],[90.45285703900004,22.755101641000067],[90.43756539400005,22.756801651000046],[90.43660392000004,22.758456023000065],[90.43213835800003,22.758213252000075],[90.43101045900005,22.76001370800003],[90.43628080700006,22.763102722000042],[90.43711729000006,22.766733357000078],[90.43042653700007,22.78173206500003],[90.40709764100006,22.790529913000057],[90.39067331900009,22.80385602700005],[90.38467353500005,22.816414044000055],[90.37685211600007,22.814380974000073],[90.36820461900004,22.80900021700006],[90.36220110200009,22.808805067000037],[90.36082564100008,22.80637080300005],[90.36159764200005,22.80444517600006],[90.37991021400006,22.77135336300006],[90.38054008300008,22.76707838300007],[90.37881064400005,22.760317420000035],[90.37509286300008,22.753447908000055],[90.37046305000007,22.754510570000036],[90.36809870000008,22.757729201000075],[90.35755746900008,22.76514269200004],[90.34974828900005,22.766611303000047],[90.33770536200007,22.766435385000023],[90.32584057600008,22.771792171000072],[90.32415584600005,22.76351594600004],[90.31741376800005,22.762934679000068],[90.31466720900005,22.76788098000003],[90.31489110400008,22.76542478600004],[90.30882009900006,22.763856876000034],[90.30929349100006,22.75644070100003],[90.30359256900005,22.75448747100006],[90.29724017500007,22.746256896000034],[90.29325853800003,22.74972191200004],[90.29159804500006,22.748369611000044],[90.29057088400003,22.749709320000022],[90.28923739300006,22.74608102800005],[90.28768473400004,22.745604480000054],[90.28695880300006,22.747489318000078],[90.28270076400008,22.745759891000034],[90.28226751300008,22.74257880600004],[90.27788112600007,22.742595529000027],[90.27576287900007,22.738393143000053],[90.26888085100006,22.73368699300005]]]]}},{"type":"Feature","id":"barishal-gournadi","properties":{"canonical_id":"barishal-gournadi","name_en":"Gournadi","name_bn":"গৌরনদী","district_id":"barishal","division_id":"barisal","pcode":"BD-A-06-326","parent_pcode":"BD1006","source_name":"Gournadi","match_method":"exact_name_or_alias","boundary_reference_year":"2020","boundary_source":"geoBoundaries gbOpen BGD ADM3 / BBS, OCHA ROAP","source_dataset_updated":"2026-08-09"},"geometry":{"type":"Polygon","coordinates":[[[90.22204106900006,22.918432051000025],[90.22678747200007,22.91544370200006],[90.22989346100007,22.90100301700005],[90.23287029300008,22.90052780900004],[90.23390045800005,22.898357671000042],[90.23757573200004,22.898305358000073],[90.23825026700007,22.896163388000048],[90.24151732700005,22.897916054000063],[90.23959983500004,22.895322930000077],[90.24092353300006,22.890538208000066],[90.24333910300004,22.89053735300007],[90.24325216100004,22.891674588000058],[90.25114200300004,22.896735242000034],[90.25329341700007,22.896524622000072],[90.25316575700003,22.893409933000044],[90.25505608700007,22.893737766000072],[90.25645598300008,22.892182868000077],[90.25754395300004,22.89455919900007],[90.25865414100008,22.893526438000038],[90.26487067400006,22.89548721500006],[90.26600790300006,22.893033829000046],[90.26735619100003,22.896308498000053],[90.27483954800005,22.899285280000072],[90.27607114200003,22.898365111000032],[90.27412527600006,22.897750244000065],[90.27400878800006,22.895580129000052],[90.27652169300006,22.896056250000072],[90.28138055000005,22.891675478000025],[90.29454231400007,22.888173150000057],[90.29922206800006,22.88531770900005],[90.30892797900003,22.902077279000025],[90.31103958500006,22.917548166000074],[90.32291564700006,22.930173074000038],[90.32712434700005,22.932860393000055],[90.33049247600007,22.933985991000043],[90.33711292000004,22.931740234000074],[90.34073908200008,22.927803488000052],[90.34953096100008,22.91064444700004],[90.35618002000007,22.917341005000026],[90.36102229700003,22.919819929000028],[90.35467730000005,22.93220389100003],[90.35266244600007,22.94151794000004],[90.32162561100006,22.950463220000074],[90.31219577600007,22.94998126100006],[90.30378904000008,22.95307800100005],[90.29846298700005,22.956640529000026],[90.29273803600006,22.96365666500003],[90.29086692200008,22.97252138500005],[90.28236107900005,22.974900711000032],[90.27602815900008,22.973989884000048],[90.25661011000005,22.964319400000022],[90.25544873000007,22.96535278600004],[90.25880315800003,22.972933225000077],[90.25085906900006,22.975399716000027],[90.24545491400005,22.973438874000067],[90.23937345700006,22.966263715000025],[90.23602389900003,22.96814714100003],[90.23005153200006,22.979068389000076],[90.22948263600006,22.984136439000054],[90.23121601200006,22.995259218000058],[90.23485203400008,23.00378824200004],[90.23269539700004,23.01796435600005],[90.23401531800005,23.026972708000073],[90.23836489700005,23.03671611200008],[90.23749714700006,23.04142721900007],[90.23627819400008,23.045237760000077],[90.23182457000007,23.04624536600005],[90.22559759400008,23.052695199000027],[90.22624307600006,23.05725276100003],[90.22211969300008,23.060504990000027],[90.22060348800005,23.065180206000036],[90.21626409600003,23.06656379700007],[90.21376615300005,23.06989995600003],[90.20474901500006,23.06293867000005],[90.20301261500003,23.063203443000077],[90.20396347300004,23.057288155000037],[90.20116755500004,23.05378790000003],[90.19939724800008,23.05581137000007],[90.19766985400008,23.054249629000026],[90.19475602700004,23.054511827000056],[90.19301673500007,23.05824928000004],[90.18818221300006,23.057263126000066],[90.18662094100006,23.059949033000066],[90.18468793400007,23.060108257000024],[90.18331626000008,23.05847198200007],[90.18031728800008,23.060860819000027],[90.18062916700006,23.063675502000024],[90.17750264800009,23.06175210400005],[90.17261038100008,23.06645151300006],[90.16497433300003,23.067623285000025],[90.16176151000008,23.064344087000052],[90.15779506000007,23.062941703000035],[90.16004839200008,23.059104184000034],[90.15503667200005,23.052650836000055],[90.14866503700006,23.054885956000078],[90.14317187500006,23.053464872000063],[90.14013845600005,23.054396904000043],[90.13690366700007,23.052925593000055],[90.13532309300007,23.049785007000025],[90.14345593300004,23.04890554700006],[90.14309401600008,23.04531451400004],[90.15267671800007,23.041500213000063],[90.15681736800008,23.041935978000026],[90.15801148300005,23.043703653000023],[90.16681646500007,23.04362290800003],[90.16954248800005,23.04625890500006],[90.18245380400003,23.046447224000076],[90.18203865100008,23.04531570000006],[90.18501104200004,23.044508274000066],[90.18397901500003,23.04264125000003],[90.18637638700005,23.04296308200003],[90.18749537000008,23.041514152000047],[90.18628764900006,23.039209792000065],[90.18727332100008,23.03777005200004],[90.19151792700006,23.038170910000076],[90.18895425100004,23.03030924500007],[90.18543931100004,23.03024339500007],[90.18370009400007,23.026348615000074],[90.18861698400008,23.02378015200003],[90.18691519600009,23.018944186000056],[90.19027228600004,23.016048347000037],[90.18741665600004,23.008403787000077],[90.19460634000006,23.002735639000036],[90.19224394200006,22.997981829000025],[90.18441508400008,22.997467193000034],[90.18241260200006,22.99473292700003],[90.18349847100006,22.994535760000076],[90.18200191900007,22.990218344000027],[90.18354971600007,22.987329790000047],[90.18876612500009,22.98672801600003],[90.18912192500005,22.98342471500007],[90.18704768300006,22.98097006200004],[90.18763151200005,22.971224466000024],[90.19108118400004,22.967586047000054],[90.19287348000006,22.958353303000024],[90.20407103100007,22.95702265500006],[90.20445642100003,22.955248200000028],[90.20803971100008,22.954828562000046],[90.21100110700007,22.951845279000054],[90.20963008200005,22.948534048000056],[90.20180995800007,22.940928341000074],[90.20512443300004,22.93833823800003],[90.20314455100004,22.936957521000068],[90.20557667300005,22.93485465200007],[90.20362901900006,22.930943373000048],[90.20845736200005,22.929169916000035],[90.21249357200008,22.92432935200003],[90.22078933200004,22.925690571000075],[90.22204106900006,22.918432051000025]]]}},{"type":"Feature","id":"barishal-hizla","properties":{"canonical_id":"barishal-hizla","name_en":"Hizla","name_bn":"হিজলা","district_id":"barishal","division_id":"barisal","pcode":"BD-A-06-330","parent_pcode":"BD1006","source_name":"Hizla","match_method":"exact_name_or_alias","boundary_reference_year":"2020","boundary_source":"geoBoundaries gbOpen BGD ADM3 / BBS, OCHA ROAP","source_dataset_updated":"2026-08-09"},"geometry":{"type":"MultiPolygon","coordinates":[[[[90.50226553300007,22.872548223000024],[90.50414887100004,22.872558638000044],[90.50340302100005,22.873362152000027],[90.50226553300007,22.872548223000024]]],[[[90.50389418500004,22.87371402900004],[90.50877509200006,22.871394407000025],[90.51494869900006,22.872631882000064],[90.52339477800007,22.88047240900005],[90.52346578100008,22.882145611000055],[90.51346289300005,22.879501512000047],[90.50389418500004,22.87371402900004]]],[[[90.59286225800008,22.875845199000025],[90.57306726700006,22.87810268800007],[90.55257606200007,22.88811810900006],[90.53671634000005,22.889319673000045],[90.53279275500006,22.888711262000072],[90.52592243900006,22.883690683000054],[90.52520146500007,22.88064599200004],[90.51615804900007,22.871966266000072],[90.52719338300005,22.876556872000037],[90.52551055900005,22.87910703400007],[90.52749625500007,22.880986746000076],[90.53479419400009,22.883660530000043],[90.53824894700006,22.88346651300003],[90.54411715000003,22.888141070000074],[90.54555620200006,22.887319749000028],[90.54391222500004,22.883048646000077],[90.54510744900006,22.880384226000047],[90.56137296800006,22.875602067000045],[90.56815790700006,22.86677609900005],[90.57410136300007,22.867110453000066],[90.57586760700008,22.865234732000033],[90.58424915800003,22.866125578000037],[90.58413922300008,22.87332950800004],[90.59286225800008,22.875845199000025]]],[[[90.60649651200004,22.88849349000003],[90.60328096000006,22.89634549400006],[90.60193542800005,22.896756528000026],[90.59920104200006,22.89091158800005],[90.59969450100004,22.88589060000004],[90.60060567200009,22.887739553000074],[90.60103959400004,22.884987271000057],[90.60649651200004,22.88849349000003]]],[[[90.68459075900006,22.90319747600006],[90.68913545500004,22.903749180000034],[90.68711768000009,22.90616413200007],[90.68459075900006,22.90319747600006]]],[[[90.59693382200004,22.911011289000044],[90.59406198000005,22.91196320800003],[90.58320806700004,22.907797294000034],[90.57520672700008,22.906918051000048],[90.56574011100008,22.901263303000064],[90.56034922000003,22.89516401000003],[90.56861974800006,22.898822497000026],[90.56743238700005,22.89700313700007],[90.56851645900008,22.896117950000075],[90.56497502800005,22.895458158000054],[90.56451730600008,22.893966461000048],[90.56772292900007,22.889353689000075],[90.57218220200008,22.88950312700007],[90.56952667700006,22.888929447000066],[90.56996346300008,22.887003780000043],[90.58341320300008,22.88336989800007],[90.59691187300007,22.883570475000056],[90.59798690100007,22.893485570000053],[90.60123576100005,22.90060735700007],[90.59693382200004,22.911011289000044]]],[[[90.67589080200008,22.92088724900003],[90.66550384400006,22.92848341900003],[90.66646349900003,22.924177343000053],[90.67042876300007,22.922535244000073],[90.66995517400005,22.92067301900005],[90.66768582100008,22.920873968000024],[90.66726136300008,22.91858132300007],[90.66898785900008,22.912837985000067],[90.67099363800008,22.911490919000073],[90.67113267000008,22.90828806600007],[90.67279608300004,22.910814277000043],[90.67127214100003,22.915696387000025],[90.67317730200006,22.914827913000067],[90.67576514900009,22.91644233200003],[90.67735665000004,22.91476215800003],[90.67749624600003,22.91170270300006],[90.67448464100005,22.907939081000052],[90.67852825200004,22.911745723000024],[90.67864851400003,22.915091435000022],[90.67589080200008,22.92088724900003]]],[[[90.67230880900007,22.928043741000067],[90.67141494100008,22.92995916900003],[90.67063085800004,22.927931148000027],[90.66753749300005,22.92854150100004],[90.67120377000003,22.926315742000043],[90.67230880900007,22.928043741000067]]],[[[90.64780297800007,22.91815658200005],[90.65147955100008,22.920367663000036],[90.65398857200006,22.927049258000068],[90.65483547400004,22.920640667000043],[90.64916691300004,22.911486194000076],[90.65319642800006,22.91247349400004],[90.65383899800008,22.90654336800003],[90.65918523500005,22.902458592000073],[90.66158641400006,22.908136712000044],[90.66012740800005,22.915934484000047],[90.66169839500003,22.92066021100004],[90.66032227500006,22.924202998000055],[90.65498167500004,22.929626401000064],[90.65276311500008,22.929778938000027],[90.64715336500007,22.92215416600004],[90.64776691700007,22.920956458000035],[90.64963417600006,22.922956463000048],[90.65070802500009,22.920896448000065],[90.64707371300005,22.919499293000058],[90.64780297800007,22.91815658200005]]],[[[90.64172145800006,22.93015874400004],[90.64200587400006,22.935798264000027],[90.63961553300004,22.932366263000063],[90.63991708900005,22.93064422200007],[90.64172145800006,22.93015874400004]]],[[[90.65822098800004,22.937882880000075],[90.65502627700005,22.938899907000064],[90.65274376000008,22.936423492000074],[90.65592899300003,22.933446914000058],[90.65594649100007,22.93707931000006],[90.65768891500005,22.93449086800007],[90.65795298300009,22.935780390000048],[90.65918810300008,22.935058257000037],[90.65822098800004,22.937882880000075]]],[[[90.65040918900007,22.93974938300005],[90.65134753900008,22.941705735000028],[90.64995908400005,22.942763228000047],[90.64767636200008,22.940238753000074],[90.65040918900007,22.93974938300005]]],[[[90.67691680300004,22.93136191600007],[90.66780791900004,22.93968785800007],[90.66634541200006,22.943518984000036],[90.66315348300003,22.942242871000076],[90.66750307000007,22.934576933000073],[90.67504829400008,22.92761376900006],[90.67423741600004,22.93323358500004],[90.67952922800004,22.920723241000076],[90.68318191300006,22.915867486000025],[90.68239864000003,22.91401905400005],[90.68386613500007,22.910845488000064],[90.68683554000006,22.911370715000032],[90.68588881700003,22.915438038000048],[90.68839767100008,22.914172139000073],[90.68873005900008,22.91614839700003],[90.68741660900008,22.918433830000026],[90.68506042600006,22.917472946000032],[90.68225239300006,22.92351975100007],[90.67906556800006,22.924668765000035],[90.67691680300004,22.93136191600007]]],[[[90.49177717800006,22.87944922300005],[90.51024064000006,22.890860659000055],[90.52325600300009,22.894499456000062],[90.52915657800008,22.899355685000046],[90.53094191000008,22.907284410000045],[90.53053742800006,22.92267802300006],[90.52216397200004,22.935702494000054],[90.51451725300007,22.944002564000073],[90.49595713700006,22.949654425000062],[90.48432297000005,22.958390043000065],[90.47323816800008,22.977018642000075],[90.46524921900004,22.980770799000027],[90.45483365700005,22.98275562200007],[90.45450552600005,22.97927138400007],[90.45018986600007,22.974746697000057],[90.44753085600007,22.956988977000037],[90.44268149600003,22.949655617000076],[90.43939195200005,22.94853276400005],[90.44027828300005,22.947569945000055],[90.43919737300007,22.944721208000033],[90.43631849100007,22.942916258000025],[90.43566552000004,22.93812639400005],[90.43350957500007,22.937214276000077],[90.43185020300007,22.93372173800003],[90.41669599200009,22.93196627900005],[90.41571255900004,22.928698189000045],[90.41026475000007,22.926963258000058],[90.41122746100007,22.925434116000076],[90.41758019400004,22.92611424100005],[90.42373059900007,22.92169132400005],[90.42232567200006,22.920114779000073],[90.42383136700005,22.918423774000075],[90.42372610300004,22.91495182400007],[90.42722412000006,22.909382368000024],[90.42232305900006,22.905499228000053],[90.42640489800004,22.90505698000004],[90.43418663700004,22.907891042000074],[90.44015225800007,22.90687078700006],[90.44686426900006,22.90787339600007],[90.44590014700003,22.915333203000046],[90.45042221700004,22.918020873000046],[90.46352242600005,22.916357735000076],[90.46900103200005,22.913160765000043],[90.48839927600005,22.909623890000034],[90.49388798700005,22.905754182000067],[90.50035496200007,22.903838068000027],[90.50268667700004,22.900547071000062],[90.49921526400004,22.893825308000032],[90.50183010500007,22.888189828000066],[90.49577379600004,22.884179924000023],[90.49177717800006,22.87944922300005]]],[[[90.44601942300005,22.98391435600007],[90.43653445000007,22.985320611000077],[90.43932153800006,22.983161841000026],[90.44601942300005,22.98391435600007]]],[[[90.40721558500007,22.999357478000036],[90.41074672400003,22.995952381000052],[90.41351166400005,22.995924863000027],[90.41021712800006,22.998895809000032],[90.40721558500007,22.999357478000036]]],[[[90.45173571100008,23.006324543000062],[90.41445478700007,23.002018786000065],[90.41300024500003,22.999010526000063],[90.41573243800008,22.995837186000074],[90.42617599700009,22.995070394000038],[90.43989800400004,22.991138387000035],[90.44098524700007,22.990555536000045],[90.43995200500007,22.98879464600003],[90.45814192700004,22.987700878000055],[90.47361356800008,22.982732232000046],[90.47431330000006,22.990856176000023],[90.46730582200007,22.995083702000045],[90.46415703600007,22.99537976700003],[90.46283747400008,22.994163564000075],[90.45837390800006,23.004035282000075],[90.45317061500003,23.004085261000057],[90.45173571100008,23.006324543000062]]],[[[90.40789379100005,23.007083773000033],[90.40902420400005,23.004749686000025],[90.41734377400007,23.007187876000046],[90.40789379100005,23.007083773000033]]],[[[90.59760204300005,23.01485242900003],[90.59883575200007,23.006665978000058],[90.60174161500004,23.009920452000074],[90.59760204300005,23.01485242900003]]],[[[90.58959468100005,23.024862408000047],[90.59035837600004,23.004546782000034],[90.59189136900005,23.000860603000035],[90.59605268700005,23.00787168000005],[90.59629427100003,23.016352350000034],[90.58959468100005,23.024862408000047]]],[[[90.47571411400008,23.007582789000026],[90.47730278700004,23.004088332000038],[90.47538788200006,23.00289887300005],[90.47599945600007,23.00060257800004],[90.48093940300004,22.99580734400007],[90.48000005300008,22.992990108000072],[90.48286852700005,22.98643280500005],[90.48129189300005,22.978597809000064],[90.48303334300005,22.974816582000074],[90.49388684900003,22.96393186000006],[90.49711812500004,22.958233591000067],[90.50062829200004,22.95831796500005],[90.49955309500007,22.96071180000007],[90.50188088000004,22.96204251200004],[90.51114702700005,22.95527293500004],[90.51486397000008,22.955404319000024],[90.52699056200004,22.941072099000053],[90.53401872000006,22.93024531900005],[90.54049717300006,22.911103221000076],[90.53951221400007,22.896908964000033],[90.54869559500008,22.89687752900005],[90.55799663100004,22.900286851000033],[90.57223471300006,22.911899926000046],[90.58148839100005,22.915977603000044],[90.58821840800005,22.92097194100006],[90.59223048600006,22.92989545100005],[90.59081826300007,22.93735767100003],[90.58692996600007,22.945307248000063],[90.57116604200007,22.96472417500007],[90.54304434600004,22.993503576000023],[90.52841752800003,23.01616326000004],[90.51541139600005,23.031550225000046],[90.50777640200005,23.033916779000037],[90.49773398100007,23.02763896400006],[90.49601905200007,23.024728865000043],[90.49317829600005,23.024689754000065],[90.48980835900005,23.022529978000023],[90.48921747700007,23.013951890000044],[90.48474807300005,23.013632534000067],[90.47571411400008,23.007582789000026]]],[[[90.56683518000006,23.043525672000044],[90.56870631800007,23.031346760000076],[90.58361544300004,22.997545079000076],[90.58736390600006,22.99270354600003],[90.58851158800007,22.995519337000076],[90.58638870200008,23.00609096200003],[90.58783794800007,23.018800915000043],[90.58455392700006,23.02315520700006],[90.58802861100008,23.02057296600003],[90.58866270600004,23.02543440200003],[90.57326841900004,23.036821898000028],[90.56683518000006,23.043525672000044]]],[[[90.52803272600005,23.057507866000037],[90.52565284400004,23.05660739600006],[90.52661460200005,23.05148971400007],[90.52803272600005,23.057507866000037]]],[[[90.54830779900004,23.059733270000038],[90.54472937000008,23.053801814000053],[90.54151329900003,23.037560460000066],[90.54204761200003,23.029002494000054],[90.54686129700008,23.01894777800004],[90.54615842700008,23.01101508800008],[90.56756805600008,22.993874927000036],[90.56783280400003,22.995499393000046],[90.56161328000007,23.002165498000068],[90.56156559600004,23.00316948300008],[90.56439913400004,23.001581988000055],[90.56389181900005,23.00380483500004],[90.55950156800003,23.006217030000073],[90.54993610800005,23.01897721100005],[90.56182640900005,23.006507460000023],[90.56115754000007,23.016428293000047],[90.56607237100008,23.00562515100006],[90.575338,22.99982180300003],[90.57576566300008,23.003309889000036],[90.56795704600006,23.02518317600004],[90.55869574400003,23.037708474000056],[90.56545249700008,23.032485875000077],[90.56520120100004,23.034100323000075],[90.56050073700004,23.03710477000004],[90.55865843000004,23.044340651000027],[90.55963606200004,23.046488218000036],[90.56102186600003,23.038178437000056],[90.56552837500004,23.035174667000035],[90.56558434700008,23.044929726000078],[90.55916768600008,23.051843719000033],[90.54830779900004,23.059733270000038]]],[[[90.52417300100007,23.061249161000035],[90.52857953600005,23.06520174700006],[90.52360960400006,23.06244623200007],[90.52417300100007,23.061249161000035]]],[[[90.49781582600008,23.048755603000075],[90.49851037500008,23.06904484200004],[90.48260458300007,23.065629976000025],[90.48692781800008,23.055201407000027],[90.48739487900008,23.05020910500008],[90.49781582600008,23.048755603000075]]],[[[90.53240223600005,23.071282920000044],[90.53047261800003,23.066706769000064],[90.53577861600007,23.07104793800005],[90.53240223600005,23.071282920000044]]],[[[90.52242425300005,23.07212243500004],[90.52263782800009,23.07117832700004],[90.52819130700004,23.071564660000035],[90.52242425300005,23.07212243500004]]]]}},{"type":"Feature","id":"barishal-kotwali","properties":{"canonical_id":"barishal-kotwali","name_en":"Kotwali","name_bn":"কোতোয়ালী","district_id":"barishal","division_id":"barisal","pcode":"BD-A-06-636","parent_pcode":"BD1006","source_name":"Kotwali","match_method":"exact_name_or_alias","boundary_reference_year":"2020","boundary_source":"geoBoundaries gbOpen BGD ADM3 / BBS, OCHA ROAP","source_dataset_updated":"2026-08-09"},"geometry":{"type":"Polygon","coordinates":[[[89.38534010600006,23.08508781200004],[89.38459733800005,23.086521176000076],[89.38959592300006,23.106483866000076],[89.38274662500004,23.128953972000033],[89.37822307100004,23.13557094300006],[89.37496571300005,23.137735017000068],[89.37105371200005,23.13815530100004],[89.36521783400008,23.134741158000054],[89.35691596400005,23.132953993000058],[89.34555336700004,23.14058638700004],[89.33322997200008,23.141019139000036],[89.32287830300004,23.146083133000047],[89.32365884100005,23.14735786700004],[89.32550980900004,23.146277333000057],[89.32739098200005,23.147212375000038],[89.32853785500004,23.149594617000048],[89.32255267000005,23.15948826400006],[89.32129294700007,23.166239450000035],[89.32416635100003,23.16661255500003],[89.33364185300007,23.16173845900005],[89.33758744700003,23.162778641000045],[89.33851857600007,23.165078608000044],[89.32889014300008,23.17060722800005],[89.32822358200008,23.17368234500003],[89.33304688200008,23.180282181000052],[89.32859924500008,23.18406047700006],[89.32334823600007,23.182448773000033],[89.32370377700005,23.176589654000054],[89.31500910000005,23.16730917900003],[89.31126678600003,23.166766695000035],[89.30983017200003,23.16906774100005],[89.31060868800006,23.173063116000037],[89.30050618200005,23.174254374000043],[89.30032470500004,23.177272799000036],[89.30345964600008,23.182657293000034],[89.30033064700007,23.18646487700005],[89.30451177000003,23.190108964000046],[89.30574320100004,23.193430018000072],[89.30066697000007,23.192075763000048],[89.29901544700004,23.197263423000038],[89.29422852400006,23.20250251300007],[89.29100684200006,23.20191500800007],[89.29065935400007,23.20856384600006],[89.28886984500008,23.208260507000034],[89.28804259600008,23.20986460200004],[89.29143139400009,23.213657875000024],[89.29660128800003,23.215340860000026],[89.29718499500007,23.224139723000064],[89.30026285600007,23.228344106000065],[89.30159157900005,23.23402430300007],[89.29951214500005,23.23465581100004],[89.29805230000005,23.232163023000055],[89.29575535000004,23.231932010000037],[89.26839134700003,23.236237579000033],[89.26577750900003,23.23876471600005],[89.26663954500003,23.242279652000036],[89.26823653500009,23.243061090000026],[89.26766415300006,23.247469783000042],[89.26083682900008,23.25077652400006],[89.26268772500003,23.264781972000037],[89.26000453800003,23.267960147000053],[89.25812852400009,23.268197998000062],[89.25872163400004,23.269673694000062],[89.25417472600003,23.268418066000038],[89.25211780200004,23.27057612300007],[89.25292644100006,23.27223747100004],[89.25086594700008,23.274801397000033],[89.25017003700003,23.27969378000006],[89.24232706700008,23.275444633000063],[89.23706437700008,23.277922876000048],[89.23775621600004,23.27957243900005],[89.24544901100006,23.283917064000036],[89.24787989300006,23.293625289000033],[89.24686137700007,23.297047727000063],[89.23470681900005,23.31003368100005],[89.22327544900008,23.31219100800007],[89.21463100900007,23.315709594000054],[89.21340370800004,23.317819885000063],[89.21011586700007,23.325907248000078],[89.20377339900006,23.310230196000077],[89.20657399600003,23.307463493000057],[89.20723365800006,23.302384878000055],[89.20310300200003,23.29830774900006],[89.19953276400008,23.291414649000046],[89.19599873000004,23.291933448000066],[89.19390837900005,23.289787081000043],[89.18740450000007,23.288899384000047],[89.17080285500003,23.290598131000024],[89.16889583000005,23.28429066700005],[89.16000374900005,23.28293867900004],[89.14640824500003,23.286856542000066],[89.14446707500008,23.276133983000022],[89.13306131500008,23.27765603000006],[89.13053147800008,23.27407363800006],[89.12954013300003,23.260794892000035],[89.12353186800004,23.26065082100007],[89.12001243500004,23.257031125000026],[89.11510462000007,23.258062605000077],[89.11247890900006,23.256861146000062],[89.10728990500007,23.25281341400006],[89.10810119400008,23.250205942000036],[89.10470242700006,23.247466704000033],[89.10320744000006,23.243814703000055],[89.10628587300005,23.24124726100007],[89.10441945200006,23.238697940000066],[89.10634462800004,23.234489035000024],[89.10851649900007,23.234597905000044],[89.11413022100004,23.224873410000043],[89.11443375400006,23.222797641000057],[89.11270860500008,23.22097463500006],[89.11614133100005,23.215092343000038],[89.11429402600004,23.211473453000053],[89.11108492800008,23.21125494000006],[89.11237989900008,23.201017102000037],[89.10971264800008,23.193300097000076],[89.11299868500004,23.190306296000074],[89.10819544100008,23.188686036000036],[89.10611631500007,23.185345750000067],[89.10252362600005,23.184048331000042],[89.10256275400008,23.180287630000066],[89.10109508600004,23.180243690000054],[89.10070314800004,23.172508462000053],[89.10220521900004,23.170906415000047],[89.10091482600006,23.16344041900004],[89.10541781700005,23.16024876700004],[89.10436106300006,23.155321701000048],[89.10637018400007,23.147604039000043],[89.10888740800004,23.14632832500007],[89.10945967700007,23.137557515000026],[89.11700138600008,23.13811366400006],[89.11764110100006,23.134433066000042],[89.12033324400005,23.134782879000056],[89.12411050800006,23.13079906100006],[89.13621423700005,23.131009782000035],[89.13939535000009,23.127479032000053],[89.13467610800006,23.12414048100004],[89.12803438900005,23.121991957000034],[89.12760075500006,23.12061716000005],[89.13100155400008,23.119930818000057],[89.13276129700006,23.115455782000026],[89.13976686600006,23.112574884000026],[89.15268434700005,23.11085291300003],[89.14910382300008,23.105196110000065],[89.15053608900007,23.09681807800007],[89.15512527100003,23.093008309000027],[89.15214920600005,23.08462748200003],[89.16461822600007,23.090936123000063],[89.16623213300005,23.095314810000048],[89.16801686500008,23.094515793000028],[89.16747808100007,23.092473810000058],[89.16919718400004,23.092416248000063],[89.16891115400006,23.094471388000045],[89.17146815300003,23.095360439000046],[89.17076907400008,23.096757411000056],[89.17532941700006,23.096681937000028],[89.17438261000007,23.092684507000058],[89.17735251900007,23.090954990000057],[89.17882883400006,23.091733283000053],[89.17852558900006,23.08961747400008],[89.18124938300008,23.089714042000026],[89.18298711100005,23.08752807600007],[89.18504266000008,23.093091601000026],[89.19754307700003,23.095387291000065],[89.19987898000005,23.093406283000036],[89.19860673100004,23.090658377000068],[89.20333318700006,23.092649750000078],[89.20561688900005,23.089093296000044],[89.20852201600007,23.087769895000065],[89.20836198000006,23.08373311500003],[89.20482843600007,23.07804952600003],[89.20990702900008,23.076370060000045],[89.21062056200003,23.071101270000042],[89.21724296700006,23.079144659000065],[89.22023823200004,23.086153152000065],[89.22387077000008,23.08643638500007],[89.22842799300008,23.090536481000072],[89.22844709500004,23.088580399000023],[89.23339465100008,23.08748611200008],[89.23364800300004,23.09274051400007],[89.24557563800005,23.091872083000055],[89.24821677400007,23.094781973000067],[89.25118161600005,23.09414174400007],[89.25826941800005,23.096708358000058],[89.26064192400008,23.095857976000048],[89.26008774100006,23.100214876000052],[89.26758535200008,23.106812799000068],[89.27370820500005,23.104686749000052],[89.27689838300006,23.098569746000067],[89.27542825900008,23.09537495400008],[89.27904550600005,23.09408061000005],[89.27804938700007,23.091371266000067],[89.28086505700009,23.094069713000067],[89.29000534600004,23.092425871000046],[89.29393053800004,23.08803934900004],[89.29765165400005,23.086649059000024],[89.30121998000004,23.089657619000036],[89.30319027900003,23.089158785000052],[89.30593793600008,23.092179990000034],[89.30506664200004,23.095177355000033],[89.30736667800005,23.097273511000026],[89.31625802300005,23.09723492300003],[89.32220137200005,23.09264300700005],[89.32285815900008,23.093831403000024],[89.32066344600008,23.096299832000057],[89.32701670200004,23.09495515800006],[89.32711228100004,23.09641100300007],[89.33093254200008,23.09667113000006],[89.33683525000004,23.094350279000025],[89.33838280500004,23.096299431000034],[89.34326582300008,23.09425069400004],[89.34857797800004,23.09986695300006],[89.34774073100004,23.101241593000054],[89.35019560200004,23.10778709300007],[89.35191568600004,23.108577213000046],[89.35146283800003,23.110034746000053],[89.35503812700006,23.110946488000025],[89.35845866900007,23.109304004000023],[89.36538107700005,23.109636857000055],[89.36534348200007,23.104844126000046],[89.36934208200006,23.102992013000062],[89.36946557800007,23.097977482000033],[89.37480380800008,23.09862594200007],[89.37690747500005,23.096377129000075],[89.38263172700005,23.09648260800003],[89.37783304400006,23.08774349400005],[89.38091591400007,23.08542677400004],[89.38534010600006,23.08508781200004]]]}},{"type":"Feature","id":"barishal-mehendiganj","properties":{"canonical_id":"barishal-mehendiganj","name_en":"Mehendiganj","name_bn":"মেহেন্দিগঞ্জ","district_id":"barishal","division_id":"barisal","pcode":"BD-A-06-328","parent_pcode":"BD1006","source_name":"Mehendiganj","match_method":"exact_name_or_alias","boundary_reference_year":"2020","boundary_source":"geoBoundaries gbOpen BGD ADM3 / BBS, OCHA ROAP","source_dataset_updated":"2026-08-09"},"geometry":{"type":"MultiPolygon","coordinates":[[[[90.50532343700007,22.685521102000052],[90.50465319500006,22.692575658000067],[90.50204226200003,22.695937318000063],[90.49345641000008,22.691204425000024],[90.49102878000008,22.687333919000025],[90.49672352500005,22.685516114000052],[90.50532343700007,22.685521102000052]]],[[[90.52517179200004,22.68392405000003],[90.52963876900003,22.683230404000028],[90.53062442200007,22.68575401000004],[90.53877579400006,22.68542359500003],[90.53976356100009,22.687818406000076],[90.54217823700003,22.68681203500006],[90.54389879100006,22.691088120000074],[90.54731768500005,22.69059514500003],[90.54824710000008,22.68837026800003],[90.55327538800003,22.686538066000026],[90.56023698700005,22.699176092000073],[90.54707870600004,22.699215973000037],[90.53944521000005,22.703639829000053],[90.52912206600007,22.70553860700005],[90.52320742000006,22.70051025600003],[90.52187101500004,22.700966299000072],[90.51885075800004,22.693812755000067],[90.51947180400003,22.686489562000077],[90.52545504200003,22.684806722000076],[90.52517179200004,22.68392405000003]]],[[[90.53765120300005,22.710171779000063],[90.53658857300007,22.715146916000037],[90.53207145000005,22.719655359000058],[90.53080265300008,22.724583152000037],[90.52915642700003,22.725401348000048],[90.52646294200008,22.708296978000078],[90.53310780700008,22.707844746000035],[90.53624675100008,22.709886290000043],[90.53754275900008,22.708738065000034],[90.53765120300005,22.710171779000063]]],[[[90.49262323000005,22.693028962000028],[90.50355702500008,22.69998950300004],[90.50460238900007,22.70312652000007],[90.50346040900007,22.710015422000026],[90.49217980100008,22.725251834000062],[90.47828617700009,22.737037403000045],[90.48143596600005,22.730561582000064],[90.46860393100008,22.723126653000065],[90.47106036800005,22.715669516000048],[90.46967047900006,22.714458862000072],[90.47364791500007,22.708542805000036],[90.48418930400004,22.700741762000064],[90.48491343200004,22.69779912000007],[90.48879876100006,22.69676875700003],[90.49262323000005,22.693028962000028]]],[[[90.47415461800006,22.754207051000037],[90.49122642300006,22.738811647000034],[90.48831574200005,22.746373492000032],[90.48029133000006,22.750843469000074],[90.48032942400005,22.75877907100005],[90.47581573700006,22.75766875000005],[90.47415461800006,22.754207051000037]]],[[[90.55989043300008,22.768769576000068],[90.54950069800003,22.760037256000032],[90.54651556000005,22.75460989100003],[90.54278657700007,22.740341735000072],[90.54359956000008,22.734124464000047],[90.54592020700005,22.734534920000044],[90.54369654900006,22.731868289000033],[90.54346207900005,22.724746701000072],[90.54605423900006,22.709106430000077],[90.54865775800005,22.703026403000024],[90.55489124000007,22.702957199000025],[90.55717037900007,22.70586514100006],[90.56120035400005,22.70621889000006],[90.55963452400005,22.72027831200006],[90.56473618500007,22.739190119000057],[90.56079974300008,22.72170830400006],[90.56351681300004,22.705709667000065],[90.57233791300007,22.721159286000045],[90.57348527600004,22.73009948400005],[90.57042248900007,22.744605831000058],[90.55992615400004,22.763644643000077],[90.55989043300008,22.768769576000068]]],[[[90.48384633900008,22.766899227000067],[90.49081946300004,22.769215374000055],[90.49156634400003,22.77614434800006],[90.49363340900004,22.777667741000073],[90.49444790400008,22.77474936300007],[90.49648510900005,22.782152516000053],[90.49280087800008,22.789812230000052],[90.48471626500003,22.792561740000053],[90.47808394100008,22.797840118000067],[90.47628515000008,22.79768092300003],[90.47538436700006,22.795181601000024],[90.46481365600005,22.791561793000028],[90.46097259500004,22.788132846000053],[90.47033798500007,22.784681230000047],[90.48720739700008,22.785020185000064],[90.49173924200005,22.781746586000054],[90.49232855300005,22.780874162000032],[90.48691346500004,22.78043401900004],[90.48533156100007,22.77869959700007],[90.48273454600007,22.77172030400004],[90.48384633900008,22.766899227000067]]],[[[90.52465783200006,22.72135304300008],[90.52481563700007,22.73559761000007],[90.52121052000007,22.749902461000033],[90.52129890000003,22.759558179000067],[90.52382309900008,22.772695670000076],[90.52928870200003,22.786444697000036],[90.51932892400004,22.797376344000043],[90.51959556500003,22.799765681000054],[90.51454955200006,22.801502923000044],[90.50167716600004,22.79217477700007],[90.50263265900008,22.785718449000058],[90.50161371900003,22.774822421000067],[90.49870852600009,22.769860254000037],[90.48789925700004,22.759711706000076],[90.48494003700006,22.753697586000044],[90.49275261200006,22.747698249000052],[90.49521319800004,22.74400974200006],[90.49774425700008,22.73123855700004],[90.50742862800007,22.717882157000076],[90.50754409100006,22.71998125500005],[90.51095652900005,22.716698251000025],[90.51312015600007,22.717047586000035],[90.51312687200004,22.714114753000047],[90.51866194100006,22.71024774400007],[90.52095826300007,22.71046612200007],[90.52442534900007,22.714326812000024],[90.52465783200006,22.72135304300008]]],[[[90.58216964700006,22.803379134000068],[90.56817588100006,22.799506276000045],[90.56760559000008,22.79869558100006],[90.57593004000006,22.79915382300004],[90.56615104700006,22.797279678000052],[90.55468382000004,22.791965953000044],[90.54126990700007,22.783025414000065],[90.53495381100004,22.77611519900006],[90.52908618900005,22.765188118000026],[90.53905657700005,22.776040701000056],[90.53086542400007,22.76416537600005],[90.52806570800004,22.754387963000056],[90.52988470300005,22.750449529000036],[90.53537600600004,22.757601581000074],[90.53650882400007,22.75726297500006],[90.53148317800003,22.750587627000073],[90.52884951900006,22.74925771100004],[90.52989347700003,22.74056709100006],[90.53312260700005,22.736015018000046],[90.54134814900004,22.734908990000065],[90.53925208700008,22.742564376000075],[90.54138202800004,22.743513317000065],[90.54594515900004,22.757061899000064],[90.55202871000006,22.763912376000064],[90.56027247800006,22.769891210000026],[90.56834517600004,22.792015538000044],[90.57339112800008,22.790808172000027],[90.57550362100005,22.788816311000062],[90.57979063600004,22.789323318000072],[90.58428118500007,22.79914885200003],[90.58216964700006,22.803379134000068]]],[[[90.49314815500009,22.80814891400007],[90.50515882400003,22.81426594100003],[90.50704869000003,22.81987650800005],[90.50415371100007,22.821319757000026],[90.49860971100009,22.82121778900006],[90.49344406700004,22.818784098000037],[90.49123538800006,22.81395094000004],[90.49314815500009,22.80814891400007]]],[[[90.50226553300007,22.872548223000024],[90.49466468800006,22.866988812000045],[90.48241987700004,22.854072432000066],[90.48620539100006,22.845313132000058],[90.49049763600004,22.850940236000042],[90.49818882600005,22.856174387000067],[90.51494869900006,22.872631882000064],[90.50877509200006,22.871394407000025],[90.50389418500004,22.87371402900004],[90.50340302100005,22.873362152000027],[90.50414887100004,22.872558638000044],[90.50226553300007,22.872548223000024]]],[[[90.64386135100006,22.83671178000003],[90.64333333200005,22.83854315800005],[90.64622299600006,22.839056520000042],[90.64666068800005,22.843767867000054],[90.65141618400008,22.848095753000052],[90.62134621300004,22.870799222000073],[90.60456480100004,22.874577701000078],[90.59859397200006,22.875451672000054],[90.59739363900007,22.875583780000056],[90.59361701900008,22.87581020300007],[90.59286225800008,22.875845199000025],[90.58413922300008,22.87332950800004],[90.58424915800003,22.866125578000037],[90.57586760700008,22.865234732000033],[90.57410136300007,22.867110453000066],[90.56815790700006,22.86677609900005],[90.56137296800006,22.875602067000045],[90.54510744900006,22.880384226000047],[90.54391222500004,22.883048646000077],[90.54555620200006,22.887319749000028],[90.54411715000003,22.888141070000074],[90.53824894700006,22.88346651300003],[90.53479419400009,22.883660530000043],[90.52749625500007,22.880986746000076],[90.52551055900005,22.87910703400007],[90.52719338300005,22.876556872000037],[90.51615804900007,22.871966266000072],[90.50539836900003,22.861649069000066],[90.50144283200007,22.85556683300007],[90.49336839100005,22.85134972800006],[90.48962292300007,22.845517769000026],[90.48751288100004,22.839564410000037],[90.48619664900008,22.821077167000055],[90.48565545400004,22.79932866400003],[90.48714024200007,22.796455992000062],[90.49085285100006,22.796588017000033],[90.49405994900007,22.799398548000056],[90.49006687500008,22.811624177000056],[90.49124653000007,22.817057865000038],[90.49396358600006,22.819798191000075],[90.50067714700003,22.822466113000075],[90.49628078100005,22.827798048000034],[90.49719261100006,22.839207587000033],[90.49766556400004,22.827554622000036],[90.50361150000003,22.822934795000037],[90.50554569400003,22.823048363000055],[90.50240159900005,22.827001986000028],[90.50658146900008,22.82429988000007],[90.50863725800008,22.822381058000076],[90.50907568200006,22.818914190000044],[90.50634840900005,22.81348528500007],[90.49888685100007,22.80884809400004],[90.50102367800008,22.81147042200007],[90.49476085600008,22.80800079200003],[90.49438567500005,22.803938854000023],[90.49669754500007,22.801637158000062],[90.50707181200005,22.80456805800003],[90.51413529800004,22.804545440000027],[90.52581833300007,22.799559533000036],[90.53195306300006,22.79879872600003],[90.54064870000008,22.79441930200005],[90.55661820300008,22.80392487100005],[90.57123512700008,22.809991911000054],[90.58573690400004,22.812902809000036],[90.60244861100006,22.813829115000033],[90.61035893300004,22.824039192000043],[90.63336106200006,22.829259610000065],[90.63487798700004,22.835498422000057],[90.64386135100006,22.83671178000003]]],[[[90.44076646800005,22.783773377000045],[90.44631968300007,22.78736403100004],[90.45451842800009,22.791712],[90.45680185000003,22.79717924700003],[90.46202670600007,22.801170573000036],[90.45269110000004,22.805562529000042],[90.44418855600009,22.807116217000043],[90.44253416800007,22.805686742000034],[90.44332712100004,22.794403599000077],[90.43772848900005,22.794391678000068],[90.43863298000008,22.805497372000048],[90.44469349900004,22.81408503800003],[90.45365372400005,22.863020556000038],[90.45165528900009,22.867041622000045],[90.43882360200007,22.881266304000064],[90.44589700400007,22.875211705000027],[90.44487617400006,22.878500491000068],[90.44764384900003,22.876879685000063],[90.45479605400004,22.865215818000024],[90.45564200500007,22.855987954000057],[90.45179186400009,22.83037652300004],[90.45179726300006,22.816322598000056],[90.45410673600009,22.813017666000064],[90.46059552300005,22.81056112400006],[90.46639535100007,22.802752560000044],[90.46733059000007,22.804852940000046],[90.47136017800005,22.807135595000034],[90.47224667700004,22.809905701000048],[90.47080667900008,22.81105721600005],[90.46930469200004,22.809053944000027],[90.46766067100003,22.810923070000058],[90.47060564400005,22.81263528900007],[90.47338906000004,22.812340233000043],[90.47651609700006,22.821891194000045],[90.47432568100004,22.85942255200007],[90.47532670100009,22.865395199000034],[90.48262640300004,22.872877763000076],[90.48228012400006,22.877133564000076],[90.48655955400005,22.876355511000042],[90.49177717800006,22.87944922300005],[90.49577379600004,22.884179924000023],[90.50183010500007,22.888189828000066],[90.49921526400004,22.893825308000032],[90.50268667700004,22.900547071000062],[90.50035496200007,22.903838068000027],[90.49388798700005,22.905754182000067],[90.48839927600005,22.909623890000034],[90.46900103200005,22.913160765000043],[90.46352242600005,22.916357735000076],[90.45042221700004,22.918020873000046],[90.44590014700003,22.915333203000046],[90.44686426900006,22.90787339600007],[90.44015225800007,22.90687078700006],[90.43418663700004,22.907891042000074],[90.42640489800004,22.90505698000004],[90.42232305900006,22.905499228000053],[90.41823937900006,22.90336288800006],[90.41242685700007,22.895363130000078],[90.40953514700004,22.88840974200008],[90.39388139300007,22.867535580000037],[90.39625810800004,22.86500085700004],[90.39578581700005,22.854861330000062],[90.39864200200003,22.84489980500007],[90.39768923300005,22.84342238000005],[90.40150035300007,22.84141922500004],[90.39691180700004,22.83770551500004],[90.40280885400006,22.82467053000005],[90.39892982100008,22.809675236000032],[90.40336940400005,22.79950212500006],[90.40900393400005,22.79371220300004],[90.40709764100006,22.790529913000057],[90.43042653700007,22.78173206500003],[90.43372204600007,22.781033485000023],[90.43686351000008,22.78091990000007],[90.44076646800005,22.783773377000045]]],[[[90.64707371300005,22.919499293000058],[90.64646365800007,22.918093724000073],[90.64780297800007,22.91815658200005],[90.64707371300005,22.919499293000058]]]]}},{"type":"Feature","id":"barishal-muladi","properties":{"canonical_id":"barishal-muladi","name_en":"Muladi","name_bn":"মুলাদী","district_id":"barishal","division_id":"barisal","pcode":"BD-A-06-329","parent_pcode":"BD1006","source_name":"Muladi","match_method":"exact_name_or_alias","boundary_reference_year":"2020","boundary_source":"geoBoundaries gbOpen BGD ADM3 / BBS, OCHA ROAP","source_dataset_updated":"2026-08-09"},"geometry":{"type":"MultiPolygon","coordinates":[[[[90.41573243800008,22.995837186000074],[90.42505446800004,22.989992143000052],[90.43995200500007,22.98879464600003],[90.44098524700007,22.990555536000045],[90.43989800400004,22.991138387000035],[90.42617599700009,22.995070394000038],[90.41573243800008,22.995837186000074]]],[[[90.36220110200009,22.808805067000037],[90.36820461900004,22.80900021700006],[90.37685211600007,22.814380974000073],[90.38467353500005,22.816414044000055],[90.39067331900009,22.80385602700005],[90.40709764100006,22.790529913000057],[90.40900393400005,22.79371220300004],[90.40336940400005,22.79950212500006],[90.39892982100008,22.809675236000032],[90.40280885400006,22.82467053000005],[90.39691180700004,22.83770551500004],[90.40150035300007,22.84141922500004],[90.39768923300005,22.84342238000005],[90.39864200200003,22.84489980500007],[90.39578581700005,22.854861330000062],[90.39625810800004,22.86500085700004],[90.39388139300007,22.867535580000037],[90.40953514700004,22.88840974200008],[90.41242685700007,22.895363130000078],[90.41823937900006,22.90336288800006],[90.42232305900006,22.905499228000053],[90.42722412000006,22.909382368000024],[90.42372610300004,22.91495182400007],[90.42383136700005,22.918423774000075],[90.42232567200006,22.920114779000073],[90.42373059900007,22.92169132400005],[90.41758019400004,22.92611424100005],[90.41122746100007,22.925434116000076],[90.41026475000007,22.926963258000058],[90.41571255900004,22.928698189000045],[90.41669599200009,22.93196627900005],[90.43185020300007,22.93372173800003],[90.43350957500007,22.937214276000077],[90.43566552000004,22.93812639400005],[90.43631849100007,22.942916258000025],[90.43919737300007,22.944721208000033],[90.44027828300005,22.947569945000055],[90.43939195200005,22.94853276400005],[90.44268149600003,22.949655617000076],[90.44753085600007,22.956988977000037],[90.45018986600007,22.974746697000057],[90.45450552600005,22.97927138400007],[90.45483365700005,22.98275562200007],[90.45261919000006,22.984662915000058],[90.44601942300005,22.98391435600007],[90.43932153800006,22.983161841000026],[90.43653445000007,22.985320611000077],[90.41958653800003,22.989884767000035],[90.41351166400005,22.995924863000027],[90.41074672400003,22.995952381000052],[90.40721558500007,22.999357478000036],[90.40675551100009,23.000497993000067],[90.40953107000007,23.00153363000004],[90.40696053800008,23.00460425800003],[90.40902420400005,23.004749686000025],[90.40789379100005,23.007083773000033],[90.40755056400008,23.017080622000037],[90.41308782700008,23.023372667000046],[90.42140488700005,23.028535305000048],[90.42320377700008,23.031477623000058],[90.42373481400006,23.036267810000027],[90.42164464500007,23.03991833500004],[90.41226124300005,23.042397307000044],[90.40840496100003,23.041739973000062],[90.39444008900006,23.047310018000076],[90.38994142500007,23.051767261000066],[90.38461283600003,23.051113540000074],[90.38493963400003,23.054687682000065],[90.38343285700006,23.056262575000062],[90.37579081800004,23.055037148000054],[90.36822055200008,23.058617479000077],[90.36551776400006,23.05615765300007],[90.36044478900004,23.05735379600003],[90.35631992000003,23.05509634300006],[90.34878564300004,23.056747049000023],[90.33504304600007,23.055894324000064],[90.33052810000004,23.058105143000034],[90.32593544900004,23.05547298600004],[90.32344105200008,23.05613415600004],[90.31575086600003,23.052879059000077],[90.31446736400005,23.035338232000072],[90.31931842200004,23.025820873000043],[90.32300635700005,23.02351326200005],[90.32681797900005,23.01791150500003],[90.32944803300006,23.00735108600003],[90.32760462300007,22.99661304700004],[90.31987995900005,22.981461128000035],[90.29538563700004,22.975289128000043],[90.29086692200008,22.97252138500005],[90.29273803600006,22.96365666500003],[90.29846298700005,22.956640529000026],[90.30378904000008,22.95307800100005],[90.31219577600007,22.94998126100006],[90.32162561100006,22.950463220000074],[90.35266244600007,22.94151794000004],[90.35467730000005,22.93220389100003],[90.36102229700003,22.919819929000028],[90.36304098500005,22.908153086000027],[90.35818578900006,22.892252701000075],[90.35300939600006,22.886240610000073],[90.34720832800008,22.882638274000044],[90.34935721600004,22.869441202000075],[90.35414712100004,22.853594217000023],[90.36131682400008,22.842272028000025],[90.35831402900004,22.832635461000052],[90.35425105000007,22.835858813000073],[90.34983951600003,22.83410362500007],[90.35278158700004,22.823946196000065],[90.36220110200009,22.808805067000037]]]]}},{"type":"Feature","id":"barishal-wazirpur","properties":{"canonical_id":"barishal-wazirpur","name_en":"Wazirpur","name_bn":"উজিরপুর","district_id":"barishal","division_id":"barisal","pcode":"BD-A-06-324","parent_pcode":"BD1006","source_name":"Wazirpur","match_method":"exact_name_or_alias","boundary_reference_year":"2020","boundary_source":"geoBoundaries gbOpen BGD ADM3 / BBS, OCHA ROAP","source_dataset_updated":"2026-08-09"},"geometry":{"type":"Polygon","coordinates":[[[90.05701262700006,22.932200821000038],[90.03480591200008,22.933841760000064],[90.03207555500006,22.91670106500004],[90.02258987600004,22.899747708000064],[90.02405858100008,22.898011905000033],[90.02327727000005,22.892399306000073],[90.02131100500009,22.89195411000003],[90.01925963600007,22.888574659000028],[90.02055740400004,22.88525519500007],[90.01792156300007,22.880106328000068],[90.01837247000003,22.87104325300004],[90.02029953400006,22.86810425300007],[90.03474983700005,22.865680164000025],[90.05090133400006,22.863384651000047],[90.07013183700008,22.85594036200007],[90.07270653400008,22.84754804000005],[90.07731376200007,22.846892621000052],[90.07074506800006,22.83482665300005],[90.07186100100006,22.830771148000053],[90.07482326200005,22.83046941300006],[90.07335449700008,22.825558013000034],[90.07474059500004,22.824090519000038],[90.07639572400007,22.832716365000067],[90.07954893900006,22.83130274100006],[90.08203095200008,22.83209475500007],[90.08375986200008,22.830474562000063],[90.08704968300003,22.833832209000036],[90.09021037800005,22.834190104000072],[90.09146238500006,22.833647368000072],[90.09181129800004,22.82984059000006],[90.09348913300005,22.828566425000076],[90.09569036300007,22.829332985000065],[90.09320892200003,22.824505937000026],[90.09787632700005,22.823198330000025],[90.09781438200008,22.832404284000063],[90.09491035100007,22.834534607000023],[90.09588740700008,22.841936573000055],[90.09820431700007,22.842726739000057],[90.09878497600005,22.845425759000022],[90.10305248200007,22.847315612000045],[90.10680724500008,22.847362823000026],[90.11088726300005,22.844338265000033],[90.11749559200007,22.84257590900006],[90.11923348900007,22.848453853000024],[90.11865801000005,22.85817226100005],[90.11635395600007,22.85933365900007],[90.11765667000003,22.86234656000005],[90.12804646800004,22.861571807000075],[90.12985915300004,22.860461456000053],[90.12992654200008,22.856047888000035],[90.14449235300003,22.853005102000054],[90.15887849900008,22.843750512000042],[90.17749626800008,22.83811472600007],[90.18402611100004,22.832084674000043],[90.18916020400007,22.83174610900005],[90.19449551200006,22.82857140400006],[90.19524145800005,22.82501150300004],[90.19869481400008,22.825317767000058],[90.20085940700005,22.828776364000078],[90.20411614700004,22.82991244400006],[90.21152872300007,22.82678418100005],[90.21156112700004,22.824891299000058],[90.21832223400008,22.823908800000027],[90.22050997700006,22.820268886000065],[90.22068829200003,22.816401375000055],[90.21225505400008,22.80102787800007],[90.21126819600005,22.790550929000062],[90.20381451800006,22.787862648000043],[90.20515819100007,22.784869069000024],[90.20339820600003,22.783679434000078],[90.19884881100006,22.785163313000055],[90.19958553000004,22.782401177000054],[90.20235559900004,22.780883974000062],[90.20105246100007,22.77789714900007],[90.20298732300006,22.775943693000045],[90.20491863100006,22.776337300000023],[90.20528771800008,22.77295114900005],[90.21130901000004,22.773955069000067],[90.21203933900006,22.770015673000046],[90.21437583100004,22.769080667000026],[90.21561758800004,22.770651712000074],[90.21786133100005,22.770172417000026],[90.21639413900004,22.761361715000078],[90.22232689100008,22.75757999800004],[90.22101216300007,22.756410258000074],[90.22233926600006,22.75450427100003],[90.22793015500008,22.75354135200007],[90.23102521800007,22.750877312000057],[90.24117091800008,22.755656696000074],[90.24468091200004,22.754510565000032],[90.24498204500009,22.762585985000044],[90.25067331900004,22.763996861000066],[90.24907096700008,22.76771420600005],[90.24973952900007,22.77411016600007],[90.26133952800006,22.793942311000023],[90.26126557700007,22.80626324900004],[90.25729485000005,22.807863586000053],[90.25553073900005,22.81057596100004],[90.26176730000003,22.81641401400003],[90.27502304900008,22.834540575000062],[90.27938481300004,22.846678134000058],[90.28577604900005,22.858203278000076],[90.28588523300004,22.86292652800006],[90.29922206800006,22.88531770900005],[90.29454231400007,22.888173150000057],[90.28138055000005,22.891675478000025],[90.27652169300006,22.896056250000072],[90.27400878800006,22.895580129000052],[90.27412527600006,22.897750244000065],[90.27607114200003,22.898365111000032],[90.27483954800005,22.899285280000072],[90.26735619100003,22.896308498000053],[90.26600790300006,22.893033829000046],[90.26487067400006,22.89548721500006],[90.25865414100008,22.893526438000038],[90.25754395300004,22.89455919900007],[90.25645598300008,22.892182868000077],[90.25505608700007,22.893737766000072],[90.25316575700003,22.893409933000044],[90.25329341700007,22.896524622000072],[90.25114200300004,22.896735242000034],[90.24325216100004,22.891674588000058],[90.24333910300004,22.89053735300007],[90.24092353300006,22.890538208000066],[90.23959983500004,22.895322930000077],[90.24151732700005,22.897916054000063],[90.23825026700007,22.896163388000048],[90.23757573200004,22.898305358000073],[90.23390045800005,22.898357671000042],[90.23287029300008,22.90052780900004],[90.22989346100007,22.90100301700005],[90.22678747200007,22.91544370200006],[90.22204106900006,22.918432051000025],[90.21842966800006,22.92027087200006],[90.21592657700006,22.910180404000073],[90.20706984700007,22.909596543000077],[90.20813536400004,22.90531831100003],[90.20686456800007,22.901633137000033],[90.20435904100003,22.90029884000006],[90.19268290800005,22.907693308000034],[90.18860064100005,22.902967426000032],[90.18377611200003,22.906400764000068],[90.17374189200007,22.910038478000047],[90.17393960700008,22.913100085000053],[90.17653757000005,22.91384813600007],[90.17628119900007,22.917319014000043],[90.16109350500005,22.918175831000042],[90.14997819700005,22.921122068000045],[90.14674973600006,22.919559449000076],[90.13724582100008,22.920627701000058],[90.13832328400008,22.917470652000077],[90.13146924300008,22.917879597000024],[90.13098813700003,22.91893184500003],[90.12700224700006,22.917927271000053],[90.10415710900008,22.921819310000046],[90.10255329900008,22.92038627000005],[90.09459396900007,22.92258863400008],[90.06811107900006,22.92563240900006],[90.06165357200007,22.92952288400005],[90.05740148500007,22.92992308500004],[90.05701262700006,22.932200821000038]]]}},{"type":"Feature","id":"bhola-bhola-sadar","properties":{"canonical_id":"bhola-bhola-sadar","name_en":"Bhola Sadar","name_bn":"ভোলা সদর","district_id":"bhola","division_id":"barisal","pcode":"BD-A-07-331","parent_pcode":"BD1009","source_name":"Bhola Sadar","match_method":"exact_name_or_alias","boundary_reference_year":"2020","boundary_source":"geoBoundaries gbOpen BGD ADM3 / BBS, OCHA ROAP","source_dataset_updated":"2026-08-09"},"geometry":{"type":"MultiPolygon","coordinates":[[[[90.62844919300005,22.552464418000056],[90.62946769600006,22.553611095000065],[90.62094323000008,22.55325550400005],[90.61307918000006,22.550891187000047],[90.61709710000008,22.549525854000024],[90.62844919300005,22.552464418000056]]],[[[90.58268750300005,22.558820280000077],[90.59964723600007,22.560834546000024],[90.59331877400007,22.564190319000033],[90.58211542500004,22.562139977000072],[90.59274464700007,22.56526800900008],[90.58966688600003,22.56772914800007],[90.59872742600004,22.565185991000078],[90.59269885400005,22.569630311000026],[90.57522283700007,22.570456583000066],[90.58268750300005,22.558820280000077]]],[[[90.57467633400006,22.571199299000057],[90.58852579100005,22.57173693900006],[90.56513667000007,22.587356847000024],[90.55774382500005,22.58827391400007],[90.57467633400006,22.571199299000057]]],[[[90.55434603800006,22.59263991200004],[90.55715644500003,22.58902207700004],[90.56520551000006,22.588432176000026],[90.58727961600005,22.573773225000025],[90.59230921800008,22.572914921000063],[90.58396915300006,22.584705017000033],[90.57509498400003,22.592385437000075],[90.56107389200008,22.600561667000022],[90.55353991000004,22.609096970000053],[90.55231874100008,22.612734121000074],[90.54592953900004,22.611608705000037],[90.54240957800005,22.60490437900006],[90.55079760700005,22.59832104000003],[90.55434603800006,22.59263991200004]]],[[[90.53991319500005,22.60704897900007],[90.54470664300004,22.614863571000058],[90.54296563300005,22.617211732000044],[90.53328890100005,22.618200340000044],[90.53437803600008,22.611412140000027],[90.53991319500005,22.60704897900007]]],[[[90.52740632700005,22.61488098600006],[90.52791239100009,22.626057658000036],[90.53538253200009,22.640278420000072],[90.52576639800003,22.64068852200006],[90.52524873700008,22.621632557000055],[90.52684443600003,22.615049390000024],[90.52740632700005,22.61488098600006]]],[[[90.52619606000007,22.64250654700004],[90.53625657500004,22.642468418000078],[90.53874529800004,22.64676234700005],[90.54083134100006,22.666545745000064],[90.53956353100006,22.67122011600003],[90.53410997200007,22.67625769600005],[90.54136723900007,22.671333444000027],[90.54617531500008,22.64980581800006],[90.55232949900005,22.659404969000036],[90.55281641100004,22.668426170000032],[90.55277739600007,22.65868638200004],[90.54849810400003,22.651112562000037],[90.54938437800007,22.64728519700003],[90.55631000100004,22.64857570600003],[90.56406076800005,22.65482302500004],[90.56355553300006,22.657274603000076],[90.56619428300007,22.65708604100007],[90.56386244600003,22.653628464000064],[90.55960353600005,22.65119358800007],[90.55862706000005,22.648448233000067],[90.56326099700004,22.647108312000057],[90.56625370700004,22.64843615500007],[90.56801673400008,22.651298088000033],[90.57056303200005,22.656881972000065],[90.57159992600003,22.667532829000038],[90.56687334100008,22.689251942000055],[90.56816642100006,22.696800259000042],[90.56529372900008,22.699774286000036],[90.56023698700005,22.699176092000073],[90.55327538800003,22.686538066000026],[90.54824710000008,22.68837026800003],[90.54731768500005,22.69059514500003],[90.54389879100006,22.691088120000074],[90.54217823700003,22.68681203500006],[90.53976356100009,22.687818406000076],[90.53877579400006,22.68542359500003],[90.53062442200007,22.68575401000004],[90.52963876900003,22.683230404000028],[90.52517179200004,22.68392405000003],[90.52809011900007,22.655214054000055],[90.52619606000007,22.64250654700004]]],[[[90.69562898400005,22.723309051000058],[90.69674379000008,22.72592133300003],[90.71589247600008,22.72845301500007],[90.71274003900004,22.73484350600006],[90.70306379900006,22.739519622000046],[90.70205233100006,22.743006138000055],[90.69494085400004,22.72551816300006],[90.69562898400005,22.723309051000058]]],[[[90.70282870000005,22.746514434000062],[90.70516686600007,22.745232689000034],[90.70870704200007,22.75100964300003],[90.70533298300006,22.75233723100007],[90.70282870000005,22.746514434000062]]],[[[90.69043929200006,22.749471551000056],[90.69072681100005,22.75544529700005],[90.68877400700006,22.751450549000026],[90.69043929200006,22.749471551000056]]],[[[90.68509431000007,22.762819028000024],[90.68329794500005,22.76444002200003],[90.67760924500004,22.76058049200003],[90.67932130300005,22.754956449000076],[90.68291856500008,22.752909733000024],[90.68427712000005,22.753979453000056],[90.68164740200007,22.75632101900004],[90.68647956900008,22.75641973200004],[90.68623819100009,22.759647365000035],[90.68772229400008,22.760118902000045],[90.68632003600004,22.763112711000076],[90.68509431000007,22.762819028000024]]],[[[90.68736334000005,22.77852415800004],[90.68292206100006,22.779439499000034],[90.67800651800007,22.77581550900004],[90.67663897500006,22.772833821000063],[90.67876968100006,22.77378061400003],[90.67914829900008,22.772165706000067],[90.68385197000003,22.77214562300003],[90.68562150100007,22.778053730000067],[90.68806124200006,22.776370092000036],[90.68736334000005,22.77852415800004]]],[[[90.67375621700006,22.796768807000035],[90.67252428300009,22.79787353100005],[90.65791979000005,22.79501865700007],[90.66245265800006,22.79413947000006],[90.66479618700004,22.79572805500004],[90.67019189000007,22.79534978500004],[90.67375621700006,22.796768807000035]]],[[[90.69440543600007,22.67980587900007],[90.68898107500007,22.68326737500007],[90.68328216800006,22.692278642000076],[90.68058092300004,22.69826547400004],[90.67768477100003,22.716872472000034],[90.67239988000006,22.721483749000072],[90.66949054300005,22.732442741000057],[90.66267493700008,22.745712122000043],[90.65946506600005,22.758870951000063],[90.65964318400006,22.774405630000047],[90.65651168700003,22.782497186000057],[90.63783812400004,22.796626583000034],[90.62375427200004,22.80363939700004],[90.61181060000007,22.804329017000043],[90.59942762600008,22.80820028200003],[90.58948477400008,22.804269713000053],[90.58216964700006,22.803379134000068],[90.58428118500007,22.79914885200003],[90.57979063600004,22.789323318000072],[90.57550362100005,22.788816311000062],[90.57339112800008,22.790808172000027],[90.56834517600004,22.792015538000044],[90.56027247800006,22.769891210000026],[90.56288383400005,22.771403319000058],[90.55989043300008,22.768769576000068],[90.55992615400004,22.763644643000077],[90.57042248900007,22.744605831000058],[90.57348527600004,22.73009948400005],[90.57233791300007,22.721159286000045],[90.56351681300004,22.705709667000065],[90.56517443300004,22.70406846700007],[90.56798099200006,22.70436651400007],[90.56815123500007,22.70816620900007],[90.57211569400005,22.713673262000043],[90.56859303700008,22.702858561000028],[90.57686857100003,22.672954977000074],[90.57745747700005,22.660449537000034],[90.58020651200007,22.652767271000073],[90.57744998000004,22.658656964000045],[90.57402213100005,22.651071461000072],[90.56727056300008,22.645277571000065],[90.55242373600004,22.641600785000037],[90.53670741800005,22.631694276000076],[90.53360167300008,22.627545765000036],[90.53354432300006,22.62024900600005],[90.53526792000008,22.619007347000036],[90.54347539500009,22.618638173000022],[90.54804760500008,22.615897843000027],[90.55442606600008,22.614441842000076],[90.56195991000004,22.60566738700004],[90.57557576100004,22.59907031800003],[90.58701274400005,22.588703456000076],[90.60278177100008,22.56885459700004],[90.61032525800005,22.563663118000022],[90.62183346000006,22.558886519000055],[90.61771403000006,22.569992890000037],[90.61911186400005,22.58337224400003],[90.60840163500006,22.60031168300003],[90.61054400600005,22.607510959000024],[90.60949695900007,22.608915428000046],[90.61460408300007,22.622380001000067],[90.61573786900004,22.638800383000046],[90.60942595400007,22.65667424800006],[90.60543195500009,22.661995470000022],[90.61127500100008,22.655519946000027],[90.61738227800004,22.63914806500003],[90.61569189600004,22.618783569000072],[90.60958929500003,22.601024221000046],[90.61486210100009,22.594359331000078],[90.61659768000004,22.59413558800003],[90.61982828500004,22.58817367100005],[90.62194657900005,22.578413693000073],[90.62153483100008,22.56699056800005],[90.64724316500008,22.561104783000076],[90.65710363900007,22.556571418000033],[90.66422805800005,22.550375588000065],[90.66799960300006,22.54453555400005],[90.67280386000004,22.542912638000075],[90.67412688200005,22.546128140000064],[90.67040388600003,22.551277320000054],[90.66983375500007,22.554683665000027],[90.66646318400007,22.55684455900007],[90.65878016900007,22.57026654300006],[90.65636921300006,22.610191788000066],[90.65771887900007,22.623037598000053],[90.66149746400004,22.626987498000062],[90.66008175700006,22.63058443500006],[90.66039251400008,22.642668017000062],[90.66106201300005,22.644281127000056],[90.66355288400007,22.64201133100005],[90.68352034100008,22.64775912400006],[90.68878742200008,22.663617387000045],[90.69171090600008,22.663696538000067],[90.69567383200007,22.666990415000043],[90.69909569000004,22.667200791000027],[90.69904509800006,22.673664424000037],[90.69461046600009,22.67678528600004],[90.69440543600007,22.67980587900007]]],[[[90.67610032300007,22.807574012000032],[90.66902346500007,22.81046714200005],[90.66301655600006,22.80774357100006],[90.64378616400006,22.80517420500007],[90.64789977100008,22.800276995000047],[90.65935029900004,22.798466306000023],[90.67157254100005,22.804342570000074],[90.67458469500008,22.803517139000064],[90.67610032300007,22.807574012000032]]],[[[90.65633525800007,22.84481171400006],[90.65336493500007,22.84287499800007],[90.65142867000009,22.844834121000076],[90.64894127700006,22.84003348500005],[90.64386135100006,22.83671178000003],[90.63487798700004,22.835498422000057],[90.63336106200006,22.829259610000065],[90.61035893300004,22.824039192000043],[90.60244861100006,22.813829115000033],[90.62610626400004,22.81193692000005],[90.64513436500005,22.806841899000062],[90.65612510300008,22.808847612000022],[90.66089143600004,22.808170749000055],[90.66844867000003,22.811485236000067],[90.67083216400005,22.81108566200004],[90.67609149100008,22.816273677000027],[90.67475313800009,22.822015487000044],[90.66874467600007,22.832318438000073],[90.65633525800007,22.84481171400006]]]]}},{"type":"Feature","id":"bhola-borhanuddin","properties":{"canonical_id":"bhola-borhanuddin","name_en":"Borhanuddin","name_bn":"বোরহানউদ্দিন","district_id":"bhola","division_id":"barisal","pcode":"BD-A-07-332","parent_pcode":"BD1009","source_name":"Borhan Sddin","match_method":"exact_name_or_alias","boundary_reference_year":"2020","boundary_source":"geoBoundaries gbOpen BGD ADM3 / BBS, OCHA ROAP","source_dataset_updated":"2026-08-09"},"geometry":{"type":"MultiPolygon","coordinates":[[[[90.66184058500005,22.409665783000037],[90.66847488700006,22.409977811000033],[90.67019940500006,22.413136998000027],[90.66844124000005,22.437583355000072],[90.66524644200007,22.432972692000078],[90.66264919900004,22.416661371000032],[90.66184058500005,22.409665783000037]]],[[[90.64456302100007,22.45190434500006],[90.64262235800004,22.455603776000032],[90.63446977300003,22.459966018000046],[90.64456302100007,22.45190434500006]]],[[[90.66516442100004,22.449273814000037],[90.66964443300003,22.46010674100006],[90.66611678300006,22.464519342000074],[90.66370794200003,22.465367144000027],[90.66516442100004,22.449273814000037]]],[[[90.63234947600006,22.46298427100004],[90.63519110500005,22.472555638000074],[90.63340612800005,22.476004508000074],[90.62673079300004,22.47846856700005],[90.61754032000005,22.47580519400003],[90.62567440200007,22.471055128000046],[90.63234947600006,22.46298427100004]]],[[[90.64419669400007,22.46240949500003],[90.64688625600007,22.47673975200007],[90.63286431800003,22.48124111100003],[90.64131418100004,22.473081053000044],[90.64419669400007,22.46240949500003]]],[[[90.65902448400004,22.540690092000034],[90.66033757700006,22.546361490000038],[90.65687577200003,22.54888531200004],[90.65735834400004,22.542071431000068],[90.65902448400004,22.540690092000034]]],[[[90.61808978800008,22.549541804000057],[90.61709710000008,22.549525854000024],[90.61307918000006,22.550891187000047],[90.60618351500005,22.543894488000035],[90.60208509200004,22.536356865000073],[90.60228200800003,22.534252688000038],[90.62777839500006,22.494143923000024],[90.63567722500005,22.488950198000055],[90.63820373300007,22.490183196000032],[90.63600068900007,22.49325545800008],[90.64900796900008,22.490474582000047],[90.64797344000004,22.507866601000046],[90.64419399700006,22.514341399000045],[90.64310974200004,22.522587257000055],[90.63429501900004,22.534515326000076],[90.63104550500003,22.541399892000072],[90.64398818100005,22.528546239000036],[90.64464802100008,22.533876838000026],[90.64218807800006,22.544463092000058],[90.64689640200004,22.53327018400006],[90.65433800500006,22.540885375000073],[90.65415606700003,22.546001120000028],[90.65149667300005,22.54959713200003],[90.62922513200004,22.551326249000056],[90.63099737400006,22.544985310000072],[90.62691093400008,22.550901671000076],[90.61808978800008,22.549541804000057]]],[[[90.62844919300005,22.552464418000056],[90.64142507500009,22.552840314000036],[90.62946769600006,22.553611095000065],[90.62844919300005,22.552464418000056]]],[[[90.58623413900006,22.547357748000024],[90.59496622500006,22.543210559000045],[90.59971108000008,22.547196278000058],[90.59782660800005,22.542781584000068],[90.60440378400006,22.546402100000023],[90.60557811600006,22.55016218700007],[90.59819172300007,22.55275172100005],[90.60321183600007,22.553397794000034],[90.60648833800008,22.552309901000058],[90.60701390600008,22.554757736000056],[90.59964723600007,22.560834546000024],[90.58268750300005,22.558820280000077],[90.58623413900006,22.547357748000024]]],[[[90.66799960300006,22.54453555400005],[90.67040956400007,22.52740288900003],[90.66735663300005,22.50533200700005],[90.67197225800004,22.48102894500005],[90.67173140700004,22.47366835200006],[90.67391056200006,22.467014429000074],[90.67160636700004,22.426391272000046],[90.67362209100008,22.41457183800003],[90.67907785600005,22.41111421000005],[90.68523918000005,22.41562963000007],[90.69215330200007,22.416710747000025],[90.69675340700007,22.413686987000062],[90.70229872700008,22.413310953000064],[90.70802561400006,22.409946603000037],[90.71644340300008,22.409069378000027],[90.72357732300009,22.41614964200005],[90.73091193200008,22.42720600800004],[90.73243841300007,22.42564756400003],[90.72774102200003,22.40502404800003],[90.73720943900008,22.398045551000052],[90.74425627500005,22.395527320000042],[90.75342338500008,22.39611779100005],[90.75978712800008,22.399141386000053],[90.76470928100008,22.404202702000077],[90.77717809100005,22.40692671900007],[90.78335584500007,22.413316675000033],[90.78914689100009,22.42435547100007],[90.79028443500005,22.432097597000052],[90.78820621900007,22.436727002000055],[90.79174561000008,22.444401465000055],[90.79667242200009,22.44511261300005],[90.80536743400006,22.441191832000072],[90.80751805400007,22.45409053800006],[90.80522572000007,22.46303640600007],[90.81173867500007,22.46634897900003],[90.80983773600008,22.46673652900006],[90.81006969200007,22.468600777000063],[90.80682244700006,22.46792203900003],[90.80861865900005,22.471047098000042],[90.80792524400005,22.47236183900003],[90.81138371800006,22.47205258400004],[90.81222566400004,22.474025830000073],[90.81455951200007,22.47462127600005],[90.81528961500004,22.47294103200005],[90.81362739600007,22.46938487500006],[90.81611888800006,22.47025220300003],[90.81655522500006,22.467689007000047],[90.82074914700007,22.467060503000027],[90.82189828100007,22.468778069000052],[90.82302919100005,22.464422972000023],[90.82579988000003,22.466384599000037],[90.81516963000007,22.47984264100006],[90.79826904300006,22.49269037700003],[90.77411919600007,22.516231479000055],[90.76632438500008,22.530226913000035],[90.76223947300008,22.543140754000035],[90.75755802400005,22.54501162300005],[90.75560662600003,22.547746089000043],[90.75563507800007,22.552413156000057],[90.75157145300005,22.56079860400007],[90.74923868000008,22.558151675000033],[90.74397263500003,22.56086528000003],[90.73484112100004,22.55974759700007],[90.71410372800005,22.563393748000067],[90.71127215400008,22.557352708000053],[90.70288128600004,22.550078358000064],[90.69480843000008,22.546296188000042],[90.68295441900005,22.54366877700005],[90.67829872100003,22.538231335000035],[90.67082997900008,22.53479769100005],[90.67280386000004,22.542912638000075],[90.66799960300006,22.54453555400005]]]]}},{"type":"Feature","id":"bhola-charfesson","properties":{"canonical_id":"bhola-charfesson","name_en":"Charfesson","name_bn":"চরফ্যাশন","district_id":"bhola","division_id":"barisal","pcode":"BD-A-07-333","parent_pcode":"BD1009","source_name":"Charfesson","match_method":"exact_name_or_alias","boundary_reference_year":"2020","boundary_source":"geoBoundaries gbOpen BGD ADM3 / BBS, OCHA ROAP","source_dataset_updated":"2026-08-09"},"geometry":{"type":"MultiPolygon","coordinates":[[[[90.77172486200004,21.855948469000055],[90.79044702900006,21.861251478000042],[90.81051746300005,21.863310628000022],[90.82943720300005,21.884195651000027],[90.83338433900008,21.894665131000068],[90.83199069700004,21.89888741900006],[90.81604486000003,21.911907722000024],[90.80975737100005,21.914683737000075],[90.80419271200003,21.91529909700006],[90.81169491700007,21.92290875200007],[90.82253307700006,21.925795769000047],[90.82170774900004,21.92844687300004],[90.81877290300008,21.929637917000036],[90.80666403400005,21.925090391000026],[90.78964677200008,21.906644577000066],[90.77116048700003,21.86810719400006],[90.76815921300005,21.856847368000047],[90.77172486200004,21.855948469000055]]],[[[90.72865305100004,21.858335270000055],[90.73578591300009,21.861219678000055],[90.74198724400009,21.86697662000006],[90.74792751900009,21.886502364000023],[90.76127193600007,21.910822207000024],[90.76030603900006,21.926746270000024],[90.75623318900006,21.93164123400004],[90.74616736400009,21.932117477000077],[90.73715602000004,21.928429270000038],[90.73406666100004,21.925479031000066],[90.72292878800005,21.906405757000073],[90.71574567400006,21.899075095000057],[90.71653834400007,21.888554369000076],[90.71187994300004,21.868447909000054],[90.71593712700007,21.860446567000054],[90.72865305100004,21.858335270000055]]],[[[90.60695238700004,21.923815512000033],[90.60665044000007,21.912106390000076],[90.60456043600004,21.90236146700005],[90.60923275800008,21.904925814000023],[90.61104166500007,21.90855233600007],[90.61319936700005,21.933977721000076],[90.61684995800005,21.95461653500007],[90.61754467700007,21.961306939000053],[90.61721917000006,21.968909402000065],[90.61141380900006,21.965775889000042],[90.61003205200007,21.96355830400006],[90.61466443900008,21.95986378400005],[90.61480636800007,21.943460877000064],[90.61266741700007,21.933699638000064],[90.60695238700004,21.923815512000033]]],[[[90.68238253000004,21.976133256000026],[90.65275077900009,21.974676157000033],[90.63581745100004,21.976176805000023],[90.63330155300008,21.97523031000003],[90.62603227500006,21.959625483000025],[90.62192491600007,21.93435120600003],[90.62100377500008,21.91690513700007],[90.61281776000004,21.89570957500007],[90.61413098900005,21.891258633000064],[90.62229893400007,21.890749992000053],[90.63276586500007,21.894630169000038],[90.64740070200008,21.896724574000075],[90.68001200800006,21.930344598000033],[90.69187591400004,21.951999001000047],[90.70020846700004,21.973954631000026],[90.68238253000004,21.976133256000026]]],[[[90.60178566300004,21.967568065000023],[90.60284485000005,21.973124519000066],[90.59922109800004,21.976866700000073],[90.58728844400008,21.98393598900003],[90.58467487800004,21.976838976000067],[90.58682242500004,21.97424975200005],[90.60178566300004,21.967568065000023]]],[[[90.86807513100007,21.97699503900003],[90.86047908200004,21.98793446700006],[90.85662579600006,21.99077519100007],[90.85431895100004,21.990739510000026],[90.83968466900006,21.982066804000056],[90.83143731500007,21.96528130400003],[90.83169806300003,21.957248759000038],[90.83818482000004,21.931640233000053],[90.84298747400004,21.924970596000037],[90.84895570600008,21.92054174200007],[90.85382308900006,21.920612250000033],[90.85578772600007,21.923518047000073],[90.85496376000003,21.931458133000035],[90.84962829200003,21.93894335500005],[90.85247942800004,21.940171613000075],[90.85328999900008,21.94284428900005],[90.85957093400003,21.939226199000075],[90.86255613800006,21.945712193000077],[90.86248355300006,21.950636365000037],[90.86508886000007,21.957793365000043],[90.86111616800008,21.96608453700003],[90.86238305400008,21.972196688000054],[90.86153245100007,21.975691075000043],[90.86348156100007,21.975871957000038],[90.86643343800006,21.972510182000065],[90.86847421000004,21.97512855100007],[90.86807513100007,21.97699503900003]]],[[[90.76170186700006,21.986217599000042],[90.76663917000008,21.98930176300007],[90.77370245000003,21.996869636000042],[90.76272490300005,21.99548689100004],[90.75398163600005,21.989982076000047],[90.75417802800007,21.988307891000034],[90.76170186700006,21.986217599000042]]],[[[90.81804708700008,21.944840184000043],[90.81874593000003,21.95062102600008],[90.81701465500004,21.957035620000056],[90.82101822000004,21.962561133000065],[90.82521561400006,21.97496946900003],[90.83195590800005,21.988320694000038],[90.83218734100006,21.992813071000057],[90.82985624700007,21.997462126000073],[90.82065387500006,21.988377612000022],[90.80735220700006,21.965640606000022],[90.77994345100007,21.934556048000047],[90.77686224900003,21.919129344000055],[90.77877793900007,21.913431323000054],[90.78046280400008,21.912371708000023],[90.78195556900005,21.913703084000076],[90.78655717600003,21.926014976000033],[90.78939267700008,21.929156831000057],[90.79044834000007,21.934792706000053],[90.79256166500005,21.936981485000047],[90.79984726200007,21.938762892000057],[90.80769513400008,21.944700263000072],[90.81521446800008,21.942368486000078],[90.81804708700008,21.944840184000043]]],[[[90.69208203700003,21.979935002000047],[90.70563658100008,21.989725375000035],[90.70867104300004,21.99693086600007],[90.70595512800008,21.997085995000077],[90.70008627200008,21.991995837000047],[90.68118582800008,21.98973300600005],[90.67815450200004,21.988215678000074],[90.67804454300006,21.986734242000068],[90.68307324900007,21.982458560000055],[90.68813583500008,21.97999930700007],[90.69208203700003,21.979935002000047]]],[[[90.84081760600009,21.99166974600007],[90.84710830400007,21.997851884000056],[90.83891010800005,22.011566042000027],[90.83585788000005,22.002498850000052],[90.83639464300006,21.99790686800003],[90.83889560400007,21.99602971400003],[90.84081760600009,21.99166974600007]]],[[[90.71399137700007,21.999871839000036],[90.72597629300003,22.012652185000036],[90.72548305500004,22.014250864000076],[90.71143921400005,22.002034184000024],[90.71122681000008,22.000600935000023],[90.71399137700007,21.999871839000036]]],[[[90.78055215600006,22.00266950200006],[90.78452982400006,22.003606716000036],[90.78659568300009,22.006345422000038],[90.78947074700005,22.02332626900005],[90.78789124000008,22.02515055200007],[90.77527024400007,22.021195130000024],[90.77283116700005,22.015852576000043],[90.77299417900008,22.00805938600007],[90.76879753600008,22.004589433000035],[90.77209325400008,22.002590127000076],[90.78055215600006,22.00266950200006]]],[[[90.58983180700005,21.986872900000037],[90.60621572500008,21.977593687000024],[90.62070868800004,21.986527222000063],[90.62249143100007,21.990918746000034],[90.62033988800005,21.995975076000036],[90.61056504700008,22.00694039800004],[90.60662370400007,22.01446081000006],[90.59430402300006,22.029278098000077],[90.59112763700006,22.029863265000074],[90.58245144400007,22.022540718000073],[90.59270089400007,21.996051863000048],[90.59244337600006,21.990609343000074],[90.58983180700005,21.986872900000037]]],[[[90.72893927300004,22.017775205000078],[90.73561629200003,22.020884436000074],[90.74223951800008,22.029768094000076],[90.75313796000006,22.03999655800004],[90.75710522600008,22.053268160000073],[90.74859580600008,22.053832965000026],[90.74064267800009,22.048180518000038],[90.72320291300008,22.022061043000065],[90.72066039100008,22.016000759000065],[90.72270802600008,22.01546607000006],[90.72893927300004,22.017775205000078]]],[[[90.57856315100008,22.051480535000053],[90.58776224700006,22.056840645000023],[90.59106109400005,22.06079648900004],[90.59840601500008,22.08778038300005],[90.60783172600009,22.10882797900007],[90.60498719300006,22.121554958000047],[90.60481070000009,22.138843002000044],[90.60034388000008,22.15183306600005],[90.59893615200008,22.164793444000054],[90.60019446800004,22.171051427000066],[90.60392069000005,22.178256186000056],[90.60317321700006,22.18351763900006],[90.59990802300007,22.188119009000047],[90.58555077300008,22.18478458800007],[90.57620786300004,22.16224783100006],[90.57001567800006,22.151682417000075],[90.57257077400004,22.146802647000072],[90.58334659000008,22.140880136000078],[90.58466499700006,22.140190234000045],[90.58380658600004,22.128374369000028],[90.58097053800003,22.121316939000053],[90.58565320000008,22.106378853000024],[90.58585161800005,22.08736228400005],[90.57982480800007,22.068709460000036],[90.57856315100008,22.051480535000053]]],[[[90.58675733000007,22.189038694000033],[90.60737019000004,22.19334890400006],[90.61852785400004,22.197609383000042],[90.62540554300006,22.20312860300004],[90.62786841000008,22.20283229300003],[90.63253407400003,22.212948994000044],[90.63164022800004,22.242591606000076],[90.62989901800006,22.24369768300005],[90.62153596900004,22.24347691500003],[90.60162053900007,22.211120485000038],[90.59257136300005,22.20097284700006],[90.58675733000007,22.189038694000033]]],[[[90.82625151600007,22.194299658000034],[90.81895165200007,22.205144012000062],[90.80572465600005,22.20443649300006],[90.80322662500004,22.205406416000073],[90.80252636100005,22.207442753000066],[90.80525384700007,22.216287460000046],[90.80451904200004,22.22215880500005],[90.79860058000008,22.23363289300005],[90.79232673100006,22.239778023000042],[90.79733144400006,22.245670947000065],[90.79669240900006,22.24742747600004],[90.78302543700005,22.25359787900004],[90.78081065700007,22.251250440000035],[90.77588313900009,22.249927159000038],[90.77467576100008,22.253387205000024],[90.77731437900007,22.261213373000032],[90.76736727700006,22.261586436000073],[90.76606096400008,22.26620519000005],[90.76301655500004,22.268019779000042],[90.75963153300006,22.268669420000037],[90.75844559800004,22.267205560000036],[90.75935765200006,22.255570300000045],[90.75259917000005,22.25632472500007],[90.74961197600004,22.25851257200003],[90.74946949200006,22.253737452000053],[90.74339823500009,22.252304115000072],[90.74171862500003,22.258851708000066],[90.73906724500006,22.261153861000025],[90.73559188700006,22.25797363500004],[90.72495283500007,22.255067379000025],[90.72138412000004,22.251806229000067],[90.71170492500005,22.251938393000046],[90.71137981100009,22.25049609100006],[90.71434927700005,22.249747654000032],[90.71405890400007,22.248463016000073],[90.70614494800003,22.24569426100004],[90.70081280900007,22.24638217100005],[90.69237398700005,22.250156670000024],[90.68804958300007,22.248465931000055],[90.68256785500006,22.249744190000058],[90.67251434900004,22.248198665000075],[90.66841746500006,22.25617642700007],[90.66449593800007,22.24973635400005],[90.65078256000004,22.216089485000055],[90.64607506300007,22.208268141000076],[90.62547663600003,22.182486101000052],[90.62146016600008,22.179585161000034],[90.61236395800006,22.16527798900006],[90.61616598400008,22.166124162000074],[90.61766751000005,22.169178212000077],[90.62131488200004,22.169976853000037],[90.62295303000008,22.168918977000033],[90.62005837700008,22.140820432000055],[90.62089644300005,22.11672098500003],[90.62328401400003,22.115901360000066],[90.62332837800005,22.11427589400006],[90.62059505000008,22.11113112700008],[90.61786566100005,22.096895182000026],[90.59831617800006,22.047153845000025],[90.59637935400008,22.037647569000058],[90.59754046000006,22.033340775000056],[90.61629428300006,22.006643136000037],[90.61931394400006,22.005388985000025],[90.63002823500005,21.993730968000023],[90.63848493500006,21.99341143600003],[90.68458760000004,21.999800150000056],[90.69880407400007,22.007220475000054],[90.71109991200007,22.016918541000052],[90.71672513900006,22.027221722000036],[90.72426007200005,22.036797470000067],[90.74075319400004,22.053120793000062],[90.75669134000003,22.060744589000024],[90.77647181500004,22.07671433200005],[90.77815387400005,22.074794245000078],[90.78098989700004,22.07750559400006],[90.79285076300005,22.098243489000026],[90.79536738400003,22.10793565000006],[90.80325226000008,22.114254951000078],[90.80590045100007,22.11983500100007],[90.81054733100007,22.124974853000026],[90.81479354300006,22.14068135100007],[90.81769178100006,22.162936056000035],[90.82625151600007,22.194299658000034]]]]}},{"type":"Feature","id":"bhola-doulatkhan","properties":{"canonical_id":"bhola-doulatkhan","name_en":"Doulatkhan","name_bn":"দৌলতখান","district_id":"bhola","division_id":"barisal","pcode":"BD-A-07-334","parent_pcode":"BD1009","source_name":"Doulatkhan","match_method":"exact_name_or_alias","boundary_reference_year":"2020","boundary_source":"geoBoundaries gbOpen BGD ADM3 / BBS, OCHA ROAP","source_dataset_updated":"2026-08-09"},"geometry":{"type":"MultiPolygon","coordinates":[[[[90.87442441100006,22.570066300000065],[90.85932739500004,22.579562382000063],[90.85551602000004,22.57915251000003],[90.85359634500008,22.57672486100006],[90.84090845500003,22.56999729100005],[90.84215643200008,22.569084321000048],[90.87442441100006,22.570066300000065]]],[[[90.74677327300003,22.660145400000033],[90.74698062000004,22.662713862000032],[90.74467711400007,22.66535357600003],[90.74068749500003,22.665790429000026],[90.74163458200007,22.66226077600004],[90.74677327300003,22.660145400000033]]],[[[90.71182082200005,22.650474148000058],[90.70848559600006,22.662917503000074],[90.70402613700008,22.667143629000066],[90.70198772100008,22.66132093400006],[90.71182082200005,22.650474148000058]]],[[[90.67280386000004,22.542912638000075],[90.67082997900008,22.53479769100005],[90.67829872100003,22.538231335000035],[90.68295441900005,22.54366877700005],[90.69480843000008,22.546296188000042],[90.70288128600004,22.550078358000064],[90.71127215400008,22.557352708000053],[90.71410372800005,22.563393748000067],[90.73484112100004,22.55974759700007],[90.74397263500003,22.56086528000003],[90.74923868000008,22.558151675000033],[90.75157145300005,22.56079860400007],[90.75563507800007,22.552413156000057],[90.75560662600003,22.547746089000043],[90.75755802400005,22.54501162300005],[90.76223947300008,22.543140754000035],[90.75881955400007,22.578734066000038],[90.75870360200008,22.595082862000027],[90.75129316200008,22.605108106000046],[90.74000167400004,22.61590045300005],[90.72823943200007,22.618822376000026],[90.71490543300007,22.61673124400005],[90.70912778800005,22.619625005000046],[90.71542391000008,22.61738611800007],[90.72608417900005,22.62021284800005],[90.71347917200006,22.634019714000033],[90.70039019700005,22.65759598900007],[90.69909569000004,22.667200791000027],[90.69567383200007,22.666990415000043],[90.69171090600008,22.663696538000067],[90.68878742200008,22.663617387000045],[90.68352034100008,22.64775912400006],[90.66355288400007,22.64201133100005],[90.66106201300005,22.644281127000056],[90.66039251400008,22.642668017000062],[90.66008175700006,22.63058443500006],[90.66149746400004,22.626987498000062],[90.65771887900007,22.623037598000053],[90.65636921300006,22.610191788000066],[90.65878016900007,22.57026654300006],[90.66646318400007,22.55684455900007],[90.66983375500007,22.554683665000027],[90.67040388600003,22.551277320000054],[90.67412688200005,22.546128140000064],[90.67280386000004,22.542912638000075]]],[[[90.69904509800006,22.673664424000037],[90.69811638800007,22.676487748000056],[90.69440543600007,22.67980587900007],[90.69461046600009,22.67678528600004],[90.69904509800006,22.673664424000037]]],[[[90.74452545200006,22.669828899000038],[90.74151526600008,22.675148832000048],[90.74084236500005,22.684090732000072],[90.73473134900007,22.68775171300007],[90.73061859400008,22.67954876400006],[90.73102619700006,22.668982656000026],[90.73489277100003,22.669634280000025],[90.74369066500003,22.667777124000054],[90.74523920800004,22.66839153600006],[90.74452545200006,22.669828899000038]]],[[[90.69562898400005,22.723309051000058],[90.69614657800008,22.719394221000073],[90.72103019400004,22.679226374000052],[90.72301541300004,22.69441832800004],[90.72765025800004,22.703766316000042],[90.72779130100008,22.717325561000052],[90.72408559700006,22.722630835000075],[90.71612618700004,22.727984492000076],[90.72538785400008,22.725373321000063],[90.72772494200007,22.728828388000068],[90.70870704200007,22.75100964300003],[90.70516686600007,22.745232689000034],[90.70282870000005,22.746514434000062],[90.70205233100006,22.743006138000055],[90.70306379900006,22.739519622000046],[90.71274003900004,22.73484350600006],[90.71589247600008,22.72845301500007],[90.69674379000008,22.72592133300003],[90.69562898400005,22.723309051000058]]]]}},{"type":"Feature","id":"bhola-lalmohan","properties":{"canonical_id":"bhola-lalmohan","name_en":"Lalmohan","name_bn":"লালমোহন","district_id":"bhola","division_id":"barisal","pcode":"BD-A-07-337","parent_pcode":"BD1009","source_name":"Lalmohan","match_method":"exact_name_or_alias","boundary_reference_year":"2020","boundary_source":"geoBoundaries gbOpen BGD ADM3 / BBS, OCHA ROAP","source_dataset_updated":"2026-08-09"},"geometry":{"type":"MultiPolygon","coordinates":[[[[90.66436988700008,22.25901697300003],[90.67213449400003,22.271796813000037],[90.67381574000007,22.29033782700003],[90.67119256900008,22.28963163000003],[90.66990054100006,22.277208030000054],[90.66436988700008,22.25901697300003]]],[[[90.87348194400005,22.288366219000068],[90.87419989000006,22.29230607200003],[90.86973549300006,22.293047096000066],[90.87086724300008,22.28916901300005],[90.87348194400005,22.288366219000068]]],[[[90.87400263100005,22.297756633000063],[90.87732436200008,22.29910108000007],[90.87929285800004,22.305830581000066],[90.87597944400005,22.305848508000054],[90.87419644000005,22.304137234000052],[90.87146525900005,22.298630726000056],[90.87400263100005,22.297756633000063]]],[[[90.85394019300008,22.33620391900007],[90.85838154700008,22.34028422600005],[90.85724797700004,22.343682887000057],[90.85598641700005,22.34342447800003],[90.85394019300008,22.33620391900007]]],[[[90.67408315000006,22.292583612000044],[90.67945307100007,22.33003982100007],[90.67996684000008,22.35126260800007],[90.67751422500004,22.354188828000076],[90.67557059000006,22.35077906400005],[90.67460856900004,22.32176586500003],[90.67072679400007,22.294246762000057],[90.67120809100004,22.29288235100006],[90.67408315000006,22.292583612000044]]],[[[90.67885290700008,22.355120761000023],[90.67605934700003,22.36200434500006],[90.67648086600008,22.35614670800004],[90.67885290700008,22.355120761000023]]],[[[90.66071807700007,22.355848740000056],[90.66460868100006,22.351953078000065],[90.66692408500006,22.352541203000044],[90.66896327100005,22.342434113000024],[90.66948881700006,22.36325713900004],[90.66776157300006,22.37822705900004],[90.66402619200005,22.38182771700008],[90.66017110100006,22.381843493000076],[90.65823957100008,22.36602752500005],[90.66071807700007,22.355848740000056]]],[[[90.66784795100006,22.388566148000052],[90.66517766800007,22.40093224700007],[90.66088237500009,22.403888377000044],[90.66076811600004,22.394872856000063],[90.66355784300004,22.39252394400006],[90.66426309400003,22.389782968000077],[90.66784795100006,22.388566148000052]]],[[[90.66087803500005,22.40772181500006],[90.66775380400009,22.398984733000077],[90.67109607100008,22.387534996000056],[90.67304389800006,22.386427324000067],[90.67466433100003,22.391965893000076],[90.67402789100004,22.398613159000035],[90.67019940500006,22.413136998000027],[90.66847488700006,22.409977811000033],[90.66184058500005,22.409665783000037],[90.66087803500005,22.40772181500006]]],[[[90.67362209100008,22.41457183800003],[90.67797074800006,22.392184970000073],[90.67454487200007,22.367687271000023],[90.67996807100008,22.359896654000067],[90.68130367400005,22.370288360000075],[90.68435023300003,22.330204130000027],[90.67730202100006,22.275115628000037],[90.67220480600008,22.26175138600007],[90.66841746500006,22.25617642700007],[90.67251434900004,22.248198665000075],[90.68256785500006,22.249744190000058],[90.68804958300007,22.248465931000055],[90.69237398700005,22.250156670000024],[90.70081280900007,22.24638217100005],[90.70614494800003,22.24569426100004],[90.71405890400007,22.248463016000073],[90.71434927700005,22.249747654000032],[90.71137981100009,22.25049609100006],[90.71170492500005,22.251938393000046],[90.72138412000004,22.251806229000067],[90.72495283500007,22.255067379000025],[90.73559188700006,22.25797363500004],[90.73906724500006,22.261153861000025],[90.74171862500003,22.258851708000066],[90.74339823500009,22.252304115000072],[90.74946949200006,22.253737452000053],[90.74961197600004,22.25851257200003],[90.75259917000005,22.25632472500007],[90.75935765200006,22.255570300000045],[90.75844559800004,22.267205560000036],[90.75963153300006,22.268669420000037],[90.76301655500004,22.268019779000042],[90.76606096400008,22.26620519000005],[90.76736727700006,22.261586436000073],[90.77731437900007,22.261213373000032],[90.77467576100008,22.253387205000024],[90.77588313900009,22.249927159000038],[90.78081065700007,22.251250440000035],[90.78302543700005,22.25359787900004],[90.79669240900006,22.24742747600004],[90.79733144400006,22.245670947000065],[90.79232673100006,22.239778023000042],[90.79860058000008,22.23363289300005],[90.80451904200004,22.22215880500005],[90.80525384700007,22.216287460000046],[90.80252636100005,22.207442753000066],[90.80322662500004,22.205406416000073],[90.80572465600005,22.20443649300006],[90.81895165200007,22.205144012000062],[90.82625151600007,22.194299658000034],[90.83109357200004,22.224924775000034],[90.84066457700004,22.26292714300007],[90.84301255700007,22.286195233000058],[90.84264880400008,22.294132313000034],[90.83610204800004,22.324759915000072],[90.83637026700006,22.343892793000066],[90.83032043600008,22.344415398000024],[90.82672581700007,22.346928181000067],[90.82420152000003,22.345274912000036],[90.81515207800004,22.351643658000057],[90.81038183700008,22.352783527000042],[90.79530194300008,22.365569719000064],[90.78760717900008,22.358327360000033],[90.78585248800005,22.358244420000062],[90.78303588900008,22.362999880000075],[90.77380481200004,22.368800392000026],[90.76876070900005,22.374078060000045],[90.76592171900006,22.384888141000033],[90.76517715100005,22.39338977700004],[90.76645724900004,22.400297546000047],[90.76470928100008,22.404202702000077],[90.75978712800008,22.399141386000053],[90.75342338500008,22.39611779100005],[90.74425627500005,22.395527320000042],[90.73720943900008,22.398045551000052],[90.72774102200003,22.40502404800003],[90.73243841300007,22.42564756400003],[90.73091193200008,22.42720600800004],[90.72357732300009,22.41614964200005],[90.71644340300008,22.409069378000027],[90.70802561400006,22.409946603000037],[90.70229872700008,22.413310953000064],[90.69675340700007,22.413686987000062],[90.69215330200007,22.416710747000025],[90.68523918000005,22.41562963000007],[90.67907785600005,22.41111421000005],[90.67362209100008,22.41457183800003]]]]}},{"type":"Feature","id":"bhola-monpura","properties":{"canonical_id":"bhola-monpura","name_en":"Monpura","name_bn":"মনপুরা","district_id":"bhola","division_id":"barisal","pcode":"BD-A-07-335","parent_pcode":"BD1009","source_name":"Monpura","match_method":"exact_name_or_alias","boundary_reference_year":"2020","boundary_source":"geoBoundaries gbOpen BGD ADM3 / BBS, OCHA ROAP","source_dataset_updated":"2026-08-09"},"geometry":{"type":"MultiPolygon","coordinates":[[[[90.89093358400004,22.04979089400007],[90.89642958900004,22.055305944000054],[90.89794991600007,22.064619340000036],[90.89331812800003,22.08247566400007],[90.89528018300007,22.084472685000037],[90.88980673300006,22.090956058000074],[90.88591366800006,22.09183766900003],[90.88003987500008,22.083503835000045],[90.87864100800005,22.06046980700006],[90.88009513700007,22.05515575900006],[90.88345437000004,22.050978721000035],[90.89093358400004,22.04979089400007]]],[[[90.89562630200004,22.088827035000065],[90.88983927600003,22.098467165000045],[90.88637005400005,22.093323224000073],[90.89108434000008,22.09258053700006],[90.89562630200004,22.088827035000065]]],[[[90.87938451700006,22.100053568000078],[90.88320936900004,22.104717511000047],[90.89159179000006,22.10797070800004],[90.89415474100008,22.11584427500003],[90.89564832000008,22.116696554000043],[90.89442046200008,22.125403317000064],[90.88704636800009,22.119420309000077],[90.88418218500004,22.11264783300004],[90.87606345200004,22.102270284000042],[90.87620730700007,22.10064428100003],[90.87938451700006,22.100053568000078]]],[[[91.01746720500006,22.186968484000033],[91.01505079600008,22.17566270100008],[91.01726291100005,22.179726935000076],[91.01746720500006,22.186968484000033]]],[[[91.01365796200008,22.26984692700006],[91.01109506600005,22.26570248400003],[91.00941331300004,22.256773879000036],[91.01148388500008,22.244763012000078],[91.01340940500006,22.241213611000035],[91.01532635700005,22.242632311000023],[91.01278483100003,22.25767345500003],[91.01365796200008,22.26984692700006]]],[[[90.92325588800009,22.231544609000025],[90.93150073500004,22.247654902000022],[90.93624038600007,22.26158583800003],[90.93923985000004,22.28393992200006],[90.93900303600003,22.286905113000046],[90.93762133700005,22.287678121000056],[90.93133336700004,22.284415973000023],[90.93213637900004,22.281638653000073],[90.92952848600004,22.267790868000077],[90.91940307500005,22.235151624000025],[90.91969617200004,22.23285544500004],[90.92325588800009,22.231544609000025]]],[[[90.89871386100003,22.207446037000068],[90.90425718000006,22.23131681900003],[90.90345658700005,22.23858737000006],[90.90675092700008,22.239907413000026],[90.90895187200005,22.246778697000025],[90.91163637800008,22.26478529800005],[90.91301598000007,22.283515890000047],[90.91007463100004,22.29725176200003],[90.89375402000007,22.247054081000044],[90.89503123200006,22.24198006000006],[90.89537733400005,22.215591009000036],[90.89651568200009,22.208939953000026],[90.89871386100003,22.207446037000068]]],[[[90.96513486500004,22.299993122000046],[90.96692187900004,22.30954262800003],[90.96526377300006,22.314954182000065],[90.96342451900006,22.316446878000022],[90.96105652300008,22.31206336300005],[90.96339795500006,22.301341798000067],[90.96513486500004,22.299993122000046]]],[[[91.01060689200006,22.283535346000065],[91.01431800100005,22.288866133000056],[91.01586638800006,22.29703046000003],[91.00991670400003,22.30897010500007],[90.99949522100007,22.324426569000025],[90.99788673600005,22.322237716000075],[91.00118869800008,22.306108146000042],[91.00805894000007,22.286323852000066],[91.01060689200006,22.283535346000065]]],[[[90.92890612400004,22.298005493000062],[90.93700060700007,22.302404539000065],[90.94004374100007,22.308075458000076],[90.94053616900004,22.31256588900004],[90.93655317000008,22.327742228000034],[90.93283425300007,22.324799863000067],[90.93449884400007,22.31632934000004],[90.92583039400006,22.29897920700006],[90.92613135200008,22.297877948000064],[90.92890612400004,22.298005493000062]]],[[[90.88854554700004,22.31890192000003],[90.89013456000004,22.32642234900004],[90.88883350200007,22.327863557000057],[90.88342022900008,22.324953305000065],[90.87750892600008,22.316308985000035],[90.88229441800007,22.317501982000067],[90.88659768700006,22.315542513000025],[90.88854554700004,22.31890192000003]]],[[[91.01901275200004,22.33230739800007],[91.01001134500007,22.336455251000075],[91.00773262300004,22.33393588900003],[91.00861040800004,22.320211415000074],[91.01680651100008,22.306297811000036],[91.01939718200003,22.29281602100008],[91.02091722000006,22.30704969900006],[91.02402640400004,22.31672872400003],[91.01901275200004,22.33230739800007]]],[[[90.99141406700005,22.329145569000048],[90.98871797500004,22.34388492000005],[90.98721409000007,22.34561493600006],[90.97889458800006,22.346334453000054],[90.96977710400006,22.343138985000053],[90.97249190900004,22.319604112000036],[90.97198582900006,22.302159759000062],[90.95870351000008,22.252811526000073],[90.94919855700005,22.229204939000056],[90.93224205300004,22.199241047000044],[90.93312802100007,22.198624514000073],[90.93101974600006,22.193720906000067],[90.91943285900004,22.172227746000033],[90.90184791200005,22.12681716700007],[90.89508057600005,22.09922391400005],[90.89489263400009,22.093823327000052],[90.89744308600007,22.099641188000078],[90.89862207500005,22.099539290000052],[90.90164787900005,22.079230022000047],[90.90983644400006,22.072444371000074],[90.91511905100003,22.072414903000038],[90.91975113300003,22.074922318000063],[90.93338537000005,22.108785459000046],[90.94877703100008,22.13202470300007],[90.95956476400005,22.145298592000074],[90.97477939000004,22.171266458000048],[90.97703496800005,22.171532428000035],[90.97563750100005,22.173078471000053],[90.98906619800005,22.199760603000072],[90.99413600600008,22.224635469000077],[91.00091440000006,22.277987377000045],[90.99831986200007,22.295928893000053],[90.99246628600008,22.314463941000042],[90.99141406700005,22.329145569000048]]],[[[90.91796015700004,22.285543696000047],[90.92127388700004,22.289540310000064],[90.92504261400006,22.30419403600007],[90.93067224300006,22.31649475100005],[90.93267309300006,22.327668902000028],[90.93692395500005,22.333285189000037],[90.93595429900006,22.341942820000043],[90.93167305500003,22.34722578900005],[90.92883558200003,22.345568926000055],[90.92345431200005,22.336039502000062],[90.91068191500005,22.30379735500003],[90.91796015700004,22.285543696000047]]],[[[90.87372824200008,22.334198010000023],[90.88613089300009,22.341171432000067],[90.89765810000006,22.355783124000027],[90.89750975100009,22.356692374000033],[90.89220702900008,22.355239625000024],[90.88902538200006,22.35592644700006],[90.88831156600008,22.361476915000026],[90.88262275400007,22.356179121000025],[90.88227564200008,22.35079338500003],[90.87537915100006,22.34501859100004],[90.87372824200008,22.334198010000023]]],[[[90.98978017800005,22.390960421000045],[90.94955729800006,22.38800659900005],[90.95421874800007,22.375108089000037],[90.96294580700004,22.366117640000027],[90.98989301000006,22.36485557800006],[90.99216375000003,22.366132305000065],[90.99417414600003,22.370661163000022],[90.99017511300008,22.391004017000057],[90.98978017800005,22.390960421000045]]]]}},{"type":"Feature","id":"bhola-tazumuddin","properties":{"canonical_id":"bhola-tazumuddin","name_en":"Tazumuddin","name_bn":"তজুমদ্দিন","district_id":"bhola","division_id":"barisal","pcode":"BD-A-07-336","parent_pcode":"BD1009","source_name":"Tazumuddin","match_method":"exact_name_or_alias","boundary_reference_year":"2020","boundary_source":"geoBoundaries gbOpen BGD ADM3 / BBS, OCHA ROAP","source_dataset_updated":"2026-08-09"},"geometry":{"type":"MultiPolygon","coordinates":[[[[90.85394019300008,22.33620391900007],[90.85556750700005,22.332559897000067],[90.85833636700005,22.331613106000077],[90.85838154700008,22.34028422600005],[90.85394019300008,22.33620391900007]]],[[[90.85724797700004,22.343682887000057],[90.85641221900005,22.344673374000024],[90.85598641700005,22.34342447800003],[90.85724797700004,22.343682887000057]]],[[[90.88831156600008,22.361476915000026],[90.88988259700005,22.385750207000058],[90.88800577700005,22.393743538000024],[90.88575757600006,22.395859246000043],[90.86490939700008,22.35787362900004],[90.86653381500008,22.342185581000024],[90.87090188700006,22.33398795000005],[90.87372824200008,22.334198010000023],[90.87537915100006,22.34501859100004],[90.88227564200008,22.35079338500003],[90.88262275400007,22.356179121000025],[90.88831156600008,22.361476915000026]]],[[[90.97227792600006,22.420598305000055],[90.96180566600003,22.41703271600005],[90.95478422600007,22.40894806500006],[90.95018039400009,22.400992572000064],[90.94955729800006,22.38800659900005],[90.98978017800005,22.390960421000045],[90.97227792600006,22.420598305000055]]],[[[90.95087613500004,22.464541818000043],[90.94626552900007,22.46309284000006],[90.93744741300009,22.455783051000026],[90.93777041700008,22.44645995700006],[90.93364830200005,22.43367293800003],[90.93423746900004,22.429510822000054],[90.94086533000007,22.421202923000067],[90.94760449700004,22.417960669000024],[90.96553641000008,22.423782026000026],[90.96773220900008,22.427628345000073],[90.96553015600006,22.435784717000047],[90.95087613500004,22.464541818000043]]],[[[90.89660761700009,22.45075687700006],[90.90197031700006,22.453021466000052],[90.90836154800007,22.463119600000027],[90.90879738100006,22.46679794100004],[90.90108511800008,22.46717572400007],[90.89319828500004,22.46439920800003],[90.89095670100005,22.459727246000057],[90.89102605100004,22.454516308000052],[90.89301050800003,22.45120703300006],[90.89660761700009,22.45075687700006]]],[[[90.76470928100008,22.404202702000077],[90.76645724900004,22.400297546000047],[90.76517715100005,22.39338977700004],[90.76592171900006,22.384888141000033],[90.76876070900005,22.374078060000045],[90.77380481200004,22.368800392000026],[90.78303588900008,22.362999880000075],[90.78585248800005,22.358244420000062],[90.78760717900008,22.358327360000033],[90.79530194300008,22.365569719000064],[90.81038183700008,22.352783527000042],[90.81515207800004,22.351643658000057],[90.82420152000003,22.345274912000036],[90.82672581700007,22.346928181000067],[90.83032043600008,22.344415398000024],[90.83637026700006,22.343892793000066],[90.84365391400007,22.375821924000036],[90.84829032800008,22.38607528600005],[90.85834398000009,22.399311355000066],[90.86446633800006,22.410940373000074],[90.86517602400005,22.423367163000023],[90.86193224000004,22.430985014000044],[90.84810135100008,22.439566900000045],[90.83123717500007,22.457198161000065],[90.82579988000003,22.466384599000037],[90.82302919100005,22.464422972000023],[90.82189828100007,22.468778069000052],[90.82074914700007,22.467060503000027],[90.81655522500006,22.467689007000047],[90.81611888800006,22.47025220300003],[90.81362739600007,22.46938487500006],[90.81528961500004,22.47294103200005],[90.81455951200007,22.47462127600005],[90.81222566400004,22.474025830000073],[90.81138371800006,22.47205258400004],[90.80792524400005,22.47236183900003],[90.80861865900005,22.471047098000042],[90.80682244700006,22.46792203900003],[90.81006969200007,22.468600777000063],[90.80983773600008,22.46673652900006],[90.81173867500007,22.46634897900003],[90.80522572000007,22.46303640600007],[90.80751805400007,22.45409053800006],[90.80536743400006,22.441191832000072],[90.79667242200009,22.44511261300005],[90.79174561000008,22.444401465000055],[90.78820621900007,22.436727002000055],[90.79028443500005,22.432097597000052],[90.78914689100009,22.42435547100007],[90.78335584500007,22.413316675000033],[90.77717809100005,22.40692671900007],[90.76470928100008,22.404202702000077]]],[[[90.88437809700008,22.51707741200005],[90.86873448500006,22.529017113000066],[90.85628660900005,22.542181584000048],[90.85299778900009,22.542963782000072],[90.85309139100008,22.537227119000022],[90.86092038500004,22.52599990400006],[90.86306568200007,22.498598182000023],[90.86637974200005,22.493752349000033],[90.88248735100007,22.490701452000053],[90.90100167800006,22.494088412000053],[90.90538855300008,22.49626258400008],[90.90496508000007,22.502335897000023],[90.88437809700008,22.51707741200005]]],[[[90.85023264200004,22.53676432900005],[90.85035081100006,22.543455997000024],[90.85237090500004,22.545596368000076],[90.84534938100006,22.550365758000055],[90.84175155500003,22.551053658000058],[90.84171504900007,22.54082443300007],[90.84508932400007,22.528712781000024],[90.84632915200007,22.529518986000028],[90.84624855600003,22.533247927000048],[90.84492605500003,22.53574074100004],[90.85023264200004,22.53676432900005]]],[[[90.84090845500003,22.56999729100005],[90.83994427500005,22.566280323000058],[90.84096095200005,22.564219643000058],[90.85496227300007,22.55245019800003],[90.85747011000007,22.547810377000076],[90.85814184300006,22.548514216000058],[90.86398890000004,22.542921505000038],[90.87497720300007,22.530863921000048],[90.90384768700005,22.507759881000027],[90.91181651800008,22.503078362000053],[90.91979228400004,22.495576068000048],[90.92736509600007,22.493285925000066],[90.93392740200005,22.49373046100004],[90.93211333700003,22.49701664400004],[90.89375066900004,22.56028032100005],[90.88598808100005,22.56302168800005],[90.87442441100006,22.570066300000065],[90.84215643200008,22.569084321000048],[90.84090845500003,22.56999729100005]]]]}},{"type":"Feature","id":"jhalokati-jhalakathi-sadar","properties":{"canonical_id":"jhalokati-jhalakathi-sadar","name_en":"Jhalakathi Sadar","name_bn":"ঝালকাঠি সদর","district_id":"jhalokati","division_id":"barisal","pcode":"BD-A-25-302","parent_pcode":"BD1042","source_name":"Jhalakathi Sadar","match_method":"exact_name_or_alias","boundary_reference_year":"2020","boundary_source":"geoBoundaries gbOpen BGD ADM3 / BBS, OCHA ROAP","source_dataset_updated":"2026-08-09"},"geometry":{"type":"Polygon","coordinates":[[[90.24468091200004,22.754510565000032],[90.24117091800008,22.755656696000074],[90.23102521800007,22.750877312000057],[90.22793015500008,22.75354135200007],[90.22233926600006,22.75450427100003],[90.22101216300007,22.756410258000074],[90.22232689100008,22.75757999800004],[90.21639413900004,22.761361715000078],[90.21786133100005,22.770172417000026],[90.21561758800004,22.770651712000074],[90.21437583100004,22.769080667000026],[90.21203933900006,22.770015673000046],[90.21130901000004,22.773955069000067],[90.20528771800008,22.77295114900005],[90.20491863100006,22.776337300000023],[90.20298732300006,22.775943693000045],[90.20105246100007,22.77789714900007],[90.20235559900004,22.780883974000062],[90.19958553000004,22.782401177000054],[90.19884881100006,22.785163313000055],[90.19524562900006,22.78454867000005],[90.19169130300008,22.786409977000062],[90.18884361000005,22.78434634100006],[90.19035639500004,22.78256151100004],[90.18982311000008,22.78021873800003],[90.18484509200005,22.780175460000066],[90.18111454200005,22.775871489000053],[90.18082442200006,22.766169286000036],[90.18547710800004,22.76529953100004],[90.18000695300003,22.75794779000006],[90.17661285400004,22.757869713000048],[90.17715254900008,22.752680061000035],[90.18330742800003,22.745799823000027],[90.18843660300007,22.745114912000076],[90.18862401800004,22.743950745000063],[90.18619558000006,22.74310949900007],[90.18770758200003,22.741946889000076],[90.18183449700007,22.739282784000068],[90.17946054000004,22.735082780000027],[90.17270739400004,22.73115825900004],[90.17238374800007,22.72934846100003],[90.16560055500008,22.72787098300006],[90.16466984500005,22.72348687500005],[90.16203698600003,22.72073001800004],[90.15813747200008,22.71962163300003],[90.15673692700005,22.715516576000027],[90.15786476800008,22.712422511000057],[90.15532022100007,22.704832914000065],[90.15156087900004,22.704005407000068],[90.14933099600006,22.693479122000042],[90.14295957500008,22.686659296000073],[90.14226525900006,22.680717611000034],[90.13893444600006,22.677531860000045],[90.13822838800007,22.673614878000024],[90.11703059500007,22.666165827000043],[90.11100146800004,22.662716629000045],[90.10773011800006,22.659018917000026],[90.10113637600006,22.65804388400005],[90.09720318000007,22.655571592000058],[90.09933275200007,22.65188332400004],[90.09647969600007,22.646186642000032],[90.09649699400006,22.639598930000034],[90.10129044200005,22.637516478000066],[90.10039268300005,22.62625229400004],[90.10636530200009,22.62112366100007],[90.11008411200004,22.609730756000033],[90.11615341300006,22.60803995300006],[90.11947775100003,22.617553084000065],[90.12090500700003,22.617762336000055],[90.12190318700004,22.61485321500004],[90.12716793100003,22.61542137600003],[90.13042616500007,22.62027309000007],[90.12920589100008,22.62585309800005],[90.13284158800008,22.630113013000027],[90.13795575200004,22.630319018000023],[90.14030543500007,22.62083220100004],[90.13833871900005,22.61490397500006],[90.13958653100008,22.61116030200003],[90.14369409600005,22.611036695000053],[90.15115706800003,22.613693441000066],[90.15708614900007,22.61279875200006],[90.16036153500005,22.615331790000027],[90.16722331700004,22.612746729000037],[90.16695311400008,22.60780488200004],[90.16326884700004,22.605286225000043],[90.16143596800003,22.59953317000003],[90.17011719300007,22.597658979000073],[90.17205746800005,22.59365176600005],[90.17943134000006,22.593321580000065],[90.18048206900005,22.591919010000026],[90.18442213300006,22.591812057000027],[90.18436830900004,22.59591466200004],[90.18601949200007,22.596335660000022],[90.18896627900006,22.59325446500003],[90.20183559200007,22.58594050800008],[90.20313965700007,22.583138054000074],[90.20244076000006,22.576907763000065],[90.20341246400005,22.576379745000054],[90.21333211000007,22.584490948000052],[90.21392764800004,22.599632453000027],[90.21847012600006,22.60910292600005],[90.21604900500006,22.614653028000077],[90.21642843400008,22.619084780000037],[90.21442862800006,22.62214036100005],[90.21859556800007,22.630372245000046],[90.21868334900006,22.63530237200007],[90.21600504400004,22.637899859000072],[90.21743875400006,22.63889560000007],[90.21807192900008,22.64369709600004],[90.22042374200004,22.644196672000078],[90.22157492800005,22.64969841100003],[90.22400743200006,22.650933516000066],[90.22645005300006,22.658866617000058],[90.23139710500004,22.663555462000033],[90.24139702800005,22.665201806000027],[90.24189938400008,22.667885512000055],[90.24713428300004,22.669082409000055],[90.25123861100008,22.67348058500005],[90.25397052500006,22.67388618700005],[90.25482482500007,22.67162665500007],[90.25538340500003,22.67396214000007],[90.26226903800006,22.673425356000052],[90.26481600900007,22.67984393100005],[90.26771425500004,22.682788651000067],[90.26779368600006,22.687344666000058],[90.27525363900008,22.68889966200004],[90.27357124300005,22.691378090000057],[90.27314531800005,22.701518123000028],[90.27193308800008,22.70520371400005],[90.26990641300006,22.705725741000037],[90.26786336700007,22.71473303500005],[90.27267716500006,22.71955316900005],[90.27053855300005,22.73165865800007],[90.26888085100006,22.73368699300005],[90.26427163300008,22.736381092000045],[90.26326786000004,22.742400640000028],[90.25545720100007,22.752445012000067],[90.24468091200004,22.754510565000032]]]}},{"type":"Feature","id":"jhalokati-kathalia","properties":{"canonical_id":"jhalokati-kathalia","name_en":"Kathalia","name_bn":"কাঠালিয়া","district_id":"jhalokati","division_id":"barisal","pcode":"BD-A-25-303","parent_pcode":"BD1042","source_name":"Kathalia","match_method":"exact_name_or_alias","boundary_reference_year":"2020","boundary_source":"geoBoundaries gbOpen BGD ADM3 / BBS, OCHA ROAP","source_dataset_updated":"2026-08-09"},"geometry":{"type":"Polygon","coordinates":[[[90.09429722900006,22.34549716500004],[90.10120625300004,22.356048948000023],[90.11619408000007,22.364799271000038],[90.12297051000007,22.379021183000077],[90.14082812200007,22.404491516000064],[90.15346784600007,22.413109619000068],[90.15462313000006,22.41580013400005],[90.16719376400005,22.423228089000077],[90.17529116500003,22.43097503300004],[90.17696196200006,22.43837527200003],[90.17480769700006,22.457382015000064],[90.17993557000005,22.468857307000064],[90.18809159100005,22.480173921000073],[90.17923487000007,22.491337138000063],[90.17157884400007,22.494244841000068],[90.17135254600004,22.500448942000048],[90.16685589800005,22.503494470000078],[90.16119185300005,22.501696528000025],[90.15722382400008,22.50600094500004],[90.15307967400008,22.507868212000062],[90.15171650000008,22.511371891000067],[90.14583889400006,22.509161435000067],[90.13968414600004,22.50460694700007],[90.13179383400006,22.49118331300008],[90.13399019900004,22.48690442900005],[90.13325065800007,22.483633007000037],[90.12928092700008,22.477980331000026],[90.12584244500005,22.476968691000025],[90.12403063900007,22.469033916000058],[90.11039487500005,22.458710487000076],[90.105659,22.461918513000057],[90.10544941800003,22.45389098100003],[90.10070764900007,22.444663382000044],[90.09224615000005,22.444793505000064],[90.09030233800007,22.444192703000056],[90.09017880000005,22.441952023000056],[90.08324806100006,22.442000351000047],[90.08135502700009,22.43928711700005],[90.07721845000003,22.439943279000033],[90.07417275900008,22.452100148000056],[90.06969692800004,22.452382201000034],[90.06923334200008,22.454009393000035],[90.06798825300007,22.453161842000043],[90.06771906400007,22.456105953000076],[90.06516720300004,22.457615141000076],[90.06559814700006,22.462011764000067],[90.06359368400007,22.465234362000047],[90.06083973100004,22.46144250100008],[90.05790882700006,22.46124878200004],[90.05635122100006,22.455967472000054],[90.05641186700007,22.45346640500003],[90.06066176400003,22.451031010000065],[90.06168398500006,22.445302694000077],[90.05997683400005,22.443174949000024],[90.05546593400004,22.441687055000045],[90.04258752600003,22.443763456000056],[90.03630876900007,22.448615199000074],[90.02734646700009,22.444242463000023],[90.03052501100007,22.437082889000067],[90.03032374100007,22.433247077000033],[90.02748721900008,22.42797727900006],[90.02849108900006,22.420207434000076],[90.03212508200005,22.41827372000006],[90.03443788400006,22.40801520900004],[90.03878818900006,22.40228146100003],[90.03117399800004,22.39625673100005],[90.02544013300007,22.396071405000043],[90.02283891600007,22.394473867000045],[90.02361637100006,22.386922003000052],[90.01914006400006,22.371442169000034],[90.02361379100006,22.36803397700004],[90.03094870100006,22.367324965000023],[90.03370473600006,22.363122646000022],[90.03542196800004,22.36495566600007],[90.03595881900009,22.37519669900007],[90.04023997000007,22.36813176900006],[90.04476032100007,22.36438701900005],[90.04630730900004,22.360353361000023],[90.05167796200004,22.359786531000054],[90.05585841000004,22.35680638200006],[90.05085713100004,22.33691205300005],[90.05467864800005,22.338150196000072],[90.06142791500008,22.34359261700007],[90.06719662000006,22.341711764000024],[90.06995554200006,22.342219056000033],[90.07925928900005,22.352625339000042],[90.08684024400009,22.345680323000067],[90.09187495300006,22.344405976000075],[90.09429722900006,22.34549716500004]]]}},{"type":"Feature","id":"jhalokati-nalchity","properties":{"canonical_id":"jhalokati-nalchity","name_en":"Nalchity","name_bn":"নলছিটি","district_id":"jhalokati","division_id":"barisal","pcode":"BD-A-25-304","parent_pcode":"BD1042","source_name":"Nalchity","match_method":"exact_name_or_alias","boundary_reference_year":"2020","boundary_source":"geoBoundaries gbOpen BGD ADM3 / BBS, OCHA ROAP","source_dataset_updated":"2026-08-09"},"geometry":{"type":"Polygon","coordinates":[[[90.36906910500005,22.63141470000005],[90.37468902600006,22.641262346000076],[90.37413103000006,22.647022406000076],[90.37091489400007,22.650836492000053],[90.36397494800008,22.65208551300003],[90.35630373100008,22.650057441000058],[90.34982020000007,22.651657154000077],[90.33617252200008,22.659224167000048],[90.32711994600004,22.65934293600003],[90.32461591200007,22.655997703000025],[90.32609210600003,22.646906054000056],[90.32255790500005,22.646271651000063],[90.31719697400007,22.652769156000033],[90.31517878700004,22.66024009100005],[90.32052445800008,22.663544169000033],[90.32157817500007,22.670759506000024],[90.31989436300006,22.67336472200003],[90.29940798900003,22.68559256700007],[90.28992802500005,22.680059592000077],[90.27525363900008,22.68889966200004],[90.26779368600006,22.687344666000058],[90.26771425500004,22.682788651000067],[90.26481600900007,22.67984393100005],[90.26226903800006,22.673425356000052],[90.25538340500003,22.67396214000007],[90.25482482500007,22.67162665500007],[90.25397052500006,22.67388618700005],[90.25123861100008,22.67348058500005],[90.24713428300004,22.669082409000055],[90.24189938400008,22.667885512000055],[90.24139702800005,22.665201806000027],[90.23139710500004,22.663555462000033],[90.22645005300006,22.658866617000058],[90.22400743200006,22.650933516000066],[90.22157492800005,22.64969841100003],[90.22042374200004,22.644196672000078],[90.21807192900008,22.64369709600004],[90.21743875400006,22.63889560000007],[90.21600504400004,22.637899859000072],[90.21868334900006,22.63530237200007],[90.21859556800007,22.630372245000046],[90.21442862800006,22.62214036100005],[90.21642843400008,22.619084780000037],[90.21604900500006,22.614653028000077],[90.21847012600006,22.60910292600005],[90.21392764800004,22.599632453000027],[90.21333211000007,22.584490948000052],[90.20341246400005,22.576379745000054],[90.20244076000006,22.576907763000065],[90.19843299900003,22.571464150000054],[90.19805746300005,22.56797750100003],[90.19086864000008,22.55420626500006],[90.18420830900004,22.528799949000074],[90.18591638500004,22.524191761000054],[90.20359962100008,22.519746805000068],[90.20361209100008,22.514151618000028],[90.19950250700003,22.504684289000068],[90.19908228800006,22.492360666000025],[90.20961740600006,22.501368656000068],[90.22226641500004,22.503636751000045],[90.23045744900008,22.50746555300003],[90.24267658100007,22.51849310800003],[90.25754194000007,22.527134470000078],[90.26986339600006,22.540652271000056],[90.27319541900005,22.542457676000026],[90.27906016400004,22.542624622000062],[90.28463712000007,22.551243975000034],[90.28418214500005,22.55496337900007],[90.28105710300008,22.557727330000034],[90.28286484000006,22.56122170900005],[90.29224540500007,22.56515360900005],[90.29726636900006,22.56431413000007],[90.30311566700004,22.559206378000056],[90.30481301700007,22.55923704500003],[90.30881958600008,22.56626400700003],[90.31120364100008,22.57832363700004],[90.31773040600007,22.57565630700003],[90.32487628800004,22.581744136000054],[90.33218323700004,22.58297954300008],[90.34182160900008,22.57663814800003],[90.34693835400003,22.575890921000052],[90.34898738300006,22.568458088000057],[90.35106778500005,22.567019144000028],[90.35684492900003,22.575003388000027],[90.36344569900007,22.58055713300007],[90.35901527800007,22.59067570800005],[90.35398825500005,22.596737012000062],[90.34966854000004,22.600599982000062],[90.33909131200005,22.60600825800003],[90.34632266900007,22.613412435000043],[90.34989484300007,22.613624886000025],[90.35740411100005,22.606987665000077],[90.36188811500006,22.60061412300007],[90.37445947800006,22.59310245200004],[90.37980663000008,22.591743289000078],[90.38474897500004,22.59550993000005],[90.38355297700008,22.604751861000068],[90.37973142700008,22.60977048500007],[90.35471540100008,22.626583218000064],[90.34382428400005,22.629507354000054],[90.35426754100007,22.636700674000053],[90.36906910500005,22.63141470000005]]]}},{"type":"Feature","id":"jhalokati-rajapur","properties":{"canonical_id":"jhalokati-rajapur","name_en":"Rajapur","name_bn":"রাজাপুর","district_id":"jhalokati","division_id":"barisal","pcode":"BD-A-25-305","parent_pcode":"BD1042","source_name":"Rajapur","match_method":"exact_name_or_alias","boundary_reference_year":"2020","boundary_source":"geoBoundaries gbOpen BGD ADM3 / BBS, OCHA ROAP","source_dataset_updated":"2026-08-09"},"geometry":{"type":"Polygon","coordinates":[[[90.19908228800006,22.492360666000025],[90.19950250700003,22.504684289000068],[90.20361209100008,22.514151618000028],[90.20359962100008,22.519746805000068],[90.18591638500004,22.524191761000054],[90.18420830900004,22.528799949000074],[90.19086864000008,22.55420626500006],[90.19805746300005,22.56797750100003],[90.19843299900003,22.571464150000054],[90.20244076000006,22.576907763000065],[90.20313965700007,22.583138054000074],[90.20183559200007,22.58594050800008],[90.18896627900006,22.59325446500003],[90.18601949200007,22.596335660000022],[90.18436830900004,22.59591466200004],[90.18442213300006,22.591812057000027],[90.18048206900005,22.591919010000026],[90.17943134000006,22.593321580000065],[90.17205746800005,22.59365176600005],[90.17011719300007,22.597658979000073],[90.16143596800003,22.59953317000003],[90.16326884700004,22.605286225000043],[90.16695311400008,22.60780488200004],[90.16722331700004,22.612746729000037],[90.16036153500005,22.615331790000027],[90.15708614900007,22.61279875200006],[90.15115706800003,22.613693441000066],[90.14369409600005,22.611036695000053],[90.13958653100008,22.61116030200003],[90.13833871900005,22.61490397500006],[90.14030543500007,22.62083220100004],[90.13795575200004,22.630319018000023],[90.13284158800008,22.630113013000027],[90.12920589100008,22.62585309800005],[90.13042616500007,22.62027309000007],[90.12716793100003,22.61542137600003],[90.12190318700004,22.61485321500004],[90.12090500700003,22.617762336000055],[90.11947775100003,22.617553084000065],[90.11615341300006,22.60803995300006],[90.11008411200004,22.609730756000033],[90.10735812600007,22.606966799000077],[90.10816573300008,22.60543415500007],[90.10219198300007,22.59608198600006],[90.09164116600004,22.59044409300003],[90.077048,22.587845169000047],[90.06504456400006,22.59473465600007],[90.06293755100006,22.593294856000057],[90.05943764000006,22.583622484000045],[90.05592379800004,22.579654435000066],[90.05976389800009,22.573175674000026],[90.06052177200007,22.56070789100005],[90.06568686000008,22.552760160000048],[90.06426050100004,22.53447895200003],[90.06739029300007,22.529244981000033],[90.06487634300004,22.528260739000075],[90.06686865700004,22.518179042000043],[90.06278519900007,22.50520804000007],[90.07276721100004,22.511555360000045],[90.07497308800004,22.507430858000077],[90.07037643100006,22.50062321200005],[90.07149691000006,22.498762827000064],[90.07434858900007,22.49871721200003],[90.07481813600003,22.497280294000063],[90.07897226300008,22.495618579000052],[90.07740270400006,22.492286327000045],[90.07908221900004,22.487553905000027],[90.08526206100004,22.48793385700003],[90.08894899100005,22.49220442400008],[90.08893736800007,22.495408145000056],[90.09881336100005,22.496824978000063],[90.10092726600004,22.49964258500006],[90.10916428200005,22.495337556000038],[90.10959759100007,22.493878540000026],[90.11370217100006,22.49356628000004],[90.11594401200006,22.495390696000072],[90.11364356100006,22.499549423000076],[90.11685182600007,22.502995604000034],[90.12341117700004,22.498060086000066],[90.12255921000008,22.495936879000055],[90.12486402800005,22.48989667400008],[90.12693367300005,22.491363661000037],[90.13179383400006,22.49118331300008],[90.13968414600004,22.50460694700007],[90.14583889400006,22.509161435000067],[90.15171650000008,22.511371891000067],[90.15307967400008,22.507868212000062],[90.15722382400008,22.50600094500004],[90.16119185300005,22.501696528000025],[90.16685589800005,22.503494470000078],[90.17135254600004,22.500448942000048],[90.17157884400007,22.494244841000068],[90.17923487000007,22.491337138000063],[90.18809159100005,22.480173921000073],[90.19048786400003,22.479527148000045],[90.19908228800006,22.492360666000025]]]}},{"type":"Feature","id":"patuakhali-bauphal","properties":{"canonical_id":"patuakhali-bauphal","name_en":"Bauphal","name_bn":"বাউফল","district_id":"patuakhali","division_id":"barisal","pcode":"BD-A-51-306","parent_pcode":"BD1078","source_name":"Bauphal","match_method":"exact_name_or_alias","boundary_reference_year":"2020","boundary_source":"geoBoundaries gbOpen BGD ADM3 / BBS, OCHA ROAP","source_dataset_updated":"2026-08-09"},"geometry":{"type":"MultiPolygon","coordinates":[[[[90.66184058500005,22.409665783000037],[90.66264919900004,22.416661371000032],[90.66087803500005,22.40772181500006],[90.66184058500005,22.409665783000037]]],[[[90.61020728900007,22.472571077000055],[90.61121124300007,22.478325445000053],[90.60903176600004,22.483410092000042],[90.60671520200003,22.47561479500007],[90.60105745100003,22.466070632000026],[90.61020728900007,22.472571077000055]]],[[[90.42722016400006,22.460445723000078],[90.43075302300008,22.459203195000043],[90.43037227600007,22.45472026500005],[90.44116768500004,22.459288830000048],[90.44440459600008,22.458250079000038],[90.44665277600006,22.454826783000044],[90.44698232600007,22.448291784000048],[90.45401707700006,22.43492985000006],[90.45260773800004,22.422858215000076],[90.44916780500006,22.418090815000028],[90.44396451800009,22.41654316100005],[90.43176218700006,22.421371583000052],[90.41497257100008,22.424998406000043],[90.41497538100003,22.422061217000078],[90.41989197300006,22.41211167000006],[90.42325644800007,22.410990299000048],[90.42511951200004,22.41318603700006],[90.42788845000007,22.412924084000053],[90.42531934700008,22.409809050000035],[90.43111919200004,22.400158628000042],[90.42871814100005,22.390999992000047],[90.43636608000008,22.383419753000055],[90.42399429400007,22.36893408000003],[90.42840429700004,22.35372124500003],[90.43263091400007,22.344879484000046],[90.44174734600006,22.34480237300005],[90.44134881600007,22.339868031000037],[90.45708606700003,22.335316969000075],[90.44633954200003,22.34571634200006],[90.44757969600005,22.348222415000066],[90.45502305700006,22.345957844000054],[90.47021492300007,22.335448233000022],[90.47009247700004,22.34436519600007],[90.47232725600009,22.347228417000053],[90.48418602800007,22.343791529000043],[90.49059890600006,22.354118732000074],[90.49865076000003,22.35580354500007],[90.50259128000005,22.358623524000052],[90.51067527500004,22.35336416100006],[90.51985727700009,22.35350066700005],[90.52407032600007,22.356383609000034],[90.52715861900003,22.356333214000074],[90.53991877600004,22.350227971000038],[90.54221546500008,22.353955563000056],[90.54558589700008,22.354048415000022],[90.54953342500005,22.350847776000023],[90.55334799300005,22.35045254000005],[90.55517621200005,22.350446850000026],[90.55626570400005,22.35257625400004],[90.56178486700009,22.350700446000076],[90.56443524600007,22.35287970400003],[90.56824572500005,22.35237261900005],[90.56739304100006,22.360501630000044],[90.56944671300005,22.36112284400008],[90.56858034400005,22.364229606000038],[90.57144529600004,22.37159543000007],[90.57355012900007,22.36717378900005],[90.57324166500007,22.35988648600005],[90.57463125300006,22.356656732000033],[90.57715952700005,22.356085662000055],[90.57835681100005,22.357620543000053],[90.58119683600006,22.353182626000034],[90.58787026800007,22.352490314000022],[90.58890559500009,22.346808172000067],[90.59200375300009,22.34513068700005],[90.59376271200006,22.342118778000042],[90.59419676000005,22.339416328000027],[90.59068589000003,22.338755006000042],[90.59030243400008,22.33575657500006],[90.59184150200008,22.329264599000055],[90.59462043200006,22.325678967000044],[90.60228982900009,22.327874130000055],[90.60546711900008,22.33229230300003],[90.61609264900005,22.333647151000037],[90.61573203900008,22.324496044000057],[90.61441283100004,22.311213845000054],[90.63083601400007,22.31199321400004],[90.64334700500007,22.313921366000045],[90.66069081600006,22.31746716200007],[90.66249253200004,22.340222002000075],[90.66071807700007,22.355848740000056],[90.65823957100008,22.36602752500005],[90.65688092100004,22.38386295300006],[90.64315273100004,22.380971674000023],[90.64087973000005,22.412109197000063],[90.63981495300004,22.415364167000064],[90.63029901400006,22.424882523000065],[90.62223362800006,22.44672416000003],[90.63161839000009,22.425355312000022],[90.63981281500008,22.418212356000026],[90.64350575400005,22.435235655000042],[90.64456302100007,22.45190434500006],[90.63446977300003,22.459966018000046],[90.63234947600006,22.46298427100004],[90.62567440200007,22.471055128000046],[90.61754032000005,22.47580519400003],[90.59568229700005,22.447131185000046],[90.59093390500004,22.43099081300005],[90.59178231200008,22.424820991000047],[90.59687080800006,22.423515516000066],[90.61495558400009,22.407106088000035],[90.61599631600006,22.404751357000066],[90.60788844500007,22.404120600000056],[90.58994602000007,22.420124185000077],[90.58630429400006,22.42840763600003],[90.58683940400005,22.439400422000062],[90.59117174600004,22.454586538000058],[90.59609067800005,22.459968109000044],[90.59579079600007,22.461578642000063],[90.60500947700007,22.47706095800004],[90.60461071100008,22.47910803600007],[90.59559948700007,22.488157828000055],[90.59226428800008,22.499535426000023],[90.58765308000005,22.50818970000006],[90.59259606700004,22.500822078000056],[90.59799770200004,22.486482221000074],[90.60632504300008,22.479632048000042],[90.60947047700006,22.48716957700003],[90.60557580700004,22.499850965000064],[90.59661523600005,22.51575524900005],[90.58548420700004,22.525623953000036],[90.58206357500006,22.533979002000024],[90.58679157700004,22.52622530000008],[90.59053252100006,22.52371125600007],[90.59094380300007,22.53024733500007],[90.57771899500005,22.54285447700005],[90.55062129900006,22.555787284000075],[90.53937144400004,22.563341197000057],[90.52129009900005,22.559099643000025],[90.51546616800005,22.55967935800004],[90.51280425700008,22.55542619000005],[90.51350593800004,22.552191272000073],[90.52112084000004,22.550289732000067],[90.52770020300005,22.55138423300008],[90.52872329200005,22.547250751000036],[90.51239357400004,22.534085469000047],[90.50704782700006,22.534848818000057],[90.50478702400005,22.544261800000072],[90.50119377600004,22.54685895700004],[90.49511410400004,22.543618839000032],[90.48821304800003,22.53695039200005],[90.47723111400006,22.532304660000023],[90.46838825900005,22.53277865900003],[90.46211673300007,22.536129428000038],[90.45717520100004,22.535725163000052],[90.44453408200008,22.51821342200003],[90.43940305100006,22.50859060700003],[90.43736944600005,22.499217826000063],[90.44065084000005,22.486787829000036],[90.43944291800005,22.480614467000066],[90.43634858600007,22.473428194000064],[90.42722016400006,22.460445723000078]]],[[[90.57522283700007,22.570456583000066],[90.56821923800004,22.570136802000036],[90.57467633400006,22.571199299000057],[90.55774382500005,22.58827391400007],[90.55252329500007,22.586584869000035],[90.55162439200006,22.580564739000067],[90.55186691100005,22.57688323800005],[90.55728744900006,22.567925115000037],[90.57012637300005,22.556685361000063],[90.58623413900006,22.547357748000024],[90.58268750300005,22.558820280000077],[90.57522283700007,22.570456583000066]]],[[[90.53457702200006,22.58372854600003],[90.54069378600008,22.57615617600004],[90.54866880900005,22.569930043000056],[90.54262497900004,22.581817758000057],[90.54860795700006,22.57283430800004],[90.54794766500004,22.575127735000024],[90.53799536600008,22.58987191700004],[90.53457702200006,22.58372854600003]]],[[[90.54677855600005,22.592538534000028],[90.55036426200007,22.58735732200006],[90.55715644500003,22.58902207700004],[90.55434603800006,22.59263991200004],[90.54677855600005,22.592538534000028]]]]}},{"type":"Feature","id":"patuakhali-dashmina","properties":{"canonical_id":"patuakhali-dashmina","name_en":"Dashmina","name_bn":"দশমিনা","district_id":"patuakhali","division_id":"barisal","pcode":"BD-A-51-309","parent_pcode":"BD1078","source_name":"Dashmina","match_method":"exact_name_or_alias","boundary_reference_year":"2020","boundary_source":"geoBoundaries gbOpen BGD ADM3 / BBS, OCHA ROAP","source_dataset_updated":"2026-08-09"},"geometry":{"type":"MultiPolygon","coordinates":[[[[90.58555077300008,22.18478458800007],[90.57550524900006,22.18323517500005],[90.56686577600004,22.179249793000054],[90.56670776900006,22.178246424000065],[90.56988892700008,22.177996491000044],[90.54845575400003,22.157178814000076],[90.54191854500004,22.14534470800004],[90.53864763000007,22.135363993000055],[90.53464550900009,22.13191111900005],[90.53416665000003,22.127548311000055],[90.52930209100003,22.12544506300003],[90.52787986900006,22.123846375000028],[90.52883524200007,22.119377265000026],[90.52765309700004,22.111436885000046],[90.53246199800003,22.114345270000058],[90.53681325400004,22.120208924000053],[90.54090830700005,22.12299799500005],[90.55707607600004,22.12533883100008],[90.56545953600005,22.129094207000037],[90.56964280500006,22.128449531000058],[90.57410048400004,22.129879666000022],[90.57958735000005,22.13413541500006],[90.57892985200004,22.135931595000045],[90.58334659000008,22.140880136000078],[90.57257077400004,22.146802647000072],[90.57001567800006,22.151682417000075],[90.57620786300004,22.16224783100006],[90.58555077300008,22.18478458800007]]],[[[90.53905238200008,22.17607775500005],[90.54272466100008,22.179949691000047],[90.54517272100009,22.19912354400003],[90.54389626400007,22.20098037400004],[90.53820723200005,22.189913819000026],[90.53662857600006,22.179730758000062],[90.53713055900005,22.176860757000043],[90.53905238200008,22.17607775500005]]],[[[90.56747216500008,22.203133318000027],[90.57224759400003,22.205783075000056],[90.57463483900005,22.209061382000073],[90.57824433000008,22.228529450000053],[90.56757541600007,22.20890687800005],[90.56627184400008,22.203951697000036],[90.56747216500008,22.203133318000027]]],[[[90.57001082200009,22.192286065000076],[90.57316330400005,22.194306548000043],[90.58534068200004,22.21016153200003],[90.58931913500004,22.228600091000033],[90.58723149600007,22.238885844000038],[90.57802224200003,22.234711795000067],[90.57935446100004,22.22535821400004],[90.57566226600005,22.20911760300004],[90.56773423000004,22.200600033000057],[90.56624141200007,22.196362588000056],[90.56648350100005,22.19277633100006],[90.57001082200009,22.192286065000076]]],[[[90.62153596900004,22.24347691500003],[90.60114011800005,22.24323289700004],[90.58895909900008,22.24069600200005],[90.59203505100004,22.227203787000064],[90.58601252500006,22.205043851000028],[90.58088084400003,22.19942130000004],[90.57740796800005,22.191163216000064],[90.58675733000007,22.189038694000033],[90.59257136300005,22.20097284700006],[90.60162053900007,22.211120485000038],[90.62153596900004,22.24347691500003]]],[[[90.64875877700007,22.28622672000006],[90.65178281800007,22.287588890000052],[90.65249760800003,22.289438534000055],[90.64957996900006,22.30415008500006],[90.64643767700005,22.305118535000076],[90.63546261900007,22.285084007000023],[90.61789621100007,22.269316694000054],[90.61413784400008,22.263827841000023],[90.61336148500004,22.259952089000024],[90.61740214600007,22.259159865000072],[90.62267341000006,22.26081301200003],[90.62326153600009,22.26308139100007],[90.63022002900004,22.268671694000034],[90.64413169900007,22.285348810000073],[90.64509758200006,22.28588277700004],[90.64502203500007,22.283432907000076],[90.64875877700007,22.28622672000006]]],[[[90.63083601400007,22.31199321400004],[90.62599518500008,22.30852770100006],[90.61808647600003,22.295080529000074],[90.61663633900008,22.28317929900004],[90.61762335700007,22.274045036000075],[90.63192680600008,22.28414190700005],[90.63567168900005,22.288788229000033],[90.64617726800003,22.306679897000038],[90.64334700500007,22.313921366000045],[90.63083601400007,22.31199321400004]]],[[[90.48418602800007,22.343791529000043],[90.48614294500004,22.33943606400004],[90.48963738600008,22.338645792000023],[90.48988168300008,22.330913611000028],[90.49460054000008,22.33061753100003],[90.49480123200004,22.328325660000075],[90.49631886600008,22.32809545300006],[90.50023768400007,22.305816739000022],[90.51097405400003,22.306241756000077],[90.50980371400004,22.296757140000068],[90.51299520400005,22.292422309000074],[90.50951417400006,22.290197341000066],[90.51347187800008,22.28305868500007],[90.51114882600007,22.278548976000025],[90.50874218700005,22.277221465000025],[90.50085716500007,22.286732613000027],[90.48915558300007,22.290077593000035],[90.48705749600003,22.28464340100004],[90.49670552100008,22.272845005000022],[90.49926422200008,22.26390666900005],[90.49277563100009,22.26054828300005],[90.48967106500004,22.26090294200003],[90.48821838400005,22.263040212000078],[90.48514545600005,22.261505429000067],[90.48411440100006,22.262614619000033],[90.47863144000007,22.262137092000046],[90.47537252000006,22.26099509000005],[90.47573292300007,22.257607927000038],[90.47357415400006,22.258534868000027],[90.47229108300007,22.25632749700003],[90.47275157500007,22.254006359000073],[90.47569769300009,22.253643173000057],[90.47682421500008,22.251707130000057],[90.47620407800008,22.246436394000057],[90.47330486900006,22.24464904100006],[90.47385346700008,22.242210198000066],[90.47973023300005,22.234951808000062],[90.47261804200008,22.23101453700008],[90.47074565100007,22.226594351000074],[90.48414406200004,22.222877278000055],[90.48881973200008,22.219208413000047],[90.48857600400004,22.213094424000076],[90.48366031200004,22.20824871700006],[90.48151811900004,22.200288886000067],[90.48887092400008,22.19021333300003],[90.48911919100004,22.180663152000022],[90.49281098500006,22.176398893000055],[90.49116344900006,22.187104883000075],[90.48472126800004,22.198298919000024],[90.48388267600006,22.206428231000075],[90.49551640100003,22.21159212200007],[90.49886135800006,22.21385286800006],[90.50015300300004,22.217449016000046],[90.50102099600008,22.216654728000037],[90.50043288900008,22.21360892100006],[90.49540424900005,22.209527309000066],[90.48506644400004,22.205408928000054],[90.49442414900005,22.185573324000075],[90.49620933900007,22.173398261000045],[90.50342188300004,22.166492078000033],[90.51844488800003,22.176484240000036],[90.52442972400007,22.19855165200005],[90.53294898400009,22.211479231000055],[90.55516707500004,22.234303857000043],[90.58983742300006,22.261287287000073],[90.60179101600005,22.282277683000075],[90.61573203900008,22.324496044000057],[90.61609264900005,22.333647151000037],[90.60546711900008,22.33229230300003],[90.60228982900009,22.327874130000055],[90.59462043200006,22.325678967000044],[90.59184150200008,22.329264599000055],[90.59030243400008,22.33575657500006],[90.59068589000003,22.338755006000042],[90.59419676000005,22.339416328000027],[90.59376271200006,22.342118778000042],[90.59200375300009,22.34513068700005],[90.58890559500009,22.346808172000067],[90.58787026800007,22.352490314000022],[90.58119683600006,22.353182626000034],[90.57835681100005,22.357620543000053],[90.57715952700005,22.356085662000055],[90.57463125300006,22.356656732000033],[90.57324166500007,22.35988648600005],[90.57355012900007,22.36717378900005],[90.57144529600004,22.37159543000007],[90.56858034400005,22.364229606000038],[90.56944671300005,22.36112284400008],[90.56739304100006,22.360501630000044],[90.56824572500005,22.35237261900005],[90.56443524600007,22.35287970400003],[90.56178486700009,22.350700446000076],[90.55626570400005,22.35257625400004],[90.55517621200005,22.350446850000026],[90.55334799300005,22.35045254000005],[90.54953342500005,22.350847776000023],[90.54558589700008,22.354048415000022],[90.54221546500008,22.353955563000056],[90.53991877600004,22.350227971000038],[90.52715861900003,22.356333214000074],[90.52407032600007,22.356383609000034],[90.51985727700009,22.35350066700005],[90.51067527500004,22.35336416100006],[90.50259128000005,22.358623524000052],[90.49865076000003,22.35580354500007],[90.49059890600006,22.354118732000074],[90.48418602800007,22.343791529000043]]]]}},{"type":"Feature","id":"patuakhali-dumki","properties":{"canonical_id":"patuakhali-dumki","name_en":"Dumki","name_bn":"দুমকি","district_id":"patuakhali","division_id":"barisal","pcode":"BD-A-51-308","parent_pcode":"BD1078","source_name":"Dumki","match_method":"exact_name_or_alias","boundary_reference_year":"2020","boundary_source":"geoBoundaries gbOpen BGD ADM3 / BBS, OCHA ROAP","source_dataset_updated":"2026-08-09"},"geometry":{"type":"Polygon","coordinates":[[[90.30733054000007,22.472725129000025],[90.30912466500007,22.47139511000006],[90.30293417000007,22.452473762000068],[90.29658591000003,22.44310593700004],[90.28340082300008,22.42954772300004],[90.29129146100007,22.425776918000054],[90.29600354700005,22.42627256800006],[90.29627074200005,22.42311071200004],[90.29917966200009,22.421920193000062],[90.29727528500007,22.417709022000054],[90.30114883600004,22.416977711000072],[90.30286551000006,22.405430053000032],[90.29541043800003,22.394505509000055],[90.29625228700007,22.390052686000047],[90.29737788400007,22.39286192800006],[90.30060555300008,22.394218419000026],[90.31211794100005,22.408397096000044],[90.31667286600003,22.42176630700004],[90.33086231900006,22.443929754000067],[90.33075707400008,22.442578814000058],[90.33574536600008,22.44120465900005],[90.34282870500004,22.440929764000032],[90.34643907500003,22.437519895000037],[90.35238288000005,22.441860027000075],[90.35517475000006,22.441494526000042],[90.35627166400008,22.438149518000046],[90.35908684300006,22.437906703000067],[90.36244991700005,22.442360869000026],[90.36714344200004,22.441735106000067],[90.37350159200008,22.444215322000048],[90.37915534100006,22.444228963000057],[90.37841202200008,22.427928817000065],[90.38263377700008,22.419574815000033],[90.37796208600008,22.408887524000022],[90.37275413100008,22.402900720000048],[90.37175830700005,22.38989056500003],[90.37754602900009,22.390639974000067],[90.37984486200008,22.392907790000038],[90.38002739900008,22.391707523000036],[90.38702905100007,22.39950114900006],[90.38609016900006,22.40077098300003],[90.39171872300005,22.413439548000042],[90.39814418100008,22.421730917000048],[90.40688777400004,22.425562704000072],[90.41497257100008,22.424998406000043],[90.43176218700006,22.421371583000052],[90.44396451800009,22.41654316100005],[90.44916780500006,22.418090815000028],[90.45260773800004,22.422858215000076],[90.45401707700006,22.43492985000006],[90.44698232600007,22.448291784000048],[90.44665277600006,22.454826783000044],[90.44440459600008,22.458250079000038],[90.44116768500004,22.459288830000048],[90.43037227600007,22.45472026500005],[90.43075302300008,22.459203195000043],[90.42722016400006,22.460445723000078],[90.42449199500004,22.462036972000078],[90.41978130200005,22.47000341100005],[90.40990596900008,22.48129160700006],[90.40397210100008,22.483666137000057],[90.39183348500006,22.484785533000036],[90.37136384600007,22.501309391000063],[90.36427318000005,22.504340096000078],[90.36051942200004,22.50191755700007],[90.35797118700003,22.491867869000032],[90.35411442500003,22.491293133000056],[90.35454327200006,22.48742762200004],[90.34160357200005,22.47711276900003],[90.34174095700007,22.473430273000076],[90.33635874300006,22.468615168000042],[90.33298985100004,22.467752633000032],[90.32964358900006,22.469247860000053],[90.32140561500006,22.47790665100007],[90.32394261600007,22.477585668000074],[90.32229008700006,22.48074128500008],[90.31564656400008,22.483778562000055],[90.31105784000005,22.481746358000066],[90.30733054000007,22.472725129000025]]]}},{"type":"Feature","id":"patuakhali-galachipa","properties":{"canonical_id":"patuakhali-galachipa","name_en":"Galachipa","name_bn":"গলাচিপা","district_id":"patuakhali","division_id":"barisal","pcode":"BD-A-51-312","parent_pcode":"BD1078","source_name":"Galachipa","match_method":"exact_name_or_alias","boundary_reference_year":"2020","boundary_source":"geoBoundaries gbOpen BGD ADM3 / BBS, OCHA ROAP","source_dataset_updated":"2026-08-09"},"geometry":{"type":"MultiPolygon","coordinates":[[[[90.47753016600007,21.769193477000044],[90.47993995600007,21.770525045000056],[90.47970316200008,21.77621502900007],[90.47680320400008,21.781530150000037],[90.47511532200008,21.781917571000065],[90.47118660900009,21.777960622000023],[90.47035529100003,21.774233928000058],[90.47402621300006,21.769872968000072],[90.47753016600007,21.769193477000044]]],[[[90.38345434100006,21.787749218000044],[90.39243603100005,21.796333709000066],[90.39133592400003,21.80580243600008],[90.38979864000004,21.80528008300007],[90.38249445800005,21.792388801000072],[90.37833961100006,21.78919527000005],[90.38345434100006,21.787749218000044]]],[[[90.48001689700004,21.801265783000076],[90.48017860200008,21.803703533000032],[90.47561216700007,21.808449763000056],[90.47716847100008,21.814612534000048],[90.47239735900007,21.819406982000032],[90.46963320500004,21.819606289000035],[90.46683451000007,21.817176007000057],[90.46497452200003,21.81196996500006],[90.46174098500006,21.80944538700004],[90.46142522900004,21.80676890700005],[90.47546914100008,21.803956009000046],[90.48001689700004,21.801265783000076]]],[[[90.38091735900008,21.854209237000077],[90.37595553700004,21.85651543000006],[90.36837021400004,21.854142038000077],[90.37292520800008,21.85307982200004],[90.36616379900005,21.842577198000072],[90.36600299200006,21.839756757000032],[90.36875876000005,21.83606954800007],[90.37713022100007,21.835763775000032],[90.38389401000006,21.83746928200003],[90.38382536700004,21.840529091000064],[90.38050756800004,21.844504976000053],[90.38259655400003,21.850141445000077],[90.38091735900008,21.854209237000077]]],[[[90.43477582800006,21.831723213000032],[90.45748172600008,21.83878505900003],[90.45984415900006,21.840882145000023],[90.45835962200005,21.85709322200006],[90.45575791300007,21.860303479000038],[90.43287358300006,21.846118413000056],[90.43007695600005,21.835655716000076],[90.43477582800006,21.831723213000032]]],[[[90.54128665300004,21.853590798000027],[90.53449189300005,21.858059077000064],[90.52190566800004,21.861446130000047],[90.50223386800008,21.859929583000053],[90.49782338600005,21.858126170000048],[90.48102399700008,21.842447123000056],[90.47574466800006,21.82549065300003],[90.47751717500006,21.81965284300003],[90.48149411600008,21.814669150000043],[90.48721860700005,21.811736152000037],[90.49704458200006,21.810607189000052],[90.49965874400004,21.81150784400006],[90.51562603700006,21.824127782000062],[90.52254875100004,21.82702248100003],[90.52974963600008,21.835748357000057],[90.53413148700008,21.843765933000043],[90.54404427600008,21.85152609000005],[90.54870791400003,21.85237117300005],[90.55050869600007,21.854612221000025],[90.54128665300004,21.853590798000027]]],[[[90.41925338200008,21.855311329000074],[90.43148297800008,21.860395346000075],[90.43652870200003,21.86903523700005],[90.43447994200005,21.86908836500004],[90.43439197900005,21.86540756000005],[90.42347628200008,21.86318889100005],[90.41445136800007,21.85933936200007],[90.41520838900004,21.85546498900004],[90.41925338200008,21.855311329000074]]],[[[90.55308007800005,21.863904627000068],[90.55092951300009,21.870652687000074],[90.52717350500006,21.88708059000004],[90.51667976600004,21.88190263100006],[90.50356291200006,21.866166704000022],[90.51133903100003,21.863752563000048],[90.52590850700005,21.863324164000062],[90.54813846000008,21.857371407000073],[90.55728823400005,21.859492069000055],[90.55760182200004,21.861116371000037],[90.55308007800005,21.863904627000068]]],[[[90.46844922600008,21.84915507900007],[90.48204738500004,21.857243340000025],[90.47980701300008,21.86886719900008],[90.48645093200008,21.872241889000065],[90.48542046100005,21.885583301000054],[90.48389392700005,21.888599682000063],[90.48096757700006,21.886648324000078],[90.46521924700005,21.863889189000076],[90.46413343300009,21.852657176000037],[90.46561,21.85007138000003],[90.46844922600008,21.84915507900007]]],[[[90.40743154800003,21.87618526400007],[90.41646983500004,21.884337851000055],[90.41808219900008,21.89265236800003],[90.41444432600008,21.89251814200003],[90.40787358700004,21.887610410000036],[90.40605211700006,21.877431775000048],[90.40604833100008,21.876093251000043],[90.40743154800003,21.87618526400007]]],[[[90.49286511200006,21.87556956000003],[90.50346962700007,21.88337776800006],[90.51161862100008,21.891958025000065],[90.50533750300008,21.904742328000054],[90.50010683800008,21.910542925000073],[90.49193338900005,21.902535887000056],[90.48828282400007,21.891120631000035],[90.48913028700008,21.87687150100004],[90.49286511200006,21.87556956000003]]],[[[90.42414597600003,21.882045215000062],[90.43536828400005,21.883545603000073],[90.45116736800009,21.890722267000058],[90.45435569600005,21.894681366000043],[90.45968619900003,21.911495095000078],[90.45702205700007,21.911550231000035],[90.43834482000005,21.902135092000037],[90.42732140600003,21.899247888000048],[90.42260084300005,21.896630449000043],[90.41733168100006,21.881536637000067],[90.41963290100006,21.880239971000037],[90.42414597600003,21.882045215000062]]],[[[90.47520543800005,21.902154765000034],[90.48377203200005,21.913077663000024],[90.48643825200008,21.921292892000054],[90.48356553200006,21.92020169400007],[90.47635447900007,21.908892328000036],[90.47423662900007,21.903591790000064],[90.47520543800005,21.902154765000034]]],[[[90.61003205200007,21.96355830400006],[90.60695238700004,21.923815512000033],[90.61266741700007,21.933699638000064],[90.61480636800007,21.943460877000064],[90.61466443900008,21.95986378400005],[90.61003205200007,21.96355830400006]]],[[[90.54369932400004,21.979338066000025],[90.54963624800007,21.983692619000067],[90.55041396100006,21.98598474000005],[90.54533607900004,21.985141170000077],[90.54293593400007,21.980774800000063],[90.54369932400004,21.979338066000025]]],[[[90.58728844400008,21.98393598900003],[90.57570108300007,21.98474327200006],[90.56807717800007,21.988116217000027],[90.56271172500004,21.985935690000076],[90.52984985800003,21.957026322000047],[90.51940036800005,21.944486307000034],[90.50881278700007,21.928503877000026],[90.50669365200008,21.916080393000072],[90.50785006400008,21.909766241000057],[90.51713369800007,21.891522671000075],[90.52606987000007,21.89068153900007],[90.53568381300005,21.886347873000034],[90.55681810500005,21.880827732000057],[90.56998011600007,21.88040044400003],[90.57703409600003,21.883100897000077],[90.57861600700005,21.88801939900003],[90.57771459500003,21.893138029000056],[90.57992211200008,21.89427764000004],[90.58182694700008,21.902971914000034],[90.58899637100006,21.92106517600007],[90.60178566300004,21.967568065000023],[90.58682242500004,21.97424975200005],[90.58467487800004,21.976838976000067],[90.58728844400008,21.98393598900003]]],[[[90.55773000800008,21.993759220000072],[90.56152190600005,21.99512599700006],[90.56538671200008,22.000204131000032],[90.56656777400008,22.00715592000006],[90.56565295200005,22.009166954000023],[90.56179947100009,22.007028907000063],[90.55461216600008,21.997874489000026],[90.55444583500008,21.99464809600005],[90.55773000800008,21.993759220000072]]],[[[90.58245144400007,22.022540718000073],[90.57823302800006,22.020309789000066],[90.57403953800008,22.013861055000064],[90.56713710000008,21.992725569000072],[90.57265944800008,21.989264306000052],[90.58983180700005,21.986872900000037],[90.59244337600006,21.990609343000074],[90.59270089400007,21.996051863000048],[90.58245144400007,22.022540718000073]]],[[[90.34998416400003,22.044991837000055],[90.34916673000004,22.051507435000076],[90.34473656200004,22.048767803000032],[90.34299542000008,22.044349365000073],[90.34670377000003,22.040516867000065],[90.34998416400003,22.044991837000055]]],[[[90.36683317800004,22.041249980000032],[90.37338278200008,22.045597694000037],[90.37705273500006,22.05180414000006],[90.36877707100007,22.049313106000056],[90.36594203300007,22.043761861000064],[90.36580778600006,22.041252274000044],[90.36683317800004,22.041249980000032]]],[[[90.38823130600008,22.03719669700007],[90.39126432700004,22.044659556000056],[90.38090363300006,22.05352814400004],[90.37376331100006,22.044042898000043],[90.36457678100004,22.03617538700007],[90.35297084200005,22.00859195000004],[90.33953529700005,21.991290115000027],[90.35173190000006,21.999989234000054],[90.37010683000005,22.01841447000004],[90.38585878200007,22.036903601000063],[90.38604586800005,22.034871254000052],[90.38823130600008,22.03719669700007]]],[[[90.48447775400007,21.98761812200007],[90.48082288500007,22.003469882000047],[90.47876792300008,22.032703301000026],[90.46615550900003,22.054269737000027],[90.46178880500008,22.05406049000004],[90.44327244900006,22.045855088000053],[90.41913988700009,22.032816742000023],[90.39722158700005,22.00982923400005],[90.35611086500006,21.979134016000046],[90.35320831900003,21.966310941000074],[90.33904871300007,21.946483628000067],[90.33543383900007,21.93477740700007],[90.32185718100004,21.905799431000048],[90.30679809700007,21.883166422000045],[90.30708661400007,21.87436920700003],[90.31339421400008,21.854516571000033],[90.32080814200003,21.84905212600006],[90.32664120800007,21.846841572000073],[90.33529527600007,21.84653735300003],[90.34984572100007,21.849375645000066],[90.35804516500008,21.851557145000072],[90.36245737800004,21.854798578000043],[90.37498896900007,21.868348231000027],[90.37654129800006,21.87436854200007],[90.36571554200003,21.887205464000033],[90.35552749600004,21.910319162000064],[90.35507937600005,21.915555124000036],[90.35733361700005,21.915598239000076],[90.37170329100007,21.88506468500003],[90.38427204200008,21.872988157000066],[90.39091067400005,21.872488059000034],[90.39318159300007,21.870692387000076],[90.39050381700008,21.86680623700005],[90.38568099200006,21.863757673000066],[90.38654975100008,21.862895087000027],[90.39142064100008,21.864939538000044],[90.40082058500008,21.885545814000068],[90.40861419100008,21.894004788000075],[90.46451766600006,21.91884551100003],[90.48382660700008,21.936750420000067],[90.49367747400004,21.949996433000024],[90.49837684200008,21.960245378000025],[90.49791069500009,21.963705005000065],[90.48851196800007,21.978123965000066],[90.48447775400007,21.98761812200007]]],[[[90.46948273800007,22.054457006000064],[90.46910737300004,22.05726664200006],[90.46801098500003,22.05523789500006],[90.46948273800007,22.054457006000064]]],[[[90.39105738500007,22.039221878000035],[90.40726647300005,22.058842982000044],[90.39808317300003,22.053128714000025],[90.39280654400005,22.046030230000042],[90.39105738500007,22.039221878000035]]],[[[90.44422543100006,22.054467645000045],[90.44821328300009,22.058819253000024],[90.44726645400004,22.063423166000064],[90.44392851000003,22.061998046000042],[90.44288338900003,22.055905492000022],[90.44422543100006,22.054467645000045]]],[[[90.48453534500004,22.032003684000074],[90.48198228700005,22.03529775100003],[90.47861945500006,22.04546676500007],[90.48038578300003,22.055919148000044],[90.48047785200004,22.064165826000078],[90.47913327200007,22.06476716700007],[90.47499694300006,22.054739797000025],[90.47511157700006,22.050795401000073],[90.48089780100008,22.03679499900005],[90.48376621200003,22.032005957000024],[90.48453534500004,22.032003684000074]]],[[[90.45198868700004,22.056478283000047],[90.45635303700004,22.058199080000065],[90.46014972400008,22.062670343000036],[90.45843586100005,22.067874148000044],[90.45124899800004,22.06580267000004],[90.45089895200005,22.056660564000026],[90.45198868700004,22.056478283000047]]],[[[90.39927737300007,22.055187914000044],[90.40929556400005,22.061318147000065],[90.42605706600006,22.075780930000064],[90.42406467600006,22.078463389000035],[90.40791498000004,22.081133755000053],[90.39541237900005,22.085945072000072],[90.39253962500004,22.085808573000065],[90.38152594400003,22.072353039000063],[90.36544354600005,22.061441993000074],[90.34015653800003,22.02227441900004],[90.34019647900004,22.01211502800004],[90.34241702300005,22.002787910000052],[90.34722465400006,22.003494916000022],[90.35166376400008,22.01041775300007],[90.36797900400006,22.049643812000056],[90.38196817700003,22.054990090000047],[90.38388973700006,22.05438791000006],[90.38637607200008,22.049422152000034],[90.39233253100008,22.047435938000035],[90.39927737300007,22.055187914000044]]],[[[90.53464550900009,22.13191111900005],[90.52930209100003,22.12544506300003],[90.53416665000003,22.127548311000055],[90.53464550900009,22.13191111900005]]],[[[90.50044661400005,22.13424225600005],[90.50538002000008,22.136306624000042],[90.50554675600006,22.139891572000067],[90.49830587100007,22.138336237000033],[90.49844744800004,22.134822047000057],[90.50044661400005,22.13424225600005]]],[[[90.58334659000008,22.140880136000078],[90.57892985200004,22.135931595000045],[90.57958735000005,22.13413541500006],[90.57410048400004,22.129879666000022],[90.56964280500006,22.128449531000058],[90.56545953600005,22.129094207000037],[90.55707607600004,22.12533883100008],[90.54090830700005,22.12299799500005],[90.53681325400004,22.120208924000053],[90.53246199800003,22.114345270000058],[90.52765309700004,22.111436885000046],[90.52883524200007,22.119377265000026],[90.52787986900006,22.123846375000028],[90.50120892000007,22.093915733000074],[90.48934700100006,22.083051778000026],[90.48513491000006,22.073742034000077],[90.48144639300006,22.052335321000044],[90.48125222800007,22.047937853000064],[90.48738559000003,22.034533605000036],[90.48761165300004,22.025736556000027],[90.49276494900005,22.02581656600006],[90.50457242700008,22.02979640600006],[90.50549214700004,22.02888533600003],[90.50031341100004,22.025387426000066],[90.48842978300007,22.021311790000027],[90.48564970500007,22.017973657000027],[90.48468709500008,22.013769583000055],[90.50189608800008,21.97246022400003],[90.50405231600007,21.958876282000062],[90.51013916000005,21.962729872000068],[90.51922920300007,21.97484448000006],[90.53119984100005,21.99612816800004],[90.53974840900008,22.005081258000075],[90.54272547300008,22.00566374600004],[90.54241460500003,22.007828217000053],[90.55286275400005,22.01718704500007],[90.55868219100006,22.024612716000036],[90.56063408000006,22.02386438900004],[90.57622134700006,22.05009300200004],[90.57856315100008,22.051480535000053],[90.57982480800007,22.068709460000036],[90.58585161800005,22.08736228400005],[90.58565320000008,22.106378853000024],[90.58097053800003,22.121316939000053],[90.58380658600004,22.128374369000028],[90.58466499700006,22.140190234000045],[90.58334659000008,22.140880136000078]]],[[[90.38965961200006,22.131118901000036],[90.39649381100008,22.13449681700007],[90.39702778000003,22.141857939000033],[90.39004124100006,22.13919751800006],[90.38771388100008,22.13255773800006],[90.38965961200006,22.131118901000036]]],[[[90.34413025100008,22.109544046000053],[90.34914302500005,22.106448442000044],[90.35226142600004,22.10042426800004],[90.35506942000006,22.098546938000027],[90.35769361600006,22.09926086300004],[90.36175895700006,22.107199930000036],[90.37174100300007,22.101733454000055],[90.37458867400005,22.101663994000035],[90.37468832000008,22.114155781000022],[90.37902933000004,22.125858263000055],[90.38552024700004,22.137343798000074],[90.39853726100006,22.147563956000056],[90.39584644200005,22.164596525000036],[90.39943218300004,22.173432080000055],[90.40457562100005,22.177303574000064],[90.41931840200004,22.183242197000027],[90.42774165600008,22.18854910400006],[90.42774375300007,22.186839083000052],[90.43415980200007,22.18674136800007],[90.43310437800005,22.190935223000054],[90.43672279300006,22.191126009000072],[90.43208190000007,22.18153553700006],[90.42700519300007,22.178979236000032],[90.40934824400006,22.174662397000077],[90.40420360500008,22.169533311000066],[90.40629906400005,22.151722617000075],[90.40509221300005,22.142814955000063],[90.40090881000003,22.133359565000035],[90.38799664200008,22.121391165000034],[90.38677324800005,22.105665791000035],[90.39108874100003,22.089161836000073],[90.39585921500009,22.08910264000008],[90.40784659400003,22.083479762000024],[90.42554080500008,22.082621861000064],[90.43204098200005,22.077871936000065],[90.43645957400008,22.08034635000007],[90.44947405200008,22.092023569000048],[90.46507341600005,22.10914260100003],[90.49502445000007,22.15026380200004],[90.49782573200008,22.158812671000078],[90.49281098500006,22.176398893000055],[90.48911919100004,22.180663152000022],[90.48887092400008,22.19021333300003],[90.48151811900004,22.200288886000067],[90.48366031200004,22.20824871700006],[90.48857600400004,22.213094424000076],[90.48881973200008,22.219208413000047],[90.48414406200004,22.222877278000055],[90.47074565100007,22.226594351000074],[90.47261804200008,22.23101453700008],[90.47973023300005,22.234951808000062],[90.47385346700008,22.242210198000066],[90.47330486900006,22.24464904100006],[90.47620407800008,22.246436394000057],[90.47682421500008,22.251707130000057],[90.47569769300009,22.253643173000057],[90.47275157500007,22.254006359000073],[90.47229108300007,22.25632749700003],[90.47357415400006,22.258534868000027],[90.47573292300007,22.257607927000038],[90.47537252000006,22.26099509000005],[90.47863144000007,22.262137092000046],[90.48411440100006,22.262614619000033],[90.48514545600005,22.261505429000067],[90.48821838400005,22.263040212000078],[90.48967106500004,22.26090294200003],[90.49277563100009,22.26054828300005],[90.49926422200008,22.26390666900005],[90.49670552100008,22.272845005000022],[90.48705749600003,22.28464340100004],[90.48915558300007,22.290077593000035],[90.50085716500007,22.286732613000027],[90.50874218700005,22.277221465000025],[90.51114882600007,22.278548976000025],[90.51347187800008,22.28305868500007],[90.50951417400006,22.290197341000066],[90.51299520400005,22.292422309000074],[90.50980371400004,22.296757140000068],[90.51097405400003,22.306241756000077],[90.50023768400007,22.305816739000022],[90.49631886600008,22.32809545300006],[90.49480123200004,22.328325660000075],[90.49460054000008,22.33061753100003],[90.48988168300008,22.330913611000028],[90.48963738600008,22.338645792000023],[90.48614294500004,22.33943606400004],[90.48418602800007,22.343791529000043],[90.47232725600009,22.347228417000053],[90.47009247700004,22.34436519600007],[90.47021492300007,22.335448233000022],[90.45502305700006,22.345957844000054],[90.44757969600005,22.348222415000066],[90.44633954200003,22.34571634200006],[90.45708606700003,22.335316969000075],[90.47037520600009,22.325146398000072],[90.46277210900007,22.30707922000005],[90.45739069800004,22.298794962000045],[90.44187101900008,22.30099937800003],[90.42810419500006,22.297344429000077],[90.41372453800005,22.29880404000005],[90.40441580600003,22.302721508000047],[90.40292501500005,22.30021344000005],[90.40314682500008,22.290388524000036],[90.40189794500003,22.28967538200004],[90.38100409400005,22.297362469000063],[90.37866516700007,22.294718955000064],[90.37915211700005,22.283368624000047],[90.37773247700005,22.27932207400005],[90.38030250200006,22.265439825000044],[90.37726686900004,22.262021524000033],[90.37310146300007,22.263246808000076],[90.36970035000007,22.261246163000067],[90.36520570900007,22.26278452300005],[90.36262172200009,22.26050945000003],[90.36120493500005,22.25635036600005],[90.35903161000005,22.25590968100005],[90.35399468300005,22.259362491000047],[90.35071524300008,22.266854747000025],[90.33400045300004,22.263478415000066],[90.32839675100007,22.24538857400006],[90.33450915000003,22.244981429000063],[90.33531146300004,22.238294136000036],[90.34307103500004,22.238474730000064],[90.34962888800004,22.230493387000024],[90.35263766300005,22.229777137000042],[90.35490730100008,22.233230913000057],[90.35699717600005,22.23391237900006],[90.35957341400007,22.231713639000077],[90.35778101500006,22.224688082000057],[90.35997930100007,22.221080537000034],[90.35815193700006,22.21910493400003],[90.36320751900007,22.215247386000044],[90.35628399900008,22.20584218700003],[90.34798701900007,22.205116778000047],[90.34781694500003,22.20229194600006],[90.35100998000007,22.196417315000076],[90.35349125800008,22.195270238000035],[90.36248898100007,22.197087811000074],[90.36657096900007,22.199009472000057],[90.36724845800006,22.20071937800003],[90.37191497200007,22.19774017700007],[90.36593556800005,22.188027170000055],[90.34915441000004,22.18014654600006],[90.34253212300007,22.174113525000053],[90.33659136100005,22.165355246000047],[90.33703355300008,22.13797399300006],[90.34349729400003,22.129417944000068],[90.34357222700004,22.121577348000073],[90.34148557300006,22.118999016000032],[90.34655239300008,22.110334799000043],[90.34413025100008,22.109544046000053]]]]}},{"type":"Feature","id":"patuakhali-kalapara","properties":{"canonical_id":"patuakhali-kalapara","name_en":"Kalapara","name_bn":"কলাপাড়া","district_id":"patuakhali","division_id":"barisal","pcode":"BD-A-51-310","parent_pcode":"BD1078","source_name":"Kalapara","match_method":"exact_name_or_alias","boundary_reference_year":"2020","boundary_source":"geoBoundaries gbOpen BGD ADM3 / BBS, OCHA ROAP","source_dataset_updated":"2026-08-09"},"geometry":{"type":"MultiPolygon","coordinates":[[[[90.09031418400008,21.873857025000063],[90.10131747100007,21.885159334000036],[90.10849587800004,21.89580617300004],[90.09749998100006,21.88629013600007],[90.09031418400008,21.873857025000063]]],[[[90.11032514100003,21.898377036000056],[90.11431813800004,21.904226567000023],[90.11112776600004,21.919049662000077],[90.11469182700006,21.925818737000043],[90.110592,21.92244248000003],[90.10790745200006,21.915491560000078],[90.11032514100003,21.898377036000056]]],[[[90.13332047300008,21.928804780000064],[90.14462201000003,21.929732861000048],[90.14147027200005,21.93571544300005],[90.14283411500008,21.93145250500004],[90.13332047300008,21.928804780000064]]],[[[90.30048640800004,21.953690644000062],[90.30429909100008,21.97524496400007],[90.29789196200005,21.98730432600007],[90.29436187700009,21.990657440000064],[90.28823288400008,21.989186086000075],[90.27255114000008,21.978121514000065],[90.26689532700004,21.968664801000045],[90.26372246300008,21.957434817000035],[90.25992086100007,21.95266014500004],[90.25448544400007,21.95070842100006],[90.24769860700007,21.952965877000054],[90.23831410000008,21.96171653300007],[90.23023436000005,21.97598724100004],[90.22337309100004,21.980442883000023],[90.21008404700007,21.98363779400006],[90.19990256700004,21.978917497000054],[90.17424308600005,21.975169978000054],[90.16924645700004,21.975940045000073],[90.16084665700004,21.98168548800004],[90.15905220300004,21.98116153500007],[90.13667938800006,21.956416836000074],[90.13739097100006,21.950153233000037],[90.14726684600004,21.93570640100006],[90.14669617300007,21.928679045000024],[90.14328491900005,21.925000973000067],[90.13959427400005,21.923521891000064],[90.12327648100006,21.92554289800006],[90.11722974200006,21.92478247400004],[90.11630301600007,21.919332938000025],[90.11905641900006,21.903219222000075],[90.12233498800003,21.90307339000003],[90.13078348900007,21.897999253000023],[90.14228389200008,21.89722486900007],[90.14732758300005,21.89502103800004],[90.14825675500003,21.901561634000075],[90.15730898000004,21.911075550000078],[90.16197254300005,21.91202729300005],[90.17175434200004,21.90890971400006],[90.17933376200006,21.926830153000026],[90.18207752200004,21.928835097000047],[90.18986815400007,21.93035597100004],[90.19335668600007,21.93336384400004],[90.19508792300007,21.944023282000046],[90.19742271700005,21.94730657200006],[90.19852927900007,21.94608075800005],[90.19634059900005,21.933719720000056],[90.18926132100006,21.927753834000043],[90.18199391300004,21.926619151000068],[90.17554241400006,21.909690889000046],[90.17269950600007,21.906628870000077],[90.16724363700007,21.90616695700004],[90.16054005800004,21.91027765700005],[90.15050987000006,21.901351790000035],[90.15103214600003,21.895117345000074],[90.14885856000006,21.89257378700006],[90.14485083600005,21.892681261000064],[90.13861944700005,21.895491912000068],[90.12851630900008,21.89565595700003],[90.12195082600005,21.89924548700003],[90.11797076900007,21.899404236000066],[90.11046747400007,21.878525886000034],[90.09991317900005,21.868142635000027],[90.09156428200004,21.867108485000074],[90.08955981300005,21.865654986000038],[90.08540951600008,21.85879978300005],[90.08284464300004,21.850281557000073],[90.08548137400004,21.83926677900007],[90.09957612800008,21.823466288000077],[90.10627750400005,21.819461939000064],[90.12827268400008,21.809835510000028],[90.15902743000004,21.80113306000004],[90.17657610900005,21.799556727000038],[90.17829807600003,21.797529096000062],[90.18213617000004,21.79736906100004],[90.21947528400005,21.806206880000047],[90.22641379000004,21.814145885000073],[90.23415294800003,21.817875496000056],[90.23649935100008,21.82379445500004],[90.25864861200006,21.844040886000073],[90.25986701900007,21.852214287000038],[90.26663325400006,21.86922350100008],[90.26416256300007,21.87673335200003],[90.26728538900005,21.87572433300005],[90.27351229200008,21.890917255000033],[90.27769823300008,21.896695270000066],[90.29558015100008,21.93538891000003],[90.30048640800004,21.953690644000062]]],[[[90.14741514900004,21.974765986000023],[90.15367104000006,21.982122639000067],[90.15882494300007,21.98422139300004],[90.16605166500005,21.983401404000062],[90.17263115600008,21.97737077100004],[90.18119539200006,21.98061259600007],[90.19742041700005,21.981788995000045],[90.21036948900007,21.985884508000026],[90.21385485700006,21.985784292000062],[90.22695699100007,21.98033773700007],[90.23224329200008,21.97556656000006],[90.23995304800007,21.964779709000027],[90.25355101600007,21.954542810000078],[90.25677807900007,21.95362953500006],[90.26059712900008,21.968013979000034],[90.26471283000006,21.976421438000045],[90.28381289000004,21.992739863000054],[90.28034930700005,22.003980870000078],[90.27012698400006,22.020587455000054],[90.27171791800004,22.02125394500007],[90.28263401500004,22.00586545400006],[90.28701888300003,21.99366654100004],[90.29783157400004,21.992021890000046],[90.30207916400008,21.988428531000068],[90.30447426200004,21.981874324000046],[90.30755060500007,21.982251146000067],[90.31104839900007,21.987933789000067],[90.32383583700005,22.020657270000072],[90.33163931000007,22.04688801700007],[90.34387901600007,22.061348692000024],[90.35936497900008,22.069425245000048],[90.36165030000006,22.06834539500005],[90.36358789700006,22.071777291000046],[90.37438957300003,22.07877916800004],[90.37768346900003,22.08288281800003],[90.37810342400007,22.08656308700006],[90.37458867400005,22.101663994000035],[90.37174100300007,22.101733454000055],[90.36175895700006,22.107199930000036],[90.35769361600006,22.09926086300004],[90.35506942000006,22.098546938000027],[90.35226142600004,22.10042426800004],[90.34914302500005,22.106448442000044],[90.34413025100008,22.109544046000053],[90.33762141200003,22.111495224000066],[90.33308700100008,22.108168293000062],[90.33356246600005,22.10008857400004],[90.32899145900006,22.085214173000054],[90.32537183500006,22.09304778300003],[90.31480874800008,22.091972757000065],[90.31357275100004,22.090058983000063],[90.31790636000005,22.082639260000064],[90.30828255300008,22.079889752000042],[90.30446526400004,22.076821231000054],[90.29620164700003,22.076444817000038],[90.29098814200006,22.071219258000042],[90.28842154500006,22.063843191000046],[90.27926313400008,22.064568850000057],[90.28086078600006,22.060698503000026],[90.28917263400007,22.056661700000063],[90.27898376000007,22.051541006000036],[90.28294747200005,22.046618299000045],[90.27983500400006,22.036554955000042],[90.27637298900004,22.030885735000027],[90.27429465800003,22.029725749000022],[90.26628617100005,22.03052976600003],[90.26279817100004,22.033052929000064],[90.25461890900004,22.032654774000036],[90.25026940000004,22.02724272300003],[90.25348520900008,22.02519794500006],[90.24963932200006,22.02503332400005],[90.24836941300003,22.020195270000045],[90.24082927400008,22.026643930000034],[90.24064166500006,22.03281452600004],[90.22106141600005,22.03460611500003],[90.22329806400006,22.037305825000033],[90.23927562500006,22.044512593000036],[90.23723504100008,22.047044104000065],[90.22636808500005,22.04793160400004],[90.23435029200004,22.058929516000035],[90.23301503500005,22.062144327000055],[90.22625718500007,22.06446100100004],[90.22168322500005,22.06286560800004],[90.21870454000003,22.063767141000028],[90.21283715200008,22.07193361900005],[90.20686660700005,22.069211723000024],[90.20008983300005,22.076489838000043],[90.20212225400007,22.07917115500004],[90.20568627900008,22.077626327000075],[90.20908240100005,22.08389649000003],[90.19982380300007,22.091942003000042],[90.18642129200003,22.085111652000023],[90.18550032100006,22.084138383000038],[90.18799763700008,22.075642515000027],[90.18704370600005,22.065467054000067],[90.19396160700006,22.058512849000067],[90.20003756400007,22.063025912000057],[90.20071123000008,22.053191836000053],[90.20840665800006,22.051934888000062],[90.21125661700006,22.049718900000073],[90.20687580300006,22.041382213000077],[90.21022515000004,22.030894187000058],[90.20788360000006,22.028697257000033],[90.20026569500004,22.02906643500006],[90.20252124600006,22.021971519000033],[90.20032567400006,22.02068481300006],[90.17862185400008,22.021544756000026],[90.18507938300007,22.01229435500005],[90.17834961300008,22.001192918000072],[90.18620449300005,21.993735713000035],[90.19117240200006,21.984693119000042],[90.17246063100004,21.981100169000058],[90.16535569000007,21.98682950500006],[90.16059890900004,21.987544573000037],[90.15349558300005,21.982558315000063],[90.14741514900004,21.974765986000023]]]]}},{"type":"Feature","id":"patuakhali-mirzaganj","properties":{"canonical_id":"patuakhali-mirzaganj","name_en":"Mirzaganj","name_bn":"মির্জাগঞ্জ","district_id":"patuakhali","division_id":"barisal","pcode":"BD-A-51-311","parent_pcode":"BD1078","source_name":"Mirzaganj","match_method":"exact_name_or_alias","boundary_reference_year":"2020","boundary_source":"geoBoundaries gbOpen BGD ADM3 / BBS, OCHA ROAP","source_dataset_updated":"2026-08-09"},"geometry":{"type":"Polygon","coordinates":[[[90.23035292700007,22.453288730000054],[90.22689114100007,22.449595303000024],[90.22114609800008,22.448483047000025],[90.22061597900006,22.446667071000036],[90.22384629800007,22.43950987200003],[90.21611323400003,22.429646399000035],[90.21181205000005,22.422069074000035],[90.21133578100006,22.41816497600007],[90.20077773000008,22.417395292000037],[90.19491935400004,22.413610663000043],[90.19312725900005,22.40348976100006],[90.18766520500003,22.395128013000033],[90.18657819700007,22.366343805000042],[90.18052482600007,22.36190866000004],[90.18338772200008,22.354977895000047],[90.18179843900003,22.34741549900008],[90.17793813300005,22.339405009000075],[90.16835483700004,22.33859030900004],[90.17340699800008,22.33187338500005],[90.17594142300004,22.324300798000024],[90.17080256500003,22.326285642000073],[90.16965149900005,22.32847709300006],[90.14677480900008,22.33731007700004],[90.14158070600007,22.341971572000034],[90.13827050800006,22.343101454000077],[90.13954456700009,22.33641360400003],[90.14353892000008,22.332911318000072],[90.14588120600007,22.334513937000054],[90.14974334600004,22.32902577400006],[90.15045227900004,22.322004931000038],[90.15361418500004,22.322334540000043],[90.15420920600008,22.32479496600007],[90.15629959100005,22.325559181000074],[90.15744715400007,22.32548975000003],[90.15727640000006,22.322588788000076],[90.15939239000005,22.32159944600005],[90.15833886200005,22.317577406000055],[90.15936653300008,22.31352396500006],[90.15640192300003,22.310369654000056],[90.14561326900008,22.31231049200005],[90.14620915000006,22.305864278000058],[90.14778435000005,22.30492074400007],[90.14614523600005,22.302756824000028],[90.14343594800005,22.28974223000006],[90.14666825100005,22.282362265000074],[90.14794252200005,22.27301426100007],[90.15581439700009,22.26482575600005],[90.15349140900008,22.260204083000076],[90.15679508100004,22.255892680000045],[90.15873844300006,22.249282737000044],[90.17906711400008,22.23558672300004],[90.19483761300006,22.229726474000074],[90.20827906900007,22.22212604500004],[90.21498414900003,22.224233339000023],[90.21177173500007,22.22867257200005],[90.21130988200008,22.28363570500005],[90.20968582100005,22.295304456000054],[90.20620428300003,22.30114449200005],[90.20993859500004,22.30610346900005],[90.20764269800009,22.315319955000064],[90.20875179300003,22.32394059300003],[90.21963719000007,22.342514984000047],[90.22297881800006,22.345355351000023],[90.25014119200006,22.343836904000057],[90.25980949800004,22.345713223000075],[90.26508164100005,22.350480099000038],[90.26635168800004,22.355375955000056],[90.26352466700007,22.37176941900003],[90.26602987200005,22.38695907500005],[90.26907699200007,22.39410822800005],[90.27019472200004,22.405678521000027],[90.27305137600007,22.40950785700005],[90.27628973600008,22.419570589000045],[90.28340082300008,22.42954772300004],[90.29658591000003,22.44310593700004],[90.30293417000007,22.452473762000068],[90.30912466500007,22.47139511000006],[90.30733054000007,22.472725129000025],[90.298893,22.474921293000023],[90.29494619300004,22.474242538000055],[90.29262840900003,22.46873486800007],[90.28800840700006,22.468509709000045],[90.285752,22.46668263400005],[90.28497289200004,22.46802754400005],[90.28061557400008,22.468810417000043],[90.27953708900009,22.47327934200007],[90.27783795300007,22.46999783800004],[90.27386790300005,22.469427860000053],[90.27474003100008,22.473604624000075],[90.27260402000007,22.474579972000072],[90.26768444400005,22.470302685000036],[90.26365781000004,22.46260806500004],[90.26139442800007,22.461051960000077],[90.25257536400005,22.46057901300003],[90.23035292700007,22.453288730000054]]]}},{"type":"Feature","id":"patuakhali-patuakhali-sadar","properties":{"canonical_id":"patuakhali-patuakhali-sadar","name_en":"Patuakhali Sadar","name_bn":"পটুয়াখালী সদর","district_id":"patuakhali","division_id":"barisal","pcode":"BD-A-51-307","parent_pcode":"BD1078","source_name":"Patuakhali Sadar","match_method":"exact_name_or_alias","boundary_reference_year":"2020","boundary_source":"geoBoundaries gbOpen BGD ADM3 / BBS, OCHA ROAP","source_dataset_updated":"2026-08-09"},"geometry":{"type":"Polygon","coordinates":[[[90.33400045300004,22.263478415000066],[90.35071524300008,22.266854747000025],[90.35399468300005,22.259362491000047],[90.35903161000005,22.25590968100005],[90.36120493500005,22.25635036600005],[90.36262172200009,22.26050945000003],[90.36520570900007,22.26278452300005],[90.36970035000007,22.261246163000067],[90.37310146300007,22.263246808000076],[90.37726686900004,22.262021524000033],[90.38030250200006,22.265439825000044],[90.37773247700005,22.27932207400005],[90.37915211700005,22.283368624000047],[90.37866516700007,22.294718955000064],[90.38100409400005,22.297362469000063],[90.40189794500003,22.28967538200004],[90.40314682500008,22.290388524000036],[90.40292501500005,22.30021344000005],[90.40441580600003,22.302721508000047],[90.41372453800005,22.29880404000005],[90.42810419500006,22.297344429000077],[90.44187101900008,22.30099937800003],[90.45739069800004,22.298794962000045],[90.46277210900007,22.30707922000005],[90.47037520600009,22.325146398000072],[90.45708606700003,22.335316969000075],[90.44134881600007,22.339868031000037],[90.44174734600006,22.34480237300005],[90.43263091400007,22.344879484000046],[90.42840429700004,22.35372124500003],[90.42399429400007,22.36893408000003],[90.43636608000008,22.383419753000055],[90.42871814100005,22.390999992000047],[90.43111919200004,22.400158628000042],[90.42531934700008,22.409809050000035],[90.42788845000007,22.412924084000053],[90.42511951200004,22.41318603700006],[90.42325644800007,22.410990299000048],[90.41989197300006,22.41211167000006],[90.41497538100003,22.422061217000078],[90.41497257100008,22.424998406000043],[90.40688777400004,22.425562704000072],[90.39814418100008,22.421730917000048],[90.39171872300005,22.413439548000042],[90.38609016900006,22.40077098300003],[90.38702905100007,22.39950114900006],[90.38002739900008,22.391707523000036],[90.37984486200008,22.392907790000038],[90.37754602900009,22.390639974000067],[90.37175830700005,22.38989056500003],[90.37275413100008,22.402900720000048],[90.37796208600008,22.408887524000022],[90.38263377700008,22.419574815000033],[90.37841202200008,22.427928817000065],[90.37915534100006,22.444228963000057],[90.37350159200008,22.444215322000048],[90.36714344200004,22.441735106000067],[90.36244991700005,22.442360869000026],[90.35908684300006,22.437906703000067],[90.35627166400008,22.438149518000046],[90.35517475000006,22.441494526000042],[90.35238288000005,22.441860027000075],[90.34643907500003,22.437519895000037],[90.34282870500004,22.440929764000032],[90.33574536600008,22.44120465900005],[90.33075707400008,22.442578814000058],[90.33086231900006,22.443929754000067],[90.31667286600003,22.42176630700004],[90.31211794100005,22.408397096000044],[90.30060555300008,22.394218419000026],[90.29737788400007,22.39286192800006],[90.29625228700007,22.390052686000047],[90.29541043800003,22.394505509000055],[90.30286551000006,22.405430053000032],[90.30114883600004,22.416977711000072],[90.29727528500007,22.417709022000054],[90.29917966200009,22.421920193000062],[90.29627074200005,22.42311071200004],[90.29600354700005,22.42627256800006],[90.29129146100007,22.425776918000054],[90.28340082300008,22.42954772300004],[90.27628973600008,22.419570589000045],[90.27305137600007,22.40950785700005],[90.27019472200004,22.405678521000027],[90.26907699200007,22.39410822800005],[90.26602987200005,22.38695907500005],[90.26352466700007,22.37176941900003],[90.26635168800004,22.355375955000056],[90.26508164100005,22.350480099000038],[90.25980949800004,22.345713223000075],[90.25014119200006,22.343836904000057],[90.22297881800006,22.345355351000023],[90.21963719000007,22.342514984000047],[90.20875179300003,22.32394059300003],[90.20764269800009,22.315319955000064],[90.20993859500004,22.30610346900005],[90.20620428300003,22.30114449200005],[90.20968582100005,22.295304456000054],[90.21130988200008,22.28363570500005],[90.21177173500007,22.22867257200005],[90.21498414900003,22.224233339000023],[90.22495844100007,22.217121960000043],[90.23291360300004,22.227988405000076],[90.23154586900006,22.230122461000065],[90.22593966500006,22.231713330000048],[90.22543410700007,22.234338224000055],[90.23421640600003,22.239546810000036],[90.23689609700006,22.249690446000045],[90.24590459600006,22.26171725200004],[90.27178949000006,22.26260711300006],[90.28137327500008,22.25551441600004],[90.28486834100005,22.255459770000073],[90.28783309900007,22.25830373200006],[90.29012238000007,22.25769775200007],[90.29202969800008,22.25514695100003],[90.29002383900007,22.24990727100004],[90.28611350800008,22.251201022000032],[90.28837572200007,22.247499178000055],[90.28262291400006,22.24889463200003],[90.28696922200004,22.235040265000066],[90.29169634900006,22.23623652400005],[90.28864073600005,22.243329664000044],[90.29560097200005,22.24458958200006],[90.29944084700008,22.242807601000038],[90.30303032400008,22.24365553800004],[90.31344828700009,22.253768571000023],[90.32812056800003,22.262223343000073],[90.33400045300004,22.263478415000066]]]}},{"type":"Feature","id":"pirojpur-bhandaria","properties":{"canonical_id":"pirojpur-bhandaria","name_en":"Bhandaria","name_bn":"ভান্ডারিয়া","district_id":"pirojpur","division_id":"barisal","pcode":"BD-A-50-318","parent_pcode":"BD1079","source_name":"Bhandaria","match_method":"exact_name_or_alias","boundary_reference_year":"2020","boundary_source":"geoBoundaries gbOpen BGD ADM3 / BBS, OCHA ROAP","source_dataset_updated":"2026-08-09"},"geometry":{"type":"Polygon","coordinates":[[[90.06487634300004,22.528260739000075],[90.06461381800005,22.530944521000038],[90.06114938200005,22.533649032000028],[90.06042842000005,22.543182760000036],[90.05798260300008,22.544266615000026],[90.05674732100005,22.551378815000078],[90.05119967300004,22.551030609000065],[90.04631572800008,22.545745485000054],[90.04256728600006,22.535518010000033],[90.03862270500008,22.535931748000053],[90.03156695700005,22.529462082000066],[90.03022160700004,22.522403634000057],[90.03110901800005,22.518723778000037],[90.02124595100008,22.516174668000076],[90.02009255300004,22.50822708800007],[90.02291941100003,22.505614732000026],[90.01738238600007,22.499616227000047],[90.01017341400006,22.49875832200007],[89.99578384100005,22.50210487000004],[89.99150354300008,22.500498329000038],[89.98834131300003,22.496598507000044],[89.98884268400008,22.488169450000044],[89.98636269600007,22.479381329000034],[89.97297833000005,22.44797926700005],[89.96807269900006,22.442819589000067],[89.94625308400003,22.42717030600005],[89.92302822100004,22.399497118000056],[89.90361676100008,22.381753702000026],[89.91511581100008,22.377075054000045],[89.92349416400003,22.370802139000034],[89.92744065400007,22.365378900000053],[89.93352956300004,22.364749119000066],[89.93498880800007,22.365717221000068],[89.93465372400004,22.373479750000058],[89.93667697600006,22.380698051000024],[89.94261215100005,22.387827697000034],[89.95505766800005,22.385634061000076],[89.96185302400005,22.370997257000056],[89.96837782800009,22.370760102000077],[89.97242775600006,22.373811025000066],[89.97495355400008,22.38268135100003],[89.97116515100004,22.390632808000078],[89.96279055400004,22.398877352000056],[89.96284970300007,22.401364028000046],[89.96569559300008,22.403338347000044],[89.97411585700007,22.404763083000034],[89.97878869800007,22.395974615000057],[89.98201894100004,22.39421728900004],[90.00050683800004,22.39620694100006],[90.00153763200007,22.40217939100006],[90.00784942000007,22.39559383900007],[90.01145148800003,22.397431519000065],[90.01463930400007,22.394213109000077],[90.02283891600007,22.394473867000045],[90.02544013300007,22.396071405000043],[90.03117399800004,22.39625673100005],[90.03878818900006,22.40228146100003],[90.03443788400006,22.40801520900004],[90.03212508200005,22.41827372000006],[90.02849108900006,22.420207434000076],[90.02748721900008,22.42797727900006],[90.03032374100007,22.433247077000033],[90.03052501100007,22.437082889000067],[90.02734646700009,22.444242463000023],[90.03630876900007,22.448615199000074],[90.04258752600003,22.443763456000056],[90.05546593400004,22.441687055000045],[90.05997683400005,22.443174949000024],[90.06168398500006,22.445302694000077],[90.06066176400003,22.451031010000065],[90.05641186700007,22.45346640500003],[90.05635122100006,22.455967472000054],[90.05790882700006,22.46124878200004],[90.06083973100004,22.46144250100008],[90.06359368400007,22.465234362000047],[90.06559814700006,22.462011764000067],[90.06516720300004,22.457615141000076],[90.06771906400007,22.456105953000076],[90.06798825300007,22.453161842000043],[90.06923334200008,22.454009393000035],[90.06969692800004,22.452382201000034],[90.07417275900008,22.452100148000056],[90.07721845000003,22.439943279000033],[90.08135502700009,22.43928711700005],[90.08324806100006,22.442000351000047],[90.09017880000005,22.441952023000056],[90.09030233800007,22.444192703000056],[90.09224615000005,22.444793505000064],[90.10070764900007,22.444663382000044],[90.10544941800003,22.45389098100003],[90.105659,22.461918513000057],[90.11039487500005,22.458710487000076],[90.12403063900007,22.469033916000058],[90.12584244500005,22.476968691000025],[90.12928092700008,22.477980331000026],[90.13325065800007,22.483633007000037],[90.13399019900004,22.48690442900005],[90.13179383400006,22.49118331300008],[90.12693367300005,22.491363661000037],[90.12486402800005,22.48989667400008],[90.12255921000008,22.495936879000055],[90.12341117700004,22.498060086000066],[90.11685182600007,22.502995604000034],[90.11364356100006,22.499549423000076],[90.11594401200006,22.495390696000072],[90.11370217100006,22.49356628000004],[90.10959759100007,22.493878540000026],[90.10916428200005,22.495337556000038],[90.10092726600004,22.49964258500006],[90.09881336100005,22.496824978000063],[90.08893736800007,22.495408145000056],[90.08894899100005,22.49220442400008],[90.08526206100004,22.48793385700003],[90.07908221900004,22.487553905000027],[90.07740270400006,22.492286327000045],[90.07897226300008,22.495618579000052],[90.07481813600003,22.497280294000063],[90.07434858900007,22.49871721200003],[90.07149691000006,22.498762827000064],[90.07037643100006,22.50062321200005],[90.07497308800004,22.507430858000077],[90.07276721100004,22.511555360000045],[90.06278519900007,22.50520804000007],[90.06686865700004,22.518179042000043],[90.06487634300004,22.528260739000075]]]}},{"type":"Feature","id":"pirojpur-indurkani","properties":{"canonical_id":"pirojpur-indurkani","name_en":"Indurkani","name_bn":"ইন্দুরকানী","district_id":"pirojpur","division_id":"barisal","pcode":"BD-A-50-317","parent_pcode":"BD1079","source_name":"Zianagar","match_method":"official_rename_verified","boundary_reference_year":"2020","boundary_source":"geoBoundaries gbOpen BGD ADM3 / BBS, OCHA ROAP","source_dataset_updated":"2026-08-09"},"geometry":{"type":"Polygon","coordinates":[[[89.99578384100005,22.50210487000004],[89.99593710000005,22.518483376000063],[89.98768167800006,22.521057100000064],[89.98257667000007,22.520459251000034],[89.98052736200003,22.535546457000066],[89.97575275800006,22.535211267000022],[89.97462355900007,22.53959175800003],[89.96735016400004,22.53876891400006],[89.96553403000007,22.541015753000067],[89.96164981800007,22.539337083000078],[89.95828238600006,22.534492585000066],[89.95529206100008,22.534230924000042],[89.95281534400004,22.537535267000067],[89.95005948100004,22.538402833000077],[89.95015109800005,22.540550986000028],[89.94698675500007,22.542051885000035],[89.93030491100006,22.523846998000067],[89.92324335500007,22.510627234000026],[89.92560824400005,22.50889238900004],[89.93180256200009,22.508098157000063],[89.96463440900004,22.507684108000035],[89.96810840400008,22.505760574000078],[89.96962125800007,22.501441726000053],[89.96839114700003,22.496981190000042],[89.96484880600008,22.492509992000066],[89.95861601000007,22.491820792000055],[89.94411761900005,22.493244933000028],[89.92718731500008,22.498491215000058],[89.92413295200004,22.501301665000028],[89.91418730800007,22.505321638000055],[89.89440311000004,22.50691964500004],[89.88914781900007,22.506191129000058],[89.88524132500004,22.503253450000045],[89.88221233000007,22.49759085200003],[89.88409385100005,22.485612737000054],[89.89483048900007,22.475730017000046],[89.90922668700006,22.473389329000042],[89.92403495900004,22.477655155000036],[89.93067271800004,22.477897831000064],[89.94103651200004,22.473483142000077],[89.94451758200006,22.466957227000023],[89.94257742900004,22.456792024000038],[89.93351145600008,22.448144848000027],[89.92531836900008,22.445447116000025],[89.91091286800008,22.447320322000053],[89.90163734900005,22.444052200000044],[89.89316795700006,22.438829600000076],[89.88633186400006,22.43054569900005],[89.87611125000006,22.427564534000055],[89.87150445900005,22.420435243000043],[89.87238333800008,22.410015874000067],[89.89640207000008,22.384674069000027],[89.90053404500009,22.37742218900007],[89.90361676100008,22.381753702000026],[89.92302822100004,22.399497118000056],[89.94625308400003,22.42717030600005],[89.96807269900006,22.442819589000067],[89.97297833000005,22.44797926700005],[89.98636269600007,22.479381329000034],[89.98884268400008,22.488169450000044],[89.98834131300003,22.496598507000044],[89.99150354300008,22.500498329000038],[89.99578384100005,22.50210487000004]]]}},{"type":"Feature","id":"pirojpur-kawkhali","properties":{"canonical_id":"pirojpur-kawkhali","name_en":"Kawkhali","name_bn":"কাউখালী","district_id":"pirojpur","division_id":"barisal","pcode":"BD-A-50-316","parent_pcode":"BD1079","source_name":"Kawkhali","match_method":"exact_name_or_alias","boundary_reference_year":"2020","boundary_source":"geoBoundaries gbOpen BGD ADM3 / BBS, OCHA ROAP","source_dataset_updated":"2026-08-09"},"geometry":{"type":"Polygon","coordinates":[[[91.93472138000004,22.657111076000035],[91.93500977500008,22.65343566100006],[91.93243099400007,22.652400646000046],[91.93518786400006,22.650524069000028],[91.93881286900006,22.641235236000057],[91.93750188900003,22.63741604200004],[91.93941056300008,22.634609948000048],[91.93713693200004,22.632982637000055],[91.94000995400006,22.62745805700007],[91.93884622400003,22.62407194900004],[91.94502257600004,22.61172418500007],[91.94444612400008,22.609723348000045],[91.94144970900004,22.609194389000038],[91.94133436000004,22.60695260500006],[91.94786917600004,22.603293198000074],[91.94833776700006,22.59923009700003],[91.95205660900007,22.59677891700005],[91.95150223700006,22.59091316200005],[91.95417277600006,22.59111772600005],[91.95587953000006,22.589657749000025],[91.95487668700008,22.58509585300004],[91.95795538900006,22.581764562000046],[91.95668010900005,22.577792397000053],[91.96185912200008,22.57408834900008],[91.95996253400006,22.570531284000026],[91.96245501800007,22.56754514900007],[91.95900272400007,22.565398278000032],[91.96423953500005,22.56323595300006],[91.96376720700005,22.558633758000042],[91.96737190700009,22.554569529000048],[91.96634676100007,22.550622023000074],[91.96933377200008,22.547835478000025],[91.96645510000008,22.54416152700003],[91.96971096400006,22.54187625700007],[91.96974773400007,22.53736040000007],[91.97245309300007,22.53427305200006],[91.97228339300005,22.52737292000006],[91.97413532000007,22.522429290000048],[91.97153524000004,22.51934797800004],[91.97559122200005,22.519291757000076],[91.97691610400005,22.517367853000053],[91.97530645100005,22.514387311000064],[91.97821803000005,22.507815639000057],[91.97403599200004,22.506884355000068],[91.97340050600008,22.504180242000075],[91.97477797700003,22.502501505000055],[91.97036839300006,22.495314351000047],[91.97597074600009,22.490388857000028],[91.97977317100003,22.492677349000076],[91.98442993600008,22.490512344000024],[91.98684326900008,22.492277926000042],[91.98938453200003,22.490200939000033],[91.98858694300009,22.488704148000068],[91.98124286100006,22.48895716100003],[91.98087115200008,22.483238804000052],[91.98778784200005,22.483485786000074],[91.99151773200003,22.48609716200008],[91.99658801900006,22.484845823000057],[92.00470393900008,22.488571036000053],[92.00572485900005,22.49657372300004],[92.00950718500007,22.498857488000056],[92.01616703000008,22.49922605300003],[92.01623335500005,22.506313572000067],[92.02156793700004,22.509255402000065],[92.01738204300005,22.517993716000035],[92.02032663000006,22.522017498000025],[92.02527235400004,22.522781587000054],[92.02597697200008,22.526400538000075],[92.02808098100007,22.527747729000055],[92.02480964200004,22.53058682900007],[92.02489450300004,22.534031286000072],[92.02133805700004,22.535830098000076],[92.02034132500006,22.54127335100003],[92.02193937800007,22.54336855500003],[92.01474767000008,22.548653923000074],[92.01752009500007,22.56898840100007],[92.01361011900008,22.570027648000064],[92.01464316300007,22.57278381800006],[92.01113795900005,22.57768618500006],[92.00667888400005,22.580822049000062],[92.00592017600007,22.58655404900003],[92.00948300800007,22.59300859700005],[92.01285788000007,22.604944646000035],[92.02380651900006,22.610351069000046],[92.02815926500006,22.609466199000053],[92.03134278900006,22.610882570000058],[92.03285651800007,22.613041870000075],[92.03087677000008,22.61681634200005],[92.03694782900004,22.61892065400008],[92.03546198100008,22.622627671000032],[92.03807351500006,22.623198381000066],[92.04081176400007,22.619997736000073],[92.04049846100008,22.611372809000045],[92.04598041000008,22.611056087000065],[92.04525686000005,22.607096960000035],[92.05123898300008,22.612689662000037],[92.05466681400009,22.61297849300007],[92.05652036900005,22.611230609000074],[92.06032145600005,22.614828196000076],[92.06968293600005,22.61483750000008],[92.07108849400004,22.609245729000065],[92.08039205800009,22.609595201000047],[92.08092932400007,22.60514560000007],[92.07886528800003,22.599614255000063],[92.07561925000005,22.595903828000075],[92.07579781800007,22.59354503000003],[92.08074457700008,22.594557228000042],[92.08617386600008,22.58527699600006],[92.09404304300006,22.58307488500003],[92.09857605000008,22.577094490000036],[92.10131832700006,22.575913564000075],[92.12300359500006,22.581006971000022],[92.11655163900008,22.60335660900006],[92.09926860200005,22.642277654000054],[92.09494312200007,22.648193081000045],[92.05328597800008,22.686738698000056],[92.03370345500008,22.695457631000068],[92.00485084000007,22.704496205000055],[92.00281409400009,22.70682492800006],[92.00132008000008,22.717866668000056],[91.99859859400004,22.72383198700004],[91.99423820200008,22.72054931300005],[91.98582300800007,22.718338730000028],[91.96664272400005,22.717791636000072],[91.96253936400007,22.691037583000025],[91.95364322600005,22.68962458200008],[91.94528770200009,22.690045819000034],[91.93692992600006,22.687586853000028],[91.92755144400007,22.68870978600006],[91.92764879900005,22.683494765000034],[91.92572874700005,22.680367158000024],[91.93689857300006,22.677219396000055],[91.93695336500008,22.674193040000034],[91.94305241800004,22.668688588000066],[91.93472138000004,22.657111076000035]]]}},{"type":"Feature","id":"pirojpur-mathbaria","properties":{"canonical_id":"pirojpur-mathbaria","name_en":"Mathbaria","name_bn":"মঠবাড়ীয়া","district_id":"pirojpur","division_id":"barisal","pcode":"BD-A-50-319","parent_pcode":"BD1079","source_name":"Mathbaria","match_method":"exact_name_or_alias","boundary_reference_year":"2020","boundary_source":"geoBoundaries gbOpen BGD ADM3 / BBS, OCHA ROAP","source_dataset_updated":"2026-08-09"},"geometry":{"type":"MultiPolygon","coordinates":[[[[89.88928940600005,22.158189925000045],[89.89092844900006,22.158267821000038],[89.88774280300004,22.16523912100007],[89.88928940600005,22.158189925000045]]],[[[90.05085713100004,22.33691205300005],[90.05585841000004,22.35680638200006],[90.05167796200004,22.359786531000054],[90.04630730900004,22.360353361000023],[90.04476032100007,22.36438701900005],[90.04023997000007,22.36813176900006],[90.03595881900009,22.37519669900007],[90.03542196800004,22.36495566600007],[90.03370473600006,22.363122646000022],[90.03094870100006,22.367324965000023],[90.02361379100006,22.36803397700004],[90.01914006400006,22.371442169000034],[90.02361637100006,22.386922003000052],[90.02283891600007,22.394473867000045],[90.01463930400007,22.394213109000077],[90.01145148800003,22.397431519000065],[90.00784942000007,22.39559383900007],[90.00153763200007,22.40217939100006],[90.00050683800004,22.39620694100006],[89.98201894100004,22.39421728900004],[89.97878869800007,22.395974615000057],[89.97411585700007,22.404763083000034],[89.96569559300008,22.403338347000044],[89.96284970300007,22.401364028000046],[89.96279055400004,22.398877352000056],[89.97116515100004,22.390632808000078],[89.97495355400008,22.38268135100003],[89.97242775600006,22.373811025000066],[89.96837782800009,22.370760102000077],[89.96185302400005,22.370997257000056],[89.95505766800005,22.385634061000076],[89.94261215100005,22.387827697000034],[89.93667697600006,22.380698051000024],[89.93465372400004,22.373479750000058],[89.93498880800007,22.365717221000068],[89.93352956300004,22.364749119000066],[89.92744065400007,22.365378900000053],[89.92349416400003,22.370802139000034],[89.91511581100008,22.377075054000045],[89.90361676100008,22.381753702000026],[89.90053404500009,22.37742218900007],[89.90165710000008,22.371111625000026],[89.90042241500004,22.361516235000067],[89.89555744200004,22.34692371700004],[89.89002411500007,22.339196333000075],[89.87570925100005,22.320133850000047],[89.86762004400003,22.304565896000042],[89.85962144800004,22.280854012000077],[89.85763794900004,22.26184745300003],[89.85872017600008,22.247926190000044],[89.86185723000006,22.233471370000075],[89.86477623000007,22.225651749000065],[89.87462542700007,22.212132052000072],[89.88050102500006,22.199465720000035],[89.88587292600005,22.177272801000072],[89.89760556200008,22.178268210000056],[89.90142510000004,22.163365422000027],[89.90719307400008,22.15876038400006],[89.92259562000004,22.160192480000035],[89.93082342900004,22.16256913600006],[89.93497794900009,22.16596751900005],[89.94210999500007,22.176392297000064],[89.95551235400006,22.171021290000056],[89.95763768600006,22.171421913000074],[89.95882109800004,22.18271386400005],[89.96931087900003,22.191658860000075],[89.96386072500007,22.207986051000034],[89.96472925100005,22.21699467700006],[89.96747311600006,22.220623973000045],[89.96853047000008,22.220546541000033],[89.96875720100007,22.211324999000055],[89.97533411500007,22.203567258000078],[89.97889790300007,22.20264540000005],[89.98356620100003,22.206377719000045],[89.98690146900003,22.201448052000046],[89.99082026700006,22.198733193000066],[89.99194864600008,22.204760906000047],[89.99134172800007,22.20862929900005],[89.99269112500008,22.211207844000057],[89.99462975500006,22.21244196300006],[89.99977059900004,22.21236497700005],[90.00052892000008,22.21381641000005],[89.99789971100006,22.21996769900005],[89.99777313000004,22.228692102000025],[90.01086975800007,22.228576283000052],[90.01881796300006,22.23072320400007],[90.02082099900008,22.241713568000023],[90.02920981600005,22.259829290000027],[90.02024688600005,22.275279956000077],[90.02405321900005,22.28779848100004],[90.02398617100005,22.29310643900004],[90.03048681200005,22.297953670000027],[90.03290803900006,22.303907091000042],[90.03918747500006,22.304712290000055],[90.04217444000005,22.317694392000078],[90.04430550200004,22.31787931100007],[90.04927679400004,22.31488018600004],[90.05316826400008,22.31496478200006],[90.05359334900004,22.324467584000047],[90.04947973600008,22.333673410000074],[90.05085713100004,22.33691205300005]]]]}},{"type":"Feature","id":"pirojpur-nazirpur","properties":{"canonical_id":"pirojpur-nazirpur","name_en":"Nazirpur","name_bn":"নাজিরপুর","district_id":"pirojpur","division_id":"barisal","pcode":"BD-A-50-315","parent_pcode":"BD1079","source_name":"Nazirpur","match_method":"exact_name_or_alias","boundary_reference_year":"2020","boundary_source":"geoBoundaries gbOpen BGD ADM3 / BBS, OCHA ROAP","source_dataset_updated":"2026-08-09"},"geometry":{"type":"Polygon","coordinates":[[[90.03474983700005,22.865680164000025],[90.02029953400006,22.86810425300007],[90.01837247000003,22.87104325300004],[90.01266913900008,22.867371621000075],[89.98742751800006,22.865865263000046],[89.98624838400008,22.86175484100005],[89.97714908400008,22.858798653000065],[89.96987967800004,22.858630321000078],[89.96702964300005,22.85365784100003],[89.95536442700006,22.85348109800003],[89.94561183900004,22.862575547000063],[89.94190444900005,22.86273402000006],[89.94070993800005,22.86498917600005],[89.93887087600007,22.864965330000075],[89.93850975900006,22.862538522000023],[89.94378017500009,22.85649355000004],[89.94336492800005,22.84780864100003],[89.94031241600004,22.845393271000034],[89.94578675000008,22.831699568000033],[89.94465820400006,22.82605282700007],[89.93895715900004,22.82453364500003],[89.92397863900004,22.812225246000025],[89.91550442300007,22.807532189000028],[89.91400352300008,22.799757854000063],[89.92336413400005,22.79587331600004],[89.92783351400004,22.796596691000047],[89.93229871400007,22.793543827000065],[89.93825779700006,22.784943284000065],[89.93285578700005,22.781961935000027],[89.92163012500004,22.784150046000036],[89.91737547100007,22.780473133000044],[89.91687144400004,22.777235676000032],[89.90877738800003,22.77580335500005],[89.90446610600009,22.77256392000004],[89.90939378600007,22.76439799800005],[89.91022946900006,22.757757509000044],[89.91341593100003,22.752356494000026],[89.91551576500007,22.751534131000028],[89.92750936100003,22.754291098000067],[89.93138333800005,22.75238187900004],[89.93298466000005,22.744966652000073],[89.93242472600008,22.725562054000022],[89.93114661200008,22.723038811000038],[89.92818644700003,22.721994383000037],[89.91284166200006,22.726267096000072],[89.90735752700004,22.726560153000037],[89.90272735500008,22.725064562000057],[89.88067027700004,22.712894042000073],[89.87814511100004,22.70993694300006],[89.87598311300007,22.70895285200004],[89.87469716900006,22.709987355000067],[89.86943886200004,22.707307721000063],[89.86246852300008,22.701951871000063],[89.86164645700006,22.69703138600005],[89.86421960400008,22.69361540600005],[89.86824653700006,22.691550867000046],[89.90205578900003,22.69544331000003],[89.91521871600008,22.69320308700003],[89.92086685700008,22.69160670200006],[89.93392338900009,22.683341547000055],[89.93744331000005,22.68742062800004],[89.94634922900008,22.683722510000052],[89.95364785700008,22.683371905000058],[89.95503168600004,22.684656521000022],[89.95557714700004,22.691356987000063],[89.95833443200007,22.69274668500003],[89.96648469100006,22.692845431000023],[89.96836790600008,22.68799039000004],[89.97444818000008,22.68130386200005],[89.97169880400008,22.677268923000042],[89.96880271200007,22.677025881000077],[89.96850863400005,22.675262804000056],[89.96518892800003,22.673393513000065],[89.97259294500003,22.670909218000077],[89.97922870600007,22.673769726000046],[89.98573131700005,22.672473509000042],[89.98783519000006,22.669233055000063],[89.99211657500007,22.678442811000025],[90.00049386600006,22.675956710000037],[90.00398155900007,22.68223662500003],[89.99598316600003,22.69032363900004],[89.99657630200005,22.696171109000034],[89.99983946900005,22.70398939100005],[90.00945253300006,22.704979448000074],[90.01121146000008,22.70742892100003],[90.01112162600003,22.717858791000026],[90.02020099800006,22.72043282800007],[90.02877449200008,22.73545957600004],[90.03033978300004,22.743922845000043],[90.03708770600008,22.74791097900004],[90.03503067200006,22.752373860000034],[90.03540363200005,22.758631661000038],[90.03966292400008,22.763434380000035],[90.03795246900006,22.766779557000064],[90.04197644100003,22.777434740000047],[90.04141798100005,22.788132562000044],[90.04268876600008,22.790934105000076],[90.04593166700005,22.792775807000055],[90.04257117000003,22.79757281600007],[90.04546707400004,22.802970248000065],[90.04627157000004,22.809338239000056],[90.05053894500008,22.81176221800007],[90.05112584600005,22.810401326000033],[90.05453646800004,22.812918067000055],[90.05159824700007,22.817944623000074],[90.05444488400008,22.826900047000038],[90.04387778200004,22.824430326000027],[90.03723066600008,22.818238834000056],[90.02774382900003,22.81754601700004],[90.03438144200004,22.838665556000024],[90.03474983700005,22.865680164000025]]]}},{"type":"Feature","id":"pirojpur-nesarabad","properties":{"canonical_id":"pirojpur-nesarabad","name_en":"Nesarabad","name_bn":"নেছারাবাদ","district_id":"pirojpur","division_id":"barisal","pcode":"BD-A-50-320","parent_pcode":"BD1079","source_name":"Nesarabad","match_method":"exact_name_or_alias","boundary_reference_year":"2020","boundary_source":"geoBoundaries gbOpen BGD ADM3 / BBS, OCHA ROAP","source_dataset_updated":"2026-08-09"},"geometry":{"type":"Polygon","coordinates":[[[90.05112584600005,22.810401326000033],[90.05053894500008,22.81176221800007],[90.04627157000004,22.809338239000056],[90.04546707400004,22.802970248000065],[90.04257117000003,22.79757281600007],[90.04593166700005,22.792775807000055],[90.04268876600008,22.790934105000076],[90.04141798100005,22.788132562000044],[90.04197644100003,22.777434740000047],[90.03795246900006,22.766779557000064],[90.03966292400008,22.763434380000035],[90.03540363200005,22.758631661000038],[90.03503067200006,22.752373860000034],[90.03708770600008,22.74791097900004],[90.03033978300004,22.743922845000043],[90.02877449200008,22.73545957600004],[90.02020099800006,22.72043282800007],[90.01112162600003,22.717858791000026],[90.01121146000008,22.70742892100003],[90.00945253300006,22.704979448000074],[89.99983946900005,22.70398939100005],[89.99657630200005,22.696171109000034],[89.99598316600003,22.69032363900004],[90.00398155900007,22.68223662500003],[90.01173115600005,22.67859671800005],[90.02439041600007,22.665143537000063],[90.03172068400005,22.66464313000006],[90.04226353200005,22.66150452000005],[90.04570980300008,22.662082308000038],[90.04583833000004,22.660731421000037],[90.04974896500005,22.659294145000047],[90.05252240300007,22.663155820000043],[90.05526001900006,22.663770616000022],[90.05878743300008,22.668905978000055],[90.06235104700005,22.66941674000003],[90.06937419800005,22.665368925000053],[90.07157738800004,22.66113839700006],[90.07634484300007,22.66282356000005],[90.07718485500004,22.66092857900003],[90.07581726500007,22.65651137100008],[90.08336108400005,22.652092582000023],[90.08811557700005,22.654703098000027],[90.08955226700004,22.65393583200006],[90.09720318000007,22.655571592000058],[90.10113637600006,22.65804388400005],[90.10773011800006,22.659018917000026],[90.11100146800004,22.662716629000045],[90.11703059500007,22.666165827000043],[90.13822838800007,22.673614878000024],[90.13893444600006,22.677531860000045],[90.14226525900006,22.680717611000034],[90.14295957500008,22.686659296000073],[90.14933099600006,22.693479122000042],[90.15156087900004,22.704005407000068],[90.15532022100007,22.704832914000065],[90.15786476800008,22.712422511000057],[90.15673692700005,22.715516576000027],[90.15813747200008,22.71962163300003],[90.16203698600003,22.72073001800004],[90.16466984500005,22.72348687500005],[90.16560055500008,22.72787098300006],[90.17238374800007,22.72934846100003],[90.17270739400004,22.73115825900004],[90.17946054000004,22.735082780000027],[90.18183449700007,22.739282784000068],[90.18770758200003,22.741946889000076],[90.18619558000006,22.74310949900007],[90.18862401800004,22.743950745000063],[90.18843660300007,22.745114912000076],[90.18330742800003,22.745799823000027],[90.17715254900008,22.752680061000035],[90.17369010400006,22.75260820400007],[90.17153961600008,22.747711115000072],[90.16797509000008,22.74744134900004],[90.16480232200007,22.75150166800006],[90.16679783800004,22.760524619000023],[90.16152861800003,22.759190497000077],[90.15173208400006,22.762947144000066],[90.15106893900008,22.757275974000038],[90.14612962500007,22.758205968000027],[90.14447555600003,22.75706357000007],[90.14066548300008,22.759751417000075],[90.14143561500003,22.768620488000067],[90.13693768100006,22.768776854000066],[90.13444290600006,22.76684800700008],[90.13241639000006,22.76745101000006],[90.12947870200009,22.771569431000046],[90.12741056700008,22.769742321000024],[90.12268734500003,22.770620885000028],[90.12185110400009,22.774744876000057],[90.11466776500004,22.778079423000065],[90.10845033400005,22.77825851700004],[90.10790945500008,22.77569075200006],[90.10543247200007,22.774368113000037],[90.09902288400008,22.775514991000023],[90.09828589600005,22.777280418000032],[90.10068015800005,22.78206399900006],[90.09422198200008,22.785303723000027],[90.08723459900006,22.78368049000005],[90.07672675900005,22.78482019000006],[90.06818319600006,22.800847409000028],[90.06064161800003,22.80714189100007],[90.05112584600005,22.810401326000033]]]}},{"type":"Feature","id":"pirojpur-pirojpur-sadar","properties":{"canonical_id":"pirojpur-pirojpur-sadar","name_en":"Pirojpur Sadar","name_bn":"পিরোজপুর সদর","district_id":"pirojpur","division_id":"barisal","pcode":"BD-A-50-314","parent_pcode":"BD1079","source_name":"Pirojpur Sadar","match_method":"exact_name_or_alias","boundary_reference_year":"2020","boundary_source":"geoBoundaries gbOpen BGD ADM3 / BBS, OCHA ROAP","source_dataset_updated":"2026-08-09"},"geometry":{"type":"Polygon","coordinates":[[[90.02124595100008,22.516174668000076],[90.02286032800004,22.550951028000043],[90.02028329000007,22.568026239000062],[90.02888764800008,22.569428019000043],[90.02949917100005,22.576163889000043],[90.03665702000006,22.58417274900006],[90.03821742000008,22.59043971600005],[90.03781609700007,22.59931597900004],[90.03554235600006,22.602520171000037],[90.02902770200006,22.605309873000067],[90.02135129100003,22.60634716100003],[90.02043051100009,22.607847202000073],[90.02973435800004,22.632287957000074],[90.03172068400005,22.66464313000006],[90.02439041600007,22.665143537000063],[90.01173115600005,22.67859671800005],[90.00398155900007,22.68223662500003],[90.00049386600006,22.675956710000037],[89.99211657500007,22.678442811000025],[89.98783519000006,22.669233055000063],[89.98573131700005,22.672473509000042],[89.97922870600007,22.673769726000046],[89.97259294500003,22.670909218000077],[89.96518892800003,22.673393513000065],[89.96850863400005,22.675262804000056],[89.96880271200007,22.677025881000077],[89.97169880400008,22.677268923000042],[89.97444818000008,22.68130386200005],[89.96836790600008,22.68799039000004],[89.96648469100006,22.692845431000023],[89.95833443200007,22.69274668500003],[89.95557714700004,22.691356987000063],[89.95503168600004,22.684656521000022],[89.95364785700008,22.683371905000058],[89.94634922900008,22.683722510000052],[89.93744331000005,22.68742062800004],[89.93392338900009,22.683341547000055],[89.93700040700008,22.67994576600006],[89.93589984900007,22.67706577900003],[89.92465619000006,22.66948879200004],[89.91406576100007,22.659747459000073],[89.90922645300003,22.659490149000078],[89.90062645800003,22.672134190000065],[89.89665324200007,22.67496210400003],[89.89279706400004,22.672601162000035],[89.89010955900005,22.66399653900004],[89.89590103300009,22.65627077700003],[89.91910743700004,22.647938246000024],[89.92452290800009,22.645085322000057],[89.92682901200004,22.64208543600006],[89.92391391200005,22.620952291000037],[89.92059456100009,22.610133653000048],[89.92086842300006,22.606064553000067],[89.95690027700005,22.598897110000053],[89.96197179400008,22.59427609900007],[89.96250611700003,22.587044235000064],[89.96099016900007,22.577720791000047],[89.95853355100007,22.572667910000064],[89.95811079600008,22.564318116000038],[89.95423858700008,22.554038320000075],[89.94698675500007,22.542051885000035],[89.95015109800005,22.540550986000028],[89.95005948100004,22.538402833000077],[89.95281534400004,22.537535267000067],[89.95529206100008,22.534230924000042],[89.95828238600006,22.534492585000066],[89.96164981800007,22.539337083000078],[89.96553403000007,22.541015753000067],[89.96735016400004,22.53876891400006],[89.97462355900007,22.53959175800003],[89.97575275800006,22.535211267000022],[89.98052736200003,22.535546457000066],[89.98257667000007,22.520459251000034],[89.98768167800006,22.521057100000064],[89.99593710000005,22.518483376000063],[89.99578384100005,22.50210487000004],[90.01017341400006,22.49875832200007],[90.01738238600007,22.499616227000047],[90.02291941100003,22.505614732000026],[90.02009255300004,22.50822708800007],[90.02124595100008,22.516174668000076]]]}}]}