{"type":"FeatureCollection","metadata":{"division":"chittagong","verified_polygon_count":111,"boundary_reference_year":"2020","boundary_source":"geoBoundaries gbOpen BGD ADM3 / BBS, OCHA ROAP","note":"Only canonical verified matches are published; unsupported registry rows never receive fabricated polygons."},"features":[{"type":"Feature","id":"bandarban-alikadam","properties":{"canonical_id":"bandarban-alikadam","name_en":"Alikadam","name_bn":"আলীকদম","district_id":"bandarban","division_id":"chittagong","pcode":"BD-B-01-170","parent_pcode":"BD2003","source_name":"Alikadam","match_method":"exact_name_or_alias","boundary_reference_year":"2020","boundary_source":"geoBoundaries gbOpen BGD ADM3 / BBS, OCHA ROAP","source_dataset_updated":"2026-08-09"},"geometry":{"type":"Polygon","coordinates":[[[92.52819009700005,21.379744411000047],[92.52133568000005,21.388228799000046],[92.51909379400007,21.394740142000046],[92.52054987200006,21.42973319300006],[92.51942580800005,21.44180274000007],[92.50857182400006,21.471112668000046],[92.49902967800006,21.511243656000033],[92.48918877300008,21.532831259000034],[92.49579128900007,21.53876186100007],[92.49837362300008,21.544060349000063],[92.50236323900003,21.569484001000035],[92.50195867200006,21.57799717100005],[92.49359643300005,21.58696073400006],[92.46235913700008,21.63497036800004],[92.44315812400004,21.678202886000065],[92.42713311400007,21.702790381000057],[92.40940196700006,21.744965665000052],[92.39058543900006,21.777231782000058],[92.37460733000006,21.813633464000077],[92.36230655000008,21.835451120000073],[92.33427229700004,21.816582779000044],[92.32095394800007,21.80403036000007],[92.31337335300003,21.79405729700005],[92.30238917100007,21.77248114400004],[92.27262035300004,21.755357134000064],[92.25129894100007,21.707786886000065],[92.24006441400007,21.693924434000053],[92.22286018800008,21.679071100000044],[92.24070886800007,21.624249871000075],[92.24717886500008,21.62168435600006],[92.26443858300007,21.596802726000078],[92.29611822100009,21.577545672000042],[92.31522162700008,21.559131123000043],[92.33761340600006,21.52268754100004],[92.35802569500004,21.471921085000076],[92.38097549400004,21.47986773200006],[92.42809569200006,21.42357494500004],[92.43881551500004,21.365177892000077],[92.45961254200006,21.369112176000044],[92.49911058700008,21.36106563000004],[92.51110312600008,21.363895728000045],[92.50852176700005,21.377295360000062],[92.52819009700005,21.379744411000047]]]}},{"type":"Feature","id":"bandarban-bandarban-sadar","properties":{"canonical_id":"bandarban-bandarban-sadar","name_en":"Bandarban Sadar","name_bn":"বান্দরবান সদর","district_id":"bandarban","division_id":"chittagong","pcode":"BD-B-01-169","parent_pcode":"BD2003","source_name":"Bandarban Sadar","match_method":"exact_name_or_alias","boundary_reference_year":"2020","boundary_source":"geoBoundaries gbOpen BGD ADM3 / BBS, OCHA ROAP","source_dataset_updated":"2026-08-09"},"geometry":{"type":"Polygon","coordinates":[[[92.28434240500007,22.01970672500005],[92.26382270200008,22.069217864000052],[92.24429324500005,22.096581357000048],[92.23627782100004,22.11778123000005],[92.22901612200008,22.13058318900005],[92.20474297300007,22.164475391000053],[92.22078962700004,22.17812383000006],[92.21741562300008,22.18452266500003],[92.22012017600008,22.19227945500006],[92.21971346000004,22.195896822000066],[92.23698410200006,22.20132555600003],[92.25225810900008,22.21087314500005],[92.26405280400007,22.19025034300006],[92.27777437000003,22.17604124500008],[92.29566403300004,22.18090601800003],[92.30427757800004,22.189098284000067],[92.30950863700008,22.196830718000058],[92.31032133800005,22.205460353000035],[92.30455570400005,22.21574252000005],[92.30162512300006,22.224528474000067],[92.27215797400004,22.236918814000035],[92.28718981600008,22.274338859000068],[92.26906163800004,22.28068575900005],[92.27776202500007,22.311669476000077],[92.27702544000005,22.353857326000025],[92.26473052900008,22.344253432000073],[92.22127357600004,22.330594834000067],[92.20825753200006,22.330458148000048],[92.19590851300006,22.332091882000043],[92.19466743000004,22.33724819500003],[92.19762129000009,22.343411702000026],[92.18626408400007,22.346873913000024],[92.17241291300007,22.348272845000054],[92.14593679800004,22.347740998000063],[92.14573123600007,22.33427474800004],[92.14374167300008,22.332739506000053],[92.15112567200003,22.331762361000074],[92.15165676700008,22.33340294800007],[92.15472731600005,22.323243787000024],[92.15434044200003,22.32190886500007],[92.15277028300005,22.32275623000004],[92.15203175700003,22.320639538000023],[92.15307181700007,22.318610122000052],[92.15115840700008,22.31692778000007],[92.15213867400007,22.31440139800003],[92.15018077300005,22.316065430000037],[92.15087995300007,22.312333928000044],[92.14817534400004,22.296471772000075],[92.13742900900007,22.286085247000074],[92.13991397900008,22.280060088000027],[92.13779699000008,22.26649413900003],[92.14338023900007,22.258697788000063],[92.14123592600004,22.252452875000074],[92.14258062500005,22.24719219900004],[92.14077460900006,22.242646901000057],[92.14141621500005,22.240188257000057],[92.13762656100005,22.234465799000077],[92.14239470800004,22.22938666700003],[92.14420081600008,22.224664518000054],[92.14921303900007,22.221477703000062],[92.14696971100005,22.218572067000025],[92.14508228500006,22.208173974000033],[92.14678078500003,22.204525241000056],[92.15104848800007,22.20148762900004],[92.15148738200008,22.195291868000027],[92.15360049300006,22.194529690000024],[92.16014122700005,22.18897802200007],[92.16104450300008,22.185593966000056],[92.16431130500007,22.182149167000034],[92.16176661900005,22.178134783000075],[92.16330558000004,22.174957868000035],[92.15903641700004,22.169264189000046],[92.15639471500003,22.168078446000038],[92.15566526700007,22.16502302600003],[92.16120940800005,22.15976223800004],[92.16241265300005,22.147156143000075],[92.16465054200006,22.146046822000073],[92.16773206100004,22.14749355400005],[92.17075493300007,22.144560134000074],[92.16977121200006,22.137650457000063],[92.16528088100006,22.134223188000078],[92.16455698400006,22.131448215000034],[92.16060276900004,22.13018621200007],[92.16010594000005,22.128271968000035],[92.16204996100004,22.123085935000063],[92.16740682400007,22.122288267000044],[92.16682472800005,22.119118897000078],[92.17099216500009,22.117908835000037],[92.17059619100007,22.11633641800006],[92.17323481800008,22.11287731500005],[92.16994094400007,22.10451094600006],[92.16373539700004,22.103385813000045],[92.16087772900005,22.10014635700003],[92.15754590100005,22.10040401200007],[92.15574547000006,22.09534760500003],[92.15033015800003,22.093666879000068],[92.14809998600003,22.095042243000023],[92.14792318300005,22.09692449100004],[92.14507271800005,22.093007663000037],[92.14255402700007,22.093446778000043],[92.14117012900005,22.09167331200007],[92.14399716400004,22.090681322000023],[92.14464850300004,22.088058597000042],[92.14971308100007,22.08827113600006],[92.15408339400005,22.085312436000038],[92.15752900800004,22.08682634300004],[92.16405217900007,22.084288196000045],[92.16221405900006,22.079379089000042],[92.15626368800008,22.074604656000076],[92.15516051100008,22.070258584000044],[92.16398789500005,22.07065163200008],[92.16444552400009,22.06714591900004],[92.17034853600006,22.066645822000055],[92.17619819300006,22.06416783800006],[92.17665091600009,22.06158773800007],[92.17487561400009,22.057108265000068],[92.16879605400004,22.052833736000025],[92.16863788600006,22.048456608000038],[92.16449019000004,22.04669791400005],[92.16134554000007,22.043055254000024],[92.16627953600005,22.04294911200003],[92.17108886100004,22.037689243000045],[92.17077399700008,22.03442966800003],[92.17319956400007,22.035420128000055],[92.17757081400003,22.024267980000047],[92.18216210600008,22.02890015500003],[92.18283525800007,22.02685043300005],[92.19086479600008,22.02395638400003],[92.19264257900005,22.024785913000073],[92.19572461500007,22.018695493000052],[92.20235869400005,22.01856693700006],[92.20156971600005,22.00816646100003],[92.20486679500004,22.009253681000075],[92.20683611600003,22.007374094000056],[92.21282418900006,22.00835773700004],[92.21616131300004,22.005438080000033],[92.21471827300007,22.000748005000048],[92.20311635900003,22.000003896000067],[92.20346652500007,21.997012863000066],[92.21926128300004,21.994756564000056],[92.24108560100007,21.988263404000065],[92.24010956300003,21.962856814000077],[92.24143527700005,21.956966041000044],[92.24734102300005,21.949688957000035],[92.25897566400005,21.943464258000063],[92.26275323500005,21.942880648000028],[92.27046586700004,21.944895329000076],[92.30477164900003,21.96707144800007],[92.28434240500007,22.01970672500005]]]}},{"type":"Feature","id":"bandarban-lama","properties":{"canonical_id":"bandarban-lama","name_en":"Lama","name_bn":"লামা","district_id":"bandarban","division_id":"chittagong","pcode":"BD-B-01-173","parent_pcode":"BD2003","source_name":"Lama","match_method":"exact_name_or_alias","boundary_reference_year":"2020","boundary_source":"geoBoundaries gbOpen BGD ADM3 / BBS, OCHA ROAP","source_dataset_updated":"2026-08-09"},"geometry":{"type":"Polygon","coordinates":[[[92.36230655000008,21.835451120000073],[92.35409766100008,21.84854610900004],[92.32618209800006,21.880034825000052],[92.32247189700007,21.889767826000025],[92.31962318900008,21.906610262000072],[92.30477164900003,21.96707144800007],[92.27046586700004,21.944895329000076],[92.26275323500005,21.942880648000028],[92.25897566400005,21.943464258000063],[92.24734102300005,21.949688957000035],[92.24143527700005,21.956966041000044],[92.24010956300003,21.962856814000077],[92.24108560100007,21.988263404000065],[92.21926128300004,21.994756564000056],[92.20346652500007,21.997012863000066],[92.20112017300005,21.988731580000035],[92.20386238700007,21.989029421000055],[92.20753596200007,21.984638089000043],[92.20991570500007,21.984080623000068],[92.20994061100004,21.979007516000024],[92.21335205500009,21.976976104000073],[92.21407967800008,21.974773179000067],[92.21282282000004,21.97238369400003],[92.20740504700007,21.971400738000057],[92.19786898400008,21.96261089500007],[92.19442505300003,21.96165634700003],[92.19166921600004,21.953257261000033],[92.19482006200008,21.953696585000046],[92.19585705000009,21.95204577100003],[92.18673956100008,21.950473757000054],[92.18663393000008,21.948393484000064],[92.18414890400004,21.947850324000058],[92.18495887500006,21.945906017000027],[92.18144968700005,21.944726842000023],[92.18073795400005,21.942961341000057],[92.17665814100008,21.944426948000057],[92.17435219400005,21.94188930300004],[92.17384254000007,21.946445469000025],[92.16655805900007,21.947952653000073],[92.15937439000004,21.944410968000057],[92.15949296100007,21.942448478000074],[92.16268465900004,21.940488454000047],[92.16364370000008,21.935224577000042],[92.16248023800006,21.932489678000024],[92.16641233200005,21.932344484000055],[92.16504360300007,21.926879030000066],[92.16636997400008,21.922714790000043],[92.16840946500008,21.92198948600003],[92.16799878500007,21.919754322000074],[92.17035960300007,21.91884303100005],[92.17132358500004,21.915802988000053],[92.17424779800007,21.916391087000022],[92.17546840000006,21.914204919000042],[92.17453910000006,21.909844425000074],[92.17084535000004,21.910229870000023],[92.16789312000003,21.90822124700003],[92.16397951800008,21.91138759200004],[92.16286145700008,21.909721576000038],[92.15815216600004,21.910387041000035],[92.15080563000004,21.907133102000046],[92.14678600300005,21.90914261300003],[92.14369081600006,21.90604641400006],[92.13687343400005,21.905999662000056],[92.12971878600007,21.90157451700003],[92.12507692400004,21.904174011000066],[92.12355078400003,21.906646558000034],[92.11949237800007,21.90798486500006],[92.11864045100003,21.91360334700005],[92.11494518900008,21.91509744900003],[92.11315459500008,21.914465490000055],[92.11190398500008,21.91673461000005],[92.11303964100006,21.923109786000055],[92.11645291600007,21.924619647000043],[92.11426113500005,21.928162317000044],[92.11984082100008,21.931516859000055],[92.11850096700005,21.93458240500007],[92.10893089500007,21.931783360000054],[92.10691224600004,21.925002106000022],[92.09902410700005,21.921758973000067],[92.09552838500008,21.92555059600005],[92.09435253500004,21.922082687000056],[92.09136015500007,21.922535332000052],[92.08825346100008,21.926016523000044],[92.08465581700005,21.924956810000026],[92.08099686600008,21.92075888000005],[92.07582492500006,21.923579105000044],[92.06944928800004,21.916921072000036],[92.06736587400007,21.916484186000048],[92.06631554200004,21.912356351000028],[92.06362998800006,21.911892265000063],[92.06004910600006,21.907799492000038],[92.05968798100008,21.901991189000057],[92.06545552400007,21.903175533000024],[92.06871213100004,21.90236025400003],[92.07089855000004,21.900815911000052],[92.07173100700004,21.896148251000056],[92.07628015700004,21.894104499000036],[92.07592724000006,21.890239120000047],[92.08044992200007,21.889472564000073],[92.07952288000007,21.87692151400006],[92.08335956700006,21.876749133000033],[92.08173001800009,21.87275457900006],[92.08511307100008,21.86238406600006],[92.08265057700004,21.860686443000077],[92.08193833900003,21.857809647000067],[92.08527993600006,21.85393114900006],[92.08569211100007,21.848298831000022],[92.08979837700008,21.84015301000005],[92.08698868600004,21.833545280000067],[92.08140691800008,21.832060030000036],[92.07779016400008,21.825741661000052],[92.07751383700008,21.82452235200003],[92.08051572200009,21.823691818000043],[92.07655837500005,21.81733367100003],[92.08051918500007,21.809926177000023],[92.08942600100005,21.80819440500005],[92.09069666200008,21.80933252600005],[92.09740124200005,21.806340805000048],[92.09920297400004,21.808292184000038],[92.10285571000009,21.808275611000056],[92.10192858100004,21.804550797000047],[92.10313892500005,21.80031394200006],[92.10588242800009,21.79781311000005],[92.10814030500006,21.792487121000022],[92.11031507000007,21.794782987000076],[92.12120065700003,21.795335498000043],[92.12395515700007,21.794306196000036],[92.12432326600003,21.796769849000043],[92.12850659500003,21.797183871000072],[92.12848636600006,21.799495613000033],[92.13067464100004,21.79993922700004],[92.14059497100004,21.786834990000045],[92.14294726200006,21.779543873000023],[92.14813295800008,21.777266110000028],[92.15070897100009,21.77808173300008],[92.15154093800004,21.777063186000078],[92.15468379500004,21.780024510000032],[92.15761156700006,21.77979018600007],[92.15959778500007,21.777168903000074],[92.16533285100007,21.774602944000037],[92.16684135100007,21.779931861000023],[92.17408616400007,21.783601713000053],[92.17465667800008,21.789613917000054],[92.17965809500004,21.791388451000046],[92.18228876000006,21.789242649000073],[92.18249292300004,21.778821192000066],[92.18966411400004,21.776232617000062],[92.19032747800009,21.780999605000034],[92.18854840800003,21.789625735000072],[92.18525504000007,21.795405129000073],[92.18561433700006,21.799927265000065],[92.18495034100005,21.801810639000053],[92.18019660500005,21.804927621000047],[92.18084425000006,21.81021860000004],[92.17847639900003,21.813421122000022],[92.18019193000003,21.81623053100003],[92.17893673300006,21.818356479000045],[92.17986801600006,21.821539699000027],[92.17775783100006,21.822450254000046],[92.17518038800006,21.828556711000033],[92.17084066000007,21.83093969500004],[92.17170372300006,21.832572379000055],[92.16720434500007,21.84033566200003],[92.16976462700006,21.84126793100006],[92.16873460400006,21.84519829100003],[92.17288342400008,21.847231021000027],[92.17683431400008,21.846208164000075],[92.18031771300008,21.84776637600004],[92.18322262400005,21.845186538000064],[92.18238220300003,21.841993974000047],[92.18445166300006,21.83966080400006],[92.18298923700007,21.832805762000078],[92.17920194900006,21.83534250100007],[92.17909679600007,21.833469869000055],[92.18165158400006,21.830179911000073],[92.18496835900004,21.82922990000003],[92.18658390500008,21.819198122000046],[92.18973499300006,21.820048901000064],[92.19152132900007,21.824430993000078],[92.19398872900007,21.823960808000038],[92.19594032300006,21.825298374000056],[92.19770665300007,21.82455668800003],[92.20035286600006,21.81850970100004],[92.20263934000008,21.816455635000068],[92.20462955100004,21.81672620300003],[92.20569188200005,21.813873492000027],[92.20428962500006,21.81236926400004],[92.20349379800007,21.80452182600004],[92.20664807500003,21.798537973000066],[92.20735006200005,21.793356386000028],[92.21235719100008,21.786539496000046],[92.21091878500005,21.784751628000038],[92.20392615000009,21.783325754000032],[92.20237502700007,21.78459257700007],[92.19949873400003,21.78392118900007],[92.19838905000006,21.78632129700003],[92.19435453700004,21.78518663600005],[92.19223240100007,21.780105768000055],[92.19210305200005,21.774539318000052],[92.18869385800008,21.773853907000046],[92.18085332500004,21.778603819000068],[92.18067100300004,21.789158755000074],[92.17643089900008,21.789174037000066],[92.17512803600005,21.782607666000047],[92.16806351600007,21.778709740000068],[92.16620228100004,21.77286876100004],[92.16086265800004,21.769357609000053],[92.16088524900005,21.761991201000058],[92.15576865700007,21.74853801100005],[92.15707376500006,21.746447430000046],[92.15510291200007,21.745462005000036],[92.15730486100006,21.741656128000045],[92.16024244400006,21.742291688000023],[92.16159233300004,21.738558685000044],[92.15820027700005,21.73458872300006],[92.14581011900003,21.735971153000037],[92.13978229000008,21.732891391000067],[92.13829386600008,21.734157375000052],[92.13885635100007,21.73648953000003],[92.12256518800007,21.73870117100006],[92.11579776400004,21.741114570000036],[92.11658738200003,21.73748919700006],[92.12154755100005,21.735016830000063],[92.12140541100007,21.732700376000025],[92.11242284700006,21.73443874800006],[92.10957454300006,21.731042365000064],[92.11158982400008,21.728361720000066],[92.11488441600005,21.727044400000068],[92.11460564800007,21.724422358000027],[92.11735296600006,21.722740609000027],[92.11875735700005,21.718206863000034],[92.11594796200006,21.716340737000053],[92.11072121100005,21.717232865000028],[92.10759140700009,21.719857130000037],[92.10696147700008,21.718991162000066],[92.11339569400008,21.711522268000067],[92.11420814700006,21.705700231000037],[92.10847721600004,21.707446996000044],[92.10415818200005,21.70487006700006],[92.10187336200005,21.701707620000036],[92.10361138300004,21.696211380000022],[92.10171259600008,21.694170013000075],[92.09912717700007,21.695000279000055],[92.09229933000006,21.688654851000024],[92.09816330400008,21.683827577000045],[92.09923678600006,21.68539659700008],[92.10072285800004,21.684266457000035],[92.10327086600006,21.675880065000058],[92.10014456600004,21.673198651000064],[92.10655964400007,21.673654357000032],[92.10702778300004,21.670633344000066],[92.11195677300003,21.666738354000074],[92.11194921500004,21.665265910000073],[92.10803050300007,21.66538515600007],[92.10687449700004,21.660457589000032],[92.10159813100006,21.658626930000025],[92.11295241600004,21.65616815800007],[92.11438135100008,21.650771161000023],[92.11314804500006,21.650116344000025],[92.12528972900003,21.652800624000065],[92.14556722500004,21.64878544000004],[92.15753215200004,21.65401672400003],[92.17622109200005,21.666477791000034],[92.18417090200006,21.66714796900004],[92.19814302800006,21.66452279600003],[92.20309498500006,21.66038059300007],[92.20382520700008,21.651497388000053],[92.20000001500006,21.644244136000054],[92.19044846900005,21.637037301000078],[92.18793980200007,21.63307872200005],[92.18392052600007,21.607033054000055],[92.24070886800007,21.624249871000075],[92.22286018800008,21.679071100000044],[92.24006441400007,21.693924434000053],[92.25129894100007,21.707786886000065],[92.27262035300004,21.755357134000064],[92.30238917100007,21.77248114400004],[92.31337335300003,21.79405729700005],[92.32095394800007,21.80403036000007],[92.33427229700004,21.816582779000044],[92.36230655000008,21.835451120000073]]]}},{"type":"Feature","id":"bandarban-naikhongchhari","properties":{"canonical_id":"bandarban-naikhongchhari","name_en":"Naikhongchhari","name_bn":"নাইক্ষ্যংছড়ি","district_id":"bandarban","division_id":"chittagong","pcode":"BD-B-01-171","parent_pcode":"BD2003","source_name":"Naikhongchhari","match_method":"exact_name_or_alias","boundary_reference_year":"2020","boundary_source":"geoBoundaries gbOpen BGD ADM3 / BBS, OCHA ROAP","source_dataset_updated":"2026-08-09"},"geometry":{"type":"Polygon","coordinates":[[[92.24070886800007,21.624249871000075],[92.18392052600007,21.607033054000055],[92.18793980200007,21.63307872200005],[92.19044846900005,21.637037301000078],[92.20000001500006,21.644244136000054],[92.20382520700008,21.651497388000053],[92.20309498500006,21.66038059300007],[92.19814302800006,21.66452279600003],[92.18417090200006,21.66714796900004],[92.17622109200005,21.666477791000034],[92.15753215200004,21.65401672400003],[92.14556722500004,21.64878544000004],[92.12528972900003,21.652800624000065],[92.11314804500006,21.650116344000025],[92.11096141500008,21.64783939600005],[92.10685091600004,21.648522323000066],[92.10279088600004,21.644315869000025],[92.09852066800005,21.644220593000057],[92.10726162800006,21.64129831100007],[92.11215362300004,21.633969129000036],[92.12423241100004,21.631086238000023],[92.12898545200005,21.624983732000032],[92.14056443400005,21.618326039000067],[92.14468649900004,21.607574396000075],[92.14189083900004,21.600809088000062],[92.14633808500008,21.59982219500006],[92.14682058000005,21.596242176000032],[92.14893802500006,21.595572834000052],[92.15986764300004,21.601289202000032],[92.16104906600003,21.605537319000064],[92.16669030300005,21.605620264000038],[92.17357869200004,21.59998577300007],[92.17292753000004,21.59186360700005],[92.16900510400006,21.590010506000056],[92.16862778100005,21.588055557000075],[92.17288089800007,21.586637349000057],[92.17211422000008,21.583866861000047],[92.17568769900004,21.580710940000074],[92.17504869200008,21.578449573000057],[92.17853764600005,21.572317243000043],[92.18467492300005,21.568387677000032],[92.17727687400009,21.55492889900006],[92.16629562000008,21.548982154000043],[92.16295753600008,21.542997425000067],[92.15925554900008,21.541509115000053],[92.15953529400008,21.533179996000058],[92.16386051700005,21.52829914800003],[92.16624326700008,21.52212217700003],[92.17009670200008,21.519949388000043],[92.16895734400003,21.514263758000027],[92.17479986000006,21.507480963000035],[92.18254143700005,21.512322634000043],[92.18229508000007,21.50701233600006],[92.18424082500007,21.501689456000065],[92.18581078900007,21.50101082200007],[92.18510450700006,21.50770534800006],[92.18622079100004,21.510239829000056],[92.19134540500005,21.511394823000046],[92.19367995200008,21.51503920700003],[92.19724157600007,21.51363808900004],[92.20142725200003,21.51407084400006],[92.20261577400004,21.50324649600003],[92.20431259800006,21.502507324000078],[92.20797316200009,21.505928260000076],[92.21730741500005,21.503662405000057],[92.21674436900008,21.498626226000056],[92.22289450000005,21.494658663000052],[92.22164097900009,21.48319598200004],[92.22426606700003,21.48340741000004],[92.22683527900006,21.47887558900004],[92.22983692400004,21.482396836000078],[92.23191956700003,21.48219096400004],[92.23265198100006,21.478499131000035],[92.23875990600004,21.475324872000044],[92.23987036400007,21.47199988600005],[92.23764213900006,21.46704706400004],[92.24032167300004,21.460507782000036],[92.23844805900006,21.457049212000072],[92.24225126700009,21.45213299200003],[92.23514330300009,21.453234988000077],[92.23520339300006,21.44748845500004],[92.23060520600006,21.447752723000065],[92.22936900800005,21.446342711000057],[92.23291712600007,21.440385699000046],[92.23281051000004,21.434529342000076],[92.23450440900007,21.43282881500005],[92.23341767000005,21.42958764900004],[92.24173527300007,21.425826596000036],[92.23788210500004,21.41366621800006],[92.24703974700003,21.408070785000064],[92.24683659300007,21.40251008000007],[92.24373685400008,21.400324543000067],[92.23552867300003,21.397831836000023],[92.22971744100005,21.400304799000025],[92.22567060800009,21.398835862000055],[92.22004897700003,21.400789565000025],[92.21404159800005,21.39498945200006],[92.20621220900006,21.39327644900004],[92.20188080600008,21.390525511000078],[92.19812751100005,21.397694099000034],[92.19893234100005,21.402788532000045],[92.19553379500007,21.405934186000025],[92.19624982700003,21.40694410900005],[92.19196318300004,21.413755550000076],[92.19147815000008,21.41885617300005],[92.18949841400007,21.420655131000046],[92.18947502900005,21.424179835000075],[92.18779267600007,21.426484543000072],[92.18269320400003,21.424057852000033],[92.17898817900004,21.431788759000028],[92.17660483700007,21.430092691000027],[92.16750650400007,21.429669471000068],[92.16361691200007,21.43177507300004],[92.15565622400004,21.42488445600003],[92.15597510100008,21.418562914000063],[92.15402255000004,21.41595957800007],[92.15600134300007,21.412507868000034],[92.15240459800003,21.409078473000022],[92.14610658200007,21.406426656000065],[92.14351967700009,21.39997634300005],[92.14010814600005,21.399126753000075],[92.13664832700005,21.403493758000025],[92.13407870600008,21.40189646400006],[92.13073916700006,21.402396416000045],[92.12651199100009,21.400908961000027],[92.12909865800003,21.39678211300003],[92.12834244500004,21.393378394000024],[92.13122977900008,21.38709670700007],[92.13129067400007,21.38035988000007],[92.13555407700005,21.37558006200004],[92.13940102100008,21.366874016000054],[92.13940643600006,21.360195756000053],[92.14247324200005,21.35410242000006],[92.14311801700006,21.34876524500004],[92.14510812500004,21.35030524600006],[92.14968762000007,21.34378017000006],[92.15146533500007,21.337124111000037],[92.15021098700004,21.334266728000046],[92.15247327800006,21.33064892300007],[92.15296853600006,21.325659915000074],[92.15185509500003,21.321760227000027],[92.15386955200006,21.322967396000024],[92.15678263500007,21.320743497000024],[92.15829770600004,21.318198859000063],[92.15778577300006,21.312474922000035],[92.16031952500003,21.311718246000055],[92.16737990700005,21.29882847500005],[92.17103977600004,21.29869860100007],[92.17166591500006,21.288969921000046],[92.17767289100004,21.285153360000038],[92.17599473000007,21.28205612200003],[92.18086125600007,21.275657070000022],[92.17914991100008,21.27373680200003],[92.17971466300008,21.271647096000038],[92.18203525900003,21.26955807400003],[92.19048832400006,21.271727715000054],[92.19270036400007,21.26663082600004],[92.19207344900008,21.265282428000035],[92.18941160700007,21.265414123000028],[92.19128265600006,21.26303141300008],[92.19082833900006,21.259632520000025],[92.18602202200003,21.25752873700003],[92.18541144900007,21.255159078000077],[92.18202741900006,21.252726288000076],[92.18311734800005,21.25028717600003],[92.17876845000006,21.239793147000057],[92.17959684000004,21.234798948000048],[92.17019029000005,21.22844780400004],[92.16945528400004,21.223633465000034],[92.16624098600005,21.221006758000044],[92.16851340300008,21.21821022900008],[92.16554238100008,21.216034165000053],[92.16944486400007,21.21452276900004],[92.16721682900004,21.210213835000047],[92.17032082100008,21.20683570700004],[92.17079124900005,21.200848801000063],[92.17448615700005,21.198756097000057],[92.17466675400004,21.19600449400008],[92.17323766500004,21.195572200000072],[92.17127945000004,21.189984240000058],[92.17380257500008,21.187576721000028],[92.17381487600005,21.18537307400004],[92.17639948800007,21.18434799000005],[92.17960379300007,21.18506882400004],[92.18425223300005,21.193166224000038],[92.20118779100005,21.206577955000057],[92.20676047100005,21.213735927000073],[92.21018617400006,21.22468360000005],[92.21442272200005,21.225790725000024],[92.21805629300007,21.231896404000054],[92.21078920700006,21.248228333000043],[92.21973967200006,21.257607997000036],[92.21201812300006,21.28327618800006],[92.19776015500008,21.319633375000024],[92.21149798000005,21.339836197000068],[92.25880615800008,21.36217825800003],[92.25579692800005,21.389245431000063],[92.26956297800007,21.400419707000026],[92.26907105600009,21.428201571000045],[92.29172276400004,21.430478444000073],[92.29723632900004,21.420134349000023],[92.30215454000006,21.42348647500006],[92.30916106300003,21.41820007800004],[92.31359034900004,21.419464735000076],[92.31489159700004,21.421732072000054],[92.32851673800008,21.41907588500004],[92.33003923800004,21.42021471100003],[92.32857175800007,21.426882611000053],[92.32568461900007,21.42427059700003],[92.32642228300006,21.431992489000038],[92.32853816700003,21.43341248400003],[92.32980888800006,21.431432164000057],[92.33320690300008,21.43245584300007],[92.33532626600004,21.43567276600004],[92.33785412400005,21.436015096000062],[92.34347101500003,21.466879196000036],[92.35802569500004,21.471921085000076],[92.33761340600006,21.52268754100004],[92.31522162700008,21.559131123000043],[92.29611822100009,21.577545672000042],[92.26443858300007,21.596802726000078],[92.24717886500008,21.62168435600006],[92.24070886800007,21.624249871000075]]]}},{"type":"Feature","id":"bandarban-rowangchhari","properties":{"canonical_id":"bandarban-rowangchhari","name_en":"Rowangchhari","name_bn":"রোয়াংছড়ি","district_id":"bandarban","division_id":"chittagong","pcode":"BD-B-01-172","parent_pcode":"BD2003","source_name":"Rowangchhari","match_method":"exact_name_or_alias","boundary_reference_year":"2020","boundary_source":"geoBoundaries gbOpen BGD ADM3 / BBS, OCHA ROAP","source_dataset_updated":"2026-08-09"},"geometry":{"type":"Polygon","coordinates":[[[92.28434240500007,22.01970672500005],[92.31065911100006,22.04307847000007],[92.31344873500007,22.048565542000063],[92.31356112700007,22.06265157400003],[92.32191104200007,22.070844075000025],[92.31582671600006,22.079780420000077],[92.31409404000004,22.089228656000046],[92.31833338000007,22.10964791300006],[92.31744466500004,22.117039634000037],[92.34404120500005,22.126440048000063],[92.36092302400004,22.147537199000055],[92.36854172300008,22.14605657000004],[92.38016440900003,22.14710990100008],[92.41017719100006,22.155273973000078],[92.41865806300007,22.159417792000056],[92.46376711700003,22.19112771300007],[92.47218456800005,22.195146671000032],[92.48672895300007,22.19877512900007],[92.48568393900007,22.210139109000067],[92.48068944200008,22.22771024700006],[92.47618810400007,22.23719033200007],[92.46372095900006,22.254163548000065],[92.43740749100004,22.277645238000048],[92.39950505500008,22.31544780200005],[92.37257783200005,22.336228826000024],[92.36000233100003,22.341343394000035],[92.33313578900004,22.34505110200007],[92.28263974600009,22.355614271000036],[92.27702544000005,22.353857326000025],[92.27776202500007,22.311669476000077],[92.26906163800004,22.28068575900005],[92.28718981600008,22.274338859000068],[92.27215797400004,22.236918814000035],[92.30162512300006,22.224528474000067],[92.30455570400005,22.21574252000005],[92.31032133800005,22.205460353000035],[92.30950863700008,22.196830718000058],[92.30427757800004,22.189098284000067],[92.29566403300004,22.18090601800003],[92.27777437000003,22.17604124500008],[92.26405280400007,22.19025034300006],[92.25225810900008,22.21087314500005],[92.23698410200006,22.20132555600003],[92.21971346000004,22.195896822000066],[92.22012017600008,22.19227945500006],[92.21741562300008,22.18452266500003],[92.22078962700004,22.17812383000006],[92.20474297300007,22.164475391000053],[92.22901612200008,22.13058318900005],[92.23627782100004,22.11778123000005],[92.24429324500005,22.096581357000048],[92.26382270200008,22.069217864000052],[92.28434240500007,22.01970672500005]]]}},{"type":"Feature","id":"bandarban-ruma","properties":{"canonical_id":"bandarban-ruma","name_en":"Ruma","name_bn":"রুমা","district_id":"bandarban","division_id":"chittagong","pcode":"BD-B-01-174","parent_pcode":"BD2003","source_name":"Ruma","match_method":"exact_name_or_alias","boundary_reference_year":"2020","boundary_source":"geoBoundaries gbOpen BGD ADM3 / BBS, OCHA ROAP","source_dataset_updated":"2026-08-09"},"geometry":{"type":"Polygon","coordinates":[[[92.30477164900003,21.96707144800007],[92.31962318900008,21.906610262000072],[92.32247189700007,21.889767826000025],[92.33133210900007,21.891622238000025],[92.35844104400007,21.902393240000038],[92.36619049400008,21.909056359000033],[92.37818625900007,21.91157597800003],[92.39841080700006,21.926446438000028],[92.40988835500008,21.932703754000045],[92.41696160500004,21.923203612000066],[92.42752122500008,21.900664348000078],[92.44537334800003,21.852931042000023],[92.46216127600007,21.858699002000037],[92.50271550100007,21.86612024300007],[92.54885395200006,21.881798487000026],[92.58049705600007,21.894376485000066],[92.57014093400005,21.927068673000065],[92.54785500300005,21.97201624400003],[92.53811204700008,21.988534048000076],[92.52322573900005,22.02703191200004],[92.52051049200008,22.047271971000043],[92.51561996200007,22.067903233000038],[92.50495873600005,22.092024691000063],[92.49862162600004,22.113528478000035],[92.49721792200006,22.153296538000063],[92.48672895300007,22.19877512900007],[92.47218456800005,22.195146671000032],[92.46376711700003,22.19112771300007],[92.41865806300007,22.159417792000056],[92.41017719100006,22.155273973000078],[92.38016440900003,22.14710990100008],[92.36854172300008,22.14605657000004],[92.36092302400004,22.147537199000055],[92.34404120500005,22.126440048000063],[92.31744466500004,22.117039634000037],[92.31833338000007,22.10964791300006],[92.31409404000004,22.089228656000046],[92.31582671600006,22.079780420000077],[92.32191104200007,22.070844075000025],[92.31356112700007,22.06265157400003],[92.31344873500007,22.048565542000063],[92.31065911100006,22.04307847000007],[92.28434240500007,22.01970672500005],[92.30477164900003,21.96707144800007]]]}},{"type":"Feature","id":"bandarban-thanchi","properties":{"canonical_id":"bandarban-thanchi","name_en":"Thanchi","name_bn":"থানচি","district_id":"bandarban","division_id":"chittagong","pcode":"BD-B-01-175","parent_pcode":"BD2003","source_name":"Thanchi","match_method":"exact_name_or_alias","boundary_reference_year":"2020","boundary_source":"geoBoundaries gbOpen BGD ADM3 / BBS, OCHA ROAP","source_dataset_updated":"2026-08-09"},"geometry":{"type":"Polygon","coordinates":[[[92.52819009700005,21.379744411000047],[92.53378710500004,21.38044089300007],[92.53465180600006,21.377513012000065],[92.54102879900006,21.376143460000037],[92.54344374900006,21.37811123700004],[92.54853760500004,21.378909693000026],[92.55508086000003,21.38434471000005],[92.55793592000003,21.383885861000067],[92.55766306600003,21.382607951000068],[92.56112825100007,21.38009926700005],[92.56124933900009,21.375980353000045],[92.56399406400004,21.371965815000067],[92.56219205200006,21.36368698600006],[92.56602390700004,21.356252032000043],[92.56721500600008,21.344406293000077],[92.57100902700006,21.335391840000057],[92.57344826100007,21.333250821000036],[92.57161991600003,21.330082680000032],[92.57154921100005,21.324368633000063],[92.57316259200007,21.32074151100005],[92.57626498000008,21.31851808500005],[92.57854003700004,21.308100291000073],[92.58258513000004,21.29919920800006],[92.58344491700007,21.29217077800007],[92.58564679200003,21.288074085000062],[92.58401483200004,21.282338898000035],[92.58480806000006,21.27701789400004],[92.58661867500007,21.27589762300005],[92.58599623000003,21.27169985100005],[92.59088955700008,21.264555243000075],[92.59417994500006,21.246754400000043],[92.59697493700008,21.243578441000068],[92.61265245100003,21.246812141000078],[92.61563467600007,21.248264611000025],[92.61536317700006,21.250887083000066],[92.62288099900007,21.250877014000025],[92.62182402300004,21.256790597000077],[92.62790702800004,21.26037038100003],[92.62991296800004,21.26322815900005],[92.62946869900009,21.26857989900003],[92.63237383600006,21.269455406000077],[92.63294610500003,21.26751438900004],[92.63580607800009,21.27126155600007],[92.63991859900005,21.271242271000062],[92.64197565400008,21.274243521000074],[92.64565286300007,21.273039184000027],[92.64880660000006,21.276492568000037],[92.65247440500008,21.275838951000026],[92.66100291600009,21.28034486200005],[92.66349399800004,21.279068598000038],[92.66827030200005,21.28273061400006],[92.67429316700009,21.282869751000078],[92.68025738200004,21.285618725000063],[92.67984046500004,21.297686896000073],[92.66354758700004,21.319974408000064],[92.65682076000007,21.34769809000005],[92.65110895000004,21.358568047000063],[92.64870506300008,21.377086723000048],[92.65039624900004,21.385889559000077],[92.64904867200005,21.39081315900006],[92.64341012300008,21.399966491000043],[92.64280578200004,21.40978064600006],[92.63923814800006,21.41994849100007],[92.63918658400007,21.42619681900004],[92.64114868600007,21.428772442000025],[92.63888352200007,21.430255257000056],[92.63974906600004,21.43237659600004],[92.63848027900008,21.437321664000024],[92.63480843000008,21.437975385000072],[92.63121530400008,21.446780279000052],[92.63144805800005,21.452762327000073],[92.62424549800005,21.475455150000073],[92.62743884300005,21.481941396000025],[92.62724240600005,21.488192007000066],[92.61971378800007,21.51593667700007],[92.62014477900004,21.53189179700007],[92.61644708200004,21.546846428000038],[92.61702160400006,21.557887936000043],[92.61524760700007,21.570356667000055],[92.60900808100007,21.584655961000067],[92.60830103200004,21.607138277000047],[92.61102806600007,21.622976056000027],[92.60984578500006,21.627775497000073],[92.60837737700007,21.62860613400005],[92.60929123600005,21.630027265000024],[92.60601406000006,21.644875914000067],[92.60182550400003,21.654710117000036],[92.60449578000004,21.673257259000025],[92.60635298900007,21.674483],[92.60773157700004,21.681313697000064],[92.60656977000008,21.690287887000068],[92.60119787400004,21.70259641100006],[92.60438390300004,21.722336039000027],[92.60873519600005,21.731087991000038],[92.60535888200008,21.74318467200004],[92.60888279600005,21.746749402000034],[92.60747473200007,21.755465652000055],[92.60913048500004,21.765794733000064],[92.61095682900003,21.76897988500008],[92.61191943900008,21.781035169000063],[92.60997878600006,21.78542638500005],[92.61031596200007,21.79336573200004],[92.60818342000005,21.795177953000064],[92.60960282800005,21.797755602000052],[92.60825404100007,21.80387986900007],[92.61012019100008,21.811894343000063],[92.60939292500007,21.81710598500007],[92.62142519600008,21.82532930800005],[92.62008802500009,21.825702643000056],[92.62018984500008,21.829167762000054],[92.61554519800006,21.832166552000047],[92.61632344200007,21.83561191900003],[92.61346916900004,21.842428170000062],[92.61390871200007,21.851907425000036],[92.59251182400004,21.872810596000022],[92.58691051000005,21.880526861000078],[92.58049705600007,21.894376485000066],[92.54885395200006,21.881798487000026],[92.50271550100007,21.86612024300007],[92.46216127600007,21.858699002000037],[92.44537334800003,21.852931042000023],[92.42752122500008,21.900664348000078],[92.41696160500004,21.923203612000066],[92.40988835500008,21.932703754000045],[92.39841080700006,21.926446438000028],[92.37818625900007,21.91157597800003],[92.36619049400008,21.909056359000033],[92.35844104400007,21.902393240000038],[92.33133210900007,21.891622238000025],[92.32247189700007,21.889767826000025],[92.32618209800006,21.880034825000052],[92.35409766100008,21.84854610900004],[92.36230655000008,21.835451120000073],[92.37460733000006,21.813633464000077],[92.39058543900006,21.777231782000058],[92.40940196700006,21.744965665000052],[92.42713311400007,21.702790381000057],[92.44315812400004,21.678202886000065],[92.46235913700008,21.63497036800004],[92.49359643300005,21.58696073400006],[92.50195867200006,21.57799717100005],[92.50236323900003,21.569484001000035],[92.49837362300008,21.544060349000063],[92.49579128900007,21.53876186100007],[92.48918877300008,21.532831259000034],[92.49902967800006,21.511243656000033],[92.50857182400006,21.471112668000046],[92.51942580800005,21.44180274000007],[92.52054987200006,21.42973319300006],[92.51909379400007,21.394740142000046],[92.52133568000005,21.388228799000046],[92.52819009700005,21.379744411000047]]]}},{"type":"Feature","id":"brahmanbaria-akhaura","properties":{"canonical_id":"brahmanbaria-akhaura","name_en":"Akhaura","name_bn":"আখাউড়া","district_id":"brahmanbaria","division_id":"chittagong","pcode":"BD-B-04-101","parent_pcode":"BD2012","source_name":"Akhaura","match_method":"exact_name_or_alias","boundary_reference_year":"2020","boundary_source":"geoBoundaries gbOpen BGD ADM3 / BBS, OCHA ROAP","source_dataset_updated":"2026-08-09"},"geometry":{"type":"Polygon","coordinates":[[[91.22693352000005,23.79034603300005],[91.22719978900005,23.793485717000067],[91.23153715400008,23.798319778000064],[91.23368577200006,23.81096904800006],[91.23748321100004,23.813738588000035],[91.24285671400008,23.82310969200006],[91.25398788200005,23.837153675000025],[91.24880923000006,23.850953383000046],[91.24080975100009,23.86184397900007],[91.23570745600006,23.877661016000047],[91.23175612200004,23.878235518000054],[91.22954634000007,23.880739884000036],[91.22842842300008,23.898779259000037],[91.23530585200007,23.90133350900004],[91.24481518900006,23.90711629300006],[91.24506809200005,23.90850118900005],[91.24258491900008,23.90975767900005],[91.23982164900008,23.906431162000047],[91.23631893200007,23.905836789000034],[91.23099408600007,23.902069526000048],[91.229006,23.90406379700005],[91.22507241900007,23.902949929000044],[91.21699804300005,23.90597906100004],[91.21269045100007,23.90294082300005],[91.20792119900005,23.903846474000034],[91.20966850600007,23.89243377200006],[91.19863853000004,23.88594825000007],[91.19719200200007,23.87744538000004],[91.20015772200009,23.871093126000062],[91.19004694200004,23.856270136000035],[91.18453300400006,23.852528559000064],[91.17730413600003,23.851233810000053],[91.171893,23.85333306900003],[91.17124790700007,23.856600515000025],[91.17736298300008,23.867929857000036],[91.17687940300004,23.870314974000053],[91.17419907100003,23.87216200900008],[91.16682706700004,23.872131139000032],[91.15801941100005,23.863339667000048],[91.15649124500004,23.85712916400007],[91.16066066600007,23.84993486600007],[91.15857641800005,23.846536729000036],[91.15440126100003,23.846712006000075],[91.14743449700006,23.85609283100007],[91.14045689200003,23.862385859000028],[91.14042928500004,23.858601943000053],[91.13691455900005,23.852501868000047],[91.13722543700004,23.84417155400007],[91.13247131500003,23.842546497000058],[91.13091312000006,23.840271314000063],[91.12885662400004,23.843231746000072],[91.12629123300007,23.842989174000024],[91.12424405200005,23.840927475000058],[91.12214473100005,23.831372336000072],[91.11887179900003,23.829236497000068],[91.11787663000007,23.823518937000074],[91.12090844200009,23.822033839000028],[91.11875426500006,23.82039560800007],[91.11807582800003,23.80802241400005],[91.12569218000004,23.81097617000006],[91.12806825800004,23.816292412000053],[91.13134148600005,23.817706116000068],[91.14610672200007,23.809275816000024],[91.15080800400006,23.80997009500004],[91.15240486500005,23.811765570000034],[91.15659760000005,23.809752936000052],[91.15715390600008,23.81458165500004],[91.16009321600006,23.80973627900005],[91.16218516500004,23.81820037600005],[91.16664118900007,23.81365220200007],[91.17725440000004,23.82064417500004],[91.17769292400004,23.81722587400003],[91.17419740300005,23.814067872000066],[91.17327936200007,23.81049507700004],[91.17201170400006,23.791744984000047],[91.17578769600004,23.792743010000038],[91.17709099500007,23.796599040000046],[91.18086267800004,23.798526062000064],[91.19553210500004,23.80053713700005],[91.19726074600004,23.797114432000058],[91.19832695300005,23.800998063000065],[91.20488584400005,23.802437699000052],[91.20620765600006,23.79643627300004],[91.20393034900007,23.793948451000063],[91.20383146800003,23.788941391000037],[91.20004904500007,23.79032440800006],[91.20185333200004,23.781012117000046],[91.20386122200006,23.782115220000037],[91.20407155400005,23.786571071000026],[91.20867557800005,23.78603103200004],[91.21082388200006,23.78016081800007],[91.22055673600005,23.787919893000037],[91.22571967700009,23.78700408000003],[91.22693352000005,23.79034603300005]]]}},{"type":"Feature","id":"brahmanbaria-ashuganj","properties":{"canonical_id":"brahmanbaria-ashuganj","name_en":"Ashuganj","name_bn":"আশুগঞ্জ","district_id":"brahmanbaria","division_id":"chittagong","pcode":"BD-B-04-100","parent_pcode":"BD2012","source_name":"Ashuganj","match_method":"exact_name_or_alias","boundary_reference_year":"2020","boundary_source":"geoBoundaries gbOpen BGD ADM3 / BBS, OCHA ROAP","source_dataset_updated":"2026-08-09"},"geometry":{"type":"Polygon","coordinates":[[[91.06769630600007,24.044827889000032],[91.06996540900008,24.05564107400005],[91.06672715000008,24.062469280000073],[91.06044888900004,24.063496761000067],[91.05932006800003,24.060778269000025],[91.05620966800006,24.060481417000062],[91.05507063400006,24.058378782000034],[91.05261585800008,24.065577234000045],[91.04706884600006,24.06819428500006],[91.04290146700004,24.067812391000075],[91.03787384400005,24.063198286000045],[91.03014064700005,24.060430516000054],[91.02163839800005,24.05419719300005],[91.00851389700006,24.049898377000034],[91.00341898300007,24.046660807000023],[90.98599152400004,24.030601024000077],[90.97515955700004,24.02122459700007],[90.96587687900006,24.005404919000057],[90.96677336500005,23.999647336000066],[90.97095069700003,23.996839806000025],[90.97382229000004,23.98848440000006],[90.97379404700007,23.975413735000075],[90.97883342300008,23.972263545000033],[90.98191488000003,23.972200394000026],[90.99010035600008,23.966326442000025],[90.99337786300003,23.96589546200005],[91.00430346600007,23.96933873100005],[91.01832166700007,23.970160790000023],[91.02037738500007,23.977767966000044],[91.02874235600007,23.977741458000025],[91.03741096700008,23.977661643000033],[91.03972124600006,23.98468145000004],[91.04149192800008,23.985995357000036],[91.04157942500007,23.993358714000067],[91.04782537800008,23.997008858000072],[91.05236906800008,23.997707587000036],[91.05284174800005,23.99946883900003],[91.04922061600007,24.001394195000046],[91.04622488500007,24.009323300000062],[91.04746410100006,24.009758500000032],[91.04661970700005,24.015438767000035],[91.06372528400004,24.017519545000027],[91.06599990900008,24.023971268000025],[91.06406886400003,24.025516623000044],[91.06414385900007,24.027683610000054],[91.06731373100007,24.029769230000056],[91.06888222300006,24.035728525000025],[91.06427616000008,24.041133079000076],[91.06350345900006,24.04902781900006],[91.06643716300005,24.04783334700005],[91.06769630600007,24.044827889000032]]]}},{"type":"Feature","id":"brahmanbaria-bancharampur","properties":{"canonical_id":"brahmanbaria-bancharampur","name_en":"Bancharampur","name_bn":"বাঞ্ছারামপুর","district_id":"brahmanbaria","division_id":"chittagong","pcode":"BD-B-04-103","parent_pcode":"BD2012","source_name":"Bancharampur","match_method":"exact_name_or_alias","boundary_reference_year":"2020","boundary_source":"geoBoundaries gbOpen BGD ADM3 / BBS, OCHA ROAP","source_dataset_updated":"2026-08-09"},"geometry":{"type":"Polygon","coordinates":[[[90.74114421900003,23.69262047600006],[90.75500987600003,23.69518467100005],[90.75992214500008,23.698916894000035],[90.76282775400006,23.69909679500006],[90.76573869400005,23.696721075000028],[90.76726234600005,23.688692399000047],[90.77005580800005,23.684732602000054],[90.77631978700003,23.682978443000025],[90.78388283900006,23.685297742000046],[90.78715831300008,23.689451158000054],[90.78705709800005,23.695779817000073],[90.78216310200008,23.703656937000062],[90.77581743000007,23.706883996000045],[90.77464134000007,23.71214264200006],[90.78098657500004,23.72732704400005],[90.77957182300008,23.73296739700004],[90.78788441000006,23.736356896000075],[90.79350073200004,23.741714681000076],[90.79653117500004,23.741891028000055],[90.79928662700007,23.746344855000075],[90.80848037200008,23.743339606000063],[90.81111924000004,23.737116247000074],[90.81704149800004,23.73355692000007],[90.82631092600008,23.73420708200007],[90.82876535000008,23.728261592000024],[90.83654108900004,23.72185214600006],[90.83561224900006,23.724170497000046],[90.83676605200009,23.72491730400003],[90.85011285500008,23.72734074300007],[90.85682776100003,23.722867848000078],[90.86785033400008,23.72299098700006],[90.87079954300003,23.71865430400004],[90.88336530500004,23.726654808000035],[90.88731997200006,23.736773345000074],[90.88480092600008,23.752928402000066],[90.88254479000005,23.77067885300005],[90.87745962800005,23.78277614700005],[90.88844271300007,23.78817310100004],[90.88637112500004,23.80128630300004],[90.88418040600004,23.805288698000027],[90.88450112900006,23.812784429000033],[90.87436165600008,23.810703383000032],[90.86861840900008,23.812482372000034],[90.86807994200007,23.819622277000065],[90.87176604800004,23.832427850000045],[90.87032144700004,23.835728123000024],[90.85693838700007,23.835229027000025],[90.84356519300007,23.824382671000023],[90.83966000300006,23.824742685000047],[90.83926042200005,23.82787272300004],[90.84340139500006,23.829514252000024],[90.84579677200009,23.833257830000036],[90.84569242200007,23.84527024500005],[90.84801499700006,23.84955834300007],[90.84314320500005,23.852598343000068],[90.83646710500005,23.86057376100007],[90.83590725200008,23.865152008000052],[90.83251558000006,23.86307611700005],[90.82862269400005,23.86420690600005],[90.77795620400008,23.865892055000074],[90.76821041600004,23.864818763000073],[90.76420905700007,23.862324396000076],[90.76048509500004,23.855696416000058],[90.75949779700005,23.84847512400006],[90.76785256300008,23.821368174000042],[90.76665659400004,23.80464284800007],[90.75894911400007,23.790755774000047],[90.75486497700007,23.787837556000056],[90.75371254800007,23.784795424000038],[90.74074626700008,23.77158154800003],[90.73461306300004,23.76283612700007],[90.72308404700004,23.745273289000068],[90.72181911200005,23.730730614000038],[90.72486515300005,23.718370486000026],[90.73017290100006,23.710859527000025],[90.73863259000007,23.702729352000063],[90.74098647800008,23.69779894100003],[90.74114421900003,23.69262047600006]]]}},{"type":"Feature","id":"brahmanbaria-bijoynagar","properties":{"canonical_id":"brahmanbaria-bijoynagar","name_en":"Bijoynagar","name_bn":"বিজয়নগর","district_id":"brahmanbaria","division_id":"chittagong","pcode":"BD-B-04-104","parent_pcode":"BD2012","source_name":"Bijoynagar","match_method":"exact_name_or_alias","boundary_reference_year":"2020","boundary_source":"geoBoundaries gbOpen BGD ADM3 / BBS, OCHA ROAP","source_dataset_updated":"2026-08-09"},"geometry":{"type":"Polygon","coordinates":[[[91.24506809200005,23.90850118900005],[91.24614173800006,23.91384719000007],[91.24137518600008,23.922845410000036],[91.23295964500005,23.92709581300005],[91.23387217900006,23.927998941000055],[91.25203750600008,23.926148484000066],[91.26169880800006,23.92369850500006],[91.26389302100006,23.92514960400007],[91.27167930500008,23.92477278100006],[91.27613838400003,23.922657937000054],[91.27283093600005,23.937784457000078],[91.26393209500009,23.94436951700004],[91.27145705100008,23.963047790000076],[91.28462111800008,23.982238361000043],[91.28617253600004,23.982077460000028],[91.28461047900004,23.977396187000068],[91.28767483600006,23.974041256000078],[91.28760251200003,23.96817299500003],[91.29034338200006,23.967891761000033],[91.29969869100006,23.972265540000024],[91.29720968600003,23.97638787900007],[91.30342383600004,23.98795628700003],[91.30134009500006,23.99385056600005],[91.30343624700004,23.996711497000035],[91.30326409800006,23.996945005000043],[91.30314268900008,23.997076917000072],[91.29987410000007,23.998949596000045],[91.29651757600004,23.998196851000046],[91.29428647400005,24.00129915900004],[91.29560465600008,24.00139187800005],[91.29525128000006,24.00537067600004],[91.29804824100006,24.006917809000072],[91.29726095100006,24.008243535000076],[91.30174594600004,24.009557305000044],[91.30120265000005,24.012963136000053],[91.30408942900004,24.011024638000038],[91.30752286600006,24.016247902000032],[91.30840000400008,24.022591857000066],[91.30685886600008,24.02435471900003],[91.30460173100005,24.023737854000046],[91.30403193300003,24.026036517000023],[91.30607408100008,24.027509758000065],[91.31038773900008,24.026578309000058],[91.31244786500008,24.028664270000036],[91.31164606900006,24.039634443000068],[91.30760251100008,24.041244325000036],[91.30621912100008,24.044102507000048],[91.30358120600005,24.043729331000065],[91.30406762400008,24.05628975600007],[91.30160840300005,24.05647268100006],[91.30078593100006,24.05853924200005],[91.29597888000006,24.05825604900008],[91.29459026600006,24.060636115000023],[91.28587824400006,24.060734971000045],[91.28537925500007,24.05932867000007],[91.28406735600004,24.06079138000007],[91.28409763500008,24.06377184300004],[91.28703552400003,24.066388090000032],[91.28415606100003,24.06840582600006],[91.28342987800005,24.071844172000056],[91.28830114200008,24.077581768000073],[91.28914892600005,24.08625259200005],[91.29236999400007,24.086144689000037],[91.29313705700008,24.09353717700003],[91.28202372600003,24.093635864000078],[91.27940698600008,24.08886754100007],[91.27503445600007,24.09396242100007],[91.26911992000004,24.094980188000022],[91.26764638500003,24.093692549000025],[91.26336246500006,24.091085381000028],[91.26447476100003,24.088775595000072],[91.26281487300008,24.086778835000075],[91.26440703200007,24.082937753000067],[91.25883343500004,24.081746518000045],[91.25524862000003,24.077765740000075],[91.24907005500006,24.074508218000062],[91.24822308600005,24.082714561000046],[91.24689295100006,24.083059554000044],[91.24609856600006,24.080125929000076],[91.23762359400007,24.079966721000062],[91.23843640500007,24.07447107400003],[91.23535774300007,24.065807146000054],[91.22388475200006,24.058671806000063],[91.22215607000004,24.055209284000057],[91.22360455400008,24.051485439000032],[91.20749690500008,24.041263876000073],[91.20444237400005,24.043768628000066],[91.20005649500007,24.043103166000037],[91.19553458300004,24.037431518000062],[91.18940455000006,24.03507135900003],[91.18815836500005,24.031747460000076],[91.17800041700008,24.027501181000048],[91.17597016500008,24.009346853000068],[91.17421296500004,24.001846469000043],[91.17302634300006,24.00216430200004],[91.16864878100006,24.002384001000053],[91.16710685900006,23.999211720000062],[91.16934986200005,23.997900362000053],[91.16853471600007,23.99648869400005],[91.16598008500006,23.993555533000062],[91.16155098100006,23.99231462800003],[91.15705115900005,23.999029421000046],[91.15844973200007,24.00316865700006],[91.15238869900008,24.00319514800003],[91.15523962500004,24.00642997400007],[91.15428415500008,24.00863116900007],[91.16031106600008,24.012717957000064],[91.15743978300009,24.015134040000078],[91.15241175700004,24.013438525000026],[91.15388101000008,24.016405478000024],[91.14905864100007,24.01441253400003],[91.14786207600008,24.011276976000033],[91.14253476500005,24.007528782000065],[91.13935850300004,24.010854437000035],[91.13412447300004,24.011619137000025],[91.12390475400008,24.016293546000043],[91.11394065500008,24.002862398000048],[91.12157917500008,24.00208082300003],[91.12427648900007,24.004202587000066],[91.12700701800009,24.002791735000073],[91.12768917500006,24.001328183000055],[91.12411641600005,23.99072639600007],[91.12667365500005,23.987789426000063],[91.12755930000009,23.98119917200006],[91.13217277200005,23.980838942000048],[91.13509038700005,23.97735843600003],[91.14540868600005,23.978178661000072],[91.15034242100006,23.97357310900003],[91.14714351000003,23.95708636300003],[91.15022861700004,23.949811236000073],[91.16874570900006,23.93446350800008],[91.17370525900003,23.934342161000075],[91.17687212500005,23.928041845000052],[91.18945524800006,23.92412987000006],[91.20177481400003,23.92267710300007],[91.20528005400007,23.918412937000028],[91.20792119900005,23.903846474000034],[91.21269045100007,23.90294082300005],[91.21699804300005,23.90597906100004],[91.22507241900007,23.902949929000044],[91.229006,23.90406379700005],[91.23099408600007,23.902069526000048],[91.23631893200007,23.905836789000034],[91.23982164900008,23.906431162000047],[91.24258491900008,23.90975767900005],[91.24506809200005,23.90850118900005]]]}},{"type":"Feature","id":"brahmanbaria-brahmanbaria-sadar","properties":{"canonical_id":"brahmanbaria-brahmanbaria-sadar","name_en":"Brahmanbaria Sadar","name_bn":"ব্রাহ্মণবাড়িয়া সদর","district_id":"brahmanbaria","division_id":"chittagong","pcode":"BD-B-04-96","parent_pcode":"BD2012","source_name":"Brahmanbaria Sadar","match_method":"exact_name_or_alias","boundary_reference_year":"2020","boundary_source":"geoBoundaries gbOpen BGD ADM3 / BBS, OCHA ROAP","source_dataset_updated":"2026-08-09"},"geometry":{"type":"Polygon","coordinates":[[[91.20792119900005,23.903846474000034],[91.20528005400007,23.918412937000028],[91.20177481400003,23.92267710300007],[91.18945524800006,23.92412987000006],[91.17687212500005,23.928041845000052],[91.17370525900003,23.934342161000075],[91.16874570900006,23.93446350800008],[91.15022861700004,23.949811236000073],[91.14714351000003,23.95708636300003],[91.15034242100006,23.97357310900003],[91.14540868600005,23.978178661000072],[91.13509038700005,23.97735843600003],[91.13217277200005,23.980838942000048],[91.12755930000009,23.98119917200006],[91.12667365500005,23.987789426000063],[91.12411641600005,23.99072639600007],[91.12768917500006,24.001328183000055],[91.12700701800009,24.002791735000073],[91.12427648900007,24.004202587000066],[91.12157917500008,24.00208082300003],[91.11394065500008,24.002862398000048],[91.12390475400008,24.016293546000043],[91.13412447300004,24.011619137000025],[91.13935850300004,24.010854437000035],[91.14253476500005,24.007528782000065],[91.14786207600008,24.011276976000033],[91.14905864100007,24.01441253400003],[91.15388101000008,24.016405478000024],[91.15241175700004,24.013438525000026],[91.15743978300009,24.015134040000078],[91.16031106600008,24.012717957000064],[91.15428415500008,24.00863116900007],[91.15523962500004,24.00642997400007],[91.15238869900008,24.00319514800003],[91.15844973200007,24.00316865700006],[91.15705115900005,23.999029421000046],[91.16155098100006,23.99231462800003],[91.16598008500006,23.993555533000062],[91.16853471600007,23.99648869400005],[91.16934986200005,23.997900362000053],[91.16710685900006,23.999211720000062],[91.16864878100006,24.002384001000053],[91.17302634300006,24.00216430200004],[91.17172954300008,24.00971912500006],[91.17383162000004,24.01798227300003],[91.17045359200006,24.01735166700007],[91.16981564700006,24.01985250100006],[91.16807022600005,24.019349352000063],[91.16248000100006,24.028830477000042],[91.16008546600006,24.02948419200004],[91.15869355000007,24.03565505200004],[91.15632208200003,24.03581239400006],[91.15789137300004,24.04167073600007],[91.15472985800005,24.05088090600003],[91.14559096200009,24.05105625300007],[91.14191062900005,24.052676613000074],[91.13295374400008,24.051408824000077],[91.13143300800004,24.050067097000067],[91.12342744600005,24.052354490000027],[91.12379100100009,24.053587958000037],[91.11559486200008,24.054705687000023],[91.11194018000003,24.052227264000066],[91.11212428800008,24.04891149100007],[91.10852253800005,24.047201938000057],[91.10748410700006,24.04243647800007],[91.10580798300003,24.046447710000052],[91.10051882400006,24.04944974400007],[91.09086267700008,24.04777752900003],[91.08880704100005,24.04431966100003],[91.08446252500005,24.045231603000047],[91.08257999300008,24.040256303000035],[91.07953305400008,24.03918785600007],[91.06972188300006,24.041384695000033],[91.06769630600007,24.044827889000032],[91.06643716300005,24.04783334700005],[91.06350345900006,24.04902781900006],[91.06427616000008,24.041133079000076],[91.06888222300006,24.035728525000025],[91.06731373100007,24.029769230000056],[91.06414385900007,24.027683610000054],[91.06406886400003,24.025516623000044],[91.06599990900008,24.023971268000025],[91.06372528400004,24.017519545000027],[91.04661970700005,24.015438767000035],[91.04746410100006,24.009758500000032],[91.04622488500007,24.009323300000062],[91.04922061600007,24.001394195000046],[91.05284174800005,23.99946883900003],[91.05236906800008,23.997707587000036],[91.04782537800008,23.997008858000072],[91.04157942500007,23.993358714000067],[91.04149192800008,23.985995357000036],[91.03972124600006,23.98468145000004],[91.03741096700008,23.977661643000033],[91.02874235600007,23.977741458000025],[91.02966058000004,23.957694022000055],[91.02819494600004,23.954428258000064],[91.02967593200003,23.941445800000054],[91.03429922000004,23.937670078000053],[91.04053099500004,23.943825248000053],[91.04525484000004,23.946387445000028],[91.06077567300008,23.948368405000053],[91.07774802900008,23.956162815000027],[91.08685624900005,23.949214484000038],[91.08580897700006,23.930045539000048],[91.08791796900005,23.919590946000028],[91.08626592400003,23.914122287000055],[91.08000148700006,23.904111104000037],[91.08563492000007,23.88039507900004],[91.08428955600004,23.87776626400006],[91.08526293000006,23.871119621000048],[91.08996636000006,23.866627134000055],[91.09844554300008,23.863178408000067],[91.11952494000008,23.862491485000078],[91.13112227600004,23.864933246000078],[91.13765785300006,23.864318380000043],[91.14045689200003,23.862385859000028],[91.14743449700006,23.85609283100007],[91.15440126100003,23.846712006000075],[91.15857641800005,23.846536729000036],[91.16066066600007,23.84993486600007],[91.15649124500004,23.85712916400007],[91.15801941100005,23.863339667000048],[91.16682706700004,23.872131139000032],[91.17419907100003,23.87216200900008],[91.17687940300004,23.870314974000053],[91.17736298300008,23.867929857000036],[91.17124790700007,23.856600515000025],[91.171893,23.85333306900003],[91.17730413600003,23.851233810000053],[91.18453300400006,23.852528559000064],[91.19004694200004,23.856270136000035],[91.20015772200009,23.871093126000062],[91.19719200200007,23.87744538000004],[91.19863853000004,23.88594825000007],[91.20966850600007,23.89243377200006],[91.20792119900005,23.903846474000034]]]}},{"type":"Feature","id":"brahmanbaria-kasba","properties":{"canonical_id":"brahmanbaria-kasba","name_en":"Kasba","name_bn":"কসবা","district_id":"brahmanbaria","division_id":"chittagong","pcode":"BD-B-04-97","parent_pcode":"BD2012","source_name":"Kasba","match_method":"exact_name_or_alias","boundary_reference_year":"2020","boundary_source":"geoBoundaries gbOpen BGD ADM3 / BBS, OCHA ROAP","source_dataset_updated":"2026-08-09"},"geometry":{"type":"Polygon","coordinates":[[[91.14045689200003,23.862385859000028],[91.13765785300006,23.864318380000043],[91.13112227600004,23.864933246000078],[91.11952494000008,23.862491485000078],[91.09844554300008,23.863178408000067],[91.09154440500004,23.84685012700004],[91.08399217600004,23.850374911000074],[91.08207599700006,23.84584443500006],[91.07331962100005,23.844097134000037],[91.07038908100003,23.845640453000044],[91.06646088400004,23.844818170000053],[91.06622717700003,23.839954073000058],[91.06929813000005,23.836984014000052],[91.06966196900004,23.833386392000023],[91.07246364400004,23.82963522600005],[91.07817349700008,23.826762897000037],[91.08293841400007,23.82739387600003],[91.08405971100007,23.826094494000074],[91.08161722400007,23.82397627000006],[91.08196061500007,23.821137978000024],[91.07774064300008,23.816849915000034],[91.07782692300003,23.813775217000057],[91.07601468500008,23.812305012000024],[91.07458872800004,23.813260439000032],[91.06564894200005,23.810935888000074],[91.06287207900004,23.806483311000022],[91.05749139900007,23.804863002000047],[91.05601066900005,23.802390597000056],[91.04143142500004,23.80419666800003],[91.04007477800008,23.802553040000078],[91.04060190900003,23.79325202900003],[91.03808597500006,23.792919],[91.03536825200007,23.79529845600007],[91.04089516100004,23.78501380000006],[91.04090997100008,23.78325310200006],[91.03808773200006,23.781863739000073],[91.04047738600008,23.776066857000046],[91.04232945400008,23.774336667000057],[91.04478923700003,23.77843394000007],[91.04641617200008,23.77823664500005],[91.04924103500008,23.77154312400006],[91.04742222300007,23.766992251000033],[91.04267926700004,23.767590511000037],[91.04376594600006,23.762807138000028],[91.04666169700005,23.762621025000044],[91.04993047200009,23.76589255700003],[91.05448013500006,23.767577568000036],[91.05536331500008,23.76590407900005],[91.05016004100008,23.761789518000057],[91.04971896600006,23.759710729000062],[91.05199505200005,23.758130521000055],[91.05488166800006,23.76230432400007],[91.05946968300003,23.76184110400004],[91.05576507600006,23.755873997000037],[91.05580877700004,23.753156314000023],[91.06582361200003,23.757270315000028],[91.06195143900004,23.752436852000073],[91.06095576800004,23.74815368000003],[91.05834452700003,23.745940775000065],[91.06249408300005,23.742298534000042],[91.06546143100007,23.746451273000048],[91.06708455400008,23.745990189000054],[91.06501141700005,23.73771404100006],[91.06631330900007,23.736446287000035],[91.06900632600008,23.739972028000068],[91.07243814700007,23.740095586000052],[91.06972283400006,23.73550263900006],[91.06641716200005,23.73383712900005],[91.07003337500004,23.730505449000077],[91.07189195000007,23.733894104000058],[91.07466262000008,23.733793023000032],[91.07839808900007,23.736560032000057],[91.07741191600007,23.733032170000058],[91.07340504000007,23.728704548000053],[91.07658937200006,23.727547256000037],[91.07783412600008,23.725172306000047],[91.08048822700005,23.726573441000028],[91.07923235000004,23.728858735000074],[91.08018468500006,23.73028810900007],[91.08258956900005,23.727482790000067],[91.08566320800008,23.729852917000073],[91.08464924800006,23.724020551000024],[91.07973925800007,23.723331250000058],[91.08233276300007,23.720587840000064],[91.08489081800008,23.721575813000072],[91.08682258100004,23.715494720000038],[91.08877152700006,23.716895588000057],[91.09239010500005,23.716401002000055],[91.09650075900004,23.719036233000054],[91.09785881600004,23.717505911000046],[91.09599494800005,23.713679582000054],[91.10964370700003,23.715721075000033],[91.10783877900008,23.71121597900003],[91.10131002500003,23.71073536800003],[91.10107704900008,23.70839615600005],[91.09899313900007,23.706910036000068],[91.10233273700004,23.706155856000066],[91.10476904900008,23.709375167000076],[91.10855369100005,23.70651106300005],[91.10759518500004,23.704727985000034],[91.10406415100005,23.70516189400007],[91.10292765900004,23.70363688900005],[91.10801680400004,23.70122636800005],[91.10961250800005,23.70384255400006],[91.11016540600008,23.699489330000063],[91.10578702300006,23.695299541000054],[91.11071781600003,23.694792343000074],[91.11403856400005,23.692222711000056],[91.11622993300006,23.693523841000058],[91.11530412500008,23.69674405300003],[91.11708344300007,23.69564348600005],[91.11797018300007,23.696982785000046],[91.11987204100006,23.694728087000044],[91.11734546100007,23.692218637000053],[91.11947468900007,23.68996625500006],[91.11909571200005,23.682249272000035],[91.12159755700009,23.68712119500003],[91.12087024900006,23.68219466900007],[91.12269903400005,23.68095764700007],[91.12227017700008,23.679041548000043],[91.12399375100006,23.67890994800007],[91.12385657500005,23.680427678000058],[91.12661565700006,23.681902919000038],[91.12778663800003,23.680512005000026],[91.12436977500005,23.674291529000072],[91.12170903600008,23.675484358000062],[91.12117448600009,23.674321461000034],[91.12604202600005,23.67111043500006],[91.12931070800005,23.670787473000075],[91.12737764500008,23.667703163000056],[91.13167964800004,23.667967585000042],[91.13359709600007,23.664467955000077],[91.13886068800008,23.66588230900004],[91.14132474400003,23.664381879000075],[91.14270689300008,23.665746744000046],[91.14196962700004,23.668847735000043],[91.14864639400008,23.669032635000065],[91.15300424100008,23.671603596000068],[91.15643073100006,23.66929927800004],[91.15625503000007,23.67084516600005],[91.16146670500007,23.667221631000075],[91.16119851300004,23.664005134000035],[91.16639222200007,23.66364545500005],[91.17033632400006,23.657692586000053],[91.17376977200007,23.65651540500005],[91.17601411000004,23.659735099000045],[91.17626996700005,23.657898466000063],[91.17770261200008,23.658685131000027],[91.18174196600006,23.656500814000026],[91.18276796600009,23.659796305000043],[91.18512398400009,23.65670387800003],[91.19288799400005,23.65456200400007],[91.19070815800006,23.64709218400003],[91.19935556700005,23.646741647000056],[91.19963627300007,23.64981820500003],[91.20453324500005,23.650527470000043],[91.20246241000007,23.654059378000056],[91.20506717300003,23.65405232100005],[91.20494462100004,23.655125953000038],[91.20139876700006,23.656091455000023],[91.20363054900008,23.658411664000027],[91.20232438700003,23.663034193000044],[91.20491226600006,23.679913830000032],[91.20320287300007,23.680243027000074],[91.20846886200007,23.686573288000034],[91.20360950100007,23.685560777000035],[91.19547985600008,23.69228086100003],[91.19376649200007,23.690045268000063],[91.15418144900008,23.68853675500003],[91.15155227600007,23.705580389000033],[91.14912698800003,23.711667524000063],[91.15801774300007,23.73938524400006],[91.15638069400006,23.739910015000078],[91.15702859000004,23.74215254300003],[91.15878424100003,23.741785665000066],[91.16759663900007,23.74978279800007],[91.18290995400008,23.74896987900007],[91.18609539100004,23.75079331300003],[91.19653858200007,23.751212675000033],[91.21031096100006,23.749292842000045],[91.21189209100004,23.74475891700007],[91.21767355800006,23.740035668000075],[91.21892462700004,23.73656287600005],[91.22241101600008,23.745857557000022],[91.22629177000005,23.751262793000024],[91.22516642900007,23.756668035000075],[91.23064743100008,23.765060497000036],[91.23047847200007,23.784533628000077],[91.22832514900006,23.78570654300006],[91.22846698200004,23.788933947000032],[91.22693352000005,23.79034603300005],[91.22571967700009,23.78700408000003],[91.22055673600005,23.787919893000037],[91.21082388200006,23.78016081800007],[91.20867557800005,23.78603103200004],[91.20407155400005,23.786571071000026],[91.20386122200006,23.782115220000037],[91.20185333200004,23.781012117000046],[91.20004904500007,23.79032440800006],[91.20383146800003,23.788941391000037],[91.20393034900007,23.793948451000063],[91.20620765600006,23.79643627300004],[91.20488584400005,23.802437699000052],[91.19832695300005,23.800998063000065],[91.19726074600004,23.797114432000058],[91.19553210500004,23.80053713700005],[91.18086267800004,23.798526062000064],[91.17709099500007,23.796599040000046],[91.17578769600004,23.792743010000038],[91.17201170400006,23.791744984000047],[91.17327936200007,23.81049507700004],[91.17419740300005,23.814067872000066],[91.17769292400004,23.81722587400003],[91.17725440000004,23.82064417500004],[91.16664118900007,23.81365220200007],[91.16218516500004,23.81820037600005],[91.16009321600006,23.80973627900005],[91.15715390600008,23.81458165500004],[91.15659760000005,23.809752936000052],[91.15240486500005,23.811765570000034],[91.15080800400006,23.80997009500004],[91.14610672200007,23.809275816000024],[91.13134148600005,23.817706116000068],[91.12806825800004,23.816292412000053],[91.12569218000004,23.81097617000006],[91.11807582800003,23.80802241400005],[91.11875426500006,23.82039560800007],[91.12090844200009,23.822033839000028],[91.11787663000007,23.823518937000074],[91.11887179900003,23.829236497000068],[91.12214473100005,23.831372336000072],[91.12424405200005,23.840927475000058],[91.12629123300007,23.842989174000024],[91.12885662400004,23.843231746000072],[91.13091312000006,23.840271314000063],[91.13247131500003,23.842546497000058],[91.13722543700004,23.84417155400007],[91.13691455900005,23.852501868000047],[91.14042928500004,23.858601943000053],[91.14045689200003,23.862385859000028]]]}},{"type":"Feature","id":"brahmanbaria-nabinagar","properties":{"canonical_id":"brahmanbaria-nabinagar","name_en":"Nabinagar","name_bn":"নবীনগর","district_id":"brahmanbaria","division_id":"chittagong","pcode":"BD-B-04-102","parent_pcode":"BD2012","source_name":"Nabinagar","match_method":"exact_name_or_alias","boundary_reference_year":"2020","boundary_source":"geoBoundaries gbOpen BGD ADM3 / BBS, OCHA ROAP","source_dataset_updated":"2026-08-09"},"geometry":{"type":"Polygon","coordinates":[[[90.97379404700007,23.975413735000075],[90.97169883200007,23.967659912000045],[90.96114098100009,23.96348438700005],[90.95306409700004,23.95387661600006],[90.95039825600008,23.92635129400003],[90.94503949400007,23.92150613700005],[90.93897480800007,23.919269590000056],[90.93119637200004,23.911441870000033],[90.92475283600004,23.897799458000065],[90.92023985400004,23.88289994300004],[90.90876724100008,23.867637869000077],[90.89969027100005,23.86311997400003],[90.89476505700009,23.863188184000023],[90.87355540500005,23.873710089000042],[90.85843775200004,23.87903641400004],[90.84129153900005,23.87094146000004],[90.83590725200008,23.865152008000052],[90.83646710500005,23.86057376100007],[90.84314320500005,23.852598343000068],[90.84801499700006,23.84955834300007],[90.84569242200007,23.84527024500005],[90.84579677200009,23.833257830000036],[90.84340139500006,23.829514252000024],[90.83926042200005,23.82787272300004],[90.83966000300006,23.824742685000047],[90.84356519300007,23.824382671000023],[90.85693838700007,23.835229027000025],[90.87032144700004,23.835728123000024],[90.87176604800004,23.832427850000045],[90.86807994200007,23.819622277000065],[90.86861840900008,23.812482372000034],[90.87436165600008,23.810703383000032],[90.88450112900006,23.812784429000033],[90.88418040600004,23.805288698000027],[90.88637112500004,23.80128630300004],[90.88844271300007,23.78817310100004],[90.87745962800005,23.78277614700005],[90.88254479000005,23.77067885300005],[90.88480092600008,23.752928402000066],[90.89136570700003,23.756752945000073],[90.89288815500004,23.75957734900004],[90.89881005700005,23.75955147800005],[90.90117290800004,23.76646742400004],[90.91254191700006,23.767727231000038],[90.91423272600008,23.76480558700007],[90.92197365500004,23.76691198000003],[90.92721429800008,23.770068846000072],[90.93183772300006,23.770066986000074],[90.93634762200008,23.773142137000036],[90.94001546100009,23.772704390000058],[90.94630931900008,23.776031988000057],[90.95054466500005,23.773328615000025],[90.95901351800006,23.773934445000066],[90.95947793300007,23.779298121000068],[90.96748894500007,23.782881148000058],[90.97116895200008,23.78216260000005],[90.98619829500007,23.78562920400003],[90.99513958100005,23.78564576800005],[90.99929454300008,23.78761041200005],[90.99568156100008,23.794466228000033],[91.00099937600004,23.793713807000074],[91.00335774300004,23.787434467000026],[91.02795888500003,23.794747952000023],[91.03536825200007,23.79529845600007],[91.03808597500006,23.792919],[91.04060190900003,23.79325202900003],[91.04007477800008,23.802553040000078],[91.04143142500004,23.80419666800003],[91.05601066900005,23.802390597000056],[91.05749139900007,23.804863002000047],[91.06287207900004,23.806483311000022],[91.06564894200005,23.810935888000074],[91.07458872800004,23.813260439000032],[91.07601468500008,23.812305012000024],[91.07782692300003,23.813775217000057],[91.07774064300008,23.816849915000034],[91.08196061500007,23.821137978000024],[91.08161722400007,23.82397627000006],[91.08405971100007,23.826094494000074],[91.08293841400007,23.82739387600003],[91.07817349700008,23.826762897000037],[91.07246364400004,23.82963522600005],[91.06966196900004,23.833386392000023],[91.06929813000005,23.836984014000052],[91.06622717700003,23.839954073000058],[91.06646088400004,23.844818170000053],[91.07038908100003,23.845640453000044],[91.07331962100005,23.844097134000037],[91.08207599700006,23.84584443500006],[91.08399217600004,23.850374911000074],[91.09154440500004,23.84685012700004],[91.09844554300008,23.863178408000067],[91.08996636000006,23.866627134000055],[91.08526293000006,23.871119621000048],[91.08428955600004,23.87776626400006],[91.08563492000007,23.88039507900004],[91.08000148700006,23.904111104000037],[91.08626592400003,23.914122287000055],[91.08791796900005,23.919590946000028],[91.08580897700006,23.930045539000048],[91.08685624900005,23.949214484000038],[91.07774802900008,23.956162815000027],[91.06077567300008,23.948368405000053],[91.04525484000004,23.946387445000028],[91.04053099500004,23.943825248000053],[91.03429922000004,23.937670078000053],[91.02967593200003,23.941445800000054],[91.02819494600004,23.954428258000064],[91.02966058000004,23.957694022000055],[91.02874235600007,23.977741458000025],[91.02037738500007,23.977767966000044],[91.01832166700007,23.970160790000023],[91.00430346600007,23.96933873100005],[90.99337786300003,23.96589546200005],[90.99010035600008,23.966326442000025],[90.98191488000003,23.972200394000026],[90.97883342300008,23.972263545000033],[90.97379404700007,23.975413735000075]]]}},{"type":"Feature","id":"brahmanbaria-nasirnagar","properties":{"canonical_id":"brahmanbaria-nasirnagar","name_en":"Nasirnagar","name_bn":"নাসিরনগর","district_id":"brahmanbaria","division_id":"chittagong","pcode":"BD-B-04-98","parent_pcode":"BD2012","source_name":"Nasirnagar","match_method":"exact_name_or_alias","boundary_reference_year":"2020","boundary_source":"geoBoundaries gbOpen BGD ADM3 / BBS, OCHA ROAP","source_dataset_updated":"2026-08-09"},"geometry":{"type":"Polygon","coordinates":[[[91.04283061500007,24.21299439200004],[91.03784301000007,24.21017349400006],[91.02831744300005,24.194220789000042],[91.02194871200004,24.18682758400007],[91.02814387300003,24.18185659900007],[91.04250309000008,24.18164958400007],[91.04373291600007,24.180119985000033],[91.04203663100003,24.176564848000055],[91.04288327400008,24.17520664500006],[91.05527682100006,24.175631074000023],[91.06028730000008,24.167191728000034],[91.06320769400008,24.166815233000023],[91.06546381600003,24.164309724000077],[91.06855191400007,24.164652752000052],[91.07207358300008,24.16210271700004],[91.07387842000009,24.167456194000067],[91.07179241300008,24.180667559000028],[91.07549727900005,24.182460667000043],[91.07772070200008,24.18089500700006],[91.07681845900004,24.176393744000052],[91.07928938400005,24.17647222900007],[91.08075825200007,24.180372845000022],[91.08686070700008,24.175811674000045],[91.09250743900003,24.17421233600004],[91.09460990700006,24.169037703000072],[91.10268249900008,24.169356033000042],[91.10549833300007,24.167922857000065],[91.11396495500009,24.168494553000073],[91.11658730200008,24.17072127800003],[91.12090065200005,24.170086818000073],[91.12117030200005,24.167712503000075],[91.11829387200004,24.167888276000042],[91.11767863000006,24.16152422600004],[91.11319654500005,24.161540065000054],[91.11352774800008,24.157806704000052],[91.10909273200008,24.149650670000028],[91.11166460100009,24.146026875000075],[91.11002559100007,24.144917261000046],[91.11414117500004,24.143701949000047],[91.11375095700004,24.142395859000032],[91.11541334800006,24.141451265000057],[91.12243862900004,24.142058469000062],[91.12761168700007,24.13913210800007],[91.13631140400008,24.14081566300007],[91.14097299400004,24.139487200000076],[91.14230740300007,24.13786123700004],[91.14151245400006,24.131247460000054],[91.14292865200008,24.128523048000034],[91.14577146000005,24.12619601700004],[91.15139297400003,24.124790059000077],[91.16089012600008,24.117053123000062],[91.16127282000008,24.10807680100004],[91.16451312400005,24.103281523000078],[91.16654490800005,24.092980295000075],[91.17399097700007,24.092200250000076],[91.18655790400004,24.085408468000026],[91.19156853200008,24.084537527000066],[91.19633814700006,24.09148797200004],[91.20209089200006,24.093897],[91.19574049400006,24.099367054000027],[91.19642273200003,24.107411650000074],[91.19815370000003,24.10859976300003],[91.20537441900007,24.10785041500003],[91.21170622100004,24.110142155000062],[91.21488258600004,24.107110216000024],[91.20913368400005,24.10532931800003],[91.22645655400004,24.107065170000055],[91.23898007800005,24.103333185000054],[91.24655379000006,24.09579069600005],[91.24822308600005,24.082714561000046],[91.24907005500006,24.074508218000062],[91.25524862000003,24.077765740000075],[91.25883343500004,24.081746518000045],[91.26440703200007,24.082937753000067],[91.26281487300008,24.086778835000075],[91.26447476100003,24.088775595000072],[91.26336246500006,24.091085381000028],[91.26764638500003,24.093692549000025],[91.27080235600005,24.11251069700006],[91.28417297800007,24.11143430100003],[91.28349231800007,24.11705091300007],[91.28998577200008,24.11499083700005],[91.29246959100004,24.117143981000027],[91.28616508800008,24.121441055000048],[91.27160070000008,24.123667167000065],[91.27171388100004,24.14102043500003],[91.26362892900005,24.140085734000024],[91.26201707700005,24.142676211000037],[91.26176140000007,24.14645486200004],[91.26833596800003,24.148500004000027],[91.26697999800007,24.158137431000057],[91.27146300900006,24.15600896500007],[91.27527616100008,24.15656074800006],[91.27718966200007,24.165078161000054],[91.27538159200003,24.168724746000066],[91.27721483900007,24.18151825800004],[91.28406149300008,24.18066830600003],[91.28429480700004,24.185905797000032],[91.29799041900009,24.185868807000077],[91.30130866300004,24.189515397000037],[91.30524816800005,24.19070591600007],[91.30920677100005,24.190445633000024],[91.31274147800008,24.18273643300006],[91.31476704100004,24.192714102000025],[91.31266229200008,24.203490445000057],[91.30473575900004,24.20275086600003],[91.30521751500004,24.198393447000058],[91.29746792600008,24.203368316000024],[91.29691083900008,24.198240869000074],[91.29388727600008,24.199782584000047],[91.29114662900008,24.196246651000024],[91.28536076500006,24.19538968300003],[91.27807110000003,24.199590409000052],[91.27725082200004,24.20323098600005],[91.27941894200006,24.204731630000026],[91.27937029200007,24.206515584000044],[91.28153319500007,24.20687104600006],[91.28107617900008,24.20898466600005],[91.28473249300004,24.210242987000072],[91.28380205900004,24.217554326000027],[91.28971437000007,24.21870656300007],[91.29209448200004,24.213849950000053],[91.29813495800005,24.21369303700004],[91.29853479400003,24.223023270000056],[91.30296892200005,24.22016165100007],[91.30613866500005,24.220367031000023],[91.30869560800005,24.227874838000048],[91.31464778900005,24.22727099900004],[91.31446020600004,24.230760650000036],[91.31988575300005,24.23112346000005],[91.32070387000005,24.229645523000045],[91.32083817900008,24.231507460000046],[91.32179215000008,24.229358390000073],[91.32401530800007,24.22954225500007],[91.32336041800005,24.234064318000037],[91.32495919200005,24.240396571000076],[91.32836204000006,24.24231296800008],[91.32885974700008,24.249516050000068],[91.32570867600003,24.249817842000027],[91.32603486200009,24.254797549000045],[91.32416971200007,24.255581386000074],[91.32516396200003,24.260396678000063],[91.32063971100007,24.26152759000007],[91.32098649800008,24.264404727000056],[91.31607577500006,24.264731769000036],[91.30732786600004,24.267966771000033],[91.30138179000005,24.26615580600003],[91.29685934600008,24.260045799000068],[91.29296236400006,24.259493125000063],[91.29167304400005,24.255635065000035],[91.28742514700008,24.250968990000047],[91.28753449100003,24.24819456000006],[91.28370854900004,24.24486752200005],[91.28417825200006,24.24088503400003],[91.28082050800003,24.231662637000056],[91.28173613100006,24.230532880000055],[91.28468269500007,24.23153583100003],[91.28608454300007,24.230531195000026],[91.28599167100003,24.22336904200006],[91.28188354200006,24.226937466000038],[91.27996268100009,24.224908765000066],[91.27319322000005,24.224972300000047],[91.27215281500008,24.227980287000037],[91.27025853500004,24.224026587000026],[91.26722972500005,24.227371144000074],[91.26695400900007,24.223267892000024],[91.26568851200005,24.225186138000026],[91.26022859500006,24.226237781000066],[91.25758606000005,24.22864936700006],[91.24904713900008,24.229691030000026],[91.24630221000007,24.233120909000036],[91.24219228900006,24.23265894800005],[91.24075316200003,24.233857655000065],[91.23891454300008,24.231432656000038],[91.23920420800005,24.234332531000064],[91.23533814100006,24.23611591100007],[91.23426887200009,24.233998990000032],[91.22716259400005,24.23455934800006],[91.22523102500008,24.237444416000073],[91.22046309600006,24.234344553000028],[91.21892488100008,24.235116024000035],[91.22104361300006,24.23680471800003],[91.22008614000003,24.23812636400004],[91.21480900400007,24.23655490300007],[91.21008109900004,24.239546182000026],[91.20542443300008,24.23672885900004],[91.20359343600006,24.23720899800003],[91.20299360000007,24.23959898800007],[91.19488236800004,24.239842943000042],[91.19088528800006,24.24595762900003],[91.18651247100007,24.248107816000072],[91.17744552400006,24.256873780000035],[91.17782908600003,24.258814122000047],[91.17355789400006,24.26519860600007],[91.16201626400004,24.25901308500005],[91.15424420500005,24.257018883000057],[91.14790051500006,24.248702062000064],[91.13384535700004,24.243097116000058],[91.08510332200007,24.241120816000034],[91.08097080600004,24.236871223000037],[91.07878026500003,24.228496386000074],[91.09026573000006,24.219324293000057],[91.09163737200004,24.214531418000036],[91.08996626000004,24.211326086000042],[91.07360068500003,24.215567815000043],[91.06536505300005,24.215973908000024],[91.04283061500007,24.21299439200004]]]}},{"type":"Feature","id":"brahmanbaria-sarail","properties":{"canonical_id":"brahmanbaria-sarail","name_en":"Sarail","name_bn":"সরাইল","district_id":"brahmanbaria","division_id":"chittagong","pcode":"BD-B-04-99","parent_pcode":"BD2012","source_name":"Sarail","match_method":"exact_name_or_alias","boundary_reference_year":"2020","boundary_source":"geoBoundaries gbOpen BGD ADM3 / BBS, OCHA ROAP","source_dataset_updated":"2026-08-09"},"geometry":{"type":"Polygon","coordinates":[[[91.06769630600007,24.044827889000032],[91.06972188300006,24.041384695000033],[91.07953305400008,24.03918785600007],[91.08257999300008,24.040256303000035],[91.08446252500005,24.045231603000047],[91.08880704100005,24.04431966100003],[91.09086267700008,24.04777752900003],[91.10051882400006,24.04944974400007],[91.10580798300003,24.046447710000052],[91.10748410700006,24.04243647800007],[91.10852253800005,24.047201938000057],[91.11212428800008,24.04891149100007],[91.11194018000003,24.052227264000066],[91.11559486200008,24.054705687000023],[91.12379100100009,24.053587958000037],[91.12342744600005,24.052354490000027],[91.13143300800004,24.050067097000067],[91.13295374400008,24.051408824000077],[91.14191062900005,24.052676613000074],[91.14559096200009,24.05105625300007],[91.15472985800005,24.05088090600003],[91.15789137300004,24.04167073600007],[91.15632208200003,24.03581239400006],[91.15869355000007,24.03565505200004],[91.16008546600006,24.02948419200004],[91.16248000100006,24.028830477000042],[91.16807022600005,24.019349352000063],[91.16981564700006,24.01985250100006],[91.17045359200006,24.01735166700007],[91.17383162000004,24.01798227300003],[91.17172954300008,24.00971912500006],[91.17302634300006,24.00216430200004],[91.17421296500004,24.001846469000043],[91.17597016500008,24.009346853000068],[91.17800041700008,24.027501181000048],[91.18815836500005,24.031747460000076],[91.18940455000006,24.03507135900003],[91.19553458300004,24.037431518000062],[91.20005649500007,24.043103166000037],[91.20444237400005,24.043768628000066],[91.20749690500008,24.041263876000073],[91.22360455400008,24.051485439000032],[91.22215607000004,24.055209284000057],[91.22388475200006,24.058671806000063],[91.23535774300007,24.065807146000054],[91.23843640500007,24.07447107400003],[91.23762359400007,24.079966721000062],[91.24609856600006,24.080125929000076],[91.24689295100006,24.083059554000044],[91.24822308600005,24.082714561000046],[91.24655379000006,24.09579069600005],[91.23898007800005,24.103333185000054],[91.22645655400004,24.107065170000055],[91.20913368400005,24.10532931800003],[91.21488258600004,24.107110216000024],[91.21170622100004,24.110142155000062],[91.20537441900007,24.10785041500003],[91.19815370000003,24.10859976300003],[91.19642273200003,24.107411650000074],[91.19574049400006,24.099367054000027],[91.20209089200006,24.093897],[91.19633814700006,24.09148797200004],[91.19156853200008,24.084537527000066],[91.18655790400004,24.085408468000026],[91.17399097700007,24.092200250000076],[91.16654490800005,24.092980295000075],[91.16451312400005,24.103281523000078],[91.16127282000008,24.10807680100004],[91.16089012600008,24.117053123000062],[91.15139297400003,24.124790059000077],[91.14577146000005,24.12619601700004],[91.14292865200008,24.128523048000034],[91.14151245400006,24.131247460000054],[91.14230740300007,24.13786123700004],[91.14097299400004,24.139487200000076],[91.13631140400008,24.14081566300007],[91.12761168700007,24.13913210800007],[91.12243862900004,24.142058469000062],[91.11541334800006,24.141451265000057],[91.11375095700004,24.142395859000032],[91.11414117500004,24.143701949000047],[91.11002559100007,24.144917261000046],[91.11166460100009,24.146026875000075],[91.10909273200008,24.149650670000028],[91.11352774800008,24.157806704000052],[91.11319654500005,24.161540065000054],[91.11767863000006,24.16152422600004],[91.11829387200004,24.167888276000042],[91.12117030200005,24.167712503000075],[91.12090065200005,24.170086818000073],[91.11658730200008,24.17072127800003],[91.11396495500009,24.168494553000073],[91.10549833300007,24.167922857000065],[91.10268249900008,24.169356033000042],[91.09460990700006,24.169037703000072],[91.09250743900003,24.17421233600004],[91.08686070700008,24.175811674000045],[91.08075825200007,24.180372845000022],[91.07928938400005,24.17647222900007],[91.07681845900004,24.176393744000052],[91.07772070200008,24.18089500700006],[91.07549727900005,24.182460667000043],[91.07179241300008,24.180667559000028],[91.07387842000009,24.167456194000067],[91.07207358300008,24.16210271700004],[91.06855191400007,24.164652752000052],[91.06546381600003,24.164309724000077],[91.06320769400008,24.166815233000023],[91.06028730000008,24.167191728000034],[91.05527682100006,24.175631074000023],[91.04288327400008,24.17520664500006],[91.04203663100003,24.176564848000055],[91.04373291600007,24.180119985000033],[91.04250309000008,24.18164958400007],[91.02814387300003,24.18185659900007],[91.02194871200004,24.18682758400007],[91.00873811100007,24.17379153400003],[90.99188792000007,24.164695263000056],[90.98587591600005,24.15674494500007],[90.98530876200005,24.15217821400006],[90.99702794800004,24.138444551000077],[91.00946859500004,24.128793607000034],[91.02742671200008,24.121503035000046],[91.03838761700007,24.114989647000073],[91.04423118500006,24.109925635000025],[91.04978487600005,24.10209645900005],[91.05365295800004,24.092889041000035],[91.05354856600007,24.084482811000044],[91.05011505100003,24.077119997000068],[91.04290146700004,24.067812391000075],[91.04706884600006,24.06819428500006],[91.05261585800008,24.065577234000045],[91.05507063400006,24.058378782000034],[91.05620966800006,24.060481417000062],[91.05932006800003,24.060778269000025],[91.06044888900004,24.063496761000067],[91.06672715000008,24.062469280000073],[91.06996540900008,24.05564107400005],[91.06769630600007,24.044827889000032]]]}},{"type":"Feature","id":"chandpur-chandpur-sadar","properties":{"canonical_id":"chandpur-chandpur-sadar","name_en":"Chandpur Sadar","name_bn":"চাঁদপুর সদর","district_id":"chandpur","division_id":"chittagong","pcode":"BD-B-09-127","parent_pcode":"BD2013","source_name":"Chandpur Sadar","match_method":"exact_name_or_alias","boundary_reference_year":"2020","boundary_source":"geoBoundaries gbOpen BGD ADM3 / BBS, OCHA ROAP","source_dataset_updated":"2026-08-09"},"geometry":{"type":"MultiPolygon","coordinates":[[[[90.56690935700004,23.149067638000076],[90.56765459400003,23.14684339200005],[90.57171864400004,23.152424670000073],[90.56690935700004,23.149067638000076]]],[[[90.64123969400003,23.145119882000074],[90.64134731700005,23.156830109000055],[90.63886925100007,23.157509179000044],[90.63803698500004,23.156461342000057],[90.63978020000008,23.153394924000054],[90.63806488800003,23.151394303000075],[90.64123969400003,23.145119882000074]]],[[[90.63734346700005,23.174537378000025],[90.64118725300006,23.180915391000042],[90.63932646700005,23.183850190000044],[90.63732122900007,23.183380704000058],[90.63672626200008,23.18063428000005],[90.63734346700005,23.174537378000025]]],[[[90.60770731100007,23.192057096000042],[90.60964156600005,23.19868487800005],[90.60469149300008,23.201811312000075],[90.60269821500003,23.195461458000068],[90.60475511700008,23.192872401000045],[90.60770731100007,23.192057096000042]]],[[[90.60776348400003,23.213533254000026],[90.61038819100008,23.218786459000057],[90.60878629300004,23.219127452000066],[90.60843641300005,23.22185336000007],[90.60449592700007,23.225405512000066],[90.60218324800007,23.224057190000053],[90.60776348400003,23.213533254000026]]],[[[90.60124790000003,23.22675878900003],[90.60290033800004,23.227036998000074],[90.60122930200004,23.229289772000072],[90.59653011500006,23.23005571300007],[90.59591979800007,23.227294520000044],[90.60124790000003,23.22675878900003]]],[[[90.62718954400003,23.242261729000063],[90.62886091200005,23.24574455800007],[90.62664800700009,23.248095171000045],[90.62580053900007,23.243892620000054],[90.62718954400003,23.242261729000063]]],[[[90.63748500100007,23.25354861900007],[90.63673629600004,23.259287511000025],[90.63199528900003,23.268722835000062],[90.63014405100006,23.271120591000056],[90.62744923200006,23.27007962400006],[90.63181858800004,23.258590393000077],[90.63505685600006,23.254180030000043],[90.63748500100007,23.25354861900007]]],[[[90.61425825500004,23.28184231800003],[90.61141056000008,23.281471237000062],[90.61197076600007,23.27955691300008],[90.61871046900006,23.271166074000064],[90.61662736000005,23.279538684000045],[90.61425825500004,23.28184231800003]]],[[[90.58165064500008,23.294394675000035],[90.58083204600007,23.296596083000054],[90.57654529300004,23.298476055000037],[90.57468340800006,23.298722260000034],[90.57721161800004,23.29694422700004],[90.57580293300003,23.29427285400004],[90.57198700700008,23.297488969000028],[90.57553228300009,23.291596731000027],[90.58388785700004,23.285352368000076],[90.58462455600005,23.288074164000022],[90.58554924700007,23.28654077400006],[90.58716419000007,23.289115879000065],[90.58483884700007,23.289841548000027],[90.58165064500008,23.294394675000035]]],[[[90.60821432100005,23.292620586000055],[90.60586626800006,23.29965609100003],[90.60717767300008,23.29219441400005],[90.60582645400007,23.290861651000057],[90.59909092100008,23.294711234000033],[90.59892712600004,23.292799720000062],[90.59133831600008,23.296843615000057],[90.58855431300003,23.293365146000042],[90.58906397800007,23.29154649900005],[90.60313839500003,23.279973875000053],[90.60426268500004,23.276958223000065],[90.60189082900007,23.278688096000053],[90.60167443300008,23.27663338600007],[90.60053618900008,23.276685732000033],[90.60060463500008,23.28036579600007],[90.59029004400008,23.287956975000043],[90.58981150800008,23.285043419000033],[90.58825546000008,23.284188878000066],[90.58701826200007,23.285244713000054],[90.58696149600007,23.284145738000063],[90.59044227600003,23.281456126000023],[90.59597387800005,23.28043143900004],[90.60045172100007,23.275156115000073],[90.59982679700005,23.274250701000028],[90.60654471200007,23.272408148000068],[90.61451618900008,23.267597635000072],[90.61484546300005,23.271706858000073],[90.61642796100006,23.267016553000076],[90.61916110200008,23.26514164300005],[90.61402995600008,23.27443458500005],[90.60380822000008,23.285133576000078],[90.60590550800003,23.285507691000078],[90.60821432100005,23.292620586000055]]],[[[90.59213475900003,23.298513943000046],[90.58816366200006,23.301683611000044],[90.58568014100007,23.301788316000057],[90.59378283900008,23.296786956000062],[90.59647302200005,23.296585364000066],[90.59157358200008,23.30042763800003],[90.59213475900003,23.298513943000046]]],[[[90.61509836100004,23.301484298000048],[90.61154673000004,23.305656673000044],[90.61106067400004,23.301213292000057],[90.60883525100007,23.301078553000025],[90.61033007900005,23.299830163000024],[90.60915008500007,23.296393244000058],[90.61689432300005,23.286946819000036],[90.62220150000007,23.27655334800005],[90.62182642400006,23.27368690800006],[90.62352397800004,23.271577216000026],[90.62025305300006,23.269104449000054],[90.62720718500003,23.262623981000047],[90.62335297600004,23.268183804000046],[90.62704085600006,23.265731380000034],[90.62418585000006,23.27487270000006],[90.62650784500005,23.279021939000074],[90.62480534100007,23.280079923000073],[90.62261609900008,23.287784593000026],[90.61509836100004,23.301484298000048]]],[[[90.59595125000004,23.310209995000037],[90.59099362000006,23.31261851200003],[90.58990364500005,23.311905637000052],[90.59035739200004,23.309179398000026],[90.59595125000004,23.310209995000037]]],[[[90.64224671500006,23.30266602000006],[90.64327466200007,23.306581467000058],[90.63906513600006,23.313625056000035],[90.63658737000009,23.314973682000073],[90.63800869000005,23.309232089000034],[90.64224671500006,23.30266602000006]]],[[[90.60213919500006,23.31663917000003],[90.60038707000007,23.318366642000058],[90.59820651200005,23.316845613000055],[90.60047878100005,23.315785163000044],[90.60213919500006,23.31663917000003]]],[[[90.63757721100006,23.318986985000038],[90.63874004800005,23.31876489800004],[90.63783687100005,23.320366813000078],[90.63757721100006,23.318986985000038]]],[[[90.66464866800004,23.330394068000032],[90.66016190600004,23.331728429000066],[90.66464618900005,23.32448836900005],[90.67042371600007,23.320589281000025],[90.68065834500004,23.323054564000074],[90.68141344100007,23.325598506000063],[90.67679764100006,23.325649561000034],[90.67524174000005,23.327566129000047],[90.67330576600006,23.325037961000078],[90.66856610500008,23.32537835200003],[90.66696916700005,23.327792379000073],[90.66402243000005,23.327273658000024],[90.66464866800004,23.330394068000032]]],[[[90.65512248500005,23.33295771400003],[90.64830390900005,23.332675016000053],[90.64058275900004,23.328134512000076],[90.66320540700008,23.284439285000076],[90.66532226700008,23.27310208600005],[90.66342034700006,23.25466007600005],[90.66029609100008,23.245304514000054],[90.64952905000007,23.233017305000033],[90.64664044100005,23.23460657800007],[90.63899658600008,23.23148311500006],[90.64431244200006,23.22916706500007],[90.64363704700008,23.228452849000064],[90.64151954800008,23.22917848900005],[90.63711624900003,23.227619034000043],[90.63916547700006,23.22564041800007],[90.63946753100004,23.21851676600005],[90.63893433000004,23.198873518000028],[90.63778989300005,23.19734877700006],[90.63916374200005,23.19265850900007],[90.63762529000007,23.189940197000055],[90.64246477500006,23.185523182000054],[90.64301983200005,23.18270095200006],[90.63873380800004,23.17465142900005],[90.63821668500003,23.16784212600004],[90.64312134300008,23.160617280000054],[90.64390553300007,23.146226279000075],[90.64716321300006,23.141146012000036],[90.65019594900008,23.126937100000077],[90.64730693600006,23.12848176600005],[90.64833162000008,23.13415195700003],[90.64611261300007,23.134401568000044],[90.64287792900006,23.141719073000047],[90.64035257300009,23.143306734000078],[90.64075155600005,23.140293746000054],[90.63873670300006,23.140493309000078],[90.63866595500008,23.136383027000022],[90.64010386900009,23.134513017000074],[90.63920528400007,23.130262127000037],[90.64177009300005,23.126236550000044],[90.64150598400005,23.12499502600008],[90.64027155600007,23.126242641000033],[90.64050788100008,23.124719623000033],[90.64569125200006,23.12352928400003],[90.64680223500005,23.12392274800004],[90.64764167200008,23.125095284000054],[90.66103930700007,23.12605196100003],[90.66219838900008,23.127650449000043],[90.66769737000004,23.125004886000056],[90.66863574000007,23.126395374000026],[90.66734253800007,23.13002645200004],[90.67134054200005,23.131805908000047],[90.67290894200005,23.136003491000054],[90.67921496700006,23.134190757000056],[90.68348298100005,23.13498923000003],[90.68493580400008,23.136182044000066],[90.69048917800006,23.134407133000025],[90.68815988500006,23.139823513000067],[90.69247616100006,23.14533895900007],[90.69304763600007,23.148554416000025],[90.69677641000004,23.14945650800007],[90.69606678900004,23.151190006000036],[90.69778436200005,23.152166994000027],[90.69679184400007,23.153149760000076],[90.70047654800004,23.154118573000062],[90.69856700600008,23.158868745000063],[90.70011145900008,23.164810599000077],[90.69851482700005,23.167761837000057],[90.70009998500007,23.173054828000033],[90.69305134900009,23.174194791000048],[90.69551826700007,23.175610542000072],[90.69528607600006,23.17924559900007],[90.69794839600007,23.182992051000042],[90.70334682600009,23.182552513000076],[90.70298169000006,23.18583250000006],[90.70565711900008,23.18700608900008],[90.70356034700006,23.18776689300006],[90.70505906100004,23.189997507000044],[90.69990017500004,23.19204727600004],[90.70645929600005,23.194746447000057],[90.71418218600007,23.206195106000052],[90.71721009700008,23.206714265000073],[90.71654414800008,23.203009335000047],[90.72471205900007,23.202835865000054],[90.72517450100008,23.20579818400006],[90.72273522500006,23.207752587000073],[90.72678262100004,23.20884214800003],[90.72628208800006,23.213644816000055],[90.72390179900003,23.216140368000026],[90.72570398900007,23.21902029000006],[90.72277144600008,23.219594959000062],[90.72160385300003,23.22169987700005],[90.73379693000004,23.233233588000076],[90.73910023100007,23.233927969000035],[90.73686137100003,23.227485154000078],[90.74373748000005,23.222452023000073],[90.74770302100006,23.21739802600007],[90.74951335200006,23.217921774000047],[90.76045479000004,23.235687958000028],[90.76273767000004,23.23438860500005],[90.76316864400007,23.229927747000033],[90.76150003800007,23.221902372000045],[90.76634065300004,23.22549532200003],[90.76834717700007,23.225259711000035],[90.77041184800004,23.21929592600003],[90.77479572800007,23.227341711000065],[90.77748305100005,23.22873867000004],[90.77948323600003,23.22761718000004],[90.77681250400008,23.21926725800006],[90.77844369900004,23.219424037000067],[90.78225831900005,23.22509117900006],[90.78776022600005,23.223632028000054],[90.78861665900007,23.231749232000027],[90.79412919800006,23.233809147000045],[90.79378350500008,23.23929484300004],[90.79043868200006,23.242185780000057],[90.77555733600008,23.243175629000064],[90.77445640600007,23.24496952900006],[90.77501023900004,23.251474834000078],[90.76501324200007,23.256135022000024],[90.76082942500005,23.256395842000074],[90.75932731600005,23.257855680000034],[90.76077864100006,23.26036707800006],[90.75355131000003,23.259883113000058],[90.75049151600007,23.263728756000035],[90.74335687600006,23.266103857000076],[90.74343507900005,23.274471706000043],[90.72513645500004,23.276866865000045],[90.72321316600005,23.280566729000043],[90.72054994900003,23.280905853000036],[90.71983751300007,23.284906658000068],[90.71505437000008,23.28550831700005],[90.71487434400007,23.29139281500005],[90.71317912900008,23.29474489000006],[90.70392748500007,23.287946659000056],[90.70198399200007,23.29108238300006],[90.70342494000005,23.297214222000036],[90.69340244600005,23.29397828200007],[90.68992441500006,23.30408204500003],[90.69054613400004,23.310259380000048],[90.68692126100007,23.309272109000062],[90.68469221800007,23.310138840000036],[90.68182875300005,23.31485793400003],[90.68162448500004,23.320591773000046],[90.68414748300006,23.322658302000036],[90.68309661300003,23.325879660000055],[90.68279480800004,23.323284072000035],[90.67860421800003,23.31989694200007],[90.67057731500006,23.318915876000062],[90.66308542100006,23.322869654000044],[90.65512248500005,23.33295771400003]]]]}},{"type":"Feature","id":"chandpur-faridgonj","properties":{"canonical_id":"chandpur-faridgonj","name_en":"Faridgonj","name_bn":"ফরিদগঞ্জ","district_id":"chandpur","division_id":"chittagong","pcode":"BD-B-09-131","parent_pcode":"BD2013","source_name":"Faridgonj","match_method":"exact_name_or_alias","boundary_reference_year":"2020","boundary_source":"geoBoundaries gbOpen BGD ADM3 / BBS, OCHA ROAP","source_dataset_updated":"2026-08-09"},"geometry":{"type":"Polygon","coordinates":[[[90.68348298100005,23.13498923000003],[90.68259601900007,23.131254569000077],[90.68384905800008,23.123632689000033],[90.68074683400005,23.118151255000043],[90.68264409100004,23.108054949000064],[90.68051202500004,23.104625423000073],[90.67628267200007,23.104770062000057],[90.67634709400005,23.099352829000054],[90.67863414400006,23.095402381000042],[90.68410931100004,23.09138843900007],[90.68433615100008,23.087497067000072],[90.68067722300003,23.082536272000027],[90.68782578900004,23.072684197000058],[90.69037606100005,23.06307326800004],[90.69782743300004,23.06199497700004],[90.70672851100005,23.058151418000023],[90.72810716500004,23.042637400000046],[90.73089652400006,23.041903026000057],[90.74052926800005,23.05124740100007],[90.74496616200008,23.053000965000024],[90.74334031600006,23.055556468000077],[90.74733369200004,23.05606550300007],[90.75083752300009,23.059823531000063],[90.75460091100007,23.05987166400007],[90.75486336600005,23.061969997000062],[90.75021362700005,23.063609024000073],[90.75205493100003,23.067553864000047],[90.75869354900004,23.068262831000027],[90.76058298200007,23.072030624000035],[90.76640791200003,23.07349516000005],[90.76963044000007,23.077185232000033],[90.77355248100008,23.076084390000062],[90.77692652400003,23.078063530000065],[90.78132616300007,23.07651697500006],[90.78689952700006,23.07704483300006],[90.78803322000005,23.078403140000034],[90.79199856500009,23.078154102000042],[90.79384934400008,23.080041142000027],[90.79012021600005,23.079267206000054],[90.79001037300009,23.080727688000025],[90.79295596300005,23.08252796200003],[90.78982444700006,23.085250678000023],[90.79369595100007,23.091745625000044],[90.79375435500003,23.093585203000032],[90.79202791400007,23.094411341000068],[90.79440763900004,23.10380931000003],[90.79380461100004,23.108992089000026],[90.79811171600005,23.114681908000023],[90.79637690400006,23.11857815700006],[90.80566800400004,23.121873105000077],[90.81515181300006,23.122136012000055],[90.81827106000009,23.123982867000052],[90.81828806500005,23.130007049000028],[90.82133610400007,23.133455253000022],[90.82651589700004,23.13340504300004],[90.82810077100004,23.135227545000077],[90.83630484600008,23.13815035600004],[90.83617373600003,23.142897167000058],[90.83865297100004,23.143896787000074],[90.83933378600005,23.14823223600007],[90.84101740500006,23.147331850000057],[90.84429994800007,23.14868670100003],[90.85105534700006,23.154142223000065],[90.84751967100004,23.156058702000053],[90.84589873100003,23.159658458000024],[90.84657037300008,23.166949843000054],[90.84892139300007,23.166318454000077],[90.85226802400007,23.167776653000033],[90.85481305500008,23.166738786000053],[90.85505048000005,23.169416803000047],[90.85743843500006,23.167873919000044],[90.86142719100008,23.17128285600006],[90.86805138700004,23.173530603000074],[90.87401326600008,23.17342536500007],[90.87250772900006,23.17845075500003],[90.86990413300003,23.18130308900004],[90.87204479100006,23.188519007000025],[90.86824860500008,23.188954928000044],[90.86457691900006,23.18672263900004],[90.86052062600004,23.192220314000053],[90.85679293600003,23.191161257000033],[90.85358282300007,23.19399405000007],[90.84853593200006,23.193887548000077],[90.84768498300008,23.199661151000043],[90.84602789200005,23.198563576000026],[90.84394388500004,23.20086284200005],[90.84130776700005,23.201319557000033],[90.84290994000008,23.20320444400005],[90.84160564500007,23.203342399000064],[90.84132754400008,23.20730863800003],[90.83711037400008,23.20978292800004],[90.83624567600003,23.218247132000045],[90.83448493100008,23.217890665000027],[90.83371070800007,23.214393507000068],[90.82901821400009,23.212850025000023],[90.82792178800008,23.217993669000066],[90.82618803900004,23.217553415000054],[90.82629926400006,23.21527886800004],[90.82274197400005,23.215679712000053],[90.82138699200004,23.224931688000026],[90.81485194200008,23.22519546600006],[90.81082453500005,23.22143613000003],[90.80424772700007,23.22296594100004],[90.79780432600006,23.215205276000063],[90.78776022600005,23.223632028000054],[90.78225831900005,23.22509117900006],[90.77844369900004,23.219424037000067],[90.77681250400008,23.21926725800006],[90.77948323600003,23.22761718000004],[90.77748305100005,23.22873867000004],[90.77479572800007,23.227341711000065],[90.77041184800004,23.21929592600003],[90.76834717700007,23.225259711000035],[90.76634065300004,23.22549532200003],[90.76150003800007,23.221902372000045],[90.76316864400007,23.229927747000033],[90.76273767000004,23.23438860500005],[90.76045479000004,23.235687958000028],[90.74951335200006,23.217921774000047],[90.74770302100006,23.21739802600007],[90.74373748000005,23.222452023000073],[90.73686137100003,23.227485154000078],[90.73910023100007,23.233927969000035],[90.73379693000004,23.233233588000076],[90.72160385300003,23.22169987700005],[90.72277144600008,23.219594959000062],[90.72570398900007,23.21902029000006],[90.72390179900003,23.216140368000026],[90.72628208800006,23.213644816000055],[90.72678262100004,23.20884214800003],[90.72273522500006,23.207752587000073],[90.72517450100008,23.20579818400006],[90.72471205900007,23.202835865000054],[90.71654414800008,23.203009335000047],[90.71721009700008,23.206714265000073],[90.71418218600007,23.206195106000052],[90.70645929600005,23.194746447000057],[90.69990017500004,23.19204727600004],[90.70505906100004,23.189997507000044],[90.70356034700006,23.18776689300006],[90.70565711900008,23.18700608900008],[90.70298169000006,23.18583250000006],[90.70334682600009,23.182552513000076],[90.69794839600007,23.182992051000042],[90.69528607600006,23.17924559900007],[90.69551826700007,23.175610542000072],[90.69305134900009,23.174194791000048],[90.70009998500007,23.173054828000033],[90.69851482700005,23.167761837000057],[90.70011145900008,23.164810599000077],[90.69856700600008,23.158868745000063],[90.70047654800004,23.154118573000062],[90.69679184400007,23.153149760000076],[90.69778436200005,23.152166994000027],[90.69606678900004,23.151190006000036],[90.69677641000004,23.14945650800007],[90.69304763600007,23.148554416000025],[90.69247616100006,23.14533895900007],[90.68815988500006,23.139823513000067],[90.69048917800006,23.134407133000025],[90.68493580400008,23.136182044000066],[90.68348298100005,23.13498923000003]]]}},{"type":"Feature","id":"chandpur-haimchar","properties":{"canonical_id":"chandpur-haimchar","name_en":"Haimchar","name_bn":"হাইমচর","district_id":"chandpur","division_id":"chittagong","pcode":"BD-B-09-124","parent_pcode":"BD2013","source_name":"Haimchar","match_method":"exact_name_or_alias","boundary_reference_year":"2020","boundary_source":"geoBoundaries gbOpen BGD ADM3 / BBS, OCHA ROAP","source_dataset_updated":"2026-08-09"},"geometry":{"type":"MultiPolygon","coordinates":[[[[90.61238415500009,23.016795655000067],[90.61719519100006,23.02992186800003],[90.61679685800004,23.033269628000028],[90.61402013400004,23.03595705600003],[90.61283117100004,23.035674865000033],[90.61103361700003,23.026504158000023],[90.61238415500009,23.016795655000067]]],[[[90.60174161500004,23.009920452000074],[90.60326024800008,23.014584253000066],[90.60044599800005,23.01855486100004],[90.60421550100006,23.02036408600003],[90.60838643800008,23.029238977000034],[90.60113818000008,23.036417537000034],[90.59887107800006,23.034693465000032],[90.59959300400004,23.03737921900006],[90.59631342600005,23.040259637000077],[90.59479336000004,23.04695778200005],[90.58987502000008,23.044287152000038],[90.58944309700007,23.041480584000055],[90.59046753500007,23.03956455900004],[90.59343552400009,23.039194950000024],[90.59136610500008,23.03830672500004],[90.59204613800006,23.031432781000035],[90.59574162000007,23.020365153000057],[90.59169764000006,23.025519062000058],[90.59004271200007,23.030962071000033],[90.58880878100007,23.029293841000026],[90.58959468100005,23.024862408000047],[90.59629427100003,23.016352350000034],[90.59760204300005,23.01485242900003],[90.60174161500004,23.009920452000074]]],[[[90.58866270600004,23.02543440200003],[90.58579492700005,23.033965571000067],[90.58650935300005,23.034978589000048],[90.58811225400007,23.032403272000067],[90.58835247400003,23.03574859500003],[90.58015177000004,23.057886378000035],[90.57499188900005,23.059279961000072],[90.56885083600008,23.057628788000045],[90.56718965700009,23.054169414000057],[90.56683518000006,23.043525672000044],[90.57326841900004,23.036821898000028],[90.58866270600004,23.02543440200003]]],[[[90.56558434700008,23.044929726000078],[90.56752742000003,23.057753233000028],[90.57293076500008,23.060541921000038],[90.57970582700005,23.05932202300005],[90.58158902600007,23.061824623000064],[90.58187716600008,23.06881463600007],[90.57682878000008,23.07355351500007],[90.58236265200009,23.06905166000007],[90.58253044300005,23.062956507000024],[90.58642064600008,23.067180348000022],[90.58360848700005,23.073834616000056],[90.57851201700004,23.07805996600007],[90.57772156200008,23.086571482000068],[90.56775018800005,23.086703055000044],[90.56253677300003,23.080072765000068],[90.56274128600006,23.07496210900007],[90.55704156100006,23.070823672000074],[90.55487320000003,23.071166093000045],[90.55263714800003,23.067636321000066],[90.55267358600008,23.06385977000008],[90.55044996500004,23.063341913000045],[90.54830779900004,23.059733270000038],[90.55916768600008,23.051843719000033],[90.56558434700008,23.044929726000078]]],[[[90.59026587800008,23.095989513000063],[90.59158063200005,23.101194417000045],[90.59062751400006,23.107794384000044],[90.58933961500009,23.108612176000065],[90.58431230200006,23.105236692000062],[90.57662732600005,23.096565526000063],[90.57422613500006,23.090742845000022],[90.57844959300007,23.087716022000052],[90.58369391500008,23.09362356500003],[90.59140030200007,23.095411667000064],[90.59026587800008,23.095989513000063]]],[[[90.59867384300009,23.11020186500008],[90.59774940800008,23.111495966000064],[90.59313915300004,23.108932165000056],[90.59478306200003,23.106774979000022],[90.59374327800003,23.105297473000064],[90.59517497300004,23.10194589400004],[90.59851223600003,23.09700969000005],[90.59530998000008,23.097404574000052],[90.58752849000007,23.09031113800006],[90.58401468600005,23.090180772000053],[90.57996903700007,23.086563245000036],[90.58315254400009,23.08201013200005],[90.58411496200006,23.07751373600007],[90.58777096100005,23.074775566000028],[90.58863692500006,23.071856341000057],[90.58831497900007,23.064190121000024],[90.58642799600005,23.060850927000047],[90.58443034300007,23.06181414300005],[90.58383846200007,23.051897953000037],[90.58988699100007,23.047036004000063],[90.59486327200005,23.048152149000032],[90.60037433100007,23.03887011000006],[90.60943781100008,23.033393558000057],[90.61386310100005,23.052592138000023],[90.61298053500008,23.063016367000046],[90.61463569500006,23.063392153000052],[90.61678851200008,23.059703348000028],[90.61654293900006,23.051195696000036],[90.61851993100004,23.05434278300004],[90.61807469000007,23.058646534000047],[90.61995879500006,23.063992953000024],[90.61801283800008,23.067680990000042],[90.62028845800006,23.068293663000077],[90.61869881000007,23.070785683000054],[90.61976136700008,23.07723451800007],[90.61449676100005,23.087471481000023],[90.61563619200007,23.09298906400005],[90.60883793300007,23.09788762900007],[90.60321183200006,23.10803358900006],[90.60062835800005,23.108186841000077],[90.60059349000005,23.10487523100005],[90.59934459800007,23.105935715000044],[90.59867384300009,23.11020186500008]]],[[[90.57891796600006,23.112569975000042],[90.57768203700005,23.113578304000043],[90.57333086000006,23.11115637200004],[90.57389734500003,23.098535089000052],[90.58711803300008,23.108763856000053],[90.58697111300006,23.110628602000077],[90.58202285600004,23.11356235200003],[90.57891796600006,23.112569975000042]]],[[[90.64050788100008,23.124719623000033],[90.64374140400008,23.116955592000068],[90.64643980500006,23.119238938000024],[90.64569125200006,23.12352928400003],[90.64050788100008,23.124719623000033]]],[[[90.64680223500005,23.12392274800004],[90.65022695200008,23.123870277000037],[90.64938186100005,23.11886214900005],[90.64323243300004,23.108132428000033],[90.64635577900003,23.06428748600007],[90.64491476700005,23.043691780000074],[90.64617871400009,23.016296606000026],[90.64522145200004,22.994169374000023],[90.64654932200006,22.984368093000057],[90.66284011100004,23.007621448000066],[90.66081937400008,23.013212343000077],[90.66967523400007,23.01545372700008],[90.66739128100005,23.018958042000065],[90.66036340100004,23.02052652800006],[90.65779847500005,23.023387710000065],[90.65834804400004,23.02514744000007],[90.66381793700003,23.027600216000053],[90.66661721900005,23.031474923000076],[90.66245774800007,23.050689328000033],[90.66604483300006,23.05202752100007],[90.66730060900005,23.054922960000056],[90.67128616400004,23.054152960000067],[90.68706309100008,23.06307415300006],[90.69037606100005,23.06307326800004],[90.68782578900004,23.072684197000058],[90.68067722300003,23.082536272000027],[90.68433615100008,23.087497067000072],[90.68410931100004,23.09138843900007],[90.67863414400006,23.095402381000042],[90.67634709400005,23.099352829000054],[90.67628267200007,23.104770062000057],[90.68051202500004,23.104625423000073],[90.68264409100004,23.108054949000064],[90.68074683400005,23.118151255000043],[90.68384905800008,23.123632689000033],[90.68259601900007,23.131254569000077],[90.68348298100005,23.13498923000003],[90.67921496700006,23.134190757000056],[90.67290894200005,23.136003491000054],[90.67134054200005,23.131805908000047],[90.66734253800007,23.13002645200004],[90.66863574000007,23.126395374000026],[90.66769737000004,23.125004886000056],[90.66219838900008,23.127650449000043],[90.66103930700007,23.12605196100003],[90.64764167200008,23.125095284000054],[90.64680223500005,23.12392274800004]]],[[[90.56405241400006,23.146514197000045],[90.56024240100004,23.142740675000027],[90.55627591500007,23.13516920400008],[90.56765459400003,23.14684339200005],[90.56690935700004,23.149067638000076],[90.56405241400006,23.146514197000045]]]]}},{"type":"Feature","id":"chandpur-hajiganj","properties":{"canonical_id":"chandpur-hajiganj","name_en":"Hajiganj","name_bn":"হাজীগঞ্জ","district_id":"chandpur","division_id":"chittagong","pcode":"BD-B-09-129","parent_pcode":"BD2013","source_name":"Hajiganj","match_method":"exact_name_or_alias","boundary_reference_year":"2020","boundary_source":"geoBoundaries gbOpen BGD ADM3 / BBS, OCHA ROAP","source_dataset_updated":"2026-08-09"},"geometry":{"type":"Polygon","coordinates":[[[90.78776022600005,23.223632028000054],[90.79780432600006,23.215205276000063],[90.80424772700007,23.22296594100004],[90.81082453500005,23.22143613000003],[90.81485194200008,23.22519546600006],[90.82138699200004,23.224931688000026],[90.82274197400005,23.215679712000053],[90.82629926400006,23.21527886800004],[90.82618803900004,23.217553415000054],[90.82792178800008,23.217993669000066],[90.82901821400009,23.212850025000023],[90.83371070800007,23.214393507000068],[90.83448493100008,23.217890665000027],[90.83624567600003,23.218247132000045],[90.83711037400008,23.20978292800004],[90.84132754400008,23.20730863800003],[90.84160564500007,23.203342399000064],[90.84290994000008,23.20320444400005],[90.84130776700005,23.201319557000033],[90.84394388500004,23.20086284200005],[90.84602789200005,23.198563576000026],[90.84768498300008,23.199661151000043],[90.84853593200006,23.193887548000077],[90.85358282300007,23.19399405000007],[90.85679293600003,23.191161257000033],[90.86052062600004,23.192220314000053],[90.86457691900006,23.18672263900004],[90.86824860500008,23.188954928000044],[90.87204479100006,23.188519007000025],[90.86990413300003,23.18130308900004],[90.87250772900006,23.17845075500003],[90.87401326600008,23.17342536500007],[90.87926061500008,23.17386471900005],[90.88147397300008,23.170121324000036],[90.88487807900003,23.171340262000058],[90.89123244200005,23.17058972700005],[90.89149193300005,23.17197137000005],[90.89793950100005,23.164140769000028],[90.90196849900008,23.162305029000038],[90.90376921900008,23.16415541400005],[90.89956197600009,23.184639351000044],[90.90321017500008,23.18584575600005],[90.90415696800005,23.189793181000027],[90.90844029000004,23.192331490000072],[90.90769922200008,23.20115149700007],[90.91239825000008,23.202246040000034],[90.91351804000004,23.204988806000074],[90.91498516800004,23.20384049200004],[90.91891770400008,23.20437589000005],[90.92329254400005,23.208659327000078],[90.93163264100008,23.21080108500007],[90.92741964900006,23.217095073000053],[90.92871761300006,23.21930657300004],[90.93249468500005,23.220516016000033],[90.93061082800006,23.221557440000026],[90.91881158200005,23.220026964000056],[90.90441919600005,23.22939411300007],[90.89513507100008,23.237404320000053],[90.88099767700004,23.238228269000047],[90.87459129400008,23.243868733000056],[90.87775281900008,23.24694812200005],[90.88134105600005,23.24688512700004],[90.88309294200008,23.249533101000054],[90.88955961300007,23.249038213000063],[90.89040073500007,23.25324822700003],[90.89451697900006,23.253548314000057],[90.89814958500006,23.26172623100007],[90.90681686300007,23.26094309100006],[90.91031255000007,23.262676286000044],[90.91108515000008,23.27152583900005],[90.90889985300004,23.27185746600003],[90.90873385300006,23.27359942700008],[90.91393672400005,23.280096826000033],[90.91189442700005,23.284037805000025],[90.90785156100009,23.284607711000035],[90.91237127600004,23.286486766000053],[90.91450770600005,23.292207640000072],[90.91242332100006,23.29582483300004],[90.89754466400007,23.29418380000004],[90.89643469100008,23.300186543000052],[90.89045079900006,23.30048709400006],[90.88919544400005,23.308395892000078],[90.87678930800007,23.30826648900006],[90.87610439300005,23.305413809000072],[90.87349761200005,23.305228511000053],[90.87208526000006,23.312467410000068],[90.86875372800006,23.313176326000075],[90.86809384200006,23.31773402700003],[90.86572816300009,23.318003409000028],[90.86515485600006,23.319523462000063],[90.86465090400009,23.317876128000023],[90.85955827700008,23.318702384000062],[90.85385866700005,23.31762763000006],[90.85243503700008,23.315902839000046],[90.85166353200003,23.317422230000034],[90.85042880100008,23.315407354000058],[90.84925803300007,23.31739407300006],[90.84583914600006,23.318442264000055],[90.84424797600008,23.316403858000058],[90.83799740000006,23.32023274000005],[90.83369468200004,23.32504516800003],[90.83322404400008,23.329368588000023],[90.82953258400005,23.333256340000048],[90.82194294300007,23.33079265200007],[90.82032050900006,23.334680051000078],[90.80970301100007,23.333730993000074],[90.80964186100005,23.330399439000075],[90.80685350900006,23.330789803000073],[90.80208306300005,23.32779630500005],[90.79113151200005,23.326072010000075],[90.78236366700008,23.327457937000077],[90.77189019600007,23.33363284400008],[90.76942091900008,23.33224437800004],[90.76778001000008,23.33329512800003],[90.75509563000008,23.33228811500004],[90.75519499300003,23.32866838500007],[90.74810192600006,23.331858749000048],[90.74991616500006,23.321581123000044],[90.75206218500006,23.316434101000027],[90.75368850100006,23.31671138100006],[90.75488208900003,23.311475750000056],[90.75321795000008,23.31011531100006],[90.74877370200005,23.310784128000023],[90.74581828200007,23.306937893000054],[90.74264323100005,23.311058865000064],[90.74086259900008,23.310824538000077],[90.74044243900005,23.305703883000035],[90.74347612700006,23.301230786000076],[90.74072777400005,23.30115911100006],[90.73834533400003,23.29473852700005],[90.74138801400005,23.291918967000072],[90.73994172400006,23.290539847000048],[90.74212714700008,23.28942753900003],[90.74262527500008,23.28723193600007],[90.74673081800006,23.287438829000052],[90.74913802600008,23.290049082000053],[90.75054052200005,23.28708983000007],[90.75802579600008,23.287323126000047],[90.76158824400005,23.28605880400005],[90.76372632200008,23.279262638000034],[90.76203772300005,23.274942513000042],[90.76316996800006,23.263555861000043],[90.76077864100006,23.26036707800006],[90.75932731600005,23.257855680000034],[90.76082942500005,23.256395842000074],[90.76501324200007,23.256135022000024],[90.77501023900004,23.251474834000078],[90.77445640600007,23.24496952900006],[90.77555733600008,23.243175629000064],[90.79043868200006,23.242185780000057],[90.79378350500008,23.23929484300004],[90.79412919800006,23.233809147000045],[90.78861665900007,23.231749232000027],[90.78776022600005,23.223632028000054]]]}},{"type":"Feature","id":"chandpur-kachua","properties":{"canonical_id":"chandpur-kachua","name_en":"Kachua","name_bn":"কচুয়া","district_id":"chandpur","division_id":"chittagong","pcode":"BD-B-09-125","parent_pcode":"BD2013","source_name":"Kachua","match_method":"exact_name_or_alias","boundary_reference_year":"2020","boundary_source":"geoBoundaries gbOpen BGD ADM3 / BBS, OCHA ROAP","source_dataset_updated":"2026-08-09"},"geometry":{"type":"Polygon","coordinates":[[[89.82364941400004,22.59494828000004],[89.82433249300004,22.593579256000055],[89.82675452400008,22.59349013600007],[89.83157210500008,22.595828280000035],[89.83570559500004,22.59599460800007],[89.83244914900007,22.586613429000067],[89.83541480300005,22.576912880000066],[89.84624449500006,22.564989427000057],[89.85809527900005,22.561202093000077],[89.86578653700008,22.56421560800004],[89.87519350400004,22.570555170000034],[89.88419010400008,22.572436176000053],[89.88682890900003,22.574419041000056],[89.89391523100005,22.574818548000053],[89.89444538700008,22.57722080900004],[89.88795468600006,22.593093074000024],[89.89511451500005,22.610094467000067],[89.91212823900008,22.61607725500005],[89.91653975900005,22.614737785000045],[89.92059456100009,22.610133653000048],[89.92391391200005,22.620952291000037],[89.92682901200004,22.64208543600006],[89.92452290800009,22.645085322000057],[89.91910743700004,22.647938246000024],[89.89590103300009,22.65627077700003],[89.89010955900005,22.66399653900004],[89.89279706400004,22.672601162000035],[89.89665324200007,22.67496210400003],[89.90062645800003,22.672134190000065],[89.90922645300003,22.659490149000078],[89.91406576100007,22.659747459000073],[89.92465619000006,22.66948879200004],[89.93589984900007,22.67706577900003],[89.93700040700008,22.67994576600006],[89.93392338900009,22.683341547000055],[89.92086685700008,22.69160670200006],[89.91521871600008,22.69320308700003],[89.90205578900003,22.69544331000003],[89.86824653700006,22.691550867000046],[89.86421960400008,22.69361540600005],[89.86164645700006,22.69703138600005],[89.86246852300008,22.701951871000063],[89.86943886200004,22.707307721000063],[89.87469716900006,22.709987355000067],[89.87598311300007,22.70895285200004],[89.87814511100004,22.70993694300006],[89.88067027700004,22.712894042000073],[89.90272735500008,22.725064562000057],[89.90735752700004,22.726560153000037],[89.91284166200006,22.726267096000072],[89.91518868600008,22.731093833000045],[89.91370937900007,22.73340908700004],[89.91107993400004,22.73378396000004],[89.91202460300008,22.736652156000048],[89.90664201500005,22.734245260000023],[89.90795876000004,22.739464745000078],[89.91217631400008,22.74309475700005],[89.90491025100005,22.74136231800003],[89.90706280400008,22.745674688000065],[89.89580245700006,22.747612548000063],[89.89494126300008,22.749766262000037],[89.88822816200008,22.746853671000054],[89.88513806900005,22.750278958000024],[89.87583784500004,22.74854061900004],[89.87148355200009,22.741615310000043],[89.86785818400006,22.739553776000037],[89.85289049300007,22.745394033000025],[89.84837926100005,22.746135950000053],[89.84556489400006,22.74493768900004],[89.83805743100004,22.746723463000023],[89.84049588800008,22.742135622000035],[89.84007994700005,22.73208849400004],[89.84365172300005,22.721313562000034],[89.84219430400003,22.71632405200006],[89.84589450500005,22.71371152100005],[89.84209573200008,22.70993760600004],[89.843362,22.70474609000007],[89.84108194400005,22.70088385300005],[89.84349172300006,22.69983576100003],[89.84893664000003,22.700878473000046],[89.85020102000004,22.699068659000034],[89.84982368400006,22.692412620000027],[89.85308660200008,22.69085222600006],[89.85336444400008,22.687644615000067],[89.86168643100007,22.686305694000055],[89.85815431400005,22.679437431000053],[89.86147131300004,22.672094385000037],[89.85487774500007,22.667105518000028],[89.84971347900006,22.66790900500007],[89.85737609100005,22.66180741000005],[89.85308885700005,22.660746008000046],[89.85195538800008,22.658564692000027],[89.85395104700007,22.64882092700003],[89.83686396600007,22.650135254000077],[89.83438738700005,22.646952218000024],[89.83131241500007,22.628283831000033],[89.82715010600003,22.621944082000027],[89.82378109300004,22.609969333000038],[89.82710049000008,22.605680128000074],[89.82743487700003,22.602328611000075],[89.82947092400008,22.60099715100006],[89.82836048500008,22.598096635000047],[89.82483306500006,22.597077355000067],[89.82364941400004,22.59494828000004]]]}},{"type":"Feature","id":"chandpur-matlab-north","properties":{"canonical_id":"chandpur-matlab-north","name_en":"Matlab North","name_bn":"মতলব উত্তর","district_id":"chandpur","division_id":"chittagong","pcode":"BD-B-09-130","parent_pcode":"BD2013","source_name":"Matlab North","match_method":"exact_name_or_alias","boundary_reference_year":"2020","boundary_source":"geoBoundaries gbOpen BGD ADM3 / BBS, OCHA ROAP","source_dataset_updated":"2026-08-09"},"geometry":{"type":"MultiPolygon","coordinates":[[[[90.62694508100003,23.31991170200007],[90.62829770600007,23.321435648000033],[90.62198021800003,23.33188129000007],[90.62022299900008,23.332365864000053],[90.62305268700004,23.328769753000074],[90.62220470100004,23.324423840000065],[90.62694508100003,23.31991170200007]]],[[[90.63783687100005,23.320366813000078],[90.63535217200007,23.324657874000025],[90.63577694100007,23.326950473000068],[90.63721953300006,23.325510660000077],[90.63753441000006,23.32641717200005],[90.63497079900009,23.331494398000075],[90.63280617300006,23.333463266000024],[90.62500039500009,23.335692954000024],[90.62851166100006,23.327154230000076],[90.62656105900004,23.32692549500007],[90.62637127800008,23.325042358000076],[90.63261914500004,23.31875303000004],[90.63370003900008,23.315427987000078],[90.63757721100006,23.318986985000038],[90.63783687100005,23.320366813000078]]],[[[90.65512248500005,23.33295771400003],[90.64951636800004,23.33697973900007],[90.64366664100004,23.336955900000078],[90.63925470600003,23.334344875000056],[90.64058275900004,23.328134512000076],[90.64830390900005,23.332675016000053],[90.65512248500005,23.33295771400003]]],[[[90.59067372200008,23.335945844000037],[90.59058477100007,23.343204601000025],[90.60210757200008,23.342585444000065],[90.60698794200005,23.340872957000045],[90.61121002100003,23.34750635200004],[90.61233747700004,23.345371906000025],[90.61566737700008,23.344606872000043],[90.61628416100007,23.346036138000045],[90.61909556100005,23.34658677300007],[90.62383330700004,23.34066901500006],[90.63235458300005,23.336476386000072],[90.63269083400007,23.341637810000066],[90.62782239100005,23.349198621000028],[90.62829534500008,23.351085132000037],[90.62532577300004,23.35503925000006],[90.62626533000008,23.355637302000048],[90.63812877900006,23.337073969000073],[90.65019677300006,23.338601678000032],[90.65495088200004,23.33686113500005],[90.66016190600004,23.331728429000066],[90.66464866800004,23.330394068000032],[90.66528657400005,23.33302778600006],[90.66851650300003,23.335989750000067],[90.66716377400007,23.34227607400004],[90.66504469700004,23.347802943000033],[90.66816854400008,23.34806739900006],[90.66776352100004,23.355469163000066],[90.68111429800007,23.35336686900007],[90.68228147500008,23.351200153000036],[90.69286820100007,23.35327125200007],[90.70458539300006,23.352251331000048],[90.70370149400009,23.354036431000054],[90.70684685300006,23.35924595000006],[90.70568049600007,23.36023238300004],[90.70706764000005,23.36513818000003],[90.70399315300006,23.37025717000006],[90.70743099000003,23.373114603000033],[90.72042245700004,23.37007342800007],[90.72150169200006,23.366778328000066],[90.72426324800006,23.364641215000063],[90.72495061400008,23.359024266000063],[90.72013536300005,23.35393516000005],[90.73056889300005,23.35525074000003],[90.73669570500005,23.36268803100006],[90.73503377400004,23.365364976000023],[90.72843405500004,23.36651136300003],[90.72704186500005,23.368230080000046],[90.73002815200005,23.380121126000063],[90.73446980500006,23.38320527700006],[90.73879594800007,23.38339942400006],[90.74314511400007,23.38234628300006],[90.74545377500004,23.377968619000058],[90.74740934800008,23.37761153300005],[90.75205829800007,23.38269659200006],[90.75435422500004,23.391461210000045],[90.75378259000007,23.39712002500005],[90.75242198300003,23.399227772000074],[90.74789860000004,23.39983828800007],[90.74531149400008,23.403148651000038],[90.74813854500007,23.407380431000036],[90.74919295800004,23.41441904900006],[90.75187790900009,23.415847402000054],[90.74993813200007,23.42279256200004],[90.73659303100004,23.427612820000036],[90.73344477500007,23.42594307300004],[90.73300084800007,23.42398509900005],[90.73833846700006,23.41670740400008],[90.73697945300006,23.41487513800007],[90.73417194100006,23.41559289500003],[90.72951121800008,23.42161967100003],[90.72871576000006,23.426611600000058],[90.72086951900008,23.429169787000035],[90.71564657900007,23.43381226100007],[90.71078592300006,23.435219268000026],[90.70959433700006,23.454739477000032],[90.69822117800004,23.470170362000033],[90.69315594700004,23.484602085000063],[90.68775446100005,23.492475265000053],[90.68720979500006,23.490366883000036],[90.68210923200007,23.48950579800004],[90.67096159000005,23.49071712700004],[90.66217737800008,23.493845521000026],[90.64929621000005,23.501284401000078],[90.64131842800003,23.503704862000063],[90.63143116700007,23.501783492000072],[90.62381455400003,23.492971278000027],[90.61302998800005,23.490430751000076],[90.60551457300005,23.49264659000005],[90.60141185000003,23.498070752000046],[90.59574518900007,23.497596858000065],[90.58902827900005,23.49452872200004],[90.58299676200005,23.49636809200007],[90.57695130100007,23.496028159000048],[90.57583167800004,23.493615504000047],[90.57715957700003,23.48509788900003],[90.58300695800006,23.484350130000053],[90.58428423200007,23.480163232000052],[90.58174058600008,23.47150365300007],[90.57750867000004,23.470386349000023],[90.57870872800004,23.460969293000062],[90.57762351500008,23.45149069300004],[90.57050612400008,23.437162215000058],[90.55374757500005,23.41740754600005],[90.54187146700008,23.399171370000033],[90.53900472100008,23.391194034000023],[90.53868894100003,23.37934916200004],[90.54681308400006,23.367417422000074],[90.57606171800006,23.35800362200007],[90.58350024300006,23.350299325000037],[90.59067372200008,23.335945844000037]]]]}},{"type":"Feature","id":"chandpur-matlab-south","properties":{"canonical_id":"chandpur-matlab-south","name_en":"Matlab South","name_bn":"মতলব দক্ষিণ","district_id":"chandpur","division_id":"chittagong","pcode":"BD-B-09-128","parent_pcode":"BD2013","source_name":"Matlab South","match_method":"exact_name_or_alias","boundary_reference_year":"2020","boundary_source":"geoBoundaries gbOpen BGD ADM3 / BBS, OCHA ROAP","source_dataset_updated":"2026-08-09"},"geometry":{"type":"MultiPolygon","coordinates":[[[[90.68141344100007,23.325598506000063],[90.66851650300003,23.335989750000067],[90.66528657400005,23.33302778600006],[90.66464866800004,23.330394068000032],[90.66402243000005,23.327273658000024],[90.66696916700005,23.327792379000073],[90.66856610500008,23.32537835200003],[90.67330576600006,23.325037961000078],[90.67524174000005,23.327566129000047],[90.67679764100006,23.325649561000034],[90.68141344100007,23.325598506000063]]],[[[90.76077864100006,23.26036707800006],[90.76316996800006,23.263555861000043],[90.76203772300005,23.274942513000042],[90.76372632200008,23.279262638000034],[90.76158824400005,23.28605880400005],[90.75802579600008,23.287323126000047],[90.75054052200005,23.28708983000007],[90.74913802600008,23.290049082000053],[90.74673081800006,23.287438829000052],[90.74262527500008,23.28723193600007],[90.74212714700008,23.28942753900003],[90.73994172400006,23.290539847000048],[90.74138801400005,23.291918967000072],[90.73834533400003,23.29473852700005],[90.74072777400005,23.30115911100006],[90.74347612700006,23.301230786000076],[90.74044243900005,23.305703883000035],[90.74086259900008,23.310824538000077],[90.74264323100005,23.311058865000064],[90.74581828200007,23.306937893000054],[90.74877370200005,23.310784128000023],[90.75321795000008,23.31011531100006],[90.75488208900003,23.311475750000056],[90.75368850100006,23.31671138100006],[90.75206218500006,23.316434101000027],[90.74991616500006,23.321581123000044],[90.74810192600006,23.331858749000048],[90.75519499300003,23.32866838500007],[90.75509563000008,23.33228811500004],[90.76778001000008,23.33329512800003],[90.76942091900008,23.33224437800004],[90.77189019600007,23.33363284400008],[90.78236366700008,23.327457937000077],[90.79113151200005,23.326072010000075],[90.80208306300005,23.32779630500005],[90.80685350900006,23.330789803000073],[90.80964186100005,23.330399439000075],[90.80970301100007,23.333730993000074],[90.80975547100007,23.335728601000028],[90.80705973500005,23.33740111000003],[90.80836486300007,23.346267127000033],[90.80727906100003,23.34768970300007],[90.80882628900008,23.348356332000037],[90.81483168300008,23.345974487000035],[90.80617246200006,23.364496977000044],[90.80062641100005,23.384370947000036],[90.79737133400005,23.384427661000075],[90.79489445500008,23.390271299000062],[90.79224722700008,23.391058705000034],[90.79299899000006,23.392719128000067],[90.79776413300004,23.393647246000057],[90.79896360400005,23.395701087000077],[90.79877476800004,23.40041756200003],[90.79583891100003,23.404315931000042],[90.79105678600007,23.416544189000035],[90.79001986300005,23.42302513800007],[90.79046839600005,23.429219688000046],[90.79395896800008,23.430611038000052],[90.79441159100008,23.433665650000023],[90.78946214800004,23.435423852000042],[90.78645666100005,23.434964817000036],[90.78787492200007,23.437146902000052],[90.79282783800005,23.437187313000038],[90.79260648200005,23.438952018000066],[90.78354810100006,23.438697984000044],[90.78166897300008,23.44074309000007],[90.78271913100008,23.442758836000053],[90.77976015500008,23.44389028100005],[90.77664316200008,23.442177238000056],[90.77796026800007,23.445592844000032],[90.77472125500003,23.44488749100003],[90.77103887300007,23.44927573500007],[90.76981561500008,23.44693277400006],[90.77127714900007,23.444260985000028],[90.76963524500007,23.44114555500005],[90.77004330900007,23.436810222000076],[90.76670170000006,23.433442316000026],[90.76497861600006,23.429040663000023],[90.76082573400004,23.42816956000007],[90.76284035700007,23.425295306000066],[90.76130350600005,23.42239378000005],[90.75747536300008,23.42092767500003],[90.75668099000006,23.416030830000068],[90.75449695000003,23.415028059000065],[90.75187790900009,23.415847402000054],[90.74919295800004,23.41441904900006],[90.74813854500007,23.407380431000036],[90.74531149400008,23.403148651000038],[90.74789860000004,23.39983828800007],[90.75242198300003,23.399227772000074],[90.75378259000007,23.39712002500005],[90.75435422500004,23.391461210000045],[90.75205829800007,23.38269659200006],[90.74740934800008,23.37761153300005],[90.74545377500004,23.377968619000058],[90.74314511400007,23.38234628300006],[90.73879594800007,23.38339942400006],[90.73446980500006,23.38320527700006],[90.73002815200005,23.380121126000063],[90.72704186500005,23.368230080000046],[90.72843405500004,23.36651136300003],[90.73503377400004,23.365364976000023],[90.73669570500005,23.36268803100006],[90.73056889300005,23.35525074000003],[90.72013536300005,23.35393516000005],[90.72495061400008,23.359024266000063],[90.72426324800006,23.364641215000063],[90.72150169200006,23.366778328000066],[90.72042245700004,23.37007342800007],[90.70743099000003,23.373114603000033],[90.70399315300006,23.37025717000006],[90.70706764000005,23.36513818000003],[90.70568049600007,23.36023238300004],[90.70684685300006,23.35924595000006],[90.70370149400009,23.354036431000054],[90.70458539300006,23.352251331000048],[90.69286820100007,23.35327125200007],[90.68228147500008,23.351200153000036],[90.68111429800007,23.35336686900007],[90.66776352100004,23.355469163000066],[90.66816854400008,23.34806739900006],[90.66504469700004,23.347802943000033],[90.66716377400007,23.34227607400004],[90.67341397000007,23.350378749000072],[90.67260900800005,23.34594715700007],[90.66884107900006,23.34037261700007],[90.66914982500003,23.33744357100005],[90.67753271700008,23.331851292000067],[90.67619671400007,23.336278010000058],[90.67768292800008,23.335913101000074],[90.68309661300003,23.325879660000055],[90.68414748300006,23.322658302000036],[90.68162448500004,23.320591773000046],[90.68182875300005,23.31485793400003],[90.68469221800007,23.310138840000036],[90.68692126100007,23.309272109000062],[90.69054613400004,23.310259380000048],[90.68992441500006,23.30408204500003],[90.69340244600005,23.29397828200007],[90.70342494000005,23.297214222000036],[90.70198399200007,23.29108238300006],[90.70392748500007,23.287946659000056],[90.71317912900008,23.29474489000006],[90.71487434400007,23.29139281500005],[90.71505437000008,23.28550831700005],[90.71983751300007,23.284906658000068],[90.72054994900003,23.280905853000036],[90.72321316600005,23.280566729000043],[90.72513645500004,23.276866865000045],[90.74343507900005,23.274471706000043],[90.74335687600006,23.266103857000076],[90.75049151600007,23.263728756000035],[90.75355131000003,23.259883113000058],[90.76077864100006,23.26036707800006]]]]}},{"type":"Feature","id":"chandpur-shahrasti","properties":{"canonical_id":"chandpur-shahrasti","name_en":"Shahrasti","name_bn":"শাহরাস্তি","district_id":"chandpur","division_id":"chittagong","pcode":"BD-B-09-126","parent_pcode":"BD2013","source_name":"Shahrasti","match_method":"exact_name_or_alias","boundary_reference_year":"2020","boundary_source":"geoBoundaries gbOpen BGD ADM3 / BBS, OCHA ROAP","source_dataset_updated":"2026-08-09"},"geometry":{"type":"Polygon","coordinates":[[[91.01407396000008,23.24847960900007],[91.01209529600004,23.24655438600007],[91.00970268600008,23.247008976000075],[91.00956407700005,23.244583009000053],[91.00363432900008,23.24504157000007],[91.00160940500007,23.247448612000028],[91.00029589500008,23.253261353000028],[90.99471663200006,23.257290752000074],[90.99012816500004,23.25364134800003],[90.98713277000007,23.25847046900003],[90.98418857000007,23.25865096700005],[90.98261568200007,23.264120845000036],[90.98003996800009,23.26432605800005],[90.97889732600004,23.267077879000055],[90.97503995900007,23.267916485000057],[90.97051255700006,23.265845656000067],[90.96536042800005,23.267618404000075],[90.95961694700009,23.26703942000006],[90.95787623800004,23.269872657000064],[90.95879371300003,23.271538603000067],[90.95479466900008,23.27216984000006],[90.95598450600005,23.27381551700006],[90.95309141700005,23.274450698000066],[90.95095467000004,23.27859765100004],[90.94056206800008,23.282244438000077],[90.93990561700008,23.279960926000058],[90.93798410800008,23.27974830900007],[90.93717649200005,23.282575748000056],[90.93596587400003,23.28204554900003],[90.93343920100006,23.284001431000036],[90.93007508900007,23.281098306000047],[90.92623715500008,23.282998615000054],[90.92358539800006,23.282525933000045],[90.92186181800008,23.28913987100003],[90.91888608300007,23.29143066900008],[90.91450770600005,23.292207640000072],[90.91237127600004,23.286486766000053],[90.90785156100009,23.284607711000035],[90.91189442700005,23.284037805000025],[90.91393672400005,23.280096826000033],[90.90873385300006,23.27359942700008],[90.90889985300004,23.27185746600003],[90.91108515000008,23.27152583900005],[90.91031255000007,23.262676286000044],[90.90681686300007,23.26094309100006],[90.89814958500006,23.26172623100007],[90.89451697900006,23.253548314000057],[90.89040073500007,23.25324822700003],[90.88955961300007,23.249038213000063],[90.88309294200008,23.249533101000054],[90.88134105600005,23.24688512700004],[90.87775281900008,23.24694812200005],[90.87459129400008,23.243868733000056],[90.88099767700004,23.238228269000047],[90.89513507100008,23.237404320000053],[90.90441919600005,23.22939411300007],[90.91881158200005,23.220026964000056],[90.93061082800006,23.221557440000026],[90.93249468500005,23.220516016000033],[90.92871761300006,23.21930657300004],[90.92741964900006,23.217095073000053],[90.93163264100008,23.21080108500007],[90.92329254400005,23.208659327000078],[90.91891770400008,23.20437589000005],[90.91498516800004,23.20384049200004],[90.91351804000004,23.204988806000074],[90.91239825000008,23.202246040000034],[90.90769922200008,23.20115149700007],[90.90844029000004,23.192331490000072],[90.90415696800005,23.189793181000027],[90.90321017500008,23.18584575600005],[90.89956197600009,23.184639351000044],[90.90376921900008,23.16415541400005],[90.90196849900008,23.162305029000038],[90.90311781400004,23.154876501000047],[90.90194496100008,23.15277129100008],[90.90321527300006,23.151928504000068],[90.91085973000008,23.152882601000044],[90.91109238600006,23.155960227000037],[90.91386254100007,23.15626314600007],[90.91467285300007,23.15043922600006],[90.91198127200005,23.150543456000037],[90.91210993400006,23.147814880000055],[90.92294347900008,23.149049109000032],[90.92423165700006,23.14843299300003],[90.92393279300006,23.146246614000063],[90.92773536900006,23.145348686000034],[90.93225014100005,23.14707492200006],[90.93433648200005,23.146419],[90.93575829800005,23.143520159000047],[90.93893352200007,23.145478833000027],[90.94002052600007,23.143517945000042],[90.94362980400007,23.14442334100005],[90.94430393800008,23.14331621100007],[90.94616825800006,23.145400005000056],[90.95551708700003,23.14593297700003],[90.95870894300003,23.13893882700006],[90.96222155300006,23.13810450400007],[90.96068288200007,23.13342433400004],[90.96184522200008,23.131043962000035],[90.96440191600004,23.12835811900004],[90.96812928700007,23.13121099600005],[90.98075402300003,23.133199156000046],[90.98174576800005,23.137368233000075],[90.98788443700005,23.140895439000076],[90.99681023200009,23.140304082000057],[91.00950053800005,23.142491020000023],[91.00905691800006,23.14447195300005],[91.01118759900004,23.146856394000054],[91.00880962500008,23.148378912000055],[91.01135330000005,23.15063368500006],[91.01196136900006,23.15356360900006],[91.00995781500006,23.15528696800004],[91.00566871400008,23.154838509000058],[91.00668038100008,23.16121906500007],[91.00537219600005,23.164188343000035],[91.00699733700009,23.167680825000048],[91.00365480500005,23.170423726000024],[91.00587358000007,23.175237365000044],[91.00003997600004,23.17902295300007],[91.00001604200008,23.18171813600003],[91.01158039400008,23.186713648000023],[91.00802055700007,23.18837585600005],[91.00821922800009,23.19174364400004],[91.01873598500003,23.195100856000067],[91.01711963600007,23.197944069000073],[91.01671646500006,23.19574900200007],[91.01405665000004,23.196199716000024],[91.01276785700009,23.20573372000007],[91.01552366600004,23.20850467500003],[91.01536205000008,23.21298065700006],[91.02197137700006,23.21501696300004],[91.02650554000007,23.219062678000057],[91.02881753100007,23.22282813100003],[91.03001632800004,23.22940761500007],[91.02346563000003,23.235410003000027],[91.02306614300005,23.241982439000026],[91.02536941900007,23.242167262000066],[91.02366054000004,23.247345412000072],[91.02195388600006,23.24649789700004],[91.02163974300004,23.247763890000044],[91.01407396000008,23.24847960900007]]]}},{"type":"Feature","id":"chattogram-anwara","properties":{"canonical_id":"chattogram-anwara","name_en":"Anwara","name_bn":"আনোয়ারা","district_id":"chattogram","division_id":"chittagong","pcode":"BD-B-10-144","parent_pcode":"BD2015","source_name":"Anwara","match_method":"exact_name_or_alias","boundary_reference_year":"2020","boundary_source":"geoBoundaries gbOpen BGD ADM3 / BBS, OCHA ROAP","source_dataset_updated":"2026-08-09"},"geometry":{"type":"MultiPolygon","coordinates":[[[[91.88875332900005,22.142632094000078],[91.88580888100006,22.14718756800005],[91.87710785300004,22.15058538200003],[91.87666317700007,22.147437274000026],[91.87900458500008,22.145080605000032],[91.88875332900005,22.142632094000078]]],[[[91.85486308000009,22.144214783000052],[91.85720782700008,22.149568076000037],[91.85640950600003,22.15129758300003],[91.85227099100007,22.152587263000044],[91.84820543100005,22.151582119000068],[91.84716303300007,22.142466028000058],[91.85039677500004,22.134920020000038],[91.85114729800006,22.142093768000052],[91.85486308000009,22.144214783000052]]],[[[91.87722058200006,22.157529475000047],[91.87851866300008,22.15918384200006],[91.87160479700003,22.16009985900007],[91.86960433400009,22.159166939000045],[91.87037245200008,22.154200107000065],[91.87308375100008,22.150704183000073],[91.87400817100007,22.152976430000024],[91.87381177800006,22.15599052400006],[91.87722058200006,22.157529475000047]]],[[[91.93820821100007,22.17524870400007],[91.94087283300007,22.17683997200004],[91.94178443900006,22.179145770000048],[91.93773983600005,22.180114782000032],[91.93820821100007,22.17524870400007]]],[[[91.91915978600008,22.17913703000005],[91.91814882400007,22.18506552300005],[91.91560999900008,22.182287952000024],[91.90782880400008,22.16004090200005],[91.91469670500004,22.168555192000042],[91.91581707900008,22.179056153000033],[91.91915978600008,22.17913703000005]]],[[[91.96208087200006,22.22608921500006],[91.96586283700003,22.236853696000026],[91.96078858500005,22.241263484000058],[91.96015942600008,22.247417511000037],[91.94156932800007,22.246576192000077],[91.93972095000004,22.248091145000046],[91.93758609500009,22.255403509000075],[91.92852896900007,22.254067209000027],[91.92224590400008,22.255878104000033],[91.91988534100005,22.253074604000062],[91.91542544200007,22.25363493900005],[91.91349611300006,22.248597630000063],[91.90992004000003,22.250566357000025],[91.90865667200006,22.25416133500005],[91.90421124000005,22.249342802000058],[91.90156770200008,22.250200076000056],[91.89837889300009,22.248978127000044],[91.89645461900005,22.250569700000028],[91.89378936600008,22.249953387000062],[91.89243982200009,22.25167932200003],[91.89319957900005,22.254520826000032],[91.89650836100003,22.254694461000042],[91.89468274700005,22.25573934600004],[91.89450198800006,22.258527744000048],[91.88948018700006,22.257907790000047],[91.88700151400008,22.261267005000036],[91.87589296900006,22.261982400000022],[91.87480856100007,22.254411514000026],[91.87709808400007,22.248720175000074],[91.87346823400009,22.248421145000066],[91.87372570800005,22.24430318800006],[91.86874274700006,22.242272438000043],[91.86656324200004,22.244984749000025],[91.85956230000005,22.244130015000053],[91.85520855800007,22.238806621000037],[91.84802397100003,22.247727826000073],[91.84167597200008,22.25035030600003],[91.84029575000005,22.25325981900005],[91.83794486400006,22.253583325000022],[91.83052718000005,22.240332419000026],[91.81497290200008,22.228751405000025],[91.81632941500004,22.220492527000033],[91.81305480400005,22.21730324300006],[91.81392576100006,22.211915763000036],[91.81232203900004,22.20820743200005],[91.81459628700009,22.19348669200008],[91.82412896300008,22.15674924700005],[91.82947974900009,22.145004667000023],[91.83234397400008,22.134434842000076],[91.84140776100008,22.118418808000058],[91.84781509200008,22.114188710000064],[91.84987753900003,22.115196882000077],[91.84876807400008,22.11847109300004],[91.84966842200004,22.125491900000043],[91.84270748000006,22.139123260000076],[91.84181916800009,22.145728268000028],[91.84326752100009,22.15058645000005],[91.84952797000005,22.15467353500003],[91.85788043300005,22.15390943400007],[91.86172493500004,22.149755613000025],[91.86134276800004,22.14281058200004],[91.869539,22.133716022000044],[91.88605489000008,22.127993076000052],[91.88930105900005,22.131917017000035],[91.88976692600005,22.139044100000035],[91.88167624900007,22.14104738900005],[91.87677936400007,22.14409051900003],[91.86969068500008,22.15355063800007],[91.86835384300008,22.159181277000073],[91.87042563100005,22.160651021000035],[91.87927741200008,22.160787972000037],[91.89200465400006,22.158418863000065],[91.90081730100007,22.156965667000065],[91.90418695400007,22.15787091900006],[91.90844497700004,22.171798916000057],[91.91312842500008,22.179031592000058],[91.91450586200006,22.186004412000045],[91.91625409400007,22.187238286000024],[91.91907767800006,22.187324699000044],[91.92218605400006,22.184779175000074],[91.92139654100004,22.17792819600004],[91.93124114100004,22.174903605000054],[91.93567937800003,22.175205111000025],[91.93658718800003,22.18024786600006],[91.94257665800006,22.181890128000077],[91.94470074300006,22.191835514000047],[91.94989222900006,22.19125698700003],[91.95423306700008,22.192584664000037],[91.95070539200003,22.200280732000067],[91.95096399400006,22.205864589000043],[91.95555092100005,22.209490281000058],[91.95469895800005,22.21677186900007],[91.95911219400006,22.220763083000065],[91.96208087200006,22.22608921500006]]]]}},{"type":"Feature","id":"chattogram-bakalia","properties":{"canonical_id":"chattogram-bakalia","name_en":"Bakalia","name_bn":"বাকলিয়া","district_id":"chattogram","division_id":"chittagong","pcode":"BD-B-10-623","parent_pcode":"BD2015","source_name":"Bakalia","match_method":"exact_name_or_alias","boundary_reference_year":"2020","boundary_source":"geoBoundaries gbOpen BGD ADM3 / BBS, OCHA ROAP","source_dataset_updated":"2026-08-09"},"geometry":{"type":"Polygon","coordinates":[[[91.87305087000004,22.36422736800006],[91.86676999500008,22.365855209000074],[91.86392959000005,22.357210173000055],[91.86028022000005,22.35802936700003],[91.86013796700007,22.359289111000066],[91.85245098400009,22.360173107000037],[91.84319387500005,22.358095279000054],[91.84034380800006,22.356166304000055],[91.84016711400005,22.346640689000026],[91.84195790800004,22.34231850900005],[91.84405559400005,22.342192760000046],[91.84811062400007,22.335485120000044],[91.84658047000005,22.326682747000064],[91.85994707600008,22.33192329800005],[91.86485573700008,22.33793617300006],[91.87305087000004,22.36422736800006]]]}},{"type":"Feature","id":"chattogram-bandar","properties":{"canonical_id":"chattogram-bandar","name_en":"Bandar","name_bn":"বন্দর","district_id":"chattogram","division_id":"chittagong","pcode":"BD-B-10-626","parent_pcode":"BD2015","source_name":"Chittagong Port","match_method":"official_police_name_crosswalk","boundary_reference_year":"2020","boundary_source":"geoBoundaries gbOpen BGD ADM3 / BBS, OCHA ROAP","source_dataset_updated":"2026-08-09"},"geometry":{"type":"Polygon","coordinates":[[[91.78950531600003,22.32800319200004],[91.78076805600006,22.324497981000036],[91.77740857300006,22.326152284000045],[91.77870045000003,22.32392152400007],[91.77599650700006,22.322678343000064],[91.76130366800004,22.32105951500006],[91.76639991300004,22.305648162000068],[91.77723058600009,22.305581206000056],[91.78415137600007,22.287867049000056],[91.78548468800005,22.278711697000062],[91.79636162400004,22.28148618700004],[91.79336137000007,22.290666792000025],[91.79441586300004,22.29682001900005],[91.80174721300006,22.307873838000035],[91.81413134300004,22.317565795000064],[91.81212014400006,22.319854801000076],[91.80189190000004,22.313995315000057],[91.79881108600006,22.31917612600006],[91.79988084900003,22.31957234500004],[91.79928373800004,22.322256694000032],[91.79620760500006,22.323369183000068],[91.79709794600006,22.32500664300005],[91.79259016800006,22.324996732000045],[91.78950531600003,22.32800319200004]]]}},{"type":"Feature","id":"chattogram-banshkhali","properties":{"canonical_id":"chattogram-banshkhali","name_en":"Banshkhali","name_bn":"বাঁশখালী","district_id":"chattogram","division_id":"chittagong","pcode":"BD-B-10-142","parent_pcode":"BD2015","source_name":"Banshkhali","match_method":"exact_name_or_alias","boundary_reference_year":"2020","boundary_source":"geoBoundaries gbOpen BGD ADM3 / BBS, OCHA ROAP","source_dataset_updated":"2026-08-09"},"geometry":{"type":"MultiPolygon","coordinates":[[[[91.84987753900003,22.115196882000077],[91.85293586300008,22.11749984900007],[91.84966842200004,22.125491900000043],[91.84876807400008,22.11847109300004],[91.84987753900003,22.115196882000077]]],[[[91.88605489000008,22.127993076000052],[91.89949192200004,22.123577182000076],[91.90347932400005,22.124486598000033],[91.90511492200005,22.12691658400007],[91.90153043500004,22.13215539500004],[91.88976692600005,22.139044100000035],[91.88930105900005,22.131917017000035],[91.88605489000008,22.127993076000052]]],[[[91.86134276800004,22.14281058200004],[91.85917637900008,22.135400184000048],[91.869539,22.133716022000044],[91.86134276800004,22.14281058200004]]],[[[91.87400817100007,22.152976430000024],[91.87722058200006,22.157529475000047],[91.87381177800006,22.15599052400006],[91.87400817100007,22.152976430000024]]],[[[91.89200465400006,22.158418863000065],[91.90116225000008,22.15485942300006],[91.90283430900007,22.155198331000065],[91.90418695400007,22.15787091900006],[91.90081730100007,22.156965667000065],[91.89200465400006,22.158418863000065]]],[[[91.92139654100004,22.17792819600004],[91.92388551300007,22.172991155000034],[91.93216755200007,22.168950666000057],[91.93581850100009,22.17093840800004],[91.93567937800003,22.175205111000025],[91.93124114100004,22.174903605000054],[91.92139654100004,22.17792819600004]]],[[[91.88875332900005,22.142632094000078],[91.89898946200003,22.138696278000054],[91.90397231600008,22.134934685000076],[91.90736885300004,22.125277397000048],[91.90452321900005,22.12106948400003],[91.90015111100007,22.12010502100003],[91.86007386500006,22.129511859000047],[91.85432176600006,22.13679343900003],[91.85486308000009,22.144214783000052],[91.85114729800006,22.142093768000052],[91.85039677500004,22.134920020000038],[91.85937064800004,22.122829256000045],[91.86341149700007,22.11418108600003],[91.86401928900005,22.105810810000037],[91.86141623100008,22.098958804000063],[91.86226593900005,22.091937322000035],[91.86430200900008,22.082977554000024],[91.87156575700004,22.068031934000032],[91.87841874800006,22.047308341000075],[91.87869239200006,22.042813081000077],[91.87595665000003,22.035532369000066],[91.87836599800005,22.021932697000068],[91.87383601600004,22.00291646100004],[91.87035067700003,22.002860587000043],[91.87716586500005,21.987250826000036],[91.88458064200006,21.976413123000043],[91.88598608200004,21.968368304000023],[91.88526001900004,21.96383680400004],[91.89076174500008,21.953689720000057],[91.89037921900007,21.948007331000042],[91.89321881900008,21.945824091000077],[91.90605770600007,21.94247354500004],[91.90568561700007,21.94147428200006],[91.89971041900009,21.94283379700005],[91.89736185300006,21.94147494300006],[91.90051359000006,21.939670395000064],[91.90332483800006,21.93342530600006],[91.90733351000006,21.93443010900006],[91.90551885100007,21.92895545700003],[91.90779487400005,21.93060150100007],[91.90885503800007,21.92944224400003],[91.90596419000008,21.91814966100003],[91.90659373000005,21.910049362000052],[91.91321692000008,21.88928306400004],[91.91656643800007,21.858419516000026],[91.92140174500008,21.858002249000037],[91.92492836900004,21.861225552000064],[91.92516814300006,21.86598467400006],[91.92188506600007,21.87301278800004],[91.92390253900004,21.877172036000047],[91.92870068700006,21.878580073000023],[91.93882136200006,21.87780196400007],[91.94302248500009,21.881287240000063],[91.94451952200006,21.88496606500007],[91.95098506200009,21.88341216400005],[91.95394169800005,21.889447879000045],[91.95758902500006,21.892098584000053],[91.96021160100008,21.89007915700006],[91.95849613300004,21.88394584200006],[91.96077542200004,21.882483642000068],[91.96399632900005,21.882750048000048],[91.97006776800004,21.889556793000054],[91.96650433600007,21.89034388700003],[91.96585570600007,21.89199751500007],[91.97042852300007,21.89736700800006],[91.97185331900005,21.904257991000065],[91.97838953400009,21.90270664800005],[91.97972892000007,21.901064422000047],[91.98276856000007,21.90131285800004],[91.99152844100007,21.904072925000037],[91.99022267500004,21.905209674000048],[91.99442387600004,21.90416766800007],[91.99878782500008,21.90798946600006],[92.00152085900004,21.90654207600005],[92.00803086000008,21.906637428000067],[92.00918666200005,21.904089919000057],[92.01314333400006,21.90270528900004],[92.01659063700004,21.90411136800003],[92.02637460900007,21.903879394000057],[92.02773143800005,21.90547577600006],[92.03134475700006,21.90535359100005],[92.03316371300008,21.906734535000055],[92.03625143100004,21.904015101000027],[92.03840642600005,21.90660982600008],[92.03796348200007,21.91097370500006],[92.04293096100008,21.912618011000063],[92.04131996700005,21.915908776000038],[92.04193105800005,21.919144293000045],[92.03929224700005,21.92366523800007],[92.03896403600004,21.929414447000056],[92.03380860800007,21.935737647000053],[92.03577780000006,21.938292622000063],[92.03221726900006,21.938142821000042],[92.02921331900006,21.940637397000046],[92.02724937900007,21.944251308000048],[92.02819471400005,21.946407548000025],[92.02688898300005,21.951091355000074],[92.02139203500008,21.95141055000005],[92.02046869900005,21.956241443000067],[92.01761432700005,21.958228849000022],[92.01825101500003,21.961025033000055],[92.01366699300007,21.975869831000068],[92.01418085400007,21.978150249000066],[92.01628580600004,21.978726907000066],[92.01459086800008,21.98130367400006],[92.01660106100007,21.984078468000064],[92.01288964400004,21.986999456000035],[92.01251510800006,21.989278076000062],[92.01027956600007,21.98979483900007],[92.01063893000008,21.994165490000057],[92.00798424300007,21.99509402500007],[92.00583116200005,21.999458752000066],[92.00661994700005,22.003383916000075],[92.00511827800005,22.00660760200003],[91.99991352500007,22.00893026400007],[91.99627909700007,22.01426202500005],[91.99495597700007,22.01742193800004],[91.99671690500008,22.017859359000056],[91.99688165200007,22.020111909000036],[91.99245785200009,22.02092688700003],[91.99286626400004,22.02800788600007],[91.98990532100004,22.030206733000057],[91.98933699000008,22.03402655600007],[91.98510245800009,22.033341380000024],[91.98331172700006,22.034644026000024],[91.98542508200006,22.04631173200005],[91.98256292700006,22.047423052000056],[91.98288601700006,22.050968478000073],[91.97957271900003,22.060127890000047],[91.97659510200003,22.06236456000005],[91.97322575100009,22.061688426000046],[91.97524859900005,22.065425015000073],[91.97869208800006,22.065069297000036],[91.98340686500006,22.075711828000067],[91.97211248800005,22.074185670000077],[91.97010813200006,22.070870445000025],[91.96142444500003,22.071298524000042],[91.95551457800008,22.068769004000046],[91.95651417800008,22.072276224000063],[91.95346937100004,22.08341002700007],[91.95363423900005,22.096357030000036],[91.95240603000008,22.098342673000047],[91.95260220800003,22.101110793000032],[91.95728231600003,22.103395437000074],[91.95621206200008,22.10528354400003],[91.95980886500007,22.104332276000036],[91.96132366200004,22.106519563000063],[91.96508125100007,22.104102710000063],[91.96673180800008,22.105373386000053],[91.97004013500003,22.109517538000034],[91.96653249700006,22.112664678000044],[91.96933299900007,22.111809417000075],[91.96983503100006,22.113109423000026],[91.97157451300006,22.112662012000044],[91.97164366100009,22.10953261700007],[91.97341542300006,22.110537889000057],[91.97130071500004,22.10747663500007],[91.97518166500004,22.10770997900005],[91.97493065400005,22.106561042000067],[91.97661075800005,22.106162839000035],[91.97656458000006,22.10832539200004],[91.97972921800005,22.109094455000047],[91.97932390100004,22.104270236000048],[91.98526491900003,22.096296059000053],[91.98744615400005,22.096878824000044],[91.98824407800004,22.095256305000078],[91.99300205400004,22.094482379000056],[91.99401622000005,22.096143206000022],[91.99248574300003,22.098040522000076],[91.99270226500005,22.10090791700003],[91.99505965100008,22.102768793000052],[91.99288691100008,22.103790373000038],[91.99293601900007,22.10685424600007],[91.98776501500004,22.107488732000036],[91.99031730700005,22.10842984900006],[91.99025593100004,22.111436371000025],[91.98372513700008,22.116545891000044],[91.98459040300008,22.121367314000054],[91.98307221600004,22.123433738000074],[91.97788092000008,22.123096274000034],[91.97276472700008,22.11927557200005],[91.97438225100007,22.12628722000005],[91.97165720100008,22.133190225000078],[91.96751551300008,22.13521426500006],[91.96511270400003,22.14048777900007],[91.95889688500006,22.140148821000025],[91.95754977700005,22.13832950500006],[91.95245779800007,22.13934665100004],[91.94997592700008,22.145919939000066],[91.95364220700009,22.14887171500004],[91.95131738800006,22.14970356400005],[91.95130386500006,22.153248559000076],[91.94639836500005,22.156235965000064],[91.94823629800004,22.15827329800004],[91.94697221900003,22.161302117000048],[91.95154154800008,22.160551831000078],[91.95269741300007,22.161893720000023],[91.94275134300005,22.161750392000044],[91.94136761900006,22.163181035000036],[91.93478149100008,22.163353322000034],[91.93754701200004,22.166357907000076],[91.94077637400005,22.165797674000032],[91.93984470300006,22.16944081300005],[91.94323384800003,22.17296220700007],[91.94087283300007,22.17683997200004],[91.93820821100007,22.17524870400007],[91.93859062100006,22.171980674000054],[91.93623065100007,22.168245455000033],[91.92805416500005,22.168282566000073],[91.92163720800005,22.172719104000066],[91.91915978600008,22.17913703000005],[91.91581707900008,22.179056153000033],[91.91469670500004,22.168555192000042],[91.90782880400008,22.16004090200005],[91.90440811100007,22.153729089000024],[91.88513635200007,22.155284538000046],[91.87937327300006,22.153499156000066],[91.87710785300004,22.15058538200003],[91.88580888100006,22.14718756800005],[91.88875332900005,22.142632094000078]]]]}},{"type":"Feature","id":"chattogram-bayezid-bostami","properties":{"canonical_id":"chattogram-bayezid-bostami","name_en":"Bayezid Bostami","name_bn":"বায়োজিদ বোস্তামী","district_id":"chattogram","division_id":"chittagong","pcode":"BD-B-10-624","parent_pcode":"BD2015","source_name":"Bayezid Bostami","match_method":"exact_name_or_alias","boundary_reference_year":"2020","boundary_source":"geoBoundaries gbOpen BGD ADM3 / BBS, OCHA ROAP","source_dataset_updated":"2026-08-09"},"geometry":{"type":"Polygon","coordinates":[[[91.84607097500003,22.402175138000075],[91.84603791300003,22.40829056000007],[91.84192278500007,22.409021919000054],[91.84124728300009,22.41489910400003],[91.83674385700004,22.41460380600006],[91.83502141200006,22.412185042000033],[91.83227197900004,22.41162218200003],[91.83000143900006,22.414111091000052],[91.82224787900003,22.413240892000033],[91.82187813400003,22.415035991000025],[91.81896752500006,22.415902166000023],[91.82110724900008,22.438277519000053],[91.81765480100006,22.454084359000035],[91.81714176000008,22.46691812800003],[91.80251529900005,22.46476139400005],[91.79715021700008,22.461029062000023],[91.79542117500006,22.462026474000027],[91.79344228200006,22.460530659000028],[91.79043827900006,22.46115430100008],[91.78653498700004,22.459570124000038],[91.78304035500008,22.46155667900007],[91.77536912900007,22.459027237000043],[91.77187799500007,22.45926188100003],[91.77333324300008,22.45699535700004],[91.77099413300004,22.454228967000063],[91.77459947900007,22.45438789900004],[91.77554628800004,22.452267005000067],[91.77607205400005,22.436598779000064],[91.78309956700008,22.42633098300007],[91.78553013900006,22.413174542000036],[91.79254849000006,22.402330677000066],[91.79292052900007,22.39661811800005],[91.79521810600005,22.392244748000053],[91.79034127700004,22.388383747000034],[91.79538712100003,22.386035048000053],[91.80120971900004,22.386943115000065],[91.80341790800009,22.384644946000037],[91.80170171200007,22.38329615600003],[91.80267822500008,22.381079165000074],[91.80069595500004,22.37758506700004],[91.79784558100005,22.376614888000063],[91.79626857400007,22.374041058000046],[91.79433996600005,22.375469045000045],[91.79443957700005,22.37301403300006],[91.79899461900004,22.37072629000005],[91.80538272700005,22.370498793000024],[91.81455478200007,22.373801729000036],[91.81164108000007,22.378628148000075],[91.81950120500005,22.37979749300007],[91.81879826000005,22.386228673000062],[91.82057162300003,22.386499121000043],[91.81878051100006,22.39153738600004],[91.82261397400003,22.392785079000078],[91.82604922900003,22.384775390000073],[91.82891047000004,22.382048455000074],[91.84311817200006,22.380045444000075],[91.84655532400006,22.39541571600006],[91.84607097500003,22.402175138000075]]]}},{"type":"Feature","id":"chattogram-boalkhali","properties":{"canonical_id":"chattogram-boalkhali","name_en":"Boalkhali","name_bn":"বোয়ালখালী","district_id":"chattogram","division_id":"chittagong","pcode":"BD-B-10-143","parent_pcode":"BD2015","source_name":"Boalkhali","match_method":"exact_name_or_alias","boundary_reference_year":"2020","boundary_source":"geoBoundaries gbOpen BGD ADM3 / BBS, OCHA ROAP","source_dataset_updated":"2026-08-09"},"geometry":{"type":"MultiPolygon","coordinates":[[[[91.88106980700007,22.343278932000032],[91.88432387100005,22.348657589000027],[91.88322910900007,22.357988942000077],[91.87597557400005,22.353473670000028],[91.87172781400005,22.34187111400007],[91.87413804200008,22.34084759600006],[91.87759198500004,22.343959625000025],[91.88106980700007,22.343278932000032]]],[[[91.97388398000004,22.41329634600004],[91.96707517200008,22.417918850000035],[91.95926014800006,22.41956705800004],[91.96496652700006,22.414181383000027],[91.97388398000004,22.41329634600004]]],[[[92.07952855100007,22.34048895600006],[92.07967164600007,22.348046643000032],[92.07390649100006,22.354795746000036],[92.07375687900009,22.35927937300005],[92.06716343000005,22.367554522000034],[92.06754878700008,22.369693382000037],[92.06357416900005,22.371707877000063],[92.06349783300004,22.36739446300004],[92.05989612100007,22.366008806000025],[92.04704310400007,22.366015573000027],[92.04385635900007,22.37342274300005],[92.03784225300006,22.378893837000078],[92.03692168600008,22.391021902000034],[92.03422187100006,22.394172137000055],[92.03358595600008,22.39931292700004],[92.02742899900005,22.399347661000036],[92.02700096600006,22.40477789700003],[92.02185455600005,22.405916958000034],[92.02469873600006,22.41424299700003],[92.02258239400004,22.420047682000074],[92.02417992300008,22.42564442200006],[92.01978862200008,22.42595084000004],[92.00173890200006,22.41376973000007],[91.99525872400005,22.41251821000003],[91.98205265500007,22.41291188200006],[91.98222592700006,22.41109183800006],[91.96669735300009,22.411651567000035],[91.96184531700004,22.413801376000038],[91.95603022600005,22.420621563000054],[91.94461966400007,22.422431956000025],[91.92100989400006,22.417876096000043],[91.91144671700005,22.41386792000003],[91.90440960700005,22.408992929000078],[91.89393646800005,22.399439092000023],[91.88929790900005,22.391309869000054],[91.88509592400004,22.36071510100004],[91.88538391800006,22.34870507900007],[91.88243078400006,22.342967078000072],[91.88628384800006,22.341184111000075],[91.88873861000008,22.33784686300004],[91.89334777000005,22.336809837000033],[91.90322594400004,22.341171055000075],[91.91652144900007,22.34310544400006],[91.92500459300004,22.341945717000044],[91.93244298300004,22.34555178000005],[91.94265843800008,22.342913989000067],[91.96013124800004,22.35127451900007],[91.96208627100003,22.348592496000037],[91.96721777400006,22.348785629000076],[91.97148976000005,22.34623534700006],[92.00484021300008,22.34864843200006],[92.03055122900008,22.36009468000003],[92.03270092700006,22.34967677700007],[92.03598246300004,22.34619335800005],[92.03617596700008,22.34184797100005],[92.04432054800009,22.33613002800007],[92.05938004000006,22.33321416700005],[92.06668014500008,22.335950440000033],[92.07076225200007,22.33586106100006],[92.07325617200007,22.33881104900007],[92.07952855100007,22.34048895600006]]]]}},{"type":"Feature","id":"chattogram-chandanaish","properties":{"canonical_id":"chattogram-chandanaish","name_en":"Chandanaish","name_bn":"চন্দনাইশ","district_id":"chattogram","division_id":"chittagong","pcode":"BD-B-10-145","parent_pcode":"BD2015","source_name":"Chandanaish","match_method":"exact_name_or_alias","boundary_reference_year":"2020","boundary_source":"geoBoundaries gbOpen BGD ADM3 / BBS, OCHA ROAP","source_dataset_updated":"2026-08-09"},"geometry":{"type":"MultiPolygon","coordinates":[[[[91.98206268800004,22.165640302000043],[91.98444718100006,22.167546085000026],[91.98051955200003,22.173268448000044],[91.97548002200006,22.17598687700007],[91.98206268800004,22.165640302000043]]],[[[91.94257665800006,22.181890128000077],[91.94422580300005,22.18035893700005],[91.95648850700007,22.183020932000034],[91.96083544300006,22.18266359300003],[91.96105545800003,22.180526046000068],[91.96280869100008,22.181792923000046],[91.96891576500008,22.18206746000004],[91.97503765200008,22.177158031000033],[91.98000689000008,22.17560428300004],[91.98374311200007,22.172213859000067],[91.98708686200007,22.165960666000046],[91.98344747700008,22.163710387000037],[91.98495216100008,22.16173413000007],[91.98359850400004,22.155987130000028],[91.98975483400005,22.15532117500004],[91.99375954800007,22.151946475000045],[91.99633505900005,22.144980645000032],[92.00102588400006,22.146244156000023],[92.00218997800005,22.144633445000068],[92.01034242500003,22.14199588100007],[92.01468864800006,22.142587371000047],[92.02161953800004,22.14632600500005],[92.02341803800005,22.145882373000063],[92.02489669000005,22.14764470800003],[92.02583251900006,22.151607314000046],[92.02390963800008,22.15649011900007],[92.02776720200006,22.161379835000048],[92.02702600100008,22.16555347600007],[92.02857483100007,22.17125862000006],[92.03452775300008,22.168183501000044],[92.03584630200004,22.170330367000076],[92.03840758500007,22.16990439800003],[92.04362921800004,22.16203340900006],[92.04651056800003,22.16183922700003],[92.04865878400005,22.159514026000068],[92.04934151400005,22.154403039000044],[92.04730489300005,22.14374857400003],[92.05128381100008,22.141559806000032],[92.05504663900007,22.142773016000035],[92.06260005000007,22.154905779000046],[92.07428928900003,22.160443402000055],[92.08218480000005,22.16200908600007],[92.09090484200004,22.15970482800003],[92.10121480000004,22.15971165600007],[92.10433818900003,22.15763649200005],[92.10789822400005,22.15132588700004],[92.11571142000008,22.131188706000046],[92.11838786800007,22.129013859000054],[92.12203307700008,22.12851414900007],[92.12448259400009,22.131493507000073],[92.11715825700009,22.149638638000056],[92.11556423400003,22.162234781000052],[92.11663962600005,22.169191433000037],[92.12058141700004,22.17639635200004],[92.12309391100007,22.17757929000004],[92.13672191100005,22.16948157300004],[92.13855568800005,22.170780119000028],[92.13586803900006,22.17745237300005],[92.13570931800007,22.184349933000078],[92.12744602400005,22.19331816500005],[92.12664488200005,22.196940896000058],[92.12797718800005,22.20117687100003],[92.13340336900006,22.20495371100003],[92.14037755500004,22.205877996000027],[92.14241299300005,22.20461581400008],[92.14675783400008,22.19556481500007],[92.15187350800005,22.19350816900004],[92.15360049300006,22.194529690000024],[92.15148738200008,22.195291868000027],[92.15104848800007,22.20148762900004],[92.14678078500003,22.204525241000056],[92.14508228500006,22.208173974000033],[92.14696971100005,22.218572067000025],[92.14921303900007,22.221477703000062],[92.14420081600008,22.224664518000054],[92.14239470800004,22.22938666700003],[92.13762656100005,22.234465799000077],[92.14141621500005,22.240188257000057],[92.14077460900006,22.242646901000057],[92.14258062500005,22.24719219900004],[92.14123592600004,22.252452875000074],[92.14338023900007,22.258697788000063],[92.13779699000008,22.26649413900003],[92.13991397900008,22.280060088000027],[92.13742900900007,22.286085247000074],[92.14817534400004,22.296471772000075],[92.15087995300007,22.312333928000044],[92.14832037500008,22.31348304100004],[92.14543212100006,22.30971919500007],[92.14205404900008,22.313791139000045],[92.13306360100006,22.315969891000066],[92.12077038200005,22.309578610000074],[92.11885588600006,22.307309487000055],[92.11571514800005,22.30689589800005],[92.11546755000006,22.300606421000055],[92.10908121800009,22.30412350100005],[92.10304716700006,22.30267439200003],[92.09735392300007,22.30685929400005],[92.09681286900008,22.299870602000055],[92.09145914700008,22.29574472400003],[92.09113796900004,22.292298557000038],[92.09342424400006,22.28984987900003],[92.09444773800004,22.284627773000068],[92.10140695800004,22.275448007000023],[92.10232594100006,22.27031667400007],[92.10483828500008,22.267734569000027],[92.10910190300007,22.268000092000023],[92.11128269400007,22.266164350000054],[92.11099093000007,22.254071390000036],[92.10361061800006,22.255418058000032],[92.09414946400005,22.25490198500006],[92.08686007800009,22.249434395000037],[92.08226043100007,22.247767529000043],[92.07817494100004,22.248561427000027],[92.07601703700004,22.24756409400004],[92.07407439800005,22.249489741000048],[92.06827836500008,22.239337543000033],[92.06400269900007,22.239803892000054],[92.05995605800007,22.23773426100007],[92.05753656800005,22.238855299000022],[92.05466034200003,22.235889702000065],[92.04677521200006,22.237150684000028],[92.04912833900005,22.240131774000076],[92.04685550300007,22.243177357000036],[92.04788981200005,22.244638231000067],[92.04280069500004,22.249105090000057],[92.03862660000004,22.246230858000047],[92.03814638200004,22.244216923000067],[92.03165955500003,22.24738876300006],[92.02733511100007,22.24706603900006],[92.02743769000006,22.250274469000033],[92.03160827800008,22.25156676000006],[92.02893873100004,22.254554720000044],[92.02336277700005,22.25462228400005],[92.02100946600007,22.257312418000026],[92.01937417800008,22.255747932000077],[92.01021614600006,22.25485208300006],[92.01716232500007,22.24593148500003],[92.01090700700007,22.24620965200006],[92.01071051800005,22.23758411800003],[92.00604233300004,22.23272586300004],[92.00033537500008,22.230853785000022],[91.99998463300005,22.223437621000073],[91.99235178900005,22.223761859000035],[91.99296304400008,22.221074860000044],[91.99096151600008,22.21837639900008],[91.98982658800008,22.220512168000027],[91.98511331000003,22.222951833000025],[91.97774639100004,22.22132154700006],[91.96749592400005,22.225637172000063],[91.96208087200006,22.22608921500006],[91.95911219400006,22.220763083000065],[91.95469895800005,22.21677186900007],[91.95555092100005,22.209490281000058],[91.95096399400006,22.205864589000043],[91.95070539200003,22.200280732000067],[91.95423306700008,22.192584664000037],[91.94989222900006,22.19125698700003],[91.94470074300006,22.191835514000047],[91.94257665800006,22.181890128000077]]]]}},{"type":"Feature","id":"chattogram-chandgaon","properties":{"canonical_id":"chattogram-chandgaon","name_en":"Chandgaon","name_bn":"চান্দগাঁও","district_id":"chattogram","division_id":"chittagong","pcode":"BD-B-10-622","parent_pcode":"BD2015","source_name":"Chandgaon","match_method":"exact_name_or_alias","boundary_reference_year":"2020","boundary_source":"geoBoundaries gbOpen BGD ADM3 / BBS, OCHA ROAP","source_dataset_updated":"2026-08-09"},"geometry":{"type":"Polygon","coordinates":[[[91.87305087000004,22.36422736800006],[91.87995467700006,22.386759476000066],[91.89084972600006,22.406284930000027],[91.88875634700008,22.41105955200004],[91.88285634200008,22.41617488000003],[91.88224738000008,22.418690818000073],[91.88468071300008,22.422843656000055],[91.88917886500008,22.425240391000045],[91.89017842400006,22.427906286000052],[91.88705241300005,22.429566110000053],[91.88017640200007,22.429173338000055],[91.87742503000004,22.419281579000028],[91.87445954400005,22.41499886500003],[91.87475860900008,22.410925250000048],[91.87860086000006,22.405980010000064],[91.87807301700008,22.404867884000055],[91.86375560400006,22.401981895000063],[91.85976154800005,22.39993167800003],[91.85988503400006,22.404324261000056],[91.85643128300006,22.40392974200006],[91.85243576800008,22.401210671000058],[91.84607097500003,22.402175138000075],[91.84655532400006,22.39541571600006],[91.84311817200006,22.380045444000075],[91.84017557800007,22.37226976100004],[91.84448497700004,22.367017490000023],[91.84413718200005,22.364800984000055],[91.84600280100005,22.364446701000077],[91.84513171500004,22.36175526900007],[91.84321926200005,22.361960499000077],[91.84319387500005,22.358095279000054],[91.85245098400009,22.360173107000037],[91.86013796700007,22.359289111000066],[91.86028022000005,22.35802936700003],[91.86392959000005,22.357210173000055],[91.86676999500008,22.365855209000074],[91.87305087000004,22.36422736800006]]]}},{"type":"Feature","id":"chattogram-double-mooring","properties":{"canonical_id":"chattogram-double-mooring","name_en":"Double Mooring","name_bn":"ডবল মুরিং","district_id":"chattogram","division_id":"chittagong","pcode":"BD-B-10-617","parent_pcode":"BD2015","source_name":"Double Mooring","match_method":"exact_name_or_alias","boundary_reference_year":"2020","boundary_source":"geoBoundaries gbOpen BGD ADM3 / BBS, OCHA ROAP","source_dataset_updated":"2026-08-09"},"geometry":{"type":"Polygon","coordinates":[[[91.81413134300004,22.317565795000064],[91.82154544800005,22.32165499100006],[91.83113903900005,22.324573120000025],[91.83076085600004,22.32627578100005],[91.82381683700004,22.324692371000026],[91.82410192200007,22.335370861000058],[91.81480768600005,22.34039602000007],[91.80242122400006,22.34928570200003],[91.79864937800005,22.347484456000075],[91.79561172600006,22.34799624900006],[91.79580168800004,22.344637401000057],[91.80126676400005,22.34458461400004],[91.80305783400007,22.34302037200007],[91.80127034500003,22.34160545000003],[91.80096268500006,22.33654892800007],[91.79723465000006,22.332835088000024],[91.79621646500004,22.327993857000024],[91.78950531600003,22.32800319200004],[91.79259016800006,22.324996732000045],[91.79709794600006,22.32500664300005],[91.79620760500006,22.323369183000068],[91.79928373800004,22.322256694000032],[91.79988084900003,22.31957234500004],[91.79881108600006,22.31917612600006],[91.80189190000004,22.313995315000057],[91.81212014400006,22.319854801000076],[91.81413134300004,22.317565795000064]]]}},{"type":"Feature","id":"chattogram-fatikchhari","properties":{"canonical_id":"chattogram-fatikchhari","name_en":"Fatikchhari","name_bn":"ফটিকছড়ি","district_id":"chattogram","division_id":"chittagong","pcode":"BD-B-10-149","parent_pcode":"BD2015","source_name":"Fatikchhari","match_method":"exact_name_or_alias","boundary_reference_year":"2020","boundary_source":"geoBoundaries gbOpen BGD ADM3 / BBS, OCHA ROAP","source_dataset_updated":"2026-08-09"},"geometry":{"type":"Polygon","coordinates":[[[91.71310532200005,22.988694200000054],[91.71101195600005,22.98796690300003],[91.71098993300006,22.982669911000073],[91.70874764200005,22.981984514000033],[91.70224144200006,22.98880373700007],[91.69361062100006,22.98844667800006],[91.69164144600006,22.986820176000037],[91.69089356100005,22.983143254000026],[91.68168510700008,22.977388433000044],[91.67809305000009,22.98087457300005],[91.66934326200004,22.976968465000027],[91.66478680600005,22.981721745000073],[91.66183173700006,22.979324131000055],[91.65766292600006,22.98189940700007],[91.65625699600008,22.980777786000033],[91.65802638000008,22.978266570000073],[91.65544563700007,22.97670283800005],[91.65129814600004,22.97688196400003],[91.64995787000004,22.98265585400003],[91.64532774700007,22.98512696800003],[91.64566967600007,22.97675120200006],[91.64074681200003,22.975016738000022],[91.64045619600006,22.97047703900006],[91.63560466000007,22.961254737000047],[91.63069845000007,22.95921116200003],[91.62662142200008,22.962274342000057],[91.62450333000004,22.961745888000053],[91.62698214700004,22.956007600000078],[91.62344362800008,22.949541604000046],[91.62547276400005,22.944180811000024],[91.61905873800004,22.938492090000068],[91.61604362200006,22.935644876000026],[91.61497962800007,22.930047969000043],[91.61790524900005,22.925068015000022],[91.62139964800008,22.924120791000064],[91.61956481500005,22.92047741600004],[91.62085080800006,22.913379975000055],[91.62392056500005,22.907399958000042],[91.62825762100005,22.903537113000027],[91.62676329400006,22.891907402000072],[91.62917243600003,22.884840737000047],[91.62580419800008,22.87501438000004],[91.62629796000004,22.87161758600007],[91.61689478500006,22.854366311000035],[91.61912235900007,22.83808587900006],[91.61458944300006,22.82897766900004],[91.61463511900007,22.819995678000055],[91.62032586600009,22.802805731000035],[91.62861452000004,22.786784616000034],[91.62468995100005,22.78467916200003],[91.61964666000006,22.786852503000034],[91.61648319200003,22.783408699000063],[91.61489488900008,22.77760725400003],[91.62259163600004,22.76264683100004],[91.62336279300007,22.755851732000053],[91.62596481000008,22.749956929000064],[91.63374659300007,22.738784916000043],[91.63785664500006,22.729030885000043],[91.64430644500004,22.721128110000052],[91.65287010000009,22.699570953000034],[91.66750185000006,22.669326673000057],[91.67908994500004,22.65166425500007],[91.68176648800005,22.64568436600007],[91.67970900900008,22.641614538000056],[91.68479807400007,22.633932052000034],[91.69522574100006,22.633892136000043],[91.69831589800003,22.635229908000042],[91.70059001900006,22.633103810000023],[91.70785042600005,22.63155401100005],[91.70800594200006,22.628098805000036],[91.71389065100004,22.62512688700008],[91.72110116300007,22.61468370600005],[91.72755518700006,22.614236451000068],[91.73289406300006,22.616644068000028],[91.73723496400004,22.612336458000073],[91.73996095200005,22.613588196000023],[91.74151063700003,22.61083668300006],[91.74595682000006,22.611872086000062],[91.74764909200007,22.60858021400003],[91.75592869100007,22.60462035000006],[91.76046672700005,22.608870497000055],[91.76295443400005,22.607443957000044],[91.76203534300004,22.60940783700005],[91.76390176600006,22.613227453000036],[91.76810214200003,22.61503961300008],[91.77128536600009,22.623959481000043],[91.77214096500006,22.62216925200005],[91.77425684000008,22.62492342200005],[91.77809867800005,22.624396313000034],[91.77627861900004,22.62735094800007],[91.77818982400004,22.629496046000042],[91.77853575800003,22.634690031000048],[91.78280647700007,22.634113452000065],[91.78408813500005,22.636602711000023],[91.78910354600004,22.63718546800004],[91.79412882800005,22.630144550000068],[91.80138417000006,22.626032377000058],[91.80223245800005,22.61993355900006],[91.80965472400004,22.61544270400003],[91.81110502700005,22.612034160000064],[91.81355312600004,22.611381976000075],[91.81373814500006,22.60819880100007],[91.81825092400004,22.605441615000075],[91.81579069400004,22.588385808000055],[91.82360992600007,22.584705790000044],[91.82698611600006,22.580037755000035],[91.82830548900006,22.575191865000022],[91.83169956100005,22.575123572000052],[91.83352148900008,22.572999478000042],[91.83715686600004,22.57399225000006],[91.83589462700007,22.570878382000046],[91.83987936100004,22.56669363900005],[91.84288970900008,22.565755230000036],[91.84436178200008,22.562022494000075],[91.85426754300005,22.567263138000044],[91.86015549700005,22.576976672000058],[91.86376200600006,22.578876451000042],[91.86505002500007,22.577442852000047],[91.86332078400005,22.562424400000054],[91.87044979300003,22.56080865100006],[91.87246932300008,22.562216204000038],[91.87408894800006,22.565416166000034],[91.87531250500007,22.584742550000044],[91.87758764300008,22.587578371000063],[91.87832455000006,22.59458563900006],[91.88356122800008,22.59767904200004],[91.88559716900005,22.595867946000055],[91.88828792100009,22.59719258800004],[91.88737372400004,22.59910962200007],[91.88959025400004,22.604160937000074],[91.89349586000009,22.606025980000027],[91.89247825500007,22.61011355000005],[91.89421141600008,22.610870284000043],[91.89617971100006,22.60860099200005],[91.89888273600008,22.611192937000055],[91.89644520800005,22.61754505700003],[91.90069404600007,22.615509489000033],[91.89864821600008,22.62081031300005],[91.90608147200004,22.621595],[91.91089227200007,22.620194205000075],[91.90962185000006,22.62443217300006],[91.91333328000007,22.625297750000072],[91.91250400400008,22.629207072000042],[91.90800578600005,22.629621309000072],[91.91206714500004,22.631863543000065],[91.90979718800008,22.634084135000023],[91.91521655200006,22.635328326000035],[91.91295106800004,22.639759652000066],[91.91371545400006,22.643057334000048],[91.90796946300009,22.644819315000063],[91.91093084100004,22.648873097000035],[91.90886703700005,22.652346167000076],[91.90947219700007,22.654508219000036],[91.91236832500005,22.657475985000076],[91.91597210100008,22.65827415600006],[91.91541760400008,22.662880897000036],[91.91707729800004,22.667439414000057],[91.92315830500007,22.666226992000077],[91.92358537600006,22.657471217000023],[91.93472138000004,22.657111076000035],[91.94305241800004,22.668688588000066],[91.93695336500008,22.674193040000034],[91.93689857300006,22.677219396000055],[91.92572874700005,22.680367158000024],[91.92764879900005,22.683494765000034],[91.92755144400007,22.68870978600006],[91.92880036300005,22.691895681000062],[91.92787921800004,22.69552876100005],[91.92120078000005,22.700266181000075],[91.91331360200007,22.696411367000053],[91.90896320700006,22.699265275000073],[91.90354138300006,22.694372225000052],[91.89773837100006,22.69233482800007],[91.89110660600005,22.697308381000028],[91.88373229200005,22.696639650000066],[91.87691516400008,22.71595684700003],[91.87770532600007,22.724372944000038],[91.88390301100009,22.752637890000074],[91.88848168700008,22.753527474000066],[91.89110952700008,22.750092503000076],[91.89357218800006,22.749737382000035],[91.89530478200004,22.75283454600003],[91.89386244800005,22.754856672000074],[91.88933289800008,22.756437309000034],[91.88800941900007,22.759367223000027],[91.88917525000005,22.76329065500005],[91.88695479400008,22.765832998000064],[91.88205674400007,22.766048579000028],[91.87865893200006,22.768181397000035],[91.87641481000009,22.76660914000007],[91.87440586900004,22.767370134000032],[91.86877495500005,22.762891335000063],[91.85620417300004,22.75709682100006],[91.85474389100006,22.762162664000073],[91.86025249600004,22.769460622000054],[91.85682860800006,22.773028012000054],[91.85699673100004,22.777535347000025],[91.85475998500004,22.77825953000007],[91.85396691800008,22.77582827200007],[91.85098027200007,22.77370636300003],[91.85207311800008,22.76985348000005],[91.84603623600003,22.77320318200003],[91.84181160800006,22.778320363000034],[91.83882870400004,22.77905717300007],[91.83753120400007,22.782205143000056],[91.83583715900005,22.776922331000037],[91.83262625500004,22.77558237100004],[91.83030927800007,22.777738197000076],[91.83056810800008,22.784408218000067],[91.83418326400005,22.787559818000034],[91.83475466600004,22.79032194100006],[91.82229919800005,22.78959528200005],[91.81849455000008,22.792840042000023],[91.81171295700005,22.79327535300007],[91.80657489300006,22.791077691000055],[91.80389232300007,22.78590163000007],[91.80310909200006,22.779571275000023],[91.80037778200006,22.779742661000057],[91.79741428700004,22.77775631700007],[91.79803143600003,22.77204030400003],[91.79465806900004,22.768389252000077],[91.79303559200008,22.768631562000053],[91.79399082500004,22.773822207000023],[91.78838909400008,22.777907690000063],[91.79023293100005,22.783284525000056],[91.78728282500003,22.78517086900007],[91.78314506000004,22.78546721600003],[91.77526645700004,22.794437645000073],[91.77229100900007,22.807296603000054],[91.77005377900008,22.808672965000028],[91.76849588000005,22.81579658000004],[91.76604874500003,22.81611214000003],[91.76388854400005,22.821923909000077],[91.76466246600006,22.826555993000056],[91.76347812600005,22.82853724000006],[91.76514548100005,22.832044695000036],[91.76128382000007,22.83441680900006],[91.75955806900004,22.839241919000074],[91.75540191500005,22.843601659000058],[91.75530787600007,22.85036500900003],[91.75691277900006,22.853412096000056],[91.75500128900006,22.86158509300003],[91.74842712000003,22.86600577200005],[91.74715674700008,22.870207726000046],[91.74345679300006,22.87251955800008],[91.74004963100003,22.87157590700008],[91.73726428700007,22.873065389000033],[91.73387183200003,22.87102364200007],[91.73022706500007,22.871798779000073],[91.72776114600003,22.87351039300006],[91.72929921300005,22.877747733000035],[91.72664199400003,22.877876513000047],[91.72119201400005,22.88260395900005],[91.71866884300005,22.883131336000076],[91.71642267200008,22.886940639000045],[91.71751695500006,22.893780938000077],[91.72523240000004,22.906823581000026],[91.72283919300008,22.906194259000074],[91.72322968400005,22.90980571500006],[91.72089380500006,22.91439609100007],[91.72319708900005,22.920045250000044],[91.72224838100004,22.923563990000048],[91.72494127400006,22.934744151000075],[91.72699078800008,22.937013973000035],[91.72571666200008,22.938369458000068],[91.73064103500008,22.940223564000064],[91.72975626400006,22.94171707000004],[91.72574879800004,22.942153545000053],[91.72772635600006,22.945417509000038],[91.72582705800005,22.948180131000072],[91.72635015900005,22.95323840700007],[91.72847189100008,22.955938054000057],[91.72333160900007,22.957578884000043],[91.71813144400005,22.967272784000045],[91.71527201400005,22.983681519000072],[91.71187839200007,22.98639470100005],[91.71310532200005,22.988694200000054]]]}},{"type":"Feature","id":"chattogram-halishahar","properties":{"canonical_id":"chattogram-halishahar","name_en":"Halishahar","name_bn":"হালিশহর","district_id":"chattogram","division_id":"chittagong","pcode":"BD-B-10-621","parent_pcode":"BD2015","source_name":"Halishahar","match_method":"exact_name_or_alias","boundary_reference_year":"2020","boundary_source":"geoBoundaries gbOpen BGD ADM3 / BBS, OCHA ROAP","source_dataset_updated":"2026-08-09"},"geometry":{"type":"Polygon","coordinates":[[[91.78950531600003,22.32800319200004],[91.79621646500004,22.327993857000024],[91.79723465000006,22.332835088000024],[91.80096268500006,22.33654892800007],[91.80127034500003,22.34160545000003],[91.80305783400007,22.34302037200007],[91.80126676400005,22.34458461400004],[91.79580168800004,22.344637401000057],[91.78764090700008,22.344038494000074],[91.78583537200007,22.350339555000062],[91.77869706900003,22.34952968400006],[91.77664588600004,22.35219183600003],[91.77008886400006,22.351240305000033],[91.75466106700009,22.352224136000075],[91.75502459300009,22.347694368000077],[91.76130366800004,22.32105951500006],[91.77599650700006,22.322678343000064],[91.77870045000003,22.32392152400007],[91.77740857300006,22.326152284000045],[91.78076805600006,22.324497981000036],[91.78950531600003,22.32800319200004]]]}},{"type":"Feature","id":"chattogram-hathazari","properties":{"canonical_id":"chattogram-hathazari","name_en":"Hathazari","name_bn":"হাটহাজারী","district_id":"chattogram","division_id":"chittagong","pcode":"BD-B-10-148","parent_pcode":"BD2015","source_name":"Hathazari","match_method":"exact_name_or_alias","boundary_reference_year":"2020","boundary_source":"geoBoundaries gbOpen BGD ADM3 / BBS, OCHA ROAP","source_dataset_updated":"2026-08-09"},"geometry":{"type":"MultiPolygon","coordinates":[[[[91.88055203300007,22.43073748200004],[91.87994403600004,22.43206953400005],[91.87519762300008,22.433161850000033],[91.87157279800005,22.437172065000027],[91.87488897100008,22.432873630000074],[91.88055203300007,22.43073748200004]]],[[[91.86858925800004,22.440934344000027],[91.86814440000006,22.443124930000067],[91.86586481000006,22.44401430000005],[91.86858925800004,22.440934344000027]]],[[[91.86370218800005,22.446888768000065],[91.86393513000007,22.451096377000056],[91.86090507100005,22.45186509900003],[91.86370218800005,22.446888768000065]]],[[[91.86002617600008,22.453757580000058],[91.86209527900007,22.462277635000078],[91.86704574800007,22.459880605000023],[91.87146311800007,22.46161580000006],[91.87264023100005,22.460097962000077],[91.87103247600004,22.45699538300005],[91.87210821000008,22.45019181300006],[91.87546350400004,22.448286035000024],[91.87759087200004,22.450882172000036],[91.87598871700004,22.454557108000074],[91.87874861500006,22.456453605000036],[91.87911238800007,22.45879847200007],[91.87706729000007,22.461510603000022],[91.87731882600008,22.46602724400003],[91.87037499100006,22.465014368000027],[91.86567540400006,22.46801479100003],[91.86083402100007,22.46573515600005],[91.85945861900007,22.467060760000038],[91.85602403600006,22.46379535600005],[91.85892240400005,22.459461083000065],[91.86002617600008,22.453757580000058]]],[[[91.87858687300007,22.470309099000076],[91.87953884800004,22.46880456100007],[91.88309878600006,22.46867159100003],[91.88633377200006,22.47006005800006],[91.88619117200005,22.472444965000022],[91.88023822100007,22.47135236500003],[91.87979574100007,22.473799752000048],[91.87858687300007,22.470309099000076]]],[[[91.84607097500003,22.402175138000075],[91.85243576800008,22.401210671000058],[91.85643128300006,22.40392974200006],[91.85988503400006,22.404324261000056],[91.85976154800005,22.39993167800003],[91.86375560400006,22.401981895000063],[91.87807301700008,22.404867884000055],[91.87860086000006,22.405980010000064],[91.87475860900008,22.410925250000048],[91.87445954400005,22.41499886500003],[91.87742503000004,22.419281579000028],[91.88017640200007,22.429173338000055],[91.87664746100006,22.429866574000073],[91.87213676200008,22.43368220800005],[91.86242924300007,22.445323366000025],[91.85828419800004,22.452539311000066],[91.85748233600003,22.459895910000057],[91.85450762500005,22.46333501500004],[91.85674716800008,22.467430938000064],[91.86613954900008,22.472877819000075],[91.87154039400008,22.472746640000025],[91.87505842100006,22.47323575200005],[91.87714212700007,22.471390980000024],[91.87967439100004,22.47803682500006],[91.88090855100006,22.477772393000066],[91.88185531700003,22.486169150000023],[91.88020879000004,22.488194581000073],[91.87658096700005,22.488600636000058],[91.87756241400007,22.495841658000074],[91.87252991800005,22.49813277800007],[91.87750634800005,22.50568147000007],[91.87424375900008,22.505773092000027],[91.86714321600004,22.502376507000065],[91.86431238100005,22.505353583000044],[91.85197697100006,22.503994266000063],[91.84748157100006,22.502006923000067],[91.84133065400005,22.504027440000073],[91.84088193500008,22.508216635000053],[91.83942659800005,22.50942222200007],[91.84134465600005,22.514715464000062],[91.84912468700009,22.51908521300004],[91.85058442600007,22.521493750000047],[91.85591658200008,22.52094187600005],[91.85660361500004,22.52207295000005],[91.84964722800004,22.522878604000027],[91.84336313900008,22.52916666300007],[91.83937877600005,22.531186322000053],[91.84299742500008,22.53695110800004],[91.84352417700006,22.532464422000032],[91.84587675500006,22.531599850000077],[91.84720312700006,22.53315625500005],[91.84659079400006,22.536544440000057],[91.84423334400003,22.53819136900006],[91.84429172700004,22.54244811700005],[91.84036247700004,22.543243521000022],[91.84673343400004,22.546579868000038],[91.84325500300008,22.549894538000046],[91.84555818200005,22.555754441000033],[91.84344621600007,22.556052418000036],[91.84089968000006,22.552682661000063],[91.83885761900007,22.552842618000057],[91.84436798600007,22.558102819000055],[91.84436178200008,22.562022494000075],[91.84288970900008,22.565755230000036],[91.83987936100004,22.56669363900005],[91.83589462700007,22.570878382000046],[91.83715686600004,22.57399225000006],[91.83352148900008,22.572999478000042],[91.83169956100005,22.575123572000052],[91.82830548900006,22.575191865000022],[91.82698611600006,22.580037755000035],[91.82360992600007,22.584705790000044],[91.81579069400004,22.588385808000055],[91.81825092400004,22.605441615000075],[91.81373814500006,22.60819880100007],[91.81355312600004,22.611381976000075],[91.81110502700005,22.612034160000064],[91.80965472400004,22.61544270400003],[91.80223245800005,22.61993355900006],[91.80138417000006,22.626032377000058],[91.79412882800005,22.630144550000068],[91.78910354600004,22.63718546800004],[91.78408813500005,22.636602711000023],[91.78280647700007,22.634113452000065],[91.77853575800003,22.634690031000048],[91.77818982400004,22.629496046000042],[91.77627861900004,22.62735094800007],[91.77809867800005,22.624396313000034],[91.77425684000008,22.62492342200005],[91.77214096500006,22.62216925200005],[91.77128536600009,22.623959481000043],[91.76810214200003,22.61503961300008],[91.76390176600006,22.613227453000036],[91.76203534300004,22.60940783700005],[91.76295443400005,22.607443957000044],[91.76046672700005,22.608870497000055],[91.75592869100007,22.60462035000006],[91.74764909200007,22.60858021400003],[91.74595682000006,22.611872086000062],[91.74151063700003,22.61083668300006],[91.73996095200005,22.613588196000023],[91.73723496400004,22.612336458000073],[91.73289406300006,22.616644068000028],[91.72755518700006,22.614236451000068],[91.72110116300007,22.61468370600005],[91.71389065100004,22.62512688700008],[91.70800594200006,22.628098805000036],[91.70785042600005,22.63155401100005],[91.70059001900006,22.633103810000023],[91.69831589800003,22.635229908000042],[91.69522574100006,22.633892136000043],[91.68479807400007,22.633932052000034],[91.69443122900003,22.62488406500006],[91.70180726200005,22.606720563000067],[91.70714395500005,22.58515200200003],[91.70901716400004,22.584499900000026],[91.71246800100005,22.587954240000045],[91.71473863200004,22.576490399000022],[91.71756383100006,22.574345528000038],[91.72214694800005,22.56625821500006],[91.72210538200005,22.562178006000067],[91.72530136900008,22.557238145000042],[91.72619219100005,22.551273974000026],[91.73097098900007,22.549421179000035],[91.73313362400006,22.551798181000038],[91.73719596400008,22.552232428000025],[91.74154864000008,22.543939694000073],[91.74267084500008,22.537105974000042],[91.74896532400004,22.532054499000026],[91.75293389800004,22.520722498000055],[91.75888088000005,22.513549914000066],[91.75850138300007,22.501366372000064],[91.76890174800008,22.494590982000034],[91.76714532900007,22.48624130500008],[91.76406335400009,22.483455970000023],[91.75805082000005,22.48258356100007],[91.75781108800004,22.47711418600005],[91.76606056700007,22.468479513000034],[91.77187799500007,22.45926188100003],[91.77536912900007,22.459027237000043],[91.78304035500008,22.46155667900007],[91.78653498700004,22.459570124000038],[91.79043827900006,22.46115430100008],[91.79344228200006,22.460530659000028],[91.79542117500006,22.462026474000027],[91.79715021700008,22.461029062000023],[91.80251529900005,22.46476139400005],[91.81714176000008,22.46691812800003],[91.81765480100006,22.454084359000035],[91.82110724900008,22.438277519000053],[91.81896752500006,22.415902166000023],[91.82187813400003,22.415035991000025],[91.82224787900003,22.413240892000033],[91.83000143900006,22.414111091000052],[91.83227197900004,22.41162218200003],[91.83502141200006,22.412185042000033],[91.83674385700004,22.41460380600006],[91.84124728300009,22.41489910400003],[91.84192278500007,22.409021919000054],[91.84603791300003,22.40829056000007],[91.84607097500003,22.402175138000075]]]]}},{"type":"Feature","id":"chattogram-khulshi","properties":{"canonical_id":"chattogram-khulshi","name_en":"Khulshi","name_bn":"খুলশী","district_id":"chattogram","division_id":"chittagong","pcode":"BD-B-10-620","parent_pcode":"BD2015","source_name":"Khulshi","match_method":"exact_name_or_alias","boundary_reference_year":"2020","boundary_source":"geoBoundaries gbOpen BGD ADM3 / BBS, OCHA ROAP","source_dataset_updated":"2026-08-09"},"geometry":{"type":"Polygon","coordinates":[[[91.79034127700004,22.388383747000034],[91.78870605900005,22.389326681000057],[91.78528827200006,22.387949674000026],[91.78446816800005,22.389083096000036],[91.78240189400003,22.38464029200003],[91.77404490300006,22.380653305000067],[91.77374331500005,22.379572905000032],[91.77752980400004,22.37871537600006],[91.77542134600009,22.37798662800003],[91.77570341200004,22.37509669900004],[91.79111708100004,22.35737768300004],[91.80242122400006,22.34928570200003],[91.81480768600005,22.34039602000007],[91.82205438900007,22.35101836900003],[91.82174399300004,22.355939516000035],[91.81970306100004,22.359097916000053],[91.82171752400006,22.35940968600005],[91.82108341900005,22.36342488300005],[91.82297469600007,22.366342044000078],[91.81684283900006,22.37016168300005],[91.81455478200007,22.373801729000036],[91.80538272700005,22.370498793000024],[91.79899461900004,22.37072629000005],[91.79443957700005,22.37301403300006],[91.79433996600005,22.375469045000045],[91.79626857400007,22.374041058000046],[91.79784558100005,22.376614888000063],[91.80069595500004,22.37758506700004],[91.80267822500008,22.381079165000074],[91.80170171200007,22.38329615600003],[91.80341790800009,22.384644946000037],[91.80120971900004,22.386943115000065],[91.79538712100003,22.386035048000053],[91.79034127700004,22.388383747000034]]]}},{"type":"Feature","id":"chattogram-kotwali","properties":{"canonical_id":"chattogram-kotwali","name_en":"Kotwali","name_bn":"কোতোয়ালী","district_id":"chattogram","division_id":"chittagong","pcode":"BD-B-10-616","parent_pcode":"BD2015","source_name":"Kotwali","match_method":"exact_name_or_alias","boundary_reference_year":"2020","boundary_source":"geoBoundaries gbOpen BGD ADM3 / BBS, OCHA ROAP","source_dataset_updated":"2026-08-09"},"geometry":{"type":"Polygon","coordinates":[[[89.38534010600006,23.08508781200004],[89.38459733800005,23.086521176000076],[89.38959592300006,23.106483866000076],[89.38274662500004,23.128953972000033],[89.37822307100004,23.13557094300006],[89.37496571300005,23.137735017000068],[89.37105371200005,23.13815530100004],[89.36521783400008,23.134741158000054],[89.35691596400005,23.132953993000058],[89.34555336700004,23.14058638700004],[89.33322997200008,23.141019139000036],[89.32287830300004,23.146083133000047],[89.32365884100005,23.14735786700004],[89.32550980900004,23.146277333000057],[89.32739098200005,23.147212375000038],[89.32853785500004,23.149594617000048],[89.32255267000005,23.15948826400006],[89.32129294700007,23.166239450000035],[89.32416635100003,23.16661255500003],[89.33364185300007,23.16173845900005],[89.33758744700003,23.162778641000045],[89.33851857600007,23.165078608000044],[89.32889014300008,23.17060722800005],[89.32822358200008,23.17368234500003],[89.33304688200008,23.180282181000052],[89.32859924500008,23.18406047700006],[89.32334823600007,23.182448773000033],[89.32370377700005,23.176589654000054],[89.31500910000005,23.16730917900003],[89.31126678600003,23.166766695000035],[89.30983017200003,23.16906774100005],[89.31060868800006,23.173063116000037],[89.30050618200005,23.174254374000043],[89.30032470500004,23.177272799000036],[89.30345964600008,23.182657293000034],[89.30033064700007,23.18646487700005],[89.30451177000003,23.190108964000046],[89.30574320100004,23.193430018000072],[89.30066697000007,23.192075763000048],[89.29901544700004,23.197263423000038],[89.29422852400006,23.20250251300007],[89.29100684200006,23.20191500800007],[89.29065935400007,23.20856384600006],[89.28886984500008,23.208260507000034],[89.28804259600008,23.20986460200004],[89.29143139400009,23.213657875000024],[89.29660128800003,23.215340860000026],[89.29718499500007,23.224139723000064],[89.30026285600007,23.228344106000065],[89.30159157900005,23.23402430300007],[89.29951214500005,23.23465581100004],[89.29805230000005,23.232163023000055],[89.29575535000004,23.231932010000037],[89.26839134700003,23.236237579000033],[89.26577750900003,23.23876471600005],[89.26663954500003,23.242279652000036],[89.26823653500009,23.243061090000026],[89.26766415300006,23.247469783000042],[89.26083682900008,23.25077652400006],[89.26268772500003,23.264781972000037],[89.26000453800003,23.267960147000053],[89.25812852400009,23.268197998000062],[89.25872163400004,23.269673694000062],[89.25417472600003,23.268418066000038],[89.25211780200004,23.27057612300007],[89.25292644100006,23.27223747100004],[89.25086594700008,23.274801397000033],[89.25017003700003,23.27969378000006],[89.24232706700008,23.275444633000063],[89.23706437700008,23.277922876000048],[89.23775621600004,23.27957243900005],[89.24544901100006,23.283917064000036],[89.24787989300006,23.293625289000033],[89.24686137700007,23.297047727000063],[89.23470681900005,23.31003368100005],[89.22327544900008,23.31219100800007],[89.21463100900007,23.315709594000054],[89.21340370800004,23.317819885000063],[89.21011586700007,23.325907248000078],[89.20377339900006,23.310230196000077],[89.20657399600003,23.307463493000057],[89.20723365800006,23.302384878000055],[89.20310300200003,23.29830774900006],[89.19953276400008,23.291414649000046],[89.19599873000004,23.291933448000066],[89.19390837900005,23.289787081000043],[89.18740450000007,23.288899384000047],[89.17080285500003,23.290598131000024],[89.16889583000005,23.28429066700005],[89.16000374900005,23.28293867900004],[89.14640824500003,23.286856542000066],[89.14446707500008,23.276133983000022],[89.13306131500008,23.27765603000006],[89.13053147800008,23.27407363800006],[89.12954013300003,23.260794892000035],[89.12353186800004,23.26065082100007],[89.12001243500004,23.257031125000026],[89.11510462000007,23.258062605000077],[89.11247890900006,23.256861146000062],[89.10728990500007,23.25281341400006],[89.10810119400008,23.250205942000036],[89.10470242700006,23.247466704000033],[89.10320744000006,23.243814703000055],[89.10628587300005,23.24124726100007],[89.10441945200006,23.238697940000066],[89.10634462800004,23.234489035000024],[89.10851649900007,23.234597905000044],[89.11413022100004,23.224873410000043],[89.11443375400006,23.222797641000057],[89.11270860500008,23.22097463500006],[89.11614133100005,23.215092343000038],[89.11429402600004,23.211473453000053],[89.11108492800008,23.21125494000006],[89.11237989900008,23.201017102000037],[89.10971264800008,23.193300097000076],[89.11299868500004,23.190306296000074],[89.10819544100008,23.188686036000036],[89.10611631500007,23.185345750000067],[89.10252362600005,23.184048331000042],[89.10256275400008,23.180287630000066],[89.10109508600004,23.180243690000054],[89.10070314800004,23.172508462000053],[89.10220521900004,23.170906415000047],[89.10091482600006,23.16344041900004],[89.10541781700005,23.16024876700004],[89.10436106300006,23.155321701000048],[89.10637018400007,23.147604039000043],[89.10888740800004,23.14632832500007],[89.10945967700007,23.137557515000026],[89.11700138600008,23.13811366400006],[89.11764110100006,23.134433066000042],[89.12033324400005,23.134782879000056],[89.12411050800006,23.13079906100006],[89.13621423700005,23.131009782000035],[89.13939535000009,23.127479032000053],[89.13467610800006,23.12414048100004],[89.12803438900005,23.121991957000034],[89.12760075500006,23.12061716000005],[89.13100155400008,23.119930818000057],[89.13276129700006,23.115455782000026],[89.13976686600006,23.112574884000026],[89.15268434700005,23.11085291300003],[89.14910382300008,23.105196110000065],[89.15053608900007,23.09681807800007],[89.15512527100003,23.093008309000027],[89.15214920600005,23.08462748200003],[89.16461822600007,23.090936123000063],[89.16623213300005,23.095314810000048],[89.16801686500008,23.094515793000028],[89.16747808100007,23.092473810000058],[89.16919718400004,23.092416248000063],[89.16891115400006,23.094471388000045],[89.17146815300003,23.095360439000046],[89.17076907400008,23.096757411000056],[89.17532941700006,23.096681937000028],[89.17438261000007,23.092684507000058],[89.17735251900007,23.090954990000057],[89.17882883400006,23.091733283000053],[89.17852558900006,23.08961747400008],[89.18124938300008,23.089714042000026],[89.18298711100005,23.08752807600007],[89.18504266000008,23.093091601000026],[89.19754307700003,23.095387291000065],[89.19987898000005,23.093406283000036],[89.19860673100004,23.090658377000068],[89.20333318700006,23.092649750000078],[89.20561688900005,23.089093296000044],[89.20852201600007,23.087769895000065],[89.20836198000006,23.08373311500003],[89.20482843600007,23.07804952600003],[89.20990702900008,23.076370060000045],[89.21062056200003,23.071101270000042],[89.21724296700006,23.079144659000065],[89.22023823200004,23.086153152000065],[89.22387077000008,23.08643638500007],[89.22842799300008,23.090536481000072],[89.22844709500004,23.088580399000023],[89.23339465100008,23.08748611200008],[89.23364800300004,23.09274051400007],[89.24557563800005,23.091872083000055],[89.24821677400007,23.094781973000067],[89.25118161600005,23.09414174400007],[89.25826941800005,23.096708358000058],[89.26064192400008,23.095857976000048],[89.26008774100006,23.100214876000052],[89.26758535200008,23.106812799000068],[89.27370820500005,23.104686749000052],[89.27689838300006,23.098569746000067],[89.27542825900008,23.09537495400008],[89.27904550600005,23.09408061000005],[89.27804938700007,23.091371266000067],[89.28086505700009,23.094069713000067],[89.29000534600004,23.092425871000046],[89.29393053800004,23.08803934900004],[89.29765165400005,23.086649059000024],[89.30121998000004,23.089657619000036],[89.30319027900003,23.089158785000052],[89.30593793600008,23.092179990000034],[89.30506664200004,23.095177355000033],[89.30736667800005,23.097273511000026],[89.31625802300005,23.09723492300003],[89.32220137200005,23.09264300700005],[89.32285815900008,23.093831403000024],[89.32066344600008,23.096299832000057],[89.32701670200004,23.09495515800006],[89.32711228100004,23.09641100300007],[89.33093254200008,23.09667113000006],[89.33683525000004,23.094350279000025],[89.33838280500004,23.096299431000034],[89.34326582300008,23.09425069400004],[89.34857797800004,23.09986695300006],[89.34774073100004,23.101241593000054],[89.35019560200004,23.10778709300007],[89.35191568600004,23.108577213000046],[89.35146283800003,23.110034746000053],[89.35503812700006,23.110946488000025],[89.35845866900007,23.109304004000023],[89.36538107700005,23.109636857000055],[89.36534348200007,23.104844126000046],[89.36934208200006,23.102992013000062],[89.36946557800007,23.097977482000033],[89.37480380800008,23.09862594200007],[89.37690747500005,23.096377129000075],[89.38263172700005,23.09648260800003],[89.37783304400006,23.08774349400005],[89.38091591400007,23.08542677400004],[89.38534010600006,23.08508781200004]]]}},{"type":"Feature","id":"chattogram-lohagara","properties":{"canonical_id":"chattogram-lohagara","name_en":"Lohagara","name_bn":"লোহাগাড়া","district_id":"chattogram","division_id":"chittagong","pcode":"BD-B-10-147","parent_pcode":"BD2015","source_name":"Lohagara","match_method":"exact_name_or_alias","boundary_reference_year":"2020","boundary_source":"geoBoundaries gbOpen BGD ADM3 / BBS, OCHA ROAP","source_dataset_updated":"2026-08-09"},"geometry":{"type":"Polygon","coordinates":[[[89.61765238800007,23.30443874900004],[89.61422115500005,23.308476576000032],[89.60447304900003,23.312213975000077],[89.60464167000003,23.32103005400006],[89.59267903300008,23.319558656000027],[89.58968117500007,23.32164931400007],[89.58147409300005,23.321986108000033],[89.57849527800005,23.323394043000064],[89.57701876800007,23.320835989000045],[89.57000712500007,23.319372195000028],[89.56014033200006,23.320393202000048],[89.55939317500008,23.313108268000065],[89.55599850400006,23.308487919000072],[89.54493785900007,23.306861885000046],[89.54369853900005,23.30453681000006],[89.54127514600003,23.305202130000055],[89.53435092200004,23.303297781000026],[89.53263354400008,23.29624639000008],[89.52837517200004,23.291953144000047],[89.52743034300005,23.284493010000062],[89.52360319600007,23.278009304000022],[89.51663051800006,23.28008645700004],[89.51660443700007,23.284432932000072],[89.51044730100006,23.28807219400005],[89.50361744600008,23.288110575000076],[89.49814602100008,23.295287348000045],[89.49319304300008,23.294689362000042],[89.49023069200007,23.296673218000024],[89.48541602400007,23.296263999000075],[89.48465251300007,23.29796363400004],[89.48042776700004,23.29956489400007],[89.47756277200006,23.298063815000035],[89.47679891000007,23.294588111000053],[89.48029334100005,23.284915858000033],[89.48599691700008,23.27550255400007],[89.49515645500009,23.271356230000038],[89.50191782000007,23.26542848400004],[89.51412223200003,23.26254116700005],[89.51782742200004,23.257495800000072],[89.51993568600005,23.251113660000044],[89.52972637900007,23.23921967700005],[89.53036988100007,23.236373936000064],[89.53418050100004,23.236823380000033],[89.54466956200008,23.23393305700006],[89.55542521100006,23.221058975000062],[89.55989738800008,23.22037996000006],[89.56790323000007,23.216114831000027],[89.57798844400008,23.21727982500005],[89.58409298600003,23.213007619000052],[89.58681081600008,23.209043034000047],[89.59581643200005,23.204605195000056],[89.59463313700007,23.20052086800007],[89.59249063700008,23.199994798000034],[89.59011542800005,23.194467690000067],[89.58637440400008,23.193159388000026],[89.58605177400005,23.191823329000044],[89.59096056800007,23.18677647100003],[89.59201072200005,23.18102056200007],[89.59790996000004,23.17996869600006],[89.59176227900008,23.160042641000075],[89.60462360400004,23.160248203000037],[89.60444977100008,23.15665086100006],[89.61312842200005,23.152597306000075],[89.61257340100008,23.144537754000055],[89.61008635900004,23.13887795900007],[89.60531743100006,23.13734964100007],[89.60800463600003,23.136449071000072],[89.60908886600004,23.13201814400003],[89.60700436800005,23.129955082000038],[89.60378930700006,23.12958796500004],[89.60197502700004,23.126289659000065],[89.60302995400008,23.124179670000046],[89.60103919000005,23.121763904000034],[89.59866209300009,23.122844120000025],[89.59672997700005,23.120036635000076],[89.59003060300006,23.096686514000055],[89.58203964600006,23.091671305000034],[89.58521401800004,23.085892181000077],[89.59024212400004,23.08257767500004],[89.59528494500006,23.08659806000003],[89.60194702000007,23.08888855400005],[89.60369145500005,23.09138555800007],[89.61448963000004,23.08977783000006],[89.61907336400003,23.097129620000032],[89.62059606900004,23.09658338400004],[89.62160081500008,23.09836535200003],[89.62517173200007,23.096926852000024],[89.63733104900007,23.104987532000052],[89.64173243700003,23.102129517000037],[89.64327470700005,23.09947778800006],[89.64293577000007,23.095055226000056],[89.64638593400008,23.09113463500006],[89.64890045700008,23.089650316000075],[89.65409530500006,23.089669684000057],[89.65841863200006,23.082226610000077],[89.66160989700006,23.083670906000066],[89.66382433300004,23.086912385000062],[89.66613276300006,23.08697882200005],[89.66590812900006,23.08910230400005],[89.67323685800005,23.094759509000028],[89.67587122700007,23.09537638100005],[89.67922370700006,23.09287591700007],[89.67839764300004,23.087894619000053],[89.68335496700007,23.087427563000062],[89.68616434700004,23.083722731000023],[89.69819876400004,23.084206882000046],[89.70391640600008,23.081161610000038],[89.71563988600008,23.07955375800003],[89.72448314900004,23.08095322500003],[89.70488888000006,23.089515884000036],[89.69063522400006,23.09867944800004],[89.67607677100006,23.11527829700003],[89.67269371800006,23.122703450000074],[89.67282053600007,23.127925512000047],[89.67836092700009,23.133163222000064],[89.68742584400007,23.132320466000067],[89.69506199300008,23.127104580000037],[89.69943727000003,23.11506199400003],[89.70485967400003,23.113499869000066],[89.71322797600004,23.11607172600003],[89.72802936200009,23.125583477000077],[89.73950048200004,23.130552529000056],[89.74166769600004,23.14229374200005],[89.73017671700006,23.158450278000032],[89.73227879500007,23.168203581000057],[89.73851751500007,23.17325631700004],[89.76236581100005,23.174985587000037],[89.76485380900004,23.178377925000063],[89.76441161900004,23.180680748000043],[89.75974468900006,23.185348970000064],[89.75365441800005,23.187694978000025],[89.73346390800003,23.186453890000053],[89.71328860600005,23.17768724900003],[89.70259025400009,23.170114488000024],[89.69655326400004,23.162240663000034],[89.69107289300007,23.162620700000048],[89.68621770500005,23.168260831000055],[89.67903090900006,23.183265213000027],[89.68419401600005,23.207316398000046],[89.68801293900003,23.210391351000055],[89.68429186000003,23.212206937000076],[89.68838505000008,23.219686670000044],[89.68735919000005,23.224114843000052],[89.67036065000008,23.244245501000023],[89.66497106300005,23.24446105900006],[89.66499304400008,23.245934070000033],[89.66373648800004,23.24596695500003],[89.66388694400007,23.242735108000034],[89.65495638400006,23.240649420000068],[89.64745806600007,23.234644375000073],[89.64183393300004,23.232456367000054],[89.63743968200004,23.233341702000075],[89.63324789700005,23.237132664000058],[89.63203440200004,23.24911564200005],[89.63682950500004,23.261615068000026],[89.64884393200003,23.27303200500006],[89.65804931000008,23.276470790000076],[89.66562583900009,23.276502922000077],[89.66905637500008,23.278343349000068],[89.66571514700007,23.282835314000067],[89.65286412700004,23.288798601000053],[89.63028753900005,23.289994148000062],[89.62215398900008,23.29584851000004],[89.61765238800007,23.30443874900004]]]}},{"type":"Feature","id":"chattogram-mirsharai","properties":{"canonical_id":"chattogram-mirsharai","name_en":"Mirsharai","name_bn":"মীরসরাই","district_id":"chattogram","division_id":"chittagong","pcode":"BD-B-10-139","parent_pcode":"BD2015","source_name":"Mirsharai","match_method":"exact_name_or_alias","boundary_reference_year":"2020","boundary_source":"geoBoundaries gbOpen BGD ADM3 / BBS, OCHA ROAP","source_dataset_updated":"2026-08-09"},"geometry":{"type":"Polygon","coordinates":[[[91.49787379400004,22.903332508000062],[91.47358263300004,22.901770284000065],[91.45870767100007,22.90196624600003],[91.46010157000006,22.898877626000058],[91.46540453300008,22.895853475000024],[91.46114001900008,22.890879083000073],[91.46241159600004,22.877524911000023],[91.47099223300006,22.87896646100006],[91.47447550200008,22.87563203600007],[91.47219969600008,22.868121916000064],[91.46625605000008,22.86128626900006],[91.46533278100009,22.85488007400005],[91.46794173600006,22.862276055000052],[91.47110072900006,22.861099866000075],[91.46554443000008,22.84831722200005],[91.46568119600005,22.844143919000032],[91.46057282000004,22.826421104000076],[91.44569316400003,22.809253500000068],[91.44307590700004,22.802231624000058],[91.44331351900007,22.79444129500007],[91.44733292500007,22.784520201000078],[91.45030613400007,22.777722505000042],[91.45382728300007,22.767397394000056],[91.45436305500004,22.75689226800006],[91.45633169500007,22.752555177000033],[91.45872534700004,22.752318262000074],[91.46428539200008,22.759077862000026],[91.46253252000008,22.746906739000053],[91.46678626300007,22.739913871000056],[91.47015748700005,22.737158693000026],[91.46949941400004,22.73343690200005],[91.47364779100008,22.731104645000073],[91.47252448700004,22.727243776000023],[91.47531929400003,22.724852258000055],[91.47634264300007,22.719394425000075],[91.48023478100004,22.714842017000024],[91.48402932900007,22.71559542600005],[91.48622439000007,22.711345382000047],[91.49553128000008,22.703802686000074],[91.51093838100007,22.694864186000075],[91.52417844600006,22.690437314000064],[91.54445553200009,22.67305980200007],[91.55706692400008,22.677726076000056],[91.56399054200006,22.68208798200004],[91.56880499000005,22.683032079000043],[91.57248731500005,22.686097132000043],[91.57697996600007,22.68723774500006],[91.57876187700003,22.685445781000055],[91.58089419300006,22.687160466000023],[91.58241202200009,22.686267160000057],[91.58354379500008,22.681582477000063],[91.58752148800005,22.680798270000025],[91.58761003300003,22.679402035000066],[91.59209665300006,22.679714786000034],[91.59141738300008,22.678360052000073],[91.59567590400007,22.668530435000037],[91.59866799500008,22.664980038000067],[91.60376155500006,22.668676021000067],[91.61216587700005,22.670900284000027],[91.61631832400008,22.670331504000046],[91.61555814200005,22.673144539000077],[91.61292484900008,22.675259587000028],[91.60746360300004,22.673770423000065],[91.60499115800008,22.680727939000064],[91.60223969600008,22.681809068000064],[91.60533668000005,22.68684012600005],[91.61292991200008,22.68551830800004],[91.61386827300004,22.682380333000026],[91.62404308700008,22.682795885000075],[91.62789050900005,22.68552687400006],[91.63017284700004,22.683419109000056],[91.63067687400007,22.688796626000055],[91.63310152300005,22.68935470200006],[91.63405228400006,22.692121833000044],[91.63873158700005,22.692127889000062],[91.64264457800004,22.69714893500003],[91.65287010000009,22.699570953000034],[91.64430644500004,22.721128110000052],[91.63785664500006,22.729030885000043],[91.63374659300007,22.738784916000043],[91.62596481000008,22.749956929000064],[91.62336279300007,22.755851732000053],[91.62259163600004,22.76264683100004],[91.61489488900008,22.77760725400003],[91.61648319200003,22.783408699000063],[91.61964666000006,22.786852503000034],[91.62468995100005,22.78467916200003],[91.62861452000004,22.786784616000034],[91.62032586600009,22.802805731000035],[91.61463511900007,22.819995678000055],[91.61458944300006,22.82897766900004],[91.61912235900007,22.83808587900006],[91.61689478500006,22.854366311000035],[91.62629796000004,22.87161758600007],[91.62580419800008,22.87501438000004],[91.62917243600003,22.884840737000047],[91.62676329400006,22.891907402000072],[91.62825762100005,22.903537113000027],[91.62392056500005,22.907399958000042],[91.62085080800006,22.913379975000055],[91.61956481500005,22.92047741600004],[91.62139964800008,22.924120791000064],[91.61790524900005,22.925068015000022],[91.61497962800007,22.930047969000043],[91.61604362200006,22.935644876000026],[91.61905873800004,22.938492090000068],[91.61681763200005,22.939694216000078],[91.61689169900006,22.944179295000026],[91.61266775600006,22.94719295400006],[91.61292608100007,22.949719970000046],[91.61640224700005,22.94926335300005],[91.61578209400005,22.951587989000075],[91.61359798900008,22.952548886000045],[91.60705494800004,22.950163473000032],[91.60949083600008,22.956114780000064],[91.60837147100005,22.957341756000062],[91.60236353700003,22.953381697000054],[91.60025372500007,22.95445328900007],[91.60035318000007,22.956767640000066],[91.60492353400008,22.96237768700007],[91.60804733400005,22.961557627000047],[91.61248643200008,22.957761362000042],[91.61373908500008,22.95855808300007],[91.61181664500003,22.96249646800004],[91.60532398300006,22.965809470000067],[91.60603144400005,22.972038978000057],[91.60132379900006,22.971447897000075],[91.59915090500004,22.976068896000072],[91.59284935200003,22.972765785000036],[91.59038225400008,22.977057579000075],[91.57676514100007,22.965434879000043],[91.57706614100005,22.96074405300004],[91.56665915700006,22.953829967000047],[91.56592657100003,22.94705532300003],[91.55921466700005,22.95361771300003],[91.55273220900006,22.951503082000045],[91.54292643400004,22.956699746000027],[91.53977535000007,22.953751174000047],[91.54513790500005,22.952203784000062],[91.53886149400006,22.941931299000032],[91.53631020500006,22.942246153000042],[91.53052608500008,22.948121612000023],[91.52748477900008,22.94730988200007],[91.52479473500006,22.943303831000037],[91.52513712300004,22.940246251000076],[91.53403659100007,22.937728218000075],[91.53888677900005,22.93209144100007],[91.53790868700008,22.928908914000033],[91.53076787100008,22.925341124000056],[91.53321899000008,22.917559548000042],[91.53155725200008,22.914031339000076],[91.51385860900007,22.907071853000048],[91.51166668700006,22.90160839300006],[91.50116613500006,22.900983173000043],[91.49787379400004,22.903332508000062]]]}},{"type":"Feature","id":"chattogram-pahartali","properties":{"canonical_id":"chattogram-pahartali","name_en":"Pahartali","name_bn":"পাহাড়তলী","district_id":"chattogram","division_id":"chittagong","pcode":"BD-B-10-618","parent_pcode":"BD2015","source_name":"Pahartali","match_method":"exact_name_or_alias","boundary_reference_year":"2020","boundary_source":"geoBoundaries gbOpen BGD ADM3 / BBS, OCHA ROAP","source_dataset_updated":"2026-08-09"},"geometry":{"type":"Polygon","coordinates":[[[91.80242122400006,22.34928570200003],[91.79111708100004,22.35737768300004],[91.77570341200004,22.37509669900004],[91.76776032700008,22.373748807000027],[91.75958019200004,22.369558022000035],[91.74816367700004,22.366739033000044],[91.74965394400004,22.358756538000023],[91.75371612400005,22.35390966500006],[91.75502459300009,22.347694368000077],[91.75466106700009,22.352224136000075],[91.77008886400006,22.351240305000033],[91.77664588600004,22.35219183600003],[91.77869706900003,22.34952968400006],[91.78583537200007,22.350339555000062],[91.78764090700008,22.344038494000074],[91.79580168800004,22.344637401000057],[91.79561172600006,22.34799624900006],[91.79864937800005,22.347484456000075],[91.80242122400006,22.34928570200003]]]}},{"type":"Feature","id":"chattogram-panchlaish","properties":{"canonical_id":"chattogram-panchlaish","name_en":"Panchlaish","name_bn":"পাঁচলাইশ","district_id":"chattogram","division_id":"chittagong","pcode":"BD-B-10-619","parent_pcode":"BD2015","source_name":"Panchlaish","match_method":"exact_name_or_alias","boundary_reference_year":"2020","boundary_source":"geoBoundaries gbOpen BGD ADM3 / BBS, OCHA ROAP","source_dataset_updated":"2026-08-09"},"geometry":{"type":"Polygon","coordinates":[[[91.81455478200007,22.373801729000036],[91.81684283900006,22.37016168300005],[91.82297469600007,22.366342044000078],[91.82108341900005,22.36342488300005],[91.82171752400006,22.35940968600005],[91.82688600600005,22.35928229700005],[91.83140460600004,22.363612654000065],[91.84321926200005,22.361960499000077],[91.84513171500004,22.36175526900007],[91.84600280100005,22.364446701000077],[91.84413718200005,22.364800984000055],[91.84448497700004,22.367017490000023],[91.84017557800007,22.37226976100004],[91.84311817200006,22.380045444000075],[91.82891047000004,22.382048455000074],[91.82604922900003,22.384775390000073],[91.82261397400003,22.392785079000078],[91.81878051100006,22.39153738600004],[91.82057162300003,22.386499121000043],[91.81879826000005,22.386228673000062],[91.81950120500005,22.37979749300007],[91.81164108000007,22.378628148000075],[91.81455478200007,22.373801729000036]]]}},{"type":"Feature","id":"chattogram-patenga","properties":{"canonical_id":"chattogram-patenga","name_en":"Patenga","name_bn":"পতেঙ্গা","district_id":"chattogram","division_id":"chittagong","pcode":"BD-B-10-625","parent_pcode":"BD2015","source_name":"Patenga","match_method":"exact_name_or_alias","boundary_reference_year":"2020","boundary_source":"geoBoundaries gbOpen BGD ADM3 / BBS, OCHA ROAP","source_dataset_updated":"2026-08-09"},"geometry":{"type":"Polygon","coordinates":[[[91.76639991300004,22.305648162000068],[91.76858222600004,22.297101441000052],[91.76554857900004,22.294768581000028],[91.76807678600005,22.29366576700005],[91.76358010200005,22.279090840000038],[91.76561219200005,22.272258614000066],[91.77404640500004,22.26313431600005],[91.78377042700004,22.246200117000058],[91.79251384600008,22.23480673100005],[91.79893424900007,22.228993113000058],[91.80014791700006,22.22594859000003],[91.82335241100003,22.243212130000074],[91.82981844300008,22.250929322000047],[91.83362811700005,22.259631812000066],[91.83314632200006,22.26207450100003],[91.82934655300005,22.265988272000072],[91.80470193600007,22.274005931000033],[91.79636162400004,22.28148618700004],[91.78548468800005,22.278711697000062],[91.78415137600007,22.287867049000056],[91.77723058600009,22.305581206000056],[91.76639991300004,22.305648162000068]]]}},{"type":"Feature","id":"chattogram-patiya","properties":{"canonical_id":"chattogram-patiya","name_en":"Patiya","name_bn":"পটিয়া","district_id":"chattogram","division_id":"chittagong","pcode":"BD-B-10-140","parent_pcode":"BD2015","source_name":"Patiya","match_method":"exact_name_or_alias","boundary_reference_year":"2020","boundary_source":"geoBoundaries gbOpen BGD ADM3 / BBS, OCHA ROAP","source_dataset_updated":"2026-08-09"},"geometry":{"type":"MultiPolygon","coordinates":[[[[91.87172781400005,22.34187111400007],[91.87011479400007,22.332932577000065],[91.88106980700007,22.343278932000032],[91.87759198500004,22.343959625000025],[91.87413804200008,22.34084759600006],[91.87172781400005,22.34187111400007]]],[[[91.96208087200006,22.22608921500006],[91.96749592400005,22.225637172000063],[91.97774639100004,22.22132154700006],[91.98511331000003,22.222951833000025],[91.98982658800008,22.220512168000027],[91.99096151600008,22.21837639900008],[91.99296304400008,22.221074860000044],[91.99235178900005,22.223761859000035],[91.99998463300005,22.223437621000073],[92.00033537500008,22.230853785000022],[92.00604233300004,22.23272586300004],[92.01071051800005,22.23758411800003],[92.01090700700007,22.24620965200006],[92.01716232500007,22.24593148500003],[92.01021614600006,22.25485208300006],[92.01937417800008,22.255747932000077],[92.02100946600007,22.257312418000026],[92.02336277700005,22.25462228400005],[92.02893873100004,22.254554720000044],[92.03160827800008,22.25156676000006],[92.02743769000006,22.250274469000033],[92.02733511100007,22.24706603900006],[92.03165955500003,22.24738876300006],[92.03814638200004,22.244216923000067],[92.03862660000004,22.246230858000047],[92.04280069500004,22.249105090000057],[92.04788981200005,22.244638231000067],[92.04685550300007,22.243177357000036],[92.04912833900005,22.240131774000076],[92.04677521200006,22.237150684000028],[92.05466034200003,22.235889702000065],[92.05753656800005,22.238855299000022],[92.05995605800007,22.23773426100007],[92.06400269900007,22.239803892000054],[92.06827836500008,22.239337543000033],[92.07407439800005,22.249489741000048],[92.07601703700004,22.24756409400004],[92.07817494100004,22.248561427000027],[92.08226043100007,22.247767529000043],[92.08686007800009,22.249434395000037],[92.09414946400005,22.25490198500006],[92.10361061800006,22.255418058000032],[92.11099093000007,22.254071390000036],[92.11128269400007,22.266164350000054],[92.10910190300007,22.268000092000023],[92.10483828500008,22.267734569000027],[92.10232594100006,22.27031667400007],[92.10140695800004,22.275448007000023],[92.09444773800004,22.284627773000068],[92.09342424400006,22.28984987900003],[92.09113796900004,22.292298557000038],[92.09145914700008,22.29574472400003],[92.09681286900008,22.299870602000055],[92.09735392300007,22.30685929400005],[92.09518622400003,22.30795821600003],[92.09594167200004,22.310295117000067],[92.09316068200008,22.314606738000066],[92.08874752200006,22.315596852000056],[92.08803323500007,22.32796303300006],[92.08418795300008,22.32960153600004],[92.07957818900007,22.336882804000027],[92.07952855100007,22.34048895600006],[92.07325617200007,22.33881104900007],[92.07076225200007,22.33586106100006],[92.06668014500008,22.335950440000033],[92.05938004000006,22.33321416700005],[92.04432054800009,22.33613002800007],[92.03617596700008,22.34184797100005],[92.03598246300004,22.34619335800005],[92.03270092700006,22.34967677700007],[92.03055122900008,22.36009468000003],[92.00484021300008,22.34864843200006],[91.97148976000005,22.34623534700006],[91.96721777400006,22.348785629000076],[91.96208627100003,22.348592496000037],[91.96013124800004,22.35127451900007],[91.94265843800008,22.342913989000067],[91.93244298300004,22.34555178000005],[91.92500459300004,22.341945717000044],[91.91652144900007,22.34310544400006],[91.90322594400004,22.341171055000075],[91.89334777000005,22.336809837000033],[91.88873861000008,22.33784686300004],[91.88628384800006,22.341184111000075],[91.88243078400006,22.342967078000072],[91.88085812500003,22.339259869000045],[91.86632256700005,22.326613791000057],[91.84561435900008,22.320112746000063],[91.82766804600004,22.318547986000056],[91.80448087700006,22.302845861000037],[91.79987858400006,22.296350001000064],[91.79814414400005,22.291255639000042],[91.79859543300006,22.28637608400004],[91.80427720900008,22.278953219000073],[91.81429037000004,22.275018645000046],[91.83006168000009,22.273599027000046],[91.83797699600007,22.26834839600008],[91.84076285300006,22.26148291100003],[91.83794486400006,22.253583325000022],[91.84029575000005,22.25325981900005],[91.84167597200008,22.25035030600003],[91.84802397100003,22.247727826000073],[91.85520855800007,22.238806621000037],[91.85956230000005,22.244130015000053],[91.86656324200004,22.244984749000025],[91.86874274700006,22.242272438000043],[91.87372570800005,22.24430318800006],[91.87346823400009,22.248421145000066],[91.87709808400007,22.248720175000074],[91.87480856100007,22.254411514000026],[91.87589296900006,22.261982400000022],[91.88700151400008,22.261267005000036],[91.88948018700006,22.257907790000047],[91.89450198800006,22.258527744000048],[91.89468274700005,22.25573934600004],[91.89650836100003,22.254694461000042],[91.89319957900005,22.254520826000032],[91.89243982200009,22.25167932200003],[91.89378936600008,22.249953387000062],[91.89645461900005,22.250569700000028],[91.89837889300009,22.248978127000044],[91.90156770200008,22.250200076000056],[91.90421124000005,22.249342802000058],[91.90865667200006,22.25416133500005],[91.90992004000003,22.250566357000025],[91.91349611300006,22.248597630000063],[91.91542544200007,22.25363493900005],[91.91988534100005,22.253074604000062],[91.92224590400008,22.255878104000033],[91.92852896900007,22.254067209000027],[91.93758609500009,22.255403509000075],[91.93972095000004,22.248091145000046],[91.94156932800007,22.246576192000077],[91.96015942600008,22.247417511000037],[91.96078858500005,22.241263484000058],[91.96586283700003,22.236853696000026],[91.96208087200006,22.22608921500006]]]]}},{"type":"Feature","id":"chattogram-rangunia","properties":{"canonical_id":"chattogram-rangunia","name_en":"Rangunia","name_bn":"রাঙ্গুনিয়া","district_id":"chattogram","division_id":"chittagong","pcode":"BD-B-10-137","parent_pcode":"BD2015","source_name":"Rangunia","match_method":"exact_name_or_alias","boundary_reference_year":"2020","boundary_source":"geoBoundaries gbOpen BGD ADM3 / BBS, OCHA ROAP","source_dataset_updated":"2026-08-09"},"geometry":{"type":"Polygon","coordinates":[[[92.14593679800004,22.347740998000063],[92.13999414200003,22.348090257000024],[92.13637285700008,22.349964629000056],[92.13321592600005,22.349389691000056],[92.13204585200003,22.35104062000005],[92.13192195800008,22.35286626900006],[92.13434438100006,22.354804814000033],[92.13940333000005,22.354930199000023],[92.13751607800003,22.363374243000067],[92.13995497800005,22.36752418800006],[92.13167791200004,22.370033668000076],[92.12230969700005,22.365794299000072],[92.12039049600008,22.366677292000077],[92.11938270300004,22.37261236100005],[92.11626691600009,22.374227725000026],[92.11620596400007,22.376897963000033],[92.11353960100007,22.378707186000042],[92.10835224700008,22.39174061700004],[92.10434186400005,22.39089100900003],[92.10401288700007,22.39342873000004],[92.09936314600009,22.399713864000034],[92.10017800600008,22.401757290000035],[92.10548143900007,22.404618752000033],[92.11541636600003,22.413705037000057],[92.11854739100005,22.41607890800003],[92.11639616400004,22.418078704000038],[92.11628606100004,22.423268884000038],[92.12368348200005,22.42308345200007],[92.12732108700004,22.430711409000025],[92.13145423700007,22.429937623000058],[92.13616993700003,22.431016991000035],[92.13799852700004,22.43581971100008],[92.14278239800007,22.436776630000054],[92.13901018100006,22.440191906000052],[92.14016826200003,22.450103813000055],[92.12819571800009,22.458786219000046],[92.13399401200007,22.464122046000057],[92.13384644800004,22.469194436000066],[92.12997756200008,22.473861166000063],[92.13332677800008,22.479149737000057],[92.12921638600005,22.48249681300007],[92.12861178800006,22.49239848900004],[92.12303394100007,22.500464202000046],[92.12105176300008,22.508761503000073],[92.12259893900006,22.513343986000052],[92.11592590300006,22.530456452000067],[92.11440025700006,22.531678303000035],[92.10972835300004,22.529064869000024],[92.10782769500008,22.529917128000022],[92.10863800800007,22.535391488000073],[92.10577330600006,22.543383340000048],[92.10832754800003,22.546827715000063],[92.10680206600006,22.556276402000037],[92.10516640300006,22.55819914500006],[92.09907574700009,22.558087199000056],[92.10406078500006,22.562459836000073],[92.10497068900008,22.56623897700007],[92.10131832700006,22.575913564000075],[92.09857605000008,22.577094490000036],[92.09404304300006,22.58307488500003],[92.08617386600008,22.58527699600006],[92.08074457700008,22.594557228000042],[92.07579781800007,22.59354503000003],[92.07561925000005,22.595903828000075],[92.07886528800003,22.599614255000063],[92.08092932400007,22.60514560000007],[92.08039205800009,22.609595201000047],[92.07108849400004,22.609245729000065],[92.06968293600005,22.61483750000008],[92.06032145600005,22.614828196000076],[92.05652036900005,22.611230609000074],[92.05466681400009,22.61297849300007],[92.05123898300008,22.612689662000037],[92.04525686000005,22.607096960000035],[92.04598041000008,22.611056087000065],[92.04049846100008,22.611372809000045],[92.04081176400007,22.619997736000073],[92.03807351500006,22.623198381000066],[92.03546198100008,22.622627671000032],[92.03694782900004,22.61892065400008],[92.03087677000008,22.61681634200005],[92.03285651800007,22.613041870000075],[92.03134278900006,22.610882570000058],[92.02815926500006,22.609466199000053],[92.02380651900006,22.610351069000046],[92.01285788000007,22.604944646000035],[92.00948300800007,22.59300859700005],[92.00592017600007,22.58655404900003],[92.00667888400005,22.580822049000062],[92.01113795900005,22.57768618500006],[92.01464316300007,22.57278381800006],[92.01361011900008,22.570027648000064],[92.01752009500007,22.56898840100007],[92.01474767000008,22.548653923000074],[92.02193937800007,22.54336855500003],[92.02034132500006,22.54127335100003],[92.02133805700004,22.535830098000076],[92.02489450300004,22.534031286000072],[92.02480964200004,22.53058682900007],[92.02808098100007,22.527747729000055],[92.02597697200008,22.526400538000075],[92.02527235400004,22.522781587000054],[92.02032663000006,22.522017498000025],[92.01738204300005,22.517993716000035],[92.02156793700004,22.509255402000065],[92.01623335500005,22.506313572000067],[92.01616703000008,22.49922605300003],[92.00950718500007,22.498857488000056],[92.00572485900005,22.49657372300004],[92.00470393900008,22.488571036000053],[91.99658801900006,22.484845823000057],[91.99151773200003,22.48609716200008],[91.98778784200005,22.483485786000074],[91.98087115200008,22.483238804000052],[91.97834099300007,22.48011634200003],[91.98035027400005,22.467454927000063],[91.98145742100007,22.465627652000023],[91.98508181100004,22.46646127100007],[91.97900777800004,22.464216555000064],[91.97736035800006,22.461394760000076],[91.98091086900007,22.459689054000023],[91.97976015300009,22.455284265000046],[91.98293093700005,22.455538524000076],[91.98498167200006,22.453037880000068],[91.98391532900007,22.447568486000023],[91.98753311000007,22.447460190000072],[91.98701626100006,22.44365747200004],[91.98212891800006,22.442220518000056],[91.97875898200004,22.444468651000022],[91.97566376200007,22.44250156000004],[91.97661684400003,22.44146353700006],[91.97936902800006,22.44283289200007],[91.97553869300003,22.438300885000046],[91.97333592400008,22.440353728000048],[91.96632381000006,22.439043550000065],[91.96539618300005,22.435860072000025],[91.96661760300003,22.434258675000024],[91.96389067700005,22.42538847900005],[91.96542634800005,22.421405178000043],[91.98177013200007,22.415888018000032],[91.98205265500007,22.41291188200006],[91.99525872400005,22.41251821000003],[92.00173890200006,22.41376973000007],[92.01978862200008,22.42595084000004],[92.02417992300008,22.42564442200006],[92.02258239400004,22.420047682000074],[92.02469873600006,22.41424299700003],[92.02185455600005,22.405916958000034],[92.02700096600006,22.40477789700003],[92.02742899900005,22.399347661000036],[92.03358595600008,22.39931292700004],[92.03422187100006,22.394172137000055],[92.03692168600008,22.391021902000034],[92.03784225300006,22.378893837000078],[92.04385635900007,22.37342274300005],[92.04704310400007,22.366015573000027],[92.05989612100007,22.366008806000025],[92.06349783300004,22.36739446300004],[92.06357416900005,22.371707877000063],[92.06754878700008,22.369693382000037],[92.06716343000005,22.367554522000034],[92.07375687900009,22.35927937300005],[92.07390649100006,22.354795746000036],[92.07967164600007,22.348046643000032],[92.07952855100007,22.34048895600006],[92.07957818900007,22.336882804000027],[92.08418795300008,22.32960153600004],[92.08803323500007,22.32796303300006],[92.08874752200006,22.315596852000056],[92.09316068200008,22.314606738000066],[92.09594167200004,22.310295117000067],[92.09518622400003,22.30795821600003],[92.09735392300007,22.30685929400005],[92.10304716700006,22.30267439200003],[92.10908121800009,22.30412350100005],[92.11546755000006,22.300606421000055],[92.11571514800005,22.30689589800005],[92.11885588600006,22.307309487000055],[92.12077038200005,22.309578610000074],[92.13306360100006,22.315969891000066],[92.14205404900008,22.313791139000045],[92.14543212100006,22.30971919500007],[92.14832037500008,22.31348304100004],[92.15087995300007,22.312333928000044],[92.15018077300005,22.316065430000037],[92.15213867400007,22.31440139800003],[92.15115840700008,22.31692778000007],[92.15307181700007,22.318610122000052],[92.15203175700003,22.320639538000023],[92.15277028300005,22.32275623000004],[92.15434044200003,22.32190886500007],[92.15472731600005,22.323243787000024],[92.15165676700008,22.33340294800007],[92.15112567200003,22.331762361000074],[92.14374167300008,22.332739506000053],[92.14573123600007,22.33427474800004],[92.14593679800004,22.347740998000063]]]}},{"type":"Feature","id":"chattogram-raozan","properties":{"canonical_id":"chattogram-raozan","name_en":"Raozan","name_bn":"রাউজান","district_id":"chattogram","division_id":"chittagong","pcode":"BD-B-10-150","parent_pcode":"BD2015","source_name":"Raozan","match_method":"exact_name_or_alias","boundary_reference_year":"2020","boundary_source":"geoBoundaries gbOpen BGD ADM3 / BBS, OCHA ROAP","source_dataset_updated":"2026-08-09"},"geometry":{"type":"MultiPolygon","coordinates":[[[[91.87154039400008,22.472746640000025],[91.87404772600007,22.468306029000075],[91.87714212700007,22.471390980000024],[91.87505842100006,22.47323575200005],[91.87154039400008,22.472746640000025]]],[[[91.84436178200008,22.562022494000075],[91.84436798600007,22.558102819000055],[91.83885761900007,22.552842618000057],[91.84089968000006,22.552682661000063],[91.84344621600007,22.556052418000036],[91.84555818200005,22.555754441000033],[91.84325500300008,22.549894538000046],[91.84673343400004,22.546579868000038],[91.84036247700004,22.543243521000022],[91.84429172700004,22.54244811700005],[91.84423334400003,22.53819136900006],[91.84659079400006,22.536544440000057],[91.84720312700006,22.53315625500005],[91.84587675500006,22.531599850000077],[91.84352417700006,22.532464422000032],[91.84299742500008,22.53695110800004],[91.83937877600005,22.531186322000053],[91.84336313900008,22.52916666300007],[91.84964722800004,22.522878604000027],[91.85660361500004,22.52207295000005],[91.85591658200008,22.52094187600005],[91.85058442600007,22.521493750000047],[91.84912468700009,22.51908521300004],[91.84134465600005,22.514715464000062],[91.83942659800005,22.50942222200007],[91.84088193500008,22.508216635000053],[91.84133065400005,22.504027440000073],[91.84748157100006,22.502006923000067],[91.85197697100006,22.503994266000063],[91.86431238100005,22.505353583000044],[91.86714321600004,22.502376507000065],[91.87424375900008,22.505773092000027],[91.87750634800005,22.50568147000007],[91.87252991800005,22.49813277800007],[91.87756241400007,22.495841658000074],[91.87658096700005,22.488600636000058],[91.88020879000004,22.488194581000073],[91.88185531700003,22.486169150000023],[91.88090855100006,22.477772393000066],[91.87979574100007,22.473799752000048],[91.88023822100007,22.47135236500003],[91.88619117200005,22.472444965000022],[91.88633377200006,22.47006005800006],[91.88309878600006,22.46867159100003],[91.87953884800004,22.46880456100007],[91.87858687300007,22.470309099000076],[91.87606324900008,22.467625329000043],[91.87380940300005,22.46729312800005],[91.87065071200004,22.47139191900004],[91.86725529700004,22.472207635000075],[91.85945861900007,22.467060760000038],[91.86083402100007,22.46573515600005],[91.86567540400006,22.46801479100003],[91.87037499100006,22.465014368000027],[91.87731882600008,22.46602724400003],[91.87706729000007,22.461510603000022],[91.87911238800007,22.45879847200007],[91.87874861500006,22.456453605000036],[91.87598871700004,22.454557108000074],[91.87759087200004,22.450882172000036],[91.87546350400004,22.448286035000024],[91.87210821000008,22.45019181300006],[91.87103247600004,22.45699538300005],[91.87264023100005,22.460097962000077],[91.87146311800007,22.46161580000006],[91.86704574800007,22.459880605000023],[91.86209527900007,22.462277635000078],[91.86002617600008,22.453757580000058],[91.86090507100005,22.45186509900003],[91.86393513000007,22.451096377000056],[91.86370218800005,22.446888768000065],[91.86586481000006,22.44401430000005],[91.86814440000006,22.443124930000067],[91.86858925800004,22.440934344000027],[91.87157279800005,22.437172065000027],[91.87519762300008,22.433161850000033],[91.87994403600004,22.43206953400005],[91.88055203300007,22.43073748200004],[91.88784917900006,22.431468195000036],[91.89113864900008,22.42999608200006],[91.89152693400007,22.425451654000028],[91.88410353200004,22.41813157100006],[91.89077215200007,22.412438551000037],[91.89315721700007,22.40589951000004],[91.91169770200008,22.42049538200007],[91.91834627200006,22.422746158000052],[91.94848507000006,22.425491278000038],[91.96542634800005,22.421405178000043],[91.96389067700005,22.42538847900005],[91.96661760300003,22.434258675000024],[91.96539618300005,22.435860072000025],[91.96632381000006,22.439043550000065],[91.97333592400008,22.440353728000048],[91.97553869300003,22.438300885000046],[91.97936902800006,22.44283289200007],[91.97661684400003,22.44146353700006],[91.97566376200007,22.44250156000004],[91.97875898200004,22.444468651000022],[91.98212891800006,22.442220518000056],[91.98701626100006,22.44365747200004],[91.98753311000007,22.447460190000072],[91.98391532900007,22.447568486000023],[91.98498167200006,22.453037880000068],[91.98293093700005,22.455538524000076],[91.97976015300009,22.455284265000046],[91.98091086900007,22.459689054000023],[91.97736035800006,22.461394760000076],[91.97900777800004,22.464216555000064],[91.98508181100004,22.46646127100007],[91.98145742100007,22.465627652000023],[91.98035027400005,22.467454927000063],[91.97834099300007,22.48011634200003],[91.98087115200008,22.483238804000052],[91.98124286100006,22.48895716100003],[91.98858694300009,22.488704148000068],[91.98938453200003,22.490200939000033],[91.98684326900008,22.492277926000042],[91.98442993600008,22.490512344000024],[91.97977317100003,22.492677349000076],[91.97597074600009,22.490388857000028],[91.97036839300006,22.495314351000047],[91.97477797700003,22.502501505000055],[91.97340050600008,22.504180242000075],[91.97403599200004,22.506884355000068],[91.97821803000005,22.507815639000057],[91.97530645100005,22.514387311000064],[91.97691610400005,22.517367853000053],[91.97559122200005,22.519291757000076],[91.97153524000004,22.51934797800004],[91.97413532000007,22.522429290000048],[91.97228339300005,22.52737292000006],[91.97245309300007,22.53427305200006],[91.96974773400007,22.53736040000007],[91.96971096400006,22.54187625700007],[91.96645510000008,22.54416152700003],[91.96933377200008,22.547835478000025],[91.96634676100007,22.550622023000074],[91.96737190700009,22.554569529000048],[91.96376720700005,22.558633758000042],[91.96423953500005,22.56323595300006],[91.95900272400007,22.565398278000032],[91.96245501800007,22.56754514900007],[91.95996253400006,22.570531284000026],[91.96185912200008,22.57408834900008],[91.95668010900005,22.577792397000053],[91.95795538900006,22.581764562000046],[91.95487668700008,22.58509585300004],[91.95587953000006,22.589657749000025],[91.95417277600006,22.59111772600005],[91.95150223700006,22.59091316200005],[91.95205660900007,22.59677891700005],[91.94833776700006,22.59923009700003],[91.94786917600004,22.603293198000074],[91.94133436000004,22.60695260500006],[91.94144970900004,22.609194389000038],[91.94444612400008,22.609723348000045],[91.94502257600004,22.61172418500007],[91.93884622400003,22.62407194900004],[91.94000995400006,22.62745805700007],[91.93713693200004,22.632982637000055],[91.93941056300008,22.634609948000048],[91.93750188900003,22.63741604200004],[91.93881286900006,22.641235236000057],[91.93518786400006,22.650524069000028],[91.93243099400007,22.652400646000046],[91.93500977500008,22.65343566100006],[91.93472138000004,22.657111076000035],[91.92358537600006,22.657471217000023],[91.92315830500007,22.666226992000077],[91.91707729800004,22.667439414000057],[91.91541760400008,22.662880897000036],[91.91597210100008,22.65827415600006],[91.91236832500005,22.657475985000076],[91.90947219700007,22.654508219000036],[91.90886703700005,22.652346167000076],[91.91093084100004,22.648873097000035],[91.90796946300009,22.644819315000063],[91.91371545400006,22.643057334000048],[91.91295106800004,22.639759652000066],[91.91521655200006,22.635328326000035],[91.90979718800008,22.634084135000023],[91.91206714500004,22.631863543000065],[91.90800578600005,22.629621309000072],[91.91250400400008,22.629207072000042],[91.91333328000007,22.625297750000072],[91.90962185000006,22.62443217300006],[91.91089227200007,22.620194205000075],[91.90608147200004,22.621595],[91.89864821600008,22.62081031300005],[91.90069404600007,22.615509489000033],[91.89644520800005,22.61754505700003],[91.89888273600008,22.611192937000055],[91.89617971100006,22.60860099200005],[91.89421141600008,22.610870284000043],[91.89247825500007,22.61011355000005],[91.89349586000009,22.606025980000027],[91.88959025400004,22.604160937000074],[91.88737372400004,22.59910962200007],[91.88828792100009,22.59719258800004],[91.88559716900005,22.595867946000055],[91.88356122800008,22.59767904200004],[91.87832455000006,22.59458563900006],[91.87758764300008,22.587578371000063],[91.87531250500007,22.584742550000044],[91.87408894800006,22.565416166000034],[91.87246932300008,22.562216204000038],[91.87044979300003,22.56080865100006],[91.86332078400005,22.562424400000054],[91.86505002500007,22.577442852000047],[91.86376200600006,22.578876451000042],[91.86015549700005,22.576976672000058],[91.85426754300005,22.567263138000044],[91.84436178200008,22.562022494000075]]]]}},{"type":"Feature","id":"chattogram-sandwip","properties":{"canonical_id":"chattogram-sandwip","name_en":"Sandwip","name_bn":"সন্দ্বীপ","district_id":"chattogram","division_id":"chittagong","pcode":"BD-B-10-141","parent_pcode":"BD2015","source_name":"Sandwip","match_method":"exact_name_or_alias","boundary_reference_year":"2020","boundary_source":"geoBoundaries gbOpen BGD ADM3 / BBS, OCHA ROAP","source_dataset_updated":"2026-08-09"},"geometry":{"type":"MultiPolygon","coordinates":[[[[91.39853322400006,22.422574703000066],[91.39911714700008,22.42443367900006],[91.39611264800004,22.42211777800003],[91.39510039500004,22.423751484000036],[91.39342728200006,22.423479152000027],[91.37508228000007,22.398208934000024],[91.35973259000008,22.38165761700003],[91.35312951100008,22.376455547000035],[91.35274418400007,22.373829768000064],[91.35477259100008,22.370992987000022],[91.35697206400005,22.369970831000046],[91.36607122800007,22.372905458000048],[91.39051306000005,22.373461923000036],[91.39919452500004,22.380795551000062],[91.39736835700006,22.38836318500006],[91.39953871400007,22.384377266000058],[91.40537846300003,22.382462598000075],[91.40894922800004,22.39767827600008],[91.40719534900006,22.399605566000048],[91.40698042500009,22.403765660000033],[91.40403585200005,22.404842674000065],[91.40591164900007,22.407359634000045],[91.40605512100007,22.411420922000048],[91.40181213900007,22.41375197700006],[91.40156615700005,22.417434471000036],[91.40359822300007,22.420141182000066],[91.39840525500006,22.420042829000067],[91.39853322400006,22.422574703000066]]],[[[91.33990758700008,22.517640451000034],[91.34340171100007,22.517361251000068],[91.34334949700008,22.519942668000056],[91.34186094800003,22.52561889800006],[91.33942567700007,22.52601656300004],[91.33990758700008,22.517640451000034]]],[[[91.33919096000005,22.530096601000025],[91.34114536100003,22.531432066000036],[91.34272178900005,22.542818227000055],[91.34474083400005,22.54409184700006],[91.34295635100005,22.531130188000077],[91.34740290000008,22.528081884000073],[91.35302277900007,22.526672560000065],[91.35537864000008,22.546655223000073],[91.35434294600003,22.551252325000064],[91.34900503400007,22.550006706000033],[91.34567596400007,22.552974033000055],[91.34914907800004,22.55294493200006],[91.35334128400007,22.55541897300003],[91.35090091600006,22.562393754000027],[91.34497640300003,22.56437915500004],[91.33258901600004,22.564883414000064],[91.33619835000007,22.555933797000023],[91.33919096000005,22.530096601000025]]],[[[91.52971948500004,22.390426889000025],[91.53273588800005,22.393648402000053],[91.54094488700008,22.39701152400005],[91.55613360900009,22.39944265500003],[91.56098131300007,22.402028691000055],[91.56841456000006,22.409412471000053],[91.56725805500008,22.42548246000007],[91.57067966800008,22.432570188000057],[91.57150986200008,22.44584440400007],[91.56616166400005,22.468645907000052],[91.55309965300006,22.491665167000065],[91.54234659900004,22.501713547000065],[91.53052998400005,22.521470661000023],[91.49855604500004,22.567934645000037],[91.47616443400005,22.595149415000037],[91.46632597700005,22.60412918700007],[91.45854998900006,22.60874053400005],[91.43900073600008,22.606188510000038],[91.43274825300006,22.603902623000067],[91.42042101200008,22.596508275000076],[91.42502365400009,22.58107779900007],[91.42585355400007,22.569217321000053],[91.42394656900007,22.543855316000077],[91.41987681400008,22.52324396000006],[91.43643286000008,22.475015417000066],[91.44315817000006,22.461477240000022],[91.45718306900005,22.442998017000036],[91.45889316900008,22.43562623400004],[91.46220063600003,22.433584706000033],[91.46713868500007,22.422790356000064],[91.47613954500008,22.41228509700005],[91.47502283400007,22.408758401000057],[91.48042798700004,22.399819190000073],[91.48851557400008,22.397837193000043],[91.50841059900006,22.387516386000073],[91.51597044200008,22.387971250000078],[91.51969588000009,22.390278382000076],[91.52623239800005,22.38878300500005],[91.52971948500004,22.390426889000025]]],[[[91.35719126500004,22.60174825100006],[91.35787185100008,22.602889582000046],[91.35205168000005,22.607813829000065],[91.35243121400003,22.609818033000067],[91.34975540500005,22.609888261000037],[91.34923620900008,22.60415718400003],[91.35719126500004,22.60174825100006]]],[[[91.33220808900006,22.565661091000038],[91.34967311100007,22.567136111000025],[91.35041179800004,22.571646586000043],[91.34766499900007,22.574967538000067],[91.35321725500006,22.574347329000034],[91.35361674300003,22.579649262000032],[91.35034277400007,22.58433687200005],[91.34625268700006,22.584514588000047],[91.35383768700007,22.586458248000042],[91.35194760700006,22.590560675000063],[91.35351475000004,22.592913346000046],[91.35339152200004,22.60008368800004],[91.34859087100006,22.602633343000036],[91.34649462100003,22.609390089000044],[91.34388961200005,22.611491025000078],[91.34048876500003,22.611161],[91.33706445500007,22.608465224000042],[91.33658769500005,22.599077370000032],[91.33396533800004,22.61135874400003],[91.32341511100003,22.610370688000046],[91.31111546600005,22.602810281000075],[91.32391849500004,22.58251920300006],[91.33220808900006,22.565661091000038]]],[[[91.31818293400005,22.649888908000037],[91.32824674100004,22.641346313000042],[91.34037891600008,22.640720626000075],[91.35759509000007,22.63737358800006],[91.37978735800004,22.627099266000073],[91.38874829000008,22.627356680000048],[91.39496980900003,22.631651904000023],[91.40098530100005,22.64983200300003],[91.40107353200005,22.655949004000036],[91.41037805300004,22.67833071700005],[91.41027048500007,22.680362724000076],[91.40568303100008,22.685062996000056],[91.40176802400003,22.69262490500006],[91.39366532200006,22.699984481000058],[91.38609343800005,22.702559459000042],[91.38102943100006,22.698421153000027],[91.38013743200008,22.69938483100003],[91.38458662500005,22.706395864000058],[91.37790272200004,22.713669588000073],[91.36043347400005,22.72536266800006],[91.35350916800007,22.728528192000056],[91.33841266400003,22.732051381000076],[91.34865749500005,22.715887327000075],[91.34317560700003,22.68581308000006],[91.33452430300008,22.667218513000023],[91.32342500700008,22.653379278000045],[91.31818293400005,22.649888908000037]]]]}},{"type":"Feature","id":"chattogram-satkania","properties":{"canonical_id":"chattogram-satkania","name_en":"Satkania","name_bn":"সাতকানিয়া","district_id":"chattogram","division_id":"chittagong","pcode":"BD-B-10-146","parent_pcode":"BD2015","source_name":"Satkania","match_method":"exact_name_or_alias","boundary_reference_year":"2020","boundary_source":"geoBoundaries gbOpen BGD ADM3 / BBS, OCHA ROAP","source_dataset_updated":"2026-08-09"},"geometry":{"type":"MultiPolygon","coordinates":[[[[91.94422580300005,22.18035893700005],[91.95172358700006,22.17325752100004],[91.95704639800005,22.17092387400004],[91.97503765200008,22.177158031000033],[91.96891576500008,22.18206746000004],[91.96280869100008,22.181792923000046],[91.96105545800003,22.180526046000068],[91.96083544300006,22.18266359300003],[91.95648850700007,22.183020932000034],[91.94422580300005,22.18035893700005]]],[[[91.94087283300007,22.17683997200004],[91.94323384800003,22.17296220700007],[91.93984470300006,22.16944081300005],[91.94077637400005,22.165797674000032],[91.93754701200004,22.166357907000076],[91.93478149100008,22.163353322000034],[91.94136761900006,22.163181035000036],[91.94275134300005,22.161750392000044],[91.95269741300007,22.161893720000023],[91.95154154800008,22.160551831000078],[91.94697221900003,22.161302117000048],[91.94823629800004,22.15827329800004],[91.94639836500005,22.156235965000064],[91.95130386500006,22.153248559000076],[91.95131738800006,22.14970356400005],[91.95364220700009,22.14887171500004],[91.94997592700008,22.145919939000066],[91.95245779800007,22.13934665100004],[91.95754977700005,22.13832950500006],[91.95889688500006,22.140148821000025],[91.96511270400003,22.14048777900007],[91.96751551300008,22.13521426500006],[91.97165720100008,22.133190225000078],[91.97438225100007,22.12628722000005],[91.97276472700008,22.11927557200005],[91.97788092000008,22.123096274000034],[91.98307221600004,22.123433738000074],[91.98459040300008,22.121367314000054],[91.98372513700008,22.116545891000044],[91.99025593100004,22.111436371000025],[91.99031730700005,22.10842984900006],[91.98776501500004,22.107488732000036],[91.99293601900007,22.10685424600007],[91.99288691100008,22.103790373000038],[91.99505965100008,22.102768793000052],[91.99270226500005,22.10090791700003],[91.99248574300003,22.098040522000076],[91.99401622000005,22.096143206000022],[91.99300205400004,22.094482379000056],[91.98824407800004,22.095256305000078],[91.98744615400005,22.096878824000044],[91.98526491900003,22.096296059000053],[91.97932390100004,22.104270236000048],[91.97972921800005,22.109094455000047],[91.97656458000006,22.10832539200004],[91.97661075800005,22.106162839000035],[91.97493065400005,22.106561042000067],[91.97518166500004,22.10770997900005],[91.97130071500004,22.10747663500007],[91.97341542300006,22.110537889000057],[91.97164366100009,22.10953261700007],[91.97157451300006,22.112662012000044],[91.96983503100006,22.113109423000026],[91.96933299900007,22.111809417000075],[91.96653249700006,22.112664678000044],[91.97004013500003,22.109517538000034],[91.96673180800008,22.105373386000053],[91.96508125100007,22.104102710000063],[91.96132366200004,22.106519563000063],[91.95980886500007,22.104332276000036],[91.95621206200008,22.10528354400003],[91.95728231600003,22.103395437000074],[91.95260220800003,22.101110793000032],[91.95240603000008,22.098342673000047],[91.95363423900005,22.096357030000036],[91.95346937100004,22.08341002700007],[91.95651417800008,22.072276224000063],[91.95551457800008,22.068769004000046],[91.96142444500003,22.071298524000042],[91.97010813200006,22.070870445000025],[91.97211248800005,22.074185670000077],[91.98340686500006,22.075711828000067],[91.97869208800006,22.065069297000036],[91.97524859900005,22.065425015000073],[91.97322575100009,22.061688426000046],[91.97659510200003,22.06236456000005],[91.97957271900003,22.060127890000047],[91.98288601700006,22.050968478000073],[91.98256292700006,22.047423052000056],[91.98542508200006,22.04631173200005],[91.98331172700006,22.034644026000024],[91.98510245800009,22.033341380000024],[91.98933699000008,22.03402655600007],[91.98990532100004,22.030206733000057],[91.99286626400004,22.02800788600007],[91.99245785200009,22.02092688700003],[91.99688165200007,22.020111909000036],[91.99671690500008,22.017859359000056],[91.99495597700007,22.01742193800004],[91.99627909700007,22.01426202500005],[92.01480371300005,22.01474448500005],[92.02018315800007,22.019581849000076],[92.02667955700008,22.019126564000032],[92.02772359400007,22.022306784000023],[92.02578942400004,22.026635739000028],[92.02689963400007,22.029273027000045],[92.03021715000006,22.029370779000033],[92.03051085600003,22.031500595000068],[92.03439291500007,22.03242375700006],[92.04024118600006,22.031272985000044],[92.04891584700005,22.03778398700007],[92.05369670000005,22.032759619000046],[92.05396616000007,22.027813782000067],[92.05644607900007,22.027551539000058],[92.05740463000006,22.025393935000068],[92.05951584900004,22.025549985000055],[92.06234891000008,22.022967206000033],[92.06848494100007,22.012625700000058],[92.07870433500005,22.01349846900007],[92.07323317800007,22.020437337000033],[92.07544103600009,22.023823692000065],[92.07358163300006,22.02977650300005],[92.06970622700004,22.033232224000074],[92.07024447400005,22.03806540100004],[92.07244053900007,22.039004427000066],[92.07244648600005,22.035172670000065],[92.07608187300008,22.034437206000064],[92.07805806700009,22.037566820000052],[92.07994237800006,22.035977828000057],[92.08164715100008,22.039085724000074],[92.08442901900008,22.038889194000035],[92.08911738700004,22.044312211000033],[92.09105851200007,22.042473191000056],[92.09387693300005,22.044017171000064],[92.09593577600003,22.053088770000045],[92.09854024700007,22.053860488000055],[92.09939280300006,22.05612234000006],[92.09950257500003,22.058512806000067],[92.09711246400008,22.05988331800006],[92.10662970100003,22.063965707000023],[92.10677387100009,22.066298146000065],[92.10352160300005,22.069843997000078],[92.10594788400005,22.070213199000023],[92.10834629000004,22.073721830000068],[92.11190791400008,22.074207516000058],[92.11143113200006,22.077735424000025],[92.11375698900008,22.07622950900003],[92.11845103000007,22.076471826000045],[92.11958724700008,22.07352598600005],[92.12561639300009,22.07126187500006],[92.12989645200008,22.07100272400004],[92.13393199100005,22.073775101000024],[92.13906463600006,22.073796360000074],[92.14073057900004,22.06970992300006],[92.14409902600005,22.068311293000022],[92.14700820900003,22.063450545000023],[92.15491893900008,22.061396325000032],[92.16444552400009,22.06714591900004],[92.16398789500005,22.07065163200008],[92.15516051100008,22.070258584000044],[92.15626368800008,22.074604656000076],[92.16221405900006,22.079379089000042],[92.16405217900007,22.084288196000045],[92.15752900800004,22.08682634300004],[92.15408339400005,22.085312436000038],[92.14971308100007,22.08827113600006],[92.14464850300004,22.088058597000042],[92.14399716400004,22.090681322000023],[92.14117012900005,22.09167331200007],[92.14255402700007,22.093446778000043],[92.14507271800005,22.093007663000037],[92.14792318300005,22.09692449100004],[92.14809998600003,22.095042243000023],[92.15033015800003,22.093666879000068],[92.15574547000006,22.09534760500003],[92.15754590100005,22.10040401200007],[92.16087772900005,22.10014635700003],[92.16373539700004,22.103385813000045],[92.16994094400007,22.10451094600006],[92.17323481800008,22.11287731500005],[92.17059619100007,22.11633641800006],[92.17099216500009,22.117908835000037],[92.16682472800005,22.119118897000078],[92.16740682400007,22.122288267000044],[92.16204996100004,22.123085935000063],[92.16010594000005,22.128271968000035],[92.16060276900004,22.13018621200007],[92.16455698400006,22.131448215000034],[92.16528088100006,22.134223188000078],[92.16977121200006,22.137650457000063],[92.17075493300007,22.144560134000074],[92.16773206100004,22.14749355400005],[92.16465054200006,22.146046822000073],[92.16241265300005,22.147156143000075],[92.16120940800005,22.15976223800004],[92.15566526700007,22.16502302600003],[92.15639471500003,22.168078446000038],[92.15903641700004,22.169264189000046],[92.16330558000004,22.174957868000035],[92.16176661900005,22.178134783000075],[92.16431130500007,22.182149167000034],[92.16104450300008,22.185593966000056],[92.16014122700005,22.18897802200007],[92.15360049300006,22.194529690000024],[92.15187350800005,22.19350816900004],[92.14675783400008,22.19556481500007],[92.14241299300005,22.20461581400008],[92.14037755500004,22.205877996000027],[92.13340336900006,22.20495371100003],[92.12797718800005,22.20117687100003],[92.12664488200005,22.196940896000058],[92.12744602400005,22.19331816500005],[92.13570931800007,22.184349933000078],[92.13586803900006,22.17745237300005],[92.13855568800005,22.170780119000028],[92.13672191100005,22.16948157300004],[92.12309391100007,22.17757929000004],[92.12058141700004,22.17639635200004],[92.11663962600005,22.169191433000037],[92.11556423400003,22.162234781000052],[92.11715825700009,22.149638638000056],[92.12448259400009,22.131493507000073],[92.12203307700008,22.12851414900007],[92.11838786800007,22.129013859000054],[92.11571142000008,22.131188706000046],[92.10789822400005,22.15132588700004],[92.10433818900003,22.15763649200005],[92.10121480000004,22.15971165600007],[92.09090484200004,22.15970482800003],[92.08218480000005,22.16200908600007],[92.07428928900003,22.160443402000055],[92.06260005000007,22.154905779000046],[92.05504663900007,22.142773016000035],[92.05128381100008,22.141559806000032],[92.04730489300005,22.14374857400003],[92.04934151400005,22.154403039000044],[92.04865878400005,22.159514026000068],[92.04651056800003,22.16183922700003],[92.04362921800004,22.16203340900006],[92.03840758500007,22.16990439800003],[92.03584630200004,22.170330367000076],[92.03452775300008,22.168183501000044],[92.02857483100007,22.17125862000006],[92.02702600100008,22.16555347600007],[92.02776720200006,22.161379835000048],[92.02390963800008,22.15649011900007],[92.02583251900006,22.151607314000046],[92.02489669000005,22.14764470800003],[92.02341803800005,22.145882373000063],[92.02161953800004,22.14632600500005],[92.01468864800006,22.142587371000047],[92.01034242500003,22.14199588100007],[92.00218997800005,22.144633445000068],[92.00102588400006,22.146244156000023],[91.99633505900005,22.144980645000032],[91.99375954800007,22.151946475000045],[91.98975483400005,22.15532117500004],[91.98359850400004,22.155987130000028],[91.98495216100008,22.16173413000007],[91.98344747700008,22.163710387000037],[91.97227926500005,22.16643938800007],[91.96984767400005,22.162227511000026],[91.97360722100007,22.155909993000023],[91.98080137500006,22.149909124000033],[91.99477637500007,22.14507958100006],[91.99744472100008,22.143587928000045],[91.99720207700005,22.142063328000063],[91.97959771600006,22.148669334000033],[91.97119528300004,22.15540156800006],[91.96841100100005,22.162663097000063],[91.96986964400008,22.16611012900006],[91.97508445400007,22.167540168000073],[91.98206268800004,22.165640302000043],[91.97548002200006,22.17598687700007],[91.97189106700006,22.17540414000007],[91.96103377700007,22.169442323000055],[91.95542341900006,22.169509739000034],[91.94670548500005,22.174452599000062],[91.94178443900006,22.179145770000048],[91.94087283300007,22.17683997200004]]]]}},{"type":"Feature","id":"chattogram-sitakunda","properties":{"canonical_id":"chattogram-sitakunda","name_en":"Sitakunda","name_bn":"সীতাকুন্ড","district_id":"chattogram","division_id":"chittagong","pcode":"BD-B-10-138","parent_pcode":"BD2015","source_name":"Sitakunda","match_method":"exact_name_or_alias","boundary_reference_year":"2020","boundary_source":"geoBoundaries gbOpen BGD ADM3 / BBS, OCHA ROAP","source_dataset_updated":"2026-08-09"},"geometry":{"type":"Polygon","coordinates":[[[91.77187799500007,22.45926188100003],[91.76606056700007,22.468479513000034],[91.75781108800004,22.47711418600005],[91.75805082000005,22.48258356100007],[91.76406335400009,22.483455970000023],[91.76714532900007,22.48624130500008],[91.76890174800008,22.494590982000034],[91.75850138300007,22.501366372000064],[91.75888088000005,22.513549914000066],[91.75293389800004,22.520722498000055],[91.74896532400004,22.532054499000026],[91.74267084500008,22.537105974000042],[91.74154864000008,22.543939694000073],[91.73719596400008,22.552232428000025],[91.73313362400006,22.551798181000038],[91.73097098900007,22.549421179000035],[91.72619219100005,22.551273974000026],[91.72530136900008,22.557238145000042],[91.72210538200005,22.562178006000067],[91.72214694800005,22.56625821500006],[91.71756383100006,22.574345528000038],[91.71473863200004,22.576490399000022],[91.71246800100005,22.587954240000045],[91.70901716400004,22.584499900000026],[91.70714395500005,22.58515200200003],[91.70180726200005,22.606720563000067],[91.69443122900003,22.62488406500006],[91.68479807400007,22.633932052000034],[91.67970900900008,22.641614538000056],[91.68176648800005,22.64568436600007],[91.67908994500004,22.65166425500007],[91.66750185000006,22.669326673000057],[91.65287010000009,22.699570953000034],[91.64264457800004,22.69714893500003],[91.63873158700005,22.692127889000062],[91.63405228400006,22.692121833000044],[91.63310152300005,22.68935470200006],[91.63067687400007,22.688796626000055],[91.63017284700004,22.683419109000056],[91.62789050900005,22.68552687400006],[91.62404308700008,22.682795885000075],[91.61386827300004,22.682380333000026],[91.61292991200008,22.68551830800004],[91.60533668000005,22.68684012600005],[91.60223969600008,22.681809068000064],[91.60499115800008,22.680727939000064],[91.60746360300004,22.673770423000065],[91.61292484900008,22.675259587000028],[91.61555814200005,22.673144539000077],[91.61631832400008,22.670331504000046],[91.61216587700005,22.670900284000027],[91.60376155500006,22.668676021000067],[91.59866799500008,22.664980038000067],[91.59567590400007,22.668530435000037],[91.59141738300008,22.678360052000073],[91.59209665300006,22.679714786000034],[91.58761003300003,22.679402035000066],[91.58752148800005,22.680798270000025],[91.58354379500008,22.681582477000063],[91.58241202200009,22.686267160000057],[91.58089419300006,22.687160466000023],[91.57876187700003,22.685445781000055],[91.57697996600007,22.68723774500006],[91.57248731500005,22.686097132000043],[91.56880499000005,22.683032079000043],[91.56399054200006,22.68208798200004],[91.55706692400008,22.677726076000056],[91.54445553200009,22.67305980200007],[91.55792025300008,22.661293929000067],[91.58159288000007,22.63417918300007],[91.58450112300005,22.628487160000077],[91.58530942300007,22.615194682000038],[91.59904691800006,22.602979899000047],[91.59130860000005,22.614885236000077],[91.59309177500006,22.615512728000056],[91.59767448700006,22.611165924000034],[91.60228182000009,22.602302456000075],[91.63867685800005,22.56895897100003],[91.65629426000004,22.547917659000063],[91.66589117400008,22.540506547000064],[91.67526814200005,22.52779243300006],[91.68081878000004,22.524150261000045],[91.68399835900004,22.51909901700003],[91.69003300700007,22.514089460000037],[91.69951128700006,22.497358636000058],[91.70869562700005,22.488229122000064],[91.70970854800004,22.482770283000036],[91.71864887300006,22.466546006000044],[91.72302071200005,22.464563854000062],[91.72286368500005,22.461196322000035],[91.72538543100006,22.459305553000036],[91.72526670700006,22.453491846000077],[91.73066835800006,22.443764678000036],[91.73177420900004,22.436584293000067],[91.73700143600007,22.429072878000056],[91.73746540000008,22.426057110000045],[91.73472251200008,22.422502329000054],[91.73762888600004,22.42060727300003],[91.73760658800006,22.41881538100006],[91.73448552500008,22.415838137000037],[91.73511466600007,22.413752506000037],[91.73719542800006,22.412897582000028],[91.73713100300006,22.40849781000003],[91.74735141200006,22.374982312000043],[91.74816367700004,22.366739033000044],[91.75958019200004,22.369558022000035],[91.76776032700008,22.373748807000027],[91.77570341200004,22.37509669900004],[91.77542134600009,22.37798662800003],[91.77752980400004,22.37871537600006],[91.77374331500005,22.379572905000032],[91.77404490300006,22.380653305000067],[91.78240189400003,22.38464029200003],[91.78446816800005,22.389083096000036],[91.78528827200006,22.387949674000026],[91.78870605900005,22.389326681000057],[91.79034127700004,22.388383747000034],[91.79521810600005,22.392244748000053],[91.79292052900007,22.39661811800005],[91.79254849000006,22.402330677000066],[91.78553013900006,22.413174542000036],[91.78309956700008,22.42633098300007],[91.77607205400005,22.436598779000064],[91.77554628800004,22.452267005000067],[91.77459947900007,22.45438789900004],[91.77099413300004,22.454228967000063],[91.77333324300008,22.45699535700004],[91.77187799500007,22.45926188100003]]]}},{"type":"Feature","id":"coxsbazar-chakaria","properties":{"canonical_id":"coxsbazar-chakaria","name_en":"Chakaria","name_bn":"চকরিয়া","district_id":"coxsbazar","division_id":"chittagong","pcode":"BD-B-11-153","parent_pcode":"BD2022","source_name":"Chakaria","match_method":"exact_name_or_alias","boundary_reference_year":"2020","boundary_source":"geoBoundaries gbOpen BGD ADM3 / BBS, OCHA ROAP","source_dataset_updated":"2026-08-09"},"geometry":{"type":"Polygon","coordinates":[[[91.98276856000007,21.90131285800004],[91.98825773800007,21.897812372000033],[91.98109017400003,21.894268140000065],[91.98080824600004,21.89277326100006],[91.98356335600005,21.892358528000045],[91.98148221900004,21.889640196000073],[91.98481276300004,21.890824029000044],[91.98549244300006,21.88968218100007],[91.98090862600009,21.88760697500004],[91.98052917400008,21.885792672000036],[91.98285171500004,21.883756764000054],[91.98700771400007,21.883987744000024],[91.99151089400004,21.872504277000075],[91.99337828300008,21.872989107000024],[91.99411071700007,21.877002336000032],[91.99977640600008,21.880654032000052],[92.00228923500003,21.88049339500003],[92.00587457000006,21.877458885000067],[92.01203171400005,21.87978312300004],[92.01791888100007,21.876701601000036],[92.01797613500008,21.87264639400007],[92.01387693700008,21.874370354000064],[92.01454470800007,21.872445135000078],[92.01046751000007,21.87069275500005],[92.01093496600004,21.869055306000064],[92.00587246800006,21.869132834000027],[92.00440534200004,21.871458335000057],[92.00252146500009,21.870919367000056],[92.00257249200007,21.868075745000056],[92.00008518200008,21.869704976000037],[91.99514442700007,21.869452765000062],[91.99642368600007,21.867608810000036],[91.99382485600006,21.86687379500006],[91.99517503100003,21.862257663000037],[91.99183679200007,21.854415265000057],[92.00044336700006,21.85196979500006],[92.00373781900004,21.85348251000005],[92.00403260500008,21.85610688400004],[92.00767310400005,21.855331930000034],[92.01363473000004,21.858226081000055],[92.01292906100008,21.853303632000063],[92.01882252800004,21.84816446700006],[92.01708036100007,21.844823253000072],[92.01781757100008,21.842945433000068],[92.01499448600003,21.84266077700005],[92.01613218200004,21.841792053000063],[92.01492401500008,21.83892770400007],[92.01809387700007,21.83967461800006],[92.01932390800005,21.84150832100005],[92.02162341100006,21.840889477000076],[92.02121455400004,21.839114308000035],[92.02700790000006,21.83876832800007],[92.02544837900007,21.827840001000027],[92.02809532000003,21.82679942900006],[92.02323583600008,21.822935805000043],[92.02435507400008,21.822101127000053],[92.02209779500004,21.81834774500004],[92.02058512800005,21.817809470000043],[92.01862126700007,21.819319627000027],[92.01887249500004,21.81611515000003],[92.02126886900004,21.81278112800004],[92.02045617400006,21.810217029000057],[92.01802924700007,21.80869737200004],[92.01500416100004,21.807664457000044],[92.01210745400004,21.80954348000006],[92.00862411200006,21.808848476000037],[91.99962049500004,21.800399071000072],[91.99546433100005,21.80085291000006],[91.99202462400007,21.803467957000066],[91.98972838200007,21.80315472600006],[91.98576950800003,21.799165002000052],[91.97776912500007,21.79467131000007],[91.96953581200006,21.793174589000046],[91.95914456600008,21.794841897000026],[91.95115908800005,21.78905466200007],[91.94914888300008,21.78363914700003],[91.94754232500009,21.783129772000052],[91.94900747600008,21.76570904500005],[91.94432776700006,21.75752324800004],[91.94339603900005,21.748590001000025],[91.94496284300004,21.73904347100006],[91.94767083500005,21.737668813000028],[91.94927036100006,21.73061897900004],[91.94979684000003,21.72764041100004],[91.94769165000008,21.725943909000023],[91.94869409100005,21.72269050500006],[91.95267922200009,21.70040442000004],[91.97179026700007,21.669996604000062],[91.98769792000007,21.659672586000056],[92.00019989400005,21.66345287000007],[92.00356299200007,21.66099285200005],[92.00545953800008,21.654090893000046],[92.00184987000006,21.644878255000037],[92.00314616400004,21.63599927000007],[92.00055681400005,21.62586832200003],[92.00886189000005,21.613020625000047],[92.00988122400008,21.605409853000026],[92.00741077100008,21.600421831000062],[92.01529049200008,21.60118676600007],[92.01851762300004,21.605400660000043],[92.01585524900008,21.61241022200005],[92.01043858200006,21.619835204000026],[92.01052563300004,21.62246273100004],[92.01790334000003,21.612719808000065],[92.01997173500007,21.607103405000032],[92.01717249900008,21.60054251100007],[92.01176553300007,21.597549581000067],[92.00787328400008,21.597548904000064],[92.01187992200005,21.594429398000045],[92.02538489800008,21.596718314000043],[92.03035148400005,21.601181429000064],[92.03148612800004,21.611680403000037],[92.03613150500007,21.612723379000045],[92.04756349200005,21.607742191000057],[92.04898476000005,21.601433014000065],[92.05449444100003,21.605571729000076],[92.06250708700009,21.599126742000067],[92.06120140000007,21.59646783200003],[92.06498984800004,21.597583289000056],[92.06579955900008,21.59914064000003],[92.06753275300008,21.597855649000053],[92.06956359500003,21.598617769000043],[92.06953346000006,21.593782735000048],[92.06753560500005,21.589049763000048],[92.06994182200003,21.584854693000068],[92.06793086000005,21.58122899500006],[92.07244708400003,21.575881652000078],[92.07517046500004,21.577581920000057],[92.07494243200006,21.57991639000005],[92.07695930300008,21.577387185000077],[92.07946801500003,21.57807861300006],[92.07948046000007,21.57992242100005],[92.08269046400005,21.580995615000063],[92.08280243000007,21.583423477000053],[92.08432611300003,21.582702549000032],[92.08393566600006,21.580972977000044],[92.08703837700006,21.582051093000075],[92.08911785600009,21.58116568300005],[92.08972566600005,21.578146883000045],[92.09167360400005,21.577771356000028],[92.09098059500008,21.58607474300004],[92.09244739100006,21.58332819900005],[92.09491117300007,21.58361187400004],[92.09657888000004,21.581079225000053],[92.10044431700004,21.582735033000063],[92.09803155300006,21.585195835000036],[92.10158101600007,21.587696004000065],[92.10221564700004,21.584462076000023],[92.10414461400006,21.584357841000042],[92.10319097700005,21.582048172000043],[92.10564457600003,21.583172793000074],[92.10640865700003,21.581970237000064],[92.11376564700004,21.581578128000046],[92.11571514800005,21.58903745300006],[92.11688089100005,21.58516572900004],[92.11582274500006,21.581657822000068],[92.11833944900008,21.581763816000034],[92.12146680600006,21.58592658400005],[92.12030562300004,21.582975971000053],[92.12143792900008,21.582577745000037],[92.14019445100007,21.600775044000045],[92.14189083900004,21.600809088000062],[92.14468649900004,21.607574396000075],[92.14056443400005,21.618326039000067],[92.12898545200005,21.624983732000032],[92.12423241100004,21.631086238000023],[92.11215362300004,21.633969129000036],[92.10726162800006,21.64129831100007],[92.09852066800005,21.644220593000057],[92.10279088600004,21.644315869000025],[92.10685091600004,21.648522323000066],[92.11096141500008,21.64783939600005],[92.11314804500006,21.650116344000025],[92.11438135100008,21.650771161000023],[92.11295241600004,21.65616815800007],[92.10159813100006,21.658626930000025],[92.10687449700004,21.660457589000032],[92.10803050300007,21.66538515600007],[92.11194921500004,21.665265910000073],[92.11195677300003,21.666738354000074],[92.10702778300004,21.670633344000066],[92.10655964400007,21.673654357000032],[92.10014456600004,21.673198651000064],[92.10327086600006,21.675880065000058],[92.10072285800004,21.684266457000035],[92.09923678600006,21.68539659700008],[92.09816330400008,21.683827577000045],[92.09229933000006,21.688654851000024],[92.09912717700007,21.695000279000055],[92.10171259600008,21.694170013000075],[92.10361138300004,21.696211380000022],[92.10187336200005,21.701707620000036],[92.10415818200005,21.70487006700006],[92.10847721600004,21.707446996000044],[92.11420814700006,21.705700231000037],[92.11339569400008,21.711522268000067],[92.10696147700008,21.718991162000066],[92.10759140700009,21.719857130000037],[92.11072121100005,21.717232865000028],[92.11594796200006,21.716340737000053],[92.11875735700005,21.718206863000034],[92.11735296600006,21.722740609000027],[92.11460564800007,21.724422358000027],[92.11488441600005,21.727044400000068],[92.11158982400008,21.728361720000066],[92.10957454300006,21.731042365000064],[92.11242284700006,21.73443874800006],[92.12140541100007,21.732700376000025],[92.12154755100005,21.735016830000063],[92.11658738200003,21.73748919700006],[92.11579776400004,21.741114570000036],[92.12256518800007,21.73870117100006],[92.13885635100007,21.73648953000003],[92.13829386600008,21.734157375000052],[92.13978229000008,21.732891391000067],[92.14581011900003,21.735971153000037],[92.15820027700005,21.73458872300006],[92.16159233300004,21.738558685000044],[92.16024244400006,21.742291688000023],[92.15730486100006,21.741656128000045],[92.15510291200007,21.745462005000036],[92.15707376500006,21.746447430000046],[92.15576865700007,21.74853801100005],[92.16088524900005,21.761991201000058],[92.16086265800004,21.769357609000053],[92.16620228100004,21.77286876100004],[92.16806351600007,21.778709740000068],[92.17512803600005,21.782607666000047],[92.17643089900008,21.789174037000066],[92.18067100300004,21.789158755000074],[92.18085332500004,21.778603819000068],[92.18869385800008,21.773853907000046],[92.19210305200005,21.774539318000052],[92.19223240100007,21.780105768000055],[92.19435453700004,21.78518663600005],[92.19838905000006,21.78632129700003],[92.19949873400003,21.78392118900007],[92.20237502700007,21.78459257700007],[92.20392615000009,21.783325754000032],[92.21091878500005,21.784751628000038],[92.21235719100008,21.786539496000046],[92.20735006200005,21.793356386000028],[92.20664807500003,21.798537973000066],[92.20349379800007,21.80452182600004],[92.20428962500006,21.81236926400004],[92.20569188200005,21.813873492000027],[92.20462955100004,21.81672620300003],[92.20263934000008,21.816455635000068],[92.20035286600006,21.81850970100004],[92.19770665300007,21.82455668800003],[92.19594032300006,21.825298374000056],[92.19398872900007,21.823960808000038],[92.19152132900007,21.824430993000078],[92.18973499300006,21.820048901000064],[92.18658390500008,21.819198122000046],[92.18496835900004,21.82922990000003],[92.18165158400006,21.830179911000073],[92.17909679600007,21.833469869000055],[92.17920194900006,21.83534250100007],[92.18298923700007,21.832805762000078],[92.18445166300006,21.83966080400006],[92.18238220300003,21.841993974000047],[92.18322262400005,21.845186538000064],[92.18031771300008,21.84776637600004],[92.17683431400008,21.846208164000075],[92.17288342400008,21.847231021000027],[92.16873460400006,21.84519829100003],[92.16976462700006,21.84126793100006],[92.16720434500007,21.84033566200003],[92.17170372300006,21.832572379000055],[92.17084066000007,21.83093969500004],[92.17518038800006,21.828556711000033],[92.17775783100006,21.822450254000046],[92.17986801600006,21.821539699000027],[92.17893673300006,21.818356479000045],[92.18019193000003,21.81623053100003],[92.17847639900003,21.813421122000022],[92.18084425000006,21.81021860000004],[92.18019660500005,21.804927621000047],[92.18495034100005,21.801810639000053],[92.18561433700006,21.799927265000065],[92.18525504000007,21.795405129000073],[92.18854840800003,21.789625735000072],[92.19032747800009,21.780999605000034],[92.18966411400004,21.776232617000062],[92.18249292300004,21.778821192000066],[92.18228876000006,21.789242649000073],[92.17965809500004,21.791388451000046],[92.17465667800008,21.789613917000054],[92.17408616400007,21.783601713000053],[92.16684135100007,21.779931861000023],[92.16533285100007,21.774602944000037],[92.15959778500007,21.777168903000074],[92.15761156700006,21.77979018600007],[92.15468379500004,21.780024510000032],[92.15154093800004,21.777063186000078],[92.15070897100009,21.77808173300008],[92.14813295800008,21.777266110000028],[92.14294726200006,21.779543873000023],[92.14059497100004,21.786834990000045],[92.13067464100004,21.79993922700004],[92.12848636600006,21.799495613000033],[92.12850659500003,21.797183871000072],[92.12432326600003,21.796769849000043],[92.12395515700007,21.794306196000036],[92.12120065700003,21.795335498000043],[92.11031507000007,21.794782987000076],[92.10814030500006,21.792487121000022],[92.10588242800009,21.79781311000005],[92.10313892500005,21.80031394200006],[92.10192858100004,21.804550797000047],[92.10285571000009,21.808275611000056],[92.09920297400004,21.808292184000038],[92.09740124200005,21.806340805000048],[92.09069666200008,21.80933252600005],[92.08942600100005,21.80819440500005],[92.08051918500007,21.809926177000023],[92.07655837500005,21.81733367100003],[92.08051572200009,21.823691818000043],[92.07751383700008,21.82452235200003],[92.07779016400008,21.825741661000052],[92.08140691800008,21.832060030000036],[92.08698868600004,21.833545280000067],[92.08979837700008,21.84015301000005],[92.08569211100007,21.848298831000022],[92.08527993600006,21.85393114900006],[92.08193833900003,21.857809647000067],[92.08265057700004,21.860686443000077],[92.08511307100008,21.86238406600006],[92.08173001800009,21.87275457900006],[92.08335956700006,21.876749133000033],[92.07952288000007,21.87692151400006],[92.08044992200007,21.889472564000073],[92.07592724000006,21.890239120000047],[92.07628015700004,21.894104499000036],[92.07173100700004,21.896148251000056],[92.07089855000004,21.900815911000052],[92.06871213100004,21.90236025400003],[92.06545552400007,21.903175533000024],[92.05968798100008,21.901991189000057],[92.06004910600006,21.907799492000038],[92.05717195900007,21.92405147100004],[92.05257523000006,21.922146200000043],[92.05102200600004,21.918187355000043],[92.04397725200005,21.922736737000037],[92.03929224700005,21.92366523800007],[92.04193105800005,21.919144293000045],[92.04131996700005,21.915908776000038],[92.04293096100008,21.912618011000063],[92.03796348200007,21.91097370500006],[92.03840642600005,21.90660982600008],[92.03625143100004,21.904015101000027],[92.03316371300008,21.906734535000055],[92.03134475700006,21.90535359100005],[92.02773143800005,21.90547577600006],[92.02637460900007,21.903879394000057],[92.01659063700004,21.90411136800003],[92.01314333400006,21.90270528900004],[92.00918666200005,21.904089919000057],[92.00803086000008,21.906637428000067],[92.00152085900004,21.90654207600005],[91.99878782500008,21.90798946600006],[91.99442387600004,21.90416766800007],[91.99022267500004,21.905209674000048],[91.99152844100007,21.904072925000037],[91.98276856000007,21.90131285800004]]]}},{"type":"Feature","id":"coxsbazar-coxsbazar-sadar","properties":{"canonical_id":"coxsbazar-coxsbazar-sadar","name_en":"Coxsbazar Sadar","name_bn":"কক্সবাজার সদর","district_id":"coxsbazar","division_id":"chittagong","pcode":"BD-B-11-152","parent_pcode":"BD2022","source_name":"Coxsbazar Sadar","match_method":"exact_name_or_alias","boundary_reference_year":"2020","boundary_source":"geoBoundaries gbOpen BGD ADM3 / BBS, OCHA ROAP","source_dataset_updated":"2026-08-09"},"geometry":{"type":"Polygon","coordinates":[[[92.00787328400008,21.597548904000064],[92.00159553900005,21.593753614000036],[91.99323406900004,21.576458415000047],[91.99222634500006,21.570018884000035],[91.99725852300008,21.549504599000045],[92.00087868100007,21.51918299400006],[92.00513900500005,21.51793692600006],[92.00920651900003,21.51197405100004],[92.01010426500005,21.507602638000037],[92.00889546800005,21.500926555000035],[92.01585565500005,21.501141263000022],[92.02034294000003,21.49786124900004],[92.01912118800004,21.49721901500004],[92.01635243300007,21.50011983400003],[92.00982787100008,21.49912322600005],[92.00710477100006,21.500709046000054],[92.00656017800009,21.502866124000036],[92.00873988300003,21.50821624200006],[92.00486832600006,21.514475622000077],[92.00169717100005,21.516006924000067],[91.98793119800007,21.487198861000024],[91.97955116200006,21.47403655200003],[91.97598880400005,21.474914941000065],[91.97415662700007,21.473921138000037],[91.97466439100003,21.468956691000074],[91.96982488700007,21.457902468000043],[91.96810587000004,21.458221583000068],[91.96885235800005,21.46149821700004],[91.97280619700007,21.470770773000027],[91.96969180200006,21.476482815000054],[91.96248086000008,21.474169544000063],[91.95247742400005,21.466831307000064],[91.94881616400005,21.460231161000024],[91.95715699000004,21.442546599000025],[91.97582893200007,21.422780911000075],[91.98296174400008,21.41806073500004],[91.98827488700005,21.407149503000028],[91.99959572500006,21.39415346900006],[92.00045534500003,21.39686782600006],[92.00419123800003,21.397462160000032],[92.00717425500005,21.39456103400005],[92.02138767400004,21.39727176200006],[92.02309840400005,21.400442222000038],[92.02516942500006,21.40114675600006],[92.02163058200006,21.407088791000035],[92.02681520300007,21.412096285000075],[92.02957513500007,21.41963206300005],[92.03200366400006,21.421189265000066],[92.03160082300008,21.424749577000057],[92.03489045300006,21.424404270000025],[92.03626286000008,21.428821839000022],[92.04094005600007,21.42885012200003],[92.04606367200006,21.425398978000032],[92.04862808400009,21.427171286000032],[92.05253098500003,21.42610806600004],[92.05129528100008,21.421712976000038],[92.05249141300004,21.420431441000062],[92.06520896300003,21.423628690000044],[92.06800163000008,21.42772700300003],[92.06780054500007,21.424920868000072],[92.06936321800003,21.42510504300003],[92.06932199200008,21.43295596100006],[92.06423268200007,21.445417419000023],[92.06226802200007,21.446073529000046],[92.06460028200007,21.459875899000053],[92.06302116900008,21.46497443000004],[92.06497716000007,21.473951552000074],[92.06320730000004,21.474763895000024],[92.06193090900007,21.473493306000023],[92.05868552100009,21.476155100000028],[92.06353371100005,21.481536709000068],[92.05798083000008,21.484537415000034],[92.06524404200007,21.48808187800006],[92.06823938400004,21.483678112000064],[92.06893864400007,21.485663302000034],[92.07118467200007,21.486531504000027],[92.07123075100009,21.484205205000023],[92.07500982100004,21.484866388000057],[92.07479173400009,21.48296753900007],[92.07584515900004,21.482960382000044],[92.07750475300008,21.48499991400007],[92.07894602500005,21.493444431000057],[92.07509404400008,21.49063576700007],[92.06677314900008,21.49292891500005],[92.06207377400005,21.492709864000062],[92.05891203700008,21.49787164600008],[92.06029464300008,21.507650288000036],[92.05764370400004,21.506959665000068],[92.05750379500006,21.510389460000056],[92.05119103200008,21.508884769000076],[92.04495867000009,21.509497448000047],[92.04406228600004,21.511217251000062],[92.04562555800004,21.515515454000024],[92.04421580600007,21.519906527000046],[92.05431938400005,21.52139558400006],[92.06304318100007,21.51956869600008],[92.06601073700006,21.521047185000043],[92.06836612200004,21.51992922200003],[92.07829174300008,21.521704896000074],[92.08631675900006,21.51874452800007],[92.08493480200008,21.514429852000035],[92.09975631700007,21.513360716000022],[92.10459621000007,21.513701336000054],[92.10750984800006,21.517530545000056],[92.11178505600003,21.513138111000046],[92.11514527400004,21.513637964000054],[92.11872377200007,21.51176076400003],[92.11865833800005,21.50666380200005],[92.12069723000008,21.50273414000003],[92.12299099900008,21.50211884500004],[92.12836049800006,21.503691796000055],[92.12771057700007,21.505490397000074],[92.12994034300004,21.50557371600007],[92.13038721400005,21.508426196000073],[92.13405198300006,21.509631247000073],[92.13251442000006,21.512059803000056],[92.13357259200006,21.51368758500007],[92.13041915900004,21.515458919000025],[92.13026149100006,21.518214128000068],[92.12888766000003,21.51897386400003],[92.13081304700006,21.519348044000026],[92.13137953100005,21.524025980000033],[92.12810363100004,21.530655609000064],[92.12538976700006,21.54474631200003],[92.11871948800007,21.547094236000078],[92.11398619500005,21.544736103000048],[92.10955740000009,21.546445942000048],[92.10637123400005,21.54459854600003],[92.10418553400007,21.547613041000034],[92.09465528900006,21.547923570000023],[92.08607090200007,21.551183235000053],[92.08989640500005,21.552348529000028],[92.09077459600007,21.555107967000026],[92.09653727700004,21.558727986000065],[92.09960387800004,21.558081492000042],[92.10436754900007,21.559475331000044],[92.10761312900007,21.562572169000077],[92.10568278100004,21.570203199000048],[92.10082677600008,21.56942015900006],[92.09814060500008,21.571065995000026],[92.10640865700003,21.581970237000064],[92.10564457600003,21.583172793000074],[92.10319097700005,21.582048172000043],[92.10414461400006,21.584357841000042],[92.10221564700004,21.584462076000023],[92.10158101600007,21.587696004000065],[92.09803155300006,21.585195835000036],[92.10044431700004,21.582735033000063],[92.09657888000004,21.581079225000053],[92.09491117300007,21.58361187400004],[92.09244739100006,21.58332819900005],[92.09098059500008,21.58607474300004],[92.09167360400005,21.577771356000028],[92.08972566600005,21.578146883000045],[92.08911785600009,21.58116568300005],[92.08703837700006,21.582051093000075],[92.08393566600006,21.580972977000044],[92.08432611300003,21.582702549000032],[92.08280243000007,21.583423477000053],[92.08269046400005,21.580995615000063],[92.07948046000007,21.57992242100005],[92.07946801500003,21.57807861300006],[92.07695930300008,21.577387185000077],[92.07494243200006,21.57991639000005],[92.07517046500004,21.577581920000057],[92.07244708400003,21.575881652000078],[92.06793086000005,21.58122899500006],[92.06994182200003,21.584854693000068],[92.06753560500005,21.589049763000048],[92.06953346000006,21.593782735000048],[92.06956359500003,21.598617769000043],[92.06753275300008,21.597855649000053],[92.06579955900008,21.59914064000003],[92.06498984800004,21.597583289000056],[92.06120140000007,21.59646783200003],[92.06250708700009,21.599126742000067],[92.05449444100003,21.605571729000076],[92.04898476000005,21.601433014000065],[92.04756349200005,21.607742191000057],[92.03613150500007,21.612723379000045],[92.03148612800004,21.611680403000037],[92.03035148400005,21.601181429000064],[92.02538489800008,21.596718314000043],[92.01187992200005,21.594429398000045],[92.00787328400008,21.597548904000064]]]}},{"type":"Feature","id":"coxsbazar-kutubdia","properties":{"canonical_id":"coxsbazar-kutubdia","name_en":"Kutubdia","name_bn":"কুতুবদিয়া","district_id":"coxsbazar","division_id":"chittagong","pcode":"BD-B-11-154","parent_pcode":"BD2022","source_name":"Kutubdia","match_method":"exact_name_or_alias","boundary_reference_year":"2020","boundary_source":"geoBoundaries gbOpen BGD ADM3 / BBS, OCHA ROAP","source_dataset_updated":"2026-08-09"},"geometry":{"type":"Polygon","coordinates":[[[91.87017460400006,21.923086931000057],[91.86413610800008,21.919560501000035],[91.85673018900007,21.90726210200006],[91.84633437400004,21.899350240000047],[91.84747364200007,21.880459951000034],[91.84259469600005,21.875353182000026],[91.84084498500005,21.85869372700006],[91.84722058300008,21.84490624500006],[91.85176215600006,21.82788927200005],[91.84848969600006,21.816169324000043],[91.84212964000005,21.805105214000037],[91.84471717500008,21.775397534000035],[91.83311537400004,21.760281100000043],[91.82942675100009,21.742716898000026],[91.82938128100005,21.72323065200004],[91.83361263300009,21.72114639600005],[91.84336844600006,21.722108346000027],[91.84571850100008,21.724292638000065],[91.84657521800005,21.729785820000075],[91.84522961300007,21.740558484000076],[91.85072453700008,21.745078352000064],[91.87732203100006,21.821435420000057],[91.88625709800004,21.83930292900004],[91.89462820100005,21.860808226000074],[91.89565701700008,21.88440448800003],[91.89265855400004,21.895813195000073],[91.87980459500005,21.92114603400006],[91.87376497500009,21.923413227000026],[91.87017460400006,21.923086931000057]]]}},{"type":"Feature","id":"coxsbazar-moheshkhali","properties":{"canonical_id":"coxsbazar-moheshkhali","name_en":"Moheshkhali","name_bn":"মহেশখালী","district_id":"coxsbazar","division_id":"chittagong","pcode":"BD-B-11-156","parent_pcode":"BD2022","source_name":"Moheshkhali","match_method":"exact_name_or_alias","boundary_reference_year":"2020","boundary_source":"geoBoundaries gbOpen BGD ADM3 / BBS, OCHA ROAP","source_dataset_updated":"2026-08-09"},"geometry":{"type":"MultiPolygon","coordinates":[[[[91.97142150400003,21.502234263000048],[91.97258096900003,21.50300911100004],[91.97169186200006,21.505241864000027],[91.96570142300004,21.504093845000057],[91.96727991900008,21.50185299700007],[91.97142150400003,21.502234263000048]]],[[[91.85107342400005,21.523475078000047],[91.84700924600008,21.52925525300003],[91.84649884500004,21.525246309000067],[91.85107342400005,21.523475078000047]]],[[[91.84132032500008,21.527740980000033],[91.84168938000005,21.53877706000003],[91.84055282800006,21.539793257000042],[91.83796228200003,21.53487526500004],[91.84132032500008,21.527740980000033]]],[[[91.99209468100008,21.59401099300004],[91.99826742100004,21.600722972000028],[91.99641986500006,21.60757912300005],[91.99183560100005,21.60123020900005],[91.99094136700006,21.595601849000047],[91.99209468100008,21.59401099300004]]],[[[91.86332945900006,21.600616253000055],[91.86596030900006,21.622475591000068],[91.85447537200008,21.615626358000043],[91.85069056500004,21.611415201000057],[91.84663578100003,21.610074202000078],[91.84914986200005,21.59876717900005],[91.85217287300009,21.599402741000063],[91.85292167800009,21.598008332000063],[91.85222810600004,21.583630648000053],[91.85072176600005,21.581735515000048],[91.85604288900004,21.582249787000023],[91.85991984100008,21.585743240000056],[91.86186116000005,21.58973608100007],[91.86332945900006,21.600616253000055]]],[[[92.00640499200006,21.601628599000037],[92.00875101200006,21.604993406000062],[92.00838287800008,21.611640436000073],[92.00042291000005,21.623683581000023],[92.00527871700007,21.601451116000078],[92.00640499200006,21.601628599000037]]],[[[91.88315678900005,21.643527646000052],[91.88594938900007,21.646005012000046],[91.88170011400007,21.64354415400004],[91.88315678900005,21.643527646000052]]],[[[91.94869409100005,21.72269050500006],[91.94389693800008,21.723263349000035],[91.94304046500008,21.72857609600004],[91.94427255800008,21.731249810000065],[91.94173311500003,21.73230379900008],[91.93373893000006,21.72920089300004],[91.92985091400004,21.725131412000053],[91.92383338000008,21.722442389000037],[91.90940087800004,21.726539708000075],[91.90639750200006,21.732604389000073],[91.91318618100007,21.74770958700003],[91.91357269800005,21.752210860000048],[91.90090143100008,21.760860738000076],[91.88502081900003,21.765238968000062],[91.87175472300004,21.718949601000077],[91.86405673200005,21.709000193000065],[91.85823411300004,21.697643287000062],[91.85982898700007,21.69442345500005],[91.85573492400005,21.68620125700005],[91.85542129000004,21.677649935000034],[91.85700629800004,21.67027489000003],[91.86385333200008,21.665968559000078],[91.86334352500006,21.662103150000064],[91.86873777200003,21.658171383000024],[91.87735262600006,21.648324713000022],[91.88247648000004,21.64726309300005],[91.88588623400005,21.65002020700007],[91.88744709100007,21.649142229000063],[91.88798637000008,21.65522949500007],[91.87766939600004,21.67419768800005],[91.87811484500008,21.68489801100003],[91.88073110300007,21.689456328000063],[91.88600397800008,21.693841021000026],[91.90423532800008,21.699797641000032],[91.90531677800004,21.698581225000055],[91.89766885900008,21.694281411000077],[91.88370480100008,21.690091747000054],[91.87978650500008,21.683684382000024],[91.87914872400006,21.67786097000004],[91.88066617500004,21.672634328000072],[91.88715388700007,21.66434066200003],[91.89173943100008,21.65530362000004],[91.89201110700003,21.64478654000004],[91.88952449400006,21.638315315000057],[91.88582669000004,21.633628515000055],[91.88750020700007,21.63260589300006],[91.88484258100004,21.628693259000045],[91.88633947400007,21.62588047500003],[91.88290659700004,21.627209770000036],[91.88202383300006,21.630087264000053],[91.88025383700005,21.623655430000042],[91.87248286600004,21.621520829000076],[91.86898659300005,21.614964891000056],[91.86940122200008,21.605425742000023],[91.86539880500004,21.595219279000048],[91.86613765500005,21.593060070000035],[91.86858189000009,21.592387451000036],[91.87600134000007,21.603057429000046],[91.87883724000005,21.603025424000066],[91.88168828100004,21.610090266000043],[91.88238962400004,21.61689264100005],[91.88345255200005,21.616092042000048],[91.88355293100005,21.612004720000073],[91.87939855700006,21.59900457400005],[91.88259255400004,21.597032901000034],[91.88232554600006,21.59416841700005],[91.87514804800009,21.590378024000074],[91.87192842100006,21.58439247800004],[91.87109846700008,21.576444432000073],[91.87436414000007,21.574113689000058],[91.87334674400006,21.57247631200005],[91.86149316500007,21.574544810000077],[91.85920703900007,21.566541237000024],[91.86485140200006,21.55844904500003],[91.86985670700005,21.560328537000032],[91.87123254000005,21.554076214000077],[91.87577147100006,21.552448050000066],[91.88199229300005,21.54757482800005],[91.89069869100007,21.54532567600006],[91.89006998900004,21.544114112000045],[91.88434056000006,21.545469350000076],[91.88607955000003,21.543657488000065],[91.88408017300009,21.543106591000026],[91.88518494200008,21.53965308200003],[91.88214817800008,21.541838029000075],[91.87460418700005,21.542138081000076],[91.87312000100007,21.53993242400003],[91.86143657200006,21.543074183000044],[91.85047660500004,21.53079398600005],[91.85435068100008,21.52515922400005],[91.86532607800007,21.520663866000064],[91.86188647700004,21.518264861000034],[91.85316794400006,21.522519870000053],[91.85597991200007,21.51768545400006],[91.85602055800007,21.514473673000055],[91.86027121700005,21.513166432000048],[91.86262802100003,21.505732204000026],[91.86625638100008,21.505883046000065],[91.86828873000007,21.50108087800004],[91.87220805500004,21.50008132100004],[91.87920877900007,21.492451410000058],[91.88619755500008,21.48792796500004],[91.89139236900007,21.48289876000007],[91.89192227600006,21.480455362000043],[91.89472920500003,21.480327885000065],[91.90344481200003,21.47521069100003],[91.90473249500008,21.476056276000065],[91.90991362100004,21.473989897000024],[91.91461133100006,21.477902959000062],[91.91456947100005,21.47470148900004],[91.91114770400009,21.470726137000042],[91.91623916700007,21.469664230000035],[91.92196304300006,21.481737387000067],[91.92598104900009,21.484415238000054],[91.92729187600008,21.483109755000044],[91.93026204700004,21.483792341000026],[91.93141777400007,21.48234524700007],[91.93767517000003,21.488342472000056],[91.93406243500004,21.489292273000046],[91.92725669300006,21.488223934000075],[91.91931330100005,21.489940199000046],[91.91383919800006,21.493061854000075],[91.91249624400007,21.49580135800005],[91.90339146300005,21.502500637000026],[91.90513957500008,21.503388650000034],[91.92182907600005,21.490962875000037],[91.92428105300007,21.491030042000034],[91.92630434900008,21.493444083000043],[91.93941578000005,21.491712714000073],[91.94127853900005,21.493554927000048],[91.94139697700007,21.49670776100004],[91.93834143900006,21.503123361000064],[91.95228375900007,21.503175983000062],[91.95668008300004,21.505418473000077],[91.97190394000006,21.506744755000057],[91.97599135600007,21.50877530200006],[91.97756488900006,21.51183913600005],[91.97838143800004,21.52688335700003],[91.98173437600008,21.544218138000076],[91.98102534800006,21.552207295000073],[91.98489258000006,21.596080232000077],[91.98764998300004,21.610909950000064],[91.99011476000004,21.615515953000056],[91.98897111800005,21.602865524000038],[91.99304247600008,21.605397423000056],[91.99243208200005,21.613050943000076],[91.98903060400005,21.62962670400003],[91.98298217400009,21.64336695800006],[91.97771475100006,21.650693860000047],[91.96383592200004,21.66390517800005],[91.96053396200006,21.669248879000065],[91.94818216000004,21.70499774900003],[91.94582047000006,21.715730517000054],[91.94740778300007,21.71585523500005],[91.96306786100007,21.669481672000074],[91.96870245800005,21.662724281000067],[91.97872683600008,21.655532338000057],[91.98682165200006,21.64563895400005],[91.99396465900008,21.63351018700007],[91.99732178300007,21.632322927000075],[92.00055681400005,21.62586832200003],[92.00314616400004,21.63599927000007],[92.00184987000006,21.644878255000037],[92.00545953800008,21.654090893000046],[92.00356299200007,21.66099285200005],[92.00019989400005,21.66345287000007],[91.98769792000007,21.659672586000056],[91.97179026700007,21.669996604000062],[91.95267922200009,21.70040442000004],[91.94869409100005,21.72269050500006]]]]}},{"type":"Feature","id":"coxsbazar-pekua","properties":{"canonical_id":"coxsbazar-pekua","name_en":"Pekua","name_bn":"পেকুয়া","district_id":"coxsbazar","division_id":"chittagong","pcode":"BD-B-11-157","parent_pcode":"BD2022","source_name":"Pekua","match_method":"exact_name_or_alias","boundary_reference_year":"2020","boundary_source":"geoBoundaries gbOpen BGD ADM3 / BBS, OCHA ROAP","source_dataset_updated":"2026-08-09"},"geometry":{"type":"Polygon","coordinates":[[[91.91656643800007,21.858419516000026],[91.91501520300005,21.839844975000062],[91.90893574700004,21.816403625000078],[91.88502081900003,21.765238968000062],[91.90090143100008,21.760860738000076],[91.91357269800005,21.752210860000048],[91.91318618100007,21.74770958700003],[91.90639750200006,21.732604389000073],[91.90940087800004,21.726539708000075],[91.92383338000008,21.722442389000037],[91.92985091400004,21.725131412000053],[91.93373893000006,21.72920089300004],[91.94173311500003,21.73230379900008],[91.94427255800008,21.731249810000065],[91.94304046500008,21.72857609600004],[91.94389693800008,21.723263349000035],[91.94869409100005,21.72269050500006],[91.94769165000008,21.725943909000023],[91.94979684000003,21.72764041100004],[91.94927036100006,21.73061897900004],[91.94767083500005,21.737668813000028],[91.94496284300004,21.73904347100006],[91.94339603900005,21.748590001000025],[91.94432776700006,21.75752324800004],[91.94900747600008,21.76570904500005],[91.94754232500009,21.783129772000052],[91.94914888300008,21.78363914700003],[91.95115908800005,21.78905466200007],[91.95914456600008,21.794841897000026],[91.96953581200006,21.793174589000046],[91.97776912500007,21.79467131000007],[91.98576950800003,21.799165002000052],[91.98972838200007,21.80315472600006],[91.99202462400007,21.803467957000066],[91.99546433100005,21.80085291000006],[91.99962049500004,21.800399071000072],[92.00862411200006,21.808848476000037],[92.01210745400004,21.80954348000006],[92.01500416100004,21.807664457000044],[92.01802924700007,21.80869737200004],[92.02045617400006,21.810217029000057],[92.02126886900004,21.81278112800004],[92.01887249500004,21.81611515000003],[92.01862126700007,21.819319627000027],[92.02058512800005,21.817809470000043],[92.02209779500004,21.81834774500004],[92.02435507400008,21.822101127000053],[92.02323583600008,21.822935805000043],[92.02809532000003,21.82679942900006],[92.02544837900007,21.827840001000027],[92.02700790000006,21.83876832800007],[92.02121455400004,21.839114308000035],[92.02162341100006,21.840889477000076],[92.01932390800005,21.84150832100005],[92.01809387700007,21.83967461800006],[92.01492401500008,21.83892770400007],[92.01613218200004,21.841792053000063],[92.01499448600003,21.84266077700005],[92.01781757100008,21.842945433000068],[92.01708036100007,21.844823253000072],[92.01882252800004,21.84816446700006],[92.01292906100008,21.853303632000063],[92.01363473000004,21.858226081000055],[92.00767310400005,21.855331930000034],[92.00403260500008,21.85610688400004],[92.00373781900004,21.85348251000005],[92.00044336700006,21.85196979500006],[91.99183679200007,21.854415265000057],[91.99517503100003,21.862257663000037],[91.99382485600006,21.86687379500006],[91.99642368600007,21.867608810000036],[91.99514442700007,21.869452765000062],[92.00008518200008,21.869704976000037],[92.00257249200007,21.868075745000056],[92.00252146500009,21.870919367000056],[92.00440534200004,21.871458335000057],[92.00587246800006,21.869132834000027],[92.01093496600004,21.869055306000064],[92.01046751000007,21.87069275500005],[92.01454470800007,21.872445135000078],[92.01387693700008,21.874370354000064],[92.01797613500008,21.87264639400007],[92.01791888100007,21.876701601000036],[92.01203171400005,21.87978312300004],[92.00587457000006,21.877458885000067],[92.00228923500003,21.88049339500003],[91.99977640600008,21.880654032000052],[91.99411071700007,21.877002336000032],[91.99337828300008,21.872989107000024],[91.99151089400004,21.872504277000075],[91.98700771400007,21.883987744000024],[91.98285171500004,21.883756764000054],[91.98052917400008,21.885792672000036],[91.98090862600009,21.88760697500004],[91.98549244300006,21.88968218100007],[91.98481276300004,21.890824029000044],[91.98148221900004,21.889640196000073],[91.98356335600005,21.892358528000045],[91.98080824600004,21.89277326100006],[91.98109017400003,21.894268140000065],[91.98825773800007,21.897812372000033],[91.98276856000007,21.90131285800004],[91.97972892000007,21.901064422000047],[91.97838953400009,21.90270664800005],[91.97185331900005,21.904257991000065],[91.97042852300007,21.89736700800006],[91.96585570600007,21.89199751500007],[91.96650433600007,21.89034388700003],[91.97006776800004,21.889556793000054],[91.96399632900005,21.882750048000048],[91.96077542200004,21.882483642000068],[91.95849613300004,21.88394584200006],[91.96021160100008,21.89007915700006],[91.95758902500006,21.892098584000053],[91.95394169800005,21.889447879000045],[91.95098506200009,21.88341216400005],[91.94451952200006,21.88496606500007],[91.94302248500009,21.881287240000063],[91.93882136200006,21.87780196400007],[91.92870068700006,21.878580073000023],[91.92390253900004,21.877172036000047],[91.92188506600007,21.87301278800004],[91.92516814300006,21.86598467400006],[91.92492836900004,21.861225552000064],[91.92140174500008,21.858002249000037],[91.91656643800007,21.858419516000026]]]}},{"type":"Feature","id":"coxsbazar-ramu","properties":{"canonical_id":"coxsbazar-ramu","name_en":"Ramu","name_bn":"রামু","district_id":"coxsbazar","division_id":"chittagong","pcode":"BD-B-11-158","parent_pcode":"BD2022","source_name":"Ramu","match_method":"exact_name_or_alias","boundary_reference_year":"2020","boundary_source":"geoBoundaries gbOpen BGD ADM3 / BBS, OCHA ROAP","source_dataset_updated":"2026-08-09"},"geometry":{"type":"Polygon","coordinates":[[[92.10640865700003,21.581970237000064],[92.09814060500008,21.571065995000026],[92.10082677600008,21.56942015900006],[92.10568278100004,21.570203199000048],[92.10761312900007,21.562572169000077],[92.10436754900007,21.559475331000044],[92.09960387800004,21.558081492000042],[92.09653727700004,21.558727986000065],[92.09077459600007,21.555107967000026],[92.08989640500005,21.552348529000028],[92.08607090200007,21.551183235000053],[92.09465528900006,21.547923570000023],[92.10418553400007,21.547613041000034],[92.10637123400005,21.54459854600003],[92.10955740000009,21.546445942000048],[92.11398619500005,21.544736103000048],[92.11871948800007,21.547094236000078],[92.12538976700006,21.54474631200003],[92.12810363100004,21.530655609000064],[92.13137953100005,21.524025980000033],[92.13081304700006,21.519348044000026],[92.12888766000003,21.51897386400003],[92.13026149100006,21.518214128000068],[92.13041915900004,21.515458919000025],[92.13357259200006,21.51368758500007],[92.13251442000006,21.512059803000056],[92.13405198300006,21.509631247000073],[92.13038721400005,21.508426196000073],[92.12994034300004,21.50557371600007],[92.12771057700007,21.505490397000074],[92.12836049800006,21.503691796000055],[92.12299099900008,21.50211884500004],[92.12069723000008,21.50273414000003],[92.11865833800005,21.50666380200005],[92.11872377200007,21.51176076400003],[92.11514527400004,21.513637964000054],[92.11178505600003,21.513138111000046],[92.10750984800006,21.517530545000056],[92.10459621000007,21.513701336000054],[92.09975631700007,21.513360716000022],[92.08493480200008,21.514429852000035],[92.08631675900006,21.51874452800007],[92.07829174300008,21.521704896000074],[92.06836612200004,21.51992922200003],[92.06601073700006,21.521047185000043],[92.06304318100007,21.51956869600008],[92.05431938400005,21.52139558400006],[92.04421580600007,21.519906527000046],[92.04562555800004,21.515515454000024],[92.04406228600004,21.511217251000062],[92.04495867000009,21.509497448000047],[92.05119103200008,21.508884769000076],[92.05750379500006,21.510389460000056],[92.05764370400004,21.506959665000068],[92.06029464300008,21.507650288000036],[92.05891203700008,21.49787164600008],[92.06207377400005,21.492709864000062],[92.06677314900008,21.49292891500005],[92.07509404400008,21.49063576700007],[92.07894602500005,21.493444431000057],[92.07750475300008,21.48499991400007],[92.07584515900004,21.482960382000044],[92.07479173400009,21.48296753900007],[92.07500982100004,21.484866388000057],[92.07123075100009,21.484205205000023],[92.07118467200007,21.486531504000027],[92.06893864400007,21.485663302000034],[92.06823938400004,21.483678112000064],[92.06524404200007,21.48808187800006],[92.05798083000008,21.484537415000034],[92.06353371100005,21.481536709000068],[92.05868552100009,21.476155100000028],[92.06193090900007,21.473493306000023],[92.06320730000004,21.474763895000024],[92.06497716000007,21.473951552000074],[92.06302116900008,21.46497443000004],[92.06460028200007,21.459875899000053],[92.06226802200007,21.446073529000046],[92.06423268200007,21.445417419000023],[92.06932199200008,21.43295596100006],[92.06936321800003,21.42510504300003],[92.06780054500007,21.424920868000072],[92.06800163000008,21.42772700300003],[92.06520896300003,21.423628690000044],[92.05249141300004,21.420431441000062],[92.05129528100008,21.421712976000038],[92.05253098500003,21.42610806600004],[92.04862808400009,21.427171286000032],[92.04606367200006,21.425398978000032],[92.04094005600007,21.42885012200003],[92.03626286000008,21.428821839000022],[92.03489045300006,21.424404270000025],[92.03160082300008,21.424749577000057],[92.03200366400006,21.421189265000066],[92.02957513500007,21.41963206300005],[92.02681520300007,21.412096285000075],[92.02163058200006,21.407088791000035],[92.02516942500006,21.40114675600006],[92.02309840400005,21.400442222000038],[92.02138767400004,21.39727176200006],[92.00717425500005,21.39456103400005],[92.00419123800003,21.397462160000032],[92.00045534500003,21.39686782600006],[91.99959572500006,21.39415346900006],[92.02042904800004,21.362750101000074],[92.02366114500006,21.35195305600007],[92.02730390500005,21.347039903000052],[92.03490542600008,21.328596676000075],[92.03502100100008,21.314784085000042],[92.04098079800008,21.310554137000054],[92.04007791800007,21.30798443900005],[92.04275782700006,21.303026269000043],[92.04769962400007,21.300011315000063],[92.05715528200005,21.289026190000072],[92.06133791800005,21.291139658000077],[92.06275253600006,21.289880550000078],[92.06470341200009,21.292996337000034],[92.07353459600006,21.29295944100005],[92.07642840000005,21.300153652000063],[92.07921308000005,21.29854560900003],[92.07983268300006,21.301957593000054],[92.08200058700004,21.299963715000047],[92.08343430900004,21.30352703400007],[92.08630233700006,21.302662050000038],[92.08259893800005,21.307630669000048],[92.08699243900008,21.306787413000052],[92.08825752300004,21.309187773000076],[92.09122771400007,21.30817355100004],[92.10026522700008,21.314541735000034],[92.10227045000005,21.31915234300004],[92.10847064200004,21.323370563000026],[92.10706453800003,21.32593433100004],[92.10800301100005,21.327574646000073],[92.11300451700004,21.327895367000053],[92.11840840300005,21.32599013300006],[92.12060868400005,21.32961872900006],[92.11945649500007,21.333071742000072],[92.12197056400004,21.33404666100006],[92.12698855100007,21.341968662000056],[92.12918566700006,21.34246686800003],[92.13079914700006,21.34510003400004],[92.13826713300006,21.346043087000055],[92.14042738100005,21.349016299000027],[92.14311801700006,21.34876524500004],[92.14247324200005,21.35410242000006],[92.13940643600006,21.360195756000053],[92.13940102100008,21.366874016000054],[92.13555407700005,21.37558006200004],[92.13129067400007,21.38035988000007],[92.13122977900008,21.38709670700007],[92.12834244500004,21.393378394000024],[92.12909865800003,21.39678211300003],[92.12651199100009,21.400908961000027],[92.13073916700006,21.402396416000045],[92.13407870600008,21.40189646400006],[92.13664832700005,21.403493758000025],[92.14010814600005,21.399126753000075],[92.14351967700009,21.39997634300005],[92.14610658200007,21.406426656000065],[92.15240459800003,21.409078473000022],[92.15600134300007,21.412507868000034],[92.15402255000004,21.41595957800007],[92.15597510100008,21.418562914000063],[92.15565622400004,21.42488445600003],[92.16361691200007,21.43177507300004],[92.16750650400007,21.429669471000068],[92.17660483700007,21.430092691000027],[92.17898817900004,21.431788759000028],[92.18269320400003,21.424057852000033],[92.18779267600007,21.426484543000072],[92.18947502900005,21.424179835000075],[92.18949841400007,21.420655131000046],[92.19147815000008,21.41885617300005],[92.19196318300004,21.413755550000076],[92.19624982700003,21.40694410900005],[92.19553379500007,21.405934186000025],[92.19893234100005,21.402788532000045],[92.19812751100005,21.397694099000034],[92.20188080600008,21.390525511000078],[92.20621220900006,21.39327644900004],[92.21404159800005,21.39498945200006],[92.22004897700003,21.400789565000025],[92.22567060800009,21.398835862000055],[92.22971744100005,21.400304799000025],[92.23552867300003,21.397831836000023],[92.24373685400008,21.400324543000067],[92.24683659300007,21.40251008000007],[92.24703974700003,21.408070785000064],[92.23788210500004,21.41366621800006],[92.24173527300007,21.425826596000036],[92.23341767000005,21.42958764900004],[92.23450440900007,21.43282881500005],[92.23281051000004,21.434529342000076],[92.23291712600007,21.440385699000046],[92.22936900800005,21.446342711000057],[92.23060520600006,21.447752723000065],[92.23520339300006,21.44748845500004],[92.23514330300009,21.453234988000077],[92.24225126700009,21.45213299200003],[92.23844805900006,21.457049212000072],[92.24032167300004,21.460507782000036],[92.23764213900006,21.46704706400004],[92.23987036400007,21.47199988600005],[92.23875990600004,21.475324872000044],[92.23265198100006,21.478499131000035],[92.23191956700003,21.48219096400004],[92.22983692400004,21.482396836000078],[92.22683527900006,21.47887558900004],[92.22426606700003,21.48340741000004],[92.22164097900009,21.48319598200004],[92.22289450000005,21.494658663000052],[92.21674436900008,21.498626226000056],[92.21730741500005,21.503662405000057],[92.20797316200009,21.505928260000076],[92.20431259800006,21.502507324000078],[92.20261577400004,21.50324649600003],[92.20142725200003,21.51407084400006],[92.19724157600007,21.51363808900004],[92.19367995200008,21.51503920700003],[92.19134540500005,21.511394823000046],[92.18622079100004,21.510239829000056],[92.18510450700006,21.50770534800006],[92.18581078900007,21.50101082200007],[92.18424082500007,21.501689456000065],[92.18229508000007,21.50701233600006],[92.18254143700005,21.512322634000043],[92.17479986000006,21.507480963000035],[92.16895734400003,21.514263758000027],[92.17009670200008,21.519949388000043],[92.16624326700008,21.52212217700003],[92.16386051700005,21.52829914800003],[92.15953529400008,21.533179996000058],[92.15925554900008,21.541509115000053],[92.16295753600008,21.542997425000067],[92.16629562000008,21.548982154000043],[92.17727687400009,21.55492889900006],[92.18467492300005,21.568387677000032],[92.17853764600005,21.572317243000043],[92.17504869200008,21.578449573000057],[92.17568769900004,21.580710940000074],[92.17211422000008,21.583866861000047],[92.17288089800007,21.586637349000057],[92.16862778100005,21.588055557000075],[92.16900510400006,21.590010506000056],[92.17292753000004,21.59186360700005],[92.17357869200004,21.59998577300007],[92.16669030300005,21.605620264000038],[92.16104906600003,21.605537319000064],[92.15986764300004,21.601289202000032],[92.14893802500006,21.595572834000052],[92.14682058000005,21.596242176000032],[92.14633808500008,21.59982219500006],[92.14189083900004,21.600809088000062],[92.14019445100007,21.600775044000045],[92.12143792900008,21.582577745000037],[92.12030562300004,21.582975971000053],[92.12146680600006,21.58592658400005],[92.11833944900008,21.581763816000034],[92.11582274500006,21.581657822000068],[92.11688089100005,21.58516572900004],[92.11571514800005,21.58903745300006],[92.11376564700004,21.581578128000046],[92.10640865700003,21.581970237000064]]]}},{"type":"Feature","id":"coxsbazar-teknaf","properties":{"canonical_id":"coxsbazar-teknaf","name_en":"Teknaf","name_bn":"টেকনাফ","district_id":"coxsbazar","division_id":"chittagong","pcode":"BD-B-11-159","parent_pcode":"BD2022","source_name":"Teknaf","match_method":"exact_name_or_alias","boundary_reference_year":"2020","boundary_source":"geoBoundaries gbOpen BGD ADM3 / BBS, OCHA ROAP","source_dataset_updated":"2026-08-09"},"geometry":{"type":"MultiPolygon","coordinates":[[[[92.32719051500004,20.635427098000036],[92.32308115100005,20.635625811000068],[92.31843337300006,20.633728958000063],[92.31504878600003,20.62813565700003],[92.32494986100005,20.61825420400004],[92.32668039100008,20.603560576000064],[92.32393765700004,20.60006118000007],[92.32456449600005,20.594557117000022],[92.32694267300008,20.59075009000003],[92.33028988900008,20.590609348000044],[92.33172018200008,20.591211478000048],[92.33204729400006,20.601051143000063],[92.32618569800007,20.61775979500004],[92.32719051500004,20.635427098000036]]],[[[92.28669777000005,20.904489128000023],[92.28536578000006,20.910527998000077],[92.27956492900006,20.920401601000037],[92.27288319600007,20.925890646000028],[92.27181377800008,20.922416578000025],[92.27453153200008,20.917171492000023],[92.28180752800006,20.907278339000072],[92.28669777000005,20.904489128000023]]],[[[92.26635223100004,20.98197241500003],[92.26631497100004,20.98794599300004],[92.26379069200004,20.99347517700005],[92.26345098300004,20.987804895000068],[92.26635223100004,20.98197241500003]]],[[[92.20256423100005,21.148868497000024],[92.19655812800005,21.14939167500006],[92.18616515200006,21.146396866000032],[92.18383075100007,21.143153101000053],[92.18587128400009,21.13842487900007],[92.18187600200008,21.138055649000023],[92.17973366700005,21.136204579000037],[92.17804084100004,21.139049878000037],[92.17085919700008,21.13924485900003],[92.17149156900007,21.142634283000064],[92.16901867500007,21.140265787000033],[92.16759193400009,21.142230194000035],[92.16646808300004,21.14003712400006],[92.16588743200003,21.14181063500007],[92.16071730200008,21.139755329000025],[92.14801481400008,21.14444173800007],[92.14684572300007,21.143642103000047],[92.14713800400006,21.14789079700006],[92.14401381500005,21.149369139000044],[92.14141383300006,21.14785016600007],[92.13603137900003,21.148773306000066],[92.13524270200008,21.15360576000006],[92.13164553200005,21.153627416000063],[92.12865888900006,21.15700279300006],[92.12457865700009,21.15598448800006],[92.12145976500005,21.15820178200005],[92.11763276200008,21.156246555000052],[92.11308182000005,21.15699038400004],[92.10225636700005,21.153955092000047],[92.09929633900003,21.14714941400007],[92.09584485200008,21.14383517600004],[92.09407102600005,21.14408206400003],[92.09234538000004,21.14060611700006],[92.09062878500004,21.140213026000026],[92.09126423900005,21.13867835700006],[92.08619923100008,21.136628983000037],[92.09241370700005,21.128718374000073],[92.09570612900006,21.12781152200006],[92.09906094100006,21.121169102000067],[92.11181285200007,21.109185314000058],[92.11466333500005,21.109646476000023],[92.11678445500007,21.10821764600007],[92.13350189800008,21.091159366000056],[92.13743459500006,21.089431218000072],[92.13774247700007,21.086822192000056],[92.13169112300005,21.08573251100006],[92.13056805400004,21.084155759000055],[92.13085660600007,21.081574637000074],[92.13452002800005,21.080123702000037],[92.13465391900007,21.078340096000034],[92.12824242200008,21.079215651000027],[92.17400080900006,21.02706248000004],[92.18523874300007,21.010800966000033],[92.19144971000009,20.99498859600004],[92.20207581400007,20.95898297900004],[92.20973898100004,20.946229472000027],[92.21746063800003,20.92667734300005],[92.22359396400003,20.916764792000038],[92.22388591100008,20.913426397000023],[92.24942821800005,20.879532365000046],[92.27444366900005,20.840042219000054],[92.28898872700006,20.812531173000025],[92.30230588200004,20.782256870000026],[92.30999244900005,20.76911476400005],[92.31888438000004,20.757580764000068],[92.33109954800005,20.746514391000062],[92.34401980100006,20.740011803000073],[92.35142309300005,20.741235884000048],[92.35186258200008,20.743196211000054],[92.34680057300005,20.742068325000048],[92.34032905500004,20.746773590000032],[92.34263393200007,20.750376035000045],[92.34202666300007,20.758121869000036],[92.33801689700005,20.760442252000075],[92.34041101400004,20.766864618000056],[92.33677082300005,20.776917516000026],[92.335065,20.791603689000056],[92.32277647100005,20.818873685000028],[92.32132215300004,20.83372741000005],[92.31670601800005,20.850034652000033],[92.30210851400005,20.88438878100004],[92.29927314400004,20.889385754000045],[92.28037215800003,20.904430620000028],[92.27013509600005,20.919486789000075],[92.26167261300009,20.95285880600005],[92.26124381900007,20.962183973000037],[92.26340372100003,20.978367836000075],[92.25843357500008,20.99253069300005],[92.25752209200004,21.010164074000045],[92.25229938300004,21.02032826900006],[92.25123342700005,21.025598976000026],[92.25743725600006,21.050267387000076],[92.26338121000003,21.056239151000057],[92.26501938300004,21.062238910000076],[92.25832559400004,21.078792975000056],[92.23349502400004,21.096763347000035],[92.22371792100006,21.119899969000073],[92.21738542600008,21.122621968000033],[92.20699777700008,21.118899889000033],[92.20044286000007,21.124371568000072],[92.19755386100007,21.13928701100008],[92.20256423100005,21.148868497000024]]]]}},{"type":"Feature","id":"coxsbazar-ukhiya","properties":{"canonical_id":"coxsbazar-ukhiya","name_en":"Ukhiya","name_bn":"উখিয়া","district_id":"coxsbazar","division_id":"chittagong","pcode":"BD-B-11-155","parent_pcode":"BD2022","source_name":"Ukhiya","match_method":"exact_name_or_alias","boundary_reference_year":"2020","boundary_source":"geoBoundaries gbOpen BGD ADM3 / BBS, OCHA ROAP","source_dataset_updated":"2026-08-09"},"geometry":{"type":"Polygon","coordinates":[[[92.14311801700006,21.34876524500004],[92.14042738100005,21.349016299000027],[92.13826713300006,21.346043087000055],[92.13079914700006,21.34510003400004],[92.12918566700006,21.34246686800003],[92.12698855100007,21.341968662000056],[92.12197056400004,21.33404666100006],[92.11945649500007,21.333071742000072],[92.12060868400005,21.32961872900006],[92.11840840300005,21.32599013300006],[92.11300451700004,21.327895367000053],[92.10800301100005,21.327574646000073],[92.10706453800003,21.32593433100004],[92.10847064200004,21.323370563000026],[92.10227045000005,21.31915234300004],[92.10026522700008,21.314541735000034],[92.09122771400007,21.30817355100004],[92.08825752300004,21.309187773000076],[92.08699243900008,21.306787413000052],[92.08259893800005,21.307630669000048],[92.08630233700006,21.302662050000038],[92.08343430900004,21.30352703400007],[92.08200058700004,21.299963715000047],[92.07983268300006,21.301957593000054],[92.07921308000005,21.29854560900003],[92.07642840000005,21.300153652000063],[92.07353459600006,21.29295944100005],[92.06470341200009,21.292996337000034],[92.06275253600006,21.289880550000078],[92.06133791800005,21.291139658000077],[92.05715528200005,21.289026190000072],[92.04769962400007,21.300011315000063],[92.04275782700006,21.303026269000043],[92.04290335800005,21.298392085000046],[92.04798763000008,21.28623927600006],[92.04582530500005,21.27803649200007],[92.04730675800005,21.269724214000064],[92.04376515400008,21.23449561600006],[92.04673756900007,21.223557499000037],[92.04548079100005,21.213439995000044],[92.04778035600003,21.20327965200005],[92.04617743100005,21.184572811000066],[92.05378274400005,21.170842277000077],[92.05443657500007,21.16702936400003],[92.05922193600009,21.16038712200003],[92.12824242200008,21.079215651000027],[92.13465391900007,21.078340096000034],[92.13452002800005,21.080123702000037],[92.13085660600007,21.081574637000074],[92.13056805400004,21.084155759000055],[92.13169112300005,21.08573251100006],[92.13774247700007,21.086822192000056],[92.13743459500006,21.089431218000072],[92.13350189800008,21.091159366000056],[92.11678445500007,21.10821764600007],[92.11466333500005,21.109646476000023],[92.11181285200007,21.109185314000058],[92.09906094100006,21.121169102000067],[92.09570612900006,21.12781152200006],[92.09241370700005,21.128718374000073],[92.08619923100008,21.136628983000037],[92.09126423900005,21.13867835700006],[92.09062878500004,21.140213026000026],[92.09234538000004,21.14060611700006],[92.09407102600005,21.14408206400003],[92.09584485200008,21.14383517600004],[92.09929633900003,21.14714941400007],[92.10225636700005,21.153955092000047],[92.11308182000005,21.15699038400004],[92.11763276200008,21.156246555000052],[92.12145976500005,21.15820178200005],[92.12457865700009,21.15598448800006],[92.12865888900006,21.15700279300006],[92.13164553200005,21.153627416000063],[92.13524270200008,21.15360576000006],[92.13603137900003,21.148773306000066],[92.14141383300006,21.14785016600007],[92.14401381500005,21.149369139000044],[92.14713800400006,21.14789079700006],[92.14684572300007,21.143642103000047],[92.14801481400008,21.14444173800007],[92.16071730200008,21.139755329000025],[92.16588743200003,21.14181063500007],[92.16646808300004,21.14003712400006],[92.16759193400009,21.142230194000035],[92.16901867500007,21.140265787000033],[92.17149156900007,21.142634283000064],[92.17085919700008,21.13924485900003],[92.17804084100004,21.139049878000037],[92.17973366700005,21.136204579000037],[92.18187600200008,21.138055649000023],[92.18587128400009,21.13842487900007],[92.18383075100007,21.143153101000053],[92.18616515200006,21.146396866000032],[92.19655812800005,21.14939167500006],[92.20256423100005,21.148868497000024],[92.20324747900008,21.150174974000038],[92.19933095600004,21.161285329000066],[92.19238744500007,21.163396298000066],[92.18033345000003,21.158868581000036],[92.17580618100004,21.15997930800006],[92.17258425500006,21.17078411500006],[92.17250070800009,21.181227745000058],[92.17639948800007,21.18434799000005],[92.17381487600005,21.18537307400004],[92.17380257500008,21.187576721000028],[92.17127945000004,21.189984240000058],[92.17323766500004,21.195572200000072],[92.17466675400004,21.19600449400008],[92.17448615700005,21.198756097000057],[92.17079124900005,21.200848801000063],[92.17032082100008,21.20683570700004],[92.16721682900004,21.210213835000047],[92.16944486400007,21.21452276900004],[92.16554238100008,21.216034165000053],[92.16851340300008,21.21821022900008],[92.16624098600005,21.221006758000044],[92.16945528400004,21.223633465000034],[92.17019029000005,21.22844780400004],[92.17959684000004,21.234798948000048],[92.17876845000006,21.239793147000057],[92.18311734800005,21.25028717600003],[92.18202741900006,21.252726288000076],[92.18541144900007,21.255159078000077],[92.18602202200003,21.25752873700003],[92.19082833900006,21.259632520000025],[92.19128265600006,21.26303141300008],[92.18941160700007,21.265414123000028],[92.19207344900008,21.265282428000035],[92.19270036400007,21.26663082600004],[92.19048832400006,21.271727715000054],[92.18203525900003,21.26955807400003],[92.17971466300008,21.271647096000038],[92.17914991100008,21.27373680200003],[92.18086125600007,21.275657070000022],[92.17599473000007,21.28205612200003],[92.17767289100004,21.285153360000038],[92.17166591500006,21.288969921000046],[92.17103977600004,21.29869860100007],[92.16737990700005,21.29882847500005],[92.16031952500003,21.311718246000055],[92.15778577300006,21.312474922000035],[92.15829770600004,21.318198859000063],[92.15678263500007,21.320743497000024],[92.15386955200006,21.322967396000024],[92.15185509500003,21.321760227000027],[92.15296853600006,21.325659915000074],[92.15247327800006,21.33064892300007],[92.15021098700004,21.334266728000046],[92.15146533500007,21.337124111000037],[92.14968762000007,21.34378017000006],[92.14510812500004,21.35030524600006],[92.14311801700006,21.34876524500004]]]}},{"type":"Feature","id":"cumilla-barura","properties":{"canonical_id":"cumilla-barura","name_en":"Barura","name_bn":"বরুড়া","district_id":"cumilla","division_id":"chittagong","pcode":"BD-B-08-74","parent_pcode":"BD2019","source_name":"Barura","match_method":"exact_name_or_alias","boundary_reference_year":"2020","boundary_source":"geoBoundaries gbOpen BGD ADM3 / BBS, OCHA ROAP","source_dataset_updated":"2026-08-09"},"geometry":{"type":"Polygon","coordinates":[[[91.11128472300004,23.41163817900008],[91.10860334700004,23.411950201000025],[91.10841123400007,23.41385333900007],[91.10474972800006,23.41348130800003],[91.10249153900008,23.410245777000057],[91.09929368100006,23.409861874000057],[91.09864167900008,23.414605951000055],[91.09470565400005,23.416256504000046],[91.09495816300006,23.41943791700004],[91.09698803200007,23.422879504000036],[91.10128948100004,23.42352775200004],[91.10256135200007,23.426049399000078],[91.09934064400005,23.426129684000045],[91.09258559200003,23.423262045000058],[91.08980162200004,23.426019293000024],[91.08135696700003,23.427336257000036],[91.08087650900006,23.432573582000032],[91.07949037900005,23.433342418000052],[91.08068024200008,23.44078833800006],[91.07824218100006,23.443724201000066],[91.07453724300007,23.443826525000077],[91.07552923000009,23.449372061000076],[91.07254350100004,23.449000287000047],[91.07188601900003,23.452215086000024],[91.06899924000004,23.452285131000053],[91.06987016600004,23.45330428500006],[91.06738479300003,23.454751173000034],[91.06376948300004,23.453937590000066],[91.06297076500005,23.45589562400005],[91.06164894000005,23.45572003600006],[91.06119553100007,23.443312105000075],[91.06284562000008,23.440026233000026],[91.06125014300005,23.43850617100003],[91.04764104600008,23.43613350000004],[91.04335627000006,23.43716700400006],[91.04017563100007,23.439675414000078],[91.04008232500007,23.44471588700003],[91.02695224600006,23.443805929000064],[91.02671786600007,23.43960250300006],[91.02150078000005,23.43789975900006],[91.01932191700007,23.433398547000024],[91.01677485400006,23.433766840000033],[91.01212055500008,23.439163249000046],[91.00421595200004,23.43712507200007],[91.00306049900007,23.426128049000056],[91.00674305000007,23.414147007000054],[91.00535421600006,23.41111157200004],[90.98478483500008,23.40574539100004],[90.98386854200004,23.40962933700007],[90.98114224600005,23.412688053000068],[90.96755949800007,23.41054802700006],[90.96663891000009,23.402460336000047],[90.96921113400003,23.402246827000056],[90.97135314300004,23.396972290000065],[90.96487194000008,23.39453422500003],[90.96044722500005,23.397196050000048],[90.95900511300005,23.39627289500004],[90.96601076200005,23.39301881600005],[90.96498185800004,23.385899336000023],[90.96265082500008,23.38644152300003],[90.96529133000007,23.38159697100008],[90.96488582200004,23.379308682000044],[90.96940011200007,23.38056333800006],[90.97203174400005,23.376563243000078],[90.97365524600008,23.377054432000023],[90.97232972500007,23.374155440000038],[90.97389711600005,23.371824416000038],[90.97293352800006,23.370334454000044],[90.97650238300008,23.36159219900003],[90.97762198300006,23.353503078000074],[90.97589550200007,23.353272804000028],[90.97384738400007,23.355969256000037],[90.96510907600003,23.355657575000066],[90.96398643800006,23.353956271000072],[90.95847036400005,23.354996673000073],[90.95789244900004,23.35276529500004],[90.95565508700008,23.352822437000043],[90.95589520000004,23.348188555000036],[90.95838039700004,23.339145623000036],[90.95618169600004,23.332360022000046],[90.95919312300003,23.331262821000053],[90.96295917800006,23.322831240000028],[90.96995872100007,23.32179847200007],[90.97314576000008,23.31901201900007],[90.97536581500003,23.312473543000067],[90.97507550100005,23.30048783700005],[90.97775813500004,23.298007018000078],[90.98034012600004,23.298402431000056],[90.98120763400004,23.296689342000036],[90.98066765000004,23.287635609000063],[90.98427439400007,23.286384068000075],[90.98628128300004,23.289538402000062],[90.99444912200005,23.292448282000066],[90.99509815800008,23.286613851000027],[90.99819471100005,23.282608700000026],[91.00004116000008,23.275537109000027],[91.00240143800005,23.27436422900007],[91.00400943300008,23.26845589100003],[91.00587182000004,23.26796695200005],[91.00888494500003,23.270345677000023],[91.01067844800008,23.264125600000057],[91.01235190900007,23.264197238000065],[91.01334347700003,23.26232737600003],[91.01145078500008,23.257490392000022],[91.01418967600006,23.255540391000068],[91.01407396000008,23.24847960900007],[91.02163974300004,23.247763890000044],[91.02195388600006,23.24649789700004],[91.02366054000004,23.247345412000072],[91.02536941900007,23.242167262000066],[91.02306614300005,23.241982439000026],[91.02346563000003,23.235410003000027],[91.03001632800004,23.22940761500007],[91.03096455300005,23.243031047000045],[91.03781245100004,23.244807644000048],[91.03745785900009,23.25219720700005],[91.04374931200005,23.25227181200006],[91.04193074500006,23.26471839100003],[91.04337228100007,23.272353992000035],[91.04915693700008,23.274382666000065],[91.05069819100004,23.277680382000028],[91.05201962500007,23.27569969800004],[91.05652563400008,23.27835140800005],[91.06067375100008,23.278151249000075],[91.06006317300006,23.282457493000038],[91.06489515200008,23.282865653000044],[91.06492943000006,23.28894177600006],[91.07003256600007,23.293883735000065],[91.06692680200007,23.300474050000048],[91.07127557700005,23.302582183000027],[91.08036224000006,23.302409193000074],[91.08149695800006,23.309562664000055],[91.07823641200008,23.312391838000053],[91.07750003200005,23.31574497400004],[91.08370144400004,23.317241050000064],[91.09118922800008,23.316888780000056],[91.09304109600004,23.320307478000075],[91.09322128200006,23.32918243200004],[91.09921567900005,23.32570550400004],[91.10301248700006,23.326767740000037],[91.10321928500008,23.33004771800006],[91.10868544900006,23.329829053000026],[91.11396517000009,23.33261860300007],[91.11281623800005,23.345346586000062],[91.12705067900004,23.343055095000068],[91.13666911900003,23.350037223000072],[91.13622014700007,23.35166283600006],[91.13251615400009,23.35170774100004],[91.12398296000003,23.361711686000035],[91.12077083000008,23.36960885600007],[91.12027036000006,23.378233391000037],[91.11858641600008,23.381602487000066],[91.11847416600006,23.397512961000075],[91.11287711400007,23.404644073000043],[91.11128472300004,23.41163817900008]]]}},{"type":"Feature","id":"cumilla-brahmanpara","properties":{"canonical_id":"cumilla-brahmanpara","name_en":"Brahmanpara","name_bn":"ব্রাহ্মণপাড়া","district_id":"cumilla","division_id":"chittagong","pcode":"BD-B-08-75","parent_pcode":"BD2019","source_name":"Brahmanpara","match_method":"exact_name_or_alias","boundary_reference_year":"2020","boundary_source":"geoBoundaries gbOpen BGD ADM3 / BBS, OCHA ROAP","source_dataset_updated":"2026-08-09"},"geometry":{"type":"Polygon","coordinates":[[[91.15643073100006,23.66929927800004],[91.15300424100008,23.671603596000068],[91.14864639400008,23.669032635000065],[91.14196962700004,23.668847735000043],[91.14270689300008,23.665746744000046],[91.14132474400003,23.664381879000075],[91.13886068800008,23.66588230900004],[91.13359709600007,23.664467955000077],[91.13167964800004,23.667967585000042],[91.12737764500008,23.667703163000056],[91.12931070800005,23.670787473000075],[91.12604202600005,23.67111043500006],[91.12117448600009,23.674321461000034],[91.12170903600008,23.675484358000062],[91.12436977500005,23.674291529000072],[91.12778663800003,23.680512005000026],[91.12661565700006,23.681902919000038],[91.12385657500005,23.680427678000058],[91.12399375100006,23.67890994800007],[91.12227017700008,23.679041548000043],[91.12269903400005,23.68095764700007],[91.12087024900006,23.68219466900007],[91.12159755700009,23.68712119500003],[91.11909571200005,23.682249272000035],[91.11947468900007,23.68996625500006],[91.11734546100007,23.692218637000053],[91.11987204100006,23.694728087000044],[91.11797018300007,23.696982785000046],[91.11708344300007,23.69564348600005],[91.11530412500008,23.69674405300003],[91.11622993300006,23.693523841000058],[91.11403856400005,23.692222711000056],[91.11071781600003,23.694792343000074],[91.10578702300006,23.695299541000054],[91.11016540600008,23.699489330000063],[91.10961250800005,23.70384255400006],[91.10801680400004,23.70122636800005],[91.10292765900004,23.70363688900005],[91.10406415100005,23.70516189400007],[91.10759518500004,23.704727985000034],[91.10855369100005,23.70651106300005],[91.10476904900008,23.709375167000076],[91.10233273700004,23.706155856000066],[91.09899313900007,23.706910036000068],[91.10107704900008,23.70839615600005],[91.10131002500003,23.71073536800003],[91.10783877900008,23.71121597900003],[91.10964370700003,23.715721075000033],[91.09599494800005,23.713679582000054],[91.09785881600004,23.717505911000046],[91.09650075900004,23.719036233000054],[91.09239010500005,23.716401002000055],[91.08877152700006,23.716895588000057],[91.08682258100004,23.715494720000038],[91.08489081800008,23.721575813000072],[91.08233276300007,23.720587840000064],[91.07973925800007,23.723331250000058],[91.08464924800006,23.724020551000024],[91.08566320800008,23.729852917000073],[91.08258956900005,23.727482790000067],[91.08018468500006,23.73028810900007],[91.07923235000004,23.728858735000074],[91.08048822700005,23.726573441000028],[91.07783412600008,23.725172306000047],[91.07658937200006,23.727547256000037],[91.07340504000007,23.728704548000053],[91.07741191600007,23.733032170000058],[91.07839808900007,23.736560032000057],[91.07466262000008,23.733793023000032],[91.07189195000007,23.733894104000058],[91.07003337500004,23.730505449000077],[91.06641716200005,23.73383712900005],[91.06972283400006,23.73550263900006],[91.07243814700007,23.740095586000052],[91.06900632600008,23.739972028000068],[91.06631330900007,23.736446287000035],[91.06501141700005,23.73771404100006],[91.06106172700004,23.731027883000024],[91.06173520200008,23.728029277000076],[91.05779157300003,23.726442462000023],[91.05433104900004,23.71195279400007],[91.05148538900005,23.707997661000036],[91.04790351200006,23.706788005000078],[91.04689364300003,23.703613431000065],[91.05243631300004,23.699677544000053],[91.05434570400007,23.692869907000045],[91.05331003100008,23.687934367000025],[91.05690218000007,23.683624920000057],[91.05546709000004,23.676960288000032],[91.05783273100008,23.67671327900007],[91.06622110700005,23.67062712200004],[91.06476478200005,23.665009831000077],[91.04415939900008,23.666586089000077],[91.04122634300006,23.659628809000026],[91.04309282500003,23.659298453000076],[91.04128501800005,23.65395873500006],[91.04367382800007,23.65289498800007],[91.04424601400007,23.650868025000022],[91.05100602800007,23.65491258800006],[91.05903929100003,23.656448624000063],[91.05358145600007,23.638898776000076],[91.05923362600004,23.637123926000072],[91.06073309300007,23.627028051000025],[91.06064396200009,23.611238338000078],[91.05758450800005,23.607858188000023],[91.05846446100009,23.605910925000046],[91.05624439400003,23.602455019000047],[91.05596523000008,23.59834407200003],[91.05711671700004,23.595507031000068],[91.06614200500007,23.596090545000038],[91.06583898400004,23.599144231000025],[91.06742319100005,23.60151378300003],[91.06651122600005,23.60667774600006],[91.06901560800009,23.608061572000054],[91.07012044000004,23.596028747000048],[91.07091863200009,23.59437833800007],[91.07301993300007,23.594576080000024],[91.07314808900009,23.589096871000038],[91.06387137300004,23.58484687600003],[91.06209850700003,23.58236454000007],[91.06312211300008,23.57774906900005],[91.06034119100008,23.568540390000067],[91.05512073200003,23.566419565000047],[91.05692259900007,23.562851047000038],[91.05999981300005,23.56125630200006],[91.06044559200006,23.557515219000038],[91.06133267800004,23.553373157000067],[91.06369813000003,23.55360706400006],[91.06969667500005,23.557718857000054],[91.07030887700006,23.56223731600005],[91.07394355200006,23.56325316500005],[91.07658745600008,23.56118748700004],[91.07737589800007,23.557624069000042],[91.07465463300008,23.55250098500005],[91.07885218400008,23.556490504000067],[91.08174373400004,23.553136559000052],[91.08234240900003,23.55558283000005],[91.08526581100006,23.557686615000023],[91.08479074100006,23.565977704000034],[91.09078579600003,23.569446846000062],[91.09314105200008,23.573588286000074],[91.09285400700008,23.57834494800005],[91.10058430100008,23.578582227000027],[91.10202189600005,23.577360095000074],[91.10439268500005,23.579858030000025],[91.11256999700004,23.580368127000042],[91.11415228500005,23.586141016000056],[91.11712687300007,23.58821895500006],[91.11530233600007,23.595902772000045],[91.11957521100004,23.59604475900005],[91.11992507500008,23.600530969000033],[91.12332053500006,23.603500430000054],[91.12590593400006,23.604198591000056],[91.12740854800006,23.603055346000076],[91.12755274300008,23.605662746000064],[91.12889884500004,23.603982677000033],[91.13032323800007,23.605008128000065],[91.13383658300006,23.60412281300006],[91.13670879600005,23.60625077000003],[91.13698341000008,23.609184595000045],[91.15960650200003,23.611442913000076],[91.16094222000004,23.614062560000036],[91.15806459100008,23.624217222000027],[91.15865591400006,23.629053613000053],[91.16095348700009,23.631354404000035],[91.15863935600004,23.641492122000045],[91.16131695000007,23.654456393000032],[91.15643073100006,23.66929927800004]]]}},{"type":"Feature","id":"cumilla-burichang","properties":{"canonical_id":"cumilla-burichang","name_en":"Burichang","name_bn":"বুড়িচং","district_id":"cumilla","division_id":"chittagong","pcode":"BD-B-08-88","parent_pcode":"BD2019","source_name":"Burichang","match_method":"exact_name_or_alias","boundary_reference_year":"2020","boundary_source":"geoBoundaries gbOpen BGD ADM3 / BBS, OCHA ROAP","source_dataset_updated":"2026-08-09"},"geometry":{"type":"Polygon","coordinates":[[[91.06044559200006,23.557515219000038],[91.05878476900006,23.557420413000045],[91.05758559800006,23.560378593000053],[91.05472558100007,23.561643847000028],[91.05428649900006,23.550589038000055],[91.04876198200003,23.54747201400005],[91.05279531700006,23.541797603000077],[91.05142342500005,23.54036065300005],[91.05223436800009,23.53462671500006],[91.05079382600007,23.532244134000052],[91.05090196100008,23.52597133300003],[91.04350018900004,23.52911793800007],[91.04340634100004,23.52125235500006],[91.04075774000006,23.512800980000065],[91.04281147100005,23.511324638000076],[91.04292671700006,23.507225637000033],[91.04082234900005,23.504586587000063],[91.04142978700008,23.499398770000028],[91.04369224200008,23.499737567000068],[91.04433769300005,23.49418594900004],[91.04118039400004,23.495390261000068],[91.03432353900007,23.493905016000042],[91.03323562400004,23.487034969000035],[91.03435189300006,23.483340269000053],[91.03473004800009,23.481527982000046],[91.03080445500007,23.480550312000048],[91.03264555500004,23.471224477000078],[91.03743540100004,23.470458835000045],[91.05089142500003,23.471851666000077],[91.05247032300008,23.46800300900003],[91.05652137800007,23.467090487000064],[91.05608977100007,23.46514307900003],[91.05963082700003,23.461067111000034],[91.06135232400004,23.461249029000044],[91.06122707300005,23.462803374000032],[91.06363885000007,23.461079347000066],[91.06350403800008,23.464568280000037],[91.06805227500007,23.462425428000074],[91.06906974900005,23.46788050300006],[91.07130975300004,23.46799948000006],[91.07176816100008,23.47005447400005],[91.07255747200008,23.46898384800005],[91.07515239500003,23.46962869400005],[91.07770989500005,23.47206771200007],[91.07813313600008,23.476708866000024],[91.08469547500005,23.477035346000036],[91.09411653000006,23.47434294100003],[91.09532169600004,23.467921304000072],[91.09918492200006,23.468309023000074],[91.10106765500007,23.466445909000072],[91.10456882300008,23.46796389900004],[91.10540885700004,23.46677195600006],[91.10818000100005,23.466964536000035],[91.109451,23.464627547000077],[91.11101447200008,23.464560534000043],[91.11206683600005,23.460967965000066],[91.11378140900007,23.462506382000072],[91.11387221900009,23.465598568000075],[91.11228908700008,23.46879696600007],[91.11221672500005,23.475932613000055],[91.10802795500007,23.487882730000024],[91.11245153100003,23.48736463000006],[91.11691085900009,23.483757842000045],[91.11843192200007,23.484441253000057],[91.11837882600008,23.490698399000053],[91.11965090700005,23.491240204000064],[91.12165865900005,23.489539647000072],[91.12802971600007,23.49147387200003],[91.12823040600006,23.48844678200004],[91.12560322800005,23.484577603000048],[91.12638367900007,23.481209326000055],[91.12972027900008,23.48430791000004],[91.13607679800003,23.481133901000078],[91.14139110000008,23.48694990100006],[91.14996788600007,23.48682645200006],[91.15041107500008,23.489588578000053],[91.15197544400007,23.488890613000024],[91.15185147400007,23.49230269000003],[91.15387617600004,23.493580937000047],[91.15282334700004,23.495113958000047],[91.15416678700007,23.496590854000033],[91.15480472500008,23.508549722000055],[91.15836469200008,23.50994690300007],[91.16073139700006,23.513471949000063],[91.15966712100004,23.51887742400004],[91.16174034900007,23.52088618700003],[91.15984437600008,23.52275915100006],[91.16049310500006,23.526579783000045],[91.16670972400004,23.526288325000053],[91.17072235600006,23.524186567000072],[91.17507674200004,23.525014018000036],[91.17516471300007,23.52775106200005],[91.18308712300006,23.527691608000055],[91.18720433600004,23.523898603000077],[91.19261557000004,23.52589893800007],[91.19282760700008,23.52361458300004],[91.19657268200007,23.523935248000043],[91.19825921800003,23.52542433600007],[91.19892322800007,23.520806916000026],[91.20069161800006,23.520872712000028],[91.20809836400008,23.543187732000035],[91.21296803900003,23.545282701000076],[91.21290363000008,23.550553939000054],[91.20971468200008,23.548651067000037],[91.21041488800006,23.54665936300006],[91.20742623000007,23.545502707000026],[91.20527659300006,23.545403839000073],[91.20193259100006,23.550185311000064],[91.19897113700006,23.547471814000062],[91.19438226300008,23.547323222000045],[91.19521981800006,23.562140241000066],[91.18720799500005,23.573266355000044],[91.18723787300007,23.57766014300006],[91.17517608300005,23.585628135000036],[91.17801852500008,23.591884143000073],[91.17704487000003,23.59332564300007],[91.16865986200008,23.592733752000072],[91.16244075700007,23.59519612400004],[91.16210029700005,23.59882015100004],[91.16368197800006,23.601170702000047],[91.15960650200003,23.611442913000076],[91.13698341000008,23.609184595000045],[91.13670879600005,23.60625077000003],[91.13383658300006,23.60412281300006],[91.13032323800007,23.605008128000065],[91.12889884500004,23.603982677000033],[91.12755274300008,23.605662746000064],[91.12740854800006,23.603055346000076],[91.12590593400006,23.604198591000056],[91.12332053500006,23.603500430000054],[91.11992507500008,23.600530969000033],[91.11957521100004,23.59604475900005],[91.11530233600007,23.595902772000045],[91.11712687300007,23.58821895500006],[91.11415228500005,23.586141016000056],[91.11256999700004,23.580368127000042],[91.10439268500005,23.579858030000025],[91.10202189600005,23.577360095000074],[91.10058430100008,23.578582227000027],[91.09285400700008,23.57834494800005],[91.09314105200008,23.573588286000074],[91.09078579600003,23.569446846000062],[91.08479074100006,23.565977704000034],[91.08526581100006,23.557686615000023],[91.08234240900003,23.55558283000005],[91.08174373400004,23.553136559000052],[91.07885218400008,23.556490504000067],[91.07465463300008,23.55250098500005],[91.07737589800007,23.557624069000042],[91.07658745600008,23.56118748700004],[91.07394355200006,23.56325316500005],[91.07030887700006,23.56223731600005],[91.06969667500005,23.557718857000054],[91.06369813000003,23.55360706400006],[91.06133267800004,23.553373157000067],[91.06044559200006,23.557515219000038]]]}},{"type":"Feature","id":"cumilla-chandina","properties":{"canonical_id":"cumilla-chandina","name_en":"Chandina","name_bn":"চান্দিনা","district_id":"cumilla","division_id":"chittagong","pcode":"BD-B-08-76","parent_pcode":"BD2019","source_name":"Chandina","match_method":"exact_name_or_alias","boundary_reference_year":"2020","boundary_source":"geoBoundaries gbOpen BGD ADM3 / BBS, OCHA ROAP","source_dataset_updated":"2026-08-09"},"geometry":{"type":"Polygon","coordinates":[[[91.06164894000005,23.45572003600006],[91.05964930400006,23.457018986000037],[91.05963082700003,23.461067111000034],[91.05608977100007,23.46514307900003],[91.05652137800007,23.467090487000064],[91.05247032300008,23.46800300900003],[91.05089142500003,23.471851666000077],[91.03743540100004,23.470458835000045],[91.03264555500004,23.471224477000078],[91.03080445500007,23.480550312000048],[91.03473004800009,23.481527982000046],[91.03435189300006,23.483340269000053],[91.02725537500004,23.48471941500003],[91.02537959800009,23.48306198000006],[91.01374842400008,23.486499654000056],[91.01025257800006,23.493971491000025],[91.00721366700003,23.493803184000058],[91.00730155700006,23.491515827000057],[91.00385688900008,23.488999498000055],[90.997806,23.489363509000043],[90.9928,23.49383754400003],[90.99067974300004,23.49276098400003],[90.98731643700006,23.49480494200003],[90.98015372700007,23.495751109000025],[90.97852219700007,23.493960035000043],[90.97259168100004,23.492422199000032],[90.97074036600009,23.49377952100008],[90.96746936400007,23.49359099700007],[90.96581315700007,23.497626189000073],[90.95345925500004,23.500730288000057],[90.95230102500005,23.504031261000023],[90.95536058600004,23.50550733600005],[90.95541220400008,23.508081161000064],[90.95019033800008,23.507852869000033],[90.94992379600006,23.502352260000066],[90.94717484800003,23.501325227000052],[90.93844499600004,23.507445379000046],[90.93682396100007,23.506735392000053],[90.93825196700004,23.503094194000028],[90.93682075900006,23.502733620000072],[90.93327823900006,23.506953691000035],[90.93303415800005,23.510799447000068],[90.93104439600006,23.507709386000045],[90.92462464100004,23.509938486000067],[90.92005593100004,23.508308146000047],[90.91791822400006,23.510585004000063],[90.91380447700004,23.50541853200008],[90.90935955600008,23.506353972000056],[90.89180963000007,23.505496337000068],[90.88176309100004,23.50663796300006],[90.88020554800005,23.502725663000035],[90.87759916300007,23.508082923000075],[90.86908089400004,23.50839883200007],[90.86718607800003,23.50527577300005],[90.86787252900007,23.502325185000075],[90.86268697800006,23.503305196000042],[90.86136230500006,23.497929871000053],[90.85229772200006,23.49762746300007],[90.85105591200005,23.49373852100007],[90.85323056800007,23.48631395700005],[90.84999450400005,23.478832585000077],[90.85175595000004,23.47150794500004],[90.84838620800008,23.470706069000073],[90.84858376900007,23.468297321000023],[90.85071206700007,23.467520238000077],[90.85238497000006,23.46453891300007],[90.85099783200008,23.459212911000066],[90.85704094800008,23.459569346000023],[90.86123645300006,23.455640336000044],[90.86212330000006,23.452656475000026],[90.86970489700008,23.453928033000068],[90.87317556200009,23.452444855000067],[90.87700918400003,23.454419487000052],[90.87834046000006,23.448745940000038],[90.88247886600004,23.44539476500006],[90.88290132000003,23.43770195700006],[90.89042772300007,23.408173313000077],[90.89755058600008,23.408976517000042],[90.89876570300004,23.407937593000042],[90.89815283300004,23.395883001000072],[90.90176003000005,23.39423924400006],[90.90846433600007,23.395651238000028],[90.90909472700008,23.393563373000063],[90.91131160000003,23.392998368000065],[90.90995180600004,23.390104102000066],[90.91123764400004,23.38737281300007],[90.91323124100006,23.386727230000076],[90.91836131300005,23.388352350000048],[90.91965109900008,23.38489161700005],[90.92160372200004,23.384876734000045],[90.93023375300004,23.376852968000037],[90.93088895900007,23.36813236300003],[90.93380638000008,23.365340941000056],[90.92908829800007,23.362714099000073],[90.93284246000007,23.35516392100004],[90.93246781400006,23.347135880000053],[90.94401005400005,23.34624647100003],[90.94551166800005,23.342369336000047],[90.94900516100006,23.343078125000034],[90.95237585100006,23.34833532500005],[90.95589520000004,23.348188555000036],[90.95565508700008,23.352822437000043],[90.95789244900004,23.35276529500004],[90.95847036400005,23.354996673000073],[90.96398643800006,23.353956271000072],[90.96510907600003,23.355657575000066],[90.97384738400007,23.355969256000037],[90.97589550200007,23.353272804000028],[90.97762198300006,23.353503078000074],[90.97650238300008,23.36159219900003],[90.97293352800006,23.370334454000044],[90.97389711600005,23.371824416000038],[90.97232972500007,23.374155440000038],[90.97365524600008,23.377054432000023],[90.97203174400005,23.376563243000078],[90.96940011200007,23.38056333800006],[90.96488582200004,23.379308682000044],[90.96529133000007,23.38159697100008],[90.96265082500008,23.38644152300003],[90.96498185800004,23.385899336000023],[90.96601076200005,23.39301881600005],[90.95900511300005,23.39627289500004],[90.96044722500005,23.397196050000048],[90.96487194000008,23.39453422500003],[90.97135314300004,23.396972290000065],[90.96921113400003,23.402246827000056],[90.96663891000009,23.402460336000047],[90.96755949800007,23.41054802700006],[90.98114224600005,23.412688053000068],[90.98386854200004,23.40962933700007],[90.98478483500008,23.40574539100004],[91.00535421600006,23.41111157200004],[91.00674305000007,23.414147007000054],[91.00306049900007,23.426128049000056],[91.00421595200004,23.43712507200007],[91.01212055500008,23.439163249000046],[91.01677485400006,23.433766840000033],[91.01932191700007,23.433398547000024],[91.02150078000005,23.43789975900006],[91.02671786600007,23.43960250300006],[91.02695224600006,23.443805929000064],[91.04008232500007,23.44471588700003],[91.04017563100007,23.439675414000078],[91.04335627000006,23.43716700400006],[91.04764104600008,23.43613350000004],[91.06125014300005,23.43850617100003],[91.06284562000008,23.440026233000026],[91.06119553100007,23.443312105000075],[91.06164894000005,23.45572003600006]]]}},{"type":"Feature","id":"cumilla-chauddagram","properties":{"canonical_id":"cumilla-chauddagram","name_en":"Chauddagram","name_bn":"চৌদ্দগ্রাম","district_id":"cumilla","division_id":"chittagong","pcode":"BD-B-08-77","parent_pcode":"BD2019","source_name":"Chauddagram","match_method":"exact_name_or_alias","boundary_reference_year":"2020","boundary_source":"geoBoundaries gbOpen BGD ADM3 / BBS, OCHA ROAP","source_dataset_updated":"2026-08-09"},"geometry":{"type":"Polygon","coordinates":[[[91.29118866700009,23.35133238000003],[91.28802636000006,23.351295135000044],[91.28673580400005,23.349902473000043],[91.27955679100006,23.350741982000045],[91.27477696500006,23.34866928400004],[91.27165347300007,23.35244279500006],[91.25704735800008,23.351475849000053],[91.25395211600005,23.35564957500003],[91.24926571300006,23.35491597600003],[91.24667645200003,23.357068651000077],[91.24670385700006,23.359608581000032],[91.23724652400006,23.361175552000077],[91.22178430900004,23.360286616000053],[91.21909128300007,23.36272077500007],[91.21321743800007,23.359503720000077],[91.20815512700005,23.363705378000077],[91.20641524800004,23.362448151000024],[91.20756308400007,23.35706655000007],[91.21351378500003,23.35497992200004],[91.21015038000007,23.348894304000055],[91.20306783500007,23.347680496000066],[91.19851294800009,23.35309440700007],[91.19659072600007,23.351180833000058],[91.19548425800008,23.353241190000062],[91.19069333800007,23.353089733000047],[91.19279089600008,23.346717656000067],[91.19748535600007,23.34725025700004],[91.19919518800003,23.339613798000073],[91.20497697500008,23.33628750300005],[91.20641737200003,23.33380227600003],[91.20297105500003,23.330899670000065],[91.20270592400004,23.327183438000077],[91.19741172300007,23.327380920000053],[91.19820434000007,23.322928963000038],[91.19628645100005,23.320833566000033],[91.20014179600008,23.313106179000044],[91.19803651900008,23.31034274700005],[91.19877545700007,23.307685701000025],[91.20667888000008,23.30338972000004],[91.20365102600005,23.301872509000077],[91.20574141400004,23.299054899000055],[91.20380187000006,23.294525110000052],[91.20967087800005,23.28633214200005],[91.20819466500006,23.284722873000078],[91.21111081200007,23.282509048000065],[91.21097884800008,23.280079383000043],[91.20634903100006,23.27459265400006],[91.20935813000006,23.269632478000062],[91.20840724200008,23.26331244200003],[91.21879782700006,23.26457277800006],[91.22051817300007,23.26160432100005],[91.21814389400004,23.255946831000074],[91.22181341200007,23.255438507000065],[91.21256940200004,23.246587273000046],[91.21085585500003,23.241579914000056],[91.20824098400004,23.240184302000046],[91.21122558400003,23.241055475000053],[91.21940762700007,23.248593028000073],[91.22192619300006,23.248909325000056],[91.22311052000003,23.248015555000052],[91.22293877400006,23.24391927000005],[91.23074273200007,23.246182882000028],[91.23025556600004,23.242221740000048],[91.23475181100008,23.24258104200004],[91.23611430500006,23.24115007900008],[91.23640150400007,23.237978224000074],[91.23002821500006,23.240011292000077],[91.22615322300004,23.238573347000056],[91.23370485100008,23.23441718400005],[91.23665155800006,23.23621223500004],[91.23954183700005,23.234667605000027],[91.23925321100006,23.232516928000052],[91.23259789900004,23.23094523800006],[91.23410580600006,23.228332245000047],[91.23895714200006,23.230021973000078],[91.24254770100003,23.22872466000007],[91.24365448000003,23.232548206000047],[91.24695717300006,23.23530664200007],[91.24867640100007,23.235802720000038],[91.24943753100007,23.232984405000025],[91.25262376700005,23.233069115000035],[91.25654028600007,23.237627103000023],[91.25990787200004,23.23645649300005],[91.25527156500004,23.233970354000064],[91.25779435100009,23.22713347000007],[91.26376669300004,23.230181191000042],[91.26864142900007,23.227388936000068],[91.26283082700007,23.227443064000056],[91.25947055200004,23.22402723700003],[91.26320714600007,23.223425431000067],[91.26323312700003,23.222356655000056],[91.25974331500004,23.221526078000068],[91.25590781700004,23.222977575000073],[91.25059990600005,23.217310114000043],[91.25343124300008,23.21343664500006],[91.25402542700004,23.208064773000046],[91.25716520900005,23.20664203900003],[91.26361678000006,23.20684887400006],[91.26714854300008,23.201286253000035],[91.26469136400004,23.199358551000046],[91.26077540400007,23.203617982000026],[91.25718248100009,23.20189457300006],[91.26028644900003,23.19803857100004],[91.25876983600006,23.194349937000027],[91.26552480100008,23.193246939000062],[91.26395923600006,23.189816157000052],[91.26509680800007,23.187282071000027],[91.26718733800004,23.187324524000076],[91.27066482800006,23.193404781000027],[91.27378287800008,23.19361101000004],[91.26735264800004,23.18302914700007],[91.26279180600005,23.186053066000056],[91.26100299800004,23.178525295000043],[91.26756944800007,23.178367003000062],[91.26780398600005,23.17694938300008],[91.26494582700008,23.17512029100004],[91.26003959000008,23.176316832000055],[91.25878608700003,23.172333105000064],[91.26185900100006,23.17116429400005],[91.27007298500007,23.171593877000078],[91.26575442400008,23.168196003000048],[91.26797848700005,23.16338956800007],[91.26114035500007,23.16020938300005],[91.25684700600004,23.152710584000033],[91.25833593800007,23.151406018000046],[91.26328544300009,23.155959660000065],[91.26567593100003,23.153153032000034],[91.26479894600004,23.150772852000046],[91.26000423400006,23.14702466800003],[91.26609744500007,23.144608367000046],[91.26654644300004,23.139252275000047],[91.26143417600008,23.135511747000066],[91.26765657100003,23.135337651000043],[91.26537653100007,23.130754246000038],[91.27479781000005,23.13112261400005],[91.27423356800006,23.12385712200006],[91.28307169500005,23.127261585000042],[91.28714469700003,23.12235856500007],[91.28654006900007,23.12097090700007],[91.27903764800004,23.119309102000045],[91.27954779500004,23.11769278500003],[91.28414209300007,23.116217138000025],[91.28582882000006,23.113963510000076],[91.27655760800008,23.108234151000033],[91.27854704100008,23.102240663000032],[91.27569464900006,23.100023281000063],[91.26981723700004,23.098810727000057],[91.26836906800008,23.096391668000024],[91.27197498500004,23.09298191700003],[91.27812496000007,23.091361273000075],[91.27754570200005,23.084174907000033],[91.28153949400007,23.084860582000033],[91.28296475000008,23.083698580000032],[91.27901964300008,23.078546290000077],[91.27967483000003,23.076281324000036],[91.29084121000005,23.07630167700006],[91.29626559000008,23.071456280000064],[91.29596197300003,23.069248795000078],[91.29397050500006,23.068017593000036],[91.28752958100006,23.073164735000034],[91.28483515500005,23.07217453800007],[91.28885235800004,23.06107159100003],[91.28576466400006,23.054426704000036],[91.28826142500003,23.051541582000027],[91.29348181000006,23.052951394000047],[91.29987669500008,23.048148758000025],[91.30836648100006,23.049865908000072],[91.31462926400008,23.04918286000003],[91.31632717700006,23.05699704500006],[91.32688126500005,23.062247142000047],[91.33076612300005,23.066293442000074],[91.33341410800006,23.063852870000062],[91.34281178500004,23.06852172300006],[91.34917797900005,23.066828803000078],[91.35157722900004,23.06779670700007],[91.36866136700007,23.06732620500003],[91.37189803300004,23.069394405000025],[91.36971998700005,23.07052299000003],[91.34691676300008,23.102459330000045],[91.34756397200005,23.11893149200006],[91.34180134100006,23.11795773700004],[91.34166210000006,23.12889500500006],[91.33701696400004,23.131201017000024],[91.33305035400008,23.153017944000055],[91.32331542300005,23.15822059100003],[91.32466689400007,23.16877509400007],[91.32358499200006,23.237606390000053],[91.31886331900006,23.240010118000043],[91.31862700400006,23.245621597000024],[91.32542472800009,23.247286057000053],[91.32654204300007,23.252436988000056],[91.31795659000005,23.25304857800006],[91.30972071000008,23.276509842000053],[91.31568753800008,23.279573183000025],[91.31661746300006,23.282018049000044],[91.30228144600005,23.28649477600004],[91.30019269400003,23.292422188000046],[91.30714949900005,23.299914226000055],[91.31493163400006,23.296761811000067],[91.31308028400008,23.306479799000044],[91.30946920400004,23.314001542000028],[91.29615317700006,23.313551361000066],[91.28979783300008,23.318658329000073],[91.29611171500005,23.340995855000074],[91.30505044500006,23.343545307000056],[91.31073142000008,23.342565984000032],[91.31100711900007,23.352824588000033],[91.31251501300005,23.35405311900007],[91.31421381500007,23.35279457100006],[91.31790331500008,23.353103180000062],[91.32001958100005,23.360237394000023],[91.31481372000007,23.361076238000066],[91.30094753100008,23.351698087000045],[91.29118866700009,23.35133238000003]]]}},{"type":"Feature","id":"cumilla-cumilla-sadar","properties":{"canonical_id":"cumilla-cumilla-sadar","name_en":"Cumilla Sadar","name_bn":"কুমিল্লা সদর","district_id":"cumilla","division_id":"chittagong","pcode":"BD-B-08-83","parent_pcode":"BD2019","source_name":"Comilla Sadar","match_method":"exact_name_or_alias","boundary_reference_year":"2020","boundary_source":"geoBoundaries gbOpen BGD ADM3 / BBS, OCHA ROAP","source_dataset_updated":"2026-08-09"},"geometry":{"type":"Polygon","coordinates":[[[91.11128472300004,23.41163817900008],[91.11072811700006,23.420797072000028],[91.11293635800007,23.433512887000063],[91.11454875000004,23.435311141000057],[91.11474803800007,23.44586793700006],[91.11604364000004,23.446932901000025],[91.11472082000006,23.45501794000006],[91.12730912700005,23.45738244200004],[91.12972089900006,23.45491117000006],[91.13554890500006,23.453343053000026],[91.13464778600007,23.443044903000043],[91.13997344100005,23.438184816000046],[91.14231155400006,23.43874124000007],[91.13910652000004,23.446102989000053],[91.14112240700007,23.447450366000055],[91.14378846400007,23.445358620000036],[91.14811443700006,23.44696894200007],[91.14977051500006,23.445541586000047],[91.15362519100006,23.447684710000033],[91.15442786200003,23.444230340000047],[91.15603169600007,23.443771396000045],[91.16874669300006,23.44841891300007],[91.18797525400004,23.446322869000028],[91.20449609100007,23.449779530000058],[91.20526189200007,23.445576729000038],[91.20329388200008,23.443703739000057],[91.20473307900005,23.44258456700004],[91.20660103400007,23.44394915500004],[91.20783560200005,23.44253179900005],[91.21264257800004,23.447842372000025],[91.21440419800007,23.432200583000053],[91.21745438900007,23.427663272000075],[91.22230779700004,23.429595377000055],[91.22369214300005,23.42726962000006],[91.22316994400006,23.420109379000053],[91.22765134100007,23.41761254100004],[91.23152219800005,23.427476187000025],[91.23502802500008,23.426628317000052],[91.23545128700005,23.429191067000033],[91.23708850300005,23.429348576000052],[91.23845122000006,23.427421950000053],[91.24056507200004,23.427199703000042],[91.24631266500006,23.434695847000057],[91.24644650000005,23.437029434000067],[91.25193679900008,23.439991871000075],[91.25350218200003,23.445359274000054],[91.25142701900006,23.449715576000074],[91.25410242700008,23.449678370000072],[91.25147711900007,23.453777098000046],[91.25341687900004,23.45814422500007],[91.25334657500008,23.461542827000073],[91.25075508400005,23.46448232000006],[91.25217095100004,23.481145499000036],[91.24926189000007,23.49031208200006],[91.23630722700005,23.48914615500007],[91.23715320200006,23.49527702200004],[91.23436228500003,23.496272997000062],[91.23551066600004,23.50191843600004],[91.22335692800004,23.49744802200007],[91.21792674300008,23.49964628500004],[91.22350725000007,23.514173162000077],[91.21379995400008,23.51388527000006],[91.20775618000005,23.512213287000066],[91.20069161800006,23.520872712000028],[91.19892322800007,23.520806916000026],[91.19825921800003,23.52542433600007],[91.19657268200007,23.523935248000043],[91.19282760700008,23.52361458300004],[91.19261557000004,23.52589893800007],[91.18720433600004,23.523898603000077],[91.18308712300006,23.527691608000055],[91.17516471300007,23.52775106200005],[91.17507674200004,23.525014018000036],[91.17072235600006,23.524186567000072],[91.16670972400004,23.526288325000053],[91.16049310500006,23.526579783000045],[91.15984437600008,23.52275915100006],[91.16174034900007,23.52088618700003],[91.15966712100004,23.51887742400004],[91.16073139700006,23.513471949000063],[91.15836469200008,23.50994690300007],[91.15480472500008,23.508549722000055],[91.15416678700007,23.496590854000033],[91.15282334700004,23.495113958000047],[91.15387617600004,23.493580937000047],[91.15185147400007,23.49230269000003],[91.15197544400007,23.488890613000024],[91.15041107500008,23.489588578000053],[91.14996788600007,23.48682645200006],[91.14139110000008,23.48694990100006],[91.13607679800003,23.481133901000078],[91.12972027900008,23.48430791000004],[91.12638367900007,23.481209326000055],[91.12560322800005,23.484577603000048],[91.12823040600006,23.48844678200004],[91.12802971600007,23.49147387200003],[91.12165865900005,23.489539647000072],[91.11965090700005,23.491240204000064],[91.11837882600008,23.490698399000053],[91.11843192200007,23.484441253000057],[91.11691085900009,23.483757842000045],[91.11245153100003,23.48736463000006],[91.10802795500007,23.487882730000024],[91.11221672500005,23.475932613000055],[91.11228908700008,23.46879696600007],[91.11387221900009,23.465598568000075],[91.11378140900007,23.462506382000072],[91.11206683600005,23.460967965000066],[91.11101447200008,23.464560534000043],[91.109451,23.464627547000077],[91.10818000100005,23.466964536000035],[91.10540885700004,23.46677195600006],[91.10456882300008,23.46796389900004],[91.10106765500007,23.466445909000072],[91.09918492200006,23.468309023000074],[91.09532169600004,23.467921304000072],[91.09411653000006,23.47434294100003],[91.08469547500005,23.477035346000036],[91.07813313600008,23.476708866000024],[91.07770989500005,23.47206771200007],[91.07515239500003,23.46962869400005],[91.07255747200008,23.46898384800005],[91.07176816100008,23.47005447400005],[91.07130975300004,23.46799948000006],[91.06906974900005,23.46788050300006],[91.06805227500007,23.462425428000074],[91.06350403800008,23.464568280000037],[91.06363885000007,23.461079347000066],[91.06122707300005,23.462803374000032],[91.06135232400004,23.461249029000044],[91.05963082700003,23.461067111000034],[91.05964930400006,23.457018986000037],[91.06164894000005,23.45572003600006],[91.06297076500005,23.45589562400005],[91.06376948300004,23.453937590000066],[91.06738479300003,23.454751173000034],[91.06987016600004,23.45330428500006],[91.06899924000004,23.452285131000053],[91.07188601900003,23.452215086000024],[91.07254350100004,23.449000287000047],[91.07552923000009,23.449372061000076],[91.07453724300007,23.443826525000077],[91.07824218100006,23.443724201000066],[91.08068024200008,23.44078833800006],[91.07949037900005,23.433342418000052],[91.08087650900006,23.432573582000032],[91.08135696700003,23.427336257000036],[91.08980162200004,23.426019293000024],[91.09258559200003,23.423262045000058],[91.09934064400005,23.426129684000045],[91.10256135200007,23.426049399000078],[91.10128948100004,23.42352775200004],[91.09698803200007,23.422879504000036],[91.09495816300006,23.41943791700004],[91.09470565400005,23.416256504000046],[91.09864167900008,23.414605951000055],[91.09929368100006,23.409861874000057],[91.10249153900008,23.410245777000057],[91.10474972800006,23.41348130800003],[91.10841123400007,23.41385333900007],[91.10860334700004,23.411950201000025],[91.11128472300004,23.41163817900008]]]}},{"type":"Feature","id":"cumilla-cumilla-sadar-south","properties":{"canonical_id":"cumilla-cumilla-sadar-south","name_en":"Cumilla Sadar South","name_bn":"কুমিল্লা সদর দক্ষিণ","district_id":"cumilla","division_id":"chittagong","pcode":"BD-B-08-86","parent_pcode":"BD2019","source_name":"Sadarsouth","match_method":"unique_spelling_variant","boundary_reference_year":"2020","boundary_source":"geoBoundaries gbOpen BGD ADM3 / BBS, OCHA ROAP","source_dataset_updated":"2026-08-09"},"geometry":{"type":"Polygon","coordinates":[[[91.10301248700006,23.326767740000037],[91.10493964900007,23.323049352000055],[91.11547215100006,23.323775183000066],[91.12191419700008,23.31991544400006],[91.12187764500004,23.316507270000045],[91.11856369500003,23.314548440000067],[91.12058128400008,23.309220407000055],[91.12360828600004,23.306574388000058],[91.12189778700008,23.294791436000025],[91.11793715800007,23.290118564000068],[91.11798041400004,23.287907674000053],[91.12093193400005,23.28439687300005],[91.11764280600005,23.273890141000038],[91.11848302100003,23.27023691200003],[91.11600804000005,23.268504575000065],[91.11667858400006,23.26685089600005],[91.12270043900008,23.267271399000037],[91.12273086600004,23.27104825500004],[91.12651206300006,23.26780520500006],[91.12616695700007,23.263165229000037],[91.14547147800005,23.26681447900006],[91.14106421800005,23.25481089500005],[91.15100848600008,23.25452720100003],[91.15104163400008,23.248282481000047],[91.15440974700005,23.248941370000068],[91.15695007200009,23.247189106000064],[91.15928005100005,23.250580927000044],[91.17423456700004,23.250706924000042],[91.17533301600008,23.242831902000034],[91.17243847600008,23.24176179500006],[91.17126921100004,23.23951704800004],[91.17309409400008,23.239682944000037],[91.17433856500008,23.23655763000005],[91.17667065200004,23.236262452000062],[91.17625851900004,23.229872057000023],[91.18328140900007,23.228657044000045],[91.18335049900008,23.226585955000076],[91.19120789300007,23.227137388000074],[91.19605636300008,23.229181856000025],[91.19858025300005,23.226856111000075],[91.20285941900005,23.227523958000063],[91.20322565700008,23.230971897000074],[91.20640514700005,23.23166950700005],[91.21064234900007,23.236129144000074],[91.20786104800004,23.23787958500003],[91.20824098400004,23.240184302000046],[91.21085585500003,23.241579914000056],[91.21256940200004,23.246587273000046],[91.22181341200007,23.255438507000065],[91.21814389400004,23.255946831000074],[91.22051817300007,23.26160432100005],[91.21879782700006,23.26457277800006],[91.20840724200008,23.26331244200003],[91.20935813000006,23.269632478000062],[91.20634903100006,23.27459265400006],[91.21097884800008,23.280079383000043],[91.21111081200007,23.282509048000065],[91.20819466500006,23.284722873000078],[91.20967087800005,23.28633214200005],[91.20380187000006,23.294525110000052],[91.20574141400004,23.299054899000055],[91.20365102600005,23.301872509000077],[91.20667888000008,23.30338972000004],[91.19877545700007,23.307685701000025],[91.19803651900008,23.31034274700005],[91.20014179600008,23.313106179000044],[91.19628645100005,23.320833566000033],[91.19820434000007,23.322928963000038],[91.19741172300007,23.327380920000053],[91.20270592400004,23.327183438000077],[91.20297105500003,23.330899670000065],[91.20641737200003,23.33380227600003],[91.20497697500008,23.33628750300005],[91.19919518800003,23.339613798000073],[91.19748535600007,23.34725025700004],[91.19279089600008,23.346717656000067],[91.19069333800007,23.353089733000047],[91.19548425800008,23.353241190000062],[91.19659072600007,23.351180833000058],[91.19851294800009,23.35309440700007],[91.20306783500007,23.347680496000066],[91.21015038000007,23.348894304000055],[91.21351378500003,23.35497992200004],[91.20756308400007,23.35706655000007],[91.20641524800004,23.362448151000024],[91.20815512700005,23.363705378000077],[91.21321743800007,23.359503720000077],[91.21909128300007,23.36272077500007],[91.22178430900004,23.360286616000053],[91.23724652400006,23.361175552000077],[91.24670385700006,23.359608581000032],[91.24667645200003,23.357068651000077],[91.24926571300006,23.35491597600003],[91.25395211600005,23.35564957500003],[91.25704735800008,23.351475849000053],[91.27165347300007,23.35244279500006],[91.27477696500006,23.34866928400004],[91.27955679100006,23.350741982000045],[91.28673580400005,23.349902473000043],[91.28802636000006,23.351295135000044],[91.29118866700009,23.35133238000003],[91.29483667200003,23.361334933000023],[91.28612103600005,23.363281965000056],[91.28420407100003,23.371299505000025],[91.29369415100007,23.37142547600007],[91.29320666000007,23.377905553000062],[91.29124514500006,23.378039999000066],[91.28848494500005,23.375543907000065],[91.28510795900007,23.377172158000064],[91.28205160500005,23.375998844000037],[91.27969595300004,23.376776868000036],[91.27637669300003,23.414827572000036],[91.26338831400005,23.423850322000078],[91.27060500600004,23.429935667000052],[91.25639753900003,23.441693632000067],[91.25410242700008,23.449678370000072],[91.25142701900006,23.449715576000074],[91.25350218200003,23.445359274000054],[91.25193679900008,23.439991871000075],[91.24644650000005,23.437029434000067],[91.24631266500006,23.434695847000057],[91.24056507200004,23.427199703000042],[91.23845122000006,23.427421950000053],[91.23708850300005,23.429348576000052],[91.23545128700005,23.429191067000033],[91.23502802500008,23.426628317000052],[91.23152219800005,23.427476187000025],[91.22765134100007,23.41761254100004],[91.22316994400006,23.420109379000053],[91.22369214300005,23.42726962000006],[91.22230779700004,23.429595377000055],[91.21745438900007,23.427663272000075],[91.21440419800007,23.432200583000053],[91.21264257800004,23.447842372000025],[91.20783560200005,23.44253179900005],[91.20660103400007,23.44394915500004],[91.20473307900005,23.44258456700004],[91.20329388200008,23.443703739000057],[91.20526189200007,23.445576729000038],[91.20449609100007,23.449779530000058],[91.18797525400004,23.446322869000028],[91.16874669300006,23.44841891300007],[91.15603169600007,23.443771396000045],[91.15442786200003,23.444230340000047],[91.15362519100006,23.447684710000033],[91.14977051500006,23.445541586000047],[91.14811443700006,23.44696894200007],[91.14378846400007,23.445358620000036],[91.14112240700007,23.447450366000055],[91.13910652000004,23.446102989000053],[91.14231155400006,23.43874124000007],[91.13997344100005,23.438184816000046],[91.13464778600007,23.443044903000043],[91.13554890500006,23.453343053000026],[91.12972089900006,23.45491117000006],[91.12730912700005,23.45738244200004],[91.11472082000006,23.45501794000006],[91.11604364000004,23.446932901000025],[91.11474803800007,23.44586793700006],[91.11454875000004,23.435311141000057],[91.11293635800007,23.433512887000063],[91.11072811700006,23.420797072000028],[91.11128472300004,23.41163817900008],[91.11287711400007,23.404644073000043],[91.11847416600006,23.397512961000075],[91.11858641600008,23.381602487000066],[91.12027036000006,23.378233391000037],[91.12077083000008,23.36960885600007],[91.12398296000003,23.361711686000035],[91.13251615400009,23.35170774100004],[91.13622014700007,23.35166283600006],[91.13666911900003,23.350037223000072],[91.12705067900004,23.343055095000068],[91.11281623800005,23.345346586000062],[91.11396517000009,23.33261860300007],[91.10868544900006,23.329829053000026],[91.10321928500008,23.33004771800006],[91.10301248700006,23.326767740000037]]]}},{"type":"Feature","id":"cumilla-daudkandi","properties":{"canonical_id":"cumilla-daudkandi","name_en":"Daudkandi","name_bn":"দাউদকান্দি","district_id":"cumilla","division_id":"chittagong","pcode":"BD-B-08-78","parent_pcode":"BD2019","source_name":"Daudkandi","match_method":"exact_name_or_alias","boundary_reference_year":"2020","boundary_source":"geoBoundaries gbOpen BGD ADM3 / BBS, OCHA ROAP","source_dataset_updated":"2026-08-09"},"geometry":{"type":"Polygon","coordinates":[[[90.88176309100004,23.50663796300006],[90.87429036300006,23.51129893500007],[90.87509456500004,23.521184684000048],[90.86970653900005,23.523037687000055],[90.87002050500007,23.525165276000052],[90.86805015100003,23.525968851000073],[90.86813553400003,23.527038692000076],[90.87313133100008,23.528065257000037],[90.87310879800003,23.532536884000024],[90.87140388400007,23.535263436000037],[90.87056845000006,23.547401722000075],[90.86839659500004,23.55150995500003],[90.86495665400008,23.55069534000006],[90.85642274500003,23.550162245000024],[90.85331311000004,23.552217790000043],[90.86214121900008,23.55380675300006],[90.85864813400008,23.560838440000055],[90.85561407500006,23.56003380100003],[90.84939764200004,23.562294886000075],[90.84924693700003,23.558760732000053],[90.83514580100007,23.553533496000057],[90.83116383200007,23.555019179000055],[90.83205851300005,23.55881583400003],[90.82900843300007,23.56069784500005],[90.82714051000005,23.55783723600007],[90.82117200200008,23.554927743000064],[90.81113726000007,23.553831614000046],[90.79250756500005,23.547402958000077],[90.78892398400006,23.544900596000048],[90.78253588700005,23.54359043200003],[90.77890343700005,23.540954285000055],[90.77534948100003,23.54061243700005],[90.76090009800004,23.547042545000068],[90.75754757800007,23.549711596000066],[90.75711170000005,23.55208301500005],[90.74678349900006,23.551714637000032],[90.73712503000007,23.555918425000073],[90.74259882500007,23.558824514000037],[90.74619708100005,23.56433283000007],[90.74372923200008,23.58176183100005],[90.74043851100004,23.59140431800006],[90.73195431700003,23.59042217900003],[90.73202007300006,23.578534175000073],[90.72850982100005,23.583392012000047],[90.72600907600008,23.58118288600008],[90.72265023400007,23.583319454000048],[90.72275889300005,23.580791582000074],[90.71769659300008,23.57322954600005],[90.71350214800003,23.57361749100005],[90.70927293800008,23.570617208000044],[90.70772428700008,23.57191533500003],[90.70558104900005,23.570029404000024],[90.70564750300008,23.575589105000063],[90.70351515400006,23.57839655500004],[90.70245066800004,23.57632561400004],[90.70056675500007,23.576103792000026],[90.70168694500006,23.572873043000072],[90.69964761100005,23.56330336900004],[90.69497232600008,23.55931789400006],[90.68958850400008,23.55844313500006],[90.68762381100004,23.55664930100005],[90.68981027300003,23.546255700000074],[90.70041197900008,23.52540040300005],[90.70922200500007,23.518195526000056],[90.71132160500008,23.511995331000037],[90.71064085400008,23.507770683000047],[90.70732898900008,23.502703866000047],[90.70208404600004,23.498734670000033],[90.68775446100005,23.492475265000053],[90.69315594700004,23.484602085000063],[90.69822117800004,23.470170362000033],[90.70959433700006,23.454739477000032],[90.71078592300006,23.435219268000026],[90.71564657900007,23.43381226100007],[90.72086951900008,23.429169787000035],[90.72871576000006,23.426611600000058],[90.72951121800008,23.42161967100003],[90.73417194100006,23.41559289500003],[90.73697945300006,23.41487513800007],[90.73833846700006,23.41670740400008],[90.73300084800007,23.42398509900005],[90.73344477500007,23.42594307300004],[90.73659303100004,23.427612820000036],[90.74993813200007,23.42279256200004],[90.75187790900009,23.415847402000054],[90.75449695000003,23.415028059000065],[90.75668099000006,23.416030830000068],[90.75747536300008,23.42092767500003],[90.76130350600005,23.42239378000005],[90.76284035700007,23.425295306000066],[90.76082573400004,23.42816956000007],[90.76497861600006,23.429040663000023],[90.76670170000006,23.433442316000026],[90.77004330900007,23.436810222000076],[90.76963524500007,23.44114555500005],[90.77127714900007,23.444260985000028],[90.76981561500008,23.44693277400006],[90.77103887300007,23.44927573500007],[90.77472125500003,23.44488749100003],[90.77796026800007,23.445592844000032],[90.77664316200008,23.442177238000056],[90.77976015500008,23.44389028100005],[90.78271913100008,23.442758836000053],[90.78166897300008,23.44074309000007],[90.78354810100006,23.438697984000044],[90.79260648200005,23.438952018000066],[90.79282783800005,23.437187313000038],[90.78787492200007,23.437146902000052],[90.78645666100005,23.434964817000036],[90.78946214800004,23.435423852000042],[90.79441159100008,23.433665650000023],[90.79773012900006,23.44031183100003],[90.79936962700003,23.440886598000077],[90.80005043600005,23.447261119000075],[90.80476058700003,23.447971347000077],[90.81018781900008,23.442848999000034],[90.81202212500006,23.447554371000024],[90.81749866000007,23.447710379000057],[90.81733698000005,23.450172547000022],[90.81941373700005,23.450974005000035],[90.81721274200004,23.45454373700005],[90.81770209200005,23.46296215800004],[90.82392375300003,23.464460401000053],[90.83287691600003,23.463656956000023],[90.83213521700009,23.469605882000053],[90.83554438400006,23.471147422000058],[90.84155804700004,23.471216698000035],[90.83897286800004,23.474183066000023],[90.84014512600004,23.475488132000066],[90.84226404600008,23.47571379900006],[90.84276307400006,23.47257463400007],[90.84838620800008,23.470706069000073],[90.85175595000004,23.47150794500004],[90.84999450400005,23.478832585000077],[90.85323056800007,23.48631395700005],[90.85105591200005,23.49373852100007],[90.85229772200006,23.49762746300007],[90.86136230500006,23.497929871000053],[90.86268697800006,23.503305196000042],[90.86787252900007,23.502325185000075],[90.86718607800003,23.50527577300005],[90.86908089400004,23.50839883200007],[90.87759916300007,23.508082923000075],[90.88020554800005,23.502725663000035],[90.88176309100004,23.50663796300006]]]}},{"type":"Feature","id":"cumilla-debidwar","properties":{"canonical_id":"cumilla-debidwar","name_en":"Debidwar","name_bn":"দেবিদ্বার","district_id":"cumilla","division_id":"chittagong","pcode":"BD-B-08-73","parent_pcode":"BD2019","source_name":"Debidwar","match_method":"exact_name_or_alias","boundary_reference_year":"2020","boundary_source":"geoBoundaries gbOpen BGD ADM3 / BBS, OCHA ROAP","source_dataset_updated":"2026-08-09"},"geometry":{"type":"Polygon","coordinates":[[[91.04689364300003,23.703613431000065],[91.03309521600005,23.69156300900005],[91.03127481200005,23.693919441000048],[91.02672650500006,23.691570376000072],[91.01608066600005,23.689623700000027],[91.01511121300007,23.692828430000077],[91.01286929100007,23.69295375400003],[91.01009708600003,23.688291715000048],[91.00364749500005,23.684356282000067],[90.99611562600006,23.673355623000077],[90.99348759400004,23.674253100000044],[90.98729466300006,23.670958253000038],[90.98639691600005,23.666809326000077],[90.98754414200005,23.66402867900007],[90.99125226900009,23.65985431200005],[90.99360183000005,23.659851684000046],[90.99585468800007,23.654685696000058],[90.99406924700008,23.649368933000062],[90.99301420100005,23.653124475000027],[90.99002271100005,23.651683271000024],[90.99081233800007,23.64489474000004],[90.99468762800007,23.643543941000075],[90.99726053800003,23.646693077000066],[90.99896698900005,23.64506539300004],[90.99337903200006,23.640409808000072],[90.99363924000005,23.634619284000053],[90.98888926600006,23.638012881000066],[90.98820228500006,23.63660998200004],[90.99016137900009,23.63289272800006],[90.97735032800006,23.63140186000004],[90.96839453700005,23.63598526900006],[90.96241578800004,23.63567362200007],[90.96296247400005,23.63384973500007],[90.96735175000003,23.632074184000032],[90.96674816300003,23.628641866000066],[90.96556785600006,23.630693818000054],[90.96340154800004,23.63113743100007],[90.96368191200008,23.627502599000024],[90.96075669600003,23.62217270600007],[90.95580417200006,23.621945880000055],[90.95458540700008,23.619044529000064],[90.95146250900007,23.617990598000063],[90.94860579100003,23.61458835700006],[90.94852813600005,23.611544493000054],[90.94631677600006,23.610542457000065],[90.94643487000008,23.60378186500003],[90.94046369600005,23.59599135700006],[90.94269496200008,23.594505612000034],[90.94320229300007,23.58904437900003],[90.94084203900007,23.585655317000032],[90.94362562100008,23.580575993000025],[90.94564205900008,23.580262291000054],[90.94549725600007,23.574154143000044],[90.93619878600003,23.574346478000052],[90.93505734100006,23.564505035000025],[90.91830435100007,23.565771726000037],[90.91658392500005,23.55073555000007],[90.91439354400006,23.55045885100003],[90.91318941800006,23.54837838000003],[90.91196449200004,23.539724900000067],[90.90750597300007,23.53840123200007],[90.90671210000005,23.528967845000068],[90.90420685000004,23.527802596000072],[90.90488440600006,23.51765725000007],[90.89670806700008,23.517193106000036],[90.89660189900007,23.51552728300004],[90.89287574700006,23.514819345000035],[90.89180963000007,23.505496337000068],[90.90935955600008,23.506353972000056],[90.91380447700004,23.50541853200008],[90.91791822400006,23.510585004000063],[90.92005593100004,23.508308146000047],[90.92462464100004,23.509938486000067],[90.93104439600006,23.507709386000045],[90.93303415800005,23.510799447000068],[90.93327823900006,23.506953691000035],[90.93682075900006,23.502733620000072],[90.93825196700004,23.503094194000028],[90.93682396100007,23.506735392000053],[90.93844499600004,23.507445379000046],[90.94717484800003,23.501325227000052],[90.94992379600006,23.502352260000066],[90.95019033800008,23.507852869000033],[90.95541220400008,23.508081161000064],[90.95536058600004,23.50550733600005],[90.95230102500005,23.504031261000023],[90.95345925500004,23.500730288000057],[90.96581315700007,23.497626189000073],[90.96746936400007,23.49359099700007],[90.97074036600009,23.49377952100008],[90.97259168100004,23.492422199000032],[90.97852219700007,23.493960035000043],[90.98015372700007,23.495751109000025],[90.98731643700006,23.49480494200003],[90.99067974300004,23.49276098400003],[90.9928,23.49383754400003],[90.997806,23.489363509000043],[91.00385688900008,23.488999498000055],[91.00730155700006,23.491515827000057],[91.00721366700003,23.493803184000058],[91.01025257800006,23.493971491000025],[91.01374842400008,23.486499654000056],[91.02537959800009,23.48306198000006],[91.02725537500004,23.48471941500003],[91.03435189300006,23.483340269000053],[91.03323562400004,23.487034969000035],[91.03432353900007,23.493905016000042],[91.04118039400004,23.495390261000068],[91.04433769300005,23.49418594900004],[91.04369224200008,23.499737567000068],[91.04142978700008,23.499398770000028],[91.04082234900005,23.504586587000063],[91.04292671700006,23.507225637000033],[91.04281147100005,23.511324638000076],[91.04075774000006,23.512800980000065],[91.04340634100004,23.52125235500006],[91.04350018900004,23.52911793800007],[91.05090196100008,23.52597133300003],[91.05079382600007,23.532244134000052],[91.05223436800009,23.53462671500006],[91.05142342500005,23.54036065300005],[91.05279531700006,23.541797603000077],[91.04876198200003,23.54747201400005],[91.05428649900006,23.550589038000055],[91.05472558100007,23.561643847000028],[91.05758559800006,23.560378593000053],[91.05878476900006,23.557420413000045],[91.06044559200006,23.557515219000038],[91.05999981300005,23.56125630200006],[91.05692259900007,23.562851047000038],[91.05512073200003,23.566419565000047],[91.06034119100008,23.568540390000067],[91.06312211300008,23.57774906900005],[91.06209850700003,23.58236454000007],[91.06387137300004,23.58484687600003],[91.07314808900009,23.589096871000038],[91.07301993300007,23.594576080000024],[91.07091863200009,23.59437833800007],[91.07012044000004,23.596028747000048],[91.06901560800009,23.608061572000054],[91.06651122600005,23.60667774600006],[91.06742319100005,23.60151378300003],[91.06583898400004,23.599144231000025],[91.06614200500007,23.596090545000038],[91.05711671700004,23.595507031000068],[91.05596523000008,23.59834407200003],[91.05624439400003,23.602455019000047],[91.05846446100009,23.605910925000046],[91.05758450800005,23.607858188000023],[91.06064396200009,23.611238338000078],[91.06073309300007,23.627028051000025],[91.05923362600004,23.637123926000072],[91.05358145600007,23.638898776000076],[91.05903929100003,23.656448624000063],[91.05100602800007,23.65491258800006],[91.04424601400007,23.650868025000022],[91.04367382800007,23.65289498800007],[91.04128501800005,23.65395873500006],[91.04309282500003,23.659298453000076],[91.04122634300006,23.659628809000026],[91.04415939900008,23.666586089000077],[91.06476478200005,23.665009831000077],[91.06622110700005,23.67062712200004],[91.05783273100008,23.67671327900007],[91.05546709000004,23.676960288000032],[91.05690218000007,23.683624920000057],[91.05331003100008,23.687934367000025],[91.05434570400007,23.692869907000045],[91.05243631300004,23.699677544000053],[91.04689364300003,23.703613431000065]]]}},{"type":"Feature","id":"cumilla-homna","properties":{"canonical_id":"cumilla-homna","name_en":"Homna","name_bn":"হোমনা","district_id":"cumilla","division_id":"chittagong","pcode":"BD-B-08-79","parent_pcode":"BD2019","source_name":"Homna","match_method":"exact_name_or_alias","boundary_reference_year":"2020","boundary_source":"geoBoundaries gbOpen BGD ADM3 / BBS, OCHA ROAP","source_dataset_updated":"2026-08-09"},"geometry":{"type":"Polygon","coordinates":[[[90.73323046700006,23.66794314200007],[90.74098874400005,23.65537512700007],[90.75616095600003,23.653184932000045],[90.76363847100004,23.648936441000046],[90.76524781400008,23.644848198000034],[90.76486660700004,23.639987915000063],[90.76279472000004,23.634358614000064],[90.75830236800005,23.63173701200003],[90.76505097500007,23.62478912800003],[90.77325273700006,23.626509759000044],[90.78220929900004,23.62633051100005],[90.78732133800008,23.627921986000047],[90.79141773400005,23.631672656000035],[90.79321308600004,23.639822948000074],[90.79519582900008,23.64050996800006],[90.79952734700004,23.63807497600004],[90.80009064600006,23.634979677000047],[90.79689010100003,23.631903754000064],[90.79808904600009,23.627228509000076],[90.80264522100003,23.624438332000068],[90.80484126900006,23.628279186000043],[90.80424834500008,23.631317076000073],[90.81046301400005,23.631697392000035],[90.81605136200005,23.62463654900006],[90.81920554000004,23.623368973000026],[90.82054605900004,23.617463316000055],[90.82581969800003,23.619507663000036],[90.82584449200004,23.627078742000037],[90.83136080300005,23.629541026000027],[90.84392392100006,23.62938457000007],[90.84755029200005,23.624970672000075],[90.84946828600005,23.627392083000075],[90.86595448000008,23.64637444600004],[90.86913267400007,23.65588379600007],[90.87827748300003,23.664639617000034],[90.87685147500008,23.673754235000047],[90.87168460400005,23.66672034100003],[90.86443868100008,23.664031558000033],[90.86436365300005,23.661661627000058],[90.86063521500006,23.66290170600007],[90.85896598800008,23.665933884000026],[90.86866828900008,23.67779362400006],[90.87602153100005,23.68155807900007],[90.88155975900008,23.682423647000064],[90.88387845900007,23.684507551000024],[90.87764770700005,23.695047206000027],[90.87439990700005,23.69678166400007],[90.87344091000006,23.704114849000064],[90.86821565200006,23.703614750000042],[90.86670005000008,23.707119195000075],[90.86815927000004,23.709084507000057],[90.88468633600007,23.716248654000026],[90.88520741900004,23.720237233000034],[90.88336530500004,23.726654808000035],[90.87079954300003,23.71865430400004],[90.86785033400008,23.72299098700006],[90.85682776100003,23.722867848000078],[90.85011285500008,23.72734074300007],[90.83676605200009,23.72491730400003],[90.83561224900006,23.724170497000046],[90.83654108900004,23.72185214600006],[90.82876535000008,23.728261592000024],[90.82631092600008,23.73420708200007],[90.81704149800004,23.73355692000007],[90.81111924000004,23.737116247000074],[90.80848037200008,23.743339606000063],[90.79928662700007,23.746344855000075],[90.79653117500004,23.741891028000055],[90.79350073200004,23.741714681000076],[90.78788441000006,23.736356896000075],[90.77957182300008,23.73296739700004],[90.78098657500004,23.72732704400005],[90.77464134000007,23.71214264200006],[90.77581743000007,23.706883996000045],[90.78216310200008,23.703656937000062],[90.78705709800005,23.695779817000073],[90.78715831300008,23.689451158000054],[90.78388283900006,23.685297742000046],[90.77631978700003,23.682978443000025],[90.77005580800005,23.684732602000054],[90.76726234600005,23.688692399000047],[90.76573869400005,23.696721075000028],[90.76282775400006,23.69909679500006],[90.75992214500008,23.698916894000035],[90.75500987600003,23.69518467100005],[90.74114421900003,23.69262047600006],[90.73844490000005,23.680911811000044],[90.73323046700006,23.66794314200007]]]}},{"type":"Feature","id":"cumilla-laksam","properties":{"canonical_id":"cumilla-laksam","name_en":"Laksam","name_bn":"লাকসাম","district_id":"cumilla","division_id":"chittagong","pcode":"BD-B-08-80","parent_pcode":"BD2019","source_name":"Laksam","match_method":"exact_name_or_alias","boundary_reference_year":"2020","boundary_source":"geoBoundaries gbOpen BGD ADM3 / BBS, OCHA ROAP","source_dataset_updated":"2026-08-09"},"geometry":{"type":"Polygon","coordinates":[[[91.03001632800004,23.22940761500007],[91.02881753100007,23.22282813100003],[91.02650554000007,23.219062678000057],[91.02869643800005,23.218502471000022],[91.02961779700007,23.21606958500007],[91.03538019800004,23.215476264000074],[91.03624401100006,23.213202914000078],[91.04190403400008,23.213526242000057],[91.04268365500008,23.206951811000067],[91.03924918900003,23.20193736300007],[91.05165924400006,23.20253118200003],[91.05519176800004,23.200060922000034],[91.05792776600003,23.201386657000057],[91.05637419400006,23.20605772300007],[91.05875740500005,23.208866526000065],[91.06377889400005,23.21102238700007],[91.06692223400006,23.217534190000038],[91.07767206500006,23.218612481000036],[91.07660158800007,23.21368768800005],[91.07886331200007,23.212175668000043],[91.07682786800007,23.20717111600004],[91.08266479300005,23.205523322000033],[91.08126108300007,23.202301718000058],[91.08625650700009,23.19298280000004],[91.08833095600005,23.194946512000058],[91.09103856500008,23.19350124400006],[91.09129750500006,23.191546807000066],[91.09522274500006,23.191387443000053],[91.09574807600006,23.18923413300007],[91.08981888400007,23.184285026000055],[91.09126404700004,23.178464501000065],[91.08953823900003,23.175190432000022],[91.08694183900008,23.17403249800003],[91.08669928100005,23.169475171000045],[91.10597806300007,23.171679162000032],[91.10949736400005,23.17086352900003],[91.11291572900006,23.173427117000074],[91.12595315600004,23.172899762000043],[91.13011366400008,23.174655492000056],[91.13247196600008,23.16706513200006],[91.13471623000004,23.166547696000066],[91.13574311000008,23.175877222000054],[91.15429480500006,23.17856143700004],[91.15680817700007,23.182630552000035],[91.16124457800004,23.182597888000032],[91.16422161900005,23.189761430000033],[91.16835920500006,23.19108387400007],[91.16765594800006,23.195327358000043],[91.17327869700006,23.19634792000005],[91.17360582100008,23.19926393800006],[91.17742546100004,23.19966216100005],[91.17657210700008,23.202426683000056],[91.17880303700008,23.202363692000063],[91.17773961000006,23.206870140000035],[91.18148609800005,23.208091273000036],[91.18063682700006,23.21486032400003],[91.18335049900008,23.226585955000076],[91.18328140900007,23.228657044000045],[91.17625851900004,23.229872057000023],[91.17667065200004,23.236262452000062],[91.17433856500008,23.23655763000005],[91.17309409400008,23.239682944000037],[91.17126921100004,23.23951704800004],[91.17243847600008,23.24176179500006],[91.17533301600008,23.242831902000034],[91.17423456700004,23.250706924000042],[91.15928005100005,23.250580927000044],[91.15695007200009,23.247189106000064],[91.15440974700005,23.248941370000068],[91.15104163400008,23.248282481000047],[91.15100848600008,23.25452720100003],[91.14106421800005,23.25481089500005],[91.14547147800005,23.26681447900006],[91.12616695700007,23.263165229000037],[91.12651206300006,23.26780520500006],[91.12273086600004,23.27104825500004],[91.12270043900008,23.267271399000037],[91.11667858400006,23.26685089600005],[91.11600804000005,23.268504575000065],[91.11848302100003,23.27023691200003],[91.11764280600005,23.273890141000038],[91.12093193400005,23.28439687300005],[91.11798041400004,23.287907674000053],[91.11793715800007,23.290118564000068],[91.12189778700008,23.294791436000025],[91.12360828600004,23.306574388000058],[91.12058128400008,23.309220407000055],[91.11856369500003,23.314548440000067],[91.12187764500004,23.316507270000045],[91.12191419700008,23.31991544400006],[91.11547215100006,23.323775183000066],[91.10493964900007,23.323049352000055],[91.10301248700006,23.326767740000037],[91.09921567900005,23.32570550400004],[91.09322128200006,23.32918243200004],[91.09304109600004,23.320307478000075],[91.09118922800008,23.316888780000056],[91.08370144400004,23.317241050000064],[91.07750003200005,23.31574497400004],[91.07823641200008,23.312391838000053],[91.08149695800006,23.309562664000055],[91.08036224000006,23.302409193000074],[91.07127557700005,23.302582183000027],[91.06692680200007,23.300474050000048],[91.07003256600007,23.293883735000065],[91.06492943000006,23.28894177600006],[91.06489515200008,23.282865653000044],[91.06006317300006,23.282457493000038],[91.06067375100008,23.278151249000075],[91.05652563400008,23.27835140800005],[91.05201962500007,23.27569969800004],[91.05069819100004,23.277680382000028],[91.04915693700008,23.274382666000065],[91.04337228100007,23.272353992000035],[91.04193074500006,23.26471839100003],[91.04374931200005,23.25227181200006],[91.03745785900009,23.25219720700005],[91.03781245100004,23.244807644000048],[91.03096455300005,23.243031047000045],[91.03001632800004,23.22940761500007]]]}},{"type":"Feature","id":"cumilla-meghna","properties":{"canonical_id":"cumilla-meghna","name_en":"Meghna","name_bn":"মেঘনা","district_id":"cumilla","division_id":"chittagong","pcode":"BD-B-08-84","parent_pcode":"BD2019","source_name":"Meghna","match_method":"exact_name_or_alias","boundary_reference_year":"2020","boundary_source":"geoBoundaries gbOpen BGD ADM3 / BBS, OCHA ROAP","source_dataset_updated":"2026-08-09"},"geometry":{"type":"Polygon","coordinates":[[[90.66448234600006,23.673266711000053],[90.65757722500007,23.67169293200004],[90.64363994600006,23.675048266000033],[90.63970671800007,23.674161887000025],[90.63787067700008,23.66917230100006],[90.63798727100004,23.649114293000025],[90.62995024400004,23.620819235000056],[90.64000474700003,23.61723795100005],[90.64877821400006,23.61837686900003],[90.65305367500008,23.62040421200004],[90.66617076200004,23.596325655000044],[90.66655355400007,23.58891742700007],[90.65346341000009,23.590832594000062],[90.64672929600005,23.588619600000072],[90.64586850800004,23.58182399900005],[90.64721420900008,23.575709635000067],[90.65245396900008,23.572994360000052],[90.66937067900005,23.571057793000023],[90.67673397300007,23.566719696000064],[90.68762381100004,23.55664930100005],[90.68958850400008,23.55844313500006],[90.69497232600008,23.55931789400006],[90.69964761100005,23.56330336900004],[90.70168694500006,23.572873043000072],[90.70056675500007,23.576103792000026],[90.70245066800004,23.57632561400004],[90.70351515400006,23.57839655500004],[90.70564750300008,23.575589105000063],[90.70558104900005,23.570029404000024],[90.70772428700008,23.57191533500003],[90.70927293800008,23.570617208000044],[90.71350214800003,23.57361749100005],[90.72033324100005,23.584684503000062],[90.72295790300007,23.584696586000064],[90.72507433800007,23.58685505400007],[90.728723,23.591605366000067],[90.72809031500003,23.594725620000077],[90.73440091600008,23.600899987000048],[90.73658037700005,23.609763349000048],[90.73597922500005,23.620484158000068],[90.73950419700003,23.625006692000056],[90.73530516800008,23.627598026000044],[90.73992037900007,23.63168859700005],[90.74724861100003,23.633856781000077],[90.75830236800005,23.63173701200003],[90.76279472000004,23.634358614000064],[90.76486660700004,23.639987915000063],[90.76524781400008,23.644848198000034],[90.76363847100004,23.648936441000046],[90.75616095600003,23.653184932000045],[90.74098874400005,23.65537512700007],[90.73323046700006,23.66794314200007],[90.73021916400006,23.664495186000067],[90.72186300500005,23.661784573000034],[90.70795255600007,23.662543096000036],[90.69725617300008,23.666369346000067],[90.68139934000004,23.677931242000056],[90.67561648600008,23.68013279200005],[90.66800585200008,23.677688687000057],[90.66448234600006,23.673266711000053]]]}},{"type":"Feature","id":"cumilla-monohargonj","properties":{"canonical_id":"cumilla-monohargonj","name_en":"Monohargonj","name_bn":"মনোহরগঞ্জ","district_id":"cumilla","division_id":"chittagong","pcode":"BD-B-08-85","parent_pcode":"BD2019","source_name":"Monohargonj","match_method":"exact_name_or_alias","boundary_reference_year":"2020","boundary_source":"geoBoundaries gbOpen BGD ADM3 / BBS, OCHA ROAP","source_dataset_updated":"2026-08-09"},"geometry":{"type":"Polygon","coordinates":[[[91.03938186300007,23.100572451000062],[91.04118205900005,23.09977364100007],[91.04074351600008,23.09576333800004],[91.04294153800004,23.093228800000077],[91.04291589700006,23.090539016000037],[91.04677514500008,23.08931612600003],[91.05073760800008,23.083483127000022],[91.06092619800006,23.081136607000076],[91.06485131300008,23.077564435000056],[91.07054906500008,23.078669080000054],[91.08036096700005,23.076769283000033],[91.07943563100008,23.071601783000062],[91.10987090300006,23.072302618000037],[91.11406494800008,23.075500436000027],[91.12418721900008,23.074719137000045],[91.12646059500008,23.076703015000078],[91.12931378200005,23.074608058000024],[91.13502815000004,23.076782818000027],[91.14002238700004,23.074285020000048],[91.14041718300007,23.079210359000058],[91.14592138800003,23.081166633000066],[91.14403399600008,23.09448018100005],[91.13653100400006,23.093921313000067],[91.13754658900007,23.095466403000046],[91.14369456500003,23.096696649000023],[91.13925511000008,23.100376615000073],[91.14285060700007,23.10152706100007],[91.13829377100006,23.102379093000025],[91.13615480200008,23.108756536000044],[91.13231954500009,23.108505799000056],[91.13132172000007,23.11877123900007],[91.12637943300007,23.12002820600003],[91.12594150800004,23.124890639000057],[91.12317650500006,23.12685735100007],[91.12223316000006,23.133932866000066],[91.12000174200006,23.13638007900005],[91.12041426900004,23.14070129600003],[91.12561524400007,23.148834382000075],[91.12486954100007,23.15800789000008],[91.13436381200006,23.158920929000033],[91.13471623000004,23.166547696000066],[91.13247196600008,23.16706513200006],[91.13011366400008,23.174655492000056],[91.12595315600004,23.172899762000043],[91.11291572900006,23.173427117000074],[91.10949736400005,23.17086352900003],[91.10597806300007,23.171679162000032],[91.08669928100005,23.169475171000045],[91.08694183900008,23.17403249800003],[91.08953823900003,23.175190432000022],[91.09126404700004,23.178464501000065],[91.08981888400007,23.184285026000055],[91.09574807600006,23.18923413300007],[91.09522274500006,23.191387443000053],[91.09129750500006,23.191546807000066],[91.09103856500008,23.19350124400006],[91.08833095600005,23.194946512000058],[91.08625650700009,23.19298280000004],[91.08126108300007,23.202301718000058],[91.08266479300005,23.205523322000033],[91.07682786800007,23.20717111600004],[91.07886331200007,23.212175668000043],[91.07660158800007,23.21368768800005],[91.07767206500006,23.218612481000036],[91.06692223400006,23.217534190000038],[91.06377889400005,23.21102238700007],[91.05875740500005,23.208866526000065],[91.05637419400006,23.20605772300007],[91.05792776600003,23.201386657000057],[91.05519176800004,23.200060922000034],[91.05165924400006,23.20253118200003],[91.03924918900003,23.20193736300007],[91.04268365500008,23.206951811000067],[91.04190403400008,23.213526242000057],[91.03624401100006,23.213202914000078],[91.03538019800004,23.215476264000074],[91.02961779700007,23.21606958500007],[91.02869643800005,23.218502471000022],[91.02650554000007,23.219062678000057],[91.02197137700006,23.21501696300004],[91.01536205000008,23.21298065700006],[91.01552366600004,23.20850467500003],[91.01276785700009,23.20573372000007],[91.01405665000004,23.196199716000024],[91.01671646500006,23.19574900200007],[91.01711963600007,23.197944069000073],[91.01873598500003,23.195100856000067],[91.00821922800009,23.19174364400004],[91.00802055700007,23.18837585600005],[91.01158039400008,23.186713648000023],[91.00001604200008,23.18171813600003],[91.00003997600004,23.17902295300007],[91.00587358000007,23.175237365000044],[91.00365480500005,23.170423726000024],[91.00699733700009,23.167680825000048],[91.00537219600005,23.164188343000035],[91.00668038100008,23.16121906500007],[91.00566871400008,23.154838509000058],[91.00995781500006,23.15528696800004],[91.01196136900006,23.15356360900006],[91.01135330000005,23.15063368500006],[91.00880962500008,23.148378912000055],[91.01118759900004,23.146856394000054],[91.00905691800006,23.14447195300005],[91.00950053800005,23.142491020000023],[90.99681023200009,23.140304082000057],[90.98788443700005,23.140895439000076],[90.98174576800005,23.137368233000075],[90.98075402300003,23.133199156000046],[90.98548165100004,23.127769973000056],[90.98450382500005,23.11781610500003],[90.99695767900005,23.119784872000025],[91.00161559600008,23.11407679200005],[91.01354968700008,23.11609609900006],[91.01454643900007,23.113996434000057],[91.02025547800008,23.11328614300004],[91.02010074600008,23.11033580700007],[91.02324294900006,23.10627798200005],[91.02704543500005,23.107056601000068],[91.02887349700006,23.11221629700003],[91.03556227400009,23.114657007000062],[91.03723004300008,23.11280006100003],[91.03938186300007,23.100572451000062]]]}},{"type":"Feature","id":"cumilla-muradnagar","properties":{"canonical_id":"cumilla-muradnagar","name_en":"Muradnagar","name_bn":"মুরাদনগর","district_id":"cumilla","division_id":"chittagong","pcode":"BD-B-08-81","parent_pcode":"BD2019","source_name":"Muradnagar","match_method":"exact_name_or_alias","boundary_reference_year":"2020","boundary_source":"geoBoundaries gbOpen BGD ADM3 / BBS, OCHA ROAP","source_dataset_updated":"2026-08-09"},"geometry":{"type":"Polygon","coordinates":[[[90.88336530500004,23.726654808000035],[90.88520741900004,23.720237233000034],[90.88468633600007,23.716248654000026],[90.86815927000004,23.709084507000057],[90.86670005000008,23.707119195000075],[90.86821565200006,23.703614750000042],[90.87344091000006,23.704114849000064],[90.87439990700005,23.69678166400007],[90.87764770700005,23.695047206000027],[90.88387845900007,23.684507551000024],[90.88155975900008,23.682423647000064],[90.87602153100005,23.68155807900007],[90.86866828900008,23.67779362400006],[90.85896598800008,23.665933884000026],[90.86063521500006,23.66290170600007],[90.86436365300005,23.661661627000058],[90.86443868100008,23.664031558000033],[90.87168460400005,23.66672034100003],[90.87685147500008,23.673754235000047],[90.87827748300003,23.664639617000034],[90.86913267400007,23.65588379600007],[90.86595448000008,23.64637444600004],[90.84946828600005,23.627392083000075],[90.85362504100004,23.624782696000068],[90.85289983400008,23.622259385000064],[90.85690888100004,23.623538487000076],[90.85817285000007,23.622601193000037],[90.85952031400006,23.610891500000037],[90.86170725100004,23.607596199000056],[90.85867606200009,23.604391346000057],[90.85582249700008,23.607767056000057],[90.85490027000003,23.607254483000077],[90.85720354100005,23.603469738000058],[90.85382206400004,23.598735203000047],[90.85360332200008,23.596075874000064],[90.85811006200004,23.593663166000056],[90.85783623500004,23.582447311000067],[90.86315913100003,23.580263098000046],[90.86790128800004,23.56820981100003],[90.86788626200007,23.562380764000068],[90.87060305100005,23.564274183000066],[90.87212439200005,23.563646953000045],[90.87167146100006,23.559784859000047],[90.86683732100005,23.55669917000006],[90.86495665400008,23.55069534000006],[90.86839659500004,23.55150995500003],[90.87056845000006,23.547401722000075],[90.87140388400007,23.535263436000037],[90.87310879800003,23.532536884000024],[90.87313133100008,23.528065257000037],[90.86813553400003,23.527038692000076],[90.86805015100003,23.525968851000073],[90.87002050500007,23.525165276000052],[90.86970653900005,23.523037687000055],[90.87509456500004,23.521184684000048],[90.87429036300006,23.51129893500007],[90.88176309100004,23.50663796300006],[90.89180963000007,23.505496337000068],[90.89287574700006,23.514819345000035],[90.89660189900007,23.51552728300004],[90.89670806700008,23.517193106000036],[90.90488440600006,23.51765725000007],[90.90420685000004,23.527802596000072],[90.90671210000005,23.528967845000068],[90.90750597300007,23.53840123200007],[90.91196449200004,23.539724900000067],[90.91318941800006,23.54837838000003],[90.91439354400006,23.55045885100003],[90.91658392500005,23.55073555000007],[90.91830435100007,23.565771726000037],[90.93505734100006,23.564505035000025],[90.93619878600003,23.574346478000052],[90.94549725600007,23.574154143000044],[90.94564205900008,23.580262291000054],[90.94362562100008,23.580575993000025],[90.94084203900007,23.585655317000032],[90.94320229300007,23.58904437900003],[90.94269496200008,23.594505612000034],[90.94046369600005,23.59599135700006],[90.94643487000008,23.60378186500003],[90.94631677600006,23.610542457000065],[90.94852813600005,23.611544493000054],[90.94860579100003,23.61458835700006],[90.95146250900007,23.617990598000063],[90.95458540700008,23.619044529000064],[90.95580417200006,23.621945880000055],[90.96075669600003,23.62217270600007],[90.96368191200008,23.627502599000024],[90.96340154800004,23.63113743100007],[90.96556785600006,23.630693818000054],[90.96674816300003,23.628641866000066],[90.96735175000003,23.632074184000032],[90.96296247400005,23.63384973500007],[90.96241578800004,23.63567362200007],[90.96839453700005,23.63598526900006],[90.97735032800006,23.63140186000004],[90.99016137900009,23.63289272800006],[90.98820228500006,23.63660998200004],[90.98888926600006,23.638012881000066],[90.99363924000005,23.634619284000053],[90.99337903200006,23.640409808000072],[90.99896698900005,23.64506539300004],[90.99726053800003,23.646693077000066],[90.99468762800007,23.643543941000075],[90.99081233800007,23.64489474000004],[90.99002271100005,23.651683271000024],[90.99301420100005,23.653124475000027],[90.99406924700008,23.649368933000062],[90.99585468800007,23.654685696000058],[90.99360183000005,23.659851684000046],[90.99125226900009,23.65985431200005],[90.98754414200005,23.66402867900007],[90.98639691600005,23.666809326000077],[90.98729466300006,23.670958253000038],[90.99348759400004,23.674253100000044],[90.99611562600006,23.673355623000077],[91.00364749500005,23.684356282000067],[91.01009708600003,23.688291715000048],[91.01286929100007,23.69295375400003],[91.01511121300007,23.692828430000077],[91.01608066600005,23.689623700000027],[91.02672650500006,23.691570376000072],[91.03127481200005,23.693919441000048],[91.03309521600005,23.69156300900005],[91.04689364300003,23.703613431000065],[91.04790351200006,23.706788005000078],[91.05148538900005,23.707997661000036],[91.05433104900004,23.71195279400007],[91.05779157300003,23.726442462000023],[91.06173520200008,23.728029277000076],[91.06106172700004,23.731027883000024],[91.06501141700005,23.73771404100006],[91.06708455400008,23.745990189000054],[91.06546143100007,23.746451273000048],[91.06249408300005,23.742298534000042],[91.05834452700003,23.745940775000065],[91.06095576800004,23.74815368000003],[91.06195143900004,23.752436852000073],[91.06582361200003,23.757270315000028],[91.05580877700004,23.753156314000023],[91.05576507600006,23.755873997000037],[91.05946968300003,23.76184110400004],[91.05488166800006,23.76230432400007],[91.05199505200005,23.758130521000055],[91.04971896600006,23.759710729000062],[91.05016004100008,23.761789518000057],[91.05536331500008,23.76590407900005],[91.05448013500006,23.767577568000036],[91.04993047200009,23.76589255700003],[91.04666169700005,23.762621025000044],[91.04376594600006,23.762807138000028],[91.04267926700004,23.767590511000037],[91.04742222300007,23.766992251000033],[91.04924103500008,23.77154312400006],[91.04641617200008,23.77823664500005],[91.04478923700003,23.77843394000007],[91.04232945400008,23.774336667000057],[91.04047738600008,23.776066857000046],[91.03808773200006,23.781863739000073],[91.04090997100008,23.78325310200006],[91.04089516100004,23.78501380000006],[91.03536825200007,23.79529845600007],[91.02795888500003,23.794747952000023],[91.00335774300004,23.787434467000026],[91.00099937600004,23.793713807000074],[90.99568156100008,23.794466228000033],[90.99929454300008,23.78761041200005],[90.99513958100005,23.78564576800005],[90.98619829500007,23.78562920400003],[90.97116895200008,23.78216260000005],[90.96748894500007,23.782881148000058],[90.95947793300007,23.779298121000068],[90.95901351800006,23.773934445000066],[90.95054466500005,23.773328615000025],[90.94630931900008,23.776031988000057],[90.94001546100009,23.772704390000058],[90.93634762200008,23.773142137000036],[90.93183772300006,23.770066986000074],[90.92721429800008,23.770068846000072],[90.92197365500004,23.76691198000003],[90.91423272600008,23.76480558700007],[90.91254191700006,23.767727231000038],[90.90117290800004,23.76646742400004],[90.89881005700005,23.75955147800005],[90.89288815500004,23.75957734900004],[90.89136570700003,23.756752945000073],[90.88480092600008,23.752928402000066],[90.88731997200006,23.736773345000074],[90.88336530500004,23.726654808000035]]]}},{"type":"Feature","id":"cumilla-nangalkot","properties":{"canonical_id":"cumilla-nangalkot","name_en":"Nangalkot","name_bn":"নাঙ্গলকোট","district_id":"cumilla","division_id":"chittagong","pcode":"BD-B-08-82","parent_pcode":"BD2019","source_name":"Nangalkot","match_method":"exact_name_or_alias","boundary_reference_year":"2020","boundary_source":"geoBoundaries gbOpen BGD ADM3 / BBS, OCHA ROAP","source_dataset_updated":"2026-08-09"},"geometry":{"type":"Polygon","coordinates":[[[91.20824098400004,23.240184302000046],[91.20786104800004,23.23787958500003],[91.21064234900007,23.236129144000074],[91.20640514700005,23.23166950700005],[91.20322565700008,23.230971897000074],[91.20285941900005,23.227523958000063],[91.19858025300005,23.226856111000075],[91.19605636300008,23.229181856000025],[91.19120789300007,23.227137388000074],[91.18335049900008,23.226585955000076],[91.18063682700006,23.21486032400003],[91.18148609800005,23.208091273000036],[91.17773961000006,23.206870140000035],[91.17880303700008,23.202363692000063],[91.17657210700008,23.202426683000056],[91.17742546100004,23.19966216100005],[91.17360582100008,23.19926393800006],[91.17327869700006,23.19634792000005],[91.16765594800006,23.195327358000043],[91.16835920500006,23.19108387400007],[91.16422161900005,23.189761430000033],[91.16124457800004,23.182597888000032],[91.15680817700007,23.182630552000035],[91.15429480500006,23.17856143700004],[91.13574311000008,23.175877222000054],[91.13471623000004,23.166547696000066],[91.13436381200006,23.158920929000033],[91.12486954100007,23.15800789000008],[91.12561524400007,23.148834382000075],[91.12041426900004,23.14070129600003],[91.12000174200006,23.13638007900005],[91.12223316000006,23.133932866000066],[91.12317650500006,23.12685735100007],[91.12594150800004,23.124890639000057],[91.12637943300007,23.12002820600003],[91.13132172000007,23.11877123900007],[91.13231954500009,23.108505799000056],[91.13615480200008,23.108756536000044],[91.13829377100006,23.102379093000025],[91.14285060700007,23.10152706100007],[91.13925511000008,23.100376615000073],[91.14369456500003,23.096696649000023],[91.13754658900007,23.095466403000046],[91.13653100400006,23.093921313000067],[91.14403399600008,23.09448018100005],[91.14592138800003,23.081166633000066],[91.14838762200009,23.080879451000044],[91.14955100800006,23.082151297000053],[91.15184006000004,23.080761168000038],[91.15297013900005,23.083275150000077],[91.16224306800007,23.08338556900003],[91.16411287600005,23.081363279000072],[91.16257988700005,23.080548694000072],[91.16289615100004,23.07865752200007],[91.16773621900006,23.074259298000072],[91.16660763600004,23.071657350000066],[91.16778371600003,23.06979651000006],[91.16920156800006,23.06880660300004],[91.17344802200006,23.070730579000042],[91.17781776100009,23.067110059000072],[91.18074863800007,23.066834724000046],[91.18303874000009,23.06137575200006],[91.18603055600005,23.060064561000047],[91.19040297600009,23.059947581000074],[91.19294023000003,23.061546323000073],[91.19811277600007,23.060568990000036],[91.20040381900009,23.063216632000035],[91.20388202700008,23.062421320000055],[91.20469111300008,23.06641240500005],[91.21455435300004,23.066701573000046],[91.21721254900007,23.065966462000063],[91.21757292300003,23.06038697300005],[91.22144680100007,23.060396034000064],[91.22259812300007,23.05791574600005],[91.22284000300004,23.064228385000035],[91.22548609000006,23.066545484000073],[91.22685455000004,23.064130659000057],[91.23591252200004,23.065976555000077],[91.23691049400009,23.062228378000043],[91.23553390800004,23.05878666700005],[91.24648413900007,23.05760387600003],[91.25052332100006,23.055576475000066],[91.25592321400006,23.05610267700007],[91.25895213200005,23.054611459000057],[91.26480981000003,23.053536756000028],[91.27012764500006,23.05591975300007],[91.27139126700007,23.053805725000075],[91.27437281300007,23.055860750000022],[91.27393367200006,23.058784979000052],[91.27777412000006,23.06036843000004],[91.28062002800004,23.05850797200003],[91.28127318500003,23.05526644500003],[91.28576466400006,23.054426704000036],[91.28885235800004,23.06107159100003],[91.28483515500005,23.07217453800007],[91.28752958100006,23.073164735000034],[91.29397050500006,23.068017593000036],[91.29596197300003,23.069248795000078],[91.29626559000008,23.071456280000064],[91.29084121000005,23.07630167700006],[91.27967483000003,23.076281324000036],[91.27901964300008,23.078546290000077],[91.28296475000008,23.083698580000032],[91.28153949400007,23.084860582000033],[91.27754570200005,23.084174907000033],[91.27812496000007,23.091361273000075],[91.27197498500004,23.09298191700003],[91.26836906800008,23.096391668000024],[91.26981723700004,23.098810727000057],[91.27569464900006,23.100023281000063],[91.27854704100008,23.102240663000032],[91.27655760800008,23.108234151000033],[91.28582882000006,23.113963510000076],[91.28414209300007,23.116217138000025],[91.27954779500004,23.11769278500003],[91.27903764800004,23.119309102000045],[91.28654006900007,23.12097090700007],[91.28714469700003,23.12235856500007],[91.28307169500005,23.127261585000042],[91.27423356800006,23.12385712200006],[91.27479781000005,23.13112261400005],[91.26537653100007,23.130754246000038],[91.26765657100003,23.135337651000043],[91.26143417600008,23.135511747000066],[91.26654644300004,23.139252275000047],[91.26609744500007,23.144608367000046],[91.26000423400006,23.14702466800003],[91.26479894600004,23.150772852000046],[91.26567593100003,23.153153032000034],[91.26328544300009,23.155959660000065],[91.25833593800007,23.151406018000046],[91.25684700600004,23.152710584000033],[91.26114035500007,23.16020938300005],[91.26797848700005,23.16338956800007],[91.26575442400008,23.168196003000048],[91.27007298500007,23.171593877000078],[91.26185900100006,23.17116429400005],[91.25878608700003,23.172333105000064],[91.26003959000008,23.176316832000055],[91.26494582700008,23.17512029100004],[91.26780398600005,23.17694938300008],[91.26756944800007,23.178367003000062],[91.26100299800004,23.178525295000043],[91.26279180600005,23.186053066000056],[91.26735264800004,23.18302914700007],[91.27378287800008,23.19361101000004],[91.27066482800006,23.193404781000027],[91.26718733800004,23.187324524000076],[91.26509680800007,23.187282071000027],[91.26395923600006,23.189816157000052],[91.26552480100008,23.193246939000062],[91.25876983600006,23.194349937000027],[91.26028644900003,23.19803857100004],[91.25718248100009,23.20189457300006],[91.26077540400007,23.203617982000026],[91.26469136400004,23.199358551000046],[91.26714854300008,23.201286253000035],[91.26361678000006,23.20684887400006],[91.25716520900005,23.20664203900003],[91.25402542700004,23.208064773000046],[91.25343124300008,23.21343664500006],[91.25059990600005,23.217310114000043],[91.25590781700004,23.222977575000073],[91.25974331500004,23.221526078000068],[91.26323312700003,23.222356655000056],[91.26320714600007,23.223425431000067],[91.25947055200004,23.22402723700003],[91.26283082700007,23.227443064000056],[91.26864142900007,23.227388936000068],[91.26376669300004,23.230181191000042],[91.25779435100009,23.22713347000007],[91.25527156500004,23.233970354000064],[91.25990787200004,23.23645649300005],[91.25654028600007,23.237627103000023],[91.25262376700005,23.233069115000035],[91.24943753100007,23.232984405000025],[91.24867640100007,23.235802720000038],[91.24695717300006,23.23530664200007],[91.24365448000003,23.232548206000047],[91.24254770100003,23.22872466000007],[91.23895714200006,23.230021973000078],[91.23410580600006,23.228332245000047],[91.23259789900004,23.23094523800006],[91.23925321100006,23.232516928000052],[91.23954183700005,23.234667605000027],[91.23665155800006,23.23621223500004],[91.23370485100008,23.23441718400005],[91.22615322300004,23.238573347000056],[91.23002821500006,23.240011292000077],[91.23640150400007,23.237978224000074],[91.23611430500006,23.24115007900008],[91.23475181100008,23.24258104200004],[91.23025556600004,23.242221740000048],[91.23074273200007,23.246182882000028],[91.22293877400006,23.24391927000005],[91.22311052000003,23.248015555000052],[91.22192619300006,23.248909325000056],[91.21940762700007,23.248593028000073],[91.21122558400003,23.241055475000053],[91.20824098400004,23.240184302000046]]]}},{"type":"Feature","id":"cumilla-titas","properties":{"canonical_id":"cumilla-titas","name_en":"Titas","name_bn":"তিতাস","district_id":"cumilla","division_id":"chittagong","pcode":"BD-B-08-87","parent_pcode":"BD2019","source_name":"Titas","match_method":"exact_name_or_alias","boundary_reference_year":"2020","boundary_source":"geoBoundaries gbOpen BGD ADM3 / BBS, OCHA ROAP","source_dataset_updated":"2026-08-09"},"geometry":{"type":"Polygon","coordinates":[[[90.86495665400008,23.55069534000006],[90.86683732100005,23.55669917000006],[90.87167146100006,23.559784859000047],[90.87212439200005,23.563646953000045],[90.87060305100005,23.564274183000066],[90.86788626200007,23.562380764000068],[90.86790128800004,23.56820981100003],[90.86315913100003,23.580263098000046],[90.85783623500004,23.582447311000067],[90.85811006200004,23.593663166000056],[90.85360332200008,23.596075874000064],[90.85382206400004,23.598735203000047],[90.85720354100005,23.603469738000058],[90.85490027000003,23.607254483000077],[90.85582249700008,23.607767056000057],[90.85867606200009,23.604391346000057],[90.86170725100004,23.607596199000056],[90.85952031400006,23.610891500000037],[90.85817285000007,23.622601193000037],[90.85690888100004,23.623538487000076],[90.85289983400008,23.622259385000064],[90.85362504100004,23.624782696000068],[90.84946828600005,23.627392083000075],[90.84755029200005,23.624970672000075],[90.84392392100006,23.62938457000007],[90.83136080300005,23.629541026000027],[90.82584449200004,23.627078742000037],[90.82581969800003,23.619507663000036],[90.82054605900004,23.617463316000055],[90.81920554000004,23.623368973000026],[90.81605136200005,23.62463654900006],[90.81046301400005,23.631697392000035],[90.80424834500008,23.631317076000073],[90.80484126900006,23.628279186000043],[90.80264522100003,23.624438332000068],[90.79808904600009,23.627228509000076],[90.79689010100003,23.631903754000064],[90.80009064600006,23.634979677000047],[90.79952734700004,23.63807497600004],[90.79519582900008,23.64050996800006],[90.79321308600004,23.639822948000074],[90.79141773400005,23.631672656000035],[90.78732133800008,23.627921986000047],[90.78220929900004,23.62633051100005],[90.77325273700006,23.626509759000044],[90.76505097500007,23.62478912800003],[90.75830236800005,23.63173701200003],[90.74724861100003,23.633856781000077],[90.73992037900007,23.63168859700005],[90.73530516800008,23.627598026000044],[90.73950419700003,23.625006692000056],[90.73597922500005,23.620484158000068],[90.73658037700005,23.609763349000048],[90.73440091600008,23.600899987000048],[90.72809031500003,23.594725620000077],[90.728723,23.591605366000067],[90.72507433800007,23.58685505400007],[90.72295790300007,23.584696586000064],[90.72033324100005,23.584684503000062],[90.71350214800003,23.57361749100005],[90.71769659300008,23.57322954600005],[90.72275889300005,23.580791582000074],[90.72265023400007,23.583319454000048],[90.72600907600008,23.58118288600008],[90.72850982100005,23.583392012000047],[90.73202007300006,23.578534175000073],[90.73195431700003,23.59042217900003],[90.74043851100004,23.59140431800006],[90.74372923200008,23.58176183100005],[90.74619708100005,23.56433283000007],[90.74259882500007,23.558824514000037],[90.73712503000007,23.555918425000073],[90.74678349900006,23.551714637000032],[90.75711170000005,23.55208301500005],[90.75754757800007,23.549711596000066],[90.76090009800004,23.547042545000068],[90.77534948100003,23.54061243700005],[90.77890343700005,23.540954285000055],[90.78253588700005,23.54359043200003],[90.78892398400006,23.544900596000048],[90.79250756500005,23.547402958000077],[90.81113726000007,23.553831614000046],[90.82117200200008,23.554927743000064],[90.82714051000005,23.55783723600007],[90.82900843300007,23.56069784500005],[90.83205851300005,23.55881583400003],[90.83116383200007,23.555019179000055],[90.83514580100007,23.553533496000057],[90.84924693700003,23.558760732000053],[90.84939764200004,23.562294886000075],[90.85561407500006,23.56003380100003],[90.85864813400008,23.560838440000055],[90.86214121900008,23.55380675300006],[90.85331311000004,23.552217790000043],[90.85642274500003,23.550162245000024],[90.86495665400008,23.55069534000006]]]}},{"type":"Feature","id":"feni-chhagalnaiya","properties":{"canonical_id":"feni-chhagalnaiya","name_en":"Chhagalnaiya","name_bn":"ছাগলনাইয়া","district_id":"feni","division_id":"chittagong","pcode":"BD-B-16-90","parent_pcode":"BD2030","source_name":"Chhagalnaiya","match_method":"exact_name_or_alias","boundary_reference_year":"2020","boundary_source":"geoBoundaries gbOpen BGD ADM3 / BBS, OCHA ROAP","source_dataset_updated":"2026-08-09"},"geometry":{"type":"Polygon","coordinates":[[[91.51168667700006,23.10853326800003],[91.49965555900008,23.106270536000068],[91.49750035700004,23.104568292000067],[91.49141586700006,23.107311586000037],[91.48766515900007,23.098306112000046],[91.47273723300003,23.09757231800006],[91.47194156300009,23.09555559200004],[91.47523580500007,23.09387775400006],[91.47308036500004,23.08880589900008],[91.47431606200007,23.085522764000075],[91.47322110100004,23.077422832000025],[91.47463766100003,23.075572864000037],[91.48261658500007,23.076447031000043],[91.48368212800005,23.072420344000022],[91.48083137800006,23.073370545000046],[91.47618362700007,23.071217733000026],[91.47056480900005,23.070858076000036],[91.46561435100006,23.074301569000056],[91.46387575300008,23.06754584400005],[91.45689610200003,23.06826174500003],[91.44892608300006,23.062923510000076],[91.44426306400004,23.063320114000078],[91.43874050600004,23.05551311200003],[91.44131898600006,23.045836112000075],[91.43585212400006,23.044000522000033],[91.43594972700004,23.040262292000023],[91.43096097300008,23.03856612000004],[91.43261909900008,23.03381521400007],[91.43485532400007,23.03436844500004],[91.43465230000004,23.036506238000072],[91.43700629300008,23.03424223500008],[91.43821262500006,23.02975672900004],[91.43923923000006,23.032359189000033],[91.44118835500007,23.03017445000006],[91.44118494900005,23.034728611000048],[91.44389023200006,23.035167932000036],[91.44777986500009,23.039651500000048],[91.44870752500003,23.035543284000028],[91.44583781600005,23.034614463000025],[91.44886240800008,23.03291653200006],[91.44949970400006,23.03086111500005],[91.44779260900003,23.02600257200004],[91.44426723300006,23.023100120000038],[91.44289525400006,23.018129508000072],[91.43878313500005,23.013347501000055],[91.43921975700005,23.012141211000028],[91.44483759000008,23.008289468000044],[91.44580273100007,23.009650623000027],[91.44368223600009,23.012144042000045],[91.44423582600007,23.014081893000025],[91.44640097300004,23.012743527000055],[91.46382902600004,23.011973701000045],[91.46927672100009,23.015846261000036],[91.47463510800009,23.016805127000055],[91.47724437500005,23.014725585000065],[91.48410316600007,23.014931803000025],[91.48657508900004,23.012355548000073],[91.49131727600007,23.01251358500008],[91.49246223500006,23.009889343000054],[91.49138311700005,22.993204440000056],[91.49623016800007,22.987890049000043],[91.50061581200004,22.988081127000044],[91.50189957000003,22.983706812000037],[91.50687682500006,22.982943257000045],[91.50903699300005,22.97154319200007],[91.50148188700007,22.96207101300007],[91.49885621100003,22.955902570000035],[91.50523967700008,22.940576793000048],[91.50050778600007,22.932940383000073],[91.50616568300006,22.927872102000038],[91.51287133200003,22.91067745600003],[91.51154024800007,22.90866991200005],[91.50881288600004,22.908167502000026],[91.50006947800006,22.910402615000066],[91.49303510200008,22.905252647000054],[91.49787379400004,22.903332508000062],[91.50116613500006,22.900983173000043],[91.51166668700006,22.90160839300006],[91.51385860900007,22.907071853000048],[91.53155725200008,22.914031339000076],[91.53321899000008,22.917559548000042],[91.53076787100008,22.925341124000056],[91.53790868700008,22.928908914000033],[91.53888677900005,22.93209144100007],[91.53403659100007,22.937728218000075],[91.52513712300004,22.940246251000076],[91.52479473500006,22.943303831000037],[91.52748477900008,22.94730988200007],[91.53052608500008,22.948121612000023],[91.53631020500006,22.942246153000042],[91.53886149400006,22.941931299000032],[91.54513790500005,22.952203784000062],[91.53977535000007,22.953751174000047],[91.54292643400004,22.956699746000027],[91.55273220900006,22.951503082000045],[91.55921466700005,22.95361771300003],[91.56592657100003,22.94705532300003],[91.56665915700006,22.953829967000047],[91.57706614100005,22.96074405300004],[91.57676514100007,22.965434879000043],[91.57498216700009,22.968787537000026],[91.55717644700007,22.97860371300004],[91.55694278600004,22.99674010900003],[91.54745996800006,22.99436271600007],[91.54245025500006,22.999653144000035],[91.54813202900004,23.019393045000072],[91.53834699600009,23.019355784000027],[91.55028410900007,23.03854737100005],[91.53043046900007,23.038437173000034],[91.53620824000006,23.05465861600004],[91.52490667500007,23.055497597000056],[91.52576875600005,23.060130324000056],[91.53525770500005,23.063480711000068],[91.52504662800004,23.082965517000048],[91.52988407700008,23.08588111000006],[91.52975612900008,23.09181042000006],[91.51887004400004,23.094284238000057],[91.52228154200003,23.104141738000067],[91.51124630400005,23.104343162000077],[91.51168667700006,23.10853326800003]]]}},{"type":"Feature","id":"feni-daganbhuiyan","properties":{"canonical_id":"feni-daganbhuiyan","name_en":"Daganbhuiyan","name_bn":"দাগনভূঞা","district_id":"feni","division_id":"chittagong","pcode":"BD-B-16-95","parent_pcode":"BD2030","source_name":"Daganbhuiyan","match_method":"exact_name_or_alias","boundary_reference_year":"2020","boundary_source":"geoBoundaries gbOpen BGD ADM3 / BBS, OCHA ROAP","source_dataset_updated":"2026-08-09"},"geometry":{"type":"Polygon","coordinates":[[[91.28576466400006,23.054426704000036],[91.28127318500003,23.05526644500003],[91.28062002800004,23.05850797200003],[91.27777412000006,23.06036843000004],[91.27393367200006,23.058784979000052],[91.27437281300007,23.055860750000022],[91.27139126700007,23.053805725000075],[91.27012764500006,23.05591975300007],[91.26480981000003,23.053536756000028],[91.25895213200005,23.054611459000057],[91.25556036900008,23.039470394000034],[91.25676253500006,23.037559619000035],[91.26384313300008,23.034534515000075],[91.26309555800003,23.031741144000023],[91.25811876800003,23.031224205000058],[91.26067094900009,23.030603264000035],[91.26494595500003,23.021864596000057],[91.26185210900007,23.013540930000033],[91.25873100600006,23.011175125000022],[91.26009000900007,22.995383168000046],[91.25745157100005,22.98714605400005],[91.25883951900005,22.98454115100003],[91.25798444600008,22.973053562000075],[91.25560171100005,22.970190670000022],[91.25603460700006,22.963928037000073],[91.25235188200008,22.960476437000068],[91.26006874900008,22.958771479000063],[91.26113635000007,22.952614996000023],[91.25930123800003,22.94724252000003],[91.26312453800006,22.94589796400004],[91.25902108800005,22.92347290600003],[91.26011015000006,22.90989807400007],[91.25614946200005,22.908330196000065],[91.25384482300007,22.903951457000062],[91.24932406300007,22.906204453000043],[91.24813192100004,22.904379173000052],[91.25008932300005,22.902406636000023],[91.24672915300005,22.90083942700005],[91.24795616200004,22.899888197000053],[91.24824829200008,22.89399074100004],[91.25150714600005,22.891902966000032],[91.25355641000004,22.894183802000043],[91.25730903700008,22.88961947100006],[91.25835241800007,22.890973936000023],[91.25866767400004,22.887500849000048],[91.26125454800007,22.885846100000037],[91.26106156700007,22.88276316200006],[91.26264969400006,22.88406247300003],[91.26554945600003,22.881537524000066],[91.26606574800007,22.886755665000067],[91.26912315700008,22.891553862000023],[91.27485800200003,22.89060814800007],[91.27559540600004,22.89271291700004],[91.27743136400005,22.89299284200007],[91.27634696000007,22.899388355000042],[91.28662804900006,22.896884298000032],[91.29026198300005,22.894185306000054],[91.29764433300005,22.895617182000024],[91.29982979100004,22.894010254000023],[91.30648857100005,22.899661619000028],[91.30808776300006,22.90516248800003],[91.31225336500006,22.904296068000065],[91.31366954200007,22.900573920000056],[91.32214757400004,22.902402573000074],[91.32678361000006,22.90732133000006],[91.32984817600004,22.906028981000077],[91.33013187500006,22.90875142300007],[91.32793925900006,22.910046091000027],[91.32799707600003,22.91172780200003],[91.33633493100007,22.925521268000068],[91.33011844600009,22.928976800000044],[91.33125315100006,22.932523597000056],[91.33389738200003,22.935739892000072],[91.34070541700004,22.93403647200006],[91.34270659600008,22.937159819000044],[91.34174987200004,22.939710379000076],[91.34358233200004,22.93869629200003],[91.34534377100005,22.939749384000038],[91.34535398000008,22.93714360900003],[91.35426512400005,22.93905030600007],[91.35391623200007,22.94024887200004],[91.35018688300005,22.940503053000043],[91.35181297500009,22.943692686000077],[91.34943471900004,22.944001384000046],[91.35006845400005,22.94644418300004],[91.34736910800007,22.94695541300007],[91.34827826300005,22.948284399000045],[91.35215302400007,22.94632538700006],[91.35498464500006,22.948818283000037],[91.35435769500003,22.95447642000005],[91.35804295300005,22.962344907000045],[91.35493546700008,22.967010445000028],[91.35545930200004,22.970024843000033],[91.35864988600008,22.970558631000074],[91.36634413100006,22.965974362000054],[91.36848666000003,22.967892067000037],[91.36767199500008,22.971201333000067],[91.36187156200003,22.97516654100008],[91.36579575300004,22.980559165000045],[91.36644606400006,22.986297184000023],[91.36518083000004,22.988225078000028],[91.36245009500004,22.988782022000066],[91.35912731800005,22.997257509000065],[91.34199618000008,22.997640107000052],[91.34393479800008,23.002468092000072],[91.34212845600007,23.004912398000045],[91.32819678600003,23.00658560100004],[91.32681989800005,23.008956142000045],[91.32283068600003,23.009152096000037],[91.32355018200008,23.010895435000066],[91.33256456600003,23.016195995000032],[91.33394692300004,23.01847729600007],[91.33308768700005,23.020775223000044],[91.33083718000006,23.020634415000075],[91.32663045300006,23.01720716400007],[91.31812967100007,23.020815839000022],[91.31661279700006,23.013574208000023],[91.30596434900008,23.01226868400005],[91.30507418700006,23.014377629000023],[91.30734895200004,23.017426869000076],[91.31319558700005,23.018509708000067],[91.31475766900007,23.020110616000068],[91.31352434600007,23.02606945200006],[91.31438399100006,23.028870648000066],[91.32020138500008,23.030339558000037],[91.32251560100008,23.032680354000036],[91.31574693900006,23.038465789000043],[91.31416080700006,23.043777829000078],[91.31462926400008,23.04918286000003],[91.30836648100006,23.049865908000072],[91.29987669500008,23.048148758000025],[91.29348181000006,23.052951394000047],[91.28826142500003,23.051541582000027],[91.28576466400006,23.054426704000036]]]}},{"type":"Feature","id":"feni-feni-sadar","properties":{"canonical_id":"feni-feni-sadar","name_en":"Feni Sadar","name_bn":"ফেনী সদর","district_id":"feni","division_id":"chittagong","pcode":"BD-B-16-91","parent_pcode":"BD2030","source_name":"Feni Sadar","match_method":"exact_name_or_alias","boundary_reference_year":"2020","boundary_source":"geoBoundaries gbOpen BGD ADM3 / BBS, OCHA ROAP","source_dataset_updated":"2026-08-09"},"geometry":{"type":"Polygon","coordinates":[[[91.31462926400008,23.04918286000003],[91.31416080700006,23.043777829000078],[91.31574693900006,23.038465789000043],[91.32251560100008,23.032680354000036],[91.32020138500008,23.030339558000037],[91.31438399100006,23.028870648000066],[91.31352434600007,23.02606945200006],[91.31475766900007,23.020110616000068],[91.31319558700005,23.018509708000067],[91.30734895200004,23.017426869000076],[91.30507418700006,23.014377629000023],[91.30596434900008,23.01226868400005],[91.31661279700006,23.013574208000023],[91.31812967100007,23.020815839000022],[91.32663045300006,23.01720716400007],[91.33083718000006,23.020634415000075],[91.33308768700005,23.020775223000044],[91.33394692300004,23.01847729600007],[91.33256456600003,23.016195995000032],[91.32355018200008,23.010895435000066],[91.32283068600003,23.009152096000037],[91.32681989800005,23.008956142000045],[91.32819678600003,23.00658560100004],[91.34212845600007,23.004912398000045],[91.34393479800008,23.002468092000072],[91.34199618000008,22.997640107000052],[91.35912731800005,22.997257509000065],[91.36245009500004,22.988782022000066],[91.36518083000004,22.988225078000028],[91.36644606400006,22.986297184000023],[91.36579575300004,22.980559165000045],[91.36187156200003,22.97516654100008],[91.36767199500008,22.971201333000067],[91.36848666000003,22.967892067000037],[91.36634413100006,22.965974362000054],[91.35864988600008,22.970558631000074],[91.35545930200004,22.970024843000033],[91.35493546700008,22.967010445000028],[91.35804295300005,22.962344907000045],[91.35435769500003,22.95447642000005],[91.35498464500006,22.948818283000037],[91.35867470300008,22.94338626900003],[91.36454850900003,22.94236156000005],[91.36609793400004,22.943100126000047],[91.36444145400009,22.949981923000053],[91.36706397200004,22.95250292000003],[91.36706555300003,22.959574218000057],[91.37159725600009,22.95705305000007],[91.38115593400005,22.95647673900004],[91.38272041500005,22.95495424300003],[91.38251007500008,22.94877159600003],[91.38421782200004,22.943367015000035],[91.38680574200004,22.942650668000056],[91.39246751200005,22.944282112000053],[91.39406658400009,22.936224199000037],[91.39057520000006,22.929619890000026],[91.39566511100008,22.923608638000076],[91.39482060500006,22.919335016000048],[91.39821629700003,22.920959088000075],[91.40112021100003,22.917005257000028],[91.40622085600006,22.91980121200004],[91.40443842600007,22.92299501900004],[91.41071023300003,22.923573332000046],[91.41091022900008,22.920347805000063],[91.41542565700007,22.920806621000054],[91.41626744000007,22.917837853000037],[91.41627977600007,22.91984560000003],[91.41741399500006,22.919626622000067],[91.41661161400003,22.915833140000075],[91.41901836100004,22.909313359000066],[91.41939515400009,22.913782368000057],[91.42270966900008,22.91438944600003],[91.42541038300004,22.913228935000063],[91.42640303400003,22.916316752000057],[91.42871404400006,22.913962427000058],[91.42868330100004,22.91841191900005],[91.43218887500007,22.92402172800007],[91.43685357000004,22.925790420000055],[91.43485911900007,22.93430551600005],[91.44008259100008,22.93844887000006],[91.45035885800007,22.929425321000053],[91.45564832300005,22.928772356000025],[91.45597259200008,22.930545211000037],[91.45394958200006,22.93285381900006],[91.45754149700008,22.932106254000075],[91.46156886000006,22.927758355000037],[91.46302669000005,22.92323084700007],[91.46648562800004,22.922500124000067],[91.46488625400008,22.921503920000077],[91.46543754900006,22.92023949600008],[91.47001480900008,22.918342904000042],[91.46733450500005,22.91576660900006],[91.46862701300006,22.914868443000046],[91.46783328900005,22.913534595000044],[91.46972932600005,22.91373833600005],[91.46846844400005,22.904277600000057],[91.47472061900004,22.902487329000053],[91.47358263300004,22.901770284000065],[91.49787379400004,22.903332508000062],[91.49303510200008,22.905252647000054],[91.50006947800006,22.910402615000066],[91.50881288600004,22.908167502000026],[91.51154024800007,22.90866991200005],[91.51287133200003,22.91067745600003],[91.50616568300006,22.927872102000038],[91.50050778600007,22.932940383000073],[91.50523967700008,22.940576793000048],[91.49885621100003,22.955902570000035],[91.50148188700007,22.96207101300007],[91.50903699300005,22.97154319200007],[91.50687682500006,22.982943257000045],[91.50189957000003,22.983706812000037],[91.50061581200004,22.988081127000044],[91.49623016800007,22.987890049000043],[91.49138311700005,22.993204440000056],[91.49246223500006,23.009889343000054],[91.49131727600007,23.01251358500008],[91.48657508900004,23.012355548000073],[91.48410316600007,23.014931803000025],[91.47724437500005,23.014725585000065],[91.47463510800009,23.016805127000055],[91.46927672100009,23.015846261000036],[91.46382902600004,23.011973701000045],[91.44640097300004,23.012743527000055],[91.44423582600007,23.014081893000025],[91.44368223600009,23.012144042000045],[91.44580273100007,23.009650623000027],[91.44483759000008,23.008289468000044],[91.43921975700005,23.012141211000028],[91.43878313500005,23.013347501000055],[91.44289525400006,23.018129508000072],[91.44426723300006,23.023100120000038],[91.44779260900003,23.02600257200004],[91.44949970400006,23.03086111500005],[91.44886240800008,23.03291653200006],[91.44583781600005,23.034614463000025],[91.44870752500003,23.035543284000028],[91.44777986500009,23.039651500000048],[91.44389023200006,23.035167932000036],[91.44118494900005,23.034728611000048],[91.44118835500007,23.03017445000006],[91.43923923000006,23.032359189000033],[91.43821262500006,23.02975672900004],[91.43700629300008,23.03424223500008],[91.43465230000004,23.036506238000072],[91.43485532400007,23.03436844500004],[91.43261909900008,23.03381521400007],[91.43096097300008,23.03856612000004],[91.43594972700004,23.040262292000023],[91.43585212400006,23.044000522000033],[91.43002024800006,23.044089495000037],[91.43282613800005,23.04647042600004],[91.43335530400003,23.051054758000078],[91.42326659300005,23.058670849000066],[91.42233756600007,23.06302449700007],[91.41657242200006,23.064093273000026],[91.40626631000003,23.059125707000078],[91.39918396300004,23.05857155900003],[91.39867575300008,23.05664555900006],[91.39581435500008,23.056204079000054],[91.37189803300004,23.069394405000025],[91.36866136700007,23.06732620500003],[91.35157722900004,23.06779670700007],[91.34917797900005,23.066828803000078],[91.34281178500004,23.06852172300006],[91.33341410800006,23.063852870000062],[91.33076612300005,23.066293442000074],[91.32688126500005,23.062247142000047],[91.31632717700006,23.05699704500006],[91.31462926400008,23.04918286000003]]]}},{"type":"Feature","id":"feni-fulgazi","properties":{"canonical_id":"feni-fulgazi","name_en":"Fulgazi","name_bn":"ফুলগাজী","district_id":"feni","division_id":"chittagong","pcode":"BD-B-16-93","parent_pcode":"BD2030","source_name":"Fulgazi","match_method":"exact_name_or_alias","boundary_reference_year":"2020","boundary_source":"geoBoundaries gbOpen BGD ADM3 / BBS, OCHA ROAP","source_dataset_updated":"2026-08-09"},"geometry":{"type":"Polygon","coordinates":[[[91.51168667700006,23.10853326800003],[91.51223685900004,23.113367683000035],[91.52033061800006,23.114592732000062],[91.51917284100006,23.11788975500008],[91.51534288000005,23.117796958000042],[91.51418711900004,23.122692407000045],[91.51757816000008,23.125573092000025],[91.50374849000008,23.127394346000074],[91.50308298200008,23.130635186000063],[91.51480401700007,23.138702312000078],[91.51526264000006,23.14512191800003],[91.50975583800005,23.14333246700005],[91.50996521900004,23.140525394000065],[91.50813382700005,23.13981018000004],[91.50444941500007,23.140459582000062],[91.50157614300008,23.143206124000073],[91.49867082300005,23.142630448000034],[91.49892505500009,23.143919315000062],[91.49468058100007,23.14722226600003],[91.50716144900008,23.15440475400004],[91.49428299300007,23.152362219000054],[91.49088656900005,23.157762208000065],[91.48589452500005,23.153664116000073],[91.48500067600008,23.147056031000034],[91.48124460400004,23.14269428800003],[91.48126934900006,23.139502633000063],[91.48311473900009,23.13791892100005],[91.48223297000004,23.135215579000032],[91.47896870500006,23.135978899000065],[91.47527247800008,23.13101471400006],[91.46098509800004,23.129180047000034],[91.46177133300006,23.13020741100007],[91.46016174400006,23.132164061000026],[91.46146115800008,23.13470054900006],[91.45908632500004,23.13836668700003],[91.45597411900008,23.140062873000034],[91.45268348900004,23.13919969500006],[91.45062895500007,23.140159006000033],[91.45380127100003,23.143180677000032],[91.45257002400007,23.14628526300004],[91.44447770900007,23.14916105700007],[91.44062838600007,23.153720445000033],[91.44029391400005,23.156864722000023],[91.44593642200005,23.162225629000034],[91.44373264300003,23.165415280000047],[91.44310956000004,23.17380715200005],[91.44073281400006,23.175690503000055],[91.43460880800006,23.172962509000058],[91.41779413800003,23.172177806000036],[91.41612448900008,23.169925947000024],[91.40400308300008,23.16760954600005],[91.40255977000004,23.16320546000003],[91.40195877000008,23.170389123000064],[91.40014765900008,23.172177094000062],[91.40160097100005,23.175193086000036],[91.40026779800007,23.177504016000057],[91.40206275800006,23.181601296000053],[91.40103027100008,23.182830298000056],[91.39121648800005,23.181228458000078],[91.38863839400005,23.17930719800006],[91.39037995600006,23.176022997000075],[91.38515838600006,23.175176016000023],[91.38474536500007,23.156295172000057],[91.38922398900007,23.152774779000026],[91.39197507300008,23.13957866100003],[91.39725111000007,23.13029424800004],[91.39692764200004,23.11781415300004],[91.40336921600004,23.11386517300008],[91.40019548000004,23.09657686500003],[91.40600918100006,23.097067001000028],[91.40515860600004,23.08712947300006],[91.40805380700004,23.08358172000004],[91.41741741700008,23.08299233200006],[91.41604514500006,23.07665647500005],[91.41332273100005,23.075595535000048],[91.41312790600006,23.06965981700006],[91.41079684000005,23.066180083000063],[91.41716999600004,23.065157063000072],[91.41657242200006,23.064093273000026],[91.42233756600007,23.06302449700007],[91.42326659300005,23.058670849000066],[91.43335530400003,23.051054758000078],[91.43282613800005,23.04647042600004],[91.43002024800006,23.044089495000037],[91.43585212400006,23.044000522000033],[91.44131898600006,23.045836112000075],[91.43874050600004,23.05551311200003],[91.44426306400004,23.063320114000078],[91.44892608300006,23.062923510000076],[91.45689610200003,23.06826174500003],[91.46387575300008,23.06754584400005],[91.46561435100006,23.074301569000056],[91.47056480900005,23.070858076000036],[91.47618362700007,23.071217733000026],[91.48083137800006,23.073370545000046],[91.48368212800005,23.072420344000022],[91.48261658500007,23.076447031000043],[91.47463766100003,23.075572864000037],[91.47322110100004,23.077422832000025],[91.47431606200007,23.085522764000075],[91.47308036500004,23.08880589900008],[91.47523580500007,23.09387775400006],[91.47194156300009,23.09555559200004],[91.47273723300003,23.09757231800006],[91.48766515900007,23.098306112000046],[91.49141586700006,23.107311586000037],[91.49750035700004,23.104568292000067],[91.49965555900008,23.106270536000068],[91.51168667700006,23.10853326800003]]]}},{"type":"Feature","id":"feni-parshuram","properties":{"canonical_id":"feni-parshuram","name_en":"Parshuram","name_bn":"পরশুরাম","district_id":"feni","division_id":"chittagong","pcode":"BD-B-16-94","parent_pcode":"BD2030","source_name":"Parshuram","match_method":"exact_name_or_alias","boundary_reference_year":"2020","boundary_source":"geoBoundaries gbOpen BGD ADM3 / BBS, OCHA ROAP","source_dataset_updated":"2026-08-09"},"geometry":{"type":"Polygon","coordinates":[[[91.38459421500005,23.17531014800005],[91.38515838600006,23.175176016000023],[91.39037995600006,23.176022997000075],[91.38863839400005,23.17930719800006],[91.39121648800005,23.181228458000078],[91.40103027100008,23.182830298000056],[91.40206275800006,23.181601296000053],[91.40026779800007,23.177504016000057],[91.40160097100005,23.175193086000036],[91.40014765900008,23.172177094000062],[91.40195877000008,23.170389123000064],[91.40255977000004,23.16320546000003],[91.40400308300008,23.16760954600005],[91.41612448900008,23.169925947000024],[91.41779413800003,23.172177806000036],[91.43460880800006,23.172962509000058],[91.44073281400006,23.175690503000055],[91.44310956000004,23.17380715200005],[91.44373264300003,23.165415280000047],[91.44593642200005,23.162225629000034],[91.44029391400005,23.156864722000023],[91.44062838600007,23.153720445000033],[91.44447770900007,23.14916105700007],[91.45257002400007,23.14628526300004],[91.45380127100003,23.143180677000032],[91.45062895500007,23.140159006000033],[91.45268348900004,23.13919969500006],[91.45597411900008,23.140062873000034],[91.45908632500004,23.13836668700003],[91.46146115800008,23.13470054900006],[91.46016174400006,23.132164061000026],[91.46177133300006,23.13020741100007],[91.46098509800004,23.129180047000034],[91.47527247800008,23.13101471400006],[91.47896870500006,23.135978899000065],[91.48223297000004,23.135215579000032],[91.48311473900009,23.13791892100005],[91.48126934900006,23.139502633000063],[91.48124460400004,23.14269428800003],[91.48500067600008,23.147056031000034],[91.48589452500005,23.153664116000073],[91.49088656900005,23.157762208000065],[91.49476863100006,23.162107699000046],[91.49816772700007,23.17178403500003],[91.49228462200006,23.172093163000056],[91.49166661800007,23.177711508000073],[91.49729605000005,23.17993530700005],[91.50666872900007,23.180083436000075],[91.50747077300008,23.183837228000073],[91.50102994800005,23.185418171000038],[91.50421046600007,23.189444123000044],[91.50314409900005,23.19223030300003],[91.49213214000008,23.18895740100004],[91.48843837500004,23.192291158000046],[91.48487143300008,23.18833873400007],[91.47069180800008,23.196559359000048],[91.48237335500005,23.19856565300006],[91.48436741000006,23.209334583000043],[91.47533928200005,23.22048956200007],[91.45856415700007,23.213448033000077],[91.45824381800008,23.21575401700005],[91.45050152400006,23.219598160000032],[91.45320067000006,23.223292289000028],[91.47024494100003,23.22777785200003],[91.45783641600008,23.246129504000066],[91.44854260500006,23.243887597000025],[91.45443902700003,23.25757556800005],[91.45414425200005,23.260511757000074],[91.44857287900004,23.259991926000055],[91.43128651400008,23.262581531000023],[91.42482798600008,23.258185223000055],[91.42467981100003,23.259816774000058],[91.42113196200006,23.261927934000028],[91.41825171600004,23.25561083200006],[91.41863622100004,23.258497928000054],[91.41533494400005,23.263432846000057],[91.41737545900008,23.26462446000005],[91.41586710800004,23.26956550700004],[91.41808539000004,23.269726727000034],[91.41955571100004,23.273386533000064],[91.41774814200005,23.27632851100003],[91.41651746400004,23.275752342000033],[91.41767467700004,23.277360436000038],[91.41553203900008,23.279440478000026],[91.41559979700008,23.28290058400006],[91.41370188300004,23.281490606000034],[91.40883521000006,23.285321483000075],[91.41123403300008,23.25581464000004],[91.40548256500006,23.256728727000052],[91.40032367600008,23.265847724000025],[91.39751242800008,23.265259078000042],[91.39723444200007,23.25637380300003],[91.40058592500009,23.256234507000045],[91.40867344700007,23.247756371000037],[91.39248596000004,23.24603207100006],[91.39704439300004,23.241317870000046],[91.39834372100006,23.236019673000044],[91.40018699700005,23.235199410000064],[91.40083360000006,23.229247115000078],[91.38640017700004,23.22768479000007],[91.39208405800008,23.220157922000055],[91.38822628100007,23.21481807400005],[91.38070106400005,23.208566105000045],[91.38767996900003,23.208022291000077],[91.38547617300009,23.191983037000057],[91.38091868300006,23.191736198000058],[91.37986695500007,23.184612807000065],[91.38295971100007,23.184628928000052],[91.38183445400006,23.175151603000074],[91.38362273000007,23.175257935000047],[91.38459421500005,23.17531014800005]]]}},{"type":"Feature","id":"feni-sonagazi","properties":{"canonical_id":"feni-sonagazi","name_en":"Sonagazi","name_bn":"সোনাগাজী","district_id":"feni","division_id":"chittagong","pcode":"BD-B-16-92","parent_pcode":"BD2030","source_name":"Sonagazi","match_method":"exact_name_or_alias","boundary_reference_year":"2020","boundary_source":"geoBoundaries gbOpen BGD ADM3 / BBS, OCHA ROAP","source_dataset_updated":"2026-08-09"},"geometry":{"type":"MultiPolygon","coordinates":[[[[91.45030613400007,22.777722505000042],[91.45122576200004,22.763140019000048],[91.45436305500004,22.75689226800006],[91.45382728300007,22.767397394000056],[91.45030613400007,22.777722505000042]]],[[[91.37947474000003,22.779363851000028],[91.39166981900007,22.775140818000068],[91.39469994200005,22.776619867000022],[91.39241210400007,22.779722546000073],[91.38818276700005,22.781981810000048],[91.38155888500006,22.784476795000046],[91.37704081100009,22.78450880200006],[91.37947474000003,22.779363851000028]]],[[[91.32813912200004,22.797511556000075],[91.32811281600004,22.806294867000076],[91.33109687100006,22.817499603000044],[91.31666954300005,22.821774769000058],[91.31248864600008,22.819512017000022],[91.31135318800006,22.816103011000052],[91.31345053200005,22.80900798700003],[91.32310062000005,22.80316178100003],[91.32813912200004,22.797511556000075]]],[[[91.32977483200006,22.847077463000062],[91.32286954500006,22.84390492400007],[91.32269821800008,22.842185751000045],[91.32571390800007,22.84208897700006],[91.33101412800005,22.845058055000038],[91.32977483200006,22.847077463000062]]],[[[91.46554443000008,22.84831722200005],[91.45995099400005,22.84564614800007],[91.45395879700004,22.83494766900003],[91.45214619300003,22.828153763000046],[91.44895285000007,22.826032172000055],[91.44187135900006,22.82661687600006],[91.43970112600005,22.828768554000078],[91.43829510500007,22.834803150000027],[91.43144224900004,22.837732466000034],[91.43056545400003,22.82784721300004],[91.42612734900007,22.81756371000006],[91.42280480200009,22.81408061700006],[91.41730142900008,22.812839240000073],[91.42201959100004,22.80548485500003],[91.44733292500007,22.784520201000078],[91.44331351900007,22.79444129500007],[91.44307590700004,22.802231624000058],[91.44569316400003,22.809253500000068],[91.46057282000004,22.826421104000076],[91.46568119600005,22.844143919000032],[91.46554443000008,22.84831722200005]]],[[[91.33200322500005,22.820655491000025],[91.33625471700003,22.84028027200003],[91.33294159100006,22.841598485000077],[91.32603376500003,22.83914696100004],[91.32139257900008,22.839113852000025],[91.31855858100005,22.842005010000037],[91.32013450600004,22.84500299900003],[91.32891707900006,22.84831241200004],[91.32646443900006,22.84895212300006],[91.32009931200008,22.84545827900007],[91.31203248800006,22.845486014000073],[91.30966835700008,22.84087091300006],[91.31883315000005,22.836750051000024],[91.32519262900007,22.837066441000047],[91.32522545800003,22.826998294000077],[91.32999554400004,22.821223779000036],[91.33200322500005,22.820655491000025]]],[[[91.42412495700006,22.757389483000054],[91.43015786200004,22.766556192000053],[91.43028784500007,22.779029068000057],[91.42160743000005,22.784411703000046],[91.41959024800008,22.78744064600005],[91.41938429000004,22.789951630000076],[91.42347663000004,22.796869075000075],[91.41344125200004,22.798463835000064],[91.40601663400008,22.805841873000077],[91.40532404800007,22.808424873000035],[91.40707925700008,22.81344321800003],[91.41284498100003,22.81940258800006],[91.42314405400003,22.82440089800008],[91.42363956700007,22.834863146000032],[91.42832835700005,22.839480972000047],[91.43536613000003,22.839417686000047],[91.44120001200008,22.835207022000077],[91.44221698000007,22.82896086200003],[91.44587479300009,22.82749392100004],[91.44935923500003,22.827892388000066],[91.45623634700007,22.845465105000073],[91.46533278100009,22.85488007400005],[91.46625605000008,22.86128626900006],[91.47219969600008,22.868121916000064],[91.47447550200008,22.87563203600007],[91.47099223300006,22.87896646100006],[91.46241159600004,22.877524911000023],[91.46114001900008,22.890879083000073],[91.46540453300008,22.895853475000024],[91.46010157000006,22.898877626000058],[91.45870767100007,22.90196624600003],[91.47358263300004,22.901770284000065],[91.47472061900004,22.902487329000053],[91.46846844400005,22.904277600000057],[91.46972932600005,22.91373833600005],[91.46783328900005,22.913534595000044],[91.46862701300006,22.914868443000046],[91.46733450500005,22.91576660900006],[91.47001480900008,22.918342904000042],[91.46543754900006,22.92023949600008],[91.46488625400008,22.921503920000077],[91.46648562800004,22.922500124000067],[91.46302669000005,22.92323084700007],[91.46156886000006,22.927758355000037],[91.45754149700008,22.932106254000075],[91.45394958200006,22.93285381900006],[91.45597259200008,22.930545211000037],[91.45564832300005,22.928772356000025],[91.45035885800007,22.929425321000053],[91.44008259100008,22.93844887000006],[91.43485911900007,22.93430551600005],[91.43685357000004,22.925790420000055],[91.43218887500007,22.92402172800007],[91.42868330100004,22.91841191900005],[91.42871404400006,22.913962427000058],[91.42640303400003,22.916316752000057],[91.42541038300004,22.913228935000063],[91.42270966900008,22.91438944600003],[91.41939515400009,22.913782368000057],[91.41901836100004,22.909313359000066],[91.41661161400003,22.915833140000075],[91.41741399500006,22.919626622000067],[91.41627977600007,22.91984560000003],[91.41626744000007,22.917837853000037],[91.41542565700007,22.920806621000054],[91.41091022900008,22.920347805000063],[91.41071023300003,22.923573332000046],[91.40443842600007,22.92299501900004],[91.40622085600006,22.91980121200004],[91.40112021100003,22.917005257000028],[91.39821629700003,22.920959088000075],[91.39482060500006,22.919335016000048],[91.39566511100008,22.923608638000076],[91.39057520000006,22.929619890000026],[91.39406658400009,22.936224199000037],[91.39246751200005,22.944282112000053],[91.38680574200004,22.942650668000056],[91.38421782200004,22.943367015000035],[91.38251007500008,22.94877159600003],[91.38272041500005,22.95495424300003],[91.38115593400005,22.95647673900004],[91.37159725600009,22.95705305000007],[91.36706555300003,22.959574218000057],[91.36706397200004,22.95250292000003],[91.36444145400009,22.949981923000053],[91.36609793400004,22.943100126000047],[91.36454850900003,22.94236156000005],[91.35867470300008,22.94338626900003],[91.35498464500006,22.948818283000037],[91.35215302400007,22.94632538700006],[91.34827826300005,22.948284399000045],[91.34736910800007,22.94695541300007],[91.35006845400005,22.94644418300004],[91.34943471900004,22.944001384000046],[91.35181297500009,22.943692686000077],[91.35018688300005,22.940503053000043],[91.35391623200007,22.94024887200004],[91.35426512400005,22.93905030600007],[91.34535398000008,22.93714360900003],[91.34534377100005,22.939749384000038],[91.34358233200004,22.93869629200003],[91.34174987200004,22.939710379000076],[91.34270659600008,22.937159819000044],[91.34070541700004,22.93403647200006],[91.33389738200003,22.935739892000072],[91.33125315100006,22.932523597000056],[91.33011844600009,22.928976800000044],[91.33633493100007,22.925521268000068],[91.32799707600003,22.91172780200003],[91.32793925900006,22.910046091000027],[91.33013187500006,22.90875142300007],[91.33191236800008,22.909997023000074],[91.33861841200007,22.909203424000054],[91.34111798900005,22.91329467500003],[91.34391425900009,22.90568087200006],[91.35085746900006,22.902040851000038],[91.35286001700007,22.897161281000024],[91.35099149200005,22.894286974000067],[91.34508933900008,22.89761730600003],[91.34357514100003,22.896741036000037],[91.34449182300006,22.891826141000024],[91.34289273100006,22.887331044000064],[91.34458042000006,22.881215161000057],[91.33599157600008,22.884822428000064],[91.32846079400008,22.88213361000004],[91.33527570500007,22.875352812000074],[91.34305419100008,22.877300305000063],[91.33795773800006,22.86848575600004],[91.33717948000003,22.862848463000034],[91.34569928100007,22.86325701800007],[91.35052610200006,22.86633721000004],[91.35240962000006,22.86566188100005],[91.34781057100008,22.856896477000078],[91.35175153800003,22.85394122500003],[91.35193434500007,22.85197805000007],[91.34759686400008,22.851962900000046],[91.34169341300009,22.859456789000035],[91.33930640900007,22.860280742000043],[91.33677259000007,22.844848925000065],[91.33916034000003,22.840829391000057],[91.33599267900007,22.82123795900003],[91.33816064300004,22.820810223000024],[91.33538948100005,22.818893568000078],[91.33186615000005,22.806622013000037],[91.33247214200009,22.79736871600005],[91.33475816900005,22.793908395000074],[91.34453103000004,22.78905203900007],[91.35514020500005,22.794848005000063],[91.36555261800004,22.797245513000064],[91.36785824200007,22.801753576000067],[91.37327377000008,22.796922360000053],[91.37681652000003,22.785332362000077],[91.38199666800006,22.785691748000033],[91.39262823000007,22.78194306900008],[91.40718534100006,22.765401062000024],[91.41712536800009,22.762635189000036],[91.42412495700006,22.757389483000054]]]]}},{"type":"Feature","id":"khagrachhari-dighinala","properties":{"canonical_id":"khagrachhari-dighinala","name_en":"Dighinala","name_bn":"দিঘীনালা","district_id":"khagrachhari","division_id":"chittagong","pcode":"BD-B-29-161","parent_pcode":"BD2046","source_name":"Dighinala","match_method":"exact_name_or_alias","boundary_reference_year":"2020","boundary_source":"geoBoundaries gbOpen BGD ADM3 / BBS, OCHA ROAP","source_dataset_updated":"2026-08-09"},"geometry":{"type":"Polygon","coordinates":[[[92.07379211600005,23.647587696000073],[92.06907350700004,23.648277604000043],[92.06335592500005,23.645110475000024],[92.05762968600004,23.648554732000036],[92.05064022100004,23.64945627700007],[92.04602540500008,23.646833059000073],[92.04029818000004,23.648787252000034],[92.03926378100005,23.651348601000052],[92.03407858700007,23.653611209000076],[92.02960366200006,23.658461835000026],[92.02635010500006,23.65874395800006],[92.02458895000007,23.657372890000033],[92.02214003000006,23.658217871000033],[92.02420122300003,23.661343533000036],[92.02317610700004,23.66297660500004],[92.01987110600004,23.662937104000036],[92.01589922600004,23.659907859000043],[92.01292201100006,23.663631691000035],[92.00842002400003,23.663730085000054],[92.00632811300005,23.670884855000054],[91.99995634700008,23.671333627000024],[91.99913788900005,23.678163159000064],[91.99669234000004,23.679906835000054],[91.99503145400007,23.687493740000036],[91.99383227000004,23.687735274000033],[91.99389514400008,23.692928255000027],[91.98876027000006,23.70117969100005],[91.98891973300005,23.704890524000064],[91.98513105600006,23.71650580900007],[91.98514017900004,23.72304105300003],[91.98401552200005,23.724098059000028],[91.98042693500008,23.723656272000028],[91.97805984800004,23.733340748000046],[91.96713621400005,23.729635272000053],[91.96595529200005,23.73384350200007],[91.95685562200003,23.73417362400005],[91.95704560000007,23.732442694000042],[91.95407483700006,23.730812572000048],[91.95403692600007,23.726398826000036],[91.95036738800007,23.726216055000066],[91.95088612600006,23.72131206800003],[91.95452405600008,23.72122236100006],[91.95385785500008,23.71947301600005],[91.94812314200004,23.713918602000035],[91.94992930400008,23.710971251000046],[91.94939639600005,23.706597290000047],[91.95225341400004,23.70472916500006],[91.95057183400007,23.701989570000023],[91.95196166600005,23.698807746000057],[91.95713988400007,23.697501487000068],[91.95730868900006,23.693983244000037],[91.94104041200006,23.693451160000052],[91.94065800300007,23.68855955400005],[91.93649661700005,23.68804932200004],[91.93394623400008,23.684444593000023],[91.93959904400003,23.675281529000074],[91.93855470500006,23.673373937000065],[91.94197800500007,23.66954272600003],[91.94066324800008,23.668210831000067],[91.94049323300004,23.660424],[91.93913303100004,23.659515287000033],[91.94100765700006,23.656573495000032],[91.93978567200008,23.65533789400007],[91.94562491300007,23.649055412000052],[91.94473788800008,23.64843571600005],[91.94649369200005,23.646076865000055],[91.94486614000004,23.64351521100008],[91.94681251100008,23.637794316000054],[91.94218252800005,23.634948218000034],[91.94496293400005,23.62892976300003],[91.94681610600009,23.628894081000055],[91.94768475200004,23.62584286500004],[91.94650306400007,23.62300891500007],[91.95172936500006,23.616980254000055],[91.95225174100005,23.611563972000056],[91.95403825900007,23.60976992800005],[91.95337056500006,23.602704007000057],[91.95179446700007,23.600669178000032],[91.95542476600008,23.58995359900007],[91.95407774900008,23.58693074200005],[91.95660984900007,23.582143475000066],[91.95536851200006,23.575633191000065],[91.95862331100005,23.57160897400007],[91.95719984500005,23.567692452000074],[91.95941977200005,23.564076614000044],[91.95647968000009,23.55853037600008],[91.95874738800006,23.552900176000037],[91.95677956800006,23.551317562000065],[91.96450539100005,23.53537337700004],[91.96348153400004,23.53332061100008],[91.95885229000004,23.532374928000024],[91.95623435000005,23.525835176000044],[91.96006998200005,23.518550625000046],[91.96443100900007,23.518934943000033],[91.96319438200004,23.51746337000003],[91.96616538900008,23.51519354100003],[91.96462962900006,23.51279554900003],[91.96770289200003,23.51068918800007],[91.97097431900005,23.50266132300004],[91.96853284800005,23.499356807000026],[91.96918541000008,23.496550589000037],[91.97099781300005,23.494304042000067],[91.97239404400005,23.494778377000046],[91.97263082600006,23.492598730000054],[91.97082104300006,23.492126136000024],[91.96861439800006,23.487657342000034],[91.97023041300008,23.48249905600005],[91.96910539300006,23.476501048000046],[91.96725988400004,23.47809911300004],[91.95818927700003,23.479662691000044],[91.95867182300003,23.473058347000062],[91.95640837500008,23.475884069000074],[91.95342297600007,23.474332463000053],[91.95686274300004,23.46382845900007],[91.96881289900006,23.44781970200006],[91.97408465900008,23.432087765000063],[91.98654541500008,23.333226585000034],[91.99035311500006,23.312907265000035],[91.99703352500006,23.28987070900007],[91.99927977000004,23.26769015900004],[92.00160617700004,23.24845495200003],[92.01454314900008,23.20201783400006],[92.02526549500004,23.175091060000057],[92.04876845200005,23.12925368200007],[92.06238339300006,23.093599399000027],[92.07335458600005,23.073286454000026],[92.11534618500008,23.080150463000052],[92.13849239400008,23.09554356900003],[92.14114740900004,23.09386767500007],[92.14082565600006,23.08988516200003],[92.14255415600007,23.089258460000053],[92.15109909800003,23.09219630000007],[92.16870619300005,23.095305646000043],[92.18107987600007,23.101950214000055],[92.15471464000007,23.150836198000036],[92.14816269700003,23.173079836000056],[92.13949930100006,23.188045353000064],[92.13393026100005,23.205070575000036],[92.13017022300005,23.22447284200007],[92.12665841000006,23.26527078600003],[92.12507025200006,23.31899217800003],[92.10905973200005,23.328065352000067],[92.07262606600005,23.352308883000035],[92.04839068000007,23.365665487000058],[92.07055062600006,23.38132519100003],[92.09073879400006,23.397977860000026],[92.12019487800006,23.412963760000025],[92.13232664600008,23.423478455000065],[92.13697396300006,23.430432475000032],[92.12405762700007,23.52563761400006],[92.11564762000006,23.555993744000034],[92.09247634700006,23.61135833900005],[92.07379211600005,23.647587696000073]]]}},{"type":"Feature","id":"khagrachhari-khagrachhari-sadar","properties":{"canonical_id":"khagrachhari-khagrachhari-sadar","name_en":"Khagrachhari Sadar","name_bn":"খাগড়াছড়ি সদর","district_id":"khagrachhari","division_id":"chittagong","pcode":"BD-B-29-160","parent_pcode":"BD2046","source_name":"Khagrachhari Sadar","match_method":"exact_name_or_alias","boundary_reference_year":"2020","boundary_source":"geoBoundaries gbOpen BGD ADM3 / BBS, OCHA ROAP","source_dataset_updated":"2026-08-09"},"geometry":{"type":"Polygon","coordinates":[[[91.99927977000004,23.26769015900004],[91.95383641700005,23.22829357200004],[91.94766818600004,23.226064765000046],[91.93373800500007,23.225172418000056],[91.92588186000006,23.22307635900006],[91.91936948600005,23.213429850000068],[91.91341064200003,23.18894370000004],[91.90483398600009,23.183908088000067],[91.89612571600009,23.17317062500007],[91.89293091000008,23.171574658000054],[91.90058104500008,23.156775640000035],[91.90888285000005,23.144708990000026],[91.91508796600004,23.13798885700004],[91.93052046300005,23.126551146000054],[91.94347786200007,23.10544176700006],[91.95268895000004,23.09618767300003],[91.94714213000003,23.07225389200005],[91.94723525700005,23.061648366000043],[91.95082027300003,23.047771048000072],[91.96657912600006,23.00567086600006],[92.00647690100004,23.019878359000074],[92.02341227800008,23.02423730000004],[92.03748964700009,23.036950751000063],[92.05476142500004,23.049700854000037],[92.06060664500006,23.052110664000054],[92.08014178800005,23.054883542000027],[92.07202607200009,23.071767211000065],[92.07335458600005,23.073286454000026],[92.06238339300006,23.093599399000027],[92.04876845200005,23.12925368200007],[92.02526549500004,23.175091060000057],[92.01454314900008,23.20201783400006],[92.00160617700004,23.24845495200003],[91.99927977000004,23.26769015900004]]]}},{"type":"Feature","id":"khagrachhari-laxmichhari","properties":{"canonical_id":"khagrachhari-laxmichhari","name_en":"Laxmichhari","name_bn":"লক্ষীছড়ি","district_id":"khagrachhari","division_id":"chittagong","pcode":"BD-B-29-163","parent_pcode":"BD2046","source_name":"Laxmichhari","match_method":"exact_name_or_alias","boundary_reference_year":"2020","boundary_source":"geoBoundaries gbOpen BGD ADM3 / BBS, OCHA ROAP","source_dataset_updated":"2026-08-09"},"geometry":{"type":"Polygon","coordinates":[[[91.92755144400007,22.68870978600006],[91.93692992600006,22.687586853000028],[91.94528770200009,22.690045819000034],[91.95364322600005,22.68962458200008],[91.96253936400007,22.691037583000025],[91.96664272400005,22.717791636000072],[91.98582300800007,22.718338730000028],[91.99423820200008,22.72054931300005],[91.99859859400004,22.72383198700004],[92.00141374600008,22.72681304400004],[91.99644000300003,22.742597531000058],[91.97758828900004,22.78115056400003],[91.97517514800006,22.790665896000064],[91.97565599300003,22.81346229600007],[91.97985207900007,22.833059338000055],[91.98464507700004,22.84858300800005],[91.98246531500007,22.856198104000043],[91.97619712600005,22.866720858000065],[91.97618122600005,22.88026645800005],[91.96987318000004,22.883066132000067],[91.95955661300007,22.88491102200004],[91.94293023800003,22.883914692000076],[91.92764066700005,22.87806592800007],[91.90837056300006,22.863475401000073],[91.90697356800007,22.87656781900006],[91.89936773300008,22.871253729000045],[91.88895999100004,22.868339585000058],[91.88292028100005,22.857132983000042],[91.87654124100004,22.849876883000036],[91.88469564600007,22.84486355000007],[91.88410754300008,22.83775748200003],[91.87797176700008,22.825842814000055],[91.86684460700008,22.812792126000033],[91.86155064300004,22.79511047400007],[91.85190451700004,22.781621551000057],[91.85396691800008,22.77582827200007],[91.85475998500004,22.77825953000007],[91.85699673100004,22.777535347000025],[91.85682860800006,22.773028012000054],[91.86025249600004,22.769460622000054],[91.85474389100006,22.762162664000073],[91.85620417300004,22.75709682100006],[91.86877495500005,22.762891335000063],[91.87440586900004,22.767370134000032],[91.87641481000009,22.76660914000007],[91.87865893200006,22.768181397000035],[91.88205674400007,22.766048579000028],[91.88695479400008,22.765832998000064],[91.88917525000005,22.76329065500005],[91.88800941900007,22.759367223000027],[91.88933289800008,22.756437309000034],[91.89386244800005,22.754856672000074],[91.89530478200004,22.75283454600003],[91.89357218800006,22.749737382000035],[91.89110952700008,22.750092503000076],[91.88848168700008,22.753527474000066],[91.88390301100009,22.752637890000074],[91.87770532600007,22.724372944000038],[91.87691516400008,22.71595684700003],[91.88373229200005,22.696639650000066],[91.89110660600005,22.697308381000028],[91.89773837100006,22.69233482800007],[91.90354138300006,22.694372225000052],[91.90896320700006,22.699265275000073],[91.91331360200007,22.696411367000053],[91.92120078000005,22.700266181000075],[91.92787921800004,22.69552876100005],[91.92880036300005,22.691895681000062],[91.92755144400007,22.68870978600006]]]}},{"type":"Feature","id":"khagrachhari-manikchari","properties":{"canonical_id":"khagrachhari-manikchari","name_en":"Manikchari","name_bn":"মানিকছড়ি","district_id":"khagrachhari","division_id":"chittagong","pcode":"BD-B-29-165","parent_pcode":"BD2046","source_name":"Manikchari","match_method":"exact_name_or_alias","boundary_reference_year":"2020","boundary_source":"geoBoundaries gbOpen BGD ADM3 / BBS, OCHA ROAP","source_dataset_updated":"2026-08-09"},"geometry":{"type":"Polygon","coordinates":[[[91.85396691800008,22.77582827200007],[91.85190451700004,22.781621551000057],[91.86155064300004,22.79511047400007],[91.86684460700008,22.812792126000033],[91.87797176700008,22.825842814000055],[91.88410754300008,22.83775748200003],[91.88469564600007,22.84486355000007],[91.87654124100004,22.849876883000036],[91.88292028100005,22.857132983000042],[91.88895999100004,22.868339585000058],[91.87657014100006,22.871757466000076],[91.86824497500004,22.870213100000058],[91.86588176700008,22.871146131000046],[91.86297099300003,22.877169609000077],[91.85582270800006,22.885730988000034],[91.85238205300004,22.88728257300005],[91.84792343200007,22.886450625000066],[91.83677576100007,22.907230623000032],[91.82872877600005,22.906172093000066],[91.80252834000004,22.897673600000076],[91.78446574700007,22.89513387900007],[91.77771371000006,22.889591962000054],[91.77316303600008,22.878092071000026],[91.76824589700004,22.872846971000058],[91.75905861300004,22.868051972000046],[91.75234171900007,22.870475790000057],[91.74715674700008,22.870207726000046],[91.74842712000003,22.86600577200005],[91.75500128900006,22.86158509300003],[91.75691277900006,22.853412096000056],[91.75530787600007,22.85036500900003],[91.75540191500005,22.843601659000058],[91.75955806900004,22.839241919000074],[91.76128382000007,22.83441680900006],[91.76514548100005,22.832044695000036],[91.76347812600005,22.82853724000006],[91.76466246600006,22.826555993000056],[91.76388854400005,22.821923909000077],[91.76604874500003,22.81611214000003],[91.76849588000005,22.81579658000004],[91.77005377900008,22.808672965000028],[91.77229100900007,22.807296603000054],[91.77526645700004,22.794437645000073],[91.78314506000004,22.78546721600003],[91.78728282500003,22.78517086900007],[91.79023293100005,22.783284525000056],[91.78838909400008,22.777907690000063],[91.79399082500004,22.773822207000023],[91.79303559200008,22.768631562000053],[91.79465806900004,22.768389252000077],[91.79803143600003,22.77204030400003],[91.79741428700004,22.77775631700007],[91.80037778200006,22.779742661000057],[91.80310909200006,22.779571275000023],[91.80389232300007,22.78590163000007],[91.80657489300006,22.791077691000055],[91.81171295700005,22.79327535300007],[91.81849455000008,22.792840042000023],[91.82229919800005,22.78959528200005],[91.83475466600004,22.79032194100006],[91.83418326400005,22.787559818000034],[91.83056810800008,22.784408218000067],[91.83030927800007,22.777738197000076],[91.83262625500004,22.77558237100004],[91.83583715900005,22.776922331000037],[91.83753120400007,22.782205143000056],[91.83882870400004,22.77905717300007],[91.84181160800006,22.778320363000034],[91.84603623600003,22.77320318200003],[91.85207311800008,22.76985348000005],[91.85098027200007,22.77370636300003],[91.85396691800008,22.77582827200007]]]}},{"type":"Feature","id":"khagrachhari-matiranga","properties":{"canonical_id":"khagrachhari-matiranga","name_en":"Matiranga","name_bn":"মাটিরাঙ্গা","district_id":"khagrachhari","division_id":"chittagong","pcode":"BD-B-29-167","parent_pcode":"BD2046","source_name":"Matiranga","match_method":"exact_name_or_alias","boundary_reference_year":"2020","boundary_source":"geoBoundaries gbOpen BGD ADM3 / BBS, OCHA ROAP","source_dataset_updated":"2026-08-09"},"geometry":{"type":"Polygon","coordinates":[[[91.89293091000008,23.171574658000054],[91.84990558800007,23.209919675000037],[91.84476704200006,23.215895842000066],[91.84113016700007,23.223334642000054],[91.83649692400007,23.241753123000024],[91.83457049800006,23.30515835400007],[91.83200869400008,23.317618637000066],[91.82478306800004,23.333722710000075],[91.82208221600007,23.35151644000007],[91.81851268800006,23.350512129000037],[91.81796570100005,23.346498034000035],[91.81538743000004,23.344101430000023],[91.81310635000006,23.345982382000045],[91.80947006900004,23.34414011700005],[91.80961870700008,23.34219101800005],[91.80673976100007,23.33994878200008],[91.80819032700003,23.337210870000035],[91.80523197400004,23.33289788700006],[91.79968889900005,23.33307957200003],[91.79335004500007,23.329949903000056],[91.79167702700005,23.326544521000073],[91.78317926900007,23.32447580200005],[91.77934621000009,23.317692135000073],[91.77327039000005,23.315983877000065],[91.77130683700005,23.311662824000052],[91.76992041200003,23.312507655000047],[91.76610451600004,23.309147662000044],[91.76425584400005,23.309374897000055],[91.76515020900007,23.305106153000054],[91.76234756200006,23.303099220000036],[91.76193430300003,23.300065778000032],[91.76345195700009,23.294747081000025],[91.76278902100006,23.292347600000028],[91.76053736000006,23.291394129000025],[91.76194321300005,23.289721073000067],[91.76054879800006,23.28684209200003],[91.76212763400008,23.285060035000072],[91.75977579000005,23.28377051500007],[91.76096914700008,23.28127280700005],[91.76269356500006,23.28110556400003],[91.76130700300007,23.277193022000063],[91.76330470200008,23.277287320000028],[91.76340667000005,23.274535378000053],[91.76585251700004,23.27372682600003],[91.76489684400008,23.27274784800005],[91.76659153500003,23.27160149200006],[91.76849478800005,23.271750229000077],[91.76755511500005,23.27287109300005],[91.76887644300007,23.273335952000025],[91.77186844800008,23.270207622000044],[91.77699004100003,23.269365804000074],[91.77669790100003,23.263576795000063],[91.77528010900005,23.262063918000024],[91.77741276300009,23.259794800000066],[91.77689329000003,23.257522497000025],[91.77487612800007,23.256950644000028],[91.77691051500005,23.25518833900003],[91.77808052400007,23.256595893000053],[91.77972343300007,23.25385454800005],[91.77840784500006,23.25192025800004],[91.78034509500009,23.247122613000045],[91.77606288300007,23.243392364000044],[91.77957674200007,23.23943911200007],[91.78120875000008,23.241564062000066],[91.78042681600004,23.243407927000078],[91.78348353600006,23.24342728700003],[91.78534003700008,23.23917453300004],[91.78417827800007,23.238993144000062],[91.78470480400006,23.233879126000033],[91.78435543700004,23.232290342000056],[91.78832097900005,23.228854483000077],[91.78764845500007,23.227726618000077],[91.79102102000007,23.22693924300006],[91.78978617700005,23.22520483200003],[91.79111501100004,23.225785761000054],[91.79162929000006,23.223605862000056],[91.79015061500007,23.22139197000007],[91.79184972600007,23.218283545000077],[91.78833132800008,23.216903924000064],[91.78783167400007,23.215287385000067],[91.79155314300004,23.212534491000042],[91.79112969000005,23.20953742100005],[91.79256624200008,23.209420786000067],[91.79157132800003,23.207786225000063],[91.78851545900005,23.207923239000024],[91.78883873100006,23.204497289000074],[91.79882767700008,23.193715542000064],[91.79819147200004,23.189506961000063],[91.79457116400005,23.186857786000076],[91.79668536700007,23.186750001000064],[91.79743505800008,23.184188541000026],[91.80085386500008,23.18402399100006],[91.80618648800004,23.179264819000025],[91.80311854300004,23.176986202000023],[91.80410979000004,23.174604457000044],[91.80507498500003,23.17585567800006],[91.80667211200006,23.17535558000003],[91.80503308200008,23.17428443700004],[91.80689070300008,23.171902368000076],[91.80568652300008,23.172318775000065],[91.80624370300006,23.17042398600006],[91.80463380100008,23.168355580000025],[91.81000372000005,23.16521837500005],[91.80685925000006,23.16255657800008],[91.80603005100005,23.15744892200007],[91.81048381300008,23.153721664000045],[91.81003443100008,23.150370418000023],[91.81416112700003,23.145288079000068],[91.81302704700005,23.143837163000057],[91.81099246400004,23.144742574000077],[91.80810844700005,23.139179760000047],[91.80920134600007,23.136518196000054],[91.80803431400005,23.13578840100007],[91.81033543100006,23.133822096000074],[91.81101845700005,23.13707153400003],[91.81165159400007,23.134243011000024],[91.81463677200009,23.133589697000048],[91.81472812400006,23.131584254000074],[91.81229033700004,23.13085319000004],[91.81381750400004,23.12895979500007],[91.81146677500004,23.12520967300003],[91.81257334200006,23.12276242300004],[91.81085053500004,23.121867567000038],[91.81290167000003,23.119287341000074],[91.81557059200009,23.119191797000042],[91.81802391100007,23.11215184300005],[91.81626730300007,23.110208940000064],[91.81775104700006,23.108453576000045],[91.81752596800004,23.102105017000042],[91.81336954700004,23.099354746000074],[91.82064775300006,23.097482479000064],[91.82092783700006,23.099865599000054],[91.82502354300004,23.099064447000046],[91.83111732900005,23.09687437100007],[91.83203506600006,23.094855766000023],[91.83368296500004,23.095608748000075],[91.83574122100003,23.093186251000077],[91.83299784800005,23.092691813000044],[91.83340725700003,23.091118508000022],[91.83152619500004,23.091092244000038],[91.83132323300003,23.089893458000063],[91.82924298600005,23.091696484000067],[91.82790027700008,23.088877944000046],[91.82270375900004,23.08674058500003],[91.82435730500004,23.08375711900004],[91.81974331800006,23.07997908300007],[91.81820957400004,23.08314228300003],[91.81469000500005,23.080715101000067],[91.81721212300005,23.079100993000054],[91.81781132500004,23.07595273900006],[91.81584354800003,23.074809172000073],[91.81833204200007,23.072948017000044],[91.81595016100005,23.072000814000035],[91.81311405500009,23.073647724000068],[91.81241842400004,23.072267457000066],[91.81377822200005,23.07072833500007],[91.81150629200005,23.06965023300006],[91.81232346000007,23.06642743200007],[91.80593171700008,23.06711464600005],[91.80597719700006,23.063161911000066],[91.79909721300004,23.065102412000044],[91.79400986100006,23.062428195000052],[91.79351599300009,23.065013221000072],[91.79571554100005,23.067492130000062],[91.79366457200007,23.069176612000035],[91.78976165200004,23.068870652000044],[91.78953477900006,23.07180254900004],[91.78803241100007,23.07003909100007],[91.78889152300007,23.067348637000066],[91.78585480600003,23.068497388000026],[91.78474052100006,23.071623841000076],[91.77445874500006,23.069716620000065],[91.77352565400008,23.06644523400007],[91.77960986100004,23.05925992500005],[91.77716726800008,23.056479290000027],[91.78240072800008,23.048587387000055],[91.78191111200005,23.04495991500005],[91.78392311100004,23.037462751000078],[91.78161610900008,23.03407906500007],[91.77887871100006,23.036651771000038],[91.78050609800005,23.029218290000074],[91.77468261900003,23.027010423000036],[91.77278561500003,23.03186080300003],[91.77435891800008,23.038636163000035],[91.77146430800008,23.041452178000043],[91.76848670500004,23.04111104800006],[91.76768568700004,23.039565288000063],[91.77197528400006,23.033361357000047],[91.76814231900005,23.03440088800005],[91.76102721000007,23.029991049000046],[91.76141157900008,23.026348908000045],[91.75748529600008,23.024541723000027],[91.75866856700009,23.011177329000077],[91.76323487000008,23.00269484300003],[91.76679115700006,23.000776287000065],[91.78226515600005,22.997570333000056],[91.78845650900007,22.993430621000073],[91.78994926000007,22.984718563000058],[91.78867313100005,22.97951505900005],[91.79565129100007,22.968383435000078],[91.80478745300007,22.964717741000072],[91.82485512100004,22.974563070000045],[91.82975791900003,22.964396519000047],[91.83467202600008,22.958055750000028],[91.84022624500005,22.954285576000075],[91.85230473900003,22.950967999000056],[91.86071709100008,22.94288961700005],[91.87059488500006,22.94693920800006],[91.88016295400007,22.95975503300008],[91.89128299500004,22.96955704100003],[91.93131999600007,22.97421457100006],[91.97403382400006,22.984543217000066],[91.96657912600006,23.00567086600006],[91.95082027300003,23.047771048000072],[91.94723525700005,23.061648366000043],[91.94714213000003,23.07225389200005],[91.95268895000004,23.09618767300003],[91.94347786200007,23.10544176700006],[91.93052046300005,23.126551146000054],[91.91508796600004,23.13798885700004],[91.90888285000005,23.144708990000026],[91.90058104500008,23.156775640000035],[91.89293091000008,23.171574658000054]]]}},{"type":"Feature","id":"khagrachhari-mohalchari","properties":{"canonical_id":"khagrachhari-mohalchari","name_en":"Mohalchari","name_bn":"মহালছড়ি","district_id":"khagrachhari","division_id":"chittagong","pcode":"BD-B-29-164","parent_pcode":"BD2046","source_name":"Mohalchari","match_method":"exact_name_or_alias","boundary_reference_year":"2020","boundary_source":"geoBoundaries gbOpen BGD ADM3 / BBS, OCHA ROAP","source_dataset_updated":"2026-08-09"},"geometry":{"type":"Polygon","coordinates":[[[91.96657912600006,23.00567086600006],[91.97403382400006,22.984543217000066],[91.98289748000008,22.96401114300005],[91.97563935800008,22.953516569000044],[91.97665261800006,22.94180186500006],[91.97238954400007,22.931287750000024],[91.96742175100007,22.926600827000073],[91.96097986100006,22.925171985000077],[91.94582275300007,22.93072455500004],[91.94422523300005,22.914553407000028],[91.94525990100004,22.908846211000025],[91.90999910400006,22.897298539000076],[91.90223472300005,22.89250467900007],[91.89942828600005,22.886637035000035],[91.89961293300007,22.882223028000055],[91.90137989000004,22.879638467000063],[91.90697356800007,22.87656781900006],[91.90837056300006,22.863475401000073],[91.92764066700005,22.87806592800007],[91.94293023800003,22.883914692000076],[91.95955661300007,22.88491102200004],[91.96987318000004,22.883066132000067],[91.97618122600005,22.88026645800005],[91.97619712600005,22.866720858000065],[91.98246531500007,22.856198104000043],[91.98464507700004,22.84858300800005],[91.97985207900007,22.833059338000055],[91.98127542100008,22.83493791500007],[91.99347589300004,22.837307787000043],[92.00066743900004,22.842345959000056],[92.00592019700008,22.851749296000037],[92.01150534800007,22.871017737000045],[92.01887368200005,22.88401069200006],[92.03015722900005,22.883208944000046],[92.03996484200007,22.884365591000062],[92.04771654300004,22.888784669000074],[92.05376659500007,22.894319044000042],[92.05926906300004,22.90341281700006],[92.06375195800007,22.923852191000037],[92.07006533600008,22.933491340000046],[92.08241131300008,22.941369370000075],[92.11277221500006,22.954566597000053],[92.11758639800007,22.95817389900003],[92.10598985800004,23.00040703800005],[92.08014178800005,23.054883542000027],[92.06060664500006,23.052110664000054],[92.05476142500004,23.049700854000037],[92.03748964700009,23.036950751000063],[92.02341227800008,23.02423730000004],[92.00647690100004,23.019878359000074],[91.96657912600006,23.00567086600006]]]}},{"type":"Feature","id":"khagrachhari-panchari","properties":{"canonical_id":"khagrachhari-panchari","name_en":"Panchari","name_bn":"পানছড়ি","district_id":"khagrachhari","division_id":"chittagong","pcode":"BD-B-29-162","parent_pcode":"BD2046","source_name":"Panchari","match_method":"exact_name_or_alias","boundary_reference_year":"2020","boundary_source":"geoBoundaries gbOpen BGD ADM3 / BBS, OCHA ROAP","source_dataset_updated":"2026-08-09"},"geometry":{"type":"Polygon","coordinates":[[[91.95342297600007,23.474332463000053],[91.94764803900006,23.469705572000066],[91.94777127200007,23.466783003000046],[91.94558204800006,23.465963054000042],[91.94463616300004,23.467779134000068],[91.94143718700008,23.466155909000065],[91.93659520000006,23.466511849000028],[91.93845533500007,23.46354457500007],[91.93789422900005,23.45921946800007],[91.94086129600004,23.450574482000036],[91.94010079900005,23.447420890000046],[91.94257056600009,23.440626597000062],[91.94273431200008,23.435248236000064],[91.94052351700003,23.435476278000067],[91.93736733300005,23.43252336000006],[91.93419547000008,23.433688198000027],[91.93480492900005,23.435294170000077],[91.93308600800003,23.436023643000055],[91.93125402700008,23.434553363000077],[91.92399840900003,23.433756224000035],[91.92175763100005,23.438089095000066],[91.91840999500005,23.439738507000072],[91.91435237700006,23.437115240000026],[91.90932094500005,23.43670733700003],[91.89964430300006,23.440721152000037],[91.89894705300009,23.43600346200003],[91.89519455100003,23.431523515000038],[91.89138176300008,23.43368244900006],[91.88734871300005,23.433111052000072],[91.88865100200007,23.429457349000074],[91.88686770200007,23.426982104000047],[91.87637820000003,23.422420384000077],[91.87401717600005,23.419265190000033],[91.87355353700008,23.414191548000076],[91.86719570700006,23.412605984000038],[91.86054090500005,23.40531451100003],[91.85679560800008,23.40528751000005],[91.85474316900007,23.406811412000025],[91.85085310000005,23.404212077000068],[91.84504065000004,23.404769514000066],[91.84529333400008,23.40072277200005],[91.84071184000004,23.398972585000024],[91.84185591400006,23.38847843600007],[91.83619665900005,23.386605323000026],[91.83761885400008,23.370907405000025],[91.83242561400004,23.369913790000055],[91.83156578100005,23.365235556000073],[91.83047510000006,23.364217176000068],[91.82847544400005,23.366263932000038],[91.82556343500005,23.363292664000028],[91.82504721100008,23.352452724000045],[91.82208221600007,23.35151644000007],[91.82478306800004,23.333722710000075],[91.83200869400008,23.317618637000066],[91.83457049800006,23.30515835400007],[91.83649692400007,23.241753123000024],[91.84113016700007,23.223334642000054],[91.84476704200006,23.215895842000066],[91.84990558800007,23.209919675000037],[91.89293091000008,23.171574658000054],[91.89612571600009,23.17317062500007],[91.90483398600009,23.183908088000067],[91.91341064200003,23.18894370000004],[91.91936948600005,23.213429850000068],[91.92588186000006,23.22307635900006],[91.93373800500007,23.225172418000056],[91.94766818600004,23.226064765000046],[91.95383641700005,23.22829357200004],[91.99927977000004,23.26769015900004],[91.99703352500006,23.28987070900007],[91.99035311500006,23.312907265000035],[91.98654541500008,23.333226585000034],[91.97408465900008,23.432087765000063],[91.96881289900006,23.44781970200006],[91.95686274300004,23.46382845900007],[91.95342297600007,23.474332463000053]]]}},{"type":"Feature","id":"khagrachhari-ramgarh","properties":{"canonical_id":"khagrachhari-ramgarh","name_en":"Ramgarh","name_bn":"রামগড়","district_id":"khagrachhari","division_id":"chittagong","pcode":"BD-B-29-166","parent_pcode":"BD2046","source_name":"Ramgarh","match_method":"exact_name_or_alias","boundary_reference_year":"2020","boundary_source":"geoBoundaries gbOpen BGD ADM3 / BBS, OCHA ROAP","source_dataset_updated":"2026-08-09"},"geometry":{"type":"Polygon","coordinates":[[[91.74715674700008,22.870207726000046],[91.75234171900007,22.870475790000057],[91.75905861300004,22.868051972000046],[91.76824589700004,22.872846971000058],[91.77316303600008,22.878092071000026],[91.77771371000006,22.889591962000054],[91.78446574700007,22.89513387900007],[91.80252834000004,22.897673600000076],[91.82872877600005,22.906172093000066],[91.83677576100007,22.907230623000032],[91.84792343200007,22.886450625000066],[91.85238205300004,22.88728257300005],[91.85582270800006,22.885730988000034],[91.86297099300003,22.877169609000077],[91.86588176700008,22.871146131000046],[91.86824497500004,22.870213100000058],[91.87657014100006,22.871757466000076],[91.88895999100004,22.868339585000058],[91.89936773300008,22.871253729000045],[91.90697356800007,22.87656781900006],[91.90137989000004,22.879638467000063],[91.89961293300007,22.882223028000055],[91.89942828600005,22.886637035000035],[91.90223472300005,22.89250467900007],[91.90999910400006,22.897298539000076],[91.94525990100004,22.908846211000025],[91.94422523300005,22.914553407000028],[91.94582275300007,22.93072455500004],[91.96097986100006,22.925171985000077],[91.96742175100007,22.926600827000073],[91.97238954400007,22.931287750000024],[91.97665261800006,22.94180186500006],[91.97563935800008,22.953516569000044],[91.98289748000008,22.96401114300005],[91.97403382400006,22.984543217000066],[91.93131999600007,22.97421457100006],[91.89128299500004,22.96955704100003],[91.88016295400007,22.95975503300008],[91.87059488500006,22.94693920800006],[91.86071709100008,22.94288961700005],[91.85230473900003,22.950967999000056],[91.84022624500005,22.954285576000075],[91.83467202600008,22.958055750000028],[91.82975791900003,22.964396519000047],[91.82485512100004,22.974563070000045],[91.80478745300007,22.964717741000072],[91.79565129100007,22.968383435000078],[91.78867313100005,22.97951505900005],[91.78994926000007,22.984718563000058],[91.78845650900007,22.993430621000073],[91.78226515600005,22.997570333000056],[91.76679115700006,23.000776287000065],[91.76323487000008,23.00269484300003],[91.75866856700009,23.011177329000077],[91.75748529600008,23.024541723000027],[91.75330997600008,23.022225793000075],[91.74529741700007,23.011183145000075],[91.74383567200005,23.006585484000027],[91.72600374500007,22.99902705900007],[91.72083582000005,22.98778191400004],[91.71697089100007,22.98678751600005],[91.71310532200005,22.988694200000054],[91.71187839200007,22.98639470100005],[91.71527201400005,22.983681519000072],[91.71813144400005,22.967272784000045],[91.72333160900007,22.957578884000043],[91.72847189100008,22.955938054000057],[91.72635015900005,22.95323840700007],[91.72582705800005,22.948180131000072],[91.72772635600006,22.945417509000038],[91.72574879800004,22.942153545000053],[91.72975626400006,22.94171707000004],[91.73064103500008,22.940223564000064],[91.72571666200008,22.938369458000068],[91.72699078800008,22.937013973000035],[91.72494127400006,22.934744151000075],[91.72224838100004,22.923563990000048],[91.72319708900005,22.920045250000044],[91.72089380500006,22.91439609100007],[91.72322968400005,22.90980571500006],[91.72283919300008,22.906194259000074],[91.72523240000004,22.906823581000026],[91.71751695500006,22.893780938000077],[91.71642267200008,22.886940639000045],[91.71866884300005,22.883131336000076],[91.72119201400005,22.88260395900005],[91.72664199400003,22.877876513000047],[91.72929921300005,22.877747733000035],[91.72776114600003,22.87351039300006],[91.73022706500007,22.871798779000073],[91.73387183200003,22.87102364200007],[91.73726428700007,22.873065389000033],[91.74004963100003,22.87157590700008],[91.74345679300006,22.87251955800008],[91.74715674700008,22.870207726000046]]]}},{"type":"Feature","id":"lakshmipur-kamalnagar","properties":{"canonical_id":"lakshmipur-kamalnagar","name_en":"Kamalnagar","name_bn":"কমলনগর","district_id":"lakshmipur","division_id":"chittagong","pcode":"BD-B-31-133","parent_pcode":"BD2051","source_name":"Kamalnagar","match_method":"exact_name_or_alias","boundary_reference_year":"2020","boundary_source":"geoBoundaries gbOpen BGD ADM3 / BBS, OCHA ROAP","source_dataset_updated":"2026-08-09"},"geometry":{"type":"Polygon","coordinates":[[[90.88995373000006,22.811019285000043],[90.88609524400005,22.812240471000052],[90.87675265300004,22.819533484000033],[90.80769935300003,22.861251563000053],[90.80535561900007,22.86040530100007],[90.80196318900005,22.854733296000063],[90.79155858500008,22.84382090300005],[90.79062156900005,22.83883759400004],[90.79211077100007,22.834090639000067],[90.78329733600003,22.813131915000042],[90.77850593700003,22.791078626000058],[90.77976182000003,22.780747570000074],[90.79920042400005,22.74169385700003],[90.81452672900008,22.719054672000027],[90.82413141300003,22.700984525000024],[90.83660528800004,22.686813053000037],[90.85132687500004,22.695385265000027],[90.87325527700006,22.703914354000062],[90.88198543900006,22.703532804000076],[90.88229637700005,22.70514660300006],[90.89021813300008,22.707534879000036],[90.89306867200008,22.704477100000076],[90.89822651600008,22.70823675200006],[90.90387860700008,22.706687642000077],[90.90549413800005,22.708991252000033],[90.90464274000004,22.71240604700006],[90.91341338900008,22.712838903000033],[90.91832799200006,22.71822972900003],[90.91924086000006,22.722606910000025],[90.92457404200007,22.723995753000054],[90.92765931400004,22.726395337000042],[90.93315772600005,22.724385960000063],[90.93926187100004,22.724926348000054],[90.94377356600006,22.728066399000056],[90.94555011300008,22.73329586500006],[90.94697819100008,22.730768626000042],[90.94695284500006,22.724522767000053],[90.95874742000007,22.720624760000078],[90.96433181300006,22.724126444000035],[90.97647306400006,22.71539074900005],[90.98094654800008,22.715320466000037],[90.98146024800008,22.748594206000064],[90.98130274700009,22.753984409000054],[90.97608886000006,22.756172676000062],[90.95038854900008,22.77753640000003],[90.94162041300007,22.781363288000023],[90.91477240600005,22.797968750000052],[90.90225006700007,22.801945432000025],[90.88995373000006,22.811019285000043]]]}},{"type":"Feature","id":"lakshmipur-lakshmipur-sadar","properties":{"canonical_id":"lakshmipur-lakshmipur-sadar","name_en":"Lakshmipur Sadar","name_bn":"লক্ষ্মীপুর সদর","district_id":"lakshmipur","division_id":"chittagong","pcode":"BD-B-31-132","parent_pcode":"BD2051","source_name":"Lakshmipur Sadar","match_method":"exact_name_or_alias","boundary_reference_year":"2020","boundary_source":"geoBoundaries gbOpen BGD ADM3 / BBS, OCHA ROAP","source_dataset_updated":"2026-08-09"},"geometry":{"type":"MultiPolygon","coordinates":[[[[90.77036485100007,22.80937080900003],[90.77472622500005,22.823880909000025],[90.77383234800004,22.82941155800006],[90.76136448800008,22.836164068000073],[90.75199579800005,22.83226503800006],[90.75933807700005,22.82003543600007],[90.76825294000008,22.809811206000063],[90.77036485100007,22.80937080900003]]],[[[90.65633525800007,22.84481171400006],[90.65141618400008,22.848095753000052],[90.64666068800005,22.843767867000054],[90.64622299600006,22.839056520000042],[90.64333333200005,22.83854315800005],[90.64386135100006,22.83671178000003],[90.64894127700006,22.84003348500005],[90.65142867000009,22.844834121000076],[90.65336493500007,22.84287499800007],[90.65633525800007,22.84481171400006]]],[[[90.70086522000008,22.865389857000025],[90.70134049000006,22.86753879300005],[90.69922926700008,22.868217107000078],[90.69901173200003,22.866067032000046],[90.70086522000008,22.865389857000025]]],[[[90.75565200200003,22.869830679000074],[90.75386530400004,22.87318536300006],[90.74649444700003,22.869515411000066],[90.74307724500005,22.869531408000057],[90.74098200700007,22.863685444000055],[90.73743332300006,22.860195372000078],[90.73926894900006,22.856267031000073],[90.75072016400009,22.834780581000075],[90.75562091800003,22.83499622100004],[90.76085623500006,22.837540666000052],[90.77647095900005,22.828681714000027],[90.77457656400009,22.833919991000073],[90.76116343200005,22.851479590000054],[90.75565200200003,22.869830679000074]]],[[[90.72473861600008,22.873408805000054],[90.71857473400007,22.878408398000033],[90.72184710400006,22.87284834700006],[90.72488855000006,22.872500289000072],[90.72473861600008,22.873408805000054]]],[[[90.74941037100007,22.872190187000058],[90.75267767800005,22.87470290600004],[90.74422261500007,22.88506755000003],[90.73974431700003,22.88690523400004],[90.73286252700007,22.873504823000076],[90.73396187000003,22.866855309000073],[90.73641689100003,22.86297213000006],[90.74047377600004,22.865121824000028],[90.74276210500005,22.87084720200005],[90.74585476600004,22.87041438600005],[90.74941037100007,22.872190187000058]]],[[[90.71083143900006,22.89366125300006],[90.71453356100005,22.885794843000042],[90.71192947600008,22.894355844000074],[90.71083143900006,22.89366125300006]]],[[[90.71378501100008,22.895524091000027],[90.72137112000007,22.880087763000063],[90.72494213200008,22.87857766700006],[90.72797873500008,22.87969915000008],[90.72146214700007,22.891200947000073],[90.72454170800006,22.888199229000065],[90.72632264700007,22.883590412000046],[90.72914994700005,22.881665268000063],[90.73470137000004,22.88869064200003],[90.73313154600004,22.88457482800004],[90.73416631000003,22.885167370000033],[90.73614725000004,22.890370891000032],[90.72896050900005,22.897191274000022],[90.72491585000006,22.903455052000027],[90.71378501100008,22.895524091000027]]],[[[90.68459075900006,22.90319747600006],[90.68396700400007,22.895231198000033],[90.68723417500007,22.89856333700004],[90.69159435400007,22.899529605000055],[90.69040299600005,22.902419190000046],[90.68913545500004,22.903749180000034],[90.68459075900006,22.90319747600006]]],[[[90.72582419200006,22.90420404300005],[90.72884304400009,22.898587431000067],[90.73388003000008,22.894931245000066],[90.72770144500004,22.90562664400005],[90.72582419200006,22.90420404300005]]],[[[90.99883008200004,22.977426894000075],[90.99247179800005,22.979225369000062],[90.98847969400003,22.978596580000044],[90.98637472700005,22.97201080600007],[90.98207500300003,22.977123995000056],[90.97766958100004,22.979370997000046],[90.97666761900007,22.98409333400008],[90.97316726600008,22.984965629000044],[90.97120016800005,22.980520656000067],[90.96601303800009,22.97937472600006],[90.96325881500007,22.982625178000035],[90.96044440400004,22.982555320000074],[90.95991877500006,22.986864257000036],[90.95182595200004,22.987794890000032],[90.95246493700006,22.99117999200007],[90.95459670300005,22.992481414000054],[90.95399340400007,22.994445134000046],[90.95183542300003,22.994366093000053],[90.95160375700004,22.992894599000067],[90.94930975200003,22.996468922000076],[90.94703244200008,22.995897125000056],[90.94428387400006,22.99814460300007],[90.94313536100003,22.996703961000037],[90.94504401300009,22.996263532000057],[90.94342850900006,22.99492503500005],[90.94504087300004,22.993534555000053],[90.94209671900006,22.993078440000033],[90.94374222100004,22.990402878000054],[90.94165532700003,22.99133267800005],[90.93715064700007,22.989967789000048],[90.93510694600008,22.98654913300004],[90.93342688700005,22.986699610000073],[90.93305610700008,22.994679921000056],[90.93005971200006,22.998079721000067],[90.92639580800005,22.999482065000052],[90.92756345800007,23.00249554000004],[90.92662740700007,23.005983687000025],[90.91901181300005,23.006541802000072],[90.91916250400004,23.010151749000045],[90.92209310800007,23.010183824000023],[90.92073695400006,23.01398431900003],[90.91594217200009,23.012461895000058],[90.91399983500008,23.014559675000044],[90.90516050000008,23.014605380000035],[90.89779180700003,23.011737672000038],[90.89709596600005,23.013862050000057],[90.89362994600003,23.014407810000023],[90.89316196400006,23.021323315000075],[90.88715523600007,23.024822848000042],[90.88803462400006,23.02051833200005],[90.88480696700003,23.019864033000033],[90.87887114000006,23.023505689000046],[90.87470306600005,23.024004129000048],[90.87523361500007,23.015579838000065],[90.87255840000006,23.01288872500004],[90.86905399300008,23.01402524200006],[90.86715830900005,23.012473529000033],[90.85940641700006,23.01299848800005],[90.85970540800008,23.01995042300007],[90.86180197100003,23.019996606000063],[90.86112071500008,23.02143991400004],[90.86313522600005,23.022773131000065],[90.85960686300007,23.024128622000035],[90.85853636500008,23.022672815000078],[90.85638901600004,23.025987627000063],[90.84948297700004,23.024383702000023],[90.84744784100008,23.025783971000067],[90.84575361600008,23.03001812900004],[90.84770346100004,23.031060016000026],[90.84727166400006,23.033410855000056],[90.84954586200007,23.034612440000046],[90.84324763900008,23.04026905300003],[90.84342776900007,23.04382475400007],[90.83916142500004,23.044834281000078],[90.83488373100005,23.042033040000035],[90.83165471100006,23.046072474000027],[90.82892346200003,23.043459959000074],[90.83016859900005,23.035608429000035],[90.82438889900004,23.035295405000056],[90.81166145800006,23.026624751000043],[90.80701909900006,23.006013447000043],[90.79888831400007,22.997278640000047],[90.79527935600004,22.997060816000044],[90.79372251700005,22.99351812200007],[90.79508057800007,22.990711669000063],[90.78437955100009,22.991689190000045],[90.77813032900008,22.989764372000025],[90.77255696400005,22.990742929000078],[90.76823603400004,22.98773337800003],[90.76725657900005,22.984359792000078],[90.76332969800006,22.981211002000066],[90.75892947500006,22.98247191100006],[90.75677350900008,22.987529966000068],[90.75121805300006,22.986248875000058],[90.75023231900008,22.985193297000023],[90.75605522600006,22.979099404000067],[90.75772975600006,22.97464886700004],[90.75539440400007,22.970018742000036],[90.75371301900003,22.97015828700006],[90.74672732800008,22.977308229000073],[90.74411631300006,22.97238283400003],[90.74530494500004,22.97043684500005],[90.74302181000007,22.965118639000025],[90.74081986900006,22.96370397900006],[90.73492905400008,22.964238932000058],[90.73438964600007,22.961558052000044],[90.74277901200009,22.956607833000078],[90.74742118200004,22.95745150500005],[90.75421670500003,22.947522527000046],[90.75933993900009,22.947334367000053],[90.76020076400005,22.94319989400003],[90.75834142100007,22.93157592800003],[90.76766556000007,22.923393477000047],[90.76468956100007,22.92070300300003],[90.75599717900008,22.919822682000074],[90.74111296300003,22.909469211000044],[90.73232560900004,22.906749216000037],[90.73962486800008,22.894321981000076],[90.74648284600005,22.888792712000054],[90.76105562900005,22.870081561000063],[90.76818809800005,22.849588977000053],[90.76941915200007,22.84838783600003],[90.77138575700008,22.849620938000044],[90.77881248600005,22.84050311200008],[90.78262997100006,22.831688964000023],[90.78329733600003,22.813131915000042],[90.79211077100007,22.834090639000067],[90.79062156900005,22.83883759400004],[90.79155858500008,22.84382090300005],[90.80196318900005,22.854733296000063],[90.80535561900007,22.86040530100007],[90.80769935300003,22.861251563000053],[90.87675265300004,22.819533484000033],[90.88609524400005,22.812240471000052],[90.88995373000006,22.811019285000043],[90.90884975900008,22.813341681000054],[90.91097150600007,22.815821809000056],[90.92668110700004,22.813934825000047],[90.92872736700008,22.82301621700003],[90.93190772900005,22.828301078000038],[90.93651285000004,22.828051639000023],[90.93856463200007,22.82990372200004],[90.94010095200008,22.832605650000062],[90.93840806500003,22.834605684000053],[90.93991428100009,22.838148973000045],[90.94219626200004,22.835720330000072],[90.94539156200005,22.837670555000045],[90.94247978600004,22.83974335000005],[90.94508713100004,22.84465192500005],[90.94450977300005,22.848897961000034],[90.93950522800009,22.856274092000035],[90.94292048400007,22.862226285000077],[90.94455523200008,22.862882760000048],[90.94677725100007,22.859404341000072],[90.94955650300005,22.861005221000028],[90.95483307200004,22.859140552000042],[90.95602253800007,22.861541217000024],[90.95404568900005,22.861450898000044],[90.95338882400006,22.86308751300004],[90.95645741300007,22.86605443600007],[90.95860941100005,22.865657592000048],[90.95698680200007,22.863181648000023],[90.96481443100004,22.86663796600004],[90.96909680100003,22.86469191200007],[90.96927623700003,22.866026539000075],[90.97275009300006,22.867073463000054],[90.97316692300006,22.87025552500006],[90.97557136700004,22.870230072000027],[90.97466425100004,22.871770636000065],[90.97690244900008,22.873029958000075],[90.97621125500007,22.874264349000043],[90.98302706400005,22.874797080000064],[90.98588796900003,22.877059006000025],[90.98538227900008,22.881954488000076],[90.98598792700005,22.883982530000026],[90.98264372700004,22.887393890000055],[90.98140689600007,22.89197716600006],[90.98705607600004,22.899744183000053],[90.99027499100004,22.899783436000064],[90.99129145600006,22.903061045000072],[90.98809791500008,22.905357172000038],[90.98566997900008,22.90533612100006],[90.98254146400006,22.91033420900004],[90.98429813300004,22.912916280000047],[90.98707333500005,22.913493523000056],[90.98698639600008,22.915373989000045],[90.98250872100004,22.914669537000066],[90.98131420200008,22.91618707400005],[90.98409133900003,22.921159885000066],[90.98886141400004,22.92466992900006],[90.98881843100008,22.930838942000037],[90.99137368800007,22.930872684000065],[90.98982599900006,22.933448179000038],[90.99178180400008,22.936111331000063],[90.98879470500003,22.93806408300003],[90.98892717600006,22.93968631200005],[90.99579945600004,22.944069332000026],[90.99735358000004,22.94877742500006],[90.99989066200004,22.949361561000046],[90.99766375800004,22.952089881000063],[90.99917718900008,22.95380784400004],[90.99736207400008,22.955175288000078],[91.00124520200006,22.956244335000065],[91.00124141200007,22.959290604000046],[90.99923579800009,22.95871613500003],[90.99468969800006,22.96144546200003],[90.99554509800004,22.963372510000056],[90.99834819000006,22.96428016300007],[90.99619669900005,22.97084628400006],[90.99883008200004,22.977426894000075]]]]}},{"type":"Feature","id":"lakshmipur-raipur","properties":{"canonical_id":"lakshmipur-raipur","name_en":"Raipur","name_bn":"রায়পুর","district_id":"lakshmipur","division_id":"chittagong","pcode":"BD205158","parent_pcode":"BD2051","source_name":"Raipur","match_method":"retained_verified_uploaded_geometry","boundary_reference_year":"2020","boundary_source":"User-provided bd_district_map(1).html (previously verified)","source_dataset_updated":"2026-09-23"},"geometry":{"type":"MultiPolygon","coordinates":[[[[90.72722,22.90944],[90.72611,22.90833],[90.72472,22.90944],[90.72027,22.92262],[90.72166,22.92139],[90.72722,22.91],[90.72722,22.90944]]],[[[90.71796,22.92792],[90.71638,22.93],[90.71782,22.92846],[90.71796,22.92792]]],[[[90.68036,22.97934],[90.68555,22.97889],[90.68861,22.97694],[90.69583,22.96472],[90.70333,22.95583],[90.70639,22.95],[90.71028,22.94611],[90.71361,22.94084],[90.71591,22.93205],[90.71167,22.93611],[90.70695,22.9375],[90.70055,22.94333],[90.69889,22.94583],[90.69806,22.94528],[90.69861,22.94333],[90.70167,22.93972],[90.71083,22.93361],[90.71611,22.92861],[90.71972,22.9175],[90.71917,22.91611],[90.71972,22.91389],[90.72556,22.9025],[90.73306,22.89194],[90.73333,22.88806],[90.73167,22.88361],[90.72889,22.88056],[90.72389,22.88972],[90.72111,22.89722],[90.71917,22.90028],[90.71861,22.90083],[90.71806,22.90028],[90.72195,22.89056],[90.72166,22.88917],[90.72722,22.88083],[90.725,22.87667],[90.72361,22.87639],[90.72,22.88028],[90.71778,22.88556],[90.71306,22.89278],[90.71167,22.89722],[90.70361,22.90722],[90.695,22.92194],[90.69473,22.92361],[90.69722,22.9325],[90.69666,22.93306],[90.69527,22.93265],[90.69334,22.93472],[90.69222,22.93667],[90.69201,22.93972],[90.69111,22.93972],[90.69083,22.93722],[90.69195,22.93472],[90.695,22.93111],[90.69453,22.92604],[90.6925,22.92389],[90.67764,22.94535],[90.67627,22.94596],[90.68027,22.93944],[90.67973,22.93861],[90.67528,22.94333],[90.67306,22.95167],[90.66695,22.96333],[90.66556,22.96445],[90.66611,22.96695],[90.67167,22.97472],[90.67821,22.97927],[90.67993,22.9794],[90.68036,22.97934]]],[[[90.79554,23.07674],[90.79968,23.07321],[90.81121,23.0678],[90.82941,23.05735],[90.8315,23.05033],[90.83038,23.04844],[90.83128,23.04287],[90.82925,23.04096],[90.8259,23.0405],[90.8217,23.03866],[90.81885,23.03627],[90.80931,23.02182],[90.8051,23.01099],[90.79916,23.00332],[90.79483,23.00154],[90.79431,22.99726],[90.79167,22.99582],[90.78522,22.9949],[90.77009,22.99398],[90.76576,22.98864],[90.76353,22.98815],[90.75843,22.99046],[90.75629,22.9928],[90.75431,22.99252],[90.75305,22.98996],[90.75465,22.98799],[90.75668,22.98273],[90.75671,22.97994],[90.75394,22.97868],[90.75072,22.98155],[90.74496,22.98451],[90.74355,22.98269],[90.74368,22.97754],[90.74271,22.9748],[90.73557,22.96955],[90.7354,22.96718],[90.74161,22.9629],[90.7476,22.96328],[90.74973,22.96247],[90.75251,22.95373],[90.75374,22.95205],[90.75739,22.95091],[90.75755,22.94616],[90.75626,22.93783],[90.75999,22.93347],[90.76012,22.93199],[90.75886,22.92942],[90.75717,22.92875],[90.75347,22.93057],[90.75063,22.93026],[90.73786,22.9248],[90.73516,22.92149],[90.73527,22.91934],[90.73437,22.91824],[90.72758,22.91789],[90.7254,22.92034],[90.72037,22.92948],[90.71494,22.94378],[90.71098,22.94766],[90.70556,22.95583],[90.69945,22.9625],[90.68861,22.97833],[90.68607,22.97964],[90.67889,22.98025],[90.67445,22.97889],[90.67028,22.97528],[90.66528,22.9675],[90.6625,22.96722],[90.65444,22.97528],[90.65083,22.98],[90.64615,22.98819],[90.65425,22.99439],[90.65718,22.99537],[90.66054,22.99786],[90.66223,23.00058],[90.66602,23.00317],[90.66817,23.0065],[90.66856,23.00903],[90.66791,23.01143],[90.66902,23.01648],[90.67531,23.0168],[90.6758,23.01836],[90.67582,23.02067],[90.67464,23.02235],[90.66886,23.02304],[90.66693,23.02401],[90.66611,23.0254],[90.66776,23.02851],[90.67244,23.03351],[90.67116,23.03909],[90.66834,23.04325],[90.66734,23.04849],[90.6699,23.05095],[90.6741,23.05325],[90.67601,23.05279],[90.67852,23.05408],[90.68715,23.06092],[90.69159,23.06253],[90.69592,23.06284],[90.69636,23.06141],[90.70094,23.06018],[90.70368,23.06084],[90.70692,23.05654],[90.7088,23.05728],[90.71123,23.05652],[90.71383,23.05299],[90.71664,23.05239],[90.71976,23.04805],[90.72442,23.04529],[90.72595,23.04327],[90.72839,23.04262],[90.73539,23.04341],[90.73746,23.04436],[90.73943,23.04764],[90.7476,23.05399],[90.75318,23.05601],[90.75879,23.05962],[90.75925,23.06045],[90.75692,23.06427],[90.75819,23.06552],[90.77333,23.07299],[90.77769,23.07405],[90.7916,23.07512],[90.79472,23.07609],[90.79554,23.07674]]]]}},{"type":"Feature","id":"lakshmipur-ramganj","properties":{"canonical_id":"lakshmipur-ramganj","name_en":"Ramganj","name_bn":"রামগঞ্জ","district_id":"lakshmipur","division_id":"chittagong","pcode":"BD-B-31-136","parent_pcode":"BD2051","source_name":"Ramganj","match_method":"exact_name_or_alias","boundary_reference_year":"2020","boundary_source":"geoBoundaries gbOpen BGD ADM3 / BBS, OCHA ROAP","source_dataset_updated":"2026-08-09"},"geometry":{"type":"Polygon","coordinates":[[[90.96184522200008,23.131043962000035],[90.96068288200007,23.13342433400004],[90.96222155300006,23.13810450400007],[90.95870894300003,23.13893882700006],[90.95551708700003,23.14593297700003],[90.94616825800006,23.145400005000056],[90.94430393800008,23.14331621100007],[90.94362980400007,23.14442334100005],[90.94002052600007,23.143517945000042],[90.93893352200007,23.145478833000027],[90.93575829800005,23.143520159000047],[90.93433648200005,23.146419],[90.93225014100005,23.14707492200006],[90.92773536900006,23.145348686000034],[90.92393279300006,23.146246614000063],[90.92423165700006,23.14843299300003],[90.92294347900008,23.149049109000032],[90.91210993400006,23.147814880000055],[90.91198127200005,23.150543456000037],[90.91467285300007,23.15043922600006],[90.91386254100007,23.15626314600007],[90.91109238600006,23.155960227000037],[90.91085973000008,23.152882601000044],[90.90321527300006,23.151928504000068],[90.90194496100008,23.15277129100008],[90.90311781400004,23.154876501000047],[90.90196849900008,23.162305029000038],[90.89793950100005,23.164140769000028],[90.89149193300005,23.17197137000005],[90.89123244200005,23.17058972700005],[90.88487807900003,23.171340262000058],[90.88147397300008,23.170121324000036],[90.87926061500008,23.17386471900005],[90.87401326600008,23.17342536500007],[90.86805138700004,23.173530603000074],[90.86142719100008,23.17128285600006],[90.85743843500006,23.167873919000044],[90.85505048000005,23.169416803000047],[90.85481305500008,23.166738786000053],[90.85226802400007,23.167776653000033],[90.84892139300007,23.166318454000077],[90.84657037300008,23.166949843000054],[90.84589873100003,23.159658458000024],[90.84751967100004,23.156058702000053],[90.85105534700006,23.154142223000065],[90.84429994800007,23.14868670100003],[90.84101740500006,23.147331850000057],[90.83933378600005,23.14823223600007],[90.83865297100004,23.143896787000074],[90.83617373600003,23.142897167000058],[90.83630484600008,23.13815035600004],[90.82810077100004,23.135227545000077],[90.82651589700004,23.13340504300004],[90.82133610400007,23.133455253000022],[90.81828806500005,23.130007049000028],[90.81827106000009,23.123982867000052],[90.81515181300006,23.122136012000055],[90.80566800400004,23.121873105000077],[90.79637690400006,23.11857815700006],[90.79811171600005,23.114681908000023],[90.79380461100004,23.108992089000026],[90.79440763900004,23.10380931000003],[90.79202791400007,23.094411341000068],[90.79375435500003,23.093585203000032],[90.79369595100007,23.091745625000044],[90.78982444700006,23.085250678000023],[90.79295596300005,23.08252796200003],[90.79001037300009,23.080727688000025],[90.79012021600005,23.079267206000054],[90.79384934400008,23.080041142000027],[90.79199856500009,23.078154102000042],[90.78803322000005,23.078403140000034],[90.78689952700006,23.07704483300006],[90.79408491800007,23.074748412000076],[90.79477856400007,23.07057514400003],[90.79810749000006,23.06901713800005],[90.80135449200009,23.064868750000073],[90.80584267500006,23.064583414000026],[90.82136752600007,23.054792662000068],[90.82543870300003,23.053917858000034],[90.82535183200008,23.051476066000077],[90.82866419000004,23.052131686000052],[90.83165471100006,23.046072474000027],[90.83488373100005,23.042033040000035],[90.83916142500004,23.044834281000078],[90.84342776900007,23.04382475400007],[90.84324763900008,23.04026905300003],[90.84954586200007,23.034612440000046],[90.84727166400006,23.033410855000056],[90.84770346100004,23.031060016000026],[90.84575361600008,23.03001812900004],[90.84744784100008,23.025783971000067],[90.84948297700004,23.024383702000023],[90.85638901600004,23.025987627000063],[90.85853636500008,23.022672815000078],[90.85960686300007,23.024128622000035],[90.86313522600005,23.022773131000065],[90.86112071500008,23.02143991400004],[90.86180197100003,23.019996606000063],[90.85970540800008,23.01995042300007],[90.85940641700006,23.01299848800005],[90.86715830900005,23.012473529000033],[90.86905399300008,23.01402524200006],[90.87255840000006,23.01288872500004],[90.87523361500007,23.015579838000065],[90.87470306600005,23.024004129000048],[90.87887114000006,23.023505689000046],[90.88480696700003,23.019864033000033],[90.88803462400006,23.02051833200005],[90.88715523600007,23.024822848000042],[90.89171877200005,23.02992722500005],[90.89348517800005,23.035105428000065],[90.89657212800006,23.03582130700005],[90.89749523700004,23.039168335000056],[90.90677514800007,23.034620516000075],[90.90796874500006,23.040064333000032],[90.90530684300006,23.04072260500004],[90.90618193900008,23.04186982600004],[90.91347545700006,23.042093772000044],[90.91723831100006,23.040341674000047],[90.91880617300006,23.041895226000065],[90.91766552200005,23.046676175000073],[90.91452247400008,23.04529262500006],[90.90983550300007,23.05280209800003],[90.91035671200007,23.058006429000045],[90.90080066400003,23.061890461000075],[90.89896223300008,23.071501529000045],[90.90598105300006,23.072377691000042],[90.91230495300005,23.066280964000043],[90.91907926600004,23.06550272900006],[90.91857257300006,23.070670648000032],[90.91603070400004,23.072465398000077],[90.91569593100007,23.075738846000036],[90.91278740000007,23.07629481300006],[90.91139272200007,23.07975728300005],[90.91658031000009,23.078388181000037],[90.91740513700006,23.080798492000042],[90.92178932700006,23.08152098200003],[90.92333149100006,23.077623433000042],[90.92917812300004,23.080469424000057],[90.93073750100007,23.082030788000054],[90.93082727700005,23.09072638600003],[90.93953585700007,23.083715777000066],[90.94272197900005,23.085948725000037],[90.94528342200005,23.085835751000047],[90.94422929200005,23.088149311000052],[90.94732225000007,23.08960140100004],[90.94491083700007,23.09023570900007],[90.94488269000004,23.09659536500004],[90.94132464500007,23.097603992000074],[90.94152261300007,23.10149189200007],[90.94429739000003,23.103569176000065],[90.94472826000003,23.106537176000074],[90.94876411100006,23.10705604700007],[90.94861086900005,23.112259709000057],[90.95355088800005,23.112965520000046],[90.95432758100009,23.122684891000063],[90.95311747000005,23.126088995000032],[90.95519856200008,23.12664940600007],[90.95612236400007,23.130135434000067],[90.96184522200008,23.131043962000035]]]}},{"type":"Feature","id":"lakshmipur-ramgati","properties":{"canonical_id":"lakshmipur-ramgati","name_en":"Ramgati","name_bn":"রামগতি","district_id":"lakshmipur","division_id":"chittagong","pcode":"BD-B-31-135","parent_pcode":"BD2051","source_name":"Ramgati","match_method":"exact_name_or_alias","boundary_reference_year":"2020","boundary_source":"geoBoundaries gbOpen BGD ADM3 / BBS, OCHA ROAP","source_dataset_updated":"2026-08-09"},"geometry":{"type":"MultiPolygon","coordinates":[[[[90.97645204400004,22.52198363800005],[90.96783687100003,22.532196532000057],[90.95508559600006,22.541068179000035],[90.95111425600004,22.54725796300005],[90.92235671000003,22.552492209000036],[90.89375066900004,22.56028032100005],[90.93211333700003,22.49701664400004],[90.97645204400004,22.52198363800005]]],[[[91.01652427800008,22.57925309600006],[91.01414412200006,22.600495932000058],[91.00924423900005,22.612699022000072],[91.00346617400004,22.623586678000038],[90.98840945400008,22.639324721000037],[91.00091024000005,22.665559287000065],[91.01686910800004,22.678556752000077],[91.01687161800004,22.685990796000056],[91.01094147000003,22.698427956000046],[91.00995981700004,22.705038312000056],[91.00784775900007,22.70720145300004],[90.98094654800008,22.715320466000037],[90.97647306400006,22.71539074900005],[90.96433181300006,22.724126444000035],[90.95874742000007,22.720624760000078],[90.94695284500006,22.724522767000053],[90.94697819100008,22.730768626000042],[90.94555011300008,22.73329586500006],[90.94377356600006,22.728066399000056],[90.93926187100004,22.724926348000054],[90.93315772600005,22.724385960000063],[90.92765931400004,22.726395337000042],[90.92457404200007,22.723995753000054],[90.91924086000006,22.722606910000025],[90.91832799200006,22.71822972900003],[90.91341338900008,22.712838903000033],[90.90464274000004,22.71240604700006],[90.90549413800005,22.708991252000033],[90.90387860700008,22.706687642000077],[90.89822651600008,22.70823675200006],[90.89306867200008,22.704477100000076],[90.89021813300008,22.707534879000036],[90.88229637700005,22.70514660300006],[90.88198543900006,22.703532804000076],[90.87325527700006,22.703914354000062],[90.85132687500004,22.695385265000027],[90.83660528800004,22.686813053000037],[90.84944636100005,22.670642085000054],[90.86263609000008,22.66712995200004],[90.87615021400006,22.666148495000073],[90.89076560000007,22.660236161000057],[90.90245254100006,22.647790588000078],[90.92032658900007,22.636838229000034],[90.94542830400007,22.614890591000062],[90.97205661200007,22.600730852000027],[90.98083443900003,22.593555197000057],[90.98593419000008,22.586784194000074],[91.01740593000005,22.56817560500008],[91.01652427800008,22.57925309600006]]]]}},{"type":"Feature","id":"noakhali-begumganj","properties":{"canonical_id":"noakhali-begumganj","name_en":"Begumganj","name_bn":"বেগমগঞ্জ","district_id":"noakhali","division_id":"chittagong","pcode":"BD-B-47-117","parent_pcode":"BD2075","source_name":"Begumganj","match_method":"exact_name_or_alias","boundary_reference_year":"2020","boundary_source":"geoBoundaries gbOpen BGD ADM3 / BBS, OCHA ROAP","source_dataset_updated":"2026-08-09"},"geometry":{"type":"Polygon","coordinates":[[[91.19489684600006,22.985513240000046],[91.18911593300004,22.985279554000044],[91.18344661300006,22.987285370000052],[91.18134864500007,22.985473135000063],[91.17430190400006,22.985020276000057],[91.16824897100008,22.987325330000033],[91.15621881300007,22.988369299000055],[91.15267835200007,22.98279509400004],[91.15247326700006,22.974717786000042],[91.12883971700006,22.973447760000056],[91.12698886400005,22.97448948600004],[91.12690163100007,22.977497871000025],[91.12473736100009,22.980458912000074],[91.12118025200004,22.98288333000005],[91.11548806700006,22.980073229000027],[91.10727572400003,22.98048816100004],[91.10576736100006,22.979519810000056],[91.10667061500004,22.977983083000026],[91.09929060300004,22.97681732500007],[91.09791000700005,22.98395288100005],[91.07633763300004,22.98444071800003],[91.07304140600007,22.987213448000034],[91.06335254000004,22.98829039900005],[91.05917591800005,22.99104391800006],[91.05183336700009,22.990198622000037],[91.04864691600005,22.99132114100007],[91.04616325800004,22.990437135000036],[91.04294040800005,22.981506055000068],[91.03687793600005,22.97223049100006],[91.03441439200003,22.97321306400005],[91.02956575600007,22.971463526000036],[91.01960961500004,22.971361897000065],[91.01468629600004,22.97394969900006],[91.01212030800008,22.97716758300004],[90.99909655500005,22.977845795000064],[90.99883008200004,22.977426894000075],[90.99619669900005,22.97084628400006],[90.99834819000006,22.96428016300007],[90.99554509800004,22.963372510000056],[90.99468969800006,22.96144546200003],[90.99923579800009,22.95871613500003],[91.00124141200007,22.959290604000046],[91.00124520200006,22.956244335000065],[90.99736207400008,22.955175288000078],[90.99917718900008,22.95380784400004],[90.99766375800004,22.952089881000063],[90.99989066200004,22.949361561000046],[90.99735358000004,22.94877742500006],[90.99579945600004,22.944069332000026],[90.98892717600006,22.93968631200005],[90.98879470500003,22.93806408300003],[90.99178180400008,22.936111331000063],[90.98982599900006,22.933448179000038],[90.99137368800007,22.930872684000065],[90.98881843100008,22.930838942000037],[90.98886141400004,22.92466992900006],[90.98409133900003,22.921159885000066],[90.98131420200008,22.91618707400005],[90.98250872100004,22.914669537000066],[90.98698639600008,22.915373989000045],[90.98707333500005,22.913493523000056],[90.98429813300004,22.912916280000047],[90.98254146400006,22.91033420900004],[90.98566997900008,22.90533612100006],[90.98809791500008,22.905357172000038],[90.99129145600006,22.903061045000072],[90.99027499100004,22.899783436000064],[90.98705607600004,22.899744183000053],[90.98140689600007,22.89197716600006],[90.98264372700004,22.887393890000055],[90.98598792700005,22.883982530000026],[90.98538227900008,22.881954488000076],[90.98805101000005,22.881209101000024],[90.98989311400004,22.882338025000024],[90.99387194100007,22.879690899000025],[90.99808451300004,22.881954305000022],[90.99943811200006,22.878179170000067],[91.00596417900005,22.87482641500003],[91.01685915800005,22.87399048900005],[91.02281799800005,22.879585835000057],[91.02588113300004,22.878661712000053],[91.02828272600004,22.87403560100006],[91.03130004300004,22.877069662000054],[91.03278669800005,22.874180300000035],[91.03772222100008,22.879402904000074],[91.04107444800007,22.880851052000025],[91.04322051300005,22.879764366000074],[91.04357109000006,22.876608556000065],[91.05041570600008,22.876572530000033],[91.05485767100004,22.879405332000033],[91.05677951100006,22.875893577000056],[91.05801050600007,22.876171612000064],[91.05849914200007,22.879789861000063],[91.06078827000005,22.880513585000074],[91.06695540000004,22.879054779000057],[91.06959522900007,22.873133706000033],[91.07075772800005,22.87516554700005],[91.06912525500007,22.881660213000032],[91.07157285600005,22.882071090000068],[91.07457045000007,22.880367422000063],[91.07275511800003,22.883580021000057],[91.07405939500006,22.888512579000064],[91.08123226300006,22.891848894000077],[91.08299580300007,22.887574106000045],[91.09439902500009,22.886098240000024],[91.09870699000004,22.887124201000063],[91.09770058100008,22.888807244000077],[91.10688173300008,22.890197811000064],[91.10750764000005,22.88788961000006],[91.11094876100003,22.887423010000077],[91.11437720600009,22.884138300000075],[91.11351732400004,22.881723626000053],[91.11615659300008,22.88045074000007],[91.13398584400005,22.881485264000048],[91.14207171200007,22.884668333000036],[91.14563319000007,22.881073789000027],[91.15861584600003,22.883814193000035],[91.16296513000003,22.881067656000027],[91.16719457100004,22.885061139000072],[91.16975496900005,22.884309010000038],[91.17297467300006,22.887115230000063],[91.17719771600008,22.88409544900003],[91.18365219800006,22.884934955000062],[91.19240365700006,22.890234172000078],[91.19612468300005,22.889482506000036],[91.19705826000006,22.895611772000052],[91.20274169100009,22.900563694000027],[91.20380453900003,22.90783167400008],[91.21137307900005,22.910328568000068],[91.21110767100004,22.915161128000022],[91.21352416900004,22.917857988000037],[91.21206885200007,22.922373908000054],[91.20885384000007,22.92241083600004],[91.21119442800006,22.928006508000067],[91.21424652000007,22.92800125900004],[91.21104234800003,22.930231845000037],[91.21547678200005,22.930161826000074],[91.21454451900007,22.93742913600005],[91.21227414600008,22.93893454600004],[91.21004152400008,22.938178204000053],[91.20522971200006,22.942122932000075],[91.19531604800005,22.94311073600005],[91.19719901600007,22.952966478000064],[91.18721333500008,22.953484669000034],[91.18828928400006,22.964515101000075],[91.19430934200005,22.964938983000025],[91.19653161600007,22.969395417000044],[91.19584214400004,22.970923670000047],[91.18868942000006,22.971722054000054],[91.18894327400005,22.97530367300004],[91.19282703500005,22.978518740000027],[91.19901587800007,22.978929295000057],[91.19730652900006,22.981996217000074],[91.19477506600003,22.982828218000066],[91.19489684600006,22.985513240000046]]]}},{"type":"Feature","id":"noakhali-chatkhil","properties":{"canonical_id":"noakhali-chatkhil","name_en":"Chatkhil","name_bn":"চাটখিল","district_id":"noakhali","division_id":"chittagong","pcode":"BD-B-47-122","parent_pcode":"BD2075","source_name":"Chatkhil","match_method":"exact_name_or_alias","boundary_reference_year":"2020","boundary_source":"geoBoundaries gbOpen BGD ADM3 / BBS, OCHA ROAP","source_dataset_updated":"2026-08-09"},"geometry":{"type":"Polygon","coordinates":[[[90.99909655500005,22.977845795000064],[90.99688611600004,22.98196671900007],[90.99688083400008,22.98631537500006],[90.99813166900003,22.98875533000006],[91.00269037300006,22.98960439900003],[91.00409712600003,23.000741103000053],[91.00002950000004,23.013788392000038],[90.99513805800007,23.015410639000038],[90.99452336400003,23.018496295000034],[90.99311535600003,23.01902732900004],[90.99437592300006,23.02067971300005],[90.99673940300005,23.02077888100007],[90.99722407100006,23.025146448000044],[91.00050217700004,23.023299493000025],[91.00001838800006,23.020139468000025],[91.00320763600007,23.02122464300004],[90.99928183600008,23.028607606000037],[90.99582637500004,23.031904249000036],[90.99809378200007,23.03764876100007],[90.99563507000005,23.04189542900008],[90.99618974400005,23.043994820000023],[90.99971588400007,23.042797779000068],[91.00185066500006,23.04408833900004],[91.00033293900003,23.04796555300004],[90.99575780400005,23.050375625000072],[90.99737768300008,23.055294342000025],[91.00187429900006,23.058083484000065],[91.00148740600008,23.05955258800003],[90.99761380100006,23.060843890000058],[90.99676345200004,23.06566188000005],[91.00145012900003,23.068529986000044],[91.00643895100006,23.06663252100003],[91.00686206900008,23.068560516000048],[91.00841011000006,23.066947945000038],[91.00998763900003,23.06798281500005],[91.00803868000008,23.06942126100006],[91.00912648000008,23.072441886000036],[91.00666517900004,23.071453854000026],[91.00755396800008,23.07626418700005],[91.01568551800005,23.078715232000036],[91.01847912800008,23.088718165000046],[91.02588440800008,23.089422742000068],[91.03132344600004,23.096495246000075],[91.03938186300007,23.100572451000062],[91.03723004300008,23.11280006100003],[91.03556227400009,23.114657007000062],[91.02887349700006,23.11221629700003],[91.02704543500005,23.107056601000068],[91.02324294900006,23.10627798200005],[91.02010074600008,23.11033580700007],[91.02025547800008,23.11328614300004],[91.01454643900007,23.113996434000057],[91.01354968700008,23.11609609900006],[91.00161559600008,23.11407679200005],[90.99695767900005,23.119784872000025],[90.98450382500005,23.11781610500003],[90.98548165100004,23.127769973000056],[90.98075402300003,23.133199156000046],[90.96812928700007,23.13121099600005],[90.96440191600004,23.12835811900004],[90.96184522200008,23.131043962000035],[90.95612236400007,23.130135434000067],[90.95519856200008,23.12664940600007],[90.95311747000005,23.126088995000032],[90.95432758100009,23.122684891000063],[90.95355088800005,23.112965520000046],[90.94861086900005,23.112259709000057],[90.94876411100006,23.10705604700007],[90.94472826000003,23.106537176000074],[90.94429739000003,23.103569176000065],[90.94152261300007,23.10149189200007],[90.94132464500007,23.097603992000074],[90.94488269000004,23.09659536500004],[90.94491083700007,23.09023570900007],[90.94732225000007,23.08960140100004],[90.94422929200005,23.088149311000052],[90.94528342200005,23.085835751000047],[90.94272197900005,23.085948725000037],[90.93953585700007,23.083715777000066],[90.93082727700005,23.09072638600003],[90.93073750100007,23.082030788000054],[90.92917812300004,23.080469424000057],[90.92333149100006,23.077623433000042],[90.92178932700006,23.08152098200003],[90.91740513700006,23.080798492000042],[90.91658031000009,23.078388181000037],[90.91139272200007,23.07975728300005],[90.91278740000007,23.07629481300006],[90.91569593100007,23.075738846000036],[90.91603070400004,23.072465398000077],[90.91857257300006,23.070670648000032],[90.91907926600004,23.06550272900006],[90.91230495300005,23.066280964000043],[90.90598105300006,23.072377691000042],[90.89896223300008,23.071501529000045],[90.90080066400003,23.061890461000075],[90.91035671200007,23.058006429000045],[90.90983550300007,23.05280209800003],[90.91452247400008,23.04529262500006],[90.91766552200005,23.046676175000073],[90.91880617300006,23.041895226000065],[90.91723831100006,23.040341674000047],[90.91347545700006,23.042093772000044],[90.90618193900008,23.04186982600004],[90.90530684300006,23.04072260500004],[90.90796874500006,23.040064333000032],[90.90677514800007,23.034620516000075],[90.89749523700004,23.039168335000056],[90.89657212800006,23.03582130700005],[90.89348517800005,23.035105428000065],[90.89171877200005,23.02992722500005],[90.88715523600007,23.024822848000042],[90.89316196400006,23.021323315000075],[90.89362994600003,23.014407810000023],[90.89709596600005,23.013862050000057],[90.89779180700003,23.011737672000038],[90.90516050000008,23.014605380000035],[90.91399983500008,23.014559675000044],[90.91594217200009,23.012461895000058],[90.92073695400006,23.01398431900003],[90.92209310800007,23.010183824000023],[90.91916250400004,23.010151749000045],[90.91901181300005,23.006541802000072],[90.92662740700007,23.005983687000025],[90.92756345800007,23.00249554000004],[90.92639580800005,22.999482065000052],[90.93005971200006,22.998079721000067],[90.93305610700008,22.994679921000056],[90.93342688700005,22.986699610000073],[90.93510694600008,22.98654913300004],[90.93715064700007,22.989967789000048],[90.94165532700003,22.99133267800005],[90.94374222100004,22.990402878000054],[90.94209671900006,22.993078440000033],[90.94504087300004,22.993534555000053],[90.94342850900006,22.99492503500005],[90.94504401300009,22.996263532000057],[90.94313536100003,22.996703961000037],[90.94428387400006,22.99814460300007],[90.94703244200008,22.995897125000056],[90.94930975200003,22.996468922000076],[90.95160375700004,22.992894599000067],[90.95183542300003,22.994366093000053],[90.95399340400007,22.994445134000046],[90.95459670300005,22.992481414000054],[90.95246493700006,22.99117999200007],[90.95182595200004,22.987794890000032],[90.95991877500006,22.986864257000036],[90.96044440400004,22.982555320000074],[90.96325881500007,22.982625178000035],[90.96601303800009,22.97937472600006],[90.97120016800005,22.980520656000067],[90.97316726600008,22.984965629000044],[90.97666761900007,22.98409333400008],[90.97766958100004,22.979370997000046],[90.98207500300003,22.977123995000056],[90.98637472700005,22.97201080600007],[90.98847969400003,22.978596580000044],[90.99247179800005,22.979225369000062],[90.99883008200004,22.977426894000075],[90.99909655500005,22.977845795000064]]]}},{"type":"Feature","id":"noakhali-companiganj","properties":{"canonical_id":"noakhali-companiganj","name_en":"Companiganj","name_bn":"কোম্পানীগঞ্জ","district_id":"noakhali","division_id":"chittagong","pcode":"BD-B-47-116","parent_pcode":"BD2075","source_name":"Companiganj","match_method":"exact_name_or_alias","boundary_reference_year":"2020","boundary_source":"geoBoundaries gbOpen BGD ADM3 / BBS, OCHA ROAP","source_dataset_updated":"2026-08-09"},"geometry":{"type":"Polygon","coordinates":[[[91.70383946200008,24.976382542000067],[91.70460759900004,24.97412731600008],[91.70818020400009,24.972468545000027],[91.71335041400005,24.972638221000068],[91.71122786400008,24.979048670000054],[91.72193531500005,24.980541833000075],[91.72287543700008,24.985097135000046],[91.73073633900003,24.99022663900007],[91.73665316600005,24.99113219800006],[91.73557026800006,24.99531825500003],[91.74036835200008,25.005131436000056],[91.75419450200008,25.011394384000027],[91.76218943800006,25.01147701800005],[91.77560606900005,25.02096360300004],[91.77835440500007,25.021132753000074],[91.77873710200004,25.017049627000063],[91.78047484400008,25.015253064000035],[91.77904327300007,25.010493651000047],[91.78236786400004,25.009632255000042],[91.78380736000008,25.006618152000044],[91.79426674100006,25.00992192700005],[91.79823544600004,25.00618762000005],[91.80317517400005,25.010281362000057],[91.80902274300007,25.011354656000037],[91.80884747400006,25.014395355000033],[91.81178067500008,25.018729859000075],[91.82667253900007,25.017003774000045],[91.82821410200006,25.018567008000048],[91.83441044200003,25.019402506000063],[91.83801319700007,25.01477960400007],[91.84295287000003,25.026390109000033],[91.84818104500005,25.023543395000047],[91.85016357400008,25.02553989200004],[91.85495012300004,25.026614938000023],[91.85523903600006,25.030095036000034],[91.85199226900005,25.032836063000047],[91.85050875900004,25.03843389900004],[91.85021960700004,25.04887959100006],[91.84475880900004,25.049783191000074],[91.84250749400007,25.055682216000037],[91.84523097800007,25.06104435800006],[91.84558069400003,25.066771138000036],[91.84791667100006,25.070310973000062],[91.85198815800004,25.07039564300004],[91.85062556500009,25.07252012300006],[91.85312630100003,25.07838534600006],[91.85813614100005,25.083522255000048],[91.85519659800008,25.085559878000026],[91.85267301300007,25.09049757500003],[91.84666029800007,25.09388471400007],[91.84319073400007,25.092711911000038],[91.84419143500008,25.095563051000056],[91.84912144600008,25.100145448000035],[91.85709432400006,25.10455246500004],[91.85563720800008,25.107369385000027],[91.84909679500004,25.11070005700003],[91.85304693500007,25.119127442000035],[91.85700455500006,25.122067853000033],[91.84744001300004,25.128978706000055],[91.84359941600007,25.136763535000057],[91.84467454100007,25.140165551000052],[91.84352127300008,25.143156887000032],[91.84968130800007,25.152178004000064],[91.84829389200007,25.156743161000065],[91.84567074800003,25.15883539200007],[91.84574607400003,25.165033272000073],[91.84894742300008,25.169904511000027],[91.84880375800003,25.17362448700004],[91.84069878100007,25.177052125000046],[91.82709662800005,25.17794662600005],[91.82652288700007,25.176329768000073],[91.82296586400008,25.17691211700003],[91.81759197800005,25.171330476000037],[91.80394170900007,25.17185237600006],[91.80376656800007,25.17031399800004],[91.80696809800008,25.16985512800005],[91.80643366000004,25.168363492000026],[91.79718168200009,25.16891951200006],[91.78825625900004,25.167525041000033],[91.78026308200003,25.16603517300007],[91.77446938300005,25.163280668000027],[91.76623807100003,25.167619030000026],[91.76344272800009,25.16642511400005],[91.75846997100007,25.16849640500004],[91.75375746100008,25.172698077000064],[91.75633202600005,25.176561320000076],[91.75515745300004,25.177492854000036],[91.74724575300007,25.174114511000028],[91.74456887700006,25.169713399000045],[91.74973971100007,25.159352844000068],[91.74856742300005,25.156307293000054],[91.74459907200009,25.15329865600006],[91.74242879900004,25.144487296000023],[91.74757284000003,25.140272124000035],[91.73628329800005,25.143510327000058],[91.73540052700008,25.149828477000028],[91.73254558800005,25.147922],[91.73288749800008,25.150332443000025],[91.71647220300008,25.152439367000056],[91.71442826700007,25.157630956000048],[91.70822186800007,25.159182471000065],[91.70540495200004,25.157019449000074],[91.70363969100003,25.160084958000027],[91.70045166200003,25.15607069500004],[91.70374870000006,25.15102997300005],[91.70490544100005,25.15006469000008],[91.71276525700006,25.146964148000052],[91.71390141800003,25.13603229100005],[91.72050340300007,25.135744723000073],[91.72049954400006,25.134186808000038],[91.71827994800003,25.132957058000045],[91.71900892300005,25.12963800400007],[91.72790502500004,25.12911865500007],[91.72630578400003,25.120251121000024],[91.71941981300006,25.112231563000023],[91.72017315800008,25.10680972800003],[91.72404724500007,25.109075435000022],[91.71771354700007,25.10215926500007],[91.72064656800006,25.096931097000038],[91.71850192700003,25.092722759000026],[91.72272984700004,25.084758607000026],[91.73435981600005,25.07564436100006],[91.73347411800006,25.073200676000056],[91.72902746300008,25.06975234300006],[91.73428995200004,25.067474469000047],[91.73499063600008,25.06536378900006],[91.73262971400004,25.064398804000064],[91.72504913200004,25.065708751000045],[91.71732927400006,25.064019092000024],[91.70978761400005,25.06631587100003],[91.70319400700004,25.060134351000045],[91.68643195500005,25.057170218000067],[91.68371013000007,25.05047481500003],[91.68863614200006,25.045466712000064],[91.68741472600004,25.041445947000057],[91.68145640600005,25.038838224000074],[91.67213348600006,25.03917255500005],[91.67977701900008,25.029955573000052],[91.68098437100008,25.02451910600007],[91.66906568800005,25.025310271000023],[91.66783584700005,25.020143318000066],[91.67150776900007,25.01685739900006],[91.67995273500009,25.012974688000043],[91.68882640400005,25.00212784000007],[91.69663251500003,24.997739116000048],[91.68772648800007,24.994680420000066],[91.67879697600006,24.99615100400007],[91.66861933000007,25.000217271000054],[91.66575818900009,24.99958855600005],[91.66927106600008,24.994835066000064],[91.67517707600007,24.99070351200004],[91.70238849100008,24.98178809700005],[91.70441526800005,24.979665746000023],[91.70383946200008,24.976382542000067]]]}},{"type":"Feature","id":"noakhali-hatia","properties":{"canonical_id":"noakhali-hatia","name_en":"Hatia","name_bn":"হাতিয়া","district_id":"noakhali","division_id":"chittagong","pcode":"BD-B-47-118","parent_pcode":"BD2075","source_name":"Hatia","match_method":"exact_name_or_alias","boundary_reference_year":"2020","boundary_source":"geoBoundaries gbOpen BGD ADM3 / BBS, OCHA ROAP","source_dataset_updated":"2026-08-09"},"geometry":{"type":"MultiPolygon","coordinates":[[[[91.08273991600004,22.05354972200007],[91.08454620000003,22.061759580000057],[91.08271799300007,22.064113881000026],[91.08025983000005,22.064560345000075],[91.06896686100004,22.063152751000075],[91.04866961600004,22.054153778000057],[91.04877904200004,22.048129994000078],[91.05134574800007,22.048543751000068],[91.05358368500004,22.052974969000047],[91.05644607900007,22.051761559000056],[91.05503541300004,22.037860214000034],[91.05708514200006,22.030820067000036],[91.06062681400005,22.031275102000052],[91.06079486200008,22.033186009000076],[91.06605114200005,22.03673704600004],[91.07190566500003,22.04482527500005],[91.07771478800004,22.050188855000044],[91.08156439900006,22.05068938100004],[91.08273991600004,22.05354972200007]]],[[[91.03095117600003,22.083823146000043],[91.02516654700008,22.085341295000035],[91.00700294500007,22.09883877200008],[91.00146099100004,22.100529920000042],[90.99854487300007,22.099655702000064],[90.97834969400003,22.081548630000043],[90.97308960500004,22.07172490000005],[90.97284904400004,22.05152965900004],[90.97486986600006,22.047071955000035],[90.97599390500005,22.03744187800004],[90.98156896800003,22.027943554000046],[90.98418398800004,22.027975857000058],[90.98672369300004,22.024566470000025],[90.99084092000004,22.023107534000076],[91.00842142500005,22.033373402000052],[91.01422947300006,22.038978451000048],[91.02287954900004,22.04399163200003],[91.02348658000005,22.04284057600006],[91.02105122500006,22.039270585000054],[91.01713864700008,22.037096105000046],[91.01829982500004,22.034507545000054],[91.02429258500007,22.03365744100006],[91.02847029800006,22.037073047000035],[91.02900540900004,22.040224653000053],[91.03232670900007,22.03857855900003],[91.03360799800004,22.042059964000032],[91.03539245200005,22.04252097500006],[91.04789185600004,22.073780897000063],[91.04219194400008,22.083378406000065],[91.03095117600003,22.083823146000043]]],[[[91.01505079600008,22.17566270100008],[91.01574826100006,22.173602686000038],[91.01859448300007,22.173298110000076],[91.02448888500004,22.177142710000055],[91.03104410700007,22.199807062000048],[91.02256518200005,22.195032465000054],[91.01746720500006,22.186968484000033],[91.01726291100005,22.179726935000076],[91.01505079600008,22.17566270100008]]],[[[91.01532635700005,22.242632311000023],[91.02913957300007,22.271707539000033],[91.02888052400004,22.28198653000004],[91.03394289900007,22.299879761000057],[91.03663618600007,22.32027375100006],[91.03453241700004,22.32406336200006],[91.01901275200004,22.33230739800007],[91.02402640400004,22.31672872400003],[91.02091722000006,22.30704969900006],[91.01939718200003,22.29281602100008],[91.01960819200008,22.28175821800005],[91.01365796200008,22.26984692700006],[91.01278483100003,22.25767345500003],[91.01532635700005,22.242632311000023]]],[[[91.03619942100005,22.337628236000057],[91.04936004700005,22.341988996000055],[91.05434226500006,22.348553120000076],[91.05410603900003,22.351279284000043],[91.04757115400008,22.36045168000004],[91.04106873100005,22.374021079000045],[91.03373502600004,22.369240137000077],[91.01960634800008,22.352264872000035],[91.02308110600006,22.346028945000057],[91.03319263200007,22.337504033000073],[91.03619942100005,22.337628236000057]]],[[[91.05526995900004,22.359555108000052],[91.05664850200009,22.368580390000034],[91.05411237600003,22.37309034900005],[91.05229786100006,22.38462194600004],[91.05097083000004,22.38592118300005],[91.04382875700009,22.379370970000025],[91.04348724400006,22.37492773100007],[91.04968532400005,22.361838127000055],[91.05526995900004,22.359555108000052]]],[[[91.14094090600008,22.373214533000066],[91.13378968600006,22.378618236000023],[91.13159429200005,22.383607380000058],[91.09852090200008,22.393610213000045],[91.08296147400006,22.402271432000077],[91.06999178500007,22.406994299000075],[91.07502305600008,22.379380405000063],[91.07490157300003,22.36355917900005],[91.06854201800007,22.359719578000067],[91.06668037100007,22.35261544100007],[91.05922399800005,22.349228113000038],[91.06015170800003,22.346944561000043],[91.06511298900006,22.344195012000057],[91.06880889000007,22.33979806600007],[91.06579701500004,22.328629496000076],[91.07027745900007,22.296334621000028],[91.06818866300006,22.27158752100007],[91.06970710500008,22.255086250000033],[91.06847895400006,22.242140377000055],[91.06180037800004,22.21441160100005],[91.05392460300004,22.190944540000032],[91.03813208700006,22.15827763900006],[91.02971617500003,22.144181829000047],[91.00599489600006,22.12038061100003],[91.00399697500006,22.113605067000037],[91.00590639500007,22.107904742000073],[91.01534649800004,22.100915102000044],[91.03619873200006,22.090411236000023],[91.05032328600004,22.08606661700003],[91.05776121600007,22.07923059600006],[91.06208386300005,22.081162552000023],[91.07323645800005,22.090984701000025],[91.07786306100007,22.091703749000033],[91.08209174200005,22.09473530200006],[91.09927645200008,22.111446615000034],[91.10517319300004,22.11931802400005],[91.11352723000005,22.12480601200008],[91.11436704400006,22.127190428000063],[91.12263698700008,22.131674952000026],[91.12862654600008,22.130008228000065],[91.13587517800005,22.13182217900004],[91.13801758000005,22.136683214000072],[91.13560015900003,22.142340448000027],[91.13776197100003,22.143185802000062],[91.13717902300004,22.146285712000065],[91.14259072100003,22.149259338000036],[91.14465921300007,22.15435959100006],[91.15378585500008,22.156637407000062],[91.15324655900008,22.15970063800006],[91.15548189800006,22.163269842000034],[91.16018774500003,22.164527031000034],[91.16494256800007,22.168556050000063],[91.16900489500006,22.191279918000077],[91.17966912300005,22.21443375800004],[91.18001789600004,22.219306807000066],[91.18339372500003,22.220859680000046],[91.18824348600003,22.232822132000024],[91.19100883600004,22.247189461000062],[91.18872143200008,22.256049200000064],[91.19041203300009,22.264688423000052],[91.18897389200004,22.275882310000043],[91.19014190200005,22.280723597000076],[91.18663623100008,22.287112681000053],[91.18431122400006,22.296500769000033],[91.18639485900007,22.305228855000053],[91.18651434800006,22.315780118000077],[91.18987542000008,22.32661246300006],[91.18903030800004,22.343596812000044],[91.18530174200004,22.351505320000058],[91.18600562000006,22.357797769000058],[91.18469190600007,22.365370433000066],[91.18213119900008,22.367830569000034],[91.17829577700007,22.379024849000075],[91.17499253000005,22.383753864000028],[91.16085725200008,22.380328571000064],[91.15363702300004,22.37487719300003],[91.14590899500007,22.37183662800004],[91.14305939600007,22.371132449000072],[91.14094090600008,22.373214533000066]]],[[[90.98978017800005,22.390960421000045],[90.99017511300008,22.391004017000057],[90.98105863900008,22.41686926500006],[90.97717535200007,22.42033446000005],[90.97227792600006,22.420598305000055],[90.98978017800005,22.390960421000045]]],[[[91.01294511000003,22.360490222000067],[91.02032691900007,22.365032746000054],[91.03036027600007,22.377110650000077],[91.03480320600005,22.39056203800004],[91.03539182000009,22.404133686000023],[91.04331076600005,22.414742138000065],[91.04532033300006,22.435952420000035],[91.04149617400003,22.44376873500005],[91.03414322800006,22.45074693300006],[91.01659350600005,22.45936678700008],[91.00188904500004,22.46347399900003],[90.99258660700008,22.460711462000063],[90.98724382500006,22.45429116500003],[90.98839384200005,22.44969526700004],[90.98772889900005,22.435645661000024],[90.99395980900005,22.408074214000067],[91.00160176400004,22.38398315200004],[91.00384518000004,22.370728498000062],[91.00966153800005,22.361275454000065],[91.01294511000003,22.360490222000067]]],[[[90.96773220900008,22.427628345000073],[90.96782104900007,22.445517864000067],[90.96953687200005,22.448232215000075],[90.96964557500007,22.452772450000055],[90.97358365900004,22.457003100000065],[90.97783393500004,22.46543811500004],[90.97505080500008,22.46459455100006],[90.97646145700008,22.46774086100004],[90.97243617300006,22.469438296000078],[90.96195477200007,22.47098287700004],[90.95087613500004,22.464541818000043],[90.96553015600006,22.435784717000047],[90.96773220900008,22.427628345000073]]],[[[90.93392740200005,22.49373046100004],[90.93818949800004,22.496521533000077],[90.95318860300006,22.497102811000047],[90.98014871800007,22.505019250000032],[90.98211750700005,22.50701487400005],[90.98225287700006,22.51155517500007],[90.97645204400004,22.52198363800005],[90.93211333700003,22.49701664400004],[90.93392740200005,22.49373046100004]]],[[[91.16356185800004,22.520544182000037],[91.16103617200008,22.571877291000078],[91.15901057300005,22.586251064000066],[91.14970557100008,22.583787646000076],[91.14231180000007,22.580021808000026],[91.13459511600007,22.580574135000063],[91.12838065300008,22.583976109000048],[91.11254184100005,22.584415713000055],[91.10539094700005,22.582327691000046],[91.08327969500004,22.58101300900006],[91.03077843900007,22.581368302000044],[91.01652427800008,22.57925309600006],[91.01740593000005,22.56817560500008],[91.03636860000006,22.55552629400006],[91.05539627100006,22.536856486000033],[91.06583856300006,22.519675306000067],[91.07813621900004,22.493303893000075],[91.08250664900004,22.506228114000066],[91.09063097100005,22.522186118000036],[91.09725546900006,22.527064307000046],[91.10688205400004,22.530965799000057],[91.11333102500004,22.539525094000055],[91.12826966400007,22.54471340200007],[91.13414851000005,22.55251110100005],[91.13558089800006,22.55775890900003],[91.13695972700003,22.55645861000005],[91.13578907700008,22.551782545000037],[91.12969492800005,22.542852524000068],[91.11798847800009,22.53963619500007],[91.10844268600005,22.529903576000038],[91.09265338700004,22.520881830000064],[91.08435814500007,22.499619360000054],[91.08279255700006,22.483473611000022],[91.09281698600006,22.466437297000027],[91.10275602900003,22.458027172000072],[91.11680387700005,22.44947009400005],[91.13395184600006,22.44296935600005],[91.13796295700007,22.443012830000043],[91.14205507400004,22.445013506000066],[91.16037546500007,22.458188481000036],[91.16518740400005,22.468750687000068],[91.16535969500006,22.479469666000057],[91.16370403100007,22.517276124000034],[91.15932076600006,22.514977291000037],[91.15872838900003,22.513308519000077],[91.16048737500006,22.500629380000078],[91.14362854500007,22.49531556900007],[91.12651700300006,22.486324490000072],[91.11858304800006,22.48914295700007],[91.11255832700004,22.48794207000003],[91.11279787300003,22.489332611000066],[91.12303637200006,22.495636820000072],[91.14787667800005,22.498720932000026],[91.15287508900008,22.500552208000045],[91.15273637300004,22.503241867000042],[91.15574631000004,22.50755208100003],[91.15585160100005,22.515393463000066],[91.15336681100007,22.535576065000043],[91.15041211100004,22.54035042000004],[91.15339874100005,22.540663530000074],[91.15559987700004,22.539261774000067],[91.15625752600005,22.525547601000028],[91.16000031200008,22.52126370900004],[91.16356185800004,22.520544182000037]]]]}},{"type":"Feature","id":"noakhali-kabirhat","properties":{"canonical_id":"noakhali-kabirhat","name_en":"Kabirhat","name_bn":"কবিরহাট","district_id":"noakhali","division_id":"chittagong","pcode":"BD-B-47-120","parent_pcode":"BD2075","source_name":"Kabirhat","match_method":"exact_name_or_alias","boundary_reference_year":"2020","boundary_source":"geoBoundaries gbOpen BGD ADM3 / BBS, OCHA ROAP","source_dataset_updated":"2026-08-09"},"geometry":{"type":"Polygon","coordinates":[[[91.16296513000003,22.881067656000027],[91.16896104700004,22.85547173300006],[91.16103804500005,22.85533158100003],[91.16069034400005,22.85893182700005],[91.15453838600007,22.858195842000043],[91.15335792000008,22.860152576000075],[91.14994096600003,22.859262210000054],[91.15221740600003,22.858109355000067],[91.15148950000008,22.856955652000067],[91.14728472300004,22.856320444000062],[91.15184507200007,22.85173065600003],[91.15333316000005,22.846964882000066],[91.15528490500003,22.848069056000043],[91.15595257800004,22.846783301000073],[91.15213830000005,22.841058996000072],[91.15437038300007,22.83548055400007],[91.15543127900008,22.835616816000027],[91.15624103000005,22.82960042800005],[91.15361140800007,22.828605038000035],[91.15151723000008,22.832686478000028],[91.14753869400005,22.833448512000075],[91.14672602600007,22.830443740000078],[91.14469623500008,22.82958162700004],[91.14486507000004,22.827704487000062],[91.14658748100004,22.82757298300004],[91.14659034600004,22.824715887000025],[91.14373402500007,22.82222511300006],[91.14276405300006,22.816186249000054],[91.14447861800005,22.80995791400005],[91.14103537400007,22.808969268000055],[91.14046409800005,22.796884220000038],[91.13863092400004,22.796757032000073],[91.13744990600009,22.80037733100005],[91.13540900500004,22.80127339200004],[91.13516870500007,22.79262252700005],[91.13994776300007,22.790878478000025],[91.13955773200007,22.788123529000075],[91.14378492700007,22.78688489600006],[91.16179652200003,22.774938020000036],[91.17340660000008,22.76155900400005],[91.18134331900006,22.758052908000025],[91.19088457900006,22.756566488000033],[91.19412459900008,22.74871796000008],[91.20245581500006,22.749057684000036],[91.21867053900007,22.746533600000078],[91.26097615200007,22.735085397000034],[91.24913744900005,22.753515633000063],[91.24046727400008,22.754630676000033],[91.24616209500005,22.762821248000023],[91.25799861700006,22.770411199000023],[91.25854328900004,22.772054444000048],[91.25741608800007,22.775066552000055],[91.25501754600003,22.775065109000025],[91.24993949700007,22.782511697000075],[91.24762951400004,22.783292721000066],[91.24487371300006,22.78177678700007],[91.24439429300008,22.78422714100003],[91.24753797100004,22.784607066000035],[91.24940934200004,22.788939757000037],[91.24703923000004,22.788543666000066],[91.24430048400006,22.78563041600006],[91.24585722600006,22.78925064500004],[91.24300808900006,22.79101694600007],[91.24353594400009,22.79323166300003],[91.24104221500005,22.79411790200004],[91.23702185300004,22.798828136000054],[91.24248409700004,22.81837293700005],[91.24442408700008,22.82056759200003],[91.24389092300004,22.826297055000055],[91.24675995200005,22.834192491000067],[91.24502708700004,22.839058600000044],[91.24547356500005,22.84494975000007],[91.24208967100003,22.845836503000044],[91.23932316300005,22.850198040000066],[91.23425038300007,22.865287376000026],[91.23576792600005,22.879640169000027],[91.22756423000004,22.88874493900005],[91.21493071900005,22.884549427000024],[91.21349817400005,22.887133423000023],[91.21106926000004,22.88661170300003],[91.21029810400006,22.88443290300006],[91.20686768500008,22.885708816000033],[91.20574594400006,22.883423135000044],[91.20285330400009,22.883088835000024],[91.20135294400006,22.88089969400005],[91.20394424200003,22.877604208000037],[91.19953117600005,22.877625700000067],[91.19740591800007,22.874607999000034],[91.19432443200003,22.87857037400005],[91.18707867500007,22.87722461800007],[91.18607485600006,22.87998187900007],[91.18543882000006,22.878790407000054],[91.18409401700006,22.87939768600006],[91.18283546900005,22.876741392000042],[91.17819365100007,22.876658427000052],[91.17668790100004,22.879940970000064],[91.17719771600008,22.88409544900003],[91.17297467300006,22.887115230000063],[91.16975496900005,22.884309010000038],[91.16719457100004,22.885061139000072],[91.16296513000003,22.881067656000027]]]}},{"type":"Feature","id":"noakhali-noakhali-sadar","properties":{"canonical_id":"noakhali-noakhali-sadar","name_en":"Noakhali Sadar","name_bn":"নোয়াখালী সদর","district_id":"noakhali","division_id":"chittagong","pcode":"BD-B-47-115","parent_pcode":"BD2075","source_name":"Noakhali Sadar","match_method":"exact_name_or_alias","boundary_reference_year":"2020","boundary_source":"geoBoundaries gbOpen BGD ADM3 / BBS, OCHA ROAP","source_dataset_updated":"2026-08-09"},"geometry":{"type":"Polygon","coordinates":[[[90.98538227900008,22.881954488000076],[90.98588796900003,22.877059006000025],[90.98302706400005,22.874797080000064],[90.97621125500007,22.874264349000043],[90.97690244900008,22.873029958000075],[90.97466425100004,22.871770636000065],[90.97557136700004,22.870230072000027],[90.97316692300006,22.87025552500006],[90.97275009300006,22.867073463000054],[90.96927623700003,22.866026539000075],[90.96909680100003,22.86469191200007],[90.96481443100004,22.86663796600004],[90.95698680200007,22.863181648000023],[90.95860941100005,22.865657592000048],[90.95645741300007,22.86605443600007],[90.95338882400006,22.86308751300004],[90.95404568900005,22.861450898000044],[90.95602253800007,22.861541217000024],[90.95483307200004,22.859140552000042],[90.94955650300005,22.861005221000028],[90.94677725100007,22.859404341000072],[90.94455523200008,22.862882760000048],[90.94292048400007,22.862226285000077],[90.93950522800009,22.856274092000035],[90.94450977300005,22.848897961000034],[90.94508713100004,22.84465192500005],[90.94247978600004,22.83974335000005],[90.94539156200005,22.837670555000045],[90.94219626200004,22.835720330000072],[90.93991428100009,22.838148973000045],[90.93840806500003,22.834605684000053],[90.94010095200008,22.832605650000062],[90.93856463200007,22.82990372200004],[90.93651285000004,22.828051639000023],[90.93190772900005,22.828301078000038],[90.92872736700008,22.82301621700003],[90.92668110700004,22.813934825000047],[90.91097150600007,22.815821809000056],[90.90884975900008,22.813341681000054],[90.88995373000006,22.811019285000043],[90.90225006700007,22.801945432000025],[90.91477240600005,22.797968750000052],[90.94162041300007,22.781363288000023],[90.95038854900008,22.77753640000003],[90.97608886000006,22.756172676000062],[90.98130274700009,22.753984409000054],[90.98146024800008,22.748594206000064],[90.99143683300008,22.751408996000066],[91.00989339400007,22.750369482000053],[91.01502626000007,22.745560002000047],[91.01780486700005,22.73964643900007],[91.026869,22.741145475000053],[91.03763603700008,22.735832955000035],[91.06135220500005,22.728897578000044],[91.06359576900007,22.72358468400006],[91.06631956400008,22.721524861000034],[91.07312101500008,22.721945952000056],[91.08266531300006,22.730106160000048],[91.08624401500003,22.73136310800004],[91.10954077800005,22.728618620000077],[91.13289347700004,22.722966110000073],[91.13551698000003,22.720094612000025],[91.14367721700006,22.693323148000047],[91.15212002800007,22.683181097000045],[91.15865208300005,22.678398062000042],[91.17207426200008,22.706382248000068],[91.19059546600005,22.746243166000056],[91.19412459900008,22.74871796000008],[91.19088457900006,22.756566488000033],[91.18134331900006,22.758052908000025],[91.17340660000008,22.76155900400005],[91.16179652200003,22.774938020000036],[91.14378492700007,22.78688489600006],[91.13955773200007,22.788123529000075],[91.13994776300007,22.790878478000025],[91.13516870500007,22.79262252700005],[91.13540900500004,22.80127339200004],[91.13744990600009,22.80037733100005],[91.13863092400004,22.796757032000073],[91.14046409800005,22.796884220000038],[91.14103537400007,22.808969268000055],[91.14447861800005,22.80995791400005],[91.14276405300006,22.816186249000054],[91.14373402500007,22.82222511300006],[91.14659034600004,22.824715887000025],[91.14658748100004,22.82757298300004],[91.14486507000004,22.827704487000062],[91.14469623500008,22.82958162700004],[91.14672602600007,22.830443740000078],[91.14753869400005,22.833448512000075],[91.15151723000008,22.832686478000028],[91.15361140800007,22.828605038000035],[91.15624103000005,22.82960042800005],[91.15543127900008,22.835616816000027],[91.15437038300007,22.83548055400007],[91.15213830000005,22.841058996000072],[91.15595257800004,22.846783301000073],[91.15528490500003,22.848069056000043],[91.15333316000005,22.846964882000066],[91.15184507200007,22.85173065600003],[91.14728472300004,22.856320444000062],[91.15148950000008,22.856955652000067],[91.15221740600003,22.858109355000067],[91.14994096600003,22.859262210000054],[91.15335792000008,22.860152576000075],[91.15453838600007,22.858195842000043],[91.16069034400005,22.85893182700005],[91.16103804500005,22.85533158100003],[91.16896104700004,22.85547173300006],[91.16296513000003,22.881067656000027],[91.15861584600003,22.883814193000035],[91.14563319000007,22.881073789000027],[91.14207171200007,22.884668333000036],[91.13398584400005,22.881485264000048],[91.11615659300008,22.88045074000007],[91.11351732400004,22.881723626000053],[91.11437720600009,22.884138300000075],[91.11094876100003,22.887423010000077],[91.10750764000005,22.88788961000006],[91.10688173300008,22.890197811000064],[91.09770058100008,22.888807244000077],[91.09870699000004,22.887124201000063],[91.09439902500009,22.886098240000024],[91.08299580300007,22.887574106000045],[91.08123226300006,22.891848894000077],[91.07405939500006,22.888512579000064],[91.07275511800003,22.883580021000057],[91.07457045000007,22.880367422000063],[91.07157285600005,22.882071090000068],[91.06912525500007,22.881660213000032],[91.07075772800005,22.87516554700005],[91.06959522900007,22.873133706000033],[91.06695540000004,22.879054779000057],[91.06078827000005,22.880513585000074],[91.05849914200007,22.879789861000063],[91.05801050600007,22.876171612000064],[91.05677951100006,22.875893577000056],[91.05485767100004,22.879405332000033],[91.05041570600008,22.876572530000033],[91.04357109000006,22.876608556000065],[91.04322051300005,22.879764366000074],[91.04107444800007,22.880851052000025],[91.03772222100008,22.879402904000074],[91.03278669800005,22.874180300000035],[91.03130004300004,22.877069662000054],[91.02828272600004,22.87403560100006],[91.02588113300004,22.878661712000053],[91.02281799800005,22.879585835000057],[91.01685915800005,22.87399048900005],[91.00596417900005,22.87482641500003],[90.99943811200006,22.878179170000067],[90.99808451300004,22.881954305000022],[90.99387194100007,22.879690899000025],[90.98989311400004,22.882338025000024],[90.98805101000005,22.881209101000024],[90.98538227900008,22.881954488000076]]]}},{"type":"Feature","id":"noakhali-senbug","properties":{"canonical_id":"noakhali-senbug","name_en":"Senbug","name_bn":"সেনবাগ","district_id":"noakhali","division_id":"chittagong","pcode":"BD-B-47-121","parent_pcode":"BD2075","source_name":"Senbug","match_method":"exact_name_or_alias","boundary_reference_year":"2020","boundary_source":"geoBoundaries gbOpen BGD ADM3 / BBS, OCHA ROAP","source_dataset_updated":"2026-08-09"},"geometry":{"type":"Polygon","coordinates":[[[91.17719771600008,22.88409544900003],[91.17668790100004,22.879940970000064],[91.17819365100007,22.876658427000052],[91.18283546900005,22.876741392000042],[91.18409401700006,22.87939768600006],[91.18543882000006,22.878790407000054],[91.18607485600006,22.87998187900007],[91.18707867500007,22.87722461800007],[91.19432443200003,22.87857037400005],[91.19740591800007,22.874607999000034],[91.19953117600005,22.877625700000067],[91.20394424200003,22.877604208000037],[91.20135294400006,22.88089969400005],[91.20285330400009,22.883088835000024],[91.20574594400006,22.883423135000044],[91.20686768500008,22.885708816000033],[91.21029810400006,22.88443290300006],[91.21106926000004,22.88661170300003],[91.21349817400005,22.887133423000023],[91.21493071900005,22.884549427000024],[91.22756423000004,22.88874493900005],[91.23576792600005,22.879640169000027],[91.23961142600007,22.87881881000004],[91.24326782300005,22.882009105000066],[91.24057062400004,22.884346358000073],[91.24377835600006,22.883813239000062],[91.24482590200006,22.88651242800006],[91.24891704600003,22.888771121000048],[91.25484025300005,22.889552609000077],[91.25866767400004,22.887500849000048],[91.25835241800007,22.890973936000023],[91.25730903700008,22.88961947100006],[91.25355641000004,22.894183802000043],[91.25150714600005,22.891902966000032],[91.24824829200008,22.89399074100004],[91.24795616200004,22.899888197000053],[91.24672915300005,22.90083942700005],[91.25008932300005,22.902406636000023],[91.24813192100004,22.904379173000052],[91.24932406300007,22.906204453000043],[91.25384482300007,22.903951457000062],[91.25614946200005,22.908330196000065],[91.26011015000006,22.90989807400007],[91.25902108800005,22.92347290600003],[91.26312453800006,22.94589796400004],[91.25930123800003,22.94724252000003],[91.26113635000007,22.952614996000023],[91.26006874900008,22.958771479000063],[91.25235188200008,22.960476437000068],[91.25603460700006,22.963928037000073],[91.25560171100005,22.970190670000022],[91.25798444600008,22.973053562000075],[91.25883951900005,22.98454115100003],[91.25745157100005,22.98714605400005],[91.26009000900007,22.995383168000046],[91.25873100600006,23.011175125000022],[91.26185210900007,23.013540930000033],[91.26494595500003,23.021864596000057],[91.26067094900009,23.030603264000035],[91.25811876800003,23.031224205000058],[91.26309555800003,23.031741144000023],[91.26384313300008,23.034534515000075],[91.25676253500006,23.037559619000035],[91.25556036900008,23.039470394000034],[91.25895213200005,23.054611459000057],[91.25592321400006,23.05610267700007],[91.25052332100006,23.055576475000066],[91.24648413900007,23.05760387600003],[91.23553390800004,23.05878666700005],[91.23691049400009,23.062228378000043],[91.23591252200004,23.065976555000077],[91.22685455000004,23.064130659000057],[91.22548609000006,23.066545484000073],[91.22284000300004,23.064228385000035],[91.22259812300007,23.05791574600005],[91.22144680100007,23.060396034000064],[91.21757292300003,23.06038697300005],[91.21721254900007,23.065966462000063],[91.21455435300004,23.066701573000046],[91.20469111300008,23.06641240500005],[91.20388202700008,23.062421320000055],[91.20040381900009,23.063216632000035],[91.19811277600007,23.060568990000036],[91.19294023000003,23.061546323000073],[91.19040297600009,23.059947581000074],[91.18603055600005,23.060064561000047],[91.18303874000009,23.06137575200006],[91.18074863800007,23.066834724000046],[91.17781776100009,23.067110059000072],[91.17344802200006,23.070730579000042],[91.16920156800006,23.06880660300004],[91.16778371600003,23.06979651000006],[91.16660763600004,23.071657350000066],[91.16773621900006,23.074259298000072],[91.16289615100004,23.07865752200007],[91.16257988700005,23.080548694000072],[91.16411287600005,23.081363279000072],[91.16224306800007,23.08338556900003],[91.15297013900005,23.083275150000077],[91.15184006000004,23.080761168000038],[91.14955100800006,23.082151297000053],[91.14838762200009,23.080879451000044],[91.14592138800003,23.081166633000066],[91.14041718300007,23.079210359000058],[91.14002238700004,23.074285020000048],[91.13646637200009,23.06314627200004],[91.13142581000005,23.061960828000053],[91.13143520000006,23.059800366000047],[91.12447992800008,23.05869838800004],[91.12285502700007,23.056158330000073],[91.12347401000005,23.049590308000063],[91.12893274300006,23.041582165000023],[91.12835855300006,23.035552150000058],[91.13260514500007,23.03425446600005],[91.14261580200008,23.03465215500006],[91.14775635700005,23.03716823600007],[91.15044617900008,23.02803519300005],[91.15954878900004,23.028213746000063],[91.16098410600006,23.024533328000075],[91.16433282200006,23.024367033000033],[91.16761438600008,23.02036982100003],[91.17450319900007,23.021741417000044],[91.17471604700006,23.014841514000068],[91.17903506900007,23.007763746000023],[91.17907564000006,23.002817760000028],[91.18537776000005,23.002039671000034],[91.18648132100003,22.99769653000004],[91.19372179800007,22.997775353000065],[91.19437148200007,22.994757668000034],[91.20407828200007,22.98727613500006],[91.19915039500006,22.987883097000065],[91.19868700700005,22.98629412100007],[91.19489684600006,22.985513240000046],[91.19477506600003,22.982828218000066],[91.19730652900006,22.981996217000074],[91.19901587800007,22.978929295000057],[91.19282703500005,22.978518740000027],[91.18894327400005,22.97530367300004],[91.18868942000006,22.971722054000054],[91.19584214400004,22.970923670000047],[91.19653161600007,22.969395417000044],[91.19430934200005,22.964938983000025],[91.18828928400006,22.964515101000075],[91.18721333500008,22.953484669000034],[91.19719901600007,22.952966478000064],[91.19531604800005,22.94311073600005],[91.20522971200006,22.942122932000075],[91.21004152400008,22.938178204000053],[91.21227414600008,22.93893454600004],[91.21454451900007,22.93742913600005],[91.21547678200005,22.930161826000074],[91.21104234800003,22.930231845000037],[91.21424652000007,22.92800125900004],[91.21119442800006,22.928006508000067],[91.20885384000007,22.92241083600004],[91.21206885200007,22.922373908000054],[91.21352416900004,22.917857988000037],[91.21110767100004,22.915161128000022],[91.21137307900005,22.910328568000068],[91.20380453900003,22.90783167400008],[91.20274169100009,22.900563694000027],[91.19705826000006,22.895611772000052],[91.19612468300005,22.889482506000036],[91.19240365700006,22.890234172000078],[91.18365219800006,22.884934955000062],[91.17719771600008,22.88409544900003]]]}},{"type":"Feature","id":"noakhali-sonaimori","properties":{"canonical_id":"noakhali-sonaimori","name_en":"Sonaimori","name_bn":"সোনাইমুড়ী","district_id":"noakhali","division_id":"chittagong","pcode":"BD-B-47-123","parent_pcode":"BD2075","source_name":"Sonaimori","match_method":"exact_name_or_alias","boundary_reference_year":"2020","boundary_source":"geoBoundaries gbOpen BGD ADM3 / BBS, OCHA ROAP","source_dataset_updated":"2026-08-09"},"geometry":{"type":"Polygon","coordinates":[[[91.19489684600006,22.985513240000046],[91.19868700700005,22.98629412100007],[91.19915039500006,22.987883097000065],[91.20407828200007,22.98727613500006],[91.19437148200007,22.994757668000034],[91.19372179800007,22.997775353000065],[91.18648132100003,22.99769653000004],[91.18537776000005,23.002039671000034],[91.17907564000006,23.002817760000028],[91.17903506900007,23.007763746000023],[91.17471604700006,23.014841514000068],[91.17450319900007,23.021741417000044],[91.16761438600008,23.02036982100003],[91.16433282200006,23.024367033000033],[91.16098410600006,23.024533328000075],[91.15954878900004,23.028213746000063],[91.15044617900008,23.02803519300005],[91.14775635700005,23.03716823600007],[91.14261580200008,23.03465215500006],[91.13260514500007,23.03425446600005],[91.12835855300006,23.035552150000058],[91.12893274300006,23.041582165000023],[91.12347401000005,23.049590308000063],[91.12285502700007,23.056158330000073],[91.12447992800008,23.05869838800004],[91.13143520000006,23.059800366000047],[91.13142581000005,23.061960828000053],[91.13646637200009,23.06314627200004],[91.14002238700004,23.074285020000048],[91.13502815000004,23.076782818000027],[91.12931378200005,23.074608058000024],[91.12646059500008,23.076703015000078],[91.12418721900008,23.074719137000045],[91.11406494800008,23.075500436000027],[91.10987090300006,23.072302618000037],[91.07943563100008,23.071601783000062],[91.08036096700005,23.076769283000033],[91.07054906500008,23.078669080000054],[91.06485131300008,23.077564435000056],[91.06092619800006,23.081136607000076],[91.05073760800008,23.083483127000022],[91.04677514500008,23.08931612600003],[91.04291589700006,23.090539016000037],[91.04294153800004,23.093228800000077],[91.04074351600008,23.09576333800004],[91.04118205900005,23.09977364100007],[91.03938186300007,23.100572451000062],[91.03132344600004,23.096495246000075],[91.02588440800008,23.089422742000068],[91.01847912800008,23.088718165000046],[91.01568551800005,23.078715232000036],[91.00755396800008,23.07626418700005],[91.00666517900004,23.071453854000026],[91.00912648000008,23.072441886000036],[91.00803868000008,23.06942126100006],[91.00998763900003,23.06798281500005],[91.00841011000006,23.066947945000038],[91.00686206900008,23.068560516000048],[91.00643895100006,23.06663252100003],[91.00145012900003,23.068529986000044],[90.99676345200004,23.06566188000005],[90.99761380100006,23.060843890000058],[91.00148740600008,23.05955258800003],[91.00187429900006,23.058083484000065],[90.99737768300008,23.055294342000025],[90.99575780400005,23.050375625000072],[91.00033293900003,23.04796555300004],[91.00185066500006,23.04408833900004],[90.99971588400007,23.042797779000068],[90.99618974400005,23.043994820000023],[90.99563507000005,23.04189542900008],[90.99809378200007,23.03764876100007],[90.99582637500004,23.031904249000036],[90.99928183600008,23.028607606000037],[91.00320763600007,23.02122464300004],[91.00001838800006,23.020139468000025],[91.00050217700004,23.023299493000025],[90.99722407100006,23.025146448000044],[90.99673940300005,23.02077888100007],[90.99437592300006,23.02067971300005],[90.99311535600003,23.01902732900004],[90.99452336400003,23.018496295000034],[90.99513805800007,23.015410639000038],[91.00002950000004,23.013788392000038],[91.00409712600003,23.000741103000053],[91.00269037300006,22.98960439900003],[90.99813166900003,22.98875533000006],[90.99688083400008,22.98631537500006],[90.99688611600004,22.98196671900007],[90.99909655500005,22.977845795000064],[91.01212030800008,22.97716758300004],[91.01468629600004,22.97394969900006],[91.01960961500004,22.971361897000065],[91.02956575600007,22.971463526000036],[91.03441439200003,22.97321306400005],[91.03687793600005,22.97223049100006],[91.04294040800005,22.981506055000068],[91.04616325800004,22.990437135000036],[91.04864691600005,22.99132114100007],[91.05183336700009,22.990198622000037],[91.05917591800005,22.99104391800006],[91.06335254000004,22.98829039900005],[91.07304140600007,22.987213448000034],[91.07633763300004,22.98444071800003],[91.09791000700005,22.98395288100005],[91.09929060300004,22.97681732500007],[91.10667061500004,22.977983083000026],[91.10576736100006,22.979519810000056],[91.10727572400003,22.98048816100004],[91.11548806700006,22.980073229000027],[91.12118025200004,22.98288333000005],[91.12473736100009,22.980458912000074],[91.12690163100007,22.977497871000025],[91.12698886400005,22.97448948600004],[91.12883971700006,22.973447760000056],[91.15247326700006,22.974717786000042],[91.15267835200007,22.98279509400004],[91.15621881300007,22.988369299000055],[91.16824897100008,22.987325330000033],[91.17430190400006,22.985020276000057],[91.18134864500007,22.985473135000063],[91.18344661300006,22.987285370000052],[91.18911593300004,22.985279554000044],[91.19489684600006,22.985513240000046]]]}},{"type":"Feature","id":"noakhali-subarnachar","properties":{"canonical_id":"noakhali-subarnachar","name_en":"Subarnachar","name_bn":"সুবর্ণচর","district_id":"noakhali","division_id":"chittagong","pcode":"BD-B-47-119","parent_pcode":"BD2075","source_name":"Subarnachar","match_method":"exact_name_or_alias","boundary_reference_year":"2020","boundary_source":"geoBoundaries gbOpen BGD ADM3 / BBS, OCHA ROAP","source_dataset_updated":"2026-08-09"},"geometry":{"type":"MultiPolygon","coordinates":[[[[91.25624524800008,22.409764777000078],[91.26384593900008,22.414628578000077],[91.26637104400004,22.423786216000053],[91.26057079000003,22.433390907000046],[91.25647660300007,22.435478299000067],[91.25090653700005,22.433561748000045],[91.24575154100006,22.426288542000066],[91.25178821200006,22.411472375000073],[91.25624524800008,22.409764777000078]]],[[[91.27709443300006,22.44109992500006],[91.27689646100004,22.44760182300007],[91.27263654500007,22.44844811400003],[91.27055617200006,22.445883450000053],[91.27099365200007,22.44310785500005],[91.27709443300006,22.44109992500006]]],[[[91.16535969500006,22.479469666000057],[91.19422215300006,22.499803067000073],[91.20118735800008,22.51058061300006],[91.19695084000006,22.51330078700005],[91.19314398100005,22.51930358800007],[91.18897513600007,22.52067888600004],[91.17362184700005,22.520716738000033],[91.16370403100007,22.517276124000034],[91.16535969500006,22.479469666000057]]],[[[91.33942567700007,22.52601656300004],[91.33727206700007,22.525943865000045],[91.33868591800007,22.528513093000072],[91.33478553300006,22.532201882000038],[91.33919096000005,22.530096601000025],[91.33619835000007,22.555933797000023],[91.33258901600004,22.564883414000064],[91.33220808900006,22.565661091000038],[91.32391849500004,22.58251920300006],[91.31111546600005,22.602810281000075],[91.28765331800008,22.576176592000024],[91.27383169600006,22.554849699000044],[91.27207910200008,22.548912882000025],[91.27593745700005,22.548810626000034],[91.27142684700004,22.545118199000058],[91.26790960400007,22.53611236200004],[91.26595062600006,22.520139716000074],[91.26975514300005,22.514230732000044],[91.28286094900005,22.500361372000043],[91.29104181100007,22.48394951800003],[91.29581381100007,22.486850729000025],[91.30314863600006,22.48743685000005],[91.30458966700007,22.493017397000074],[91.30659485100006,22.49292945700006],[91.30757911000006,22.49507231800004],[91.31235695900006,22.494459918000075],[91.31424645600003,22.498459421000064],[91.31806098000004,22.49792639700007],[91.31726256100006,22.50323832600003],[91.31027736900006,22.507095113000048],[91.31575543600007,22.50705045600006],[91.32580609600006,22.501017405000027],[91.32792000300003,22.504226240000037],[91.32988232300005,22.503708191000044],[91.33038090700006,22.507432177000055],[91.33415946100007,22.507185839000044],[91.33534570700004,22.510187164000058],[91.33436606200007,22.512632883000038],[91.33199819700008,22.515161782000064],[91.32692344000009,22.517067732000044],[91.33155309500006,22.517029513000068],[91.33004761300003,22.520985134000057],[91.33601946000005,22.51606049000003],[91.33990758700008,22.517640451000034],[91.33942567700007,22.52601656300004]]],[[[91.17207426200008,22.706382248000068],[91.15865208300005,22.678398062000042],[91.15212002800007,22.683181097000045],[91.14367721700006,22.693323148000047],[91.13551698000003,22.720094612000025],[91.13289347700004,22.722966110000073],[91.10954077800005,22.728618620000077],[91.08624401500003,22.73136310800004],[91.08266531300006,22.730106160000048],[91.07312101500008,22.721945952000056],[91.06631956400008,22.721524861000034],[91.06359576900007,22.72358468400006],[91.06135220500005,22.728897578000044],[91.03763603700008,22.735832955000035],[91.026869,22.741145475000053],[91.01780486700005,22.73964643900007],[91.01502626000007,22.745560002000047],[91.00989339400007,22.750369482000053],[90.99143683300008,22.751408996000066],[90.98146024800008,22.748594206000064],[90.98094654800008,22.715320466000037],[91.00784775900007,22.70720145300004],[91.00995981700004,22.705038312000056],[91.01094147000003,22.698427956000046],[91.01687161800004,22.685990796000056],[91.01686910800004,22.678556752000077],[91.00091024000005,22.665559287000065],[90.98840945400008,22.639324721000037],[91.00346617400004,22.623586678000038],[91.00924423900005,22.612699022000072],[91.01414412200006,22.600495932000058],[91.01652427800008,22.57925309600006],[91.03077843900007,22.581368302000044],[91.08327969500004,22.58101300900006],[91.10539094700005,22.582327691000046],[91.11254184100005,22.584415713000055],[91.12838065300008,22.583976109000048],[91.13459511600007,22.580574135000063],[91.14231180000007,22.580021808000026],[91.14970557100008,22.583787646000076],[91.15901057300005,22.586251064000066],[91.16103617200008,22.571877291000078],[91.16356185800004,22.520544182000037],[91.18094321400008,22.526189800000054],[91.19607212200003,22.523314948000063],[91.20918271000005,22.524113209000063],[91.21208794600005,22.525435526000024],[91.21202551200008,22.529493057000025],[91.21412605800003,22.531413025000063],[91.22083374200008,22.53064531900003],[91.22750459300005,22.525719242000037],[91.23060595200008,22.52734457100007],[91.23786971300007,22.54141295900007],[91.23924125400004,22.54807010600007],[91.24117846900003,22.54891551700007],[91.24255425300004,22.54739928400005],[91.24759428200008,22.55353540400006],[91.25195897800006,22.561971984000024],[91.25071243500008,22.564746757000023],[91.25388837400004,22.565888616000052],[91.25879914300003,22.575463313000057],[91.25843149900004,22.57929256700004],[91.26056702300008,22.58202902900007],[91.25893759400003,22.585215017000053],[91.26054713800005,22.585388971000043],[91.26362763100008,22.581538401000046],[91.28802259900004,22.618616692000046],[91.28446124300007,22.625958053000033],[91.27497470400004,22.62732423600005],[91.27838316500004,22.62844421400007],[91.27786446400006,22.630814259000033],[91.26342555700006,22.635445411000035],[91.27661708500005,22.633763659000067],[91.28134627200006,22.631503420000058],[91.28300263100004,22.635218274000067],[91.28213969300003,22.642952335000075],[91.26578537600005,22.644628527000066],[91.25428423100004,22.647738007000044],[91.21874851000007,22.662458728000047],[91.20238320900006,22.67365791900005],[91.17207426200008,22.706382248000068]]]]}},{"type":"Feature","id":"rangamati-baghaichari","properties":{"canonical_id":"rangamati-baghaichari","name_en":"Baghaichari","name_bn":"বাঘাইছড়ি","district_id":"rangamati","division_id":"chittagong","pcode":"BD-B-56-108","parent_pcode":"BD2084","source_name":"Baghaichari","match_method":"exact_name_or_alias","boundary_reference_year":"2020","boundary_source":"geoBoundaries gbOpen BGD ADM3 / BBS, OCHA ROAP","source_dataset_updated":"2026-08-09"},"geometry":{"type":"Polygon","coordinates":[[[92.38458151500004,23.069988685000055],[92.38280193000008,23.073045568000055],[92.38478766700007,23.074176373000057],[92.38542149500006,23.07689894300006],[92.38042402400004,23.081004734000032],[92.37917530100003,23.08376731800007],[92.38000145200004,23.086288507000063],[92.37705583000007,23.087188653000055],[92.37673216300004,23.085253546000047],[92.37502469900005,23.08466294300007],[92.37124460300004,23.088979161000054],[92.36903672800008,23.095192977000067],[92.36976511700004,23.096832305000078],[92.36689472700004,23.096120721000034],[92.36503719400008,23.097902474000023],[92.36297654200007,23.097515818000034],[92.36121150200006,23.098552778000055],[92.36174036600005,23.100492764000023],[92.35786294600007,23.10353033100006],[92.35988636100006,23.105205902000023],[92.35989774500007,23.106246191000025],[92.35821194200008,23.10586145700006],[92.36040974800005,23.113265031000026],[92.36801900200004,23.127539426000055],[92.36552014900008,23.12714361700006],[92.35681969200004,23.13426697400007],[92.36082946300007,23.145265736000056],[92.35996980700008,23.14697299100004],[92.35810521300004,23.146607736000078],[92.36027809800004,23.149040610000043],[92.36039379100004,23.153134674000057],[92.36205240100008,23.153007863000028],[92.36200557200004,23.156551361000027],[92.36413122300007,23.156557107000026],[92.36080495000004,23.16229429300006],[92.36235930600003,23.165051309000035],[92.36142019400006,23.167726128000027],[92.35870879100008,23.16883671000005],[92.35752487100007,23.171788113000048],[92.35712939900009,23.178070938000076],[92.35437492300008,23.17881879600003],[92.35549266200007,23.18025362000003],[92.36084314600004,23.180246934000024],[92.36111624600005,23.182794166000065],[92.35828612000006,23.185161983000057],[92.35395448800006,23.18474695200007],[92.35331505800008,23.18585594600006],[92.35411553600005,23.19026079100007],[92.35218455200004,23.194777190000025],[92.35426919600008,23.197228240000072],[92.35464816000007,23.19925347800006],[92.35314049200008,23.19982363200006],[92.35484770600004,23.200323738000066],[92.35241969900005,23.206392764000043],[92.35506659500004,23.20696807300004],[92.35334931100004,23.224298084000054],[92.35068361000003,23.234252635000075],[92.34670988100004,23.235788661000072],[92.40131350900003,23.236705310000048],[92.40199068500004,23.23783870500006],[92.40019724400008,23.238995380000063],[92.40402787000005,23.240623326000048],[92.40245751500004,23.24254950200003],[92.39958461700007,23.24189629700004],[92.39697481000007,23.249992751000036],[92.39563541100006,23.250056740000048],[92.39838596800007,23.255791207000073],[92.38952101000007,23.259492519000048],[92.38871836000004,23.266360838000026],[92.39184811200005,23.264160666000066],[92.39458090900007,23.264486066000075],[92.38799038400003,23.281528042000048],[92.38093020200006,23.28528095200005],[92.38227192000005,23.29075051800004],[92.38450405600008,23.292405984000027],[92.38247537100006,23.296528330000058],[92.38440925800006,23.298469633000025],[92.38284245500006,23.30153532500003],[92.38574736200007,23.303741064000064],[92.38568987200006,23.306261023000047],[92.37611413800005,23.313128478000067],[92.37723000800008,23.318478103000075],[92.37560961200006,23.320206683000038],[92.37145535000008,23.318145539000056],[92.36784250600004,23.323161473000027],[92.36795098500005,23.31729573700005],[92.36424933900008,23.323262853000074],[92.36815932000007,23.32563389300003],[92.37199211900008,23.33180531100004],[92.37448006000005,23.33688424500008],[92.37592773600005,23.346812252000063],[92.38079155800006,23.35168604300003],[92.38042426300007,23.355739251000045],[92.37632935200008,23.356757880000032],[92.37904694000008,23.362105530000065],[92.37567034400007,23.36554029900003],[92.37083652500007,23.365852610000047],[92.36923526000004,23.367225688000076],[92.37064838200007,23.373578226000063],[92.36390211000008,23.36625766700007],[92.35973664900007,23.368268108000052],[92.35611133400005,23.372747231000062],[92.36488157500008,23.379712276000078],[92.36332769200004,23.381233174000045],[92.35584591900005,23.37977208800004],[92.35256320500008,23.381197737000036],[92.35277462700003,23.382862614000032],[92.35661676300003,23.384880069000076],[92.35577952900007,23.387826088000054],[92.35871030500005,23.390816751000045],[92.35715449500003,23.391792499000076],[92.35567212200004,23.38919893700006],[92.35439764200004,23.389459661000046],[92.35291979100003,23.39947814900006],[92.35294583000007,23.40539976200006],[92.35417188000008,23.40585843200006],[92.35534631800004,23.400924505000035],[92.35780512000008,23.40447645300003],[92.35734352600008,23.41062095700005],[92.35248032500004,23.413650493000034],[92.34751567000006,23.413319915000045],[92.34786519700003,23.425500809000027],[92.34625980200008,23.433411516000035],[92.34409347800005,23.43340609200004],[92.34158727200008,23.435718954000038],[92.33781704800003,23.431940517000044],[92.33559405600005,23.43362912200007],[92.33503247400006,23.428666097000075],[92.33346356100003,23.429001108000023],[92.33037263500006,23.445988984000053],[92.32951502900005,23.44793585700006],[92.32699346800007,23.448555488000068],[92.32905315400006,23.452758863000042],[92.33139449600009,23.453463717000034],[92.33326167200005,23.456497332000026],[92.33157647200005,23.457318018000024],[92.33162573000004,23.455235753000068],[92.32919373700008,23.454474573000027],[92.32527474700004,23.459238755000058],[92.33045508300006,23.45951704600003],[92.33167958800004,23.466352508000057],[92.32728467400005,23.466887332000056],[92.31701984200004,23.471813247000057],[92.32010541100004,23.47534750500006],[92.32042829400007,23.47397934600008],[92.32371315200004,23.47379477800007],[92.32238315200004,23.47830850400004],[92.32614622200003,23.47888277100003],[92.32090538900007,23.480620699000042],[92.32160707500003,23.483086635000063],[92.31603077400007,23.486977973000023],[92.32180685100008,23.49022868900005],[92.32185736800005,23.491921141000034],[92.31881944900005,23.492284771000072],[92.31743018200007,23.49455420000004],[92.32038467300004,23.49450584400006],[92.31933805900007,23.500618816000042],[92.32271362700004,23.501034338000068],[92.31885391800006,23.503385568000056],[92.31970235000006,23.51256505400005],[92.31606314300006,23.511963782000066],[92.31533217300006,23.51354512900008],[92.31826888800003,23.514876539000056],[92.31724484100005,23.517519979000042],[92.31353060300006,23.515350457000068],[92.31309715200007,23.520767860000035],[92.31781585100003,23.52624978600005],[92.31609357600007,23.52939199800005],[92.31398956900006,23.529921974000047],[92.31360996900008,23.533480018000034],[92.30957603900004,23.532414179000057],[92.30616181400006,23.535170833000052],[92.30793494400007,23.54121316800007],[92.31001836800004,23.542401729000062],[92.31059356400004,23.54716673200005],[92.30884611300007,23.55135834300006],[92.31070169200007,23.555606898000065],[92.31297341900006,23.553521311000054],[92.31324944500005,23.55669699300006],[92.30667874700003,23.564510879000068],[92.30689143900008,23.56625859500008],[92.30803149700006,23.564959696000074],[92.30861144000005,23.566230596000025],[92.30905503300005,23.570204827000055],[92.30860998100007,23.57176501200007],[92.30673022200006,23.571878213000048],[92.30757484200007,23.56918813300007],[92.30506203400006,23.573681313000066],[92.30809759100003,23.577762085000074],[92.30140018200007,23.58840291000007],[92.30183118500008,23.59219569100003],[92.29818169200007,23.592585306000046],[92.29673468000004,23.588148147000027],[92.29470629400004,23.589882627000065],[92.29346355300004,23.595222424000042],[92.29131617100006,23.595422349000046],[92.28886058300009,23.598270547000027],[92.28854311100008,23.595714946000044],[92.28711726300008,23.59615097300008],[92.28818191300007,23.607367976000035],[92.28724133600008,23.61684139700003],[92.28971984400005,23.61989083000003],[92.29584636300007,23.62147693000003],[92.28927730600003,23.628678927000067],[92.28060091600008,23.630702115000076],[92.27906727600003,23.629256389000034],[92.27999112800006,23.625962104000052],[92.27877057200004,23.624949154000035],[92.27643088300005,23.63160342300006],[92.28171178800005,23.638697010000044],[92.27507858500007,23.64212432100004],[92.27293703800007,23.641729103000046],[92.27505037700007,23.65012106100005],[92.28108550900004,23.661010842000053],[92.28343469200007,23.661931292000077],[92.28898159300007,23.680089919000068],[92.29133655500004,23.681291030000068],[92.28954933700004,23.68635898100007],[92.29084796000006,23.690964095000027],[92.28953266500008,23.69255488500005],[92.28926337700005,23.701976638000076],[92.28538640200009,23.70331956600006],[92.28461122000004,23.707379898000056],[92.28321085800007,23.70686547300005],[92.27842554100005,23.709998924000047],[92.27965464000005,23.715679238000064],[92.27820295600009,23.717521782000063],[92.27469233400006,23.72041089000004],[92.26811908000008,23.722332824000034],[92.26599351200008,23.724725686000056],[92.26162693500004,23.723441715000035],[92.25784258800007,23.72524624600004],[92.24941261500004,23.72430649000006],[92.24822389100007,23.72270820500006],[92.24108405300007,23.720514456000046],[92.23659308800006,23.713492134000035],[92.23668785600006,23.711348701000077],[92.23971198200007,23.708112764000077],[92.23992656900003,23.702483571000073],[92.24252405300007,23.699084769000024],[92.24219469500008,23.694835028000057],[92.24060943700005,23.692997538000043],[92.23660536800008,23.692949216000045],[92.23490543500009,23.68648922600005],[92.23202482500005,23.684782564000045],[92.23342128100006,23.681498316000045],[92.23071666900006,23.675493868000046],[92.23317579400003,23.66763626200003],[92.22967693600003,23.666228361000037],[92.22569041600008,23.65524524700004],[92.22270127000007,23.653009997000026],[92.21930813900008,23.652033998000036],[92.21146221200007,23.65315287900006],[92.21100803000007,23.65888411700007],[92.20672264100006,23.66109676900004],[92.20766303800008,23.667205747000025],[92.20581344000004,23.67234124400005],[92.20742514700004,23.677661022000052],[92.21249547400004,23.681236003000038],[92.21378179600003,23.685135763000062],[92.21086865000007,23.688772465000056],[92.21130168500008,23.690677230000063],[92.20975876100005,23.69158023800003],[92.20696833100004,23.70065122400007],[92.20401559200008,23.701999243000046],[92.20281050900007,23.705918695000037],[92.19349924200009,23.70684969000007],[92.18608228400007,23.711069086000066],[92.18467375700004,23.708240900000078],[92.17767999700004,23.70766967000003],[92.17648863100004,23.716542092000054],[92.17305176900004,23.717797438000048],[92.16959280600008,23.723370196000076],[92.17140971900005,23.726317942000037],[92.17077117800005,23.732897458000025],[92.17287429400005,23.73580854000005],[92.17206253700004,23.73817795800005],[92.16665500700003,23.74027449500005],[92.16487759500006,23.738995877000036],[92.16235094400008,23.739712375000067],[92.15603558000004,23.73686176600006],[92.15480942200008,23.73444362500004],[92.14855635500004,23.73570667000007],[92.14419712800003,23.733216952000078],[92.14209331500007,23.725395884000022],[92.13837964200007,23.72100368300005],[92.13922723300004,23.72032179200005],[92.13375797400005,23.715849309000077],[92.12900578300008,23.707988533000048],[92.12522683900005,23.706565799000032],[92.12474803400005,23.700908238000068],[92.12289264000003,23.69960194400005],[92.12377663500007,23.695750564000036],[92.12131054300005,23.695171281000057],[92.12075607300005,23.692792284000063],[92.11807223700004,23.691268614000023],[92.11627748500007,23.691397117000065],[92.11414992100003,23.694395692000057],[92.11156250300007,23.690229034000026],[92.10617677300007,23.688770651000027],[92.10386695200003,23.68601134900007],[92.10499980300006,23.684484841000028],[92.10356847100007,23.682669445000045],[92.10418834700005,23.680925322000064],[92.10069010200004,23.67897686200007],[92.09969839900003,23.67678697100007],[92.09320137300006,23.67854380600005],[92.09175083400004,23.677138806000073],[92.08753079900004,23.680701319000036],[92.08658535100005,23.679555726000046],[92.08506761900009,23.68089159300007],[92.08306730100009,23.680126173000076],[92.08057496700008,23.671358086000055],[92.07838778500007,23.671113999000056],[92.07630349000004,23.66804538100007],[92.08001728400006,23.66232195300006],[92.07928380300007,23.655916001000037],[92.07775083100006,23.654485478000026],[92.07925776500008,23.64869957700006],[92.07379211600005,23.647587696000073],[92.09247634700006,23.61135833900005],[92.11564762000006,23.555993744000034],[92.12405762700007,23.52563761400006],[92.13697396300006,23.430432475000032],[92.13232664600008,23.423478455000065],[92.12019487800006,23.412963760000025],[92.09073879400006,23.397977860000026],[92.07055062600006,23.38132519100003],[92.04839068000007,23.365665487000058],[92.07262606600005,23.352308883000035],[92.10905973200005,23.328065352000067],[92.12507025200006,23.31899217800003],[92.12665841000006,23.26527078600003],[92.13017022300005,23.22447284200007],[92.13393026100005,23.205070575000036],[92.13949930100006,23.188045353000064],[92.14816269700003,23.173079836000056],[92.15471464000007,23.150836198000036],[92.18107987600007,23.101950214000055],[92.19366106100006,23.076713530000063],[92.20111471800004,23.06525046400003],[92.20613055800004,23.047921976000055],[92.19619757700008,23.043161024000028],[92.18816699300004,23.037341536000042],[92.18643285100006,23.033861751000074],[92.18718669300006,23.027909188000024],[92.18123278900003,23.019252536000067],[92.18174945900006,23.015141767000046],[92.18757007100004,23.006328198000062],[92.19063740200005,22.997109024000054],[92.19949406200004,22.985144873000024],[92.19753514300004,22.977007684000057],[92.19806206200008,22.971793521000052],[92.21695537400007,22.988249444000076],[92.23568319500004,23.009178849000023],[92.24522402100007,23.015228423000053],[92.26036294900007,23.021290021000027],[92.26861908800004,23.02765547100006],[92.27288157900006,23.033563824000055],[92.28100949900005,23.054458312000065],[92.29109389300004,23.06687490300004],[92.29465727700006,23.07892065300007],[92.31583400700003,23.117108018000067],[92.31903944400005,23.121308697000075],[92.32194444300006,23.12207961200005],[92.32551118500004,23.121740962000047],[92.33163626200007,23.117822555000032],[92.36822085600005,23.082050545000072],[92.37639427700003,23.07486274200005],[92.38458151500004,23.069988685000055]]]}},{"type":"Feature","id":"rangamati-barkal","properties":{"canonical_id":"rangamati-barkal","name_en":"Barkal","name_bn":"বরকল","district_id":"rangamati","division_id":"chittagong","pcode":"BD-B-56-109","parent_pcode":"BD2084","source_name":"Barkal","match_method":"exact_name_or_alias","boundary_reference_year":"2020","boundary_source":"geoBoundaries gbOpen BGD ADM3 / BBS, OCHA ROAP","source_dataset_updated":"2026-08-09"},"geometry":{"type":"Polygon","coordinates":[[[92.29109389300004,23.06687490300004],[92.30524867000008,23.069201417000045],[92.31579023900008,23.068984013000033],[92.30770428500006,23.050421592000077],[92.30541200400006,23.037016321000067],[92.30805589600004,23.020748127000047],[92.31812237400004,22.993992156000047],[92.32095874900006,22.977722141000072],[92.32065078200009,22.96889803700003],[92.31412709200004,22.94235340800003],[92.31264805900008,22.91643851500004],[92.30382278700006,22.91817277100006],[92.29529114500008,22.915367722000042],[92.29821654700004,22.902163502000064],[92.30152884400007,22.870506077000073],[92.30943564700004,22.84898254700005],[92.31874775500006,22.834862542000053],[92.31941340800006,22.828666060000046],[92.31489565700008,22.824049380000076],[92.31147233900003,22.82316069700005],[92.30253622500004,22.823853299000064],[92.28752697700008,22.82919673600003],[92.28036565200006,22.828953542000022],[92.27590609100008,22.826847068000063],[92.27052215700007,22.820458786000074],[92.25882349100004,22.817801365000037],[92.24991246800005,22.812362328000063],[92.23695323000004,22.82644702400006],[92.23185197800007,22.83004438100005],[92.20944288600003,22.806083552000075],[92.18787955200008,22.796521261000066],[92.19421457000004,22.772193036000033],[92.20181094500003,22.75337644700005],[92.22095932800005,22.713075633000074],[92.23287865200007,22.70053478400007],[92.23515246200003,22.69126126900005],[92.26934883100006,22.677669106000053],[92.29029385200005,22.66663809000005],[92.30149637600005,22.66284621500006],[92.31281047600004,22.680900002000044],[92.31217774400005,22.691752585000074],[92.31459595700005,22.699943288000043],[92.32210565600008,22.706064741000034],[92.31788465200003,22.715234741000074],[92.31816820700004,22.71964506000006],[92.33149713800003,22.735642476000066],[92.33537487900009,22.737874280000028],[92.33838798400006,22.734476104000066],[92.34069458000005,22.727283847000024],[92.34367277300004,22.724498632000063],[92.35378912700008,22.721585541000024],[92.37369323500008,22.72090885500006],[92.39224979900007,22.72447059500007],[92.39420824500007,22.73113233500004],[92.42168415700007,22.72988564600007],[92.42882424400005,22.733676831000025],[92.45185026800004,22.739454790000025],[92.45841544900009,22.713954826000077],[92.45985108600007,22.675637162000044],[92.49034002500008,22.744750511000063],[92.48819519500006,22.746583974000032],[92.48218201600008,22.747201895000046],[92.47649407900008,22.745444495000072],[92.47386904000007,22.74634919400006],[92.47935552100006,22.753922187000057],[92.47698647000004,22.754294083000048],[92.47656473200004,22.75979149500006],[92.47377358800009,22.75955158100004],[92.47626295000003,22.76462636800005],[92.47279557300004,22.765284025000028],[92.47559857600004,22.77088761500005],[92.47521696300004,22.77323612300006],[92.47263053900008,22.776388523000037],[92.47150937300006,22.78383840300006],[92.46931983600007,22.782126556000037],[92.46928893100005,22.787163148000047],[92.47221552000008,22.795755732000032],[92.46474366200005,22.804456251000033],[92.46655127400004,22.808876930000054],[92.46315939500005,22.811953737000067],[92.46264393000007,22.80761370700003],[92.46135331000005,22.80720694200005],[92.45899433200003,22.81865791200005],[92.45420101700006,22.81900564400007],[92.45400697100007,22.820183979000035],[92.45813333600006,22.82318899300003],[92.45517506400006,22.825758651000058],[92.46180543600008,22.830770056000063],[92.45263888000005,22.842738670000074],[92.45769291900007,22.840988631000073],[92.46206335500005,22.84126739000004],[92.46343294900004,22.84291121800004],[92.45831765400004,22.845436091000067],[92.45997154400004,22.850550879000025],[92.45672953100006,22.850582640000027],[92.45802484700005,22.852954381000075],[92.46121519700006,22.85213089000007],[92.46434095200004,22.854701788000057],[92.45951732700007,22.858451811000066],[92.46193106500004,22.861051708000048],[92.46115991600004,22.861684397000033],[92.45329489900007,22.861334337000073],[92.45212589600004,22.86300512400004],[92.45190060300007,22.86507394100005],[92.45495267200005,22.87015629600006],[92.46017480100005,22.871080819000042],[92.44821320900007,22.877027202000022],[92.45028416000008,22.889541061000045],[92.44938998100008,22.894675638000024],[92.44573906700003,22.89746365700006],[92.43619586200003,22.88557432600004],[92.43418385100006,22.88566686400003],[92.43280418300009,22.892394935000027],[92.42641335200005,22.89721950200004],[92.42092667000009,22.90806382900007],[92.42074442400008,22.916777694000075],[92.41927195000005,22.919355454000026],[92.41508622400005,22.91462887700004],[92.41226180600006,22.913785491000056],[92.40665055800008,22.91801791200004],[92.40359711800005,22.918210336000072],[92.40258780200008,22.912266251000062],[92.40133469300008,22.911998609000022],[92.39854135500008,22.914514860000054],[92.39727113500004,22.91833450000007],[92.40118121100005,22.924031143000036],[92.39782964700004,22.929430230000037],[92.39279390600007,22.930820295000046],[92.37647609700008,22.928759479000064],[92.37751112700005,22.931986918000064],[92.37576823100005,22.935385018000034],[92.37291248600008,22.934772544000054],[92.37170160100004,22.936213062000036],[92.37575445700008,22.936954030000038],[92.37269798500006,22.940200825000034],[92.37468803500008,22.947573672000033],[92.37740765300003,22.948502174000055],[92.37570130100005,22.950140995000027],[92.37788201900008,22.95177213900007],[92.37757741600007,22.955327715000067],[92.37435480200008,22.953309511000043],[92.37475861000007,22.956621969000025],[92.37279005200008,22.95853765100003],[92.37713715900009,22.95969475800007],[92.37397758400004,22.961349787000074],[92.37538445200005,22.963522444000034],[92.37430987000005,22.970104786000036],[92.37823547400006,22.977015823000045],[92.38028434900008,22.97599869800007],[92.38129488500005,22.978409206000038],[92.37911243200006,22.979890994000073],[92.38010738500003,22.982042917000058],[92.38442344800006,22.981842587000074],[92.38473626700005,22.98688456700006],[92.38198211000008,22.987496865000026],[92.38269244500003,22.990996015000064],[92.38503897300006,22.99275610600006],[92.38187597100006,23.001131145000045],[92.38393662100003,23.005670830000042],[92.38305193900004,23.008757443000036],[92.38445763400006,23.00947685400007],[92.37953209900007,23.012111450000077],[92.38354411600005,23.023323179000045],[92.38323930900003,23.02641655900004],[92.38476440300008,23.027299110000058],[92.38226936900008,23.033336062000046],[92.38353612800006,23.037856237000028],[92.38791091800005,23.03981363300005],[92.38930965800006,23.047386807000066],[92.38838267500006,23.049243902000057],[92.39086971100005,23.04911923900005],[92.38973099100008,23.05154969700004],[92.39210650200005,23.053904147000026],[92.39036818600005,23.055345617000057],[92.39224714600005,23.05650287800006],[92.39036753500005,23.06072953200004],[92.38726953600008,23.06201231400007],[92.38866083400006,23.064680748000058],[92.38458151500004,23.069988685000055],[92.37639427700003,23.07486274200005],[92.36822085600005,23.082050545000072],[92.33163626200007,23.117822555000032],[92.32551118500004,23.121740962000047],[92.32194444300006,23.12207961200005],[92.31903944400005,23.121308697000075],[92.31583400700003,23.117108018000067],[92.29465727700006,23.07892065300007],[92.29109389300004,23.06687490300004]]]}},{"type":"Feature","id":"rangamati-belaichari","properties":{"canonical_id":"rangamati-belaichari","name_en":"Belaichari","name_bn":"বিলাইছড়ি","district_id":"rangamati","division_id":"chittagong","pcode":"BD-B-56-112","parent_pcode":"BD2084","source_name":"Belaichari","match_method":"exact_name_or_alias","boundary_reference_year":"2020","boundary_source":"geoBoundaries gbOpen BGD ADM3 / BBS, OCHA ROAP","source_dataset_updated":"2026-08-09"},"geometry":{"type":"Polygon","coordinates":[[[92.61390871200007,21.851907425000036],[92.61723725200005,21.85445681400006],[92.62063130000007,21.861850907000075],[92.62701681700008,21.86092765500007],[92.63160254000007,21.862988863000055],[92.63040898000008,21.868709713000044],[92.63434331600007,21.875444790000074],[92.63061765100008,21.881670386000053],[92.63068313500008,21.887347857000066],[92.62799726600008,21.893854717000067],[92.62588439500007,21.908937895000065],[92.62230577500009,21.91374366100007],[92.62151784700006,21.92090630000007],[92.61960025700006,21.92344662000005],[92.61349348100003,21.921774372000073],[92.61204619000006,21.92358490400005],[92.61415392400005,21.92720769400006],[92.61030045500007,21.92919189400004],[92.61752912600008,21.940334668000048],[92.61520740000003,21.940371649000042],[92.61510726500006,21.94336147300004],[92.61070108300004,21.946365641000057],[92.61322805000003,21.95860336800007],[92.60960729200008,21.96065613600007],[92.61071476900008,21.96564900100003],[92.60613753400008,21.97151767200006],[92.60723077400007,21.974583950000067],[92.60318777100008,21.978689314000064],[92.60315308000008,21.98120609600005],[92.60351615700006,21.982882276000055],[92.61048742200006,21.985004708000076],[92.61266743600004,21.991382344000044],[92.61003834800005,21.99501174100004],[92.60997371300004,21.998189110000055],[92.60577630300008,21.999644954000075],[92.59743125600005,22.011960182000053],[92.60053999100006,22.022478960000058],[92.59947864700007,22.028719171000034],[92.59335384900004,22.034046690000025],[92.59263741200004,22.041130300000077],[92.59910716000007,22.042412997000042],[92.59785333900004,22.04793912300005],[92.60027457500007,22.05315788000007],[92.60018900800009,22.059099678000052],[92.60263767700008,22.061859346000062],[92.59528082800006,22.062193758000035],[92.59225653100003,22.065648864000025],[92.58979907100007,22.070793025000057],[92.59056588100003,22.081042419000028],[92.58495752700009,22.082482522000078],[92.58532677000005,22.085280887000067],[92.58322726200004,22.08729971500003],[92.58410965300004,22.090501172000074],[92.58165801100006,22.091783923000037],[92.58253616600007,22.097708186000034],[92.57661929700004,22.10511062300003],[92.57516274500006,22.116201613000044],[92.57246666200007,22.11977418500004],[92.56369454700007,22.125817665000056],[92.56250646200004,22.12827338200003],[92.56387917500007,22.133743387000038],[92.56583705200006,22.135035980000055],[92.57637772000004,22.13595661900007],[92.57745606000003,22.13752924100004],[92.57625404900006,22.139737834000073],[92.57820468300008,22.14360471300006],[92.59188152800004,22.139532417000055],[92.59324165900006,22.137692057000038],[92.58888610800005,22.13194734800004],[92.59401111900007,22.125590207000073],[92.59959119000007,22.12315188200006],[92.60548351400007,22.123314808000032],[92.60775557400007,22.128099355000074],[92.60824784900007,22.134542444000033],[92.61007821300007,22.13523447800003],[92.61094607400008,22.138535225000055],[92.60738753100009,22.16053286300007],[92.60928229300004,22.16421067700003],[92.60662042200005,22.16607543500004],[92.60683524400008,22.172796231000063],[92.60424191400006,22.171664462000024],[92.59505653000008,22.175465247000034],[92.59706045800004,22.17762301500005],[92.59440582800005,22.181096438000054],[92.59688198200007,22.18379008000005],[92.59488309500006,22.183950835000076],[92.59655251100008,22.190356047000023],[92.59486703000005,22.196493308000072],[92.59396935000007,22.195948806000047],[92.59475245300007,22.204416882000032],[92.59370195800005,22.204188758000043],[92.59304362800003,22.210719668000024],[92.59039629600005,22.21332656000004],[92.59195917900007,22.213891818000036],[92.58801636700008,22.216010993000054],[92.59029382400007,22.223081913000044],[92.58802342900003,22.22467512000003],[92.58928865800004,22.225823526000056],[92.58820574300006,22.23074503500004],[92.59059033600005,22.23117964000005],[92.58943875900007,22.232042573000058],[92.59041002100008,22.232701295000027],[92.58876419200004,22.232830684000078],[92.59153696500005,22.23484246000004],[92.58960531900004,22.23570329300003],[92.59174792400006,22.239335805000053],[92.59039575100007,22.244518176000042],[92.59169732600003,22.24486548300007],[92.59133032400007,22.246778446000064],[92.58905896200008,22.24751352000004],[92.59089822200008,22.248964925000053],[92.58941315900006,22.25415804000005],[92.59073214100005,22.255272498000068],[92.58871952800007,22.255722202000072],[92.58895346100007,22.25754982600006],[92.58738854200004,22.25733112000006],[92.58692913200008,22.259072504000073],[92.58541816300004,22.258473190000075],[92.58659720600008,22.259722276000048],[92.58428842900008,22.261629752000033],[92.58484605900009,22.26450769300004],[92.58686742800006,22.26409086500007],[92.58099330000005,22.26928225000006],[92.58319477500004,22.272748894000074],[92.58228491900007,22.274160239000025],[92.58081845000004,22.27357654800005],[92.58071108300004,22.27603765200007],[92.58342965400004,22.27629298000005],[92.58325797200007,22.277393674000052],[92.58642149900004,22.276889813000025],[92.58430186100009,22.27848599600003],[92.58653169100006,22.280403199000034],[92.58182738200009,22.28184314300006],[92.58167599800004,22.283393752000052],[92.58429354000003,22.28481807000003],[92.58109506900007,22.286609870000063],[92.58272033700007,22.287982860000056],[92.58121719800005,22.29069247700005],[92.58261138600005,22.291203237000047],[92.58343803500009,22.29922575100005],[92.58138750600006,22.30038577700003],[92.58057723200005,22.303156950000073],[92.58347157900005,22.30414352500003],[92.58057490800007,22.30388320000003],[92.57968316800003,22.306160730000045],[92.58144028800007,22.308719687000064],[92.57796543800004,22.310475263000058],[92.57768749900004,22.312007059000052],[92.57890057800006,22.311077021000074],[92.58026915700003,22.31204217100003],[92.57854723200006,22.312816517000044],[92.58001213700004,22.31497650500006],[92.57796364000006,22.316664612000068],[92.58046324700007,22.31951532000005],[92.57946557400004,22.320986084000026],[92.58122141100006,22.32180383000008],[92.57850957700003,22.323586671000044],[92.58028225400005,22.325196364000078],[92.57673490600007,22.325228482000057],[92.57588355600006,22.331516031000035],[92.57434404200006,22.332121937000068],[92.57630680000005,22.333488885000065],[92.57418363900007,22.334600651000073],[92.57600830500007,22.33530993000005],[92.57505561200009,22.336400239000056],[92.57604956300008,22.337256788000047],[92.57380009100007,22.338271835000057],[92.57509451000004,22.342423944000075],[92.57279235200008,22.342631185000073],[92.57343164000008,22.34559043200005],[92.57221789700009,22.34734572600007],[92.57334822000007,22.347935722000045],[92.57100677100004,22.356776006000075],[92.57211455600003,22.359234419000074],[92.56802891100006,22.360709279000048],[92.56693088200007,22.365433448000033],[92.56811933400007,22.367507948000025],[92.56651508300007,22.370953946000043],[92.56275438900008,22.371451748000027],[92.56415253900008,22.37547534500004],[92.56218132000004,22.375836229000072],[92.56161209900006,22.37750229900007],[92.56351540200006,22.380185940000047],[92.55934006400008,22.382077709000043],[92.56122813000007,22.385344489000033],[92.55941126000005,22.387564636000036],[92.56116809600007,22.388811839000027],[92.55838399800007,22.391462258000047],[92.55985039900008,22.391559345000076],[92.55852917000004,22.39414184900005],[92.55989294400007,22.39568509000003],[92.55596398000006,22.398768982000036],[92.55931618400007,22.399904664000076],[92.55980584700006,22.40208281400004],[92.55468756200008,22.405601001000036],[92.55796907100006,22.40888576100008],[92.55444107100004,22.41076369800004],[92.55205249200009,22.409032668000066],[92.55223290400005,22.41550813500004],[92.55452854200007,22.417034535000028],[92.55078815300004,22.42279720700003],[92.55517980500008,22.42267616500004],[92.55638756100007,22.42522922200004],[92.55492301100008,22.42523934700006],[92.555056,22.42734151800005],[92.55124446400004,22.42761709100006],[92.55531169400007,22.428946264000047],[92.55346428400009,22.433973103000028],[92.55435681300008,22.436309091000055],[92.55177082100005,22.43788293700004],[92.55208803000005,22.44241654500007],[92.54953932800004,22.443659542000034],[92.55145860100004,22.44626581500006],[92.55007316400008,22.44794164500007],[92.55146275000004,22.44857670500005],[92.55096881400004,22.454651978000072],[92.54825876500007,22.45668197200007],[92.55022193500008,22.457141584000055],[92.54836483800005,22.457505402000038],[92.54940726400008,22.458518192000042],[92.54638182700006,22.462452192000057],[92.54800102300004,22.465559212000073],[92.54646832300006,22.46657741200005],[92.54576019400008,22.470923380000045],[92.54755419000008,22.476008144000048],[92.54537425800004,22.480050660000074],[92.54565674500003,22.482934343000068],[92.54433193200003,22.483288471000037],[92.54613643200008,22.48886834900003],[92.54327680400007,22.49015816600007],[92.54390632800005,22.49476889700003],[92.54921187700006,22.495745811000063],[92.54957722000006,22.498339142000077],[92.54260851600009,22.49853960400003],[92.54322732300005,22.500517589000026],[92.54565101200006,22.49960708100008],[92.54709008000003,22.501727024000047],[92.54915387800008,22.50130691800007],[92.54949145700004,22.502715241000033],[92.54701294800003,22.503769259000023],[92.54825995300007,22.507524816000057],[92.55073016100005,22.507258302000025],[92.55093407100009,22.510044247000053],[92.54650230700008,22.510367580000036],[92.55117937800009,22.51373307700004],[92.54693624000004,22.51514241600006],[92.54655672100006,22.517047235000064],[92.54496914800006,22.513692314000025],[92.54330428900005,22.514011182000047],[92.54547412300008,22.51743872800006],[92.54384451800007,22.521496162000062],[92.54177189200004,22.521600638000052],[92.54128425400006,22.52309660800006],[92.54365018200008,22.52494160300006],[92.54043010600003,22.52603155500003],[92.54112556900009,22.52742218000003],[92.53899701200004,22.529272898000045],[92.54131613700008,22.53014808000006],[92.54146199300004,22.533730466000065],[92.53833795600008,22.535214532000055],[92.53980743900007,22.540858895000042],[92.53694393000006,22.542024879000053],[92.53687967600007,22.545327705000034],[92.53405921100006,22.54430549800003],[92.53154657500005,22.545258698000055],[92.53195592200007,22.552102314000024],[92.53010686900006,22.555476173000045],[92.52177235200008,22.560250577000033],[92.52788497000006,22.565712525000038],[92.52737502600007,22.57323314300004],[92.53245279300006,22.57165605000006],[92.53808424100004,22.575310322000064],[92.53638141200008,22.578890426000044],[92.53737620400005,22.582799616000045],[92.51281838600005,22.57011877000008],[92.49367805400004,22.562350856000023],[92.48966732300005,22.553629685000033],[92.49079675900003,22.54271034900006],[92.48955974700004,22.540088257000036],[92.48224624900007,22.537773342000037],[92.47672971500003,22.537706611000033],[92.45910979500007,22.54192962600007],[92.41897718900003,22.525353792000033],[92.41133394100007,22.524202857000034],[92.41431120700008,22.50860967400007],[92.40952496400007,22.50240692600005],[92.40832181300004,22.49647463900004],[92.41260337300008,22.47590649600005],[92.39867962500006,22.46060056500005],[92.39316559900004,22.47217267800005],[92.38383032300004,22.50320552000005],[92.37581440000008,22.52166492200007],[92.36184763000006,22.521305668000025],[92.35220884200004,22.523049996000054],[92.33665422300004,22.53753239100007],[92.32556729700008,22.542781067000078],[92.31189708500006,22.539105670000026],[92.28737401900008,22.528356376000033],[92.28202228300006,22.517067160000067],[92.28444416900004,22.51490168600003],[92.29295501800004,22.508698561000074],[92.30073022700003,22.498090131000026],[92.29382060400008,22.489450930000032],[92.27874037200007,22.458212597000056],[92.28416453500006,22.45125236900003],[92.30075031000007,22.431487040000036],[92.32449062900008,22.39800363200004],[92.34986194500004,22.361131921000037],[92.36000233100003,22.341343394000035],[92.37257783200005,22.336228826000024],[92.39950505500008,22.31544780200005],[92.43740749100004,22.277645238000048],[92.46372095900006,22.254163548000065],[92.47618810400007,22.23719033200007],[92.48068944200008,22.22771024700006],[92.48568393900007,22.210139109000067],[92.48672895300007,22.19877512900007],[92.49721792200006,22.153296538000063],[92.49862162600004,22.113528478000035],[92.50495873600005,22.092024691000063],[92.51561996200007,22.067903233000038],[92.52051049200008,22.047271971000043],[92.52322573900005,22.02703191200004],[92.53811204700008,21.988534048000076],[92.54785500300005,21.97201624400003],[92.57014093400005,21.927068673000065],[92.58049705600007,21.894376485000066],[92.58691051000005,21.880526861000078],[92.59251182400004,21.872810596000022],[92.61390871200007,21.851907425000036]]]}},{"type":"Feature","id":"rangamati-juraichari","properties":{"canonical_id":"rangamati-juraichari","name_en":"Juraichari","name_bn":"জুরাছড়ি","district_id":"rangamati","division_id":"chittagong","pcode":"BD-B-56-113","parent_pcode":"BD2084","source_name":"Juraichari","match_method":"exact_name_or_alias","boundary_reference_year":"2020","boundary_source":"geoBoundaries gbOpen BGD ADM3 / BBS, OCHA ROAP","source_dataset_updated":"2026-08-09"},"geometry":{"type":"Polygon","coordinates":[[[92.30149637600005,22.66284621500006],[92.30890997300008,22.655870054000047],[92.31616270300003,22.637174695000056],[92.34001390800006,22.59865640000004],[92.35245424400006,22.565757459000054],[92.37051066300006,22.535072396000032],[92.37581440000008,22.52166492200007],[92.38383032300004,22.50320552000005],[92.39316559900004,22.47217267800005],[92.39867962500006,22.46060056500005],[92.41260337300008,22.47590649600005],[92.40832181300004,22.49647463900004],[92.40952496400007,22.50240692600005],[92.41431120700008,22.50860967400007],[92.41133394100007,22.524202857000034],[92.41897718900003,22.525353792000033],[92.45910979500007,22.54192962600007],[92.47672971500003,22.537706611000033],[92.48224624900007,22.537773342000037],[92.48955974700004,22.540088257000036],[92.49079675900003,22.54271034900006],[92.48966732300005,22.553629685000033],[92.49367805400004,22.562350856000023],[92.51281838600005,22.57011877000008],[92.53737620400005,22.582799616000045],[92.53837970700005,22.586035768000045],[92.53448604900007,22.585173197000074],[92.53250499800004,22.586711544000025],[92.53329491500006,22.588578986000073],[92.53572691900007,22.586702683000055],[92.53916654200003,22.589653548000058],[92.53607162600008,22.589585544000045],[92.53476577100008,22.591755247000037],[92.53757621900007,22.593520589000036],[92.53540027800005,22.59999836800006],[92.53049339000006,22.603429796000057],[92.52995075400008,22.609382880000055],[92.53322959000008,22.607590424000023],[92.53523891700007,22.611846661000072],[92.53209097200005,22.611820786000067],[92.52946196300007,22.61450955600003],[92.52849425000005,22.61673677500005],[92.53000789700008,22.620649499000024],[92.52748075400007,22.620983817000024],[92.53255588700006,22.62770276300006],[92.53227303000006,22.633321116000047],[92.52626770300003,22.633610630000078],[92.52787915500005,22.63583526900004],[92.52652484800007,22.636990495000077],[92.52668089200006,22.639876317000073],[92.52447910600006,22.640732540000045],[92.52417537500008,22.649377337000033],[92.52509825300007,22.651185903000055],[92.52712309600008,22.650765426000078],[92.52648336600004,22.654210970000065],[92.52447745200004,22.653982794000058],[92.52348455100008,22.655420449000076],[92.52422985600003,22.659179618000053],[92.52867907700005,22.659702391000053],[92.52652390700007,22.66042624800008],[92.52856547800008,22.665771878000044],[92.52631890500004,22.66510227300006],[92.52598650500005,22.673057872000072],[92.52260825200005,22.67400998900007],[92.52318002600003,22.67925825800006],[92.51880615300007,22.68796321800005],[92.51637571000003,22.704599735000045],[92.51376506400004,22.708933554000055],[92.51740173600007,22.715874727000028],[92.51653139700005,22.722387294000043],[92.51404110500005,22.723315097000068],[92.50951262100006,22.72938931500005],[92.51272964000003,22.733427843000072],[92.50893941900006,22.73179361700005],[92.50773647200003,22.73688392500003],[92.50510438300006,22.739580785000044],[92.50242945500008,22.737622232000035],[92.49937641000008,22.738039677000074],[92.49795660400008,22.73997188900006],[92.49425711900005,22.740119994000054],[92.49392888300008,22.742767581000066],[92.49100554800003,22.74127551600003],[92.49034002500008,22.744750511000063],[92.45985108600007,22.675637162000044],[92.45841544900009,22.713954826000077],[92.45185026800004,22.739454790000025],[92.42882424400005,22.733676831000025],[92.42168415700007,22.72988564600007],[92.39420824500007,22.73113233500004],[92.39224979900007,22.72447059500007],[92.37369323500008,22.72090885500006],[92.35378912700008,22.721585541000024],[92.34367277300004,22.724498632000063],[92.34069458000005,22.727283847000024],[92.33838798400006,22.734476104000066],[92.33537487900009,22.737874280000028],[92.33149713800003,22.735642476000066],[92.31816820700004,22.71964506000006],[92.31788465200003,22.715234741000074],[92.32210565600008,22.706064741000034],[92.31459595700005,22.699943288000043],[92.31217774400005,22.691752585000074],[92.31281047600004,22.680900002000044],[92.30149637600005,22.66284621500006]]]}},{"type":"Feature","id":"rangamati-kaptai","properties":{"canonical_id":"rangamati-kaptai","name_en":"Kaptai","name_bn":"কাপ্তাই","district_id":"rangamati","division_id":"chittagong","pcode":"BD-B-56-106","parent_pcode":"BD2084","source_name":"Kaptai","match_method":"exact_name_or_alias","boundary_reference_year":"2020","boundary_source":"geoBoundaries gbOpen BGD ADM3 / BBS, OCHA ROAP","source_dataset_updated":"2026-08-09"},"geometry":{"type":"Polygon","coordinates":[[[92.28444416900004,22.51490168600003],[92.27916526600006,22.51433546000004],[92.27708727900006,22.511657580000076],[92.28144097400008,22.49734199100004],[92.27964405300008,22.492456220000065],[92.25995094200005,22.501941676000058],[92.25143850600006,22.502872683000078],[92.24307589100005,22.500186959000075],[92.23339405500008,22.502352803000065],[92.22569403000006,22.50799376300006],[92.21337795200003,22.510670014000027],[92.15357435900006,22.514034481000067],[92.13527715400005,22.54745012500007],[92.12300359500006,22.581006971000022],[92.10131832700006,22.575913564000075],[92.10497068900008,22.56623897700007],[92.10406078500006,22.562459836000073],[92.09907574700009,22.558087199000056],[92.10516640300006,22.55819914500006],[92.10680206600006,22.556276402000037],[92.10832754800003,22.546827715000063],[92.10577330600006,22.543383340000048],[92.10863800800007,22.535391488000073],[92.10782769500008,22.529917128000022],[92.10972835300004,22.529064869000024],[92.11440025700006,22.531678303000035],[92.11592590300006,22.530456452000067],[92.12259893900006,22.513343986000052],[92.12105176300008,22.508761503000073],[92.12303394100007,22.500464202000046],[92.12861178800006,22.49239848900004],[92.12921638600005,22.48249681300007],[92.13332677800008,22.479149737000057],[92.12997756200008,22.473861166000063],[92.13384644800004,22.469194436000066],[92.13399401200007,22.464122046000057],[92.12819571800009,22.458786219000046],[92.14016826200003,22.450103813000055],[92.13901018100006,22.440191906000052],[92.14278239800007,22.436776630000054],[92.13799852700004,22.43581971100008],[92.13616993700003,22.431016991000035],[92.13145423700007,22.429937623000058],[92.12732108700004,22.430711409000025],[92.12368348200005,22.42308345200007],[92.11628606100004,22.423268884000038],[92.11639616400004,22.418078704000038],[92.11854739100005,22.41607890800003],[92.11541636600003,22.413705037000057],[92.13421467900008,22.40095727000005],[92.15799581400006,22.39715576800006],[92.16594023400006,22.39402939000007],[92.17103226700004,22.38810681500007],[92.17685756500003,22.373294505000047],[92.18054057500007,22.367750983000064],[92.20658020200005,22.357306142000027],[92.20887693100008,22.36059567700005],[92.21542461300004,22.364768344000026],[92.21263050300007,22.38053694300004],[92.21358231900007,22.38818762300008],[92.23074332500005,22.398765499000035],[92.23606500100004,22.404296045000024],[92.24907958600005,22.413497635000056],[92.27001455900006,22.43359705900008],[92.28416453500006,22.45125236900003],[92.27874037200007,22.458212597000056],[92.29382060400008,22.489450930000032],[92.30073022700003,22.498090131000026],[92.29295501800004,22.508698561000074],[92.28444416900004,22.51490168600003]]]}},{"type":"Feature","id":"rangamati-kawkhali","properties":{"canonical_id":"rangamati-kawkhali","name_en":"Kawkhali","name_bn":"কাউখালী","district_id":"rangamati","division_id":"chittagong","pcode":"BD-B-56-107","parent_pcode":"BD2084","source_name":"Kawkhali","match_method":"exact_name_or_alias","boundary_reference_year":"2020","boundary_source":"geoBoundaries gbOpen BGD ADM3 / BBS, OCHA ROAP","source_dataset_updated":"2026-08-09"},"geometry":{"type":"Polygon","coordinates":[[[91.93472138000004,22.657111076000035],[91.93500977500008,22.65343566100006],[91.93243099400007,22.652400646000046],[91.93518786400006,22.650524069000028],[91.93881286900006,22.641235236000057],[91.93750188900003,22.63741604200004],[91.93941056300008,22.634609948000048],[91.93713693200004,22.632982637000055],[91.94000995400006,22.62745805700007],[91.93884622400003,22.62407194900004],[91.94502257600004,22.61172418500007],[91.94444612400008,22.609723348000045],[91.94144970900004,22.609194389000038],[91.94133436000004,22.60695260500006],[91.94786917600004,22.603293198000074],[91.94833776700006,22.59923009700003],[91.95205660900007,22.59677891700005],[91.95150223700006,22.59091316200005],[91.95417277600006,22.59111772600005],[91.95587953000006,22.589657749000025],[91.95487668700008,22.58509585300004],[91.95795538900006,22.581764562000046],[91.95668010900005,22.577792397000053],[91.96185912200008,22.57408834900008],[91.95996253400006,22.570531284000026],[91.96245501800007,22.56754514900007],[91.95900272400007,22.565398278000032],[91.96423953500005,22.56323595300006],[91.96376720700005,22.558633758000042],[91.96737190700009,22.554569529000048],[91.96634676100007,22.550622023000074],[91.96933377200008,22.547835478000025],[91.96645510000008,22.54416152700003],[91.96971096400006,22.54187625700007],[91.96974773400007,22.53736040000007],[91.97245309300007,22.53427305200006],[91.97228339300005,22.52737292000006],[91.97413532000007,22.522429290000048],[91.97153524000004,22.51934797800004],[91.97559122200005,22.519291757000076],[91.97691610400005,22.517367853000053],[91.97530645100005,22.514387311000064],[91.97821803000005,22.507815639000057],[91.97403599200004,22.506884355000068],[91.97340050600008,22.504180242000075],[91.97477797700003,22.502501505000055],[91.97036839300006,22.495314351000047],[91.97597074600009,22.490388857000028],[91.97977317100003,22.492677349000076],[91.98442993600008,22.490512344000024],[91.98684326900008,22.492277926000042],[91.98938453200003,22.490200939000033],[91.98858694300009,22.488704148000068],[91.98124286100006,22.48895716100003],[91.98087115200008,22.483238804000052],[91.98778784200005,22.483485786000074],[91.99151773200003,22.48609716200008],[91.99658801900006,22.484845823000057],[92.00470393900008,22.488571036000053],[92.00572485900005,22.49657372300004],[92.00950718500007,22.498857488000056],[92.01616703000008,22.49922605300003],[92.01623335500005,22.506313572000067],[92.02156793700004,22.509255402000065],[92.01738204300005,22.517993716000035],[92.02032663000006,22.522017498000025],[92.02527235400004,22.522781587000054],[92.02597697200008,22.526400538000075],[92.02808098100007,22.527747729000055],[92.02480964200004,22.53058682900007],[92.02489450300004,22.534031286000072],[92.02133805700004,22.535830098000076],[92.02034132500006,22.54127335100003],[92.02193937800007,22.54336855500003],[92.01474767000008,22.548653923000074],[92.01752009500007,22.56898840100007],[92.01361011900008,22.570027648000064],[92.01464316300007,22.57278381800006],[92.01113795900005,22.57768618500006],[92.00667888400005,22.580822049000062],[92.00592017600007,22.58655404900003],[92.00948300800007,22.59300859700005],[92.01285788000007,22.604944646000035],[92.02380651900006,22.610351069000046],[92.02815926500006,22.609466199000053],[92.03134278900006,22.610882570000058],[92.03285651800007,22.613041870000075],[92.03087677000008,22.61681634200005],[92.03694782900004,22.61892065400008],[92.03546198100008,22.622627671000032],[92.03807351500006,22.623198381000066],[92.04081176400007,22.619997736000073],[92.04049846100008,22.611372809000045],[92.04598041000008,22.611056087000065],[92.04525686000005,22.607096960000035],[92.05123898300008,22.612689662000037],[92.05466681400009,22.61297849300007],[92.05652036900005,22.611230609000074],[92.06032145600005,22.614828196000076],[92.06968293600005,22.61483750000008],[92.07108849400004,22.609245729000065],[92.08039205800009,22.609595201000047],[92.08092932400007,22.60514560000007],[92.07886528800003,22.599614255000063],[92.07561925000005,22.595903828000075],[92.07579781800007,22.59354503000003],[92.08074457700008,22.594557228000042],[92.08617386600008,22.58527699600006],[92.09404304300006,22.58307488500003],[92.09857605000008,22.577094490000036],[92.10131832700006,22.575913564000075],[92.12300359500006,22.581006971000022],[92.11655163900008,22.60335660900006],[92.09926860200005,22.642277654000054],[92.09494312200007,22.648193081000045],[92.05328597800008,22.686738698000056],[92.03370345500008,22.695457631000068],[92.00485084000007,22.704496205000055],[92.00281409400009,22.70682492800006],[92.00132008000008,22.717866668000056],[91.99859859400004,22.72383198700004],[91.99423820200008,22.72054931300005],[91.98582300800007,22.718338730000028],[91.96664272400005,22.717791636000072],[91.96253936400007,22.691037583000025],[91.95364322600005,22.68962458200008],[91.94528770200009,22.690045819000034],[91.93692992600006,22.687586853000028],[91.92755144400007,22.68870978600006],[91.92764879900005,22.683494765000034],[91.92572874700005,22.680367158000024],[91.93689857300006,22.677219396000055],[91.93695336500008,22.674193040000034],[91.94305241800004,22.668688588000066],[91.93472138000004,22.657111076000035]]]}},{"type":"Feature","id":"rangamati-langadu","properties":{"canonical_id":"rangamati-langadu","name_en":"Langadu","name_bn":"লংগদু","district_id":"rangamati","division_id":"chittagong","pcode":"BD-B-56-110","parent_pcode":"BD2084","source_name":"Langadu","match_method":"exact_name_or_alias","boundary_reference_year":"2020","boundary_source":"geoBoundaries gbOpen BGD ADM3 / BBS, OCHA ROAP","source_dataset_updated":"2026-08-09"},"geometry":{"type":"Polygon","coordinates":[[[92.18107987600007,23.101950214000055],[92.16870619300005,23.095305646000043],[92.15109909800003,23.09219630000007],[92.14255415600007,23.089258460000053],[92.14082565600006,23.08988516200003],[92.14114740900004,23.09386767500007],[92.13849239400008,23.09554356900003],[92.11534618500008,23.080150463000052],[92.07335458600005,23.073286454000026],[92.07202607200009,23.071767211000065],[92.08014178800005,23.054883542000027],[92.10598985800004,23.00040703800005],[92.11758639800007,22.95817389900003],[92.11852492900005,22.94158929500003],[92.12867262200007,22.911782825000046],[92.14897789000008,22.870190654000055],[92.17625883000005,22.825418977000027],[92.18431044800008,22.810456430000045],[92.18787955200008,22.796521261000066],[92.20944288600003,22.806083552000075],[92.23185197800007,22.83004438100005],[92.23695323000004,22.82644702400006],[92.24991246800005,22.812362328000063],[92.25882349100004,22.817801365000037],[92.27052215700007,22.820458786000074],[92.27590609100008,22.826847068000063],[92.28036565200006,22.828953542000022],[92.28752697700008,22.82919673600003],[92.30253622500004,22.823853299000064],[92.31147233900003,22.82316069700005],[92.31489565700008,22.824049380000076],[92.31941340800006,22.828666060000046],[92.31874775500006,22.834862542000053],[92.30943564700004,22.84898254700005],[92.30152884400007,22.870506077000073],[92.29821654700004,22.902163502000064],[92.29529114500008,22.915367722000042],[92.30382278700006,22.91817277100006],[92.31264805900008,22.91643851500004],[92.31412709200004,22.94235340800003],[92.32065078200009,22.96889803700003],[92.32095874900006,22.977722141000072],[92.31812237400004,22.993992156000047],[92.30805589600004,23.020748127000047],[92.30541200400006,23.037016321000067],[92.30770428500006,23.050421592000077],[92.31579023900008,23.068984013000033],[92.30524867000008,23.069201417000045],[92.29109389300004,23.06687490300004],[92.28100949900005,23.054458312000065],[92.27288157900006,23.033563824000055],[92.26861908800004,23.02765547100006],[92.26036294900007,23.021290021000027],[92.24522402100007,23.015228423000053],[92.23568319500004,23.009178849000023],[92.21695537400007,22.988249444000076],[92.19806206200008,22.971793521000052],[92.19753514300004,22.977007684000057],[92.19949406200004,22.985144873000024],[92.19063740200005,22.997109024000054],[92.18757007100004,23.006328198000062],[92.18174945900006,23.015141767000046],[92.18123278900003,23.019252536000067],[92.18718669300006,23.027909188000024],[92.18643285100006,23.033861751000074],[92.18816699300004,23.037341536000042],[92.19619757700008,23.043161024000028],[92.20613055800004,23.047921976000055],[92.20111471800004,23.06525046400003],[92.19366106100006,23.076713530000063],[92.18107987600007,23.101950214000055]]]}},{"type":"Feature","id":"rangamati-naniarchar","properties":{"canonical_id":"rangamati-naniarchar","name_en":"Naniarchar","name_bn":"নানিয়ারচর","district_id":"rangamati","division_id":"chittagong","pcode":"BD-B-56-114","parent_pcode":"BD2084","source_name":"Naniarchar","match_method":"exact_name_or_alias","boundary_reference_year":"2020","boundary_source":"geoBoundaries gbOpen BGD ADM3 / BBS, OCHA ROAP","source_dataset_updated":"2026-08-09"},"geometry":{"type":"Polygon","coordinates":[[[92.00485084000007,22.704496205000055],[92.01854000800006,22.708493856000075],[92.06249876000004,22.71535309500007],[92.08453566100007,22.73633540000003],[92.09733532100006,22.75143908600006],[92.11202001600003,22.74881574500006],[92.12589130500004,22.75771893800004],[92.12171639900004,22.770866298000044],[92.13268334500003,22.77874945700006],[92.13826131400003,22.785325456000066],[92.14046591900006,22.790640678000045],[92.14068200200006,22.80455194500007],[92.17625883000005,22.825418977000027],[92.14897789000008,22.870190654000055],[92.12867262200007,22.911782825000046],[92.11852492900005,22.94158929500003],[92.11758639800007,22.95817389900003],[92.11277221500006,22.954566597000053],[92.08241131300008,22.941369370000075],[92.07006533600008,22.933491340000046],[92.06375195800007,22.923852191000037],[92.05926906300004,22.90341281700006],[92.05376659500007,22.894319044000042],[92.04771654300004,22.888784669000074],[92.03996484200007,22.884365591000062],[92.03015722900005,22.883208944000046],[92.01887368200005,22.88401069200006],[92.01150534800007,22.871017737000045],[92.00592019700008,22.851749296000037],[92.00066743900004,22.842345959000056],[91.99347589300004,22.837307787000043],[91.98127542100008,22.83493791500007],[91.97985207900007,22.833059338000055],[91.97565599300003,22.81346229600007],[91.97517514800006,22.790665896000064],[91.97758828900004,22.78115056400003],[91.99644000300003,22.742597531000058],[92.00141374600008,22.72681304400004],[91.99859859400004,22.72383198700004],[92.00132008000008,22.717866668000056],[92.00281409400009,22.70682492800006],[92.00485084000007,22.704496205000055]]]}},{"type":"Feature","id":"rangamati-rajasthali","properties":{"canonical_id":"rangamati-rajasthali","name_en":"Rajasthali","name_bn":"রাজস্থলী","district_id":"rangamati","division_id":"chittagong","pcode":"BD-B-56-111","parent_pcode":"BD2084","source_name":"Rajasthali","match_method":"exact_name_or_alias","boundary_reference_year":"2020","boundary_source":"geoBoundaries gbOpen BGD ADM3 / BBS, OCHA ROAP","source_dataset_updated":"2026-08-09"},"geometry":{"type":"Polygon","coordinates":[[[92.27702544000005,22.353857326000025],[92.28263974600009,22.355614271000036],[92.33313578900004,22.34505110200007],[92.36000233100003,22.341343394000035],[92.34986194500004,22.361131921000037],[92.32449062900008,22.39800363200004],[92.30075031000007,22.431487040000036],[92.28416453500006,22.45125236900003],[92.27001455900006,22.43359705900008],[92.24907958600005,22.413497635000056],[92.23606500100004,22.404296045000024],[92.23074332500005,22.398765499000035],[92.21358231900007,22.38818762300008],[92.21263050300007,22.38053694300004],[92.21542461300004,22.364768344000026],[92.20887693100008,22.36059567700005],[92.20658020200005,22.357306142000027],[92.18054057500007,22.367750983000064],[92.17685756500003,22.373294505000047],[92.17103226700004,22.38810681500007],[92.16594023400006,22.39402939000007],[92.15799581400006,22.39715576800006],[92.13421467900008,22.40095727000005],[92.11541636600003,22.413705037000057],[92.10548143900007,22.404618752000033],[92.10017800600008,22.401757290000035],[92.09936314600009,22.399713864000034],[92.10401288700007,22.39342873000004],[92.10434186400005,22.39089100900003],[92.10835224700008,22.39174061700004],[92.11353960100007,22.378707186000042],[92.11620596400007,22.376897963000033],[92.11626691600009,22.374227725000026],[92.11938270300004,22.37261236100005],[92.12039049600008,22.366677292000077],[92.12230969700005,22.365794299000072],[92.13167791200004,22.370033668000076],[92.13995497800005,22.36752418800006],[92.13751607800003,22.363374243000067],[92.13940333000005,22.354930199000023],[92.13434438100006,22.354804814000033],[92.13192195800008,22.35286626900006],[92.13204585200003,22.35104062000005],[92.13321592600005,22.349389691000056],[92.13637285700008,22.349964629000056],[92.13999414200003,22.348090257000024],[92.14593679800004,22.347740998000063],[92.17241291300007,22.348272845000054],[92.18626408400007,22.346873913000024],[92.19762129000009,22.343411702000026],[92.19466743000004,22.33724819500003],[92.19590851300006,22.332091882000043],[92.20825753200006,22.330458148000048],[92.22127357600004,22.330594834000067],[92.26473052900008,22.344253432000073],[92.27702544000005,22.353857326000025]]]}},{"type":"Feature","id":"rangamati-rangamati-sadar","properties":{"canonical_id":"rangamati-rangamati-sadar","name_en":"Rangamati Sadar","name_bn":"রাঙ্গামাটি সদর","district_id":"rangamati","division_id":"chittagong","pcode":"BD-B-56-105","parent_pcode":"BD2084","source_name":"Rangamati Sadar","match_method":"exact_name_or_alias","boundary_reference_year":"2020","boundary_source":"geoBoundaries gbOpen BGD ADM3 / BBS, OCHA ROAP","source_dataset_updated":"2026-08-09"},"geometry":{"type":"Polygon","coordinates":[[[92.18787955200008,22.796521261000066],[92.18431044800008,22.810456430000045],[92.17625883000005,22.825418977000027],[92.14068200200006,22.80455194500007],[92.14046591900006,22.790640678000045],[92.13826131400003,22.785325456000066],[92.13268334500003,22.77874945700006],[92.12171639900004,22.770866298000044],[92.12589130500004,22.75771893800004],[92.11202001600003,22.74881574500006],[92.09733532100006,22.75143908600006],[92.08453566100007,22.73633540000003],[92.06249876000004,22.71535309500007],[92.01854000800006,22.708493856000075],[92.00485084000007,22.704496205000055],[92.03370345500008,22.695457631000068],[92.05328597800008,22.686738698000056],[92.09494312200007,22.648193081000045],[92.09926860200005,22.642277654000054],[92.11655163900008,22.60335660900006],[92.12300359500006,22.581006971000022],[92.13527715400005,22.54745012500007],[92.15357435900006,22.514034481000067],[92.21337795200003,22.510670014000027],[92.22569403000006,22.50799376300006],[92.23339405500008,22.502352803000065],[92.24307589100005,22.500186959000075],[92.25143850600006,22.502872683000078],[92.25995094200005,22.501941676000058],[92.27964405300008,22.492456220000065],[92.28144097400008,22.49734199100004],[92.27708727900006,22.511657580000076],[92.27916526600006,22.51433546000004],[92.28444416900004,22.51490168600003],[92.28202228300006,22.517067160000067],[92.28737401900008,22.528356376000033],[92.31189708500006,22.539105670000026],[92.32556729700008,22.542781067000078],[92.33665422300004,22.53753239100007],[92.35220884200004,22.523049996000054],[92.36184763000006,22.521305668000025],[92.37581440000008,22.52166492200007],[92.37051066300006,22.535072396000032],[92.35245424400006,22.565757459000054],[92.34001390800006,22.59865640000004],[92.31616270300003,22.637174695000056],[92.30890997300008,22.655870054000047],[92.30149637600005,22.66284621500006],[92.29029385200005,22.66663809000005],[92.26934883100006,22.677669106000053],[92.23515246200003,22.69126126900005],[92.23287865200007,22.70053478400007],[92.22095932800005,22.713075633000074],[92.20181094500003,22.75337644700005],[92.19421457000004,22.772193036000033],[92.18787955200008,22.796521261000066]]]}}]}