{"type":"FeatureCollection","metadata":{"division":"dhaka","verified_polygon_count":128,"boundary_reference_year":"2020","boundary_source":"geoBoundaries gbOpen BGD ADM3 / BBS, OCHA ROAP","note":"Only canonical verified matches are published; unsupported registry rows never receive fabricated polygons."},"features":[{"type":"Feature","id":"dhaka-adabor","properties":{"canonical_id":"dhaka-adabor","name_en":"Adabor","name_bn":"আদাবর","district_id":"dhaka","division_id":"dhaka","pcode":"BD-C-13-575","parent_pcode":"BD3026","source_name":"Adabor","match_method":"exact_name_or_alias","boundary_reference_year":"2020","boundary_source":"geoBoundaries gbOpen BGD ADM3 / BBS, OCHA ROAP","source_dataset_updated":"2026-08-09"},"geometry":{"type":"Polygon","coordinates":[[[90.35766123900004,23.77656465000007],[90.35414135500008,23.775951286000065],[90.35079269900007,23.77825093000007],[90.34592264400004,23.77292313600003],[90.34231044500007,23.772055030000047],[90.34415995600006,23.768590334000066],[90.34553736100008,23.76846617800004],[90.34953944100005,23.76218829100003],[90.35889710100008,23.76241824500005],[90.35915774400007,23.770564397000044],[90.36103700200005,23.773365642000044],[90.36556917300004,23.774932979000027],[90.36203281400003,23.777422371000057],[90.35766123900004,23.77656465000007]]]}},{"type":"Feature","id":"dhaka-airport","properties":{"canonical_id":"dhaka-airport","name_en":"Airport","name_bn":"বিমানবন্দর","district_id":"dhaka","division_id":"dhaka","pcode":"BD-C-13-578","parent_pcode":"BD3026","source_name":"Biman Bandar","match_method":"exact_name_or_alias","boundary_reference_year":"2020","boundary_source":"geoBoundaries gbOpen BGD ADM3 / BBS, OCHA ROAP","source_dataset_updated":"2026-08-09"},"geometry":{"type":"Polygon","coordinates":[[[90.40719500200004,23.857920715000034],[90.40638803900003,23.85367018900007],[90.40036882300006,23.860711550000076],[90.39246690700008,23.86126084800003],[90.38654919500004,23.857577716000037],[90.38545016100005,23.856865683000024],[90.39313171900005,23.84682934600005],[90.39436893800007,23.841516262000027],[90.39982865100006,23.838900860000024],[90.39899797200007,23.834183018000033],[90.40054639800007,23.832207115000074],[90.40664470400009,23.83164750900005],[90.41044187400007,23.834084662000066],[90.41319460500006,23.833628499000042],[90.42182958100005,23.840906679000057],[90.42166476200003,23.845355577000078],[90.42388393800007,23.847578226000053],[90.42459965200004,23.849861446000034],[90.42082593200007,23.85263006200006],[90.41611866100004,23.85930309300005],[90.40719500200004,23.857920715000034]]]}},{"type":"Feature","id":"dhaka-badda","properties":{"canonical_id":"dhaka-badda","name_en":"Badda","name_bn":"বাড্ডা","district_id":"dhaka","division_id":"dhaka","pcode":"BD-C-13-576","parent_pcode":"BD3026","source_name":"Badda","match_method":"exact_name_or_alias","boundary_reference_year":"2020","boundary_source":"geoBoundaries gbOpen BGD ADM3 / BBS, OCHA ROAP","source_dataset_updated":"2026-08-09"},"geometry":{"type":"Polygon","coordinates":[[[90.48576851600006,23.821326077000037],[90.47973938000007,23.82301751800003],[90.47343443000005,23.821381259000077],[90.45546817000007,23.827620857000056],[90.45385620000008,23.826774310000076],[90.44825675000004,23.828079498000022],[90.44197439000004,23.826008898000055],[90.43628106400007,23.827481895000062],[90.42911437700008,23.826070754000057],[90.42956631000004,23.82157058000007],[90.42165180000006,23.82051182400005],[90.41899415800003,23.821631083000057],[90.41672192900006,23.819882608000057],[90.41784308500007,23.81635927600007],[90.41513577800004,23.81631959400005],[90.41532555300006,23.811029380000036],[90.42108926900005,23.811909626000045],[90.42018258000007,23.81056496900004],[90.42347355800007,23.807242575000032],[90.42224814300005,23.806665991000045],[90.42603721500006,23.790493130000073],[90.42610454200008,23.789075811000032],[90.42204172600003,23.78878865300004],[90.42044219400003,23.777199894000034],[90.41756887700006,23.76983476500004],[90.42369727700003,23.76892149200006],[90.43362746600008,23.763233241000023],[90.43604341900004,23.762839152000026],[90.43694931100003,23.764765254000054],[90.44182098900006,23.766254808000042],[90.44159852600006,23.763860924000028],[90.44441989700005,23.76328583800006],[90.44603791200007,23.75910930200007],[90.45448041700007,23.76012851200005],[90.45478248700005,23.763922945000047],[90.45228017400007,23.762564697000073],[90.45214739500005,23.766029595000077],[90.45595702400004,23.76848368900005],[90.45661657100004,23.770813803000067],[90.46198379700007,23.77359620200008],[90.45873326100008,23.77567149500004],[90.46276015600006,23.782376215000056],[90.46540970500007,23.78342673800006],[90.47161984300004,23.781801361000078],[90.47198000600008,23.785326643000076],[90.48107039400008,23.793490640000073],[90.48182743300003,23.80285471800005],[90.48419137900004,23.807856968000067],[90.48360270800003,23.811176369000066],[90.48538008700007,23.817063807000068],[90.48778643200006,23.81763863900005],[90.48576851600006,23.821326077000037]]]}},{"type":"Feature","id":"dhaka-bangshal","properties":{"canonical_id":"dhaka-bangshal","name_en":"Bangshal","name_bn":"বংশাল","district_id":"dhaka","division_id":"dhaka","pcode":"BD-C-13-577","parent_pcode":"BD3026","source_name":"Bangshal","match_method":"exact_name_or_alias","boundary_reference_year":"2020","boundary_source":"geoBoundaries gbOpen BGD ADM3 / BBS, OCHA ROAP","source_dataset_updated":"2026-08-09"},"geometry":{"type":"Polygon","coordinates":[[[90.41188486400006,23.722937083000033],[90.40032557600006,23.723925558000076],[90.39830938800009,23.719514082000046],[90.40122573100007,23.713995117000024],[90.40098151900008,23.712806862000036],[90.39915765300003,23.712995310000053],[90.39972308700004,23.710766044000025],[90.40204430800009,23.70968369800005],[90.40480827600004,23.714487132000045],[90.41152922200007,23.713517876000026],[90.41188486400006,23.722937083000033]]]}},{"type":"Feature","id":"dhaka-cantonment","properties":{"canonical_id":"dhaka-cantonment","name_en":"Cantonment","name_bn":"ক্যান্টনমেন্ট","district_id":"dhaka","division_id":"dhaka","pcode":"BD-C-13-579","parent_pcode":"BD3026","source_name":"Cantonment","match_method":"exact_name_or_alias","boundary_reference_year":"2020","boundary_source":"geoBoundaries gbOpen BGD ADM3 / BBS, OCHA ROAP","source_dataset_updated":"2026-08-09"},"geometry":{"type":"Polygon","coordinates":[[[90.41672192900006,23.819882608000057],[90.41430107600007,23.821553705000042],[90.41266279700005,23.82577178500003],[90.41319460500006,23.833628499000042],[90.41044187400007,23.834084662000066],[90.40664470400009,23.83164750900005],[90.40054639800007,23.832207115000074],[90.39899797200007,23.834183018000033],[90.39982865100006,23.838900860000024],[90.39436893800007,23.841516262000027],[90.38736259400008,23.844346319000067],[90.38724804100008,23.841721722000045],[90.38892951300005,23.83207710000005],[90.39347710800007,23.826926627000034],[90.38286571600008,23.82083616600005],[90.38306273900008,23.816738563000058],[90.38806259200004,23.815569805000052],[90.39115842500007,23.816303176000076],[90.39154104000005,23.81493841200006],[90.40024393900006,23.817176817000075],[90.39866595700005,23.805855931000053],[90.39436691000003,23.80063606400006],[90.39179960400008,23.790503381000065],[90.38765073200005,23.790731081000047],[90.38718259700005,23.789327549000063],[90.38870824900005,23.787647063000065],[90.38751871000005,23.787025119000077],[90.38825853400004,23.78164498500007],[90.39089020000006,23.779375711000057],[90.39214514600008,23.782393327000023],[90.39293577800004,23.781744367000044],[90.39410245600004,23.776419877000023],[90.39782497500005,23.77810970200005],[90.40112331900008,23.798678547000065],[90.40239795900004,23.800474930000064],[90.40455683300007,23.79971025100008],[90.40672969200006,23.801047443000073],[90.40679816500005,23.805055370000048],[90.41228515900008,23.80456293700007],[90.41550687600005,23.806406166000045],[90.41307965300007,23.80978191300005],[90.41532555300006,23.811029380000036],[90.41513577800004,23.81631959400005],[90.41784308500007,23.81635927600007],[90.41672192900006,23.819882608000057]]]}},{"type":"Feature","id":"dhaka-chawkbazar","properties":{"canonical_id":"dhaka-chawkbazar","name_en":"Chawkbazar","name_bn":"চকবাজার","district_id":"dhaka","division_id":"dhaka","pcode":"BD-C-13-580","parent_pcode":"BD3026","source_name":"Chak Bazar","match_method":"exact_name_or_alias","boundary_reference_year":"2020","boundary_source":"geoBoundaries gbOpen BGD ADM3 / BBS, OCHA ROAP","source_dataset_updated":"2026-08-09"},"geometry":{"type":"Polygon","coordinates":[[[90.40032557600006,23.723925558000076],[90.39947620800007,23.724040811000066],[90.39000959600008,23.724150116000033],[90.39114274000008,23.718910367000035],[90.38315947900008,23.713282616000072],[90.38519273400004,23.712294547000056],[90.39972308700004,23.710766044000025],[90.39915765300003,23.712995310000053],[90.40098151900008,23.712806862000036],[90.40122573100007,23.713995117000024],[90.39830938800009,23.719514082000046],[90.40032557600006,23.723925558000076]]]}},{"type":"Feature","id":"dhaka-dakshinkhan","properties":{"canonical_id":"dhaka-dakshinkhan","name_en":"Dakshinkhan","name_bn":"দক্ষিণখান","district_id":"dhaka","division_id":"dhaka","pcode":"BD-C-13-581","parent_pcode":"BD3026","source_name":"Dakshinkhan","match_method":"exact_name_or_alias","boundary_reference_year":"2020","boundary_source":"geoBoundaries gbOpen BGD ADM3 / BBS, OCHA ROAP","source_dataset_updated":"2026-08-09"},"geometry":{"type":"Polygon","coordinates":[[[90.42388393800007,23.847578226000053],[90.43417980500004,23.845019930000035],[90.43663854300007,23.847606965000068],[90.44224066100008,23.84662452400005],[90.44706508500008,23.848866432000023],[90.45301062300007,23.84586838900003],[90.45392227100007,23.848754365000048],[90.44898735100008,23.849210846000062],[90.44729108600006,23.852304281000045],[90.44801458100005,23.854581151000048],[90.44373796400004,23.859707532000073],[90.43933429700007,23.860024434000024],[90.43844263900007,23.856988718000025],[90.43427982600008,23.86343098100008],[90.43720680000007,23.86605619200003],[90.43395566200007,23.865255300000058],[90.42977933200007,23.867748084000027],[90.42800793700007,23.864815812000074],[90.42238675600004,23.863413818000026],[90.41894840800006,23.867338172000075],[90.41922920200005,23.872949320000032],[90.41559103200007,23.870347141000025],[90.41616356300005,23.868361864000065],[90.41380300700007,23.870399942000063],[90.41903529800004,23.87793288100005],[90.41835872600006,23.880208613000036],[90.41520772500007,23.882007242000043],[90.41631954000007,23.886038307000035],[90.41193187400006,23.882793392000053],[90.40649298400007,23.881967280000026],[90.40719500200004,23.857920715000034],[90.41611866100004,23.85930309300005],[90.42082593200007,23.85263006200006],[90.42459965200004,23.849861446000034],[90.42388393800007,23.847578226000053]]]}},{"type":"Feature","id":"dhaka-darus-salam","properties":{"canonical_id":"dhaka-darus-salam","name_en":"Darus Salam","name_bn":"দারুস সালাম","district_id":"dhaka","division_id":"dhaka","pcode":"BD-C-13-582","parent_pcode":"BD3026","source_name":"Darus Salam","match_method":"exact_name_or_alias","boundary_reference_year":"2020","boundary_source":"geoBoundaries gbOpen BGD ADM3 / BBS, OCHA ROAP","source_dataset_updated":"2026-08-09"},"geometry":{"type":"Polygon","coordinates":[[[90.35766123900004,23.77656465000007],[90.35742813800005,23.784331918000078],[90.35386199500005,23.785115994000023],[90.35180721800003,23.781571754000026],[90.34891733900008,23.783009900000025],[90.35020582900006,23.793435329000033],[90.34913759600005,23.796282020000035],[90.34764583800006,23.795860960000027],[90.34652441800006,23.798134290000064],[90.34313840100003,23.798669792000055],[90.33954014700004,23.797507977000066],[90.33958603900004,23.790141874000028],[90.33800222500008,23.786432427000022],[90.33543925000004,23.784807649000072],[90.33803509200004,23.77897601600006],[90.33450929600008,23.775240281000038],[90.34231044500007,23.772055030000047],[90.34592264400004,23.77292313600003],[90.35079269900007,23.77825093000007],[90.35414135500008,23.775951286000065],[90.35766123900004,23.77656465000007]]]}},{"type":"Feature","id":"dhaka-demra","properties":{"canonical_id":"dhaka-demra","name_en":"Demra","name_bn":"ডেমরা","district_id":"dhaka","division_id":"dhaka","pcode":"BD-C-13-583","parent_pcode":"BD3026","source_name":"Demra","match_method":"exact_name_or_alias","boundary_reference_year":"2020","boundary_source":"geoBoundaries gbOpen BGD ADM3 / BBS, OCHA ROAP","source_dataset_updated":"2026-08-09"},"geometry":{"type":"Polygon","coordinates":[[[90.48247314500009,23.761808548000033],[90.47395164500006,23.761472859000037],[90.47230668500004,23.754006941000057],[90.46204577300006,23.752233729000068],[90.45973468300008,23.750097107000045],[90.46017981800009,23.742731501000037],[90.46000121500003,23.740595290000044],[90.46239859600007,23.740469588000053],[90.46410488700008,23.73845418600007],[90.46434883900008,23.73478683600007],[90.45615400100007,23.73311933100007],[90.45937297600005,23.725823412000068],[90.46311425200008,23.725890160000063],[90.46479350600003,23.719935538000072],[90.46751634400005,23.720397023000032],[90.46819158000005,23.719064383000045],[90.47371708100007,23.72256402000005],[90.47438853300008,23.72138661100007],[90.47642734200008,23.70958166400004],[90.47041878700009,23.706819730000063],[90.46783155000008,23.702355917000034],[90.46595441500006,23.702211414000033],[90.46635502900006,23.700218540000037],[90.46476060200007,23.699396860000036],[90.46670927800005,23.694844256000067],[90.46827575700007,23.685224296000058],[90.47008592900005,23.68514828600007],[90.47409816800007,23.690221921000045],[90.47780962100006,23.691102802000046],[90.47973127900008,23.693664480000052],[90.48571925900006,23.69599744800007],[90.48871088900006,23.69563645900007],[90.48868923200007,23.69905669900004],[90.49146796700006,23.700912002000052],[90.49779243200004,23.701494041000046],[90.49902132800008,23.70524695900008],[90.50466051200004,23.70574488500006],[90.51252492200007,23.709168274000035],[90.51279451900007,23.709568966000063],[90.50804217200005,23.714692841000044],[90.50185239400008,23.71805002900004],[90.49927877700009,23.722503940000024],[90.50047442300007,23.72596984200004],[90.49752688900008,23.730619757000056],[90.48993043400009,23.735987545000057],[90.49245673800004,23.74332153100005],[90.48570947800005,23.74919752200003],[90.48732214000006,23.755998325000064],[90.48298523700004,23.758831154000063],[90.48247314500009,23.761808548000033]]]}},{"type":"Feature","id":"dhaka-dhamrai","properties":{"canonical_id":"dhaka-dhamrai","name_en":"Dhamrai","name_bn":"ধামরাই","district_id":"dhaka","division_id":"dhaka","pcode":"BD-C-13-438","parent_pcode":"BD3026","source_name":"Dhamrai","match_method":"exact_name_or_alias","boundary_reference_year":"2020","boundary_source":"geoBoundaries gbOpen BGD ADM3 / BBS, OCHA ROAP","source_dataset_updated":"2026-08-09"},"geometry":{"type":"Polygon","coordinates":[[[90.14755261800008,24.03354300500007],[90.12889311100008,24.033239196000068],[90.12456724100008,24.03103042300006],[90.12369620000004,24.028677647000052],[90.12064354400007,24.028553630000033],[90.12015717500003,24.02536165300006],[90.10993996200006,24.026528847000066],[90.10966759300004,24.018810357000064],[90.10817527800003,24.017570036000052],[90.10215023800004,24.019037973000025],[90.09617567100008,24.02699254500004],[90.09405888100008,24.02735176500005],[90.08983562800006,24.035025560000065],[90.08444839000003,24.03537298200007],[90.08165104600005,24.040669127000058],[90.07508097600004,24.04115458800004],[90.07383625600005,24.040651642000057],[90.07449125700003,24.03381950800008],[90.06979945500007,24.03236864400003],[90.06594546200006,24.037443127000074],[90.06473200700003,24.03540460000005],[90.06541883800008,24.031666057000052],[90.06359708700006,24.02925745300007],[90.06009023900003,24.030409359000032],[90.04073904600006,24.028389665000077],[90.02470298500003,24.02104077100006],[90.02203307700006,24.023907251000026],[90.02061052200008,24.023577768000052],[90.01963839000007,24.02874382500005],[90.02196553200008,24.027878100000066],[90.02608846600003,24.029615611000054],[90.02717512300006,24.03394021200006],[90.01742949400006,24.03611616200004],[90.01729629300007,24.04434969700003],[90.01201737400004,24.04252454600004],[90.01060643100004,24.032323776000055],[90.01235155200004,24.030637988000024],[90.01727303400008,24.03130590300003],[90.01944033700005,24.025731569000072],[90.01742587100006,24.025207372000068],[90.01824926600005,24.02173772900005],[90.01389472700004,24.017562987000076],[90.00491426000008,24.017463054000075],[90.00463335400008,24.016191761000073],[90.00716868000006,24.014898908000077],[90.00759375000007,24.011362161000022],[90.01347731500005,24.007608249000043],[90.01342619500008,24.012419109000064],[90.01970770600008,24.00968953200004],[90.01982455300003,24.014255369000068],[90.02213323600006,24.014815059000057],[90.02397543200004,24.011757897000052],[90.02304917500004,24.007543318000046],[90.02487206500007,24.005412526000043],[90.02970053000007,24.003649792000033],[90.03141221400006,24.006063350000034],[90.04297051200007,24.004547626000033],[90.04419292300008,24.003174926000042],[90.04338067500004,23.998061148000033],[90.04505687300008,23.995989430000066],[90.04794530200007,23.996275897000032],[90.05106493300008,23.99926629500004],[90.05643045300008,23.999556838000046],[90.05606924300008,23.996972022000023],[90.05210358700003,23.993585153000026],[90.05018469500004,23.989002430000028],[90.04395253600006,23.98654979400004],[90.03884239100006,23.982591039000056],[90.03906672400007,23.977747367000063],[90.04432934400006,23.97356619800007],[90.03803123200004,23.97165076400006],[90.04698120700004,23.962425075000056],[90.05061323800004,23.96061913400007],[90.06043028900007,23.95769247100003],[90.06594153700007,23.96039597300006],[90.07396086800009,23.960252317000027],[90.07371827900005,23.957658440000046],[90.06896296900004,23.954014378000068],[90.06481210300007,23.95294528200003],[90.06351840100007,23.95094965800007],[90.06764842500007,23.941643372000044],[90.06596931600006,23.933482171000037],[90.06688461700008,23.92846707700005],[90.06915020100007,23.92669853800004],[90.07366617000008,23.927005801000064],[90.07471966400004,23.925818655000057],[90.07401440500007,23.92326394300005],[90.06673998200006,23.917111093000074],[90.06699311200003,23.91138835600003],[90.06923756200007,23.906820321000055],[90.07188378900008,23.905123827000068],[90.07595868500005,23.90637794500003],[90.08038230300008,23.910882896000032],[90.08285301600006,23.910899650000033],[90.08576401300007,23.911375646000067],[90.09322706600005,23.904880912000067],[90.09311940800006,23.90117258500004],[90.09783695900006,23.902013063000027],[90.10847060300006,23.895319647000065],[90.11318322000005,23.88779897200004],[90.11266522900007,23.88518162500003],[90.11604749300005,23.875580396000032],[90.11798277400004,23.873502580000036],[90.12167190300005,23.873448900000028],[90.12674969500006,23.866503893000072],[90.13044224500004,23.864552610000032],[90.14627327200003,23.844476609000026],[90.15093085800004,23.83423487500005],[90.15051828400004,23.828241624000043],[90.15430808600007,23.828792814000053],[90.15567913200005,23.832978016000027],[90.15968528300004,23.833162473000073],[90.16628787100007,23.82866124000003],[90.17187980400007,23.827795323000032],[90.17210358100004,23.81786153400003],[90.17370898900003,23.817978851000078],[90.17532348800006,23.82212183300004],[90.18099554500003,23.821313642000064],[90.18540735700003,23.818302258000074],[90.19513404400004,23.822226186000023],[90.19767385900008,23.824607541000034],[90.19719276600006,23.830302601000028],[90.20393947900004,23.83079456400003],[90.20354627900008,23.837984404000053],[90.20638176000006,23.835711778000075],[90.21259431200008,23.839446181000028],[90.21868125500004,23.840167605000033],[90.22741415400003,23.835302252000076],[90.23960269300005,23.83211507200008],[90.24576190300007,23.838399899000024],[90.24380636700005,23.843864841000027],[90.23865904100006,23.84530793600004],[90.23801955400006,23.847013808000042],[90.23612761700008,23.860049462000063],[90.23699499000008,23.865130588000056],[90.23196879100004,23.871332820000077],[90.23430025700009,23.88171097000003],[90.22907533500006,23.884447764000072],[90.23015142300005,23.895641306000073],[90.22674743200008,23.90038895400005],[90.22848165900007,23.908913562000066],[90.22686082000007,23.915751244000035],[90.22481733400008,23.918173240000044],[90.22460161200007,23.927839922000032],[90.22808937600007,23.93048015000005],[90.22798047300006,23.934565211000063],[90.23166386200006,23.935863753000035],[90.23107801600008,23.942638358000067],[90.22553095300003,23.947537072000046],[90.20992559800004,23.95683600800004],[90.20317592100008,23.965896088000022],[90.19847191000008,23.968027670000026],[90.19995994500005,23.972679097000025],[90.19868675200007,23.975326668000037],[90.19021528500008,23.977693154000065],[90.19075451000003,23.984649089000072],[90.18667372300007,23.988383337000073],[90.18601161200007,23.999246656000025],[90.18329933900009,24.001678490000074],[90.17637857600005,24.000330064000025],[90.17083505000005,24.001102960000026],[90.16635313100005,24.00938376000005],[90.16763205700005,24.010870442000055],[90.16209350200006,24.014786831000038],[90.16161123100005,24.01958406500006],[90.15966562600005,24.01946699100006],[90.15895641800006,24.021480804000078],[90.15599910400005,24.02156344200006],[90.14944682900006,24.025719191000064],[90.14706269800007,24.025401980000026],[90.14755261800008,24.03354300500007]]]}},{"type":"Feature","id":"dhaka-dhanmondi","properties":{"canonical_id":"dhaka-dhanmondi","name_en":"Dhanmondi","name_bn":"ধানমন্ডি","district_id":"dhaka","division_id":"dhaka","pcode":"BD-C-13-584","parent_pcode":"BD3026","source_name":"Dhanmondi","match_method":"exact_name_or_alias","boundary_reference_year":"2020","boundary_source":"geoBoundaries gbOpen BGD ADM3 / BBS, OCHA ROAP","source_dataset_updated":"2026-08-09"},"geometry":{"type":"Polygon","coordinates":[[[90.38320792300004,23.74009120200003],[90.37823566900005,23.75126839400008],[90.37497277400007,23.756925419000027],[90.36386487200008,23.748789559000045],[90.37028941100004,23.73248650200003],[90.37046238000005,23.736155793000023],[90.37635927200006,23.73828847300007],[90.37845052400007,23.737383815000044],[90.38353331100006,23.738472226000056],[90.38320792300004,23.74009120200003]]]}},{"type":"Feature","id":"dhaka-dohar","properties":{"canonical_id":"dhaka-dohar","name_en":"Dohar","name_bn":"দোহার","district_id":"dhaka","division_id":"dhaka","pcode":"BD-C-13-441","parent_pcode":"BD3026","source_name":"Dohar","match_method":"exact_name_or_alias","boundary_reference_year":"2020","boundary_source":"geoBoundaries gbOpen BGD ADM3 / BBS, OCHA ROAP","source_dataset_updated":"2026-08-09"},"geometry":{"type":"Polygon","coordinates":[[[90.07816954700007,23.561423728000022],[90.10200941900007,23.568579750000026],[90.11380579400009,23.565358122000077],[90.12989491600007,23.565098238000076],[90.13499457400007,23.56160100200003],[90.13637965800007,23.553951217000076],[90.14791771300008,23.54097850100004],[90.15825715400007,23.522147180000047],[90.17004965200005,23.527356885000074],[90.17431140100007,23.52458246300006],[90.17645181900008,23.526845613000035],[90.17814170900004,23.53663984700006],[90.18096019000006,23.53886940800004],[90.18158762500008,23.541400139000075],[90.18045039000003,23.54938707900004],[90.17745223600008,23.551467520000074],[90.17716190100003,23.55575845800007],[90.18114043300005,23.555792265000036],[90.18576218200008,23.562928972000066],[90.19221058300008,23.559380824000073],[90.20346705300005,23.56426343100003],[90.20567178900006,23.568944052000063],[90.20121459900008,23.57097154400003],[90.19739387200008,23.57724974100006],[90.19204234100005,23.57719321600007],[90.19021126900003,23.580599713000026],[90.18104447300004,23.580952780000075],[90.18288348900006,23.585094997000056],[90.18210569900003,23.59007637800005],[90.17708883900008,23.597635300000036],[90.18029893300007,23.599931019000053],[90.17906884000007,23.602884474000064],[90.17625910900006,23.606140625000023],[90.17339253800003,23.605649306000032],[90.17021456900005,23.608086597000067],[90.16812792400003,23.615798921000078],[90.16890274600007,23.618732042000033],[90.16468735000007,23.61968275600003],[90.16090664400008,23.624675638000042],[90.16280533000008,23.62852162100006],[90.15902270000004,23.630157653000026],[90.16096205000008,23.62814812000005],[90.16069610500006,23.62612561800006],[90.15773737100005,23.629320612000072],[90.14993756400008,23.629994512000053],[90.14519226600004,23.634017480000068],[90.14663988300003,23.63644875600005],[90.14922698100008,23.63639660900003],[90.14730703300006,23.638764465000065],[90.14607144000007,23.63912920100006],[90.14387469500008,23.63643441000005],[90.14376970500007,23.638210010000023],[90.13878186700003,23.640781552000078],[90.13833756800005,23.63872417300007],[90.13646367100006,23.638150558000063],[90.13812306300008,23.637236780000023],[90.13501473500008,23.63635938500005],[90.13580581500008,23.64317109600006],[90.13391311900006,23.644349824000074],[90.13423808500005,23.642116755000075],[90.13029482400003,23.639483116000065],[90.12813756500003,23.640514084000074],[90.12666645000007,23.636282309000023],[90.12267940000004,23.637269522000054],[90.12140010800005,23.638153482000064],[90.12354877300004,23.643946306000032],[90.12273010100006,23.64629942700003],[90.10497185000008,23.645447578000073],[90.10025557600005,23.647069257000055],[90.09801248300005,23.649769794000065],[90.09208910700005,23.647226751000062],[90.08700003600006,23.647043389000032],[90.08552090900008,23.647894421000046],[90.08692429800004,23.648818934000076],[90.08615511800008,23.651054973000043],[90.08119379500005,23.652542976000063],[90.07531182800005,23.651864535000072],[90.07408501400005,23.654250906000073],[90.07133364400005,23.653841770000042],[90.06891084500006,23.655303915000047],[90.06764098200006,23.658879754000054],[90.05953048200007,23.655094966000036],[90.05604720800005,23.65500367900006],[90.05368182900008,23.655718668000077],[90.05300830600004,23.65881431500003],[90.04602585400005,23.659254634000035],[90.04453274500008,23.652579858000024],[90.04202445200008,23.650103885000078],[90.03948355000006,23.657095350000077],[90.03578926800003,23.656502344000046],[90.03558894200006,23.657944245000067],[90.03245869800008,23.65814591000003],[90.03251791900004,23.660940973000038],[90.02920824000006,23.66625797300003],[90.02794411400004,23.666374503000043],[90.02732526600005,23.664393054000072],[90.02444823500008,23.664267075000055],[90.02301660200004,23.668493494000074],[90.02055118700008,23.665207611000028],[90.02061330300006,23.65873393800007],[90.01830032400005,23.65249541000003],[90.00715939800006,23.644709508000062],[90.00769718900006,23.634942220000028],[90.03107364900006,23.629876418000038],[90.04476068000008,23.629011571000035],[90.04327038000008,23.623109059000058],[90.04761215300005,23.61305935400003],[90.039007,23.609392738000054],[90.04054123200007,23.598901283000032],[90.04281770900008,23.595215276000033],[90.05564064500004,23.584081059000027],[90.04648820300008,23.57393396300006],[90.05714337500007,23.571747281000057],[90.07403576400009,23.565494494000063],[90.07816954700007,23.561423728000022]]]}},{"type":"Feature","id":"dhaka-gandaria","properties":{"canonical_id":"dhaka-gandaria","name_en":"Gandaria","name_bn":"গেন্ডারিয়া","district_id":"dhaka","division_id":"dhaka","pcode":"BD-C-13-585","parent_pcode":"BD3026","source_name":"Gendaria","match_method":"exact_name_or_alias","boundary_reference_year":"2020","boundary_source":"geoBoundaries gbOpen BGD ADM3 / BBS, OCHA ROAP","source_dataset_updated":"2026-08-09"},"geometry":{"type":"Polygon","coordinates":[[[90.42603262600005,23.716382382000063],[90.42429840000005,23.717860870000038],[90.42238120000007,23.716048605000026],[90.41986198100005,23.717024321000054],[90.41803949500007,23.710497272000055],[90.42061717900003,23.708621686000072],[90.41765752500004,23.702370518000066],[90.41943984000005,23.701809937000064],[90.41708008700004,23.699702996000042],[90.42029088500004,23.695989078000025],[90.42379293000005,23.69821373700006],[90.42351055400007,23.70000561200004],[90.42478098500004,23.699301906000073],[90.42572932200005,23.700478626000063],[90.42627741300004,23.699179860000072],[90.42652481200008,23.701416213000073],[90.42917530100004,23.701718460000052],[90.42412663400006,23.71018506100006],[90.42353836400008,23.712141159000055],[90.42647718900008,23.71177006700003],[90.42603262600005,23.716382382000063]]]}},{"type":"Feature","id":"dhaka-gulshan","properties":{"canonical_id":"dhaka-gulshan","name_en":"Gulshan","name_bn":"গুলশান","district_id":"dhaka","division_id":"dhaka","pcode":"BD-C-13-586","parent_pcode":"BD3026","source_name":"Gulshan","match_method":"exact_name_or_alias","boundary_reference_year":"2020","boundary_source":"geoBoundaries gbOpen BGD ADM3 / BBS, OCHA ROAP","source_dataset_updated":"2026-08-09"},"geometry":{"type":"Polygon","coordinates":[[[90.41532555300006,23.811029380000036],[90.41307965300007,23.80978191300005],[90.41550687600005,23.806406166000045],[90.41228515900008,23.80456293700007],[90.40679816500005,23.805055370000048],[90.40672969200006,23.801047443000073],[90.40455683300007,23.79971025100008],[90.40239795900004,23.800474930000064],[90.40112331900008,23.798678547000065],[90.39782497500005,23.77810970200005],[90.39786025200004,23.77810454100006],[90.40004582900008,23.773337785000024],[90.41395299500005,23.772226388000036],[90.41520743100006,23.770258882000064],[90.41756887700006,23.76983476500004],[90.42044219400003,23.777199894000034],[90.42204172600003,23.78878865300004],[90.42610454200008,23.789075811000032],[90.42603721500006,23.790493130000073],[90.42224814300005,23.806665991000045],[90.42347355800007,23.807242575000032],[90.42018258000007,23.81056496900004],[90.42108926900005,23.811909626000045],[90.41532555300006,23.811029380000036]]]}},{"type":"Feature","id":"dhaka-hazaribagh","properties":{"canonical_id":"dhaka-hazaribagh","name_en":"Hazaribagh","name_bn":"হাজারীবাগ","district_id":"dhaka","division_id":"dhaka","pcode":"BD-C-13-587","parent_pcode":"BD3026","source_name":"Hazaribagh","match_method":"exact_name_or_alias","boundary_reference_year":"2020","boundary_source":"geoBoundaries gbOpen BGD ADM3 / BBS, OCHA ROAP","source_dataset_updated":"2026-08-09"},"geometry":{"type":"Polygon","coordinates":[[[90.36386487200008,23.748789559000045],[90.35616959000004,23.74538959100005],[90.35462373200005,23.74751127600007],[90.35341388700004,23.745533099000056],[90.35103206200006,23.746215533000054],[90.35499154600006,23.753897809000023],[90.35649125600008,23.75399851800006],[90.35149464400007,23.75807231400006],[90.34650416300008,23.75389103200007],[90.33942653500009,23.752031807000037],[90.33786858600007,23.750300095000057],[90.34208051500008,23.748348544000066],[90.35251252400008,23.738300649000053],[90.35383403400004,23.738512153000045],[90.35861872700008,23.72770887400003],[90.36027857300007,23.72776716100003],[90.36064479600003,23.72536759700006],[90.36557370800006,23.724589801000036],[90.36512315900006,23.72333737500003],[90.37565833800005,23.72171987200005],[90.37728242300005,23.726007046000063],[90.37557919900007,23.72959124600004],[90.37028941100004,23.73248650200003],[90.36386487200008,23.748789559000045]]]}},{"type":"Feature","id":"dhaka-jatrabari","properties":{"canonical_id":"dhaka-jatrabari","name_en":"Jatrabari","name_bn":"যাত্রাবাড়ী","district_id":"dhaka","division_id":"dhaka","pcode":"BD-C-13-588","parent_pcode":"BD3026","source_name":"Jatrabari","match_method":"exact_name_or_alias","boundary_reference_year":"2020","boundary_source":"geoBoundaries gbOpen BGD ADM3 / BBS, OCHA ROAP","source_dataset_updated":"2026-08-09"},"geometry":{"type":"Polygon","coordinates":[[[90.45615400100007,23.73311933100007],[90.44737917100008,23.729627376000053],[90.44636824500003,23.726998454000068],[90.44812804500003,23.724469912000075],[90.44682711600007,23.723280257000056],[90.43214467400009,23.72255456000005],[90.43121723800004,23.719668222000053],[90.42837034700005,23.720332246000055],[90.42773345600006,23.716749492000076],[90.42603262600005,23.716382382000063],[90.42647718900008,23.71177006700003],[90.42353836400008,23.712141159000055],[90.42412663400006,23.71018506100006],[90.42948406700003,23.707730862000062],[90.43369931500007,23.703425050000078],[90.43827257200007,23.702979937000066],[90.43871102400004,23.701090651000072],[90.44188889900005,23.700249778000057],[90.44309279700008,23.698219015000063],[90.44957048500004,23.703072794000036],[90.46670927800005,23.694844256000067],[90.46476060200007,23.699396860000036],[90.46635502900006,23.700218540000037],[90.46595441500006,23.702211414000033],[90.46783155000008,23.702355917000034],[90.47041878700009,23.706819730000063],[90.47642734200008,23.70958166400004],[90.47438853300008,23.72138661100007],[90.47371708100007,23.72256402000005],[90.46819158000005,23.719064383000045],[90.46751634400005,23.720397023000032],[90.46479350600003,23.719935538000072],[90.46311425200008,23.725890160000063],[90.45937297600005,23.725823412000068],[90.45615400100007,23.73311933100007]]]}},{"type":"Feature","id":"dhaka-kadamtali","properties":{"canonical_id":"dhaka-kadamtali","name_en":"Kadamtali","name_bn":"কদমতলী","district_id":"dhaka","division_id":"dhaka","pcode":"BD-C-13-589","parent_pcode":"BD3026","source_name":"Kadamtali","match_method":"exact_name_or_alias","boundary_reference_year":"2020","boundary_source":"geoBoundaries gbOpen BGD ADM3 / BBS, OCHA ROAP","source_dataset_updated":"2026-08-09"},"geometry":{"type":"Polygon","coordinates":[[[90.46670927800005,23.694844256000067],[90.44957048500004,23.703072794000036],[90.44309279700008,23.698219015000063],[90.44188889900005,23.700249778000057],[90.43871102400004,23.701090651000072],[90.43553700800004,23.70023770800003],[90.43450584400006,23.693624020000073],[90.43829950900005,23.687640204000047],[90.43632098000006,23.687137568000026],[90.43428207100004,23.68927211500005],[90.42722220200005,23.688665383000057],[90.42667994500005,23.687297810000075],[90.44542812700007,23.668837766000024],[90.44896385600003,23.668106478000027],[90.45262215200006,23.672810471000048],[90.45386328700005,23.677556437000078],[90.45575867200006,23.677121928000076],[90.45860381100005,23.679025465000052],[90.45834769300006,23.68034605300005],[90.46192739200006,23.683527456000036],[90.46481572300007,23.68274774300005],[90.46827575700007,23.685224296000058],[90.46670927800005,23.694844256000067]]]}},{"type":"Feature","id":"dhaka-kafrul","properties":{"canonical_id":"dhaka-kafrul","name_en":"Kafrul","name_bn":"কাফরুল","district_id":"dhaka","division_id":"dhaka","pcode":"BD-C-13-590","parent_pcode":"BD3026","source_name":"Kafrul","match_method":"exact_name_or_alias","boundary_reference_year":"2020","boundary_source":"geoBoundaries gbOpen BGD ADM3 / BBS, OCHA ROAP","source_dataset_updated":"2026-08-09"},"geometry":{"type":"Polygon","coordinates":[[[90.38306273900008,23.816738563000058],[90.38297891500008,23.811696762000054],[90.37765694700005,23.81138640900008],[90.37459229900008,23.806166019000045],[90.36856213200008,23.807102061000023],[90.37651038700005,23.788648799000043],[90.37250026500004,23.78812742300005],[90.36967511500006,23.783372727000028],[90.37207098800008,23.78479085500004],[90.37295679300007,23.782770860000028],[90.37840598600008,23.783977184000037],[90.38329578800005,23.765456461000042],[90.38898647000008,23.764570886000058],[90.38990601400008,23.775302339000064],[90.39410245600004,23.776419877000023],[90.39293577800004,23.781744367000044],[90.39214514600008,23.782393327000023],[90.39089020000006,23.779375711000057],[90.38825853400004,23.78164498500007],[90.38751871000005,23.787025119000077],[90.38870824900005,23.787647063000065],[90.38718259700005,23.789327549000063],[90.38765073200005,23.790731081000047],[90.39179960400008,23.790503381000065],[90.39436691000003,23.80063606400006],[90.39866595700005,23.805855931000053],[90.40024393900006,23.817176817000075],[90.39154104000005,23.81493841200006],[90.39115842500007,23.816303176000076],[90.38806259200004,23.815569805000052],[90.38306273900008,23.816738563000058]]]}},{"type":"Feature","id":"dhaka-kalabagan","properties":{"canonical_id":"dhaka-kalabagan","name_en":"Kalabagan","name_bn":"কলাবাগান","district_id":"dhaka","division_id":"dhaka","pcode":"BD-C-13-591","parent_pcode":"BD3026","source_name":"Kalabagan","match_method":"exact_name_or_alias","boundary_reference_year":"2020","boundary_source":"geoBoundaries gbOpen BGD ADM3 / BBS, OCHA ROAP","source_dataset_updated":"2026-08-09"},"geometry":{"type":"Polygon","coordinates":[[[90.38320792300004,23.74009120200003],[90.38369228900007,23.741502694000076],[90.39182644100003,23.741673021000054],[90.39321992300006,23.74998151500006],[90.38736793100009,23.751005426000063],[90.38248945600003,23.753043865000052],[90.37823566900005,23.75126839400008],[90.38320792300004,23.74009120200003]]]}},{"type":"Feature","id":"dhaka-kamrangirchar","properties":{"canonical_id":"dhaka-kamrangirchar","name_en":"Kamrangirchar","name_bn":"কামরাঙ্গীরচর","district_id":"dhaka","division_id":"dhaka","pcode":"BD-C-13-592","parent_pcode":"BD3026","source_name":"Kamrangir Char","match_method":"exact_name_or_alias","boundary_reference_year":"2020","boundary_source":"geoBoundaries gbOpen BGD ADM3 / BBS, OCHA ROAP","source_dataset_updated":"2026-08-09"},"geometry":{"type":"Polygon","coordinates":[[[90.38315947900008,23.713282616000072],[90.38119748200006,23.71426402900005],[90.37797824100005,23.71076583100006],[90.37351804300005,23.71036765300005],[90.37167063800007,23.71408823300004],[90.36030086500006,23.720524132000037],[90.36206098200006,23.71238505100007],[90.36738553700008,23.707405149000067],[90.38642804000006,23.708761847000062],[90.38519273400004,23.712294547000056],[90.38315947900008,23.713282616000072]]]}},{"type":"Feature","id":"dhaka-keraniganj","properties":{"canonical_id":"dhaka-keraniganj","name_en":"Keraniganj","name_bn":"কেরাণীগঞ্জ","district_id":"dhaka","division_id":"dhaka","pcode":"BD-C-13-439","parent_pcode":"BD3026","source_name":"Keraniganj","match_method":"exact_name_or_alias","boundary_reference_year":"2020","boundary_source":"geoBoundaries gbOpen BGD ADM3 / BBS, OCHA ROAP","source_dataset_updated":"2026-08-09"},"geometry":{"type":"Polygon","coordinates":[[[90.39972308700004,23.710766044000025],[90.38519273400004,23.712294547000056],[90.38642804000006,23.708761847000062],[90.36738553700008,23.707405149000067],[90.36206098200006,23.71238505100007],[90.36030086500006,23.720524132000037],[90.35861872700008,23.72770887400003],[90.35383403400004,23.738512153000045],[90.35251252400008,23.738300649000053],[90.34208051500008,23.748348544000066],[90.33948754000005,23.744794866000063],[90.33741047600006,23.746092747000034],[90.33359487700005,23.742826726000033],[90.33085965800007,23.744272169000055],[90.32657529700003,23.74279542200003],[90.32275114800007,23.74387663500005],[90.31706826800007,23.748583073000077],[90.31168405100004,23.757572954000068],[90.31277157500006,23.771973717000037],[90.31082729000008,23.773614790000067],[90.30114111400007,23.77347196100004],[90.29190347600007,23.770631458000025],[90.28936614600008,23.767724928000064],[90.28630604300008,23.749822433000077],[90.28206751000005,23.751541900000063],[90.27697739200005,23.746215671000073],[90.26579513700005,23.74463032400007],[90.25968104200007,23.747890193000046],[90.25662799000008,23.75161615600007],[90.25672997600003,23.762026608000042],[90.25165546800008,23.770561145000045],[90.24584412000007,23.77678547900007],[90.24112256200004,23.778138211000055],[90.23653815100005,23.779737858000033],[90.22623125900003,23.76427992400005],[90.22464045300006,23.758015882000052],[90.21973391200004,23.752122388000032],[90.21855734600007,23.748314554000046],[90.21981441300005,23.743992923000064],[90.22363777500004,23.739244748000033],[90.23790592300008,23.735745893000058],[90.24083463500006,23.73133795800004],[90.25106549600008,23.72487634600003],[90.25417811000005,23.721744844000057],[90.25551166900004,23.715085034000026],[90.27287518400004,23.693213334000063],[90.27944416300005,23.680072650000056],[90.28618321000005,23.673856036000075],[90.30969445300008,23.659157020000066],[90.33148076500004,23.64173762200005],[90.34526053800005,23.63697443700005],[90.34988574100004,23.637192713000047],[90.35558744800005,23.639846643000055],[90.36512701200007,23.650989966000054],[90.36825592800005,23.652653041000065],[90.39047133300005,23.649856714000066],[90.39576085800007,23.641553041000066],[90.40892829800003,23.631394432000036],[90.43019340800004,23.608605170000033],[90.43353181000003,23.61031999100004],[90.43678797200005,23.616032475000054],[90.44673251400008,23.623869890000037],[90.45049382800005,23.624732357000028],[90.45320863900008,23.623805384000036],[90.46994856500004,23.629157081000074],[90.47268829200004,23.632455252000057],[90.47197868200004,23.638766668000073],[90.44839999200008,23.665324671000064],[90.44896385600003,23.668106478000027],[90.44542812700007,23.668837766000024],[90.42667994500005,23.687297810000075],[90.42722220200005,23.688665383000057],[90.42029088500004,23.695989078000025],[90.41708008700004,23.699702996000042],[90.41186598300004,23.703543543000023],[90.40204430800009,23.70968369800005],[90.39972308700004,23.710766044000025]]]}},{"type":"Feature","id":"dhaka-khilgaon","properties":{"canonical_id":"dhaka-khilgaon","name_en":"Khilgaon","name_bn":"খিলগাঁও","district_id":"dhaka","division_id":"dhaka","pcode":"BD-C-13-593","parent_pcode":"BD3026","source_name":"Khilgaon","match_method":"exact_name_or_alias","boundary_reference_year":"2020","boundary_source":"geoBoundaries gbOpen BGD ADM3 / BBS, OCHA ROAP","source_dataset_updated":"2026-08-09"},"geometry":{"type":"Polygon","coordinates":[[[90.43362746600008,23.763233241000023],[90.43233812400007,23.760133894000035],[90.42932736400007,23.76097201600004],[90.42495022300005,23.75068697300003],[90.41823806700006,23.752397033000022],[90.41600552200003,23.74948579100004],[90.42352308400007,23.74808077700004],[90.42663275500007,23.743974168000022],[90.43380376000005,23.74571675100003],[90.43425042800004,23.74284155400005],[90.43956707200005,23.744722804000048],[90.44168501500008,23.747105154000053],[90.44195986600005,23.74495584700003],[90.44823304500005,23.744233817000065],[90.45470411800005,23.74135783400004],[90.45712267800008,23.74079351000006],[90.46017981800009,23.742731501000037],[90.45973468300008,23.750097107000045],[90.46204577300006,23.752233729000068],[90.47230668500004,23.754006941000057],[90.47395164500006,23.761472859000037],[90.48247314500009,23.761808548000033],[90.48243510900005,23.773362720000023],[90.47889314800005,23.777578910000045],[90.47161984300004,23.781801361000078],[90.46540970500007,23.78342673800006],[90.46276015600006,23.782376215000056],[90.45873326100008,23.77567149500004],[90.46198379700007,23.77359620200008],[90.45661657100004,23.770813803000067],[90.45595702400004,23.76848368900005],[90.45214739500005,23.766029595000077],[90.45228017400007,23.762564697000073],[90.45478248700005,23.763922945000047],[90.45448041700007,23.76012851200005],[90.44603791200007,23.75910930200007],[90.44441989700005,23.76328583800006],[90.44159852600006,23.763860924000028],[90.44182098900006,23.766254808000042],[90.43694931100003,23.764765254000054],[90.43604341900004,23.762839152000026],[90.43362746600008,23.763233241000023]]]}},{"type":"Feature","id":"dhaka-khilkhet","properties":{"canonical_id":"dhaka-khilkhet","name_en":"Khilkhet","name_bn":"খিলক্ষেত","district_id":"dhaka","division_id":"dhaka","pcode":"BD-C-13-594","parent_pcode":"BD3026","source_name":"Khilkhet","match_method":"exact_name_or_alias","boundary_reference_year":"2020","boundary_source":"geoBoundaries gbOpen BGD ADM3 / BBS, OCHA ROAP","source_dataset_updated":"2026-08-09"},"geometry":{"type":"Polygon","coordinates":[[[90.48576851600006,23.821326077000037],[90.48660886400006,23.826101793000078],[90.48426506700008,23.82813759800007],[90.48393931300006,23.83158104900008],[90.48046479000004,23.832214754000063],[90.47724506400004,23.83497701700003],[90.47175488400006,23.842493197000067],[90.47126942300008,23.84730829600005],[90.46568898300006,23.843657767000025],[90.46407007400006,23.84630177300005],[90.45855745500006,23.846675619000052],[90.45392227100007,23.848754365000048],[90.45301062300007,23.84586838900003],[90.44706508500008,23.848866432000023],[90.44224066100008,23.84662452400005],[90.43663854300007,23.847606965000068],[90.43417980500004,23.845019930000035],[90.42388393800007,23.847578226000053],[90.42166476200003,23.845355577000078],[90.42182958100005,23.840906679000057],[90.41319460500006,23.833628499000042],[90.41266279700005,23.82577178500003],[90.41430107600007,23.821553705000042],[90.41672192900006,23.819882608000057],[90.41899415800003,23.821631083000057],[90.42165180000006,23.82051182400005],[90.42956631000004,23.82157058000007],[90.42911437700008,23.826070754000057],[90.43628106400007,23.827481895000062],[90.44197439000004,23.826008898000055],[90.44825675000004,23.828079498000022],[90.45385620000008,23.826774310000076],[90.45546817000007,23.827620857000056],[90.47343443000005,23.821381259000077],[90.47973938000007,23.82301751800003],[90.48576851600006,23.821326077000037]]]}},{"type":"Feature","id":"dhaka-kotwali","properties":{"canonical_id":"dhaka-kotwali","name_en":"Kotwali","name_bn":"কোতোয়ালী","district_id":"dhaka","division_id":"dhaka","pcode":"BD-C-13-595","parent_pcode":"BD3026","source_name":"Kotwali","match_method":"exact_name_or_alias","boundary_reference_year":"2020","boundary_source":"geoBoundaries gbOpen BGD ADM3 / BBS, OCHA ROAP","source_dataset_updated":"2026-08-09"},"geometry":{"type":"Polygon","coordinates":[[[89.38534010600006,23.08508781200004],[89.38459733800005,23.086521176000076],[89.38959592300006,23.106483866000076],[89.38274662500004,23.128953972000033],[89.37822307100004,23.13557094300006],[89.37496571300005,23.137735017000068],[89.37105371200005,23.13815530100004],[89.36521783400008,23.134741158000054],[89.35691596400005,23.132953993000058],[89.34555336700004,23.14058638700004],[89.33322997200008,23.141019139000036],[89.32287830300004,23.146083133000047],[89.32365884100005,23.14735786700004],[89.32550980900004,23.146277333000057],[89.32739098200005,23.147212375000038],[89.32853785500004,23.149594617000048],[89.32255267000005,23.15948826400006],[89.32129294700007,23.166239450000035],[89.32416635100003,23.16661255500003],[89.33364185300007,23.16173845900005],[89.33758744700003,23.162778641000045],[89.33851857600007,23.165078608000044],[89.32889014300008,23.17060722800005],[89.32822358200008,23.17368234500003],[89.33304688200008,23.180282181000052],[89.32859924500008,23.18406047700006],[89.32334823600007,23.182448773000033],[89.32370377700005,23.176589654000054],[89.31500910000005,23.16730917900003],[89.31126678600003,23.166766695000035],[89.30983017200003,23.16906774100005],[89.31060868800006,23.173063116000037],[89.30050618200005,23.174254374000043],[89.30032470500004,23.177272799000036],[89.30345964600008,23.182657293000034],[89.30033064700007,23.18646487700005],[89.30451177000003,23.190108964000046],[89.30574320100004,23.193430018000072],[89.30066697000007,23.192075763000048],[89.29901544700004,23.197263423000038],[89.29422852400006,23.20250251300007],[89.29100684200006,23.20191500800007],[89.29065935400007,23.20856384600006],[89.28886984500008,23.208260507000034],[89.28804259600008,23.20986460200004],[89.29143139400009,23.213657875000024],[89.29660128800003,23.215340860000026],[89.29718499500007,23.224139723000064],[89.30026285600007,23.228344106000065],[89.30159157900005,23.23402430300007],[89.29951214500005,23.23465581100004],[89.29805230000005,23.232163023000055],[89.29575535000004,23.231932010000037],[89.26839134700003,23.236237579000033],[89.26577750900003,23.23876471600005],[89.26663954500003,23.242279652000036],[89.26823653500009,23.243061090000026],[89.26766415300006,23.247469783000042],[89.26083682900008,23.25077652400006],[89.26268772500003,23.264781972000037],[89.26000453800003,23.267960147000053],[89.25812852400009,23.268197998000062],[89.25872163400004,23.269673694000062],[89.25417472600003,23.268418066000038],[89.25211780200004,23.27057612300007],[89.25292644100006,23.27223747100004],[89.25086594700008,23.274801397000033],[89.25017003700003,23.27969378000006],[89.24232706700008,23.275444633000063],[89.23706437700008,23.277922876000048],[89.23775621600004,23.27957243900005],[89.24544901100006,23.283917064000036],[89.24787989300006,23.293625289000033],[89.24686137700007,23.297047727000063],[89.23470681900005,23.31003368100005],[89.22327544900008,23.31219100800007],[89.21463100900007,23.315709594000054],[89.21340370800004,23.317819885000063],[89.21011586700007,23.325907248000078],[89.20377339900006,23.310230196000077],[89.20657399600003,23.307463493000057],[89.20723365800006,23.302384878000055],[89.20310300200003,23.29830774900006],[89.19953276400008,23.291414649000046],[89.19599873000004,23.291933448000066],[89.19390837900005,23.289787081000043],[89.18740450000007,23.288899384000047],[89.17080285500003,23.290598131000024],[89.16889583000005,23.28429066700005],[89.16000374900005,23.28293867900004],[89.14640824500003,23.286856542000066],[89.14446707500008,23.276133983000022],[89.13306131500008,23.27765603000006],[89.13053147800008,23.27407363800006],[89.12954013300003,23.260794892000035],[89.12353186800004,23.26065082100007],[89.12001243500004,23.257031125000026],[89.11510462000007,23.258062605000077],[89.11247890900006,23.256861146000062],[89.10728990500007,23.25281341400006],[89.10810119400008,23.250205942000036],[89.10470242700006,23.247466704000033],[89.10320744000006,23.243814703000055],[89.10628587300005,23.24124726100007],[89.10441945200006,23.238697940000066],[89.10634462800004,23.234489035000024],[89.10851649900007,23.234597905000044],[89.11413022100004,23.224873410000043],[89.11443375400006,23.222797641000057],[89.11270860500008,23.22097463500006],[89.11614133100005,23.215092343000038],[89.11429402600004,23.211473453000053],[89.11108492800008,23.21125494000006],[89.11237989900008,23.201017102000037],[89.10971264800008,23.193300097000076],[89.11299868500004,23.190306296000074],[89.10819544100008,23.188686036000036],[89.10611631500007,23.185345750000067],[89.10252362600005,23.184048331000042],[89.10256275400008,23.180287630000066],[89.10109508600004,23.180243690000054],[89.10070314800004,23.172508462000053],[89.10220521900004,23.170906415000047],[89.10091482600006,23.16344041900004],[89.10541781700005,23.16024876700004],[89.10436106300006,23.155321701000048],[89.10637018400007,23.147604039000043],[89.10888740800004,23.14632832500007],[89.10945967700007,23.137557515000026],[89.11700138600008,23.13811366400006],[89.11764110100006,23.134433066000042],[89.12033324400005,23.134782879000056],[89.12411050800006,23.13079906100006],[89.13621423700005,23.131009782000035],[89.13939535000009,23.127479032000053],[89.13467610800006,23.12414048100004],[89.12803438900005,23.121991957000034],[89.12760075500006,23.12061716000005],[89.13100155400008,23.119930818000057],[89.13276129700006,23.115455782000026],[89.13976686600006,23.112574884000026],[89.15268434700005,23.11085291300003],[89.14910382300008,23.105196110000065],[89.15053608900007,23.09681807800007],[89.15512527100003,23.093008309000027],[89.15214920600005,23.08462748200003],[89.16461822600007,23.090936123000063],[89.16623213300005,23.095314810000048],[89.16801686500008,23.094515793000028],[89.16747808100007,23.092473810000058],[89.16919718400004,23.092416248000063],[89.16891115400006,23.094471388000045],[89.17146815300003,23.095360439000046],[89.17076907400008,23.096757411000056],[89.17532941700006,23.096681937000028],[89.17438261000007,23.092684507000058],[89.17735251900007,23.090954990000057],[89.17882883400006,23.091733283000053],[89.17852558900006,23.08961747400008],[89.18124938300008,23.089714042000026],[89.18298711100005,23.08752807600007],[89.18504266000008,23.093091601000026],[89.19754307700003,23.095387291000065],[89.19987898000005,23.093406283000036],[89.19860673100004,23.090658377000068],[89.20333318700006,23.092649750000078],[89.20561688900005,23.089093296000044],[89.20852201600007,23.087769895000065],[89.20836198000006,23.08373311500003],[89.20482843600007,23.07804952600003],[89.20990702900008,23.076370060000045],[89.21062056200003,23.071101270000042],[89.21724296700006,23.079144659000065],[89.22023823200004,23.086153152000065],[89.22387077000008,23.08643638500007],[89.22842799300008,23.090536481000072],[89.22844709500004,23.088580399000023],[89.23339465100008,23.08748611200008],[89.23364800300004,23.09274051400007],[89.24557563800005,23.091872083000055],[89.24821677400007,23.094781973000067],[89.25118161600005,23.09414174400007],[89.25826941800005,23.096708358000058],[89.26064192400008,23.095857976000048],[89.26008774100006,23.100214876000052],[89.26758535200008,23.106812799000068],[89.27370820500005,23.104686749000052],[89.27689838300006,23.098569746000067],[89.27542825900008,23.09537495400008],[89.27904550600005,23.09408061000005],[89.27804938700007,23.091371266000067],[89.28086505700009,23.094069713000067],[89.29000534600004,23.092425871000046],[89.29393053800004,23.08803934900004],[89.29765165400005,23.086649059000024],[89.30121998000004,23.089657619000036],[89.30319027900003,23.089158785000052],[89.30593793600008,23.092179990000034],[89.30506664200004,23.095177355000033],[89.30736667800005,23.097273511000026],[89.31625802300005,23.09723492300003],[89.32220137200005,23.09264300700005],[89.32285815900008,23.093831403000024],[89.32066344600008,23.096299832000057],[89.32701670200004,23.09495515800006],[89.32711228100004,23.09641100300007],[89.33093254200008,23.09667113000006],[89.33683525000004,23.094350279000025],[89.33838280500004,23.096299431000034],[89.34326582300008,23.09425069400004],[89.34857797800004,23.09986695300006],[89.34774073100004,23.101241593000054],[89.35019560200004,23.10778709300007],[89.35191568600004,23.108577213000046],[89.35146283800003,23.110034746000053],[89.35503812700006,23.110946488000025],[89.35845866900007,23.109304004000023],[89.36538107700005,23.109636857000055],[89.36534348200007,23.104844126000046],[89.36934208200006,23.102992013000062],[89.36946557800007,23.097977482000033],[89.37480380800008,23.09862594200007],[89.37690747500005,23.096377129000075],[89.38263172700005,23.09648260800003],[89.37783304400006,23.08774349400005],[89.38091591400007,23.08542677400004],[89.38534010600006,23.08508781200004]]]}},{"type":"Feature","id":"dhaka-lalbagh","properties":{"canonical_id":"dhaka-lalbagh","name_en":"Lalbagh","name_bn":"লালবাগ","district_id":"dhaka","division_id":"dhaka","pcode":"BD-C-13-596","parent_pcode":"BD3026","source_name":"Lalbagh","match_method":"exact_name_or_alias","boundary_reference_year":"2020","boundary_source":"geoBoundaries gbOpen BGD ADM3 / BBS, OCHA ROAP","source_dataset_updated":"2026-08-09"},"geometry":{"type":"Polygon","coordinates":[[[90.39947620800007,23.724040811000066],[90.39088118000006,23.726426566000043],[90.38744431300006,23.729914714000074],[90.38709034200008,23.732637642000043],[90.37557919900007,23.72959124600004],[90.37728242300005,23.726007046000063],[90.37565833800005,23.72171987200005],[90.36512315900006,23.72333737500003],[90.36557370800006,23.724589801000036],[90.36064479600003,23.72536759700006],[90.36027857300007,23.72776716100003],[90.35861872700008,23.72770887400003],[90.36030086500006,23.720524132000037],[90.37167063800007,23.71408823300004],[90.37351804300005,23.71036765300005],[90.37797824100005,23.71076583100006],[90.38119748200006,23.71426402900005],[90.38315947900008,23.713282616000072],[90.39114274000008,23.718910367000035],[90.39000959600008,23.724150116000033],[90.39947620800007,23.724040811000066]]]}},{"type":"Feature","id":"dhaka-mirpur","properties":{"canonical_id":"dhaka-mirpur","name_en":"Mirpur","name_bn":"মিরপুর","district_id":"dhaka","division_id":"dhaka","pcode":"BD-C-13-597","parent_pcode":"BD3026","source_name":"Mirpur","match_method":"exact_name_or_alias","boundary_reference_year":"2020","boundary_source":"geoBoundaries gbOpen BGD ADM3 / BBS, OCHA ROAP","source_dataset_updated":"2026-08-09"},"geometry":{"type":"Polygon","coordinates":[[[88.98826460000004,23.786257032000037],[88.98899993700007,23.789884674000064],[88.99564291600007,23.794980131000045],[88.99448487200004,23.797310096000047],[88.99882145400005,23.802677698000025],[89.00536286700003,23.822888830000068],[89.01448043300007,23.825176507000037],[89.01280653500004,23.828418887000055],[89.01354557900004,23.83211869300004],[89.02109192800003,23.833773311000073],[89.02060033100008,23.839583754000046],[89.02531444600004,23.851827266000043],[89.03053372200009,23.851069368000026],[89.03515577700006,23.856778176000034],[89.04304386000007,23.860189430000048],[89.04723045100008,23.860475614000052],[89.05005364800007,23.864032345000055],[89.05545544400007,23.862278993000075],[89.06195152500004,23.86409625300007],[89.06296015500004,23.866631836000067],[89.05990180400005,23.87663046600005],[89.06108243600005,23.87919815500004],[89.06739083200006,23.87833785600003],[89.07372227700006,23.88160266500006],[89.07565225500008,23.879535283000052],[89.08300972300003,23.878363965000062],[89.09290919600005,23.88029840300004],[89.09346764000009,23.882703572000025],[89.09063047800004,23.887417199000026],[89.08603451200008,23.888635217000058],[89.08405889200003,23.89191270500004],[89.08010072100006,23.893415447000052],[89.07830094800005,23.897014530000035],[89.08763047100007,23.905684136000048],[89.09223388600003,23.906517459000042],[89.09678305700004,23.910261924000054],[89.09414368400007,23.91674019000004],[89.08554089700004,23.920844394000028],[89.08635787100008,23.926087060000043],[89.08490771500004,23.931313412000065],[89.08787833100007,23.945229109000024],[89.09029815800005,23.945015410000053],[89.09258312600008,23.94752956800005],[89.09930844200005,23.94616812000004],[89.10065849200004,23.94784068200005],[89.10281825900006,23.946603555000024],[89.10406623200004,23.94772286500006],[89.10472499600007,23.954746577000037],[89.10342267700008,23.956546441000057],[89.09813838600007,23.95770033200006],[89.09861504200006,23.95986395600005],[89.09621794700007,23.96470832500006],[89.09604647400005,23.97277934400006],[89.08050131600004,23.97538574400005],[89.07115755800004,23.97880606500007],[89.06281219200008,23.98737086700004],[89.06263335800008,23.99162081700007],[89.05929876500005,23.99871669500004],[89.05702947900005,23.999166186000025],[89.05120841400009,23.995052541000064],[89.03845194900003,23.991177590000063],[89.02313011900009,23.993766502000028],[89.02196268100005,23.99113372200003],[89.01638263400008,23.987477543000068],[89.01214275400008,23.988820820000058],[88.99526257100007,23.987385807000067],[88.99471368100006,23.989239301000055],[88.98829508900008,23.99142842200007],[88.98375057200008,23.99810758700005],[88.98579636000005,23.998880334000035],[88.98117510200007,23.999998943000037],[88.98257219900006,24.00118456100006],[88.97903395800006,24.00239664700007],[88.97518388900005,24.001312030000065],[88.97398413100007,24.004499421000048],[88.96841764600003,24.00545212800006],[88.96748007200006,24.007328856000072],[88.96416980400005,24.007121381000047],[88.96496752700006,23.99473460300004],[88.96713899000008,23.99016920500003],[88.97222715300006,23.98925396100003],[88.97220492400004,23.982069898000077],[88.96668926200005,23.97939116300006],[88.96337773000005,23.975861257000076],[88.96112674700004,23.97634050100004],[88.96222126200007,23.974868453000056],[88.94861802800006,23.959360420000053],[88.95078992400005,23.95902079700005],[88.95545628200006,23.952721041000075],[88.95589170000005,23.946661105000032],[88.95975060500007,23.94362563900006],[88.96304580100008,23.93686926600003],[88.96376468900007,23.929169167000055],[88.96053629800008,23.921898498000076],[88.95782251100007,23.922202431000073],[88.94886560700007,23.914123782000047],[88.93002137100007,23.90784509300005],[88.92252033800008,23.908292264000067],[88.92093066200005,23.90600859400007],[88.91848034400005,23.907110143000068],[88.91101133200004,23.905936974000042],[88.89650130900009,23.902837386000044],[88.89436197300006,23.900637566000057],[88.89357759600006,23.902953543000024],[88.89111440500005,23.90284661900006],[88.89218473300008,23.899472097000057],[88.88950624500006,23.89834418500004],[88.88960595900005,23.896947870000076],[88.89352367500004,23.895041700000036],[88.88603813000003,23.888849754000034],[88.88523447800009,23.883557213000074],[88.88104534000007,23.880898126000034],[88.88141303600008,23.878112938000072],[88.88480809400005,23.87396509100006],[88.88240855100008,23.866973792000067],[88.86453570500004,23.85372050500007],[88.85896465900004,23.832656085000053],[88.86396450200004,23.829440602000034],[88.87304291100008,23.833649256000058],[88.87854349600008,23.83339303500003],[88.89287820400006,23.827340630000037],[88.89670679500006,23.828822138000078],[88.90322035900004,23.83974924000006],[88.90731731400007,23.837860859000045],[88.91091606200007,23.828307350000046],[88.91542823400005,23.826974845000052],[88.91866759500004,23.824029633000066],[88.92222585900004,23.816404313000078],[88.91451075200007,23.801943849000054],[88.91005532400004,23.78757042700005],[88.91071258800008,23.784038103000057],[88.92207320600005,23.78639379400005],[88.92974738600003,23.791322534000074],[88.93327620500008,23.79811723100005],[88.93889573600006,23.79639482700003],[88.93762064700007,23.804015449000076],[88.94746385000008,23.80108500500006],[88.95329353900007,23.807083806000037],[88.95761054500008,23.808961689000057],[88.96636653200005,23.807859489000066],[88.97417160900005,23.801542049000034],[88.97578719400008,23.799159968000026],[88.97478098400006,23.792411181000034],[88.97656040000004,23.792004150000025],[88.97527296000004,23.79057369000003],[88.97665989600006,23.789011952000067],[88.98486826400006,23.78813307400003],[88.98592026700004,23.78521034700003],[88.98826460000004,23.786257032000037]]]}},{"type":"Feature","id":"dhaka-mohammadpur","properties":{"canonical_id":"dhaka-mohammadpur","name_en":"Mohammadpur","name_bn":"মোহাম্মদপুর","district_id":"dhaka","division_id":"dhaka","pcode":"BD-C-13-598","parent_pcode":"BD3026","source_name":"Mohammadpur","match_method":"exact_name_or_alias","boundary_reference_year":"2020","boundary_source":"geoBoundaries gbOpen BGD ADM3 / BBS, OCHA ROAP","source_dataset_updated":"2026-08-09"},"geometry":{"type":"Polygon","coordinates":[[[89.61759496000008,23.38682453200005],[89.61598196400007,23.396639377000042],[89.60851148900008,23.412423365000052],[89.60687910400009,23.420591216000048],[89.60718983200007,23.458699989000024],[89.60732067900005,23.46846086900007],[89.60488029400005,23.474545093000074],[89.58064727700008,23.493144135000023],[89.57081199100008,23.498806315000024],[89.52709715300006,23.51299890000007],[89.51826123000006,23.513032226000064],[89.51146748500008,23.510687962000077],[89.50842850800007,23.506837806000078],[89.50933140900008,23.493954348000045],[89.50728381000005,23.477757276000034],[89.50867405900004,23.47229741500007],[89.50740636400008,23.467743167000037],[89.50535301400004,23.467616985000063],[89.50556221100004,23.465755208000076],[89.50387187700005,23.46618002500003],[89.50379336800006,23.463116542000023],[89.50182822100004,23.46372337500003],[89.50076587600006,23.458996412000033],[89.49352772000003,23.455810489000044],[89.49230393300007,23.449949333000063],[89.48688402700003,23.442420866000077],[89.49789147100006,23.440974722000078],[89.48897950600008,23.439520317000074],[89.48775146000008,23.437312296000073],[89.49567249900008,23.42865306500005],[89.49419138900004,23.419788233000077],[89.50297624700005,23.418330535000052],[89.50646979300006,23.415579828000034],[89.50367330000006,23.407681368000055],[89.50725038400003,23.40293859800005],[89.50784310800003,23.393752945000074],[89.51375927800007,23.394663449000063],[89.51743542500003,23.393274747000078],[89.52688928600008,23.378717820000077],[89.52212058200007,23.37324182100008],[89.51885248200006,23.360945392000076],[89.51626370100007,23.359518120000075],[89.51950458600004,23.350432541000032],[89.51710249200005,23.339198942000053],[89.51194482200003,23.337762531000067],[89.50537825600009,23.34270381700003],[89.50089361700003,23.342199553000057],[89.49497882800006,23.33291284200004],[89.49792673000007,23.32244471100006],[89.49019857900004,23.317126475000066],[89.48409451400005,23.313090247000048],[89.48042776700004,23.29956489400007],[89.48465251300007,23.29796363400004],[89.48541602400007,23.296263999000075],[89.49023069200007,23.296673218000024],[89.49319304300008,23.294689362000042],[89.49814602100008,23.295287348000045],[89.50361744600008,23.288110575000076],[89.51044730100006,23.28807219400005],[89.51660443700007,23.284432932000072],[89.51663051800006,23.28008645700004],[89.52360319600007,23.278009304000022],[89.52743034300005,23.284493010000062],[89.52837517200004,23.291953144000047],[89.53263354400008,23.29624639000008],[89.53435092200004,23.303297781000026],[89.54127514600003,23.305202130000055],[89.54369853900005,23.30453681000006],[89.54493785900007,23.306861885000046],[89.55599850400006,23.308487919000072],[89.55939317500008,23.313108268000065],[89.56014033200006,23.320393202000048],[89.57000712500007,23.319372195000028],[89.57701876800007,23.320835989000045],[89.57849527800005,23.323394043000064],[89.58147409300005,23.321986108000033],[89.58968117500007,23.32164931400007],[89.59267903300008,23.319558656000027],[89.60464167000003,23.32103005400006],[89.60447304900003,23.312213975000077],[89.61422115500005,23.308476576000032],[89.61765238800007,23.30443874900004],[89.62100736700006,23.307718546000046],[89.63330662300007,23.297735225000054],[89.63959636400006,23.29691481100008],[89.64536153200004,23.298547694000035],[89.63032519400008,23.303797306000035],[89.62238380700006,23.309164329000055],[89.61650497800008,23.316733847000023],[89.60983486600009,23.330953969000063],[89.60373146300003,23.339360784000064],[89.60345478600004,23.346571788000062],[89.60713867600003,23.357787605000055],[89.60801940700009,23.369791229000043],[89.59940738600005,23.37915915800005],[89.60635816200005,23.382113639000067],[89.61420775900007,23.38156355900003],[89.61759496000008,23.38682453200005]]]}},{"type":"Feature","id":"dhaka-motijheel","properties":{"canonical_id":"dhaka-motijheel","name_en":"Motijheel","name_bn":"মতিঝিল","district_id":"dhaka","division_id":"dhaka","pcode":"BD-C-13-599","parent_pcode":"BD3026","source_name":"Motijheel","match_method":"exact_name_or_alias","boundary_reference_year":"2020","boundary_source":"geoBoundaries gbOpen BGD ADM3 / BBS, OCHA ROAP","source_dataset_updated":"2026-08-09"},"geometry":{"type":"Polygon","coordinates":[[[90.41600552200003,23.74948579100004],[90.41296112300006,23.749940735000052],[90.41249389500007,23.74556330300004],[90.41427962000006,23.74415660300008],[90.41986824600008,23.73993563500005],[90.41519629000004,23.732220769000037],[90.41390374600007,23.722618658000044],[90.42168308500004,23.721505387000036],[90.42878207200005,23.722336507000023],[90.42839390200004,23.73858882600007],[90.42663275500007,23.743974168000022],[90.42352308400007,23.74808077700004],[90.41600552200003,23.74948579100004]]]}},{"type":"Feature","id":"dhaka-nawabganj","properties":{"canonical_id":"dhaka-nawabganj","name_en":"Nawabganj","name_bn":"নবাবগঞ্জ","district_id":"dhaka","division_id":"dhaka","pcode":"BD-C-13-440","parent_pcode":"BD3026","source_name":"Nawabganj","match_method":"exact_name_or_alias","boundary_reference_year":"2020","boundary_source":"geoBoundaries gbOpen BGD ADM3 / BBS, OCHA ROAP","source_dataset_updated":"2026-08-09"},"geometry":{"type":"Polygon","coordinates":[[[89.09502098200005,25.55043776100007],[89.09620570300007,25.556879921000075],[89.08715211200007,25.560861179000028],[89.08175049200008,25.561623143000077],[89.08153892900003,25.558403275000046],[89.07726293700006,25.55501675800008],[89.07629256600006,25.552194488000055],[89.06793275500007,25.551706954000053],[89.06825260300008,25.54018986400007],[89.06648307800003,25.537144601000023],[89.06468653600007,25.53675163500003],[89.06591859400004,25.53400937300006],[89.06451975500005,25.530746916000055],[89.05963490100004,25.531565004000072],[89.05324661500003,25.53708899700007],[89.05220066700008,25.544562790000043],[89.04186232200004,25.53946258900004],[89.03408045000003,25.542440939000073],[89.02307755300006,25.54132559800007],[89.02030718900005,25.543735509000044],[89.01440349400008,25.54120766400007],[89.01595094600003,25.537274929000034],[89.00214082900004,25.538416305000055],[89.00296735100005,25.541146063000042],[88.99843602800007,25.542107841000075],[88.99675535500006,25.540332739000064],[88.99052778300006,25.540016241000046],[88.98848383700005,25.538777499000048],[88.98745326400007,25.530646544000035],[88.99598769300007,25.527188799000044],[88.99182875500009,25.52536560200008],[88.99053188600004,25.501128434000066],[88.98530592500003,25.496341070000028],[88.98422777700006,25.493592540000066],[88.98757048500005,25.49164718700007],[88.98754200400003,25.48977728400007],[88.98442851400006,25.48924106800007],[88.98396296500005,25.48792628700005],[88.99283313800004,25.48788079600007],[88.99113288400008,25.48474992100006],[88.99240222700007,25.483668875000035],[89.00004034100004,25.484454800000037],[89.01034765900005,25.482682070000067],[89.01832428700004,25.480420664000064],[89.01946122000004,25.478458656000043],[89.02066713800008,25.47377067800005],[89.01625194400003,25.472517615000072],[89.01863568000005,25.467755710000063],[89.01735167700008,25.46564036500007],[89.01905136800008,25.459886797000024],[89.02589051000007,25.44763434300006],[89.03068021100006,25.44393672900003],[89.03300217900005,25.439720442000066],[89.03149527400006,25.43310972300003],[89.03345683200007,25.427414101000068],[89.03028490700007,25.42452623300005],[89.02958320400006,25.418402766000042],[89.03202479300006,25.41525447400005],[89.02964904000004,25.413205403000063],[89.03171890400006,25.405468060000032],[89.02408285400008,25.401342859000067],[89.02399242600006,25.39844932400007],[89.02743601700007,25.397653243000036],[89.02826700100007,25.39571901100004],[89.03588772100005,25.393772437000052],[89.03861806600008,25.395615474000067],[89.04067465600008,25.39506227800007],[89.04808154100004,25.39769464500006],[89.05484826100007,25.397839877000024],[89.05575221900006,25.40180190700005],[89.06325161500007,25.400517963000027],[89.06929173400005,25.397277890000055],[89.07171822700008,25.398227259000066],[89.07971131800008,25.397134081000047],[89.07301578900007,25.389862442000037],[89.07271366000003,25.386470360000033],[89.07059414100007,25.383999714000026],[89.06488487800004,25.382650244000047],[89.06373341500006,25.37821430500003],[89.06597807700007,25.369914814000026],[89.06517064000008,25.366065751000065],[89.05747554700008,25.36402783500006],[89.05804786100003,25.361554472000023],[89.05502415000007,25.359433374000048],[89.05504011700003,25.357299590000025],[89.04608334400007,25.355697146000068],[89.04321170000009,25.34688618200005],[89.04578975400005,25.347599907000074],[89.04321176900004,25.337916063000023],[89.03982489700007,25.334940671000027],[89.03785449100008,25.329356903000075],[89.03796633100006,25.324320613000054],[89.03989254000004,25.321248879000052],[89.05267274300007,25.324438460000067],[89.05457696000008,25.319713895000064],[89.05761671000005,25.320279112000037],[89.06113102100005,25.317807568000035],[89.06189354200006,25.31369304800006],[89.06699682500005,25.31368310700003],[89.06763361800006,25.309457701000042],[89.07555008500003,25.308938660000024],[89.07567149200008,25.307216942000025],[89.07780197800008,25.30681151400006],[89.07499963400005,25.30673639400004],[89.07640882400005,25.304794738000055],[89.07982865100007,25.30498261100007],[89.08238046000008,25.30736382300006],[89.09399870400006,25.304923621000057],[89.10877312000008,25.30640147300005],[89.11152754100004,25.305049473000054],[89.11308766900004,25.30148125100004],[89.12169801000005,25.302110149000043],[89.12074336000006,25.298723808000034],[89.14099339600006,25.30009325900005],[89.14159539300005,25.303253365000046],[89.14730717600008,25.30469013000004],[89.14829543200005,25.30808835600004],[89.15031281400007,25.308514819000038],[89.15139166200004,25.31639363000005],[89.16026056600003,25.317534814000055],[89.16064811600006,25.319233561000033],[89.15816235000005,25.320914796000068],[89.16425945900005,25.321413421000045],[89.16596705400008,25.33057120600006],[89.16885057300004,25.330357793000076],[89.17043069700009,25.331953749000036],[89.17616479600008,25.331170949000068],[89.17683354900004,25.338249818000065],[89.18436062600006,25.338796811000066],[89.18789904100004,25.348887253000044],[89.19198823700003,25.348341409000057],[89.19663326800008,25.350899784000035],[89.19898858300007,25.347022302000028],[89.19995032400004,25.35282998100007],[89.19878826500008,25.358523957000045],[89.20969751000007,25.364535498000066],[89.20650477900006,25.368083545000047],[89.21074075800004,25.368124944000044],[89.21216335700007,25.371659976000046],[89.21637253000006,25.37448067100007],[89.21709276800004,25.376661339000066],[89.21531578800005,25.380494773000066],[89.21177200200003,25.38132635900007],[89.20660893800004,25.386277604000043],[89.20490665600005,25.388689055000043],[89.20523217500005,25.391494670000043],[89.20280476500005,25.392146378000064],[89.20205253400007,25.394102402000044],[89.20034332900008,25.39437474600004],[89.20247925400008,25.390813234000063],[89.20171122900007,25.389172922000057],[89.19303246000004,25.390449044000036],[89.18808989500008,25.386462705000042],[89.18417745800008,25.396103271000072],[89.17649775000007,25.397931956000036],[89.17635374900004,25.401616552000064],[89.17181804400008,25.405219471000066],[89.16473445200006,25.399916004000033],[89.16262181500008,25.405411197000035],[89.16053481800003,25.405198941000037],[89.15891658200007,25.40204046300005],[89.15176584500006,25.40347241300003],[89.15070344800006,25.405092817000025],[89.15221542500007,25.405692445000057],[89.15815976200008,25.403651946000025],[89.15674649300007,25.40820345700007],[89.15403896400005,25.410000119000074],[89.14827882400004,25.40836685200003],[89.13780127100006,25.412021629000037],[89.13869856700006,25.414737020000075],[89.14511216200003,25.411632014000077],[89.15114395900008,25.412911983000072],[89.15153153100005,25.414715711000042],[89.14865780200006,25.41660838200005],[89.15191411900008,25.424694400000078],[89.14832692100003,25.431018363000078],[89.14850615800003,25.433946251000066],[89.13973682000005,25.436294881000038],[89.13796974600007,25.440099124000028],[89.13248122100003,25.441033583000035],[89.13800035400004,25.446888150000063],[89.13409380300004,25.446387709000078],[89.12996202000005,25.448214430000064],[89.13117042100004,25.445830903000058],[89.12993602700004,25.444868677000045],[89.12523517400007,25.45172721800003],[89.12260370700005,25.449777417000064],[89.12059469100006,25.452855330000034],[89.11527148800008,25.453528251000023],[89.11589226700005,25.455558645000053],[89.12223381500007,25.45809629300004],[89.13034012900005,25.458225240000047],[89.12998289900008,25.459880681000072],[89.12502482600007,25.461389690000033],[89.12163526400008,25.460523456000033],[89.12340639900003,25.46879924600006],[89.12052865900006,25.46771311300006],[89.11899286500005,25.46253371000006],[89.11507655600008,25.46135601900005],[89.11485061600007,25.46780822000005],[89.11282006400006,25.470489694000037],[89.10636526400003,25.471735599000056],[89.10462063600005,25.47430864100005],[89.10561127700004,25.476841921000073],[89.11167970500009,25.48112904100003],[89.11001609200008,25.484348270000055],[89.10402258100004,25.484410552000043],[89.10823831300007,25.48693243500003],[89.10294903600004,25.489650908000044],[89.10313754800006,25.491061284000068],[89.10564161600007,25.49059742700007],[89.10234483900007,25.49422704400007],[89.10378201100008,25.495594262000054],[89.10390027800008,25.49981136200006],[89.10660992500004,25.49810375900006],[89.10687860400003,25.501209973000073],[89.11107958400004,25.502865391000057],[89.11066644600004,25.505975929000044],[89.10677179400005,25.50652790500004],[89.10693285600007,25.50837887600005],[89.10892650700004,25.50764491600006],[89.11101301200006,25.509035764000032],[89.11486409900004,25.506163868000044],[89.11015674800007,25.51193197200007],[89.10705398500005,25.508860454000057],[89.10442463900006,25.51245409300003],[89.10492703900007,25.513728111000034],[89.11076387100007,25.513856757000042],[89.10388289100007,25.516188570000054],[89.10541057300009,25.519477987000073],[89.10185718500009,25.528015397000047],[89.10492353000006,25.533902411000042],[89.10353702600008,25.53586638400003],[89.10015922700006,25.53683613000004],[89.10085110800009,25.543362151000053],[89.09802203600003,25.542798453000046],[89.09349328300004,25.545154920000073],[89.09502098200005,25.55043776100007]]]}},{"type":"Feature","id":"dhaka-new-market","properties":{"canonical_id":"dhaka-new-market","name_en":"New Market","name_bn":"নিউ মার্কেট","district_id":"dhaka","division_id":"dhaka","pcode":"BD-C-13-600","parent_pcode":"BD3026","source_name":"New Market","match_method":"exact_name_or_alias","boundary_reference_year":"2020","boundary_source":"geoBoundaries gbOpen BGD ADM3 / BBS, OCHA ROAP","source_dataset_updated":"2026-08-09"},"geometry":{"type":"Polygon","coordinates":[[[90.37028941100004,23.73248650200003],[90.37557919900007,23.72959124600004],[90.38709034200008,23.732637642000043],[90.39182644100003,23.741673021000054],[90.38369228900007,23.741502694000076],[90.38320792300004,23.74009120200003],[90.38353331100006,23.738472226000056],[90.37845052400007,23.737383815000044],[90.37635927200006,23.73828847300007],[90.37046238000005,23.736155793000023],[90.37028941100004,23.73248650200003]]]}},{"type":"Feature","id":"dhaka-pallabi","properties":{"canonical_id":"dhaka-pallabi","name_en":"Pallabi","name_bn":"পল্লবী","district_id":"dhaka","division_id":"dhaka","pcode":"BD-C-13-601","parent_pcode":"BD3026","source_name":"Pallabi","match_method":"exact_name_or_alias","boundary_reference_year":"2020","boundary_source":"geoBoundaries gbOpen BGD ADM3 / BBS, OCHA ROAP","source_dataset_updated":"2026-08-09"},"geometry":{"type":"Polygon","coordinates":[[[90.38724804100008,23.841721722000045],[90.38414202400008,23.842823130000056],[90.38143899600004,23.836326377000034],[90.38380711900004,23.824794562000022],[90.38217347000005,23.822873583000046],[90.37764843300005,23.822866101000045],[90.37760215300005,23.82977489700005],[90.36667028900007,23.836827389000064],[90.36741053300005,23.839043652000043],[90.36582673600003,23.844371469000066],[90.36290932000009,23.844932732000075],[90.36347697000008,23.848430328000063],[90.35559132900005,23.84776283000008],[90.35328516800007,23.845404461000044],[90.35602082500003,23.84321796200004],[90.35450348500007,23.829156262000026],[90.35112370900003,23.82788392300006],[90.35132045700004,23.820990873000028],[90.352707,23.82066141000007],[90.35125064400006,23.817623054000023],[90.35267673800007,23.816955913000072],[90.35297572100006,23.81381337700003],[90.35611084800007,23.814403466000044],[90.35670601000004,23.81193881300004],[90.35295906100004,23.811013821000074],[90.35450452400005,23.80698578700003],[90.36224420200006,23.81052691900004],[90.36763446900005,23.810468705000062],[90.36856213200008,23.807102061000023],[90.37459229900008,23.806166019000045],[90.37765694700005,23.81138640900008],[90.38297891500008,23.811696762000054],[90.38306273900008,23.816738563000058],[90.38286571600008,23.82083616600005],[90.39347710800007,23.826926627000034],[90.38892951300005,23.83207710000005],[90.38724804100008,23.841721722000045]]]}},{"type":"Feature","id":"dhaka-paltan","properties":{"canonical_id":"dhaka-paltan","name_en":"Paltan","name_bn":"পল্টন","district_id":"dhaka","division_id":"dhaka","pcode":"BD-C-13-602","parent_pcode":"BD3026","source_name":"Paltan","match_method":"exact_name_or_alias","boundary_reference_year":"2020","boundary_source":"geoBoundaries gbOpen BGD ADM3 / BBS, OCHA ROAP","source_dataset_updated":"2026-08-09"},"geometry":{"type":"Polygon","coordinates":[[[90.41427962000006,23.74415660300008],[90.40877749200007,23.737507768000057],[90.41031646400006,23.73624902000006],[90.41190834600008,23.722991042000046],[90.41390374600007,23.722618658000044],[90.41519629000004,23.732220769000037],[90.41986824600008,23.73993563500005],[90.41427962000006,23.74415660300008]]]}},{"type":"Feature","id":"dhaka-ramna","properties":{"canonical_id":"dhaka-ramna","name_en":"Ramna","name_bn":"রমনা","district_id":"dhaka","division_id":"dhaka","pcode":"BD-C-13-603","parent_pcode":"BD3026","source_name":"Ramna","match_method":"exact_name_or_alias","boundary_reference_year":"2020","boundary_source":"geoBoundaries gbOpen BGD ADM3 / BBS, OCHA ROAP","source_dataset_updated":"2026-08-09"},"geometry":{"type":"Polygon","coordinates":[[[90.41296112300006,23.749940735000052],[90.41635169000006,23.75588569300004],[90.40901550300003,23.761133404000077],[90.39869249100008,23.75164991500003],[90.39412411500007,23.747612540000034],[90.39467742000005,23.74590583500003],[90.39638420500006,23.746375272000023],[90.39516239900007,23.744420757000057],[90.39599463500008,23.741479903000027],[90.39854890600003,23.742135421000057],[90.40360679700007,23.738575194000077],[90.40424430800005,23.73657957300003],[90.41031646400006,23.73624902000006],[90.40877749200007,23.737507768000057],[90.41427962000006,23.74415660300008],[90.41249389500007,23.74556330300004],[90.41296112300006,23.749940735000052]]]}},{"type":"Feature","id":"dhaka-rampura","properties":{"canonical_id":"dhaka-rampura","name_en":"Rampura","name_bn":"রামপুরা","district_id":"dhaka","division_id":"dhaka","pcode":"BD-C-13-604","parent_pcode":"BD3026","source_name":"Rampura","match_method":"exact_name_or_alias","boundary_reference_year":"2020","boundary_source":"geoBoundaries gbOpen BGD ADM3 / BBS, OCHA ROAP","source_dataset_updated":"2026-08-09"},"geometry":{"type":"Polygon","coordinates":[[[90.41756887700006,23.76983476500004],[90.41520743100006,23.770258882000064],[90.41536906800008,23.76765258100005],[90.40901550300003,23.761133404000077],[90.41635169000006,23.75588569300004],[90.41296112300006,23.749940735000052],[90.41600552200003,23.74948579100004],[90.41823806700006,23.752397033000022],[90.42495022300005,23.75068697300003],[90.42932736400007,23.76097201600004],[90.43233812400007,23.760133894000035],[90.43362746600008,23.763233241000023],[90.42369727700003,23.76892149200006],[90.41756887700006,23.76983476500004]]]}},{"type":"Feature","id":"dhaka-sabujbagh","properties":{"canonical_id":"dhaka-sabujbagh","name_en":"Sabujbagh","name_bn":"সবুজবাগ","district_id":"dhaka","division_id":"dhaka","pcode":"BD-C-13-605","parent_pcode":"BD3026","source_name":"Sabujbag","match_method":"exact_name_or_alias","boundary_reference_year":"2020","boundary_source":"geoBoundaries gbOpen BGD ADM3 / BBS, OCHA ROAP","source_dataset_updated":"2026-08-09"},"geometry":{"type":"Polygon","coordinates":[[[90.46017981800009,23.742731501000037],[90.45712267800008,23.74079351000006],[90.45470411800005,23.74135783400004],[90.44823304500005,23.744233817000065],[90.44195986600005,23.74495584700003],[90.44168501500008,23.747105154000053],[90.43956707200005,23.744722804000048],[90.43425042800004,23.74284155400005],[90.43380376000005,23.74571675100003],[90.42663275500007,23.743974168000022],[90.42839390200004,23.73858882600007],[90.42878207200005,23.722336507000023],[90.42837034700005,23.720332246000055],[90.43121723800004,23.719668222000053],[90.43214467400009,23.72255456000005],[90.44682711600007,23.723280257000056],[90.44812804500003,23.724469912000075],[90.44636824500003,23.726998454000068],[90.44737917100008,23.729627376000053],[90.45615400100007,23.73311933100007],[90.46434883900008,23.73478683600007],[90.46410488700008,23.73845418600007],[90.46239859600007,23.740469588000053],[90.46000121500003,23.740595290000044],[90.46017981800009,23.742731501000037]]]}},{"type":"Feature","id":"dhaka-savar","properties":{"canonical_id":"dhaka-savar","name_en":"Savar","name_bn":"সাভার","district_id":"dhaka","division_id":"dhaka","pcode":"BD-C-13-437","parent_pcode":"BD3026","source_name":"Savar","match_method":"exact_name_or_alias","boundary_reference_year":"2020","boundary_source":"geoBoundaries gbOpen BGD ADM3 / BBS, OCHA ROAP","source_dataset_updated":"2026-08-09"},"geometry":{"type":"Polygon","coordinates":[[[90.34231044500007,23.772055030000047],[90.33450929600008,23.775240281000038],[90.33803509200004,23.77897601600006],[90.33543925000004,23.784807649000072],[90.33800222500008,23.786432427000022],[90.33958603900004,23.790141874000028],[90.33954014700004,23.797507977000066],[90.34313840100003,23.798669792000055],[90.34331891800008,23.803833084000075],[90.33962919500004,23.811227560000077],[90.34148879500003,23.817485780000027],[90.34101882200008,23.82173659500006],[90.34300200900003,23.82466730400006],[90.33707163500009,23.832139694000034],[90.33767998000008,23.838656361000062],[90.34100918000007,23.842302215000075],[90.33712449700005,23.847918235000066],[90.34298320700003,23.853879197000026],[90.34823266500007,23.853034628000046],[90.35060630300006,23.86025786700003],[90.35368819200005,23.861416727000062],[90.35314283200006,23.869312723000064],[90.35631804500008,23.872651575000077],[90.35151450000006,23.87879001500005],[90.35188468000007,23.88191425800005],[90.34982274000004,23.883248553000044],[90.34834030800005,23.896625482000047],[90.34449043500007,23.902369143000044],[90.34777058300006,23.91156742800007],[90.34832250800008,23.929157795000037],[90.34551337000005,23.947143544000028],[90.34084216000008,23.95556983700004],[90.33740284300006,23.95556839900007],[90.33561935500006,23.954045848000078],[90.33891680200009,23.953132552000056],[90.33972440100007,23.951431564000075],[90.33915955600008,23.94871521400006],[90.33546643800008,23.94788445000006],[90.33071677700008,23.950384848000056],[90.33042364100004,23.954911234000065],[90.31736635200008,23.957524843000044],[90.31916317300005,23.950553245000037],[90.30017395600004,23.948835874000054],[90.30028793400004,23.954291183000066],[90.29781203400006,23.961874128000034],[90.28201890900004,23.964994139000055],[90.28132068100007,23.96737544000007],[90.27042828900005,23.96281392900005],[90.26865240400008,23.965225858000053],[90.26965313800008,23.968476872000053],[90.26004734400004,23.97122008300005],[90.26201803400005,23.97540265200007],[90.26018990500006,23.975518667000074],[90.25578024500004,23.980956202000073],[90.25614097100004,23.983790620000036],[90.25371065000007,23.983621351000068],[90.25011705300005,23.991615773000035],[90.25586066100004,23.994913818000043],[90.25438668200007,23.999037260000023],[90.25199812900007,24.000267904000054],[90.25632720300007,24.00833616500006],[90.26024820200007,24.01002367800004],[90.26002618000007,24.01482753700003],[90.25826132100008,24.01674875200007],[90.25447940700008,24.01681265800005],[90.25233306100006,24.018559438000068],[90.25060479400008,24.022954784000035],[90.25329277000003,24.02721077600006],[90.24602980500003,24.03331995700006],[90.24326542600005,24.03380364800006],[90.23868054400003,24.02968875700003],[90.24115883100006,24.029745278000064],[90.24116977400007,24.02441113900005],[90.23970042100007,24.022841262000043],[90.24122765000004,24.012276734000068],[90.24003926400007,24.009375282000065],[90.22270512000006,24.010241448000045],[90.21595903000008,24.005076716000076],[90.20951259700007,24.009885206000035],[90.20796268400005,24.006601249000028],[90.20431157800004,24.005277843000044],[90.20307495400004,24.009637014000077],[90.19889971400005,24.009574181000062],[90.19764313000007,24.007653617000074],[90.19435201700009,24.008249441000032],[90.19178143200008,24.014040134000027],[90.18422227400004,24.010281801000076],[90.18608995900007,24.00736492900006],[90.18287623200007,24.007095004000064],[90.18091003300003,24.004432801000064],[90.18472929500007,24.00212500300006],[90.18329933900009,24.001678490000074],[90.18601161200007,23.999246656000025],[90.18667372300007,23.988383337000073],[90.19075451000003,23.984649089000072],[90.19021528500008,23.977693154000065],[90.19868675200007,23.975326668000037],[90.19995994500005,23.972679097000025],[90.19847191000008,23.968027670000026],[90.20317592100008,23.965896088000022],[90.20992559800004,23.95683600800004],[90.22553095300003,23.947537072000046],[90.23107801600008,23.942638358000067],[90.23166386200006,23.935863753000035],[90.22798047300006,23.934565211000063],[90.22808937600007,23.93048015000005],[90.22460161200007,23.927839922000032],[90.22481733400008,23.918173240000044],[90.22686082000007,23.915751244000035],[90.22848165900007,23.908913562000066],[90.22674743200008,23.90038895400005],[90.23015142300005,23.895641306000073],[90.22907533500006,23.884447764000072],[90.23430025700009,23.88171097000003],[90.23196879100004,23.871332820000077],[90.23699499000008,23.865130588000056],[90.23612761700008,23.860049462000063],[90.23801955400006,23.847013808000042],[90.23865904100006,23.84530793600004],[90.24380636700005,23.843864841000027],[90.24576190300007,23.838399899000024],[90.24765911800006,23.80972597500005],[90.24112256200004,23.778138211000055],[90.24584412000007,23.77678547900007],[90.25165546800008,23.770561145000045],[90.25672997600003,23.762026608000042],[90.25662799000008,23.75161615600007],[90.25968104200007,23.747890193000046],[90.26579513700005,23.74463032400007],[90.27697739200005,23.746215671000073],[90.28206751000005,23.751541900000063],[90.28630604300008,23.749822433000077],[90.28936614600008,23.767724928000064],[90.29190347600007,23.770631458000025],[90.30114111400007,23.77347196100004],[90.31082729000008,23.773614790000067],[90.31277157500006,23.771973717000037],[90.31168405100004,23.757572954000068],[90.31706826800007,23.748583073000077],[90.32275114800007,23.74387663500005],[90.32657529700003,23.74279542200003],[90.33085965800007,23.744272169000055],[90.33359487700005,23.742826726000033],[90.33741047600006,23.746092747000034],[90.33948754000005,23.744794866000063],[90.34208051500008,23.748348544000066],[90.33786858600007,23.750300095000057],[90.33332836100004,23.749192995000044],[90.32973517100004,23.750954712000066],[90.34050541800008,23.766015696000068],[90.34415995600006,23.768590334000066],[90.34231044500007,23.772055030000047]]]}},{"type":"Feature","id":"dhaka-shah-ali","properties":{"canonical_id":"dhaka-shah-ali","name_en":"Shah Ali","name_bn":"শাহ আলী","district_id":"dhaka","division_id":"dhaka","pcode":"BD-C-13-606","parent_pcode":"BD3026","source_name":"Shah Ali","match_method":"exact_name_or_alias","boundary_reference_year":"2020","boundary_source":"geoBoundaries gbOpen BGD ADM3 / BBS, OCHA ROAP","source_dataset_updated":"2026-08-09"},"geometry":{"type":"Polygon","coordinates":[[[90.34913759600005,23.796282020000035],[90.35526372400005,23.79986486400003],[90.35156894300007,23.80602592200006],[90.35450452400005,23.80698578700003],[90.35295906100004,23.811013821000074],[90.35670601000004,23.81193881300004],[90.35611084800007,23.814403466000044],[90.35297572100006,23.81381337700003],[90.35267673800007,23.816955913000072],[90.35125064400006,23.817623054000023],[90.352707,23.82066141000007],[90.35132045700004,23.820990873000028],[90.35112370900003,23.82788392300006],[90.34971486800004,23.82522453400003],[90.34601781500004,23.827625348000026],[90.34300200900003,23.82466730400006],[90.34101882200008,23.82173659500006],[90.34148879500003,23.817485780000027],[90.33962919500004,23.811227560000077],[90.34331891800008,23.803833084000075],[90.34313840100003,23.798669792000055],[90.34652441800006,23.798134290000064],[90.34764583800006,23.795860960000027],[90.34913759600005,23.796282020000035]]]}},{"type":"Feature","id":"dhaka-shahbagh","properties":{"canonical_id":"dhaka-shahbagh","name_en":"Shahbagh","name_bn":"শাহবাগ","district_id":"dhaka","division_id":"dhaka","pcode":"BD-C-13-607","parent_pcode":"BD3026","source_name":"Shahbagh","match_method":"exact_name_or_alias","boundary_reference_year":"2020","boundary_source":"geoBoundaries gbOpen BGD ADM3 / BBS, OCHA ROAP","source_dataset_updated":"2026-08-09"},"geometry":{"type":"Polygon","coordinates":[[[90.41188486400006,23.722937083000033],[90.41190834600008,23.722991042000046],[90.41031646400006,23.73624902000006],[90.40424430800005,23.73657957300003],[90.40360679700007,23.738575194000077],[90.39854890600003,23.742135421000057],[90.39599463500008,23.741479903000027],[90.39516239900007,23.744420757000057],[90.39638420500006,23.746375272000023],[90.39467742000005,23.74590583500003],[90.39412411500007,23.747612540000034],[90.39321992300006,23.74998151500006],[90.39182644100003,23.741673021000054],[90.38709034200008,23.732637642000043],[90.38744431300006,23.729914714000074],[90.39088118000006,23.726426566000043],[90.39947620800007,23.724040811000066],[90.40032557600006,23.723925558000076],[90.41188486400006,23.722937083000033]]]}},{"type":"Feature","id":"dhaka-sher-e-bangla-nagar","properties":{"canonical_id":"dhaka-sher-e-bangla-nagar","name_en":"Sher-e-Bangla Nagar","name_bn":"শেরেবাংলা নগর","district_id":"dhaka","division_id":"dhaka","pcode":"BD-C-13-608","parent_pcode":"BD3026","source_name":"Sher-e-Bangla Nagar","match_method":"exact_name_or_alias","boundary_reference_year":"2020","boundary_source":"geoBoundaries gbOpen BGD ADM3 / BBS, OCHA ROAP","source_dataset_updated":"2026-08-09"},"geometry":{"type":"Polygon","coordinates":[[[90.36556917300004,23.774932979000027],[90.37422910500004,23.758158313000024],[90.38181687000008,23.758587539000075],[90.38248945600003,23.753043865000052],[90.38736793100009,23.751005426000063],[90.39007174300008,23.758254871000076],[90.38395384000006,23.75811168200005],[90.38329578800005,23.765456461000042],[90.37840598600008,23.783977184000037],[90.37295679300007,23.782770860000028],[90.37207098800008,23.78479085500004],[90.36967511500006,23.783372727000028],[90.36600479500004,23.782454120000068],[90.36203281400003,23.777422371000057],[90.36556917300004,23.774932979000027]]]}},{"type":"Feature","id":"dhaka-shyampur","properties":{"canonical_id":"dhaka-shyampur","name_en":"Shyampur","name_bn":"শ্যামপুর","district_id":"dhaka","division_id":"dhaka","pcode":"BD-C-13-609","parent_pcode":"BD3026","source_name":"Shyampur","match_method":"exact_name_or_alias","boundary_reference_year":"2020","boundary_source":"geoBoundaries gbOpen BGD ADM3 / BBS, OCHA ROAP","source_dataset_updated":"2026-08-09"},"geometry":{"type":"Polygon","coordinates":[[[90.42029088500004,23.695989078000025],[90.42722220200005,23.688665383000057],[90.43428207100004,23.68927211500005],[90.43632098000006,23.687137568000026],[90.43829950900005,23.687640204000047],[90.43450584400006,23.693624020000073],[90.43553700800004,23.70023770800003],[90.43871102400004,23.701090651000072],[90.43827257200007,23.702979937000066],[90.43369931500007,23.703425050000078],[90.42948406700003,23.707730862000062],[90.42412663400006,23.71018506100006],[90.42917530100004,23.701718460000052],[90.42652481200008,23.701416213000073],[90.42627741300004,23.699179860000072],[90.42572932200005,23.700478626000063],[90.42478098500004,23.699301906000073],[90.42351055400007,23.70000561200004],[90.42379293000005,23.69821373700006],[90.42029088500004,23.695989078000025]]]}},{"type":"Feature","id":"dhaka-sutrapur","properties":{"canonical_id":"dhaka-sutrapur","name_en":"Sutrapur","name_bn":"সূত্রাপুর","district_id":"dhaka","division_id":"dhaka","pcode":"BD-C-13-610","parent_pcode":"BD3026","source_name":"Sutrapur","match_method":"exact_name_or_alias","boundary_reference_year":"2020","boundary_source":"geoBoundaries gbOpen BGD ADM3 / BBS, OCHA ROAP","source_dataset_updated":"2026-08-09"},"geometry":{"type":"Polygon","coordinates":[[[90.41152922200007,23.713517876000026],[90.41186598300004,23.703543543000023],[90.41708008700004,23.699702996000042],[90.41943984000005,23.701809937000064],[90.41765752500004,23.702370518000066],[90.42061717900003,23.708621686000072],[90.41803949500007,23.710497272000055],[90.41986198100005,23.717024321000054],[90.42238120000007,23.716048605000026],[90.42429840000005,23.717860870000038],[90.42603262600005,23.716382382000063],[90.42773345600006,23.716749492000076],[90.42837034700005,23.720332246000055],[90.42878207200005,23.722336507000023],[90.42168308500004,23.721505387000036],[90.41390374600007,23.722618658000044],[90.41190834600008,23.722991042000046],[90.41188486400006,23.722937083000033],[90.41152922200007,23.713517876000026]]]}},{"type":"Feature","id":"dhaka-tejgaon","properties":{"canonical_id":"dhaka-tejgaon","name_en":"Tejgaon","name_bn":"তেজগাঁও","district_id":"dhaka","division_id":"dhaka","pcode":"BD-C-13-611","parent_pcode":"BD3026","source_name":"Tejgaon","match_method":"exact_name_or_alias","boundary_reference_year":"2020","boundary_source":"geoBoundaries gbOpen BGD ADM3 / BBS, OCHA ROAP","source_dataset_updated":"2026-08-09"},"geometry":{"type":"Polygon","coordinates":[[[90.39410245600004,23.776419877000023],[90.38990601400008,23.775302339000064],[90.38898647000008,23.764570886000058],[90.38329578800005,23.765456461000042],[90.38395384000006,23.75811168200005],[90.39007174300008,23.758254871000076],[90.38736793100009,23.751005426000063],[90.39321992300006,23.74998151500006],[90.39412411500007,23.747612540000034],[90.39869249100008,23.75164991500003],[90.39414875200004,23.75383895300007],[90.39786025200004,23.77810454100006],[90.39782497500005,23.77810970200005],[90.39410245600004,23.776419877000023]]]}},{"type":"Feature","id":"dhaka-turag","properties":{"canonical_id":"dhaka-turag","name_en":"Turag","name_bn":"তুরাগ","district_id":"dhaka","division_id":"dhaka","pcode":"BD-C-13-613","parent_pcode":"BD3026","source_name":"Turag","match_method":"exact_name_or_alias","boundary_reference_year":"2020","boundary_source":"geoBoundaries gbOpen BGD ADM3 / BBS, OCHA ROAP","source_dataset_updated":"2026-08-09"},"geometry":{"type":"Polygon","coordinates":[[[90.38654919500004,23.857577716000037],[90.37942342800005,23.869160744000055],[90.37920589000004,23.87245414700004],[90.37961191000005,23.875275199000043],[90.38716915100008,23.878605650000054],[90.38776327300008,23.885475623000048],[90.38715633400005,23.88698332200005],[90.38463579400008,23.887211751000052],[90.38697735900007,23.887719504000074],[90.38768497800004,23.889598699000032],[90.38558649500004,23.88961785400005],[90.38541474700008,23.892797203000043],[90.38222983300005,23.893041138000058],[90.38283925600007,23.894913657000075],[90.38476376900007,23.894900654000025],[90.38569363900007,23.896067801000072],[90.38429433500005,23.897361384000078],[90.37715303900006,23.89804009100004],[90.37279514400007,23.894798854000044],[90.36941125800007,23.895553346000042],[90.36456805200004,23.89282480600008],[90.36318066900003,23.894299422000074],[90.35364907000007,23.885856158000024],[90.35550040700008,23.88444448200005],[90.35489336800003,23.882090360000063],[90.35188468000007,23.88191425800005],[90.35151450000006,23.87879001500005],[90.35631804500008,23.872651575000077],[90.35314283200006,23.869312723000064],[90.35368819200005,23.861416727000062],[90.35060630300006,23.86025786700003],[90.34823266500007,23.853034628000046],[90.34298320700003,23.853879197000026],[90.33712449700005,23.847918235000066],[90.34100918000007,23.842302215000075],[90.33767998000008,23.838656361000062],[90.33707163500009,23.832139694000034],[90.34300200900003,23.82466730400006],[90.34601781500004,23.827625348000026],[90.34971486800004,23.82522453400003],[90.35112370900003,23.82788392300006],[90.35450348500007,23.829156262000026],[90.35602082500003,23.84321796200004],[90.35328516800007,23.845404461000044],[90.35559132900005,23.84776283000008],[90.36347697000008,23.848430328000063],[90.36290932000009,23.844932732000075],[90.36582673600003,23.844371469000066],[90.36741053300005,23.839043652000043],[90.36667028900007,23.836827389000064],[90.37760215300005,23.82977489700005],[90.37764843300005,23.822866101000045],[90.38217347000005,23.822873583000046],[90.38380711900004,23.824794562000022],[90.38143899600004,23.836326377000034],[90.38414202400008,23.842823130000056],[90.38724804100008,23.841721722000045],[90.38736259400008,23.844346319000067],[90.39436893800007,23.841516262000027],[90.39313171900005,23.84682934600005],[90.38545016100005,23.856865683000024],[90.38654919500004,23.857577716000037]]]}},{"type":"Feature","id":"dhaka-uttarkhan","properties":{"canonical_id":"dhaka-uttarkhan","name_en":"Uttarkhan","name_bn":"উত্তরখান","district_id":"dhaka","division_id":"dhaka","pcode":"BD-C-13-614","parent_pcode":"BD3026","source_name":"Uttar Khan","match_method":"exact_name_or_alias","boundary_reference_year":"2020","boundary_source":"geoBoundaries gbOpen BGD ADM3 / BBS, OCHA ROAP","source_dataset_updated":"2026-08-09"},"geometry":{"type":"Polygon","coordinates":[[[90.45392227100007,23.848754365000048],[90.45855745500006,23.846675619000052],[90.46407007400006,23.84630177300005],[90.46561442600006,23.853762088000053],[90.47086102200007,23.858283662000076],[90.47164969300007,23.86607690900007],[90.45960371900009,23.87962353200004],[90.46156691600004,23.88337089600003],[90.45966786700006,23.884806526000034],[90.46075027100005,23.893196827000054],[90.45780062000006,23.896447100000046],[90.44850456800003,23.895780711000043],[90.44616848800007,23.898426314000062],[90.44251567400005,23.898548826000024],[90.43820062800006,23.901063418000035],[90.41897922500004,23.88582372700006],[90.41631954000007,23.886038307000035],[90.41520772500007,23.882007242000043],[90.41835872600006,23.880208613000036],[90.41903529800004,23.87793288100005],[90.41380300700007,23.870399942000063],[90.41616356300005,23.868361864000065],[90.41559103200007,23.870347141000025],[90.41922920200005,23.872949320000032],[90.41894840800006,23.867338172000075],[90.42238675600004,23.863413818000026],[90.42800793700007,23.864815812000074],[90.42977933200007,23.867748084000027],[90.43395566200007,23.865255300000058],[90.43720680000007,23.86605619200003],[90.43427982600008,23.86343098100008],[90.43844263900007,23.856988718000025],[90.43933429700007,23.860024434000024],[90.44373796400004,23.859707532000073],[90.44801458100005,23.854581151000048],[90.44729108600006,23.852304281000045],[90.44898735100008,23.849210846000062],[90.45392227100007,23.848754365000048]]]}},{"type":"Feature","id":"faridpur-alfadanga","properties":{"canonical_id":"faridpur-alfadanga","name_en":"Alfadanga","name_bn":"আলফাডাঙ্গা","district_id":"faridpur","division_id":"dhaka","pcode":"BD-C-15-463","parent_pcode":"BD3029","source_name":"Alfadanga","match_method":"exact_name_or_alias","boundary_reference_year":"2020","boundary_source":"geoBoundaries gbOpen BGD ADM3 / BBS, OCHA ROAP","source_dataset_updated":"2026-08-09"},"geometry":{"type":"Polygon","coordinates":[[[89.73311504800006,23.29127998100006],[89.72789418100007,23.29720012300004],[89.72200203300008,23.298994153000024],[89.72002240800003,23.298207010000056],[89.71732688000003,23.29244864900005],[89.71389508900006,23.289711605000036],[89.70668955800005,23.29698632000003],[89.69785928000005,23.300962750000053],[89.69699012500007,23.302441370000054],[89.69954694000006,23.31018877400004],[89.71187540600005,23.308893085000022],[89.71464219200004,23.311950765000063],[89.71205921500007,23.31564847800007],[89.68837970600003,23.332708980000064],[89.68819259300005,23.340317817000027],[89.68610756500004,23.34375298200007],[89.68477406500006,23.344911612000033],[89.68041554100006,23.34208165000007],[89.67602768700004,23.34221829100005],[89.67433271700008,23.351542503000076],[89.67168382800008,23.353923379000037],[89.66591781100004,23.35154509700004],[89.66189932100008,23.35153929300003],[89.65915198500005,23.352158307000025],[89.65916519200005,23.35416931000003],[89.65517849200006,23.35496395000007],[89.65464894100006,23.356623726000066],[89.64591469400006,23.355874235000044],[89.64784909900004,23.35680278700005],[89.64335317200005,23.357834788000048],[89.64260227300008,23.36342449500006],[89.63966838600004,23.36506685200004],[89.63746505400007,23.363051924000047],[89.63478096100005,23.363228038000045],[89.63550294600003,23.365094466000073],[89.63417720100006,23.365641254000025],[89.64086150300005,23.36913895200007],[89.63885931900006,23.37602875700003],[89.63403372200008,23.383381099000076],[89.62737250100008,23.383579903000054],[89.62248203100006,23.38576882600006],[89.62154848600005,23.382186700000034],[89.61665196900003,23.378064219000066],[89.61334266400007,23.380929681000055],[89.61848599400008,23.38269188000004],[89.61759496000008,23.38682453200005],[89.61420775900007,23.38156355900003],[89.60635816200005,23.382113639000067],[89.59940738600005,23.37915915800005],[89.60801940700009,23.369791229000043],[89.60713867600003,23.357787605000055],[89.60345478600004,23.346571788000062],[89.60373146300003,23.339360784000064],[89.60983486600009,23.330953969000063],[89.61650497800008,23.316733847000023],[89.62238380700006,23.309164329000055],[89.63032519400008,23.303797306000035],[89.64536153200004,23.298547694000035],[89.63959636400006,23.29691481100008],[89.63330662300007,23.297735225000054],[89.62100736700006,23.307718546000046],[89.61765238800007,23.30443874900004],[89.62215398900008,23.29584851000004],[89.63028753900005,23.289994148000062],[89.65286412700004,23.288798601000053],[89.66571514700007,23.282835314000067],[89.66905637500008,23.278343349000068],[89.66562583900009,23.276502922000077],[89.65804931000008,23.276470790000076],[89.64884393200003,23.27303200500006],[89.63682950500004,23.261615068000026],[89.63203440200004,23.24911564200005],[89.63324789700005,23.237132664000058],[89.63743968200004,23.233341702000075],[89.64183393300004,23.232456367000054],[89.64745806600007,23.234644375000073],[89.65495638400006,23.240649420000068],[89.66388694400007,23.242735108000034],[89.66373648800004,23.24596695500003],[89.66499304400008,23.245934070000033],[89.66497106300005,23.24446105900006],[89.67036065000008,23.244245501000023],[89.68735919000005,23.224114843000052],[89.68838505000008,23.219686670000044],[89.68429186000003,23.212206937000076],[89.68801293900003,23.210391351000055],[89.69834436400004,23.217017591000058],[89.70702946500006,23.22803869100005],[89.71568028800004,23.231684785000027],[89.71710953100006,23.234288354000057],[89.71587588200003,23.241015279000067],[89.73123905200003,23.247388112000067],[89.73269653700004,23.250770697000064],[89.73049657500007,23.25702974400008],[89.74158657100008,23.261567222000053],[89.74463433800008,23.26998602900005],[89.75124840300003,23.27511844600008],[89.74532338900008,23.28506741500007],[89.73311504800006,23.29127998100006]]]}},{"type":"Feature","id":"faridpur-bhanga","properties":{"canonical_id":"faridpur-bhanga","name_en":"Bhanga","name_bn":"ভাঙ্গা","district_id":"faridpur","division_id":"dhaka","pcode":"BD-C-15-467","parent_pcode":"BD3029","source_name":"Bhanga","match_method":"exact_name_or_alias","boundary_reference_year":"2020","boundary_source":"geoBoundaries gbOpen BGD ADM3 / BBS, OCHA ROAP","source_dataset_updated":"2026-08-09"},"geometry":{"type":"Polygon","coordinates":[[[90.09251157700004,23.374079824000034],[90.08553917300009,23.377081082000075],[90.07004982800004,23.37806153500003],[90.06924584100005,23.38207766200003],[90.06150415600007,23.384108260000062],[90.06097584300005,23.38036651300007],[90.05513979100004,23.386573277000025],[90.08026454400004,23.400377907000063],[90.08246112100005,23.40629962400004],[90.08059686800004,23.407741368000075],[90.08149499000007,23.415417296000044],[90.07620763900007,23.42302803700005],[90.07831846200008,23.430013476000056],[90.07677071400008,23.430839072000026],[90.07765504000008,23.433330055000056],[90.07488602800004,23.436369889000048],[90.06625907000006,23.436155303000078],[90.05663450500003,23.442392434000055],[90.04876986400006,23.438762689000043],[90.04508945500004,23.440473859000065],[90.04367465400009,23.444677434000027],[90.04917739200005,23.444618212000023],[90.05012938800007,23.445945761000075],[90.04758475200003,23.45007464100007],[90.04653186200005,23.45594697300004],[90.04192007000006,23.456372831000067],[90.03215847000007,23.44957443000004],[90.02814109100007,23.443095149000044],[90.02134525400004,23.441681431000063],[90.01210609100008,23.44750758400005],[90.00438686100006,23.455962318000047],[90.00603559100006,23.459214141000075],[90.00649650300005,23.467607464000025],[89.99858917500006,23.46648242300006],[89.99535287900005,23.468484859000057],[89.99446840800005,23.471485475000065],[89.98666906500006,23.475538552000046],[89.98457128100006,23.47052618400005],[89.98045582900005,23.470341676000032],[89.97350914300006,23.46596078300007],[89.96650676200005,23.465840877000062],[89.96429677800006,23.46046801800003],[89.95490113800008,23.46081900100006],[89.94872750800005,23.463446822000037],[89.94367702100004,23.460126587000047],[89.93944635400004,23.46180908900004],[89.93422996900006,23.459818590000054],[89.94887479400006,23.446484031000068],[89.95569098600004,23.435740215000067],[89.95539454600004,23.432085146000077],[89.95136832800006,23.42799254600004],[89.93894722700009,23.433984418000023],[89.93180243200004,23.430970079000076],[89.92752934100008,23.425482849000048],[89.93326713100004,23.41394344300005],[89.94146468100007,23.408912499000053],[89.94103056800003,23.407045882000034],[89.94571265800005,23.403340640000067],[89.94643894200004,23.39374269700005],[89.94967261400006,23.390954247000025],[89.94932395400008,23.387791993000064],[89.95053425800006,23.387282577000065],[89.94905767100005,23.382779113000026],[89.94450027200008,23.384968085000025],[89.93921466200004,23.382952872000033],[89.93706955400006,23.387890294000044],[89.93837747600008,23.391978279000057],[89.93453044800003,23.39269484400006],[89.93281224800006,23.395248215000038],[89.92995050100006,23.39479248300006],[89.92696936900006,23.39903552900006],[89.92468213700005,23.39983894900007],[89.92197712900008,23.390659467000035],[89.91573630100004,23.386162840000054],[89.91546499300006,23.382871832000035],[89.91714141500006,23.381393562000028],[89.91933727000009,23.371960783000077],[89.91835247800003,23.363768950000065],[89.92112119800004,23.354882923000048],[89.92120360800004,23.349423013000035],[89.92447043500005,23.347581868000077],[89.92472845900005,23.350306040000078],[89.92688508200007,23.350857517000065],[89.93067934500004,23.348238511000034],[89.94186358700006,23.349186460000055],[89.94779491100007,23.35176976300005],[89.95055508800004,23.359156359000053],[89.95403929300005,23.36041189200006],[89.95842080300008,23.355293603000064],[89.95769461400005,23.353530257000045],[89.97277395300006,23.348744358000033],[89.97753581700005,23.34226158900003],[89.97860355400007,23.333433541000034],[89.98393334100007,23.332976313000074],[89.98582038400008,23.32994756900007],[89.99192575200004,23.325706940000032],[90.00112744700004,23.325196206000044],[90.00957419800005,23.322281033000024],[90.01880880600004,23.325382519000073],[90.01894905900008,23.318567554000026],[90.01354312400008,23.31176219100007],[90.00437946400007,23.305442885000048],[90.00376844600004,23.30305588400006],[90.01237359200007,23.296985145000065],[90.01828270200008,23.287081371000056],[90.02389315600004,23.28825041500005],[90.02526756000003,23.290783445000045],[90.02513140600007,23.304558502000077],[90.03301597800004,23.314644831000066],[90.03134492700008,23.316950888000065],[90.03269044900009,23.332084526000074],[90.03110152400006,23.33753239600003],[90.03401929300009,23.340552243000047],[90.04013960600008,23.33865835200004],[90.04545534600004,23.330173090000073],[90.05386173500005,23.325065006000045],[90.06186664900008,23.315748306000046],[90.06759440400003,23.305185046000076],[90.07582904500003,23.309201037000037],[90.08391349300007,23.305908283000065],[90.09234926000005,23.31183494100003],[90.09157530400006,23.326456110000038],[90.09554783600004,23.327278576000026],[90.09514639800005,23.33102305600005],[90.10227554400007,23.333343467000077],[90.09928349300009,23.33793930300004],[90.09943510900007,23.340388312000073],[90.09823483800005,23.340298173000065],[90.09846782300008,23.342835206000075],[90.09262410400004,23.343248084000038],[90.09187557400008,23.34837086700003],[90.08630716400006,23.347067621000065],[90.08557489700007,23.348878597000066],[90.08406965700004,23.34864285900005],[90.08914902900005,23.361972351000077],[90.08780512200008,23.36691929500006],[90.09251157700004,23.374079824000034]]]}},{"type":"Feature","id":"faridpur-boalmari","properties":{"canonical_id":"faridpur-boalmari","name_en":"Boalmari","name_bn":"বোয়ালমারী","district_id":"faridpur","division_id":"dhaka","pcode":"BD-C-15-464","parent_pcode":"BD3029","source_name":"Boalmari","match_method":"exact_name_or_alias","boundary_reference_year":"2020","boundary_source":"geoBoundaries gbOpen BGD ADM3 / BBS, OCHA ROAP","source_dataset_updated":"2026-08-09"},"geometry":{"type":"Polygon","coordinates":[[[89.73311504800006,23.29127998100006],[89.73430084000006,23.295081550000077],[89.73189415900003,23.297251612000025],[89.73535089400008,23.29724223900007],[89.73558862700008,23.298494293000033],[89.72879824100005,23.30228902300007],[89.72878542600006,23.30393641300003],[89.74300728600008,23.296749118000037],[89.74153662700007,23.294894347000024],[89.74178248900006,23.291168588000062],[89.74421779700003,23.28970921100006],[89.74836161600007,23.29197193600004],[89.74892739600006,23.294512846000032],[89.74681025700005,23.295771822000063],[89.74808250200005,23.299820708000027],[89.75221698800004,23.300890381000045],[89.75239477000008,23.298460187000046],[89.75387893600004,23.298224839000056],[89.75487230400006,23.294645325000033],[89.75819909000006,23.291254596000044],[89.75752897600006,23.289370718000043],[89.75931745700007,23.288423864000038],[89.76476648500005,23.289753224000037],[89.76284124000006,23.294253909000076],[89.76611034400008,23.29384724500005],[89.76550820600005,23.295478520000074],[89.76777670700005,23.29476827700006],[89.76700797200004,23.296959365000077],[89.76826258600005,23.297960515000057],[89.76705223900007,23.29909294400005],[89.76857068300006,23.29917253800005],[89.77053971300006,23.302929259000052],[89.77508296800005,23.302075436000052],[89.77851695400005,23.298716612000078],[89.77943782900007,23.303865665000046],[89.77829500300004,23.305587123000066],[89.78030854900004,23.30591006800006],[89.78139181100005,23.303032273000042],[89.78240657300006,23.305412785000044],[89.77917557900008,23.311286008000025],[89.78999370700006,23.313022811000053],[89.79378043100007,23.314934957000048],[89.79426033100003,23.317495911000037],[89.79009211400006,23.336771550000037],[89.78764405700008,23.338520106000033],[89.78702877600006,23.343826774000036],[89.78060281100005,23.347090700000024],[89.78190611800005,23.353629082000054],[89.77722788000005,23.358857156000056],[89.77870546900004,23.359650774000045],[89.77357101900003,23.36648935900007],[89.77897194700006,23.375599007000062],[89.77671425800008,23.376368692000028],[89.76819315800003,23.374261197000067],[89.75731879600005,23.38103416000007],[89.75643825700007,23.383790687000044],[89.76205232100006,23.387333500000068],[89.75949578500007,23.388823426000044],[89.75792029000007,23.392318466000063],[89.75867427100007,23.395626280000045],[89.74909392900008,23.397978411000054],[89.74901453900009,23.401318235000076],[89.74152281300007,23.406857932000037],[89.74170042100008,23.410216240000068],[89.73105265600003,23.41489768400004],[89.73041144300004,23.417662928000027],[89.73314769000007,23.42156365900007],[89.72541965800008,23.426449520000062],[89.72796057200009,23.427902628000027],[89.72916520300004,23.43091947100004],[89.73310822200006,23.431628010000054],[89.73974775200008,23.43805543900004],[89.73729296600004,23.440380701000038],[89.73826113200005,23.44183889100003],[89.73630244500004,23.443108111000072],[89.73706318900008,23.444257142000026],[89.73142695000007,23.44569055900007],[89.73012069700007,23.444416919000048],[89.72856698900006,23.445975795000038],[89.72950258000003,23.44867883300003],[89.73523642400005,23.449617928000066],[89.73352700800007,23.458787399000073],[89.73492894100008,23.45973372700007],[89.73227935100005,23.46115753400005],[89.73345852100005,23.461200767000037],[89.73367173800006,23.46366768300004],[89.73190350100003,23.465450351000072],[89.72997167400007,23.464595665000047],[89.73303299600008,23.467694709000057],[89.73106911100007,23.477203556000063],[89.72090903800006,23.47469262000004],[89.73095142100004,23.479403429000058],[89.73178618300005,23.48549304200003],[89.73384163300005,23.487885766000034],[89.73226099100003,23.489667620000034],[89.73404479200008,23.490049490000047],[89.73427525800008,23.493555210000068],[89.73754891600004,23.493057173000068],[89.73980753200004,23.48826280000003],[89.74378132500004,23.490111530000036],[89.74488859600007,23.492504806000056],[89.74616476000006,23.490951537000058],[89.74563196200006,23.493962010000075],[89.75535592100005,23.50497738400003],[89.75629506800004,23.506929958000057],[89.74953181400008,23.511421555000027],[89.74868988600008,23.51537546700007],[89.75070354500008,23.522647904000053],[89.74755654200004,23.52539785600004],[89.74484617700006,23.522953435000034],[89.74289411700005,23.523217258000045],[89.73322012200003,23.520080694000058],[89.72565398300009,23.509202146000064],[89.72044870700006,23.50956719000004],[89.71496918000008,23.502375568000048],[89.70592621700007,23.505782215000067],[89.70008942800007,23.501614844000073],[89.69731620000005,23.502901179000048],[89.69228994700006,23.499536755000065],[89.69090096300005,23.503095208000047],[89.68613576200005,23.502392411000073],[89.67951625600006,23.506940520000057],[89.67171853500008,23.50626093300008],[89.67011582300006,23.49730487200003],[89.67514495200004,23.488739869000028],[89.67237607700008,23.48679257300006],[89.66908724300004,23.486350920000064],[89.66231908100008,23.49179789300007],[89.65518773900004,23.493927577000022],[89.64754319100007,23.492611440000076],[89.64898536000004,23.494212378000043],[89.64573830600006,23.494705788000033],[89.64621446700005,23.496450208000056],[89.64196776400007,23.495010497000067],[89.63926484800004,23.489202926000075],[89.64084089600004,23.487991085000033],[89.63915202200008,23.48657749700004],[89.63533301300004,23.487558834000026],[89.63593412500006,23.49010580500004],[89.62969264400004,23.491841774000022],[89.62650707300008,23.494516357000066],[89.62385696400008,23.49374670900005],[89.61912041400007,23.48513031300007],[89.61757143300008,23.47891419000007],[89.61783113100006,23.476086422000037],[89.61947716600008,23.475878738000063],[89.62169132200006,23.472501328000078],[89.62013196700008,23.466923706000046],[89.62192876400007,23.461873061000063],[89.61500618900004,23.463259046000076],[89.61295203800006,23.461185439000076],[89.61085827000005,23.461480572000028],[89.61069659500004,23.45912033600007],[89.60718983200007,23.458699989000024],[89.60687910400009,23.420591216000048],[89.60851148900008,23.412423365000052],[89.61598196400007,23.396639377000042],[89.61759496000008,23.38682453200005],[89.61848599400008,23.38269188000004],[89.61334266400007,23.380929681000055],[89.61665196900003,23.378064219000066],[89.62154848600005,23.382186700000034],[89.62248203100006,23.38576882600006],[89.62737250100008,23.383579903000054],[89.63403372200008,23.383381099000076],[89.63885931900006,23.37602875700003],[89.64086150300005,23.36913895200007],[89.63417720100006,23.365641254000025],[89.63550294600003,23.365094466000073],[89.63478096100005,23.363228038000045],[89.63746505400007,23.363051924000047],[89.63966838600004,23.36506685200004],[89.64260227300008,23.36342449500006],[89.64335317200005,23.357834788000048],[89.64784909900004,23.35680278700005],[89.64591469400006,23.355874235000044],[89.65464894100006,23.356623726000066],[89.65517849200006,23.35496395000007],[89.65916519200005,23.35416931000003],[89.65915198500005,23.352158307000025],[89.66189932100008,23.35153929300003],[89.66591781100004,23.35154509700004],[89.67168382800008,23.353923379000037],[89.67433271700008,23.351542503000076],[89.67602768700004,23.34221829100005],[89.68041554100006,23.34208165000007],[89.68477406500006,23.344911612000033],[89.68610756500004,23.34375298200007],[89.68819259300005,23.340317817000027],[89.68837970600003,23.332708980000064],[89.71205921500007,23.31564847800007],[89.71464219200004,23.311950765000063],[89.71187540600005,23.308893085000022],[89.69954694000006,23.31018877400004],[89.69699012500007,23.302441370000054],[89.69785928000005,23.300962750000053],[89.70668955800005,23.29698632000003],[89.71389508900006,23.289711605000036],[89.71732688000003,23.29244864900005],[89.72002240800003,23.298207010000056],[89.72200203300008,23.298994153000024],[89.72789418100007,23.29720012300004],[89.73311504800006,23.29127998100006]]]}},{"type":"Feature","id":"faridpur-charbhadrasan","properties":{"canonical_id":"faridpur-charbhadrasan","name_en":"Charbhadrasan","name_bn":"চরভদ্রাসন","district_id":"faridpur","division_id":"dhaka","pcode":"BD-C-15-468","parent_pcode":"BD3029","source_name":"Charbhadrasan","match_method":"exact_name_or_alias","boundary_reference_year":"2020","boundary_source":"geoBoundaries gbOpen BGD ADM3 / BBS, OCHA ROAP","source_dataset_updated":"2026-08-09"},"geometry":{"type":"Polygon","coordinates":[[[90.00769718900006,23.634942220000028],[89.99369162600004,23.64106877100005],[89.94840101000005,23.650905476000048],[89.93809272500005,23.653874048000034],[89.93221147600008,23.657275810000044],[89.93267790200008,23.64105598200007],[89.93155675500003,23.638154275000034],[89.92405799300008,23.630292260000033],[89.91848527900004,23.629360749000057],[89.90928135200005,23.63134737100006],[89.90436439900003,23.623588072000075],[89.89803738600006,23.620490877000066],[89.89397834500005,23.60393892700006],[89.90065869700004,23.598744391000025],[89.90269421800008,23.59274280300008],[89.90753374600007,23.590761357000076],[89.90695494400006,23.58501048200003],[89.90947047600008,23.58035553700006],[89.91305548900004,23.578601261000074],[89.91515999200004,23.571115881000026],[89.91379763600008,23.569552448000024],[89.91696136000007,23.568077862000052],[89.92249172000004,23.55847877800005],[89.91635908000006,23.558281393000073],[89.92394537700005,23.553014606000033],[89.93187418700006,23.53846573000004],[89.93075880100008,23.536193463000075],[89.93862732000008,23.52639549500003],[89.94365622100008,23.532834475000072],[89.94567258800004,23.533425718000046],[89.94831667700004,23.538496335000048],[89.95867567200008,23.542550687000073],[89.97011576300008,23.552283422000073],[89.98083461700008,23.548945767000077],[89.98566594900007,23.55180350200004],[89.99014709700003,23.551854096000056],[89.99456292700006,23.547009296000056],[89.99984550700003,23.54534959800003],[90.00140059900008,23.546063754000045],[90.00190033700005,23.549526169000046],[90.00707204100007,23.552746245000037],[90.01437783000006,23.549395669000035],[90.02005074900006,23.552474690000054],[90.04058114800006,23.550380140000073],[90.08138805500005,23.55076836300003],[90.08641482800004,23.555019574000028],[90.07816954700007,23.561423728000022],[90.07403576400009,23.565494494000063],[90.05714337500007,23.571747281000057],[90.04648820300008,23.57393396300006],[90.05564064500004,23.584081059000027],[90.04281770900008,23.595215276000033],[90.04054123200007,23.598901283000032],[90.039007,23.609392738000054],[90.04761215300005,23.61305935400003],[90.04327038000008,23.623109059000058],[90.04476068000008,23.629011571000035],[90.03107364900006,23.629876418000038],[90.00769718900006,23.634942220000028]]]}},{"type":"Feature","id":"faridpur-faridpur-sadar","properties":{"canonical_id":"faridpur-faridpur-sadar","name_en":"Faridpur Sadar","name_bn":"ফরিদপুর সদর","district_id":"faridpur","division_id":"dhaka","pcode":"BD-C-15-462","parent_pcode":"BD3029","source_name":"Faridpur Sadar","match_method":"exact_name_or_alias","boundary_reference_year":"2020","boundary_source":"geoBoundaries gbOpen BGD ADM3 / BBS, OCHA ROAP","source_dataset_updated":"2026-08-09"},"geometry":{"type":"Polygon","coordinates":[[[89.75535592100005,23.50497738400003],[89.75946245300008,23.507277566000027],[89.76975282000006,23.501850235000063],[89.76888518400006,23.49424945900006],[89.78082233900005,23.49152521800005],[89.78579706300008,23.48727593700005],[89.78956754000006,23.489385178000077],[89.78907373400006,23.49255788800008],[89.79331155100004,23.491664790000073],[89.79737165200004,23.49387358900003],[89.79919331300005,23.496501702000046],[89.79636627900004,23.497639004000064],[89.79692569900004,23.49968343000006],[89.80272035900003,23.500646105000044],[89.80458530400006,23.50705899600007],[89.80653869600008,23.50647768400006],[89.80894265700005,23.50842724100005],[89.81171549700008,23.50911316500003],[89.81592796100006,23.50515275600003],[89.81678922500004,23.502317437000045],[89.82187652900006,23.50256948200007],[89.82324862800004,23.49824992300006],[89.82575332900007,23.497448251000037],[89.82922211700009,23.498065765000035],[89.83098739900004,23.502243157000066],[89.83271653100007,23.500957268000036],[89.83477619200005,23.50359538500004],[89.83821431200005,23.50242358500003],[89.83959326900003,23.505397970000047],[89.84156006600006,23.502932301000044],[89.84405044600004,23.504661231000057],[89.84653007600008,23.51704217100007],[89.85994128700008,23.517828819000044],[89.86321351200007,23.521522798000035],[89.86868980400004,23.52055139500004],[89.86529783800006,23.529413162000026],[89.86839371200006,23.534785300000067],[89.87209668100007,23.53665255100003],[89.87496207000004,23.535304461000067],[89.88464991100005,23.540388429000075],[89.88771234600006,23.545983154000055],[89.90203123000003,23.558725801000037],[89.91635908000006,23.558281393000073],[89.92249172000004,23.55847877800005],[89.91696136000007,23.568077862000052],[89.91379763600008,23.569552448000024],[89.91515999200004,23.571115881000026],[89.91305548900004,23.578601261000074],[89.90947047600008,23.58035553700006],[89.90695494400006,23.58501048200003],[89.90753374600007,23.590761357000076],[89.90269421800008,23.59274280300008],[89.90065869700004,23.598744391000025],[89.89397834500005,23.60393892700006],[89.89803738600006,23.620490877000066],[89.90436439900003,23.623588072000075],[89.90928135200005,23.63134737100006],[89.91848527900004,23.629360749000057],[89.92405799300008,23.630292260000033],[89.93155675500003,23.638154275000034],[89.93267790200008,23.64105598200007],[89.93221147600008,23.657275810000044],[89.92861722000004,23.66241496300006],[89.92084687500005,23.668474423000077],[89.91032664900007,23.67235615800007],[89.89687192300005,23.674179739000067],[89.86490040800004,23.718870982000055],[89.85240369200005,23.71433871100004],[89.84422253600007,23.713033937000034],[89.84367566500003,23.71145097300007],[89.84592998300008,23.708453821000035],[89.84537658000005,23.70460816800005],[89.84730212200003,23.70267143800004],[89.84636995600005,23.701068342000042],[89.84043709800005,23.706420981000065],[89.84060470200006,23.70926306100006],[89.83525337900005,23.709519405000037],[89.82105049400008,23.71397649900007],[89.81657625300005,23.71671493200006],[89.81401348300005,23.72196944500007],[89.81051296000004,23.72125556900005],[89.79545538600007,23.712504074000037],[89.79121295900006,23.71144553700003],[89.79271260700006,23.707994253000038],[89.79117020200005,23.69092099100004],[89.79418928300004,23.687857871000062],[89.78925621100007,23.68601872800008],[89.78983683900003,23.682885739000028],[89.78500575100009,23.68236932600007],[89.78210466400003,23.684092210000074],[89.77404905200007,23.680093301000056],[89.76261776500007,23.680997538000042],[89.75472683900006,23.676545115000067],[89.75573442500007,23.66655316400005],[89.73850497100005,23.666260841000053],[89.73473392800008,23.67525888800003],[89.73229813500006,23.677615615000036],[89.72819981800006,23.67302552500007],[89.72127648500003,23.67249158800007],[89.72833716500008,23.666329162000068],[89.72691745800006,23.665537436000022],[89.73041899700007,23.655087096000045],[89.72963650400004,23.64547888800007],[89.73099565700005,23.643718179000075],[89.73023439700006,23.639903358000026],[89.73144434800008,23.636453266000046],[89.72604389600008,23.630438755000057],[89.72806934600004,23.62850592800004],[89.72843241500004,23.618984933000036],[89.73608817400003,23.614944129000037],[89.75272070100004,23.601950224000063],[89.75468198900006,23.597177819000024],[89.75269541400007,23.590440731000058],[89.74072141000005,23.58961954800003],[89.74052225900004,23.588096628000073],[89.74219774100004,23.587235657000065],[89.74170080800008,23.583402672000034],[89.72956648300004,23.581654509000032],[89.72451745200004,23.58356679800005],[89.71939534200004,23.587659641000073],[89.71784468300007,23.59524605000007],[89.71199814800008,23.596800809000058],[89.71310533400003,23.589369460000057],[89.71138265000008,23.588748090000024],[89.70695783200006,23.590417641000045],[89.70098329200005,23.587812162000034],[89.70536386900005,23.582357400000035],[89.70587156000005,23.57745017900004],[89.69799436900007,23.569732371000043],[89.69053751100006,23.558265832000075],[89.68870518800009,23.554488725000056],[89.68886794300005,23.550646726000025],[89.69179332200008,23.549310051000077],[89.70718940500007,23.549932571000056],[89.71705887100006,23.539140245000056],[89.72097031100003,23.53787706600008],[89.72397546700006,23.54012821300006],[89.72598373400007,23.539474059000042],[89.72611317700006,23.534625350000056],[89.74147942300004,23.526081152000074],[89.74289411700005,23.523217258000045],[89.74484617700006,23.522953435000034],[89.74755654200004,23.52539785600004],[89.75070354500008,23.522647904000053],[89.74868988600008,23.51537546700007],[89.74953181400008,23.511421555000027],[89.75629506800004,23.506929958000057],[89.75535592100005,23.50497738400003]]]}},{"type":"Feature","id":"faridpur-madhukhali","properties":{"canonical_id":"faridpur-madhukhali","name_en":"Madhukhali","name_bn":"মধুখালী","district_id":"faridpur","division_id":"dhaka","pcode":"BD-C-15-469","parent_pcode":"BD3029","source_name":"Madhukhali","match_method":"exact_name_or_alias","boundary_reference_year":"2020","boundary_source":"geoBoundaries gbOpen BGD ADM3 / BBS, OCHA ROAP","source_dataset_updated":"2026-08-09"},"geometry":{"type":"Polygon","coordinates":[[[89.49731996600008,23.579061368000055],[89.50001229300005,23.572082754000064],[89.49810078100006,23.562654429000077],[89.49951160300003,23.55777570500004],[89.50661238000004,23.552445985000077],[89.52303950100008,23.55054504000003],[89.53535711700005,23.540226906000044],[89.53750409100007,23.53606132300007],[89.53557136100005,23.531176779000077],[89.53262068300006,23.528779359000055],[89.52097455300003,23.530014743000038],[89.50979836400006,23.525736275000042],[89.50001701500008,23.519335432000048],[89.49229029000008,23.50684588200005],[89.48931692200006,23.49455846400008],[89.49032148600008,23.482193143000075],[89.49448745200004,23.47615816700005],[89.49724291400008,23.47466877100004],[89.50728381000005,23.477757276000034],[89.50933140900008,23.493954348000045],[89.50842850800007,23.506837806000078],[89.51146748500008,23.510687962000077],[89.51826123000006,23.513032226000064],[89.52709715300006,23.51299890000007],[89.57081199100008,23.498806315000024],[89.58064727700008,23.493144135000023],[89.60488029400005,23.474545093000074],[89.60732067900005,23.46846086900007],[89.60718983200007,23.458699989000024],[89.61069659500004,23.45912033600007],[89.61085827000005,23.461480572000028],[89.61295203800006,23.461185439000076],[89.61500618900004,23.463259046000076],[89.62192876400007,23.461873061000063],[89.62013196700008,23.466923706000046],[89.62169132200006,23.472501328000078],[89.61947716600008,23.475878738000063],[89.61783113100006,23.476086422000037],[89.61757143300008,23.47891419000007],[89.61912041400007,23.48513031300007],[89.62385696400008,23.49374670900005],[89.62650707300008,23.494516357000066],[89.62969264400004,23.491841774000022],[89.63593412500006,23.49010580500004],[89.63533301300004,23.487558834000026],[89.63915202200008,23.48657749700004],[89.64084089600004,23.487991085000033],[89.63926484800004,23.489202926000075],[89.64196776400007,23.495010497000067],[89.64621446700005,23.496450208000056],[89.64573830600006,23.494705788000033],[89.64898536000004,23.494212378000043],[89.64754319100007,23.492611440000076],[89.65518773900004,23.493927577000022],[89.66231908100008,23.49179789300007],[89.66908724300004,23.486350920000064],[89.67237607700008,23.48679257300006],[89.67514495200004,23.488739869000028],[89.67011582300006,23.49730487200003],[89.67171853500008,23.50626093300008],[89.67951625600006,23.506940520000057],[89.68613576200005,23.502392411000073],[89.69090096300005,23.503095208000047],[89.69228994700006,23.499536755000065],[89.69731620000005,23.502901179000048],[89.70008942800007,23.501614844000073],[89.70592621700007,23.505782215000067],[89.71496918000008,23.502375568000048],[89.72044870700006,23.50956719000004],[89.72565398300009,23.509202146000064],[89.73322012200003,23.520080694000058],[89.74289411700005,23.523217258000045],[89.74147942300004,23.526081152000074],[89.72611317700006,23.534625350000056],[89.72598373400007,23.539474059000042],[89.72397546700006,23.54012821300006],[89.72097031100003,23.53787706600008],[89.71705887100006,23.539140245000056],[89.70718940500007,23.549932571000056],[89.69179332200008,23.549310051000077],[89.68886794300005,23.550646726000025],[89.68870518800009,23.554488725000056],[89.69053751100006,23.558265832000075],[89.69799436900007,23.569732371000043],[89.70587156000005,23.57745017900004],[89.70536386900005,23.582357400000035],[89.70098329200005,23.587812162000034],[89.69834477100005,23.59007371900003],[89.69030846900006,23.58960513900007],[89.68399061800005,23.585612360000027],[89.67697053000006,23.58452076900005],[89.67331211300007,23.584421662000068],[89.67203675000007,23.58605220900006],[89.66966279100006,23.585218990000044],[89.66953052100007,23.588994961000026],[89.67059010900005,23.588801877000037],[89.67265090700005,23.59626445300006],[89.66645201900008,23.60878191000006],[89.65474310000008,23.609614986000054],[89.65042552000006,23.605084454000064],[89.64659825800004,23.59097515700006],[89.64283599600003,23.589695195000047],[89.64156261200009,23.590552630000047],[89.64033736600004,23.588689057000067],[89.63761420900005,23.590606699000034],[89.63445627400006,23.589458356000023],[89.63122535500008,23.590882968000074],[89.63152418600004,23.58839572900007],[89.62978740300008,23.587704549000023],[89.62681092100007,23.59175424400007],[89.62336719800004,23.592571862000057],[89.62357993200004,23.58853814300005],[89.61923734500004,23.588934033000044],[89.61668827000005,23.590917219000062],[89.61126402300005,23.591652888000056],[89.60992947900007,23.594786147000036],[89.60500998800006,23.595051470000044],[89.60303613000008,23.60232000700006],[89.59766919900005,23.60838800600004],[89.59462384800008,23.60786183400006],[89.59387183900003,23.605076114000042],[89.59934155200006,23.600576244000024],[89.59885664800004,23.597765263000042],[89.59023306500006,23.593766680000044],[89.57747342300007,23.59837867300007],[89.57230556400003,23.604524801000025],[89.56397961700009,23.60381911500008],[89.56237884400008,23.602805213000067],[89.56441702000006,23.594917534000047],[89.56124194200004,23.59135481100003],[89.55583827300006,23.59262096300006],[89.54847169200008,23.59133120100006],[89.54746276400004,23.587860856000077],[89.54924749700007,23.582453791000034],[89.54674166400008,23.582371416000058],[89.54224736700007,23.576793559000066],[89.54378046000005,23.573062497000024],[89.54203139100008,23.572841134000043],[89.54306101200007,23.57105569600003],[89.55116976500005,23.570867617000033],[89.55218547700008,23.57187825500006],[89.55379406500003,23.57080912200007],[89.55251546200003,23.56658549100007],[89.54637002600003,23.559946726000078],[89.54255049100004,23.562221934000036],[89.54178782100007,23.568637403000025],[89.53721746600007,23.569663750000075],[89.53556579800005,23.571717143000058],[89.53375166000006,23.569290958000067],[89.52937980900003,23.57087825800005],[89.52439624700008,23.579537818000063],[89.52012474600008,23.582039147000046],[89.52044255700008,23.586951622000072],[89.51377728700004,23.58735431100007],[89.50838032500008,23.59028365200004],[89.50503009700003,23.58371872300006],[89.49731996600008,23.579061368000055]]]}},{"type":"Feature","id":"faridpur-nagarkanda","properties":{"canonical_id":"faridpur-nagarkanda","name_en":"Nagarkanda","name_bn":"নগরকান্দা","district_id":"faridpur","division_id":"dhaka","pcode":"BD-C-15-466","parent_pcode":"BD3029","source_name":"Nagarkanda","match_method":"exact_name_or_alias","boundary_reference_year":"2020","boundary_source":"geoBoundaries gbOpen BGD ADM3 / BBS, OCHA ROAP","source_dataset_updated":"2026-08-09"},"geometry":{"type":"Polygon","coordinates":[[[89.93422996900006,23.459818590000054],[89.92395348900004,23.474923837000063],[89.92101932500003,23.488420448000056],[89.91755758900007,23.49388471900005],[89.91944245500008,23.496162008000056],[89.91980930400007,23.500916347000043],[89.92648039000005,23.506158742000025],[89.92743714300008,23.519717051000043],[89.92639883900006,23.524574580000035],[89.92990496000004,23.534397228000046],[89.92726775400007,23.536061459000052],[89.92864796900005,23.537091283000052],[89.93075880100008,23.536193463000075],[89.93187418700006,23.53846573000004],[89.92394537700005,23.553014606000033],[89.91635908000006,23.558281393000073],[89.90203123000003,23.558725801000037],[89.88771234600006,23.545983154000055],[89.88464991100005,23.540388429000075],[89.87496207000004,23.535304461000067],[89.87209668100007,23.53665255100003],[89.86839371200006,23.534785300000067],[89.86529783800006,23.529413162000026],[89.86868980400004,23.52055139500004],[89.86321351200007,23.521522798000035],[89.85994128700008,23.517828819000044],[89.84653007600008,23.51704217100007],[89.84405044600004,23.504661231000057],[89.84156006600006,23.502932301000044],[89.83959326900003,23.505397970000047],[89.83821431200005,23.50242358500003],[89.84128080700003,23.50098372900004],[89.84203567900005,23.49628624500008],[89.84314427700008,23.49677796700007],[89.84273975700006,23.499790604000054],[89.84496523400009,23.50003503100004],[89.84456096700006,23.497377253000025],[89.84655571200005,23.49570305800006],[89.84477598400008,23.49306142100005],[89.84678853600008,23.492603861000077],[89.84793323000008,23.494701187000032],[89.84900645500005,23.492130669000062],[89.84276623900007,23.488559875000078],[89.83622968600008,23.479635374000054],[89.82860948100006,23.47287618400003],[89.82756955400004,23.46989303400005],[89.82869458000005,23.467402872000036],[89.83135313300005,23.469056541000043],[89.83262158900004,23.46754037100004],[89.84132790900009,23.467758359000072],[89.84424328100005,23.465312236000045],[89.84729581800008,23.467222339000045],[89.84926637400008,23.466747201000032],[89.84868902200003,23.46105248500004],[89.84482722400008,23.452915064000024],[89.84835935000007,23.452053627000055],[89.84930613700004,23.449775975000023],[89.84389005900005,23.43806672100004],[89.84661276100007,23.43071486200006],[89.84667164100006,23.424222445000055],[89.84982971400007,23.419642386000078],[89.86124345200005,23.419822874000033],[89.86288464600005,23.417056267000078],[89.86326379000008,23.407380528000033],[89.85803682900007,23.39887747000006],[89.85301507300005,23.402896484000053],[89.84479501000004,23.404764587000045],[89.85012763100008,23.402818656000022],[89.85342370800004,23.394543561000035],[89.84664840900007,23.381721981000055],[89.84718782500005,23.374535009000056],[89.84584820300006,23.372664979000035],[89.84153496900007,23.37308974000007],[89.84045169300003,23.368910844000027],[89.83792482100006,23.367629501000067],[89.83897934500004,23.36211815300004],[89.84190663500004,23.35904029200003],[89.85003859500006,23.362898647000065],[89.85406426100008,23.363131103000057],[89.86344367400005,23.359890480000047],[89.86459503900005,23.358176884000045],[89.86286734400005,23.356903973000044],[89.87318541000008,23.355193559000043],[89.87572580200003,23.352575433000027],[89.87600617500004,23.34630611500006],[89.88369394600005,23.335635996000065],[89.89711036700004,23.34234626700004],[89.90489854400005,23.34210390800007],[89.90698503300007,23.33769982000007],[89.91378364000008,23.335615363000045],[89.91680056600006,23.331677984000066],[89.91058235900005,23.32652510400004],[89.90564416500007,23.31354609300007],[89.91337225400008,23.309079706000034],[89.92217306300006,23.30850450500003],[89.92568784900004,23.31016831200003],[89.92547605100003,23.316733059000057],[89.92996034900005,23.321287271000074],[89.94581791200005,23.321937732000038],[89.95032546900006,23.320527231000028],[89.95506657700008,23.326934859000062],[89.96059108300005,23.328967675000058],[89.96318509400004,23.335627987000066],[89.96265411300004,23.337759117000076],[89.95464310800008,23.343457473000058],[89.95272767400007,23.33865015200007],[89.94840216300008,23.338944621000053],[89.94678302800008,23.34309762600003],[89.94779491100007,23.35176976300005],[89.94186358700006,23.349186460000055],[89.93067934500004,23.348238511000034],[89.92688508200007,23.350857517000065],[89.92472845900005,23.350306040000078],[89.92447043500005,23.347581868000077],[89.92120360800004,23.349423013000035],[89.92112119800004,23.354882923000048],[89.91835247800003,23.363768950000065],[89.91933727000009,23.371960783000077],[89.91714141500006,23.381393562000028],[89.91546499300006,23.382871832000035],[89.91573630100004,23.386162840000054],[89.92197712900008,23.390659467000035],[89.92468213700005,23.39983894900007],[89.92696936900006,23.39903552900006],[89.92995050100006,23.39479248300006],[89.93281224800006,23.395248215000038],[89.93453044800003,23.39269484400006],[89.93837747600008,23.391978279000057],[89.93706955400006,23.387890294000044],[89.93921466200004,23.382952872000033],[89.94450027200008,23.384968085000025],[89.94905767100005,23.382779113000026],[89.95053425800006,23.387282577000065],[89.94932395400008,23.387791993000064],[89.94967261400006,23.390954247000025],[89.94643894200004,23.39374269700005],[89.94571265800005,23.403340640000067],[89.94103056800003,23.407045882000034],[89.94146468100007,23.408912499000053],[89.93326713100004,23.41394344300005],[89.92752934100008,23.425482849000048],[89.93180243200004,23.430970079000076],[89.93894722700009,23.433984418000023],[89.95136832800006,23.42799254600004],[89.95539454600004,23.432085146000077],[89.95569098600004,23.435740215000067],[89.94887479400006,23.446484031000068],[89.93422996900006,23.459818590000054]]]}},{"type":"Feature","id":"faridpur-sadarpur","properties":{"canonical_id":"faridpur-sadarpur","name_en":"Sadarpur","name_bn":"সদরপুর","district_id":"faridpur","division_id":"dhaka","pcode":"BD-C-15-465","parent_pcode":"BD3029","source_name":"Sadarpur","match_method":"exact_name_or_alias","boundary_reference_year":"2020","boundary_source":"geoBoundaries gbOpen BGD ADM3 / BBS, OCHA ROAP","source_dataset_updated":"2026-08-09"},"geometry":{"type":"Polygon","coordinates":[[[90.09251157700004,23.374079824000034],[90.09294157300008,23.375487602000078],[90.09480715000007,23.375439623000034],[90.09720024900008,23.380481436000025],[90.10126893900008,23.382133601000078],[90.09549673200007,23.386152433000063],[90.09741967800005,23.399114820000023],[90.09563241900008,23.40178293400004],[90.11165969900009,23.41118135100004],[90.11003211200006,23.41259561100003],[90.10134069400004,23.41374247400006],[90.09740232400009,23.411763921000045],[90.09308578200006,23.412507262000076],[90.10256605500007,23.42012238500007],[90.10432418100004,23.42424705600007],[90.11093280800009,23.43155134400007],[90.10887993400007,23.435070019000023],[90.11038787700005,23.438436013000057],[90.10866504200004,23.438277451000033],[90.10847570500005,23.43681818700003],[90.10733542500003,23.438609205000034],[90.10668839700008,23.44053763000005],[90.10844899600005,23.442705467000053],[90.10575315300008,23.44669651600003],[90.10761742800008,23.44683751200006],[90.11018967700005,23.455828626000027],[90.12205236100004,23.457981503000042],[90.12831684500009,23.460740002000023],[90.13574970700006,23.465743060000023],[90.14144138400007,23.475380691000055],[90.15158597800007,23.466386751000073],[90.15461765300006,23.46522191100007],[90.15744939700005,23.466321100000073],[90.16161332100006,23.47329988100006],[90.16519069000003,23.489835451000033],[90.17194247500004,23.488902273000065],[90.18200348500005,23.49803725000004],[90.16615413500006,23.512292525000078],[90.15825715400007,23.522147180000047],[90.14791771300008,23.54097850100004],[90.13637965800007,23.553951217000076],[90.13499457400007,23.56160100200003],[90.12989491600007,23.565098238000076],[90.11380579400009,23.565358122000077],[90.10200941900007,23.568579750000026],[90.07816954700007,23.561423728000022],[90.08641482800004,23.555019574000028],[90.08138805500005,23.55076836300003],[90.04058114800006,23.550380140000073],[90.02005074900006,23.552474690000054],[90.01437783000006,23.549395669000035],[90.00707204100007,23.552746245000037],[90.00190033700005,23.549526169000046],[90.00140059900008,23.546063754000045],[89.99984550700003,23.54534959800003],[89.99456292700006,23.547009296000056],[89.99014709700003,23.551854096000056],[89.98566594900007,23.55180350200004],[89.98083461700008,23.548945767000077],[89.97011576300008,23.552283422000073],[89.95867567200008,23.542550687000073],[89.94831667700004,23.538496335000048],[89.94567258800004,23.533425718000046],[89.94365622100008,23.532834475000072],[89.93862732000008,23.52639549500003],[89.93075880100008,23.536193463000075],[89.92864796900005,23.537091283000052],[89.92726775400007,23.536061459000052],[89.92990496000004,23.534397228000046],[89.92639883900006,23.524574580000035],[89.92743714300008,23.519717051000043],[89.92648039000005,23.506158742000025],[89.91980930400007,23.500916347000043],[89.91944245500008,23.496162008000056],[89.91755758900007,23.49388471900005],[89.92101932500003,23.488420448000056],[89.92395348900004,23.474923837000063],[89.93422996900006,23.459818590000054],[89.93944635400004,23.46180908900004],[89.94367702100004,23.460126587000047],[89.94872750800005,23.463446822000037],[89.95490113800008,23.46081900100006],[89.96429677800006,23.46046801800003],[89.96650676200005,23.465840877000062],[89.97350914300006,23.46596078300007],[89.98045582900005,23.470341676000032],[89.98457128100006,23.47052618400005],[89.98666906500006,23.475538552000046],[89.99446840800005,23.471485475000065],[89.99535287900005,23.468484859000057],[89.99858917500006,23.46648242300006],[90.00649650300005,23.467607464000025],[90.00603559100006,23.459214141000075],[90.00438686100006,23.455962318000047],[90.01210609100008,23.44750758400005],[90.02134525400004,23.441681431000063],[90.02814109100007,23.443095149000044],[90.03215847000007,23.44957443000004],[90.04192007000006,23.456372831000067],[90.04653186200005,23.45594697300004],[90.04758475200003,23.45007464100007],[90.05012938800007,23.445945761000075],[90.04917739200005,23.444618212000023],[90.04367465400009,23.444677434000027],[90.04508945500004,23.440473859000065],[90.04876986400006,23.438762689000043],[90.05663450500003,23.442392434000055],[90.06625907000006,23.436155303000078],[90.07488602800004,23.436369889000048],[90.07765504000008,23.433330055000056],[90.07677071400008,23.430839072000026],[90.07831846200008,23.430013476000056],[90.07620763900007,23.42302803700005],[90.08149499000007,23.415417296000044],[90.08059686800004,23.407741368000075],[90.08246112100005,23.40629962400004],[90.08026454400004,23.400377907000063],[90.05513979100004,23.386573277000025],[90.06097584300005,23.38036651300007],[90.06150415600007,23.384108260000062],[90.06924584100005,23.38207766200003],[90.07004982800004,23.37806153500003],[90.08553917300009,23.377081082000075],[90.09251157700004,23.374079824000034]]]}},{"type":"Feature","id":"faridpur-saltha","properties":{"canonical_id":"faridpur-saltha","name_en":"Saltha","name_bn":"সালথা","district_id":"faridpur","division_id":"dhaka","pcode":"BD-C-15-470","parent_pcode":"BD3029","source_name":"Saltha","match_method":"exact_name_or_alias","boundary_reference_year":"2020","boundary_source":"geoBoundaries gbOpen BGD ADM3 / BBS, OCHA ROAP","source_dataset_updated":"2026-08-09"},"geometry":{"type":"Polygon","coordinates":[[[89.78999370700006,23.313022811000053],[89.79022881500003,23.311810429000047],[89.79316436000005,23.31150155800003],[89.80054374000008,23.318463804000032],[89.80492906700005,23.326157634000026],[89.81657544200004,23.334469179000052],[89.82358102400008,23.345561407000048],[89.82657812900004,23.347802140000056],[89.83036790600005,23.34609508400007],[89.83249257000006,23.337147258000073],[89.84040506900004,23.331445463000023],[89.84398060700005,23.33229366200004],[89.84626874700007,23.337815157000023],[89.85027970000004,23.340674070000034],[89.86277884500004,23.338899222000066],[89.86489439200005,23.336099664000074],[89.86435403400009,23.32906352300006],[89.87077227200007,23.321311180000066],[89.87264462300004,23.322422095000036],[89.87538878600003,23.329419899000072],[89.88369394600005,23.335635996000065],[89.87600617500004,23.34630611500006],[89.87572580200003,23.352575433000027],[89.87318541000008,23.355193559000043],[89.86286734400005,23.356903973000044],[89.86459503900005,23.358176884000045],[89.86344367400005,23.359890480000047],[89.85406426100008,23.363131103000057],[89.85003859500006,23.362898647000065],[89.84190663500004,23.35904029200003],[89.83897934500004,23.36211815300004],[89.83792482100006,23.367629501000067],[89.84045169300003,23.368910844000027],[89.84153496900007,23.37308974000007],[89.84584820300006,23.372664979000035],[89.84718782500005,23.374535009000056],[89.84664840900007,23.381721981000055],[89.85342370800004,23.394543561000035],[89.85012763100008,23.402818656000022],[89.84479501000004,23.404764587000045],[89.85301507300005,23.402896484000053],[89.85803682900007,23.39887747000006],[89.86326379000008,23.407380528000033],[89.86288464600005,23.417056267000078],[89.86124345200005,23.419822874000033],[89.84982971400007,23.419642386000078],[89.84667164100006,23.424222445000055],[89.84661276100007,23.43071486200006],[89.84389005900005,23.43806672100004],[89.84930613700004,23.449775975000023],[89.84835935000007,23.452053627000055],[89.84482722400008,23.452915064000024],[89.84868902200003,23.46105248500004],[89.84926637400008,23.466747201000032],[89.84729581800008,23.467222339000045],[89.84424328100005,23.465312236000045],[89.84132790900009,23.467758359000072],[89.83262158900004,23.46754037100004],[89.83135313300005,23.469056541000043],[89.82869458000005,23.467402872000036],[89.82756955400004,23.46989303400005],[89.82860948100006,23.47287618400003],[89.83622968600008,23.479635374000054],[89.84276623900007,23.488559875000078],[89.84900645500005,23.492130669000062],[89.84793323000008,23.494701187000032],[89.84678853600008,23.492603861000077],[89.84477598400008,23.49306142100005],[89.84655571200005,23.49570305800006],[89.84456096700006,23.497377253000025],[89.84496523400009,23.50003503100004],[89.84273975700006,23.499790604000054],[89.84314427700008,23.49677796700007],[89.84203567900005,23.49628624500008],[89.84128080700003,23.50098372900004],[89.83821431200005,23.50242358500003],[89.83477619200005,23.50359538500004],[89.83271653100007,23.500957268000036],[89.83098739900004,23.502243157000066],[89.82922211700009,23.498065765000035],[89.82575332900007,23.497448251000037],[89.82324862800004,23.49824992300006],[89.82187652900006,23.50256948200007],[89.81678922500004,23.502317437000045],[89.81592796100006,23.50515275600003],[89.81171549700008,23.50911316500003],[89.80894265700005,23.50842724100005],[89.80653869600008,23.50647768400006],[89.80458530400006,23.50705899600007],[89.80272035900003,23.500646105000044],[89.79692569900004,23.49968343000006],[89.79636627900004,23.497639004000064],[89.79919331300005,23.496501702000046],[89.79737165200004,23.49387358900003],[89.79331155100004,23.491664790000073],[89.78907373400006,23.49255788800008],[89.78956754000006,23.489385178000077],[89.78579706300008,23.48727593700005],[89.78082233900005,23.49152521800005],[89.76888518400006,23.49424945900006],[89.76975282000006,23.501850235000063],[89.75946245300008,23.507277566000027],[89.75535592100005,23.50497738400003],[89.74563196200006,23.493962010000075],[89.74616476000006,23.490951537000058],[89.74488859600007,23.492504806000056],[89.74378132500004,23.490111530000036],[89.73980753200004,23.48826280000003],[89.73754891600004,23.493057173000068],[89.73427525800008,23.493555210000068],[89.73404479200008,23.490049490000047],[89.73226099100003,23.489667620000034],[89.73384163300005,23.487885766000034],[89.73178618300005,23.48549304200003],[89.73095142100004,23.479403429000058],[89.72090903800006,23.47469262000004],[89.73106911100007,23.477203556000063],[89.73303299600008,23.467694709000057],[89.72997167400007,23.464595665000047],[89.73190350100003,23.465450351000072],[89.73367173800006,23.46366768300004],[89.73345852100005,23.461200767000037],[89.73227935100005,23.46115753400005],[89.73492894100008,23.45973372700007],[89.73352700800007,23.458787399000073],[89.73523642400005,23.449617928000066],[89.72950258000003,23.44867883300003],[89.72856698900006,23.445975795000038],[89.73012069700007,23.444416919000048],[89.73142695000007,23.44569055900007],[89.73706318900008,23.444257142000026],[89.73630244500004,23.443108111000072],[89.73826113200005,23.44183889100003],[89.73729296600004,23.440380701000038],[89.73974775200008,23.43805543900004],[89.73310822200006,23.431628010000054],[89.72916520300004,23.43091947100004],[89.72796057200009,23.427902628000027],[89.72541965800008,23.426449520000062],[89.73314769000007,23.42156365900007],[89.73041144300004,23.417662928000027],[89.73105265600003,23.41489768400004],[89.74170042100008,23.410216240000068],[89.74152281300007,23.406857932000037],[89.74901453900009,23.401318235000076],[89.74909392900008,23.397978411000054],[89.75867427100007,23.395626280000045],[89.75792029000007,23.392318466000063],[89.75949578500007,23.388823426000044],[89.76205232100006,23.387333500000068],[89.75643825700007,23.383790687000044],[89.75731879600005,23.38103416000007],[89.76819315800003,23.374261197000067],[89.77671425800008,23.376368692000028],[89.77897194700006,23.375599007000062],[89.77357101900003,23.36648935900007],[89.77870546900004,23.359650774000045],[89.77722788000005,23.358857156000056],[89.78190611800005,23.353629082000054],[89.78060281100005,23.347090700000024],[89.78702877600006,23.343826774000036],[89.78764405700008,23.338520106000033],[89.79009211400006,23.336771550000037],[89.79426033100003,23.317495911000037],[89.79378043100007,23.314934957000048],[89.78999370700006,23.313022811000053]]]}},{"type":"Feature","id":"gazipur-gazipur-sadar","properties":{"canonical_id":"gazipur-gazipur-sadar","name_en":"Gazipur Sadar","name_bn":"গাজীপুর সদর","district_id":"gazipur","division_id":"dhaka","pcode":"BD-C-18-392","parent_pcode":"BD3033","source_name":"Gazipur Sadar","match_method":"exact_name_or_alias","boundary_reference_year":"2020","boundary_source":"geoBoundaries gbOpen BGD ADM3 / BBS, OCHA ROAP","source_dataset_updated":"2026-08-09"},"geometry":{"type":"Polygon","coordinates":[[[90.41631954000007,23.886038307000035],[90.41897922500004,23.88582372700006],[90.43820062800006,23.901063418000035],[90.44251567400005,23.898548826000024],[90.44616848800007,23.898426314000062],[90.44850456800003,23.895780711000043],[90.45780062000006,23.896447100000046],[90.46075027100005,23.893196827000054],[90.45966786700006,23.884806526000034],[90.46156691600004,23.88337089600003],[90.46830364600004,23.887248816000067],[90.47576676200003,23.897494495000046],[90.48175993400008,23.900479636000057],[90.48132477200005,23.905168741000068],[90.48574054900007,23.91297396300007],[90.49227158900004,23.915530768000053],[90.49300112100008,23.92168276700005],[90.48889582100009,23.92559497900004],[90.49002912300006,23.936399551000022],[90.49627791900008,23.939019721000022],[90.50062221900004,23.937469023000062],[90.50167473800008,23.93901122500006],[90.51336464600007,23.935314005000066],[90.51413380800005,23.958929452000064],[90.50350117900007,23.96207683700004],[90.49039186200008,23.96135944100007],[90.49190115800008,23.96443007000005],[90.50038030500008,23.96567055500003],[90.50632211400006,23.964931886000045],[90.50928164400005,23.962220913000067],[90.51391381200006,23.96464190300003],[90.51489394700008,23.966887060000033],[90.51058005700008,23.975579112000048],[90.50608988300007,23.976566637000076],[90.49853077900008,23.986949002000074],[90.49409483300008,23.987302061000037],[90.50268685400005,23.99316874400006],[90.49832846800007,23.99775943900005],[90.49515526900007,24.00768812800004],[90.49287706600006,24.00779482400003],[90.49064630300006,24.010851452000054],[90.48977911800006,24.01439820400003],[90.49475520000004,24.015072616000054],[90.49236597800007,24.027695348000066],[90.48951850600008,24.019905809000022],[90.49015234700005,24.015910457000075],[90.48781888100007,24.01378857800006],[90.48422668900008,24.014556411000058],[90.48125280600004,24.012713062000046],[90.47394447500005,24.01448693900005],[90.47055656800006,24.016367031000073],[90.47082693000004,24.019562447000055],[90.46901310200008,24.018142626000042],[90.46672901300008,24.021444635000023],[90.46546982200005,24.02146709400006],[90.46466813200004,24.019166332000054],[90.45997056600004,24.018875669000067],[90.45279020400005,24.028770316000077],[90.44785594200005,24.030859390000046],[90.44893150800004,24.033328225000048],[90.44494191500007,24.03351034700006],[90.44768603500006,24.04621168700004],[90.44475511300004,24.05244505400003],[90.44524357000006,24.05932215200005],[90.44190231300007,24.058234999000035],[90.43884010200009,24.060190230000046],[90.43507717100005,24.05892744500005],[90.43504142400008,24.062547167000048],[90.43069149200005,24.06169408100004],[90.41969225600008,24.066126671000063],[90.41921322800005,24.075363887000037],[90.42171052700007,24.078506970000035],[90.42033452100009,24.087569391000045],[90.42176297700007,24.092657864000046],[90.42359710800008,24.092791095000052],[90.42557042800007,24.08945108300003],[90.43266599300006,24.08913762700007],[90.43539284900004,24.086154945000033],[90.43849648100007,24.085877938000067],[90.44906963800008,24.08981007700004],[90.44633129700009,24.103251597000053],[90.45611250400003,24.10363198400006],[90.45870536900009,24.10246473600006],[90.46079292800005,24.103598187000046],[90.45942643700005,24.111691622000023],[90.45527583100005,24.115022191000037],[90.45286317900008,24.119243933000064],[90.45609419100003,24.12328462100004],[90.45654126400007,24.130714944000033],[90.46237351900004,24.133075073000043],[90.46700321200007,24.132836878000035],[90.46358308000003,24.137752242000033],[90.45705422600008,24.142300912000053],[90.46108394200007,24.146369563000064],[90.46332328600005,24.152882747000035],[90.46154332000003,24.159170449000044],[90.45414080100005,24.169437748000064],[90.44641042600006,24.174591858000042],[90.44314021600007,24.172145827000065],[90.43635122500007,24.173660760000075],[90.43114837100006,24.18085936800003],[90.42634218100005,24.17963776000005],[90.42285139500007,24.180389797000032],[90.41749696100004,24.17763229600007],[90.41503260800005,24.17821311800003],[90.40718208800007,24.164397249000046],[90.40748042400008,24.162631257000044],[90.40410144000003,24.16126286100007],[90.40432804600005,24.157806383000036],[90.40058483600006,24.155988963000027],[90.39780353500004,24.15185731200006],[90.39360305100007,24.152704794000044],[90.38917589500005,24.161197796000067],[90.38758529700004,24.16175054100006],[90.38380984500003,24.16063446800007],[90.38151526100006,24.16176697000003],[90.37550758500004,24.158282523000025],[90.37190723000003,24.163385978000065],[90.36793506400005,24.161224532000062],[90.36539579900005,24.163343570000052],[90.36136692100007,24.16263568200003],[90.35830556000008,24.164018032000058],[90.35600932800008,24.162441670000078],[90.35763527500006,24.16061000600007],[90.35582635300005,24.158356221000076],[90.35426894800008,24.157600587000047],[90.35537467800003,24.15187338100003],[90.35240711700004,24.151272291000055],[90.35392326500005,24.14869520800005],[90.35196769400005,24.148066355000026],[90.35139382100004,24.14472750400006],[90.34972786800006,24.144251501000042],[90.35122792400006,24.138496314000065],[90.34827378800009,24.136598440000057],[90.34911464400005,24.132734737000078],[90.34657833100005,24.129011387000048],[90.34649435500006,24.12341054500007],[90.33973313700005,24.11721897600006],[90.33763851600008,24.109561557000063],[90.33748949800008,24.10127772800007],[90.33270394900006,24.09703690200007],[90.33491231700003,24.092342703000043],[90.34071632900003,24.089226207000024],[90.33634557200008,24.08121815000004],[90.34181711200006,24.077204210000048],[90.34168332500008,24.075675250000074],[90.33745972500003,24.075348176000034],[90.33729901300006,24.069144558000062],[90.34302556300008,24.062278098000036],[90.33718574900007,24.059916741000052],[90.33611934900006,24.057878377000065],[90.33616469100008,24.049558497000078],[90.33895422400008,24.043446016000075],[90.32908151300006,24.03831185000007],[90.32662275100006,24.033896969000068],[90.31657064000007,24.039834747000043],[90.31692867000004,24.041205774000048],[90.31313431100006,24.04148454600005],[90.31194675600005,24.044288653000024],[90.30382683700003,24.043853368000043],[90.30581027300008,24.034170821000032],[90.31259551300008,24.030930359000024],[90.31387894200003,24.020078884000043],[90.31296390800009,24.016047856000057],[90.30669965800007,24.01344342300007],[90.30287071200007,24.006487725000056],[90.30064090800005,24.006341389000056],[90.30106074300005,24.00824185700003],[90.29902742900003,24.010963985000046],[90.29590260200007,24.012079888000073],[90.29615172100006,24.015936184000054],[90.29517340900009,24.014620490000027],[90.29080312700006,24.014265860000023],[90.29033016400007,24.009993930000064],[90.28754945500003,24.01167578700006],[90.28177668800004,24.009806664000052],[90.27814944700003,24.013968137000063],[90.27497598400004,24.012851601000023],[90.26662703300008,24.015971198000045],[90.26379605300008,24.01431472200005],[90.26002618000007,24.01482753700003],[90.26024820200007,24.01002367800004],[90.25632720300007,24.00833616500006],[90.25199812900007,24.000267904000054],[90.25438668200007,23.999037260000023],[90.25586066100004,23.994913818000043],[90.25011705300005,23.991615773000035],[90.25371065000007,23.983621351000068],[90.25614097100004,23.983790620000036],[90.25578024500004,23.980956202000073],[90.26018990500006,23.975518667000074],[90.26201803400005,23.97540265200007],[90.26004734400004,23.97122008300005],[90.26965313800008,23.968476872000053],[90.26865240400008,23.965225858000053],[90.27042828900005,23.96281392900005],[90.28132068100007,23.96737544000007],[90.28201890900004,23.964994139000055],[90.29781203400006,23.961874128000034],[90.30028793400004,23.954291183000066],[90.30017395600004,23.948835874000054],[90.31916317300005,23.950553245000037],[90.31736635200008,23.957524843000044],[90.33042364100004,23.954911234000065],[90.33071677700008,23.950384848000056],[90.33546643800008,23.94788445000006],[90.33915955600008,23.94871521400006],[90.33972440100007,23.951431564000075],[90.33891680200009,23.953132552000056],[90.33561935500006,23.954045848000078],[90.33740284300006,23.95556839900007],[90.34084216000008,23.95556983700004],[90.34551337000005,23.947143544000028],[90.34832250800008,23.929157795000037],[90.34777058300006,23.91156742800007],[90.34449043500007,23.902369143000044],[90.34834030800005,23.896625482000047],[90.34982274000004,23.883248553000044],[90.35188468000007,23.88191425800005],[90.35489336800003,23.882090360000063],[90.35550040700008,23.88444448200005],[90.35364907000007,23.885856158000024],[90.36318066900003,23.894299422000074],[90.36456805200004,23.89282480600008],[90.36941125800007,23.895553346000042],[90.37279514400007,23.894798854000044],[90.37715303900006,23.89804009100004],[90.38429433500005,23.897361384000078],[90.38569363900007,23.896067801000072],[90.38476376900007,23.894900654000025],[90.38578874900008,23.893385984000076],[90.39048714900008,23.893646137000076],[90.39030377400007,23.890501364000045],[90.39372958800004,23.888360271000067],[90.39239331800007,23.883587184000078],[90.39571533000009,23.88015701000006],[90.40649298400007,23.881967280000026],[90.41193187400006,23.882793392000053],[90.41631954000007,23.886038307000035]]]}},{"type":"Feature","id":"gazipur-kaliakair","properties":{"canonical_id":"gazipur-kaliakair","name_en":"Kaliakair","name_bn":"কালিয়াকৈর","district_id":"gazipur","division_id":"dhaka","pcode":"BD-C-18-390","parent_pcode":"BD3033","source_name":"Kaliakair","match_method":"exact_name_or_alias","boundary_reference_year":"2020","boundary_source":"geoBoundaries gbOpen BGD ADM3 / BBS, OCHA ROAP","source_dataset_updated":"2026-08-09"},"geometry":{"type":"Polygon","coordinates":[[[90.18329933900009,24.001678490000074],[90.18472929500007,24.00212500300006],[90.18091003300003,24.004432801000064],[90.18287623200007,24.007095004000064],[90.18608995900007,24.00736492900006],[90.18422227400004,24.010281801000076],[90.19178143200008,24.014040134000027],[90.19435201700009,24.008249441000032],[90.19764313000007,24.007653617000074],[90.19889971400005,24.009574181000062],[90.20307495400004,24.009637014000077],[90.20431157800004,24.005277843000044],[90.20796268400005,24.006601249000028],[90.20951259700007,24.009885206000035],[90.21595903000008,24.005076716000076],[90.22270512000006,24.010241448000045],[90.24003926400007,24.009375282000065],[90.24122765000004,24.012276734000068],[90.23970042100007,24.022841262000043],[90.24116977400007,24.02441113900005],[90.24115883100006,24.029745278000064],[90.23868054400003,24.02968875700003],[90.24326542600005,24.03380364800006],[90.24602980500003,24.03331995700006],[90.25329277000003,24.02721077600006],[90.25060479400008,24.022954784000035],[90.25233306100006,24.018559438000068],[90.25447940700008,24.01681265800005],[90.25826132100008,24.01674875200007],[90.26002618000007,24.01482753700003],[90.26379605300008,24.01431472200005],[90.26662703300008,24.015971198000045],[90.27497598400004,24.012851601000023],[90.27814944700003,24.013968137000063],[90.28177668800004,24.009806664000052],[90.28754945500003,24.01167578700006],[90.29033016400007,24.009993930000064],[90.29080312700006,24.014265860000023],[90.29517340900009,24.014620490000027],[90.29615172100006,24.015936184000054],[90.29590260200007,24.012079888000073],[90.29902742900003,24.010963985000046],[90.30106074300005,24.00824185700003],[90.30064090800005,24.006341389000056],[90.30287071200007,24.006487725000056],[90.30669965800007,24.01344342300007],[90.31296390800009,24.016047856000057],[90.31387894200003,24.020078884000043],[90.31259551300008,24.030930359000024],[90.30581027300008,24.034170821000032],[90.30382683700003,24.043853368000043],[90.31194675600005,24.044288653000024],[90.31313431100006,24.04148454600005],[90.31692867000004,24.041205774000048],[90.31657064000007,24.039834747000043],[90.32662275100006,24.033896969000068],[90.32908151300006,24.03831185000007],[90.33895422400008,24.043446016000075],[90.33616469100008,24.049558497000078],[90.33611934900006,24.057878377000065],[90.33718574900007,24.059916741000052],[90.34302556300008,24.062278098000036],[90.33729901300006,24.069144558000062],[90.33745972500003,24.075348176000034],[90.34168332500008,24.075675250000074],[90.34181711200006,24.077204210000048],[90.33634557200008,24.08121815000004],[90.34071632900003,24.089226207000024],[90.33491231700003,24.092342703000043],[90.33270394900006,24.09703690200007],[90.33748949800008,24.10127772800007],[90.33763851600008,24.109561557000063],[90.33973313700005,24.11721897600006],[90.34649435500006,24.12341054500007],[90.34657833100005,24.129011387000048],[90.34911464400005,24.132734737000078],[90.34827378800009,24.136598440000057],[90.35122792400006,24.138496314000065],[90.34972786800006,24.144251501000042],[90.35139382100004,24.14472750400006],[90.35196769400005,24.148066355000026],[90.35392326500005,24.14869520800005],[90.35240711700004,24.151272291000055],[90.35537467800003,24.15187338100003],[90.35426894800008,24.157600587000047],[90.35582635300005,24.158356221000076],[90.35307846800004,24.161852930000066],[90.34833400900004,24.161995365000053],[90.34807681100006,24.165846432000023],[90.34145717200005,24.17074152400005],[90.34080053500008,24.175102087000027],[90.33671473300006,24.173663211000076],[90.33587913100007,24.178832516000057],[90.33352077400008,24.18105167300007],[90.33460402600008,24.185626851000052],[90.33261312800005,24.188169776000052],[90.32935992800003,24.187336860000073],[90.32882800500005,24.188924823000036],[90.33018536300006,24.199849520000043],[90.32887919400008,24.201206583000044],[90.32707047600007,24.199305283000058],[90.32433712400007,24.200685123000028],[90.32554838800007,24.20556096200005],[90.32099636700008,24.207512505000068],[90.32095120800005,24.21700412000007],[90.31689187800004,24.21875805600007],[90.31559809900006,24.22203146000004],[90.31649218800004,24.224899524000023],[90.31364675500004,24.225522976000036],[90.31298760300007,24.228592390000074],[90.31464209100005,24.23252523900004],[90.31109753200008,24.23482213400007],[90.30893315700007,24.239963488000058],[90.30642018100008,24.240491296000073],[90.30410722800008,24.244370093000043],[90.29927472400004,24.247951260000036],[90.29792122800006,24.252336123000077],[90.29619241900008,24.249434585000074],[90.29025837500006,24.245302595000055],[90.28824856300008,24.241614587000072],[90.28976696100005,24.22567133700005],[90.28093051400003,24.21976458100005],[90.27314984100008,24.218757550000078],[90.26640266800007,24.215339586000027],[90.26464793000008,24.20942552500003],[90.25887970400004,24.207044764000045],[90.25808386400007,24.202444280000066],[90.24929210900007,24.19801006000006],[90.24839361100004,24.191672702000062],[90.24818391800005,24.186348633000023],[90.24195430100008,24.184304411000028],[90.23549288800007,24.173203917000023],[90.22615554100008,24.162920307000036],[90.22577275700007,24.15079128800005],[90.21993752200007,24.142702491000023],[90.21766035500008,24.126092791000076],[90.21863135900009,24.12342860700005],[90.22998109400004,24.11399420600003],[90.23119807400008,24.109964018000028],[90.23016844100005,24.105604721000077],[90.22245015300007,24.102130850000037],[90.21485450600005,24.100962449000065],[90.21063462000006,24.097595924000075],[90.20980719500005,24.094003371000042],[90.20781006100003,24.094876579000072],[90.20092563800006,24.093779900000072],[90.19860432200005,24.09880653700003],[90.19073947100009,24.099746869000057],[90.18576034500006,24.097990027000037],[90.17975056400007,24.105386125000052],[90.17498089800006,24.105985528000076],[90.17335882300006,24.108020187000022],[90.17234410500004,24.096329135000076],[90.17436188700003,24.09302331200007],[90.17796511700004,24.09104787700005],[90.17913780500004,24.08753127700004],[90.17699828500008,24.074798878000024],[90.17205892900006,24.075028062000058],[90.17133329400008,24.072163395000075],[90.16607859400006,24.070940239000038],[90.16521220500005,24.067743758000063],[90.15776136500006,24.06427307200005],[90.16184036900006,24.055075659000067],[90.15935108900004,24.052959637000072],[90.15040699300005,24.052236506000042],[90.15042969000007,24.044279606000032],[90.14748477600006,24.043301902000053],[90.14755261800008,24.03354300500007],[90.14706269800007,24.025401980000026],[90.14944682900006,24.025719191000064],[90.15599910400005,24.02156344200006],[90.15895641800006,24.021480804000078],[90.15966562600005,24.01946699100006],[90.16161123100005,24.01958406500006],[90.16209350200006,24.014786831000038],[90.16763205700005,24.010870442000055],[90.16635313100005,24.00938376000005],[90.17083505000005,24.001102960000026],[90.17637857600005,24.000330064000025],[90.18329933900009,24.001678490000074]]]}},{"type":"Feature","id":"gazipur-kaliganj","properties":{"canonical_id":"gazipur-kaliganj","name_en":"Kaliganj","name_bn":"কালীগঞ্জ","district_id":"gazipur","division_id":"dhaka","pcode":"BD-C-18-389","parent_pcode":"BD3033","source_name":"Kaliganj","match_method":"exact_name_or_alias","boundary_reference_year":"2020","boundary_source":"geoBoundaries gbOpen BGD ADM3 / BBS, OCHA ROAP","source_dataset_updated":"2026-08-09"},"geometry":{"type":"Polygon","coordinates":[[[89.36769452200008,26.009557364000045],[89.36662421700004,26.010341924000045],[89.36426313700008,26.00834825800007],[89.36298418400008,26.009473240000034],[89.36244691000007,26.008384830000068],[89.36039580000005,26.009288213000048],[89.35964099700004,26.007937833000028],[89.35949953300008,26.00924168000006],[89.35710712500008,26.00799239500003],[89.35627095700005,26.009970406000036],[89.35530302500007,26.008433138000044],[89.35319819100005,26.01197363700004],[89.35171619800008,26.009953412000073],[89.35099784400006,26.011566480000056],[89.34848562700006,26.010480664000056],[89.34902824600005,26.011747245000038],[89.34643384500004,26.01160606600007],[89.34420663800006,26.013298037000027],[89.34689364700006,26.01360131100006],[89.34916665400004,26.016241750000063],[89.34535907100008,26.014488442000072],[89.34368317700006,26.01713514900007],[89.34342602400005,26.01468581000006],[89.34003236800004,26.015347097000074],[89.33971476400006,26.017873059000067],[89.33727523000005,26.018076102000066],[89.33903581400006,26.018280210000057],[89.33727787900006,26.01894768300008],[89.33717823600006,26.020075348000034],[89.33869104300004,26.019460690000074],[89.33731649400005,26.022237870000026],[89.33447323900003,26.02008785000004],[89.33858348200005,26.023406469000065],[89.33633628400008,26.023499798000046],[89.33661423300003,26.026527180000073],[89.33480486000008,26.025720226000033],[89.33159792600009,26.029544308000027],[89.33073215000007,26.027278695000064],[89.32884969300005,26.028341969000053],[89.33002785600007,26.02895869300005],[89.32758687000006,26.030381781000074],[89.32894629500004,26.031534071000067],[89.32597034600008,26.032548872000064],[89.32789474700007,26.033317082000053],[89.32550755800008,26.034866065000074],[89.32586242400004,26.036634781000032],[89.32427657500006,26.036049485000035],[89.31917689500006,26.039261621000037],[89.31550397200004,26.037263289000066],[89.31688309600008,26.039021536000064],[89.31089865500007,26.040997607000065],[89.30732294100005,26.045356948000062],[89.30641191900008,26.044404021000048],[89.30615165400008,26.04660849000004],[89.30510181800008,26.045408655000074],[89.30371295900005,26.045665201000077],[89.30459805000004,26.047070293000047],[89.29994086500005,26.04768752800004],[89.30037224100005,26.050521811000067],[89.29834588900007,26.050293714000077],[89.29657701900004,26.045418924000046],[89.29161850600008,26.046520798000074],[89.29091256200007,26.04536434700003],[89.28920695100004,26.048250104000033],[89.27877107400008,26.04863867800003],[89.27823048400006,26.037052808000055],[89.28035719900004,26.035419494000053],[89.27785798600007,26.029023769000048],[89.27608815200006,26.02819492800006],[89.27485318200007,26.03069384300005],[89.26203252700003,26.030096766000042],[89.25999993800008,26.034674450000068],[89.25585155600004,26.035061160000055],[89.25337096300007,26.03314033600003],[89.25126809600005,26.02210904800006],[89.24896404400005,26.020962773000065],[89.24754494500007,26.023022001000072],[89.24102829000003,26.022749213000054],[89.23748054700008,26.024969268000063],[89.23783872400008,26.03082446700006],[89.23235346700005,26.042132953000078],[89.22582923400006,26.045999951000056],[89.21748609400004,26.047914364000064],[89.21697046200006,26.051238883000053],[89.21395756600003,26.05442567500006],[89.21531229200008,26.05720674300005],[89.21210444500008,26.060224822000066],[89.20717558100006,26.05819954100008],[89.20338080900007,26.053964221000058],[89.19922733100003,26.053002199000048],[89.19389279100005,26.05839067100004],[89.18862908500006,26.059819422000032],[89.18444349400005,26.058115264000037],[89.17857068600006,26.059027228000048],[89.17254173700007,26.046040296000058],[89.16786515500007,26.04593837500005],[89.16380834100005,26.042353460000072],[89.15732225500005,26.039790957000037],[89.16216805000005,26.02425941100006],[89.15742958300007,26.02546831500007],[89.13285371900008,26.025327463000053],[89.13422411400006,26.015196941000056],[89.14065640700005,25.999067242000024],[89.13789901700005,25.99894417200005],[89.13549639200005,25.99343719500007],[89.13208225500006,25.99195061900008],[89.12696416300008,25.986701451000044],[89.11964342500005,25.989958423000076],[89.12095793300006,25.984614304000047],[89.12364838100007,25.98133831900003],[89.12908423800008,25.978536500000075],[89.14184304200006,25.964174249000052],[89.15635647300007,25.953581756000062],[89.17270473700006,25.95073813600004],[89.17604767200004,25.95294513400006],[89.17949723600003,25.952711333000025],[89.19205077600003,25.942613077000033],[89.19671620200006,25.946338841000056],[89.20057687200006,25.945598906000043],[89.202761,25.939377230000048],[89.20476280400004,25.939220625000075],[89.20667695600008,25.93584224700004],[89.21080093600006,25.93327387200003],[89.21165733100008,25.927680253000062],[89.21764065400004,25.92034460700006],[89.22016860600007,25.92003260300004],[89.22231323600005,25.92302217200006],[89.22335832700008,25.91734426100004],[89.23012318400004,25.911599756000044],[89.23483397800004,25.904672511000058],[89.24739885800005,25.90082959700004],[89.25217127800005,25.897161751000056],[89.25890721200005,25.89753888900003],[89.26407722800008,25.890397405000044],[89.27221666400004,25.89224495800005],[89.27579122400005,25.896263532000035],[89.27930514200006,25.896643348000055],[89.28177467400008,25.89623741500003],[89.28511733600004,25.89143944500006],[89.29136335500004,25.889979639000046],[89.29184370000007,25.892813904000036],[89.28764056600005,25.900151339000047],[89.28304288000004,25.902890052000032],[89.27680704400007,25.90393304400004],[89.27457825600004,25.919424591000052],[89.27630802200008,25.91924305200007],[89.27706026700008,25.91633702200005],[89.27944054300008,25.91595157100005],[89.27803154500003,25.92577100500006],[89.27678698600005,25.926556017000053],[89.27964476200003,25.92881184400005],[89.27771599300007,25.928445010000075],[89.27505140300008,25.932515891000037],[89.28342285500008,25.933967840000037],[89.28516742500005,25.931831369000065],[89.28835258100008,25.933820576000073],[89.29060071700007,25.930801047000045],[89.29574785100004,25.932747765000045],[89.29866966500003,25.930177779000076],[89.30205180300004,25.930968961000076],[89.30183134500004,25.934063923000053],[89.29969353000007,25.93514110800004],[89.30302530500006,25.938523521000036],[89.29973957300007,25.941710357000034],[89.30824854000008,25.942655329000047],[89.31156394200008,25.94436925100007],[89.31426308400006,25.949576895000064],[89.32120606900008,25.95446978500007],[89.31885113100003,25.955328388000055],[89.32112142300008,25.95709192000004],[89.32071260000004,25.959200105000036],[89.32296617700007,25.959647466000035],[89.32114402900004,25.960387825000055],[89.32164946600005,25.962007055000072],[89.32471518000006,25.963351558000056],[89.32129198800004,25.966698506000057],[89.32250923300006,25.96852705400005],[89.32151352400007,25.96981700500004],[89.32689964100007,25.97382194000005],[89.32410361200004,25.977073664000045],[89.32354173600004,25.980282743000032],[89.32506085500006,25.981926445000056],[89.32781493100003,25.981237217000057],[89.32827213000007,25.986705614000073],[89.33503542900007,25.98833960500008],[89.33379610700007,25.98991464100004],[89.33740749300006,25.988812689000042],[89.34417294200006,25.991624064000064],[89.35738380900005,25.989616703000024],[89.36608624100006,25.99132105800004],[89.36890315500005,25.995233599000073],[89.36723194700005,25.99968691600003],[89.36846156700005,26.000155622000023],[89.36769452200008,26.009557364000045]]]}},{"type":"Feature","id":"gazipur-kapasia","properties":{"canonical_id":"gazipur-kapasia","name_en":"Kapasia","name_bn":"কাপাসিয়া","district_id":"gazipur","division_id":"dhaka","pcode":"BD-C-18-391","parent_pcode":"BD3033","source_name":"Kapasia","match_method":"exact_name_or_alias","boundary_reference_year":"2020","boundary_source":"geoBoundaries gbOpen BGD ADM3 / BBS, OCHA ROAP","source_dataset_updated":"2026-08-09"},"geometry":{"type":"Polygon","coordinates":[[[90.54414230400005,24.266160909000064],[90.52900520100007,24.25435105300005],[90.52479371300007,24.242904831000033],[90.52616270200008,24.23911746500005],[90.52912592300004,24.23694689200005],[90.54192860700005,24.235479901000076],[90.54353734200004,24.232477861000064],[90.54344346000005,24.227183293000053],[90.54860780800004,24.21952611000006],[90.54872589700005,24.215194358000076],[90.54388159800004,24.210480179000058],[90.54035046700005,24.20008240900006],[90.54241290800007,24.187021782000045],[90.54046312800006,24.180229961000066],[90.55158881600005,24.171179696000024],[90.55326486300004,24.159756195000057],[90.55092127800003,24.15469778100004],[90.54195060600006,24.145436629000073],[90.54360118000005,24.139347197000063],[90.54088181300006,24.133972130000075],[90.53663102200005,24.130934332000038],[90.51658542600006,24.128742080000052],[90.51846731300003,24.118751426000074],[90.52171263800005,24.11383771000004],[90.52195622800008,24.110359566000056],[90.52045541100006,24.103915285000028],[90.51643854100007,24.10363480500007],[90.51477766400006,24.100133172000028],[90.51768768900007,24.092042524000078],[90.52221630300005,24.090624341000023],[90.51670091300008,24.086254084000075],[90.50980791000006,24.087460414000077],[90.50742024600004,24.086512655000035],[90.50352338400006,24.08296578900007],[90.50252048100003,24.077116330000024],[90.49782380100004,24.07507068700005],[90.49649032700006,24.071103742000048],[90.49696802800008,24.06503716800006],[90.50002977000008,24.063163203000045],[90.49779070100004,24.059483164000028],[90.49641681300005,24.048798735000048],[90.49869823200004,24.042016698000054],[90.49817293300003,24.03777784400006],[90.50311191000009,24.040203184000063],[90.50515122200005,24.03937963100003],[90.50607201400004,24.04174017300005],[90.50915970100004,24.040383594000048],[90.50940992000005,24.036966944000028],[90.51355116700006,24.04354821800007],[90.51714775800008,24.043418133000046],[90.51908176700005,24.045003490000056],[90.52104675500004,24.044809402000055],[90.52180984000006,24.042135572000063],[90.52087211900005,24.033513140000025],[90.52983475300005,24.036076294000054],[90.53212007900004,24.03907943400003],[90.53652887100009,24.040670627000054],[90.542473,24.03679300400006],[90.54337423700008,24.042822650000062],[90.55296446400007,24.04255009900004],[90.55022668600003,24.046151886000075],[90.55154464300006,24.047317355000075],[90.55798180100004,24.03651769800007],[90.56186964100004,24.034164188000034],[90.56292325100009,24.030666618000055],[90.56646149200003,24.031063403000076],[90.56749881800005,24.027670294000075],[90.57112959200003,24.03010730400007],[90.57262301400004,24.033693650000032],[90.57829291000007,24.032442866000054],[90.58532620100004,24.040887605000023],[90.59993303600004,24.03559083400006],[90.60525013300008,24.03844942300003],[90.60597015600007,24.040995851000048],[90.61235969300003,24.045170298000073],[90.61602472600003,24.042913976000023],[90.62363486500004,24.043148485000074],[90.62580877800008,24.041462497000055],[90.63745901400006,24.04393661200004],[90.64184635600003,24.04303089600006],[90.64726305800008,24.03719097000004],[90.65031066100005,24.03686702300007],[90.65230165800006,24.03836350200004],[90.64880436200008,24.04338881800004],[90.64600678400006,24.05182347600004],[90.63607883900005,24.068462889000045],[90.63529081000007,24.071486207000078],[90.63711473000006,24.07393304200008],[90.64106040000007,24.076237755000022],[90.64095447900007,24.089311287000044],[90.63884421200004,24.09824756100005],[90.64054782300008,24.10695222700008],[90.64284693500008,24.10726659200003],[90.64467668900005,24.100427414000023],[90.64826936500003,24.095942578000063],[90.65662911300006,24.092303755000046],[90.66813273400004,24.099659459000065],[90.67020645200006,24.09862470300004],[90.68056068900006,24.10142171900003],[90.69972234400007,24.10131036300004],[90.702961,24.106560468000055],[90.70072851300006,24.112971995000066],[90.69552863800004,24.116488230000073],[90.68453644700008,24.112784602000033],[90.67630250600007,24.115529683000034],[90.67676922700008,24.118790352000076],[90.68428991000007,24.126215977000072],[90.68662770000003,24.131965499000046],[90.69346106100005,24.13567659200004],[90.69530001100009,24.139958311000044],[90.68658311800004,24.145617209000022],[90.68499631000003,24.15005780200005],[90.68641402100008,24.157376743000043],[90.68456018100005,24.166802352000047],[90.68797468700006,24.182612257000073],[90.68633736200007,24.189527200000043],[90.67168941300008,24.204843064000045],[90.67264925200004,24.22261489600004],[90.68535328700005,24.235647380000046],[90.68538703300004,24.239305046000027],[90.68295030000007,24.24434832000003],[90.68155082200008,24.243510701000048],[90.67154117200005,24.245703608000042],[90.65741863400007,24.25065141300007],[90.64929343300008,24.257987849000074],[90.63832572800004,24.261633395000047],[90.63133405400004,24.266951193000068],[90.62182741400005,24.268558492000068],[90.60303531100004,24.26282170500008],[90.59748887800004,24.25847845000004],[90.58894524100003,24.254976973000055],[90.58122186600008,24.247351137000067],[90.57573957000005,24.245728762000056],[90.57071361500005,24.24797459100006],[90.56330549400008,24.256097488000023],[90.55420329800006,24.258995687000038],[90.54414230400005,24.266160909000064]]]}},{"type":"Feature","id":"gazipur-sreepur","properties":{"canonical_id":"gazipur-sreepur","name_en":"Sreepur","name_bn":"শ্রীপুর","district_id":"gazipur","division_id":"dhaka","pcode":"BD-C-18-393","parent_pcode":"BD3033","source_name":"Sreepur","match_method":"exact_name_or_alias","boundary_reference_year":"2020","boundary_source":"geoBoundaries gbOpen BGD ADM3 / BBS, OCHA ROAP","source_dataset_updated":"2026-08-09"},"geometry":{"type":"Polygon","coordinates":[[[89.43948331300004,23.655498772000044],[89.43812567800006,23.66048881100005],[89.41655694500008,23.673241951000023],[89.41136488000006,23.68184544500008],[89.40409041000004,23.681448431000035],[89.38570057200008,23.676506438000047],[89.38087123800005,23.672722401000044],[89.37515822500006,23.664713145000064],[89.36649454600007,23.664118529000064],[89.36605037300006,23.66128675400006],[89.37288931700004,23.66426252100007],[89.37672655800009,23.66349500700005],[89.37179060300008,23.656524653000076],[89.37191835400006,23.65466957900003],[89.36922819300008,23.653539202000047],[89.36618213400004,23.646597803000077],[89.36231399100006,23.647572684000068],[89.35704155600007,23.638759571000037],[89.35497595100009,23.639003901000024],[89.35457661200007,23.63671647900003],[89.35669328200004,23.636360025000045],[89.35731480800007,23.632742867000047],[89.35527464600005,23.630375250000043],[89.35262256600004,23.616950513000063],[89.35062213700007,23.616283355000064],[89.35012112200008,23.614080172000058],[89.34758004200006,23.614412179000055],[89.34582187600006,23.599134908000053],[89.34386689300004,23.597766152000077],[89.34092894200006,23.588886124000055],[89.34510584800006,23.58659374100006],[89.34504195100004,23.578732985000045],[89.33792613600008,23.568035508000037],[89.33964706000006,23.564609365000024],[89.34463072300008,23.562553550000075],[89.35683704200005,23.560469468000065],[89.35879028700003,23.564825546000066],[89.36759834300005,23.561651701000073],[89.36829362700007,23.56020085800003],[89.37878002900004,23.558261600000037],[89.38003090300003,23.56170797900006],[89.38379413600006,23.561122840000053],[89.38582702900004,23.556509618000064],[89.39718370100007,23.558867513000052],[89.41197506000003,23.554442308000034],[89.41380093300006,23.553046331000075],[89.41206364900006,23.55228555700006],[89.41229185800006,23.543997344000047],[89.41743042300004,23.54131254400005],[89.44190951800005,23.537296954000055],[89.44878181600006,23.54182025600005],[89.45271727700003,23.54180592000006],[89.45661812900005,23.537472079000054],[89.46439685600006,23.533685581000043],[89.46566496300005,23.53086554600003],[89.45793864400008,23.521084708000046],[89.45790323700004,23.516274700000054],[89.46353499400004,23.518597530000022],[89.47102153100008,23.531684363000068],[89.47548338800004,23.531096534000028],[89.48748523100005,23.52389739700004],[89.49349775800005,23.53341662400004],[89.49775244100005,23.53554010600004],[89.50173904800005,23.535311861000025],[89.50966379600004,23.532146237000063],[89.50979836400006,23.525736275000042],[89.52097455300003,23.530014743000038],[89.53262068300006,23.528779359000055],[89.53557136100005,23.531176779000077],[89.53750409100007,23.53606132300007],[89.53535711700005,23.540226906000044],[89.52303950100008,23.55054504000003],[89.50661238000004,23.552445985000077],[89.49951160300003,23.55777570500004],[89.49810078100006,23.562654429000077],[89.50001229300005,23.572082754000064],[89.49731996600008,23.579061368000055],[89.48422877700006,23.59276382400003],[89.47061362200003,23.597130996000033],[89.47040130700003,23.599509226000066],[89.48217956600007,23.62003254900003],[89.48021327300006,23.627453555000045],[89.46995055800005,23.634818736000057],[89.45578692400005,23.638769401000047],[89.44232551900006,23.638843525000027],[89.43974888900004,23.640336454000078],[89.43567208700006,23.64919213400003],[89.43948331300004,23.655498772000044]]]}},{"type":"Feature","id":"gopalganj-gopalganj-sadar","properties":{"canonical_id":"gopalganj-gopalganj-sadar","name_en":"Gopalganj Sadar","name_bn":"গোপালগঞ্জ সদর","district_id":"gopalganj","division_id":"dhaka","pcode":"BD-C-17-457","parent_pcode":"BD3035","source_name":"Gopalganj Sadar","match_method":"exact_name_or_alias","boundary_reference_year":"2020","boundary_source":"geoBoundaries gbOpen BGD ADM3 / BBS, OCHA ROAP","source_dataset_updated":"2026-08-09"},"geometry":{"type":"Polygon","coordinates":[[[89.97323634900005,23.181279860000075],[89.97411711300003,23.18367270600004],[89.97054094900005,23.188810901000068],[89.96239631500003,23.187790660000076],[89.96387851900005,23.18897154800004],[89.96152527700008,23.189391039000043],[89.95822425300008,23.193480025000042],[89.96542851800007,23.20924599600005],[89.95668630700004,23.20039742000006],[89.95027290900003,23.196936337000068],[89.94862106900007,23.191439609000042],[89.93487791000007,23.184674224000048],[89.93318296500007,23.182083213000055],[89.92489083600003,23.18178589300004],[89.92482342400007,23.173461661000033],[89.92561682000007,23.170965453000065],[89.91828438800007,23.158119815000077],[89.92034189900005,23.146507942000028],[89.91919059500003,23.14522462000008],[89.92112769500005,23.143304320000027],[89.91243075900007,23.141144144000066],[89.90643470200007,23.130087256000024],[89.88499831900003,23.128158573000064],[89.88464122900007,23.126704506000067],[89.88046101600008,23.125913232000073],[89.87902731800006,23.123964883000042],[89.86395531500006,23.122053340000036],[89.85547448600005,23.122584413000027],[89.85507860600006,23.12544593100006],[89.85255389300005,23.127916473000028],[89.84842374300007,23.123997162000023],[89.84148923900005,23.12324791800006],[89.83957928900008,23.111631902000056],[89.83474694300008,23.105669972000044],[89.83114414400006,23.106345356000077],[89.83197764500005,23.109968628000047],[89.82873785200007,23.110192109000025],[89.82589886200003,23.107963405000078],[89.82415453800007,23.101108529000044],[89.82522642000004,23.094149498000036],[89.81775150000004,23.090114416000063],[89.81434971000004,23.084868828000026],[89.80482816100005,23.087479856000073],[89.80189153100008,23.081264616000055],[89.79274787800006,23.08259434100006],[89.78977686800005,23.08674972400007],[89.78487792800007,23.08718858700007],[89.78393045900003,23.094465369000034],[89.78140519900006,23.095138268000028],[89.78154719500003,23.097527226000068],[89.78396781600009,23.098011584000062],[89.78261316000004,23.105264642000066],[89.78580483800005,23.117067691000045],[89.78397853600006,23.124502464000045],[89.78109305800007,23.12618207400004],[89.78151935900007,23.135659755000063],[89.77076615100003,23.133634576000077],[89.76778082600003,23.131225087000075],[89.76209435500004,23.13194209900007],[89.75418366500008,23.130108060000055],[89.75058365500007,23.127555013000062],[89.74877270200005,23.13054611700005],[89.74499106900004,23.130472299000076],[89.74460186300007,23.132267039000055],[89.73950048200004,23.130552529000056],[89.72802936200009,23.125583477000077],[89.71322797600004,23.11607172600003],[89.70485967400003,23.113499869000066],[89.69943727000003,23.11506199400003],[89.69506199300008,23.127104580000037],[89.68742584400007,23.132320466000067],[89.67836092700009,23.133163222000064],[89.67282053600007,23.127925512000047],[89.67269371800006,23.122703450000074],[89.67607677100006,23.11527829700003],[89.69063522400006,23.09867944800004],[89.70488888000006,23.089515884000036],[89.72448314900004,23.08095322500003],[89.73163820700006,23.077520444000072],[89.73647440100007,23.071917168000027],[89.72874895900009,23.059958583000025],[89.72900846400006,23.054526010000075],[89.73382218800003,23.051295715000037],[89.74442839200003,23.05066845400006],[89.74677037700008,23.048638012000026],[89.75425430600006,23.03333196400007],[89.75701446400006,23.01521514800004],[89.76127812900006,23.008681414000023],[89.76873853600006,23.004547819000038],[89.79033265600003,22.999936929000057],[89.79705894200004,22.996026851000067],[89.79335319300009,22.988607822000063],[89.79266372400008,22.979463890000034],[89.79462561500009,22.97647974100005],[89.80177989100008,22.971510817000024],[89.80552010700006,22.964431473000047],[89.80640402100005,22.959191977000046],[89.80104671600003,22.94125997900005],[89.80837759200006,22.937530235000054],[89.81688474100008,22.93637099400007],[89.82585568800005,22.930166558000053],[89.83799410400007,22.916822122000042],[89.83883231900006,22.923131244000047],[89.83298165400004,22.93020752500007],[89.83202219400005,22.935658275000037],[89.83431198900007,22.96277771800004],[89.84794478400005,22.959913062000055],[89.86029680800004,22.959305622000045],[89.86140573200004,22.963292085000035],[89.86803983400006,22.967793060000076],[89.87844580800004,22.958478754000055],[89.88710199100007,22.957875951000062],[89.89271049100006,22.964393038000026],[89.90241352000004,22.964686120000067],[89.90154214600005,22.971555597000076],[89.89466596400007,22.974454898000033],[89.88948219700006,22.978866511000035],[89.88464638000005,22.978139818000045],[89.88374504200004,22.980032814000026],[89.87650707600005,22.979554774000064],[89.87450103900005,22.980731509000066],[89.87683160300008,22.984800119000056],[89.88837346100007,22.995764637000036],[89.89006850800007,23.001455806000024],[89.89582080500008,22.999149938000073],[89.90169000700007,22.999365977000025],[89.90582866600005,22.994828019000067],[89.90904617600006,22.993530202000045],[89.91219530400008,22.994617694000056],[89.91194404900006,22.992263193000042],[89.91643326900004,22.993892222000056],[89.92006222000003,22.993240295000078],[89.92077305300006,22.995218993000037],[89.91924190200007,23.000042118000067],[89.92236992000005,23.005392089000054],[89.93435570900004,23.007011121000062],[89.93669904600006,23.013347387000067],[89.94032573000004,23.015349153000045],[89.95530742000005,23.01522705600007],[89.96098328200009,23.024526286000025],[89.96008486700003,23.027330961000075],[89.96126392800005,23.031802266000057],[89.95997192000004,23.034894784000073],[89.96201518000004,23.050229044000048],[89.96459394900006,23.052986542000042],[89.96342672600008,23.07248610700003],[89.96380053500008,23.076806435000037],[89.96632869600006,23.080357132000074],[89.96702267600006,23.094776315000047],[89.96582642600004,23.096242861000064],[89.96843719500004,23.109787864000054],[89.96328154000008,23.11388904000006],[89.95468108100005,23.11523052000007],[89.95288361100006,23.11398564500007],[89.94972041900007,23.11610412700003],[89.94840688700003,23.11520826900005],[89.94136715700006,23.116143024000053],[89.93609511100004,23.118224300000065],[89.93763720200008,23.12437157000005],[89.94092628300007,23.124896206000074],[89.94263495200005,23.136227507000058],[89.94072624900008,23.140445946000057],[89.94456018300008,23.144980391000047],[89.94441817700005,23.15104623700006],[89.94277123600006,23.153144207000025],[89.94361639400006,23.15718693200006],[89.94894565800007,23.15767203300004],[89.94909838800004,23.16229940900007],[89.96312157000006,23.16094944500003],[89.96662790900007,23.164708658000052],[89.96807252900004,23.17412112100004],[89.96982612200009,23.175081257000045],[89.97141837300006,23.181053707000046],[89.97323634900005,23.181279860000075]]]}},{"type":"Feature","id":"gopalganj-kashiani","properties":{"canonical_id":"gopalganj-kashiani","name_en":"Kashiani","name_bn":"কাশিয়ানী","district_id":"gopalganj","division_id":"dhaka","pcode":"BD-C-17-458","parent_pcode":"BD3035","source_name":"Kashiani","match_method":"exact_name_or_alias","boundary_reference_year":"2020","boundary_source":"geoBoundaries gbOpen BGD ADM3 / BBS, OCHA ROAP","source_dataset_updated":"2026-08-09"},"geometry":{"type":"Polygon","coordinates":[[[89.68801293900003,23.210391351000055],[89.68419401600005,23.207316398000046],[89.67903090900006,23.183265213000027],[89.68621770500005,23.168260831000055],[89.69107289300007,23.162620700000048],[89.69655326400004,23.162240663000034],[89.70259025400009,23.170114488000024],[89.71328860600005,23.17768724900003],[89.73346390800003,23.186453890000053],[89.75365441800005,23.187694978000025],[89.75974468900006,23.185348970000064],[89.76441161900004,23.180680748000043],[89.76485380900004,23.178377925000063],[89.76236581100005,23.174985587000037],[89.73851751500007,23.17325631700004],[89.73227879500007,23.168203581000057],[89.73017671700006,23.158450278000032],[89.74166769600004,23.14229374200005],[89.73950048200004,23.130552529000056],[89.74460186300007,23.132267039000055],[89.74499106900004,23.130472299000076],[89.74877270200005,23.13054611700005],[89.75058365500007,23.127555013000062],[89.75418366500008,23.130108060000055],[89.76209435500004,23.13194209900007],[89.76778082600003,23.131225087000075],[89.77076615100003,23.133634576000077],[89.78151935900007,23.135659755000063],[89.78109305800007,23.12618207400004],[89.78397853600006,23.124502464000045],[89.78580483800005,23.117067691000045],[89.78261316000004,23.105264642000066],[89.78396781600009,23.098011584000062],[89.78154719500003,23.097527226000068],[89.78140519900006,23.095138268000028],[89.78393045900003,23.094465369000034],[89.78487792800007,23.08718858700007],[89.78977686800005,23.08674972400007],[89.79274787800006,23.08259434100006],[89.80189153100008,23.081264616000055],[89.80482816100005,23.087479856000073],[89.81434971000004,23.084868828000026],[89.81775150000004,23.090114416000063],[89.82522642000004,23.094149498000036],[89.82415453800007,23.101108529000044],[89.82589886200003,23.107963405000078],[89.82873785200007,23.110192109000025],[89.83197764500005,23.109968628000047],[89.83114414400006,23.106345356000077],[89.83474694300008,23.105669972000044],[89.83957928900008,23.111631902000056],[89.84148923900005,23.12324791800006],[89.84842374300007,23.123997162000023],[89.85255389300005,23.127916473000028],[89.85507860600006,23.12544593100006],[89.85547448600005,23.122584413000027],[89.86395531500006,23.122053340000036],[89.87902731800006,23.123964883000042],[89.88046101600008,23.125913232000073],[89.88464122900007,23.126704506000067],[89.88499831900003,23.128158573000064],[89.90643470200007,23.130087256000024],[89.91243075900007,23.141144144000066],[89.92112769500005,23.143304320000027],[89.91919059500003,23.14522462000008],[89.92034189900005,23.146507942000028],[89.91828438800007,23.158119815000077],[89.92561682000007,23.170965453000065],[89.92482342400007,23.173461661000033],[89.91968872700005,23.17604434900005],[89.91713814600007,23.171805273000075],[89.91362009400007,23.171510928000032],[89.90792527500008,23.17411268400008],[89.90662014200007,23.176982816000077],[89.90186139200006,23.179643055000042],[89.89168605500004,23.18136005300005],[89.89383860600003,23.190425305000076],[89.89186866600005,23.19767656600004],[89.89053838400008,23.194724584000028],[89.88521356800004,23.195073653000065],[89.88506111900006,23.19122027900005],[89.88228168300003,23.186668833000056],[89.87279648800006,23.187214179000023],[89.86812759100007,23.185009035000064],[89.85641090800004,23.203024133000042],[89.85201166300004,23.20279309600005],[89.84973863000005,23.200327681000033],[89.84497041900005,23.201031038000053],[89.84136739200005,23.207282982000038],[89.84253980800008,23.21043338000004],[89.84192587300004,23.218790782000042],[89.83771483200007,23.22568902000006],[89.83663630200004,23.238241837000032],[89.83124195300007,23.245283176000044],[89.82529903900007,23.246397364000075],[89.82025707300005,23.252647172000025],[89.82002186300008,23.257860752000056],[89.82288719800005,23.261419701000023],[89.81869575100006,23.262275329000033],[89.81788252400008,23.264459290000048],[89.81941967900008,23.265125570000066],[89.81971426400008,23.269175035000046],[89.82261325000007,23.27195434600003],[89.81701820700005,23.275396904000047],[89.81578460000009,23.27122382700003],[89.81217259300007,23.271745730000077],[89.81242232100004,23.27582450600005],[89.80855875600008,23.283791612000073],[89.80489875500007,23.283863885000073],[89.80456337100009,23.287746597000023],[89.79895074800004,23.289529764000065],[89.79879128600004,23.29437132700008],[89.79533992000006,23.29650997600004],[89.79637141600006,23.302483918000064],[89.79475759300004,23.302383578000047],[89.79316436000005,23.31150155800003],[89.79022881500003,23.311810429000047],[89.78999370700006,23.313022811000053],[89.77917557900008,23.311286008000025],[89.78240657300006,23.305412785000044],[89.78139181100005,23.303032273000042],[89.78030854900004,23.30591006800006],[89.77829500300004,23.305587123000066],[89.77943782900007,23.303865665000046],[89.77851695400005,23.298716612000078],[89.77508296800005,23.302075436000052],[89.77053971300006,23.302929259000052],[89.76857068300006,23.29917253800005],[89.76705223900007,23.29909294400005],[89.76826258600005,23.297960515000057],[89.76700797200004,23.296959365000077],[89.76777670700005,23.29476827700006],[89.76550820600005,23.295478520000074],[89.76611034400008,23.29384724500005],[89.76284124000006,23.294253909000076],[89.76476648500005,23.289753224000037],[89.75931745700007,23.288423864000038],[89.75752897600006,23.289370718000043],[89.75819909000006,23.291254596000044],[89.75487230400006,23.294645325000033],[89.75387893600004,23.298224839000056],[89.75239477000008,23.298460187000046],[89.75221698800004,23.300890381000045],[89.74808250200005,23.299820708000027],[89.74681025700005,23.295771822000063],[89.74892739600006,23.294512846000032],[89.74836161600007,23.29197193600004],[89.74421779700003,23.28970921100006],[89.74178248900006,23.291168588000062],[89.74153662700007,23.294894347000024],[89.74300728600008,23.296749118000037],[89.72878542600006,23.30393641300003],[89.72879824100005,23.30228902300007],[89.73558862700008,23.298494293000033],[89.73535089400008,23.29724223900007],[89.73189415900003,23.297251612000025],[89.73430084000006,23.295081550000077],[89.73311504800006,23.29127998100006],[89.74532338900008,23.28506741500007],[89.75124840300003,23.27511844600008],[89.74463433800008,23.26998602900005],[89.74158657100008,23.261567222000053],[89.73049657500007,23.25702974400008],[89.73269653700004,23.250770697000064],[89.73123905200003,23.247388112000067],[89.71587588200003,23.241015279000067],[89.71710953100006,23.234288354000057],[89.71568028800004,23.231684785000027],[89.70702946500006,23.22803869100005],[89.69834436400004,23.217017591000058],[89.68801293900003,23.210391351000055]]]}},{"type":"Feature","id":"gopalganj-kotalipara","properties":{"canonical_id":"gopalganj-kotalipara","name_en":"Kotalipara","name_bn":"কোটালীপাড়া","district_id":"gopalganj","division_id":"dhaka","pcode":"BD-C-17-460","parent_pcode":"BD3035","source_name":"Kotalipara","match_method":"exact_name_or_alias","boundary_reference_year":"2020","boundary_source":"geoBoundaries gbOpen BGD ADM3 / BBS, OCHA ROAP","source_dataset_updated":"2026-08-09"},"geometry":{"type":"Polygon","coordinates":[[[90.14309401600008,23.04531451400004],[90.14345593300004,23.04890554700006],[90.13532309300007,23.049785007000025],[90.13309466600003,23.049725359000035],[90.13222370000005,23.047167366000053],[90.13464436600003,23.045184173000052],[90.13453402300007,23.04311673500007],[90.12615903900007,23.027359671000056],[90.12069448300008,23.02709179900006],[90.11484097500005,23.03390457300003],[90.11624827100007,23.03707316300006],[90.11589380200007,23.042736842000068],[90.11134829300005,23.053947238000035],[90.11042924300006,23.066392579000023],[90.11288422200005,23.067446628000027],[90.12418185600006,23.065077041000052],[90.12735382900007,23.069333780000022],[90.13163706500006,23.07065310300004],[90.12571092900004,23.072633989000053],[90.12012642400003,23.077465568000036],[90.11809604600006,23.077258767000046],[90.11739600500005,23.074658227000043],[90.11057710500006,23.074478525000075],[90.10838167300005,23.076871081000036],[90.11011692900007,23.102844321000077],[90.11456369500007,23.10773442900006],[90.11853091300009,23.10866984200004],[90.11869664900007,23.11147571300006],[90.10931359100005,23.112853307000023],[90.10925703500004,23.117257684000037],[90.10654311700006,23.117924622000032],[90.10462444900008,23.117700072000048],[90.10421545800006,23.11569436800005],[90.09600870000008,23.113493736000066],[90.07956725500009,23.113166954000064],[90.07865750800005,23.119498118000024],[90.08204872000005,23.12565771800007],[90.08013511300004,23.12584670900003],[90.07736422700003,23.121400848000064],[90.07390653800007,23.119214170000078],[90.06211968100007,23.120149690000062],[90.05036262400006,23.106501604000073],[90.04240276400003,23.105630526000027],[90.04074874500003,23.108731112000044],[90.04087534200005,23.115614524000023],[90.04205833700007,23.118728474000022],[90.04430721900007,23.119174446000045],[90.04414341000006,23.121297901000048],[90.03252723800006,23.125431238000033],[90.01367764800005,23.12922124200003],[90.01444506800004,23.135676082000032],[90.01183552600008,23.138773050000054],[90.00041189300003,23.13429350900003],[89.99729394700006,23.13117753800003],[89.99283081500005,23.131937330000028],[89.98747821900008,23.115797731000043],[89.98431485900005,23.11053719000006],[89.96843719500004,23.109787864000054],[89.96582642600004,23.096242861000064],[89.96702267600006,23.094776315000047],[89.96632869600006,23.080357132000074],[89.96380053500008,23.076806435000037],[89.96342672600008,23.07248610700003],[89.96459394900006,23.052986542000042],[89.96201518000004,23.050229044000048],[89.95997192000004,23.034894784000073],[89.96126392800005,23.031802266000057],[89.96008486700003,23.027330961000075],[89.96098328200009,23.024526286000025],[89.95530742000005,23.01522705600007],[89.94032573000004,23.015349153000045],[89.93669904600006,23.013347387000067],[89.93435570900004,23.007011121000062],[89.92236992000005,23.005392089000054],[89.91924190200007,23.000042118000067],[89.92077305300006,22.995218993000037],[89.93163378900005,22.992935748000036],[89.93465444000003,22.98952291300003],[89.93482537300008,22.986600070000065],[89.93740528600006,22.985042262000036],[89.93740244100007,22.98128939000003],[89.94568528600007,22.975672450000047],[89.93939394000006,22.95954809400007],[89.93647109600005,22.95757480900005],[89.93508195200008,22.952438662000077],[89.92539369800005,22.943884687000036],[89.92691003800007,22.93553384200004],[89.93186107900004,22.93427642200004],[89.93199229000004,22.92236962800007],[89.93778713700004,22.923459424000043],[89.94289303100004,22.917201049000028],[89.94488051900004,22.91817964100005],[89.94823408900004,22.915565537000077],[89.95492661200007,22.922047502000055],[89.96442622900008,22.935192113000028],[89.97289358800003,22.935288073000038],[89.97187314400009,22.916120274000036],[89.96236285400005,22.910725799000033],[89.95622708200005,22.89718676600006],[89.95859494000007,22.894198395000046],[89.95620752600007,22.886917200000028],[89.96042298100008,22.884208775000047],[89.96216481000005,22.880928288000064],[89.97003488800004,22.875973310000063],[89.97178061100004,22.872864353000068],[89.97214690500005,22.86935935500003],[89.96782225500004,22.86521095200004],[89.96987967800004,22.858630321000078],[89.97714908400008,22.858798653000065],[89.98624838400008,22.86175484100005],[89.98742751800006,22.865865263000046],[90.01266913900008,22.867371621000075],[90.01837247000003,22.87104325300004],[90.01792156300007,22.880106328000068],[90.02055740400004,22.88525519500007],[90.01925963600007,22.888574659000028],[90.02131100500009,22.89195411000003],[90.02327727000005,22.892399306000073],[90.02405858100008,22.898011905000033],[90.02258987600004,22.899747708000064],[90.03207555500006,22.91670106500004],[90.03480591200008,22.933841760000064],[90.05701262700006,22.932200821000038],[90.06086096300004,22.94274328800003],[90.05676279100004,22.949225272000035],[90.05869363700003,22.957949873000075],[90.05672876400007,22.96192366300005],[90.05824483100008,22.97128470100006],[90.06610059900004,22.969730673000072],[90.06881604500006,22.96790474000005],[90.07530978000005,22.976973731000044],[90.07486671900006,22.979069158000073],[90.07748507400004,22.982765440000037],[90.08378959700008,22.981069009000066],[90.08270937100008,22.983590497000023],[90.08539559700006,22.98855356400003],[90.08787131200006,22.988792164000074],[90.08926385500007,22.99531528500006],[90.09477670900009,23.006841103000056],[90.12667042000004,23.005699780000043],[90.12921162700007,23.023070822000022],[90.12696711800004,23.02588430900005],[90.13567554500008,23.043207788000075],[90.14309401600008,23.04531451400004]]]}},{"type":"Feature","id":"gopalganj-muksudpur","properties":{"canonical_id":"gopalganj-muksudpur","name_en":"Muksudpur","name_bn":"মুকসুদপুর","district_id":"gopalganj","division_id":"dhaka","pcode":"BD-C-17-461","parent_pcode":"BD3035","source_name":"Muksudpur","match_method":"exact_name_or_alias","boundary_reference_year":"2020","boundary_source":"geoBoundaries gbOpen BGD ADM3 / BBS, OCHA ROAP","source_dataset_updated":"2026-08-09"},"geometry":{"type":"Polygon","coordinates":[[[89.94779491100007,23.35176976300005],[89.94678302800008,23.34309762600003],[89.94840216300008,23.338944621000053],[89.95272767400007,23.33865015200007],[89.95464310800008,23.343457473000058],[89.96265411300004,23.337759117000076],[89.96318509400004,23.335627987000066],[89.96059108300005,23.328967675000058],[89.95506657700008,23.326934859000062],[89.95032546900006,23.320527231000028],[89.94581791200005,23.321937732000038],[89.92996034900005,23.321287271000074],[89.92547605100003,23.316733059000057],[89.92568784900004,23.31016831200003],[89.92217306300006,23.30850450500003],[89.91337225400008,23.309079706000034],[89.90564416500007,23.31354609300007],[89.91058235900005,23.32652510400004],[89.91680056600006,23.331677984000066],[89.91378364000008,23.335615363000045],[89.90698503300007,23.33769982000007],[89.90489854400005,23.34210390800007],[89.89711036700004,23.34234626700004],[89.88369394600005,23.335635996000065],[89.87538878600003,23.329419899000072],[89.87264462300004,23.322422095000036],[89.87077227200007,23.321311180000066],[89.86435403400009,23.32906352300006],[89.86489439200005,23.336099664000074],[89.86277884500004,23.338899222000066],[89.85027970000004,23.340674070000034],[89.84626874700007,23.337815157000023],[89.84398060700005,23.33229366200004],[89.84040506900004,23.331445463000023],[89.83249257000006,23.337147258000073],[89.83036790600005,23.34609508400007],[89.82657812900004,23.347802140000056],[89.82358102400008,23.345561407000048],[89.81657544200004,23.334469179000052],[89.80492906700005,23.326157634000026],[89.80054374000008,23.318463804000032],[89.79316436000005,23.31150155800003],[89.79475759300004,23.302383578000047],[89.79637141600006,23.302483918000064],[89.79533992000006,23.29650997600004],[89.79879128600004,23.29437132700008],[89.79895074800004,23.289529764000065],[89.80456337100009,23.287746597000023],[89.80489875500007,23.283863885000073],[89.80855875600008,23.283791612000073],[89.81242232100004,23.27582450600005],[89.81217259300007,23.271745730000077],[89.81578460000009,23.27122382700003],[89.81701820700005,23.275396904000047],[89.82261325000007,23.27195434600003],[89.81971426400008,23.269175035000046],[89.81941967900008,23.265125570000066],[89.81788252400008,23.264459290000048],[89.81869575100006,23.262275329000033],[89.82288719800005,23.261419701000023],[89.82002186300008,23.257860752000056],[89.82025707300005,23.252647172000025],[89.82529903900007,23.246397364000075],[89.83124195300007,23.245283176000044],[89.83663630200004,23.238241837000032],[89.83771483200007,23.22568902000006],[89.84192587300004,23.218790782000042],[89.84253980800008,23.21043338000004],[89.84136739200005,23.207282982000038],[89.84497041900005,23.201031038000053],[89.84973863000005,23.200327681000033],[89.85201166300004,23.20279309600005],[89.85641090800004,23.203024133000042],[89.86812759100007,23.185009035000064],[89.87279648800006,23.187214179000023],[89.88228168300003,23.186668833000056],[89.88506111900006,23.19122027900005],[89.88521356800004,23.195073653000065],[89.89053838400008,23.194724584000028],[89.89186866600005,23.19767656600004],[89.89383860600003,23.190425305000076],[89.89168605500004,23.18136005300005],[89.90186139200006,23.179643055000042],[89.90662014200007,23.176982816000077],[89.90792527500008,23.17411268400008],[89.91362009400007,23.171510928000032],[89.91713814600007,23.171805273000075],[89.91968872700005,23.17604434900005],[89.92482342400007,23.173461661000033],[89.92489083600003,23.18178589300004],[89.93318296500007,23.182083213000055],[89.93487791000007,23.184674224000048],[89.94862106900007,23.191439609000042],[89.95027290900003,23.196936337000068],[89.95668630700004,23.20039742000006],[89.96542851800007,23.20924599600005],[89.95822425300008,23.193480025000042],[89.96152527700008,23.189391039000043],[89.96387851900005,23.18897154800004],[89.96239631500003,23.187790660000076],[89.97054094900005,23.188810901000068],[89.97411711300003,23.18367270600004],[89.97323634900005,23.181279860000075],[89.97729610800008,23.181904360000033],[89.97585660300007,23.187588358000028],[89.97633217300006,23.195539995000047],[89.97876791000004,23.199103412000056],[89.98152028500004,23.19955090800005],[89.98139317400006,23.211087531000032],[89.98464088800006,23.211478571000043],[89.98473357700004,23.21823039000003],[89.99061149600004,23.21903481100003],[89.99649598000008,23.21679988300008],[90.00132180100007,23.22684829900004],[90.00836593700006,23.229887209000026],[90.00933242500008,23.234700187000044],[90.01207916700008,23.234591600000044],[90.01785069600004,23.23040695900005],[90.02137102100005,23.23579316400003],[90.02342733100005,23.240433703000065],[90.02172886600005,23.24609666200007],[90.02508921300006,23.249001476000046],[90.02363821800003,23.24970290500005],[90.02373845400007,23.251604952000037],[90.02608426100005,23.25077465100003],[90.02283087800004,23.255658185000073],[90.03128676700004,23.26428458600003],[90.03069022900007,23.26635556800005],[90.02714327700005,23.266571890000023],[90.02516097500006,23.273263007000025],[90.02123337500007,23.275131203000058],[90.02329460400006,23.278255836000028],[90.02507004700004,23.286991795000063],[90.02389315600004,23.28825041500005],[90.01828270200008,23.287081371000056],[90.01237359200007,23.296985145000065],[90.00376844600004,23.30305588400006],[90.00437946400007,23.305442885000048],[90.01354312400008,23.31176219100007],[90.01894905900008,23.318567554000026],[90.01880880600004,23.325382519000073],[90.00957419800005,23.322281033000024],[90.00112744700004,23.325196206000044],[89.99192575200004,23.325706940000032],[89.98582038400008,23.32994756900007],[89.98393334100007,23.332976313000074],[89.97860355400007,23.333433541000034],[89.97753581700005,23.34226158900003],[89.97277395300006,23.348744358000033],[89.95769461400005,23.353530257000045],[89.95842080300008,23.355293603000064],[89.95403929300005,23.36041189200006],[89.95055508800004,23.359156359000053],[89.94779491100007,23.35176976300005]]]}},{"type":"Feature","id":"gopalganj-tungipara","properties":{"canonical_id":"gopalganj-tungipara","name_en":"Tungipara","name_bn":"টুংগীপাড়া","district_id":"gopalganj","division_id":"dhaka","pcode":"BD-C-17-459","parent_pcode":"BD3035","source_name":"Tungipara","match_method":"exact_name_or_alias","boundary_reference_year":"2020","boundary_source":"geoBoundaries gbOpen BGD ADM3 / BBS, OCHA ROAP","source_dataset_updated":"2026-08-09"},"geometry":{"type":"Polygon","coordinates":[[[89.94378017500009,22.85649355000004],[89.93850975900006,22.862538522000023],[89.93887087600007,22.864965330000075],[89.94070993800005,22.86498917600005],[89.94190444900005,22.86273402000006],[89.94561183900004,22.862575547000063],[89.95536442700006,22.85348109800003],[89.96702964300005,22.85365784100003],[89.96987967800004,22.858630321000078],[89.96782225500004,22.86521095200004],[89.97214690500005,22.86935935500003],[89.97178061100004,22.872864353000068],[89.97003488800004,22.875973310000063],[89.96216481000005,22.880928288000064],[89.96042298100008,22.884208775000047],[89.95620752600007,22.886917200000028],[89.95859494000007,22.894198395000046],[89.95622708200005,22.89718676600006],[89.96236285400005,22.910725799000033],[89.97187314400009,22.916120274000036],[89.97289358800003,22.935288073000038],[89.96442622900008,22.935192113000028],[89.95492661200007,22.922047502000055],[89.94823408900004,22.915565537000077],[89.94488051900004,22.91817964100005],[89.94289303100004,22.917201049000028],[89.93778713700004,22.923459424000043],[89.93199229000004,22.92236962800007],[89.93186107900004,22.93427642200004],[89.92691003800007,22.93553384200004],[89.92539369800005,22.943884687000036],[89.93508195200008,22.952438662000077],[89.93647109600005,22.95757480900005],[89.93939394000006,22.95954809400007],[89.94568528600007,22.975672450000047],[89.93740244100007,22.98128939000003],[89.93740528600006,22.985042262000036],[89.93482537300008,22.986600070000065],[89.93465444000003,22.98952291300003],[89.93163378900005,22.992935748000036],[89.92077305300006,22.995218993000037],[89.92006222000003,22.993240295000078],[89.91643326900004,22.993892222000056],[89.91194404900006,22.992263193000042],[89.91219530400008,22.994617694000056],[89.90904617600006,22.993530202000045],[89.90582866600005,22.994828019000067],[89.90169000700007,22.999365977000025],[89.89582080500008,22.999149938000073],[89.89006850800007,23.001455806000024],[89.88837346100007,22.995764637000036],[89.87683160300008,22.984800119000056],[89.87450103900005,22.980731509000066],[89.87650707600005,22.979554774000064],[89.88374504200004,22.980032814000026],[89.88464638000005,22.978139818000045],[89.88948219700006,22.978866511000035],[89.89466596400007,22.974454898000033],[89.90154214600005,22.971555597000076],[89.90241352000004,22.964686120000067],[89.89271049100006,22.964393038000026],[89.88710199100007,22.957875951000062],[89.87844580800004,22.958478754000055],[89.86803983400006,22.967793060000076],[89.86140573200004,22.963292085000035],[89.86029680800004,22.959305622000045],[89.84794478400005,22.959913062000055],[89.83431198900007,22.96277771800004],[89.83202219400005,22.935658275000037],[89.83298165400004,22.93020752500007],[89.83883231900006,22.923131244000047],[89.83799410400007,22.916822122000042],[89.86564345700003,22.902147975000048],[89.86309252400008,22.896535920000076],[89.85303141000009,22.89523287000003],[89.84997187600004,22.893604525000057],[89.84867145700008,22.890833921000024],[89.85324201700007,22.887243386000023],[89.87404669500006,22.886535149000053],[89.89039082100004,22.88107004400007],[89.91500173100007,22.881964754000023],[89.91945533900008,22.881058061000033],[89.92158647400004,22.864648914000043],[89.94378017500009,22.85649355000004]]]}},{"type":"Feature","id":"kishoreganj-austagram","properties":{"canonical_id":"kishoreganj-austagram","name_en":"Austagram","name_bn":"অষ্টগ্রাম","district_id":"kishoreganj","division_id":"dhaka","pcode":"BD-C-26-427","parent_pcode":"BD3048","source_name":"Austagram","match_method":"exact_name_or_alias","boundary_reference_year":"2020","boundary_source":"geoBoundaries gbOpen BGD ADM3 / BBS, OCHA ROAP","source_dataset_updated":"2026-08-09"},"geometry":{"type":"Polygon","coordinates":[[[91.21710544600006,24.432475965000037],[91.20248633500006,24.43182979200003],[91.19973892900003,24.42898666600007],[91.19600980800004,24.429298394000057],[91.19502211200006,24.424574754000048],[91.19284165200008,24.425219017000074],[91.18343253800003,24.421089161000054],[91.18192759200008,24.41874619500004],[91.18396833900005,24.416280134000033],[91.18279739300004,24.411475417000077],[91.17371977200008,24.402054323000073],[91.17361244400007,24.400244513000075],[91.16662409200006,24.396573371000045],[91.15922229800003,24.38928883600005],[91.15176897600008,24.376018637000072],[91.14964827500006,24.37768735900005],[91.14943213600009,24.381316522000077],[91.14721859500008,24.384182484000064],[91.14016025600006,24.388053502000048],[91.13615696700003,24.38447072400004],[91.13438599300008,24.386212814000032],[91.13167355200005,24.385975724000048],[91.12864065300005,24.382684066000024],[91.12002946700005,24.382714100000044],[91.11966136500007,24.374435042000073],[91.12110235900008,24.37146342500006],[91.11949233000007,24.364122578000035],[91.10848842900003,24.361941218000027],[91.10585950000007,24.364372208000077],[91.09754552500004,24.36364694300005],[91.09218025000007,24.37027763800006],[91.09115566300005,24.379772467000066],[91.08478516700006,24.376977445000023],[91.08262650300009,24.374513913000044],[91.07952694000005,24.362825256000065],[91.07273872400003,24.359756091000065],[91.04990791200004,24.378920900000026],[91.04399332600008,24.37322825800004],[91.04480477800007,24.368565532000048],[91.04051319400008,24.36775969000007],[91.03987159100006,24.364499973000022],[91.03320513100005,24.36494291400004],[91.03119984100005,24.363390825000067],[91.03123894600003,24.35361849000003],[91.02802944700005,24.35055112300006],[91.02586020300004,24.35010014900007],[91.01283035100005,24.354298523000068],[91.00986663300006,24.35653088400005],[91.01014198800004,24.361180581000042],[91.00088216700004,24.363116491000028],[90.99185235100003,24.352386],[90.98770120200004,24.34146011100006],[91.00008189200008,24.33733196600008],[91.00477144300004,24.33837511300004],[91.00855176900006,24.328679485000066],[91.01499741200007,24.322235205000027],[91.01531592900005,24.316674470000066],[91.00790992300006,24.31092079600006],[91.00621769900005,24.307525612000063],[91.00766740700004,24.305795018000026],[91.01625710300004,24.30477315400003],[91.01691092400006,24.299796618000073],[91.01461816900007,24.29539406400005],[91.01789566400004,24.293076556000074],[91.01716633700005,24.292435156000067],[91.02194054300008,24.29216831100007],[91.02252768800008,24.28689643000007],[91.02422525100008,24.28802404000004],[91.02495357600009,24.29237435600004],[91.03493600100006,24.293048363000025],[91.03929821700007,24.29036459200006],[91.03801606600007,24.282332349000058],[91.04124466900004,24.282948645000033],[91.03914913300008,24.27249826600007],[91.04117544900004,24.26788421200007],[91.04818083100008,24.259614448000036],[91.05114615200006,24.250138476000075],[91.04967800800006,24.241298740000047],[91.03941779800004,24.21858201400005],[91.03611125300006,24.216192111000055],[91.04283061500007,24.21299439200004],[91.06536505300005,24.215973908000024],[91.07360068500003,24.215567815000043],[91.08996626000004,24.211326086000042],[91.09163737200004,24.214531418000036],[91.09026573000006,24.219324293000057],[91.07878026500003,24.228496386000074],[91.08097080600004,24.236871223000037],[91.08510332200007,24.241120816000034],[91.13384535700004,24.243097116000058],[91.14790051500006,24.248702062000064],[91.15424420500005,24.257018883000057],[91.16201626400004,24.25901308500005],[91.17355789400006,24.26519860600007],[91.19306787700003,24.279831787000035],[91.19645660100008,24.290312382000025],[91.19593065100008,24.293197318000068],[91.18509479300008,24.29278384400004],[91.15857079100005,24.28267413100008],[91.15961686500003,24.292899729000055],[91.16991607600005,24.31477282800006],[91.17656410500007,24.321032235000075],[91.18699819100004,24.322161116000075],[91.19776997800005,24.32171696900008],[91.22830032400003,24.315074245000062],[91.23496387800003,24.31603613200008],[91.23735859800007,24.321119477000025],[91.23456958100007,24.33255627500006],[91.22160823100006,24.35063374500004],[91.21257556000006,24.35874628600004],[91.21246931800005,24.360657670000023],[91.21372467200007,24.36346629800005],[91.21931495000007,24.366490139000064],[91.22417156800003,24.367202791000068],[91.23051752500004,24.36594413800003],[91.23729093100008,24.37127063400004],[91.24069414000007,24.376645317000055],[91.24297533100008,24.379545733000043],[91.25175474400004,24.376061632000074],[91.25576715600005,24.379466223000065],[91.25441071700004,24.382572654000057],[91.24724712000005,24.388481291000062],[91.24539787400005,24.391828189000023],[91.24184876300006,24.393595133000076],[91.24373707700005,24.395233911000048],[91.24241948300005,24.396686781000028],[91.24314337500005,24.39892717200007],[91.23751785600007,24.406785183000068],[91.23125743500003,24.407975761000046],[91.22765936700006,24.405830885000057],[91.21954256500004,24.409537476000025],[91.21748384500006,24.407153055000038],[91.22099290800008,24.402170991000048],[91.21395224700007,24.402394100000038],[91.21601896100003,24.40768747100003],[91.21525572800005,24.409277892000034],[91.21990988100004,24.418639532000043],[91.21710544600006,24.432475965000037]]]}},{"type":"Feature","id":"kishoreganj-bajitpur","properties":{"canonical_id":"kishoreganj-bajitpur","name_en":"Bajitpur","name_bn":"বাজিতপুর","district_id":"kishoreganj","division_id":"dhaka","pcode":"BD-C-26-426","parent_pcode":"BD3048","source_name":"Bajitpur","match_method":"exact_name_or_alias","boundary_reference_year":"2020","boundary_source":"geoBoundaries gbOpen BGD ADM3 / BBS, OCHA ROAP","source_dataset_updated":"2026-08-09"},"geometry":{"type":"Polygon","coordinates":[[[91.01716633700005,24.292435156000067],[91.01472456400006,24.29119277600006],[91.01594125900004,24.29001117100006],[91.01502056500004,24.284272994000048],[91.01012198600006,24.28536339900006],[91.00899526900008,24.288815114000045],[91.00372643600008,24.286704558000054],[90.99684048400007,24.28006911700004],[90.99747204700003,24.27862225100006],[91.00381306200006,24.276886611000066],[91.00719299800005,24.274084367000057],[91.00717601300005,24.268570986000043],[91.00420279200006,24.267324038000027],[91.00360053100007,24.264645770000072],[90.98514052700006,24.263734670000076],[90.98137757500007,24.259745208000027],[90.97358739400005,24.255208561000074],[90.96997771300005,24.256329478000055],[90.96480272800005,24.254728869000076],[90.96306963900008,24.257503402000054],[90.95813060500006,24.25797317300004],[90.95651303500006,24.259919420000074],[90.95332598800007,24.257649451000077],[90.94848795800004,24.256885514000032],[90.94201613100006,24.25697258200006],[90.93765084100005,24.25912359000006],[90.93234738700005,24.25954171500007],[90.92732051000007,24.258032050000054],[90.92710022300008,24.259322608000048],[90.93264067100006,24.264466465000055],[90.93186393800005,24.269909168000027],[90.93026688800006,24.27111332900006],[90.91258348500008,24.25229543300003],[90.90108430200007,24.248865473000023],[90.90601208100009,24.25490129700006],[90.90652329100004,24.257536521000077],[90.89541797000004,24.258877977000054],[90.89546417700006,24.263540686000056],[90.89317552400007,24.269782365000026],[90.88540150500006,24.272922755000025],[90.88416253600008,24.26952910700004],[90.88104558200007,24.269690007000065],[90.88097111700006,24.27273173900005],[90.87867417500007,24.27395523000007],[90.87542352500003,24.271695828000077],[90.87439262300006,24.272663597000076],[90.86983328800005,24.270714144000067],[90.87180755600008,24.265510377000055],[90.87071290100005,24.265070725000044],[90.86918616300005,24.268001102000028],[90.86854579400006,24.26663989800005],[90.87539108300007,24.252664140000036],[90.86617836400006,24.252374812000028],[90.86669302900003,24.245921219000024],[90.86086318100007,24.246206063000045],[90.85823202000006,24.24813388900003],[90.85261808900003,24.24887385100004],[90.84929058600005,24.252582919000076],[90.84495361700004,24.247877433000042],[90.83643566100005,24.24777096300005],[90.83364525200005,24.24573106200006],[90.83092723400006,24.236528779000025],[90.82395025600005,24.233944761000032],[90.82596681800004,24.22888355200007],[90.82369409100005,24.21814333100008],[90.82712216800007,24.21372698600004],[90.83461871800006,24.211387582000043],[90.83599199200006,24.213208923000025],[90.83980286600007,24.21404086900003],[90.84875349200007,24.208818492000034],[90.85087642700006,24.20552258600003],[90.85471476400005,24.203203726000027],[90.85590097100004,24.19670458300004],[90.85912097400006,24.19252691500003],[90.86309756400004,24.195743351000033],[90.86604717100005,24.193662369000037],[90.87695034400008,24.195115607000048],[90.88345004700005,24.200403213000072],[90.88335547400004,24.19105286300004],[90.88474544300004,24.191036333000056],[90.88489731700008,24.18843271000003],[90.89656345700007,24.194580398000028],[90.90044239700006,24.20092747600006],[90.90338085400003,24.199694797000063],[90.90807750100004,24.200211585000034],[90.90951349400007,24.196260265000035],[90.91339529200008,24.197643682000034],[90.91352079000006,24.19504697800005],[90.91585794900004,24.193924915000025],[90.91896655600004,24.189172642000074],[90.92401949500004,24.192214446000037],[90.92143624600004,24.18724816300005],[90.92294670400008,24.18311790300004],[90.92145204900004,24.179167819000043],[90.92274655800009,24.175650175000044],[90.92527818000008,24.173739942000054],[90.92858420900006,24.17580947700003],[90.92983894700006,24.17405257000007],[90.93395563900003,24.175904806000062],[90.93606927300004,24.171624532000067],[90.93829264300007,24.178588148000074],[90.94368282200008,24.178874931000053],[90.94651623200008,24.182879693000075],[90.94826472500006,24.181685725000023],[90.94897748400007,24.18005452500006],[90.94505171600008,24.177020110000058],[90.94822754200004,24.17756993100005],[90.95473250400005,24.173380016000067],[90.95592143800008,24.16969569300005],[90.95408011400008,24.16697694000004],[90.95834439100008,24.165097093000043],[90.95661471300008,24.161011114000075],[90.95883380400005,24.16060714300005],[90.95871530500006,24.15882533000007],[90.96161820700007,24.155596425000056],[90.96459646700004,24.158900023000058],[90.97043964400007,24.16176371000006],[90.96755672200004,24.172529272000077],[90.97193229900006,24.17300155500004],[90.97525498800007,24.16235051600006],[90.97863401100005,24.159404997000024],[90.98587591600005,24.15674494500007],[90.99188792000007,24.164695263000056],[91.00873811100007,24.17379153400003],[91.02194871200004,24.18682758400007],[91.02831744300005,24.194220789000042],[91.03784301000007,24.21017349400006],[91.04283061500007,24.21299439200004],[91.03611125300006,24.216192111000055],[91.03941779800004,24.21858201400005],[91.04967800800006,24.241298740000047],[91.05114615200006,24.250138476000075],[91.04818083100008,24.259614448000036],[91.04117544900004,24.26788421200007],[91.03914913300008,24.27249826600007],[91.04124466900004,24.282948645000033],[91.03801606600007,24.282332349000058],[91.03929821700007,24.29036459200006],[91.03493600100006,24.293048363000025],[91.02495357600009,24.29237435600004],[91.02422525100008,24.28802404000004],[91.02252768800008,24.28689643000007],[91.02194054300008,24.29216831100007],[91.01716633700005,24.292435156000067]]]}},{"type":"Feature","id":"kishoreganj-bhairab","properties":{"canonical_id":"kishoreganj-bhairab","name_en":"Bhairab","name_bn":"ভৈরব","district_id":"kishoreganj","division_id":"dhaka","pcode":"BD-C-26-419","parent_pcode":"BD3048","source_name":"Bhairab","match_method":"exact_name_or_alias","boundary_reference_year":"2020","boundary_source":"geoBoundaries gbOpen BGD ADM3 / BBS, OCHA ROAP","source_dataset_updated":"2026-08-09"},"geometry":{"type":"Polygon","coordinates":[[[91.04290146700004,24.067812391000075],[91.05011505100003,24.077119997000068],[91.05354856600007,24.084482811000044],[91.05365295800004,24.092889041000035],[91.04978487600005,24.10209645900005],[91.04423118500006,24.109925635000025],[91.03838761700007,24.114989647000073],[91.02742671200008,24.121503035000046],[91.00946859500004,24.128793607000034],[90.99702794800004,24.138444551000077],[90.98530876200005,24.15217821400006],[90.98587591600005,24.15674494500007],[90.97863401100005,24.159404997000024],[90.97525498800007,24.16235051600006],[90.97193229900006,24.17300155500004],[90.96755672200004,24.172529272000077],[90.97043964400007,24.16176371000006],[90.96459646700004,24.158900023000058],[90.96161820700007,24.155596425000056],[90.95359321200004,24.157166312000072],[90.94302195200004,24.15591682400003],[90.93830337600008,24.15395845000006],[90.93407201100007,24.148850070000037],[90.93007356000004,24.133121474000063],[90.93125936700005,24.12861265400005],[90.93673052800006,24.120629862000044],[90.94210126800004,24.104897983000058],[90.93179157000009,24.105109646000074],[90.93293178800008,24.11123728800004],[90.93140055700007,24.112432005000073],[90.92840074200006,24.110046772000032],[90.92458022000005,24.103399086000024],[90.92617265600006,24.10131503100007],[90.92639233700004,24.09612117900008],[90.89710367300006,24.097896137000077],[90.89471857300003,24.097648202000073],[90.89416363300006,24.094239231000074],[90.89642616300006,24.087749822000035],[90.90649644600006,24.07806682100005],[90.91261278600007,24.07488240500004],[90.92341066900008,24.075347640000075],[90.93720299100005,24.083638175000033],[90.94436662000004,24.084253965000073],[90.94942107800006,24.077895584000032],[90.95358240800005,24.06704890700007],[90.96729367300009,24.06153495600006],[90.96809689000008,24.05724390000006],[90.96507514400008,24.05052101700005],[90.95962447000005,24.039636250000058],[90.96224500300008,24.033171907000053],[90.97212082100003,24.032025772000054],[90.98164904600009,24.033123285000045],[90.98599152400004,24.030601024000077],[91.00341898300007,24.046660807000023],[91.00851389700006,24.049898377000034],[91.02163839800005,24.05419719300005],[91.03014064700005,24.060430516000054],[91.03787384400005,24.063198286000045],[91.04290146700004,24.067812391000075]]]}},{"type":"Feature","id":"kishoreganj-hossainpur","properties":{"canonical_id":"kishoreganj-hossainpur","name_en":"Hossainpur","name_bn":"হোসেনপুর","district_id":"kishoreganj","division_id":"dhaka","pcode":"BD-C-26-421","parent_pcode":"BD3048","source_name":"Hossainpur","match_method":"exact_name_or_alias","boundary_reference_year":"2020","boundary_source":"geoBoundaries gbOpen BGD ADM3 / BBS, OCHA ROAP","source_dataset_updated":"2026-08-09"},"geometry":{"type":"Polygon","coordinates":[[[90.64129489600003,24.394493759000056],[90.65012539300005,24.389541844000064],[90.66017697800004,24.393893330000026],[90.66578837400004,24.393326315000024],[90.66739268900005,24.389210492000075],[90.67577189600007,24.394346127000063],[90.68159185800005,24.39303080800005],[90.69281293500006,24.394020779000073],[90.70524509400008,24.388309723000077],[90.71009039000006,24.38782648700004],[90.71465511200006,24.38841972700004],[90.71821358400007,24.39187774000004],[90.71387496400007,24.401054422000072],[90.71464219600006,24.406063240000037],[90.72168407600003,24.415285896000057],[90.73158164500006,24.421455361000028],[90.72503742800006,24.423351833000027],[90.72675660200008,24.42912423100006],[90.72319260800003,24.429359188000035],[90.72293747400005,24.431757110000035],[90.72086374000008,24.432783034000067],[90.72147957200008,24.43580165700007],[90.71894221400004,24.43923775500008],[90.71989421900008,24.44249919500004],[90.71342318000006,24.444913574000054],[90.71463185500005,24.44647029400005],[90.71988037600005,24.446032781000042],[90.72346632300008,24.442970973000058],[90.72805260000007,24.449965761000044],[90.72765525400007,24.454433108000046],[90.72223829900008,24.460101413000075],[90.71754872300005,24.460681996000062],[90.72180285400003,24.46387520600007],[90.72196985500005,24.471100039000078],[90.71702286500005,24.479004555000074],[90.71563605500006,24.491376701000036],[90.71394413500008,24.494113295000034],[90.71012405100004,24.494550696000033],[90.70876985300004,24.500341052000067],[90.70464427500008,24.500236745000052],[90.70571531300004,24.508882609000068],[90.70507823200006,24.51532829100006],[90.70327104300009,24.517736227000057],[90.69754165400008,24.51398434400005],[90.69741574700004,24.511515993000046],[90.68797796200005,24.50912141200007],[90.68637349900007,24.503351486000042],[90.68216300900008,24.502276084000073],[90.68381647300004,24.50049338100007],[90.68190708200007,24.50046081100004],[90.68321507400003,24.499132935000034],[90.68108988600005,24.498429060000035],[90.68272421900008,24.497336225000026],[90.68118487400005,24.49545054400005],[90.68317152900005,24.493813669000076],[90.68163218400008,24.49237843000003],[90.68539116000005,24.488509546000046],[90.68261646600007,24.48205791500004],[90.67921923200004,24.482401742000036],[90.67805981900005,24.481276899000022],[90.68125995800006,24.474801686000035],[90.68014406600008,24.467877386000055],[90.67823000200008,24.466995831000077],[90.67164799000005,24.467947554000034],[90.66323614500004,24.467030196000053],[90.66210982300004,24.469820195000068],[90.65862082300004,24.470849216000033],[90.65841908700008,24.473444931000074],[90.65586749400006,24.474847428000032],[90.65130023300009,24.47396178400004],[90.64825655800007,24.477807014000064],[90.64111252800006,24.475238705000038],[90.63683748200003,24.475538451000034],[90.63796296300006,24.48102537400007],[90.63187856500008,24.478705594000076],[90.62275942200006,24.488562321000074],[90.61670979000007,24.491369388000066],[90.61594930000007,24.495182063000073],[90.60429657300006,24.499096290000068],[90.59637186200007,24.49639860800005],[90.59417286000007,24.498256465000054],[90.58823601700004,24.49690636400004],[90.58683114900003,24.494055632000027],[90.58317552800008,24.493213497000056],[90.58243149000003,24.486756608000064],[90.57377328500007,24.482129497000074],[90.57652885100003,24.47638852600005],[90.57730515600008,24.471747325000024],[90.57550541000006,24.46779048800005],[90.57914456700007,24.46223914600006],[90.57888857000006,24.45858067200004],[90.58437370800004,24.455733835000046],[90.58743876300008,24.448073962000024],[90.59414442900004,24.445946810000066],[90.59712393100006,24.44294338800006],[90.59888554900004,24.446205830000054],[90.60542360400007,24.442226822000066],[90.61473103600008,24.440438865000033],[90.61853140700003,24.43748080000006],[90.63153412100007,24.435974702000067],[90.63424522200006,24.434635168000057],[90.63743460800004,24.429841854000074],[90.63980455400008,24.429231258000073],[90.63992247400006,24.425964185000055],[90.63753511900006,24.42481597400007],[90.64606806300009,24.416197056000044],[90.64501734200007,24.40922978800006],[90.64630827200006,24.405379123000046],[90.64321757200008,24.402090704000045],[90.64129489600003,24.394493759000056]]]}},{"type":"Feature","id":"kishoreganj-itna","properties":{"canonical_id":"kishoreganj-itna","name_en":"Itna","name_bn":"ইটনা","district_id":"kishoreganj","division_id":"dhaka","pcode":"BD-C-26-417","parent_pcode":"BD3048","source_name":"Itna","match_method":"exact_name_or_alias","boundary_reference_year":"2020","boundary_source":"geoBoundaries gbOpen BGD ADM3 / BBS, OCHA ROAP","source_dataset_updated":"2026-08-09"},"geometry":{"type":"Polygon","coordinates":[[[91.23396119200004,24.56896290700007],[91.22526175300004,24.575476476000063],[91.22081096500006,24.574167095000064],[91.21273758200005,24.577864202000058],[91.20604983800007,24.577036876000022],[91.20487161700004,24.583550984000055],[91.20706454800006,24.585929287000056],[91.20299638700004,24.58773687000007],[91.19882104800007,24.586144706000027],[91.19672121700006,24.588805612000044],[91.19754648100007,24.591142430000048],[91.20430858000003,24.59418307800007],[91.19982473000005,24.601886210000032],[91.20002492000003,24.60941196500005],[91.17885034600005,24.616564333000042],[91.17733564800005,24.619635232000064],[91.18049593400008,24.624021798000058],[91.17825978900004,24.630293420000044],[91.19371311000003,24.625854489000062],[91.19494870300008,24.626451966000047],[91.19521432600004,24.631139414000074],[91.19205428600009,24.638435599000047],[91.18505102000006,24.635651488000065],[91.17485064600004,24.643079986000032],[91.16832857500003,24.634726931000046],[91.16380668200009,24.632179308000048],[91.15889007900006,24.633946035000065],[91.15433789100007,24.638964702000067],[91.14955077100007,24.638730467000073],[91.14722056200009,24.63645567100008],[91.14507507200005,24.638585144000047],[91.14223116500006,24.635491845000047],[91.13815939200003,24.634594279000055],[91.13624838800007,24.637948865000055],[91.12991454700006,24.642112789000066],[91.12858413000004,24.640431268000043],[91.12972132700008,24.637726009000062],[91.12711452200006,24.635827165000023],[91.12980795900006,24.632940345000065],[91.12731898800007,24.629160588000047],[91.12960641300003,24.625425696000036],[91.13465243900004,24.62218359600007],[91.13465824800005,24.62063821600003],[91.13304882100005,24.620381690000045],[91.13078889800005,24.616651615000023],[91.12885690700006,24.610029286000042],[91.12308883900005,24.61064080400007],[91.11771155100007,24.605978205000042],[91.10465897400007,24.60799808200005],[91.10551846100003,24.60000482600003],[91.10278979200007,24.600550871000053],[91.09962214900008,24.60504811900006],[91.09965223500006,24.599873394000042],[91.09803117100006,24.599165605000053],[91.09673836700006,24.600421812000036],[91.09726837000005,24.602726949000044],[91.09310328200007,24.601591185000075],[91.09184294700003,24.605245859000036],[91.08394139900008,24.60858728200003],[91.08327653900005,24.611386469000024],[91.07849825100004,24.613780597000073],[91.07318540600005,24.61895755300003],[91.06321139900007,24.617233541000076],[91.05826678000005,24.613070297000036],[91.05522529000007,24.612670604000073],[91.05315045800006,24.614387978000025],[91.04564365000004,24.610233183000048],[91.03823025900004,24.61097931200004],[91.03652080500007,24.612559046000058],[91.03609803500007,24.619319147000056],[91.04133471700004,24.624359339000023],[91.03098158600005,24.629941616000053],[91.02730810600008,24.628788816000053],[91.02135077700007,24.61852539000006],[91.02263775600005,24.611804592000055],[91.02100162700003,24.605331100000058],[91.01834639500004,24.603117376000057],[91.01023701800005,24.60572884800007],[91.00427291800008,24.60203399200003],[90.99604588500006,24.603071317000058],[90.99284326800006,24.601447187000076],[90.98447892700005,24.605222238000067],[90.97688398500009,24.59954282500007],[90.96629166200006,24.605138041000032],[90.96498257200005,24.609847536000075],[90.96286154300003,24.611496825000074],[90.95907146800005,24.60705134500006],[90.95575571500007,24.606822399000066],[90.95354927100004,24.602425967000045],[90.95001764900007,24.60187935700003],[90.94424981300006,24.605001940000022],[90.94206932800006,24.598078224000062],[90.94530917800006,24.596371404000024],[90.94626361700006,24.591125825000063],[90.94150378800003,24.583294299000045],[90.93957379800008,24.583231847000036],[90.94383789000005,24.57814282100003],[90.95007813400008,24.578730106000023],[90.95290589900009,24.567257165000058],[90.95000952300006,24.56168985900007],[90.95539607500007,24.56097397600007],[90.95605172500007,24.557588887000065],[90.96108394600003,24.552758107000045],[90.96306689200009,24.554563477000045],[90.96925689000005,24.553092975000027],[90.97069129100004,24.548236435000035],[90.97397133200008,24.546275905000073],[90.97286626700009,24.541487655000026],[90.97919917700005,24.54032288700006],[90.97182615700007,24.53230207000007],[90.96907832300008,24.53257825700007],[90.96662832700008,24.535250749000056],[90.96104839500003,24.536265696000044],[90.95429800400007,24.52660654700003],[90.95102020800005,24.526301568000065],[90.94617525100006,24.522775542000034],[90.94866693100005,24.514042791000065],[90.95252544800007,24.50746259600004],[90.94928558600003,24.498589218000063],[90.95232112200006,24.49491652000006],[90.95347898500006,24.489939368000023],[90.95739860600008,24.487971790000074],[90.96144610400006,24.49132195800007],[90.96930887100007,24.492346376000057],[90.97217646700005,24.49115392400006],[90.97337154300004,24.488393489000032],[90.97730345000008,24.48718617700007],[90.97659685800005,24.48282204000003],[90.98042544000003,24.478574157000025],[90.98547353000004,24.465758615000027],[90.99672456500008,24.465354079000065],[90.99994264100008,24.467969844000038],[91.00622203900008,24.468637654000077],[91.00455332600006,24.465454643000044],[91.00505120800005,24.462997753000025],[91.01141341400006,24.45861992600004],[91.02013213600009,24.46193267800004],[91.02131930600007,24.466076599000075],[91.02462211700004,24.46766963700003],[91.02956027600004,24.46105033300006],[91.02754419600006,24.44892939700003],[91.03163076300007,24.44792736900007],[91.03521309200005,24.45192895300005],[91.03724438300009,24.45805600400007],[91.04173153200009,24.464648132000036],[91.05434525500004,24.457908916000065],[91.06032415300007,24.47250374500004],[91.06290928000004,24.47448025600005],[91.06442786100007,24.473337896000032],[91.06625686800004,24.474422239000035],[91.05208375400008,24.48094473900005],[91.04925589400005,24.48658099100004],[91.05178802900008,24.490476527000055],[91.05620796200003,24.489008096000077],[91.05890114900006,24.490007456000058],[91.05915681600004,24.493728028000078],[91.06088612900004,24.494808610000064],[91.06625551600007,24.492702187000077],[91.06948924500006,24.494075132000035],[91.08020380200009,24.492579916000068],[91.08841575100007,24.495162995000044],[91.09110009900007,24.49030599300005],[91.10448838900004,24.489522906000047],[91.10960217200005,24.48651602500007],[91.11767368300008,24.493848659000037],[91.11858804000008,24.48648812500005],[91.12061492100008,24.49027274100007],[91.12529148400006,24.483154566000053],[91.13317071200004,24.478657111000075],[91.14402829300008,24.47542134200006],[91.14445967500006,24.476956100000052],[91.15371522100008,24.476354593000053],[91.15007198200004,24.479093242000033],[91.15125007900008,24.482772698000076],[91.16599873800004,24.49837836100005],[91.16930253500004,24.500732920000075],[91.17348389400007,24.501326967000068],[91.17577372300008,24.50008833800007],[91.17906708600003,24.494422538000038],[91.18285840800007,24.494944876000034],[91.19097831500005,24.500764408000066],[91.21284632500004,24.523017353000057],[91.22241103400006,24.54117473900004],[91.22625961900007,24.554472282000063],[91.23396119200004,24.56896290700007]]]}},{"type":"Feature","id":"kishoreganj-karimgonj","properties":{"canonical_id":"kishoreganj-karimgonj","name_en":"Karimgonj","name_bn":"করিমগঞ্জ","district_id":"kishoreganj","division_id":"dhaka","pcode":"BD-C-26-425","parent_pcode":"BD3048","source_name":"Karimgonj","match_method":"exact_name_or_alias","boundary_reference_year":"2020","boundary_source":"geoBoundaries gbOpen BGD ADM3 / BBS, OCHA ROAP","source_dataset_updated":"2026-08-09"},"geometry":{"type":"Polygon","coordinates":[[[90.94928558600003,24.498589218000063],[90.93027885800007,24.491775673000063],[90.92931332000006,24.489476456000034],[90.92290740600004,24.490504068000064],[90.91780311900004,24.48834063700008],[90.91498462800007,24.489907686000038],[90.90291006400008,24.489282141000047],[90.90185658300004,24.49386717300007],[90.90561884800007,24.496664596000073],[90.90600116600007,24.49931686000008],[90.90132230100005,24.50059961100004],[90.89629945200005,24.49827354100006],[90.88558370900006,24.499329621000072],[90.88635610100005,24.505502329000024],[90.88250040000008,24.50750159000006],[90.88316055400009,24.518280796000056],[90.88064705600004,24.52207271700007],[90.87613727100006,24.52423199100008],[90.87430114900008,24.53073257400007],[90.87096801800004,24.533580264000022],[90.85745594400004,24.52748551700006],[90.85468500500008,24.527112905000024],[90.85235446900003,24.529370312000026],[90.84680221600007,24.524785004000023],[90.84098402500007,24.52245027200007],[90.84098419900005,24.51867752900006],[90.83710645400004,24.52143325700007],[90.83803906200006,24.527533669000036],[90.83574751200007,24.528084860000035],[90.83187234200005,24.526422543000024],[90.83150821300006,24.525468945000057],[90.83399596300006,24.52473554900007],[90.83475073300008,24.520753735000028],[90.83293339800008,24.51320811900007],[90.83043654000005,24.51083314500005],[90.82746800600006,24.501980307000053],[90.82261505100007,24.501020174000075],[90.82260515400009,24.503575478000073],[90.82076090900006,24.502562174000047],[90.81616807500006,24.49507032300005],[90.81732661800004,24.494136668000067],[90.81333787800008,24.489481183000066],[90.81043352400008,24.48922078000004],[90.80129904600005,24.474383269000043],[90.80201429600004,24.47260596900003],[90.80388697400008,24.474692953000044],[90.80715802100008,24.473902217000045],[90.80262084200007,24.469346995000024],[90.80334011000008,24.467432506000023],[90.80177560200008,24.465980579000075],[90.81009396200005,24.45361030400005],[90.80631419600007,24.44889080200005],[90.80646018400006,24.44537912900006],[90.80449769400008,24.441706527000065],[90.81151180000006,24.440642883000066],[90.81438515200006,24.44200978400005],[90.81560841100008,24.444784810000044],[90.81371311200007,24.451232591000064],[90.81632407200004,24.452794466000057],[90.82044688500008,24.447565091000058],[90.82456220400007,24.44597409900007],[90.82286275100006,24.436931250000043],[90.81632561000004,24.437620868000067],[90.81564111200004,24.435492623000073],[90.81708058500004,24.433364208000057],[90.82523126700005,24.430069856000046],[90.82947855200007,24.42980504600007],[90.83088409200008,24.428094385000065],[90.84167971800008,24.430513786000063],[90.84296128500006,24.432714780000026],[90.84985577200007,24.432329637000066],[90.85121196900008,24.435705321000057],[90.85259118300007,24.42983857200005],[90.85729358400005,24.428967586000056],[90.85801931300006,24.425701522000054],[90.86194221700003,24.421735425000065],[90.86193346100004,24.416271606000066],[90.85770956000005,24.413804682000034],[90.85918012700006,24.408669443000065],[90.85664287900005,24.404632193000054],[90.85663372000005,24.398522628000023],[90.85309624000007,24.392068333000054],[90.85303511800004,24.388288540000076],[90.84860507600007,24.385333108000054],[90.84903451500008,24.38227080400003],[90.85234117600004,24.381858815000044],[90.84072918600003,24.375230954000074],[90.84335513700006,24.37524966700005],[90.85754992000005,24.38267610500003],[90.85903984200007,24.377350525000054],[90.86255430600005,24.373347787000057],[90.86231352500005,24.36964634800006],[90.86599162500005,24.369903089000047],[90.86793191900006,24.372044248000066],[90.87176849900004,24.371766534000074],[90.87820223500006,24.370029832000057],[90.87889360200006,24.368331343000023],[90.88891188700006,24.373263794000025],[90.89158883000005,24.37291673900006],[90.89376110100005,24.37494160700004],[90.90163382100008,24.37558755500004],[90.90315760500005,24.37963912200007],[90.90569723100003,24.38128456900006],[90.90456011400005,24.383954990000063],[90.90828514400005,24.38510732000003],[90.91433637400007,24.39031970800005],[90.92041307600005,24.391748208000024],[90.92877795000004,24.398352513000077],[90.93247237200006,24.397264705000055],[90.93616775700008,24.398825173000034],[90.93669238200005,24.396332735000044],[90.93889711200006,24.39734524000005],[90.94237595200008,24.395461537000074],[90.94403601900007,24.38944440100005],[90.94794567600007,24.39132102900004],[90.95238480700004,24.387022616000024],[90.95413688200006,24.38767368200007],[90.95661533700007,24.39713163700003],[90.94665628700005,24.39834285200004],[90.94369213800007,24.401974345000042],[90.95274547400004,24.404462156000022],[90.95979097000009,24.399693296000066],[90.96183611700008,24.405645888000038],[90.96693823000004,24.40649899600004],[90.96357770300006,24.40950404700004],[90.96523459200006,24.412585489000037],[90.96391720400004,24.41995642300003],[90.96680539500005,24.421105259000058],[90.96853314000003,24.41728594800003],[90.97333765100007,24.417206588000056],[90.97533168700005,24.42015704800008],[90.97160698000005,24.42432736300003],[90.97088462900007,24.429421529000024],[90.97419297100004,24.430254258000048],[90.97867321500007,24.428036461000033],[90.98302028000006,24.42893903600003],[90.98178705400005,24.437985350000076],[90.97866752600004,24.44247589300005],[90.97931055300006,24.44486437200004],[90.98322521600005,24.445429370000056],[90.98755898500008,24.441854229000057],[90.99734031500003,24.437978427000075],[90.99815419900006,24.440335213000026],[90.99407985400006,24.447854333000066],[90.99579613700007,24.45244768400005],[90.99905294200005,24.455953901000044],[91.01041785700005,24.45726687000007],[91.01141341400006,24.45861992600004],[91.00505120800005,24.462997753000025],[91.00455332600006,24.465454643000044],[91.00622203900008,24.468637654000077],[90.99994264100008,24.467969844000038],[90.99672456500008,24.465354079000065],[90.98547353000004,24.465758615000027],[90.98042544000003,24.478574157000025],[90.97659685800005,24.48282204000003],[90.97730345000008,24.48718617700007],[90.97337154300004,24.488393489000032],[90.97217646700005,24.49115392400006],[90.96930887100007,24.492346376000057],[90.96144610400006,24.49132195800007],[90.95739860600008,24.487971790000074],[90.95347898500006,24.489939368000023],[90.95232112200006,24.49491652000006],[90.94928558600003,24.498589218000063]]]}},{"type":"Feature","id":"kishoreganj-katiadi","properties":{"canonical_id":"kishoreganj-katiadi","name_en":"Katiadi","name_bn":"কটিয়াদী","district_id":"kishoreganj","division_id":"dhaka","pcode":"BD-C-26-418","parent_pcode":"BD3048","source_name":"Katiadi","match_method":"exact_name_or_alias","boundary_reference_year":"2020","boundary_source":"geoBoundaries gbOpen BGD ADM3 / BBS, OCHA ROAP","source_dataset_updated":"2026-08-09"},"geometry":{"type":"Polygon","coordinates":[[[90.88540150500006,24.272922755000025],[90.88471853800007,24.28242033600003],[90.88647540600005,24.28419604000004],[90.89011791400009,24.28517383700006],[90.89308629800007,24.28379382600008],[90.89426137000004,24.278359673000068],[90.89774295400008,24.280025180000052],[90.89647282000004,24.303732447000073],[90.89046349600005,24.302580184000078],[90.88901882900007,24.30508523000003],[90.90577149800004,24.307362596000075],[90.91055131400003,24.317245226000068],[90.91604888500007,24.318208413000036],[90.91886530700003,24.321233217000042],[90.91913225200005,24.327585618000057],[90.91740512300004,24.333852996000076],[90.92032371600004,24.34840431400005],[90.91201173400003,24.35587702400005],[90.91024680200007,24.362468535000062],[90.90830933100005,24.36304347500004],[90.90767752000005,24.365343436000046],[90.89963046300005,24.365924241000073],[90.90200786900004,24.368461988000035],[90.90163382100008,24.37558755500004],[90.89376110100005,24.37494160700004],[90.89158883000005,24.37291673900006],[90.88891188700006,24.373263794000025],[90.87889360200006,24.368331343000023],[90.87638995900005,24.365292719000024],[90.87190984800009,24.365687704000038],[90.85730741000003,24.359319276000065],[90.84747427900004,24.361029535000057],[90.84476828600003,24.35633482000003],[90.84031407800006,24.354651524000076],[90.83612365000005,24.350897907000046],[90.83284677300009,24.345483599000033],[90.82945611200006,24.350742037000032],[90.82556309400007,24.350028918000078],[90.82125189400006,24.358597648000057],[90.81683428200006,24.361046421000026],[90.81290642900007,24.361479019000058],[90.80787855500006,24.358013586000027],[90.79653214800004,24.357276029000047],[90.79023681900009,24.354997499000035],[90.79078088800009,24.36431841800004],[90.78440204100008,24.370221942000057],[90.77988143900006,24.367013730000053],[90.78030670600003,24.363812179000035],[90.77768821700005,24.361651893000044],[90.77767823100004,24.358808187000022],[90.77239297400007,24.355301104000034],[90.77226676700008,24.34973276000005],[90.77401150100007,24.34524937300006],[90.76416866800008,24.344139864000056],[90.76247512600008,24.327178325000034],[90.76582927500004,24.321524691000036],[90.76278342400008,24.319094195000048],[90.76356601900005,24.31163479500003],[90.76238017500003,24.31006476300007],[90.76413507600006,24.308537529000034],[90.76488266900003,24.302554937000025],[90.76167766000003,24.29339618800003],[90.75851389300004,24.290685070000052],[90.76206958100005,24.28920587300007],[90.76189138000007,24.287517313000023],[90.75904751400003,24.284416243000067],[90.75230032000007,24.28206321400006],[90.74756309800006,24.27862017900003],[90.74315765000006,24.282308014000023],[90.73891658700006,24.28337239700005],[90.73471791700007,24.279937061000055],[90.73570914000004,24.27776244000006],[90.73130946400005,24.273157260000062],[90.72272232600005,24.270926321000047],[90.71987123900004,24.26346735100003],[90.72106028900004,24.262393171000042],[90.72269321600004,24.26381918100003],[90.72213941800004,24.25810426000004],[90.72657713700005,24.25232832000006],[90.72289769700006,24.250435668000023],[90.71789643600005,24.239961810000068],[90.71853815800006,24.238144557000055],[90.72223527500006,24.235280975000023],[90.73307785300005,24.238455676000058],[90.75178655100007,24.251571933000037],[90.77059842100005,24.250524985000027],[90.78154532000008,24.242667615000073],[90.78320178600006,24.23711205400008],[90.78135828400008,24.231998399000076],[90.78330509700004,24.22663269700007],[90.79340070700005,24.219317388000036],[90.79109513100008,24.21454718700005],[90.79232046400006,24.21124995300005],[90.79041133200008,24.203071650000027],[90.78613852900008,24.19856668700004],[90.78614903100004,24.193052864000038],[90.79114788100009,24.190387526000052],[90.79291368000008,24.18725568700006],[90.80407295900005,24.184704526000075],[90.80721472200008,24.18801040200003],[90.81196913800005,24.17657605900007],[90.81933410900007,24.17357770600006],[90.82046138500004,24.17099257800004],[90.82452147600009,24.179702476000045],[90.83213171900007,24.189117121000038],[90.84257094400004,24.197706851000078],[90.84080653400008,24.208388975000048],[90.83929970700007,24.210139792000064],[90.83461871800006,24.211387582000043],[90.82712216800007,24.21372698600004],[90.82369409100005,24.21814333100008],[90.82596681800004,24.22888355200007],[90.82395025600005,24.233944761000032],[90.83092723400006,24.236528779000025],[90.83364525200005,24.24573106200006],[90.83643566100005,24.24777096300005],[90.84495361700004,24.247877433000042],[90.84929058600005,24.252582919000076],[90.85261808900003,24.24887385100004],[90.85823202000006,24.24813388900003],[90.86086318100007,24.246206063000045],[90.86669302900003,24.245921219000024],[90.86617836400006,24.252374812000028],[90.87539108300007,24.252664140000036],[90.86854579400006,24.26663989800005],[90.86918616300005,24.268001102000028],[90.87071290100005,24.265070725000044],[90.87180755600008,24.265510377000055],[90.86983328800005,24.270714144000067],[90.87439262300006,24.272663597000076],[90.87542352500003,24.271695828000077],[90.87867417500007,24.27395523000007],[90.88097111700006,24.27273173900005],[90.88104558200007,24.269690007000065],[90.88416253600008,24.26952910700004],[90.88540150500006,24.272922755000025]]]}},{"type":"Feature","id":"kishoreganj-kishoreganj-sadar","properties":{"canonical_id":"kishoreganj-kishoreganj-sadar","name_en":"Kishoreganj Sadar","name_bn":"কিশোরগঞ্জ সদর","district_id":"kishoreganj","division_id":"dhaka","pcode":"BD-C-26-424","parent_pcode":"BD3048","source_name":"Kishoreganj Sadar","match_method":"exact_name_or_alias","boundary_reference_year":"2020","boundary_source":"geoBoundaries gbOpen BGD ADM3 / BBS, OCHA ROAP","source_dataset_updated":"2026-08-09"},"geometry":{"type":"Polygon","coordinates":[[[90.71821358400007,24.39187774000004],[90.71291024900006,24.383026580000035],[90.71289847200006,24.375541259000045],[90.71513832000005,24.374728037000068],[90.72604360400004,24.384011866000037],[90.73277151600007,24.383757079000077],[90.73859838900006,24.37745929600004],[90.74015111700004,24.371166982000034],[90.73855770200004,24.365465764000078],[90.74072312400006,24.35923197900007],[90.73575747000007,24.35861605100007],[90.73825785500009,24.354888025000037],[90.74371040900007,24.353019535000044],[90.74546934700004,24.34636206700003],[90.74794124500005,24.34626410100003],[90.75026973700005,24.343787019000047],[90.76416866800008,24.344139864000056],[90.77401150100007,24.34524937300006],[90.77226676700008,24.34973276000005],[90.77239297400007,24.355301104000034],[90.77767823100004,24.358808187000022],[90.77768821700005,24.361651893000044],[90.78030670600003,24.363812179000035],[90.77988143900006,24.367013730000053],[90.78440204100008,24.370221942000057],[90.79078088800009,24.36431841800004],[90.79023681900009,24.354997499000035],[90.79653214800004,24.357276029000047],[90.80787855500006,24.358013586000027],[90.81290642900007,24.361479019000058],[90.81683428200006,24.361046421000026],[90.82125189400006,24.358597648000057],[90.82556309400007,24.350028918000078],[90.82945611200006,24.350742037000032],[90.83284677300009,24.345483599000033],[90.83612365000005,24.350897907000046],[90.84031407800006,24.354651524000076],[90.84476828600003,24.35633482000003],[90.84747427900004,24.361029535000057],[90.85730741000003,24.359319276000065],[90.87190984800009,24.365687704000038],[90.87638995900005,24.365292719000024],[90.87889360200006,24.368331343000023],[90.87820223500006,24.370029832000057],[90.87176849900004,24.371766534000074],[90.86793191900006,24.372044248000066],[90.86599162500005,24.369903089000047],[90.86231352500005,24.36964634800006],[90.86255430600005,24.373347787000057],[90.85903984200007,24.377350525000054],[90.85754992000005,24.38267610500003],[90.84335513700006,24.37524966700005],[90.84072918600003,24.375230954000074],[90.85234117600004,24.381858815000044],[90.84903451500008,24.38227080400003],[90.84860507600007,24.385333108000054],[90.85303511800004,24.388288540000076],[90.85309624000007,24.392068333000054],[90.85663372000005,24.398522628000023],[90.85664287900005,24.404632193000054],[90.85918012700006,24.408669443000065],[90.85770956000005,24.413804682000034],[90.86193346100004,24.416271606000066],[90.86194221700003,24.421735425000065],[90.85801931300006,24.425701522000054],[90.85729358400005,24.428967586000056],[90.85259118300007,24.42983857200005],[90.85121196900008,24.435705321000057],[90.84985577200007,24.432329637000066],[90.84296128500006,24.432714780000026],[90.84167971800008,24.430513786000063],[90.83088409200008,24.428094385000065],[90.82947855200007,24.42980504600007],[90.82523126700005,24.430069856000046],[90.81708058500004,24.433364208000057],[90.81564111200004,24.435492623000073],[90.81632561000004,24.437620868000067],[90.82286275100006,24.436931250000043],[90.82456220400007,24.44597409900007],[90.82044688500008,24.447565091000058],[90.81632407200004,24.452794466000057],[90.81371311200007,24.451232591000064],[90.81560841100008,24.444784810000044],[90.81438515200006,24.44200978400005],[90.81151180000006,24.440642883000066],[90.80449769400008,24.441706527000065],[90.80646018400006,24.44537912900006],[90.80631419600007,24.44889080200005],[90.81009396200005,24.45361030400005],[90.80177560200008,24.465980579000075],[90.80334011000008,24.467432506000023],[90.80262084200007,24.469346995000024],[90.80715802100008,24.473902217000045],[90.80388697400008,24.474692953000044],[90.80201429600004,24.47260596900003],[90.80129904600005,24.474383269000043],[90.81043352400008,24.48922078000004],[90.81333787800008,24.489481183000066],[90.81732661800004,24.494136668000067],[90.81616807500006,24.49507032300005],[90.82076090900006,24.502562174000047],[90.81921867800008,24.50217205200005],[90.81806988100004,24.504429859000027],[90.81511837800008,24.50561761800003],[90.81634554400006,24.511280292000038],[90.81385606900005,24.516414963000045],[90.81443999200008,24.519140911000022],[90.80651716600005,24.520887531000028],[90.80405319900007,24.530700042000035],[90.79921096500004,24.527490364000073],[90.79759360300005,24.51924895700006],[90.79409502700008,24.52015754400003],[90.79239116900004,24.518415582000046],[90.79448557800004,24.515059648000033],[90.79369283900007,24.507794846000024],[90.79043978500005,24.507473811000068],[90.78860976900006,24.509204390000036],[90.78006025100007,24.510429079000062],[90.77733747400003,24.508667367000044],[90.77119060800004,24.508861457000023],[90.76688650800008,24.510901300000057],[90.75856621400004,24.511009384000033],[90.75751977900006,24.51273452500004],[90.75525856100006,24.505167519000054],[90.75413836800004,24.505076597000027],[90.75499649300008,24.50394622500005],[90.75326389600008,24.503155614000036],[90.74527448300006,24.509289669000054],[90.74283807200004,24.509668574000045],[90.74210045800004,24.498462148000044],[90.73799722500007,24.490339430000063],[90.73558838600007,24.489779954000028],[90.73608921500005,24.486066218000076],[90.73142105400007,24.482716267000058],[90.72957669600004,24.476693401000034],[90.72272208300006,24.474417712000047],[90.72196985500005,24.471100039000078],[90.72180285400003,24.46387520600007],[90.71754872300005,24.460681996000062],[90.72223829900008,24.460101413000075],[90.72765525400007,24.454433108000046],[90.72805260000007,24.449965761000044],[90.72346632300008,24.442970973000058],[90.71988037600005,24.446032781000042],[90.71463185500005,24.44647029400005],[90.71342318000006,24.444913574000054],[90.71989421900008,24.44249919500004],[90.71894221400004,24.43923775500008],[90.72147957200008,24.43580165700007],[90.72086374000008,24.432783034000067],[90.72293747400005,24.431757110000035],[90.72319260800003,24.429359188000035],[90.72675660200008,24.42912423100006],[90.72503742800006,24.423351833000027],[90.73158164500006,24.421455361000028],[90.72168407600003,24.415285896000057],[90.71464219600006,24.406063240000037],[90.71387496400007,24.401054422000072],[90.71821358400007,24.39187774000004]]]}},{"type":"Feature","id":"kishoreganj-kuliarchar","properties":{"canonical_id":"kishoreganj-kuliarchar","name_en":"Kuliarchar","name_bn":"কুলিয়ারচর","district_id":"kishoreganj","division_id":"dhaka","pcode":"BD-C-26-423","parent_pcode":"BD3048","source_name":"Kuliarchar","match_method":"exact_name_or_alias","boundary_reference_year":"2020","boundary_source":"geoBoundaries gbOpen BGD ADM3 / BBS, OCHA ROAP","source_dataset_updated":"2026-08-09"},"geometry":{"type":"Polygon","coordinates":[[[90.83461871800006,24.211387582000043],[90.83929970700007,24.210139792000064],[90.84080653400008,24.208388975000048],[90.84257094400004,24.197706851000078],[90.83213171900007,24.189117121000038],[90.82452147600009,24.179702476000045],[90.82046138500004,24.17099257800004],[90.82102877000005,24.165141035000033],[90.82515146300005,24.157097084000043],[90.83758042900007,24.14966584000007],[90.84503583200006,24.142598209000028],[90.85321931500005,24.140908386000035],[90.86486292800004,24.143754960000024],[90.87099362500004,24.139990092000062],[90.87054887300008,24.13153688600005],[90.86866608000008,24.128977577000057],[90.86396884000004,24.12512518500006],[90.84869719800008,24.120622782000055],[90.84577781000007,24.116335435000053],[90.84603336100008,24.111613333000037],[90.85212251800004,24.109424340000032],[90.85716143500008,24.105435254000042],[90.87119291800008,24.10411068700006],[90.89416363300006,24.094239231000074],[90.89471857300003,24.097648202000073],[90.89710367300006,24.097896137000077],[90.92639233700004,24.09612117900008],[90.92617265600006,24.10131503100007],[90.92458022000005,24.103399086000024],[90.92840074200006,24.110046772000032],[90.93140055700007,24.112432005000073],[90.93293178800008,24.11123728800004],[90.93179157000009,24.105109646000074],[90.94210126800004,24.104897983000058],[90.93673052800006,24.120629862000044],[90.93125936700005,24.12861265400005],[90.93007356000004,24.133121474000063],[90.93407201100007,24.148850070000037],[90.93830337600008,24.15395845000006],[90.94302195200004,24.15591682400003],[90.95359321200004,24.157166312000072],[90.96161820700007,24.155596425000056],[90.95871530500006,24.15882533000007],[90.95883380400005,24.16060714300005],[90.95661471300008,24.161011114000075],[90.95834439100008,24.165097093000043],[90.95408011400008,24.16697694000004],[90.95592143800008,24.16969569300005],[90.95473250400005,24.173380016000067],[90.94822754200004,24.17756993100005],[90.94505171600008,24.177020110000058],[90.94897748400007,24.18005452500006],[90.94826472500006,24.181685725000023],[90.94651623200008,24.182879693000075],[90.94368282200008,24.178874931000053],[90.93829264300007,24.178588148000074],[90.93606927300004,24.171624532000067],[90.93395563900003,24.175904806000062],[90.92983894700006,24.17405257000007],[90.92858420900006,24.17580947700003],[90.92527818000008,24.173739942000054],[90.92274655800009,24.175650175000044],[90.92145204900004,24.179167819000043],[90.92294670400008,24.18311790300004],[90.92143624600004,24.18724816300005],[90.92401949500004,24.192214446000037],[90.91896655600004,24.189172642000074],[90.91585794900004,24.193924915000025],[90.91352079000006,24.19504697800005],[90.91339529200008,24.197643682000034],[90.90951349400007,24.196260265000035],[90.90807750100004,24.200211585000034],[90.90338085400003,24.199694797000063],[90.90044239700006,24.20092747600006],[90.89656345700007,24.194580398000028],[90.88489731700008,24.18843271000003],[90.88474544300004,24.191036333000056],[90.88335547400004,24.19105286300004],[90.88345004700005,24.200403213000072],[90.87695034400008,24.195115607000048],[90.86604717100005,24.193662369000037],[90.86309756400004,24.195743351000033],[90.85912097400006,24.19252691500003],[90.85590097100004,24.19670458300004],[90.85471476400005,24.203203726000027],[90.85087642700006,24.20552258600003],[90.84875349200007,24.208818492000034],[90.83980286600007,24.21404086900003],[90.83599199200006,24.213208923000025],[90.83461871800006,24.211387582000043]]]}},{"type":"Feature","id":"kishoreganj-mithamoin","properties":{"canonical_id":"kishoreganj-mithamoin","name_en":"Mithamoin","name_bn":"মিঠামইন","district_id":"kishoreganj","division_id":"dhaka","pcode":"BD-C-26-428","parent_pcode":"BD3048","source_name":"Mithamoin","match_method":"exact_name_or_alias","boundary_reference_year":"2020","boundary_source":"geoBoundaries gbOpen BGD ADM3 / BBS, OCHA ROAP","source_dataset_updated":"2026-08-09"},"geometry":{"type":"Polygon","coordinates":[[[91.15371522100008,24.476354593000053],[91.14445967500006,24.476956100000052],[91.14402829300008,24.47542134200006],[91.13317071200004,24.478657111000075],[91.12529148400006,24.483154566000053],[91.12061492100008,24.49027274100007],[91.11858804000008,24.48648812500005],[91.11767368300008,24.493848659000037],[91.10960217200005,24.48651602500007],[91.10448838900004,24.489522906000047],[91.09110009900007,24.49030599300005],[91.08841575100007,24.495162995000044],[91.08020380200009,24.492579916000068],[91.06948924500006,24.494075132000035],[91.06625551600007,24.492702187000077],[91.06088612900004,24.494808610000064],[91.05915681600004,24.493728028000078],[91.05890114900006,24.490007456000058],[91.05620796200003,24.489008096000077],[91.05178802900008,24.490476527000055],[91.04925589400005,24.48658099100004],[91.05208375400008,24.48094473900005],[91.06625686800004,24.474422239000035],[91.06442786100007,24.473337896000032],[91.06290928000004,24.47448025600005],[91.06032415300007,24.47250374500004],[91.05434525500004,24.457908916000065],[91.04173153200009,24.464648132000036],[91.03724438300009,24.45805600400007],[91.03521309200005,24.45192895300005],[91.03163076300007,24.44792736900007],[91.02754419600006,24.44892939700003],[91.02956027600004,24.46105033300006],[91.02462211700004,24.46766963700003],[91.02131930600007,24.466076599000075],[91.02013213600009,24.46193267800004],[91.01141341400006,24.45861992600004],[91.01041785700005,24.45726687000007],[90.99905294200005,24.455953901000044],[90.99579613700007,24.45244768400005],[90.99407985400006,24.447854333000066],[90.99815419900006,24.440335213000026],[90.99734031500003,24.437978427000075],[90.99665103800004,24.432410316000073],[90.99954528000006,24.42494633800004],[90.99521024800003,24.418500277000078],[90.99560895700006,24.417069635000075],[91.00466002600007,24.41418935100006],[91.01158268100005,24.415618677000055],[91.01179372400009,24.41332735900005],[91.00846165300004,24.410643696000022],[91.01088594900006,24.408785780000073],[91.01286173300008,24.411830678000058],[91.01459296400003,24.411413821000053],[91.01423481200004,24.412799647000043],[91.01999321800008,24.410487986000078],[91.01991556700006,24.41417199700004],[91.02482169600006,24.413113852000038],[91.02439529100008,24.409618951000027],[91.02072405600006,24.406858836000026],[91.02137621000008,24.406019077000053],[91.02298845800004,24.407296229000053],[91.02283833900003,24.40511175900008],[91.02630614700007,24.40482018800003],[91.02732023800007,24.402631215000042],[91.02953101400004,24.40330311500003],[91.02957898100004,24.397739742000056],[91.02650717400007,24.390112522000038],[91.02144686200006,24.383378596000057],[91.02659365300008,24.380829256000027],[91.03012846700005,24.38272942100008],[91.03276277000003,24.381413855000062],[91.03606527300008,24.383454878000066],[91.03928856200008,24.37896080300004],[91.03505162000005,24.378245314000026],[91.03509613800009,24.37644672500005],[91.03776456600008,24.376088122000056],[91.03895961000006,24.37286718000007],[91.04185866700004,24.370658972000058],[91.04399332600008,24.37322825800004],[91.04990791200004,24.378920900000026],[91.07273872400003,24.359756091000065],[91.07952694000005,24.362825256000065],[91.08262650300009,24.374513913000044],[91.08478516700006,24.376977445000023],[91.09115566300005,24.379772467000066],[91.09218025000007,24.37027763800006],[91.09754552500004,24.36364694300005],[91.10585950000007,24.364372208000077],[91.10848842900003,24.361941218000027],[91.11949233000007,24.364122578000035],[91.12110235900008,24.37146342500006],[91.11966136500007,24.374435042000073],[91.12002946700005,24.382714100000044],[91.12864065300005,24.382684066000024],[91.13167355200005,24.385975724000048],[91.13438599300008,24.386212814000032],[91.13615696700003,24.38447072400004],[91.14016025600006,24.388053502000048],[91.14721859500008,24.384182484000064],[91.14943213600009,24.381316522000077],[91.14964827500006,24.37768735900005],[91.15176897600008,24.376018637000072],[91.15922229800003,24.38928883600005],[91.16662409200006,24.396573371000045],[91.17361244400007,24.400244513000075],[91.17371977200008,24.402054323000073],[91.18279739300004,24.411475417000077],[91.18396833900005,24.416280134000033],[91.18192759200008,24.41874619500004],[91.18343253800003,24.421089161000054],[91.19284165200008,24.425219017000074],[91.19502211200006,24.424574754000048],[91.19600980800004,24.429298394000057],[91.19973892900003,24.42898666600007],[91.20248633500006,24.43182979200003],[91.21710544600006,24.432475965000037],[91.22618621500004,24.434588009000038],[91.23930806500005,24.426069776000077],[91.24212198200007,24.42725170400007],[91.23786122300004,24.441535544000033],[91.23713654200003,24.460387423000043],[91.23245892500006,24.473054683000043],[91.22604423100006,24.48272201800006],[91.21906775900004,24.48514050600005],[91.21469595200006,24.482208098000058],[91.21980801000007,24.474795241000038],[91.21541118100004,24.47532114200004],[91.20532080800007,24.480937656000037],[91.19975809000005,24.474113126000077],[91.19904332900006,24.46662348900003],[91.19610845800008,24.466074438000078],[91.18983921900008,24.46589646900003],[91.18744726700004,24.47036789400005],[91.18409898800007,24.47118208200004],[91.18785321300004,24.477417536000075],[91.19525533600006,24.47812336100003],[91.19520945300007,24.479533610000033],[91.19163918800007,24.481745501000034],[91.16682074900007,24.485456646000046],[91.16024763300004,24.48278061600007],[91.15371522100008,24.476354593000053]]]}},{"type":"Feature","id":"kishoreganj-nikli","properties":{"canonical_id":"kishoreganj-nikli","name_en":"Nikli","name_bn":"নিকলী","district_id":"kishoreganj","division_id":"dhaka","pcode":"BD-C-26-429","parent_pcode":"BD3048","source_name":"Nikli","match_method":"exact_name_or_alias","boundary_reference_year":"2020","boundary_source":"geoBoundaries gbOpen BGD ADM3 / BBS, OCHA ROAP","source_dataset_updated":"2026-08-09"},"geometry":{"type":"Polygon","coordinates":[[[91.04399332600008,24.37322825800004],[91.04185866700004,24.370658972000058],[91.03895961000006,24.37286718000007],[91.03776456600008,24.376088122000056],[91.03509613800009,24.37644672500005],[91.03505162000005,24.378245314000026],[91.03928856200008,24.37896080300004],[91.03606527300008,24.383454878000066],[91.03276277000003,24.381413855000062],[91.03012846700005,24.38272942100008],[91.02659365300008,24.380829256000027],[91.02144686200006,24.383378596000057],[91.02650717400007,24.390112522000038],[91.02957898100004,24.397739742000056],[91.02953101400004,24.40330311500003],[91.02732023800007,24.402631215000042],[91.02630614700007,24.40482018800003],[91.02283833900003,24.40511175900008],[91.02298845800004,24.407296229000053],[91.02137621000008,24.406019077000053],[91.02072405600006,24.406858836000026],[91.02439529100008,24.409618951000027],[91.02482169600006,24.413113852000038],[91.01991556700006,24.41417199700004],[91.01999321800008,24.410487986000078],[91.01423481200004,24.412799647000043],[91.01459296400003,24.411413821000053],[91.01286173300008,24.411830678000058],[91.01088594900006,24.408785780000073],[91.00846165300004,24.410643696000022],[91.01179372400009,24.41332735900005],[91.01158268100005,24.415618677000055],[91.00466002600007,24.41418935100006],[90.99560895700006,24.417069635000075],[90.99521024800003,24.418500277000078],[90.99954528000006,24.42494633800004],[90.99665103800004,24.432410316000073],[90.99734031500003,24.437978427000075],[90.98755898500008,24.441854229000057],[90.98322521600005,24.445429370000056],[90.97931055300006,24.44486437200004],[90.97866752600004,24.44247589300005],[90.98178705400005,24.437985350000076],[90.98302028000006,24.42893903600003],[90.97867321500007,24.428036461000033],[90.97419297100004,24.430254258000048],[90.97088462900007,24.429421529000024],[90.97160698000005,24.42432736300003],[90.97533168700005,24.42015704800008],[90.97333765100007,24.417206588000056],[90.96853314000003,24.41728594800003],[90.96680539500005,24.421105259000058],[90.96391720400004,24.41995642300003],[90.96523459200006,24.412585489000037],[90.96357770300006,24.40950404700004],[90.96693823000004,24.40649899600004],[90.96183611700008,24.405645888000038],[90.95979097000009,24.399693296000066],[90.95274547400004,24.404462156000022],[90.94369213800007,24.401974345000042],[90.94665628700005,24.39834285200004],[90.95661533700007,24.39713163700003],[90.95413688200006,24.38767368200007],[90.95238480700004,24.387022616000024],[90.94794567600007,24.39132102900004],[90.94403601900007,24.38944440100005],[90.94237595200008,24.395461537000074],[90.93889711200006,24.39734524000005],[90.93669238200005,24.396332735000044],[90.93616775700008,24.398825173000034],[90.93247237200006,24.397264705000055],[90.92877795000004,24.398352513000077],[90.92041307600005,24.391748208000024],[90.91433637400007,24.39031970800005],[90.90828514400005,24.38510732000003],[90.90456011400005,24.383954990000063],[90.90569723100003,24.38128456900006],[90.90315760500005,24.37963912200007],[90.90163382100008,24.37558755500004],[90.90200786900004,24.368461988000035],[90.89963046300005,24.365924241000073],[90.90767752000005,24.365343436000046],[90.90830933100005,24.36304347500004],[90.91024680200007,24.362468535000062],[90.91201173400003,24.35587702400005],[90.92032371600004,24.34840431400005],[90.91740512300004,24.333852996000076],[90.91913225200005,24.327585618000057],[90.91886530700003,24.321233217000042],[90.91604888500007,24.318208413000036],[90.91055131400003,24.317245226000068],[90.90577149800004,24.307362596000075],[90.88901882900007,24.30508523000003],[90.89046349600005,24.302580184000078],[90.89647282000004,24.303732447000073],[90.89774295400008,24.280025180000052],[90.89426137000004,24.278359673000068],[90.89308629800007,24.28379382600008],[90.89011791400009,24.28517383700006],[90.88647540600005,24.28419604000004],[90.88471853800007,24.28242033600003],[90.88540150500006,24.272922755000025],[90.89317552400007,24.269782365000026],[90.89546417700006,24.263540686000056],[90.89541797000004,24.258877977000054],[90.90652329100004,24.257536521000077],[90.90601208100009,24.25490129700006],[90.90108430200007,24.248865473000023],[90.91258348500008,24.25229543300003],[90.93026688800006,24.27111332900006],[90.93186393800005,24.269909168000027],[90.93264067100006,24.264466465000055],[90.92710022300008,24.259322608000048],[90.92732051000007,24.258032050000054],[90.93234738700005,24.25954171500007],[90.93765084100005,24.25912359000006],[90.94201613100006,24.25697258200006],[90.94848795800004,24.256885514000032],[90.95332598800007,24.257649451000077],[90.95651303500006,24.259919420000074],[90.95813060500006,24.25797317300004],[90.96306963900008,24.257503402000054],[90.96480272800005,24.254728869000076],[90.96997771300005,24.256329478000055],[90.97358739400005,24.255208561000074],[90.98137757500007,24.259745208000027],[90.98514052700006,24.263734670000076],[91.00360053100007,24.264645770000072],[91.00420279200006,24.267324038000027],[91.00717601300005,24.268570986000043],[91.00719299800005,24.274084367000057],[91.00381306200006,24.276886611000066],[90.99747204700003,24.27862225100006],[90.99684048400007,24.28006911700004],[91.00372643600008,24.286704558000054],[91.00899526900008,24.288815114000045],[91.01012198600006,24.28536339900006],[91.01502056500004,24.284272994000048],[91.01594125900004,24.29001117100006],[91.01472456400006,24.29119277600006],[91.01716633700005,24.292435156000067],[91.01789566400004,24.293076556000074],[91.01461816900007,24.29539406400005],[91.01691092400006,24.299796618000073],[91.01625710300004,24.30477315400003],[91.00766740700004,24.305795018000026],[91.00621769900005,24.307525612000063],[91.00790992300006,24.31092079600006],[91.01531592900005,24.316674470000066],[91.01499741200007,24.322235205000027],[91.00855176900006,24.328679485000066],[91.00477144300004,24.33837511300004],[91.00008189200008,24.33733196600008],[90.98770120200004,24.34146011100006],[90.99185235100003,24.352386],[91.00088216700004,24.363116491000028],[91.01014198800004,24.361180581000042],[91.00986663300006,24.35653088400005],[91.01283035100005,24.354298523000068],[91.02586020300004,24.35010014900007],[91.02802944700005,24.35055112300006],[91.03123894600003,24.35361849000003],[91.03119984100005,24.363390825000067],[91.03320513100005,24.36494291400004],[91.03987159100006,24.364499973000022],[91.04051319400008,24.36775969000007],[91.04480477800007,24.368565532000048],[91.04399332600008,24.37322825800004]]]}},{"type":"Feature","id":"kishoreganj-pakundia","properties":{"canonical_id":"kishoreganj-pakundia","name_en":"Pakundia","name_bn":"পাকুন্দিয়া","district_id":"kishoreganj","division_id":"dhaka","pcode":"BD-C-26-422","parent_pcode":"BD3048","source_name":"Pakundia","match_method":"exact_name_or_alias","boundary_reference_year":"2020","boundary_source":"geoBoundaries gbOpen BGD ADM3 / BBS, OCHA ROAP","source_dataset_updated":"2026-08-09"},"geometry":{"type":"Polygon","coordinates":[[[90.64929343300008,24.257987849000074],[90.65741863400007,24.25065141300007],[90.67154117200005,24.245703608000042],[90.68155082200008,24.243510701000048],[90.68295030000007,24.24434832000003],[90.69422984100004,24.24219008800003],[90.70793311500006,24.236781370000074],[90.71252355600006,24.236446100000023],[90.71853815800006,24.238144557000055],[90.71789643600005,24.239961810000068],[90.72289769700006,24.250435668000023],[90.72657713700005,24.25232832000006],[90.72213941800004,24.25810426000004],[90.72269321600004,24.26381918100003],[90.72106028900004,24.262393171000042],[90.71987123900004,24.26346735100003],[90.72272232600005,24.270926321000047],[90.73130946400005,24.273157260000062],[90.73570914000004,24.27776244000006],[90.73471791700007,24.279937061000055],[90.73891658700006,24.28337239700005],[90.74315765000006,24.282308014000023],[90.74756309800006,24.27862017900003],[90.75230032000007,24.28206321400006],[90.75904751400003,24.284416243000067],[90.76189138000007,24.287517313000023],[90.76206958100005,24.28920587300007],[90.75851389300004,24.290685070000052],[90.76167766000003,24.29339618800003],[90.76488266900003,24.302554937000025],[90.76413507600006,24.308537529000034],[90.76238017500003,24.31006476300007],[90.76356601900005,24.31163479500003],[90.76278342400008,24.319094195000048],[90.76582927500004,24.321524691000036],[90.76247512600008,24.327178325000034],[90.76416866800008,24.344139864000056],[90.75026973700005,24.343787019000047],[90.74794124500005,24.34626410100003],[90.74546934700004,24.34636206700003],[90.74371040900007,24.353019535000044],[90.73825785500009,24.354888025000037],[90.73575747000007,24.35861605100007],[90.74072312400006,24.35923197900007],[90.73855770200004,24.365465764000078],[90.74015111700004,24.371166982000034],[90.73859838900006,24.37745929600004],[90.73277151600007,24.383757079000077],[90.72604360400004,24.384011866000037],[90.71513832000005,24.374728037000068],[90.71289847200006,24.375541259000045],[90.71291024900006,24.383026580000035],[90.71821358400007,24.39187774000004],[90.71465511200006,24.38841972700004],[90.71009039000006,24.38782648700004],[90.70524509400008,24.388309723000077],[90.69281293500006,24.394020779000073],[90.68159185800005,24.39303080800005],[90.67577189600007,24.394346127000063],[90.66739268900005,24.389210492000075],[90.66578837400004,24.393326315000024],[90.66017697800004,24.393893330000026],[90.65012539300005,24.389541844000064],[90.64129489600003,24.394493759000056],[90.64006967900008,24.390966486000025],[90.64206849800007,24.385603462000063],[90.63844725100006,24.375830835000045],[90.63615407000003,24.376067960000057],[90.63530211000005,24.374779457000045],[90.63211883400004,24.358850931000063],[90.62684302400004,24.354468243000042],[90.62402908500007,24.347196435000058],[90.61862652100007,24.342309322000062],[90.61792401800005,24.33885195000005],[90.62278405700005,24.338286797000023],[90.62543674400007,24.334860811000055],[90.64084763100004,24.306532100000027],[90.64353847600006,24.294898149000062],[90.64310480500006,24.27959586700007],[90.65100118100008,24.269192229000055],[90.64929343300008,24.257987849000074]]]}},{"type":"Feature","id":"kishoreganj-tarail","properties":{"canonical_id":"kishoreganj-tarail","name_en":"Tarail","name_bn":"তাড়াইল","district_id":"kishoreganj","division_id":"dhaka","pcode":"BD-C-26-420","parent_pcode":"BD3048","source_name":"Tarail","match_method":"exact_name_or_alias","boundary_reference_year":"2020","boundary_source":"geoBoundaries gbOpen BGD ADM3 / BBS, OCHA ROAP","source_dataset_updated":"2026-08-09"},"geometry":{"type":"Polygon","coordinates":[[[90.94424981300006,24.605001940000022],[90.93972086200006,24.601775231000033],[90.93555713300003,24.603467360000025],[90.93207929100004,24.607341727000062],[90.93311522300007,24.612166810000076],[90.93018962700006,24.61269855300003],[90.92794181400006,24.61581114300003],[90.92375987500003,24.613344926000025],[90.91632423200008,24.61372792000003],[90.91585439700003,24.60117955000004],[90.90914011400008,24.597493878000023],[90.90724957700007,24.594627246000073],[90.90402422300008,24.59979596200003],[90.89905616100003,24.597671278000064],[90.89084037000003,24.600315383000066],[90.88476653200007,24.600338788000045],[90.88171735500003,24.59882198400004],[90.88000487800008,24.592465748000052],[90.87636029400005,24.59450034400004],[90.86308725500004,24.594382289000066],[90.86323701700007,24.59911648600007],[90.85693897500005,24.599483229000043],[90.85487178100004,24.597069599000065],[90.85048235100004,24.596670005000078],[90.84816138600007,24.593123754000032],[90.85075021800003,24.59118215700005],[90.84560691200005,24.588153567000063],[90.84369955900007,24.58410877500006],[90.84178809500008,24.584785509000028],[90.83976122600006,24.579915553000035],[90.83473069300004,24.58243213000003],[90.82761901600009,24.583239581000043],[90.82351124300004,24.588069440000027],[90.81996583300008,24.588018232000024],[90.82199161200003,24.58061865600007],[90.81945163000006,24.57767764600004],[90.81969790100004,24.574546476000023],[90.81320677400004,24.57113234600007],[90.80994419700005,24.565653373000032],[90.81517103900006,24.56058979100004],[90.80919341800006,24.550896066000064],[90.81117620400005,24.54792546300007],[90.80975751000005,24.541772173000027],[90.80647149700008,24.540105478000044],[90.80743056100005,24.54495231800007],[90.80471733400003,24.54670305700006],[90.80231858500008,24.54163582900003],[90.80170111300004,24.537880468000026],[90.80518228400007,24.53175800300005],[90.80405319900007,24.530700042000035],[90.80651716600005,24.520887531000028],[90.81443999200008,24.519140911000022],[90.81385606900005,24.516414963000045],[90.81634554400006,24.511280292000038],[90.81511837800008,24.50561761800003],[90.81806988100004,24.504429859000027],[90.81921867800008,24.50217205200005],[90.82076090900006,24.502562174000047],[90.82260515400009,24.503575478000073],[90.82261505100007,24.501020174000075],[90.82746800600006,24.501980307000053],[90.83043654000005,24.51083314500005],[90.83293339800008,24.51320811900007],[90.83475073300008,24.520753735000028],[90.83399596300006,24.52473554900007],[90.83150821300006,24.525468945000057],[90.83187234200005,24.526422543000024],[90.83574751200007,24.528084860000035],[90.83803906200006,24.527533669000036],[90.83710645400004,24.52143325700007],[90.84098419900005,24.51867752900006],[90.84098402500007,24.52245027200007],[90.84680221600007,24.524785004000023],[90.85235446900003,24.529370312000026],[90.85468500500008,24.527112905000024],[90.85745594400004,24.52748551700006],[90.87096801800004,24.533580264000022],[90.87430114900008,24.53073257400007],[90.87613727100006,24.52423199100008],[90.88064705600004,24.52207271700007],[90.88316055400009,24.518280796000056],[90.88250040000008,24.50750159000006],[90.88635610100005,24.505502329000024],[90.88558370900006,24.499329621000072],[90.89629945200005,24.49827354100006],[90.90132230100005,24.50059961100004],[90.90600116600007,24.49931686000008],[90.90561884800007,24.496664596000073],[90.90185658300004,24.49386717300007],[90.90291006400008,24.489282141000047],[90.91498462800007,24.489907686000038],[90.91780311900004,24.48834063700008],[90.92290740600004,24.490504068000064],[90.92931332000006,24.489476456000034],[90.93027885800007,24.491775673000063],[90.94928558600003,24.498589218000063],[90.95252544800007,24.50746259600004],[90.94866693100005,24.514042791000065],[90.94617525100006,24.522775542000034],[90.95102020800005,24.526301568000065],[90.95429800400007,24.52660654700003],[90.96104839500003,24.536265696000044],[90.96662832700008,24.535250749000056],[90.96907832300008,24.53257825700007],[90.97182615700007,24.53230207000007],[90.97919917700005,24.54032288700006],[90.97286626700009,24.541487655000026],[90.97397133200008,24.546275905000073],[90.97069129100004,24.548236435000035],[90.96925689000005,24.553092975000027],[90.96306689200009,24.554563477000045],[90.96108394600003,24.552758107000045],[90.95605172500007,24.557588887000065],[90.95539607500007,24.56097397600007],[90.95000952300006,24.56168985900007],[90.95290589900009,24.567257165000058],[90.95007813400008,24.578730106000023],[90.94383789000005,24.57814282100003],[90.93957379800008,24.583231847000036],[90.94150378800003,24.583294299000045],[90.94626361700006,24.591125825000063],[90.94530917800006,24.596371404000024],[90.94206932800006,24.598078224000062],[90.94424981300006,24.605001940000022]]]}},{"type":"Feature","id":"madaripur-kalkini","properties":{"canonical_id":"madaripur-kalkini","name_en":"Kalkini","name_bn":"কালকিনি","district_id":"madaripur","division_id":"dhaka","pcode":"BD-C-36-455","parent_pcode":"BD3054","source_name":"Kalkini","match_method":"exact_name_or_alias","boundary_reference_year":"2020","boundary_source":"geoBoundaries gbOpen BGD ADM3 / BBS, OCHA ROAP","source_dataset_updated":"2026-08-09"},"geometry":{"type":"Polygon","coordinates":[[[90.35373446500006,23.134204453000052],[90.35450269300009,23.138947441000028],[90.34455715000007,23.14036004600007],[90.34020391500007,23.137784296000063],[90.33909081500008,23.133582841000077],[90.33481331700006,23.135565748000033],[90.33417603400005,23.137557806000075],[90.32901632000005,23.13759857900004],[90.32348572700005,23.134455719000073],[90.31748308000004,23.137097165000057],[90.30921947000007,23.13225594200003],[90.30972516000008,23.137672095000028],[90.30799349900008,23.144745714000067],[90.29653883300006,23.143578673000036],[90.29572455000005,23.145034560000056],[90.29211621000007,23.145802341000035],[90.28854992200007,23.167079990000047],[90.28643238800004,23.167411874000038],[90.28337727700006,23.16500890800006],[90.27686536800007,23.155627021000043],[90.27189815000008,23.153993307000064],[90.27009158800007,23.156169481000063],[90.26175310600007,23.155271757000037],[90.26897901600006,23.151830895000046],[90.26476294800005,23.142400507000048],[90.25812937900008,23.14857390700007],[90.25397622500003,23.140971233000073],[90.24679911500004,23.14095044900006],[90.24828333600004,23.13867793600008],[90.24823386700007,23.131370067000034],[90.24458121500004,23.128526326000042],[90.25225356900006,23.124421021000046],[90.25277813400004,23.121599527000058],[90.24962519100006,23.116898184000036],[90.23772687800005,23.115915553000036],[90.23649419600008,23.11156051300003],[90.23541514500005,23.112657984000066],[90.23422099400005,23.111806110000032],[90.23469724900008,23.108039063000035],[90.22752213400008,23.103272618000062],[90.22575768100006,23.102920028000028],[90.21994047300007,23.106208478000042],[90.21844974800007,23.10887877600004],[90.21996693000006,23.11289594400006],[90.21903752000009,23.11546101400006],[90.21261648800004,23.114653409000027],[90.20906013900003,23.116465393000055],[90.20747461800005,23.11406687400006],[90.20406585900008,23.123502133000045],[90.20006455500004,23.121877306000044],[90.19599781000005,23.123460987000044],[90.19560268500004,23.12965439800007],[90.18904483700004,23.139633502000038],[90.18508613400007,23.135240660000022],[90.18422060800003,23.131090855000025],[90.18269414400004,23.13085945800003],[90.18092060300006,23.133699100000058],[90.17937351300003,23.131747408000024],[90.17284316400008,23.131810594000058],[90.17095870300005,23.138825343000065],[90.16711895700007,23.141012704000048],[90.16384859700008,23.139351180000062],[90.16185560500008,23.13475526800005],[90.16199942100008,23.128189570000075],[90.15362461100005,23.128117214000042],[90.15051011700007,23.126482357000043],[90.15368258700005,23.120865630000026],[90.15562893700007,23.120375356000068],[90.15604715300003,23.110678750000034],[90.15080615600004,23.110888791000036],[90.14195633600008,23.115173738000067],[90.12153396100007,23.115876761000038],[90.11936479300005,23.115374806000034],[90.11869664900007,23.11147571300006],[90.11853091300009,23.10866984200004],[90.11456369500007,23.10773442900006],[90.11011692900007,23.102844321000077],[90.10838167300005,23.076871081000036],[90.11057710500006,23.074478525000075],[90.11739600500005,23.074658227000043],[90.11809604600006,23.077258767000046],[90.12012642400003,23.077465568000036],[90.12571092900004,23.072633989000053],[90.13163706500006,23.07065310300004],[90.12735382900007,23.069333780000022],[90.12418185600006,23.065077041000052],[90.11288422200005,23.067446628000027],[90.11042924300006,23.066392579000023],[90.11134829300005,23.053947238000035],[90.11589380200007,23.042736842000068],[90.11624827100007,23.03707316300006],[90.11484097500005,23.03390457300003],[90.12069448300008,23.02709179900006],[90.12615903900007,23.027359671000056],[90.13453402300007,23.04311673500007],[90.13464436600003,23.045184173000052],[90.13222370000005,23.047167366000053],[90.13309466600003,23.049725359000035],[90.13532309300007,23.049785007000025],[90.13690366700007,23.052925593000055],[90.14013845600005,23.054396904000043],[90.14317187500006,23.053464872000063],[90.14866503700006,23.054885956000078],[90.15503667200005,23.052650836000055],[90.16004839200008,23.059104184000034],[90.15779506000007,23.062941703000035],[90.16176151000008,23.064344087000052],[90.16497433300003,23.067623285000025],[90.17261038100008,23.06645151300006],[90.17750264800009,23.06175210400005],[90.18062916700006,23.063675502000024],[90.18031728800008,23.060860819000027],[90.18331626000008,23.05847198200007],[90.18468793400007,23.060108257000024],[90.18662094100006,23.059949033000066],[90.18818221300006,23.057263126000066],[90.19301673500007,23.05824928000004],[90.19475602700004,23.054511827000056],[90.19766985400008,23.054249629000026],[90.19939724800008,23.05581137000007],[90.20116755500004,23.05378790000003],[90.20396347300004,23.057288155000037],[90.20301261500003,23.063203443000077],[90.20474901500006,23.06293867000005],[90.21376615300005,23.06989995600003],[90.21626409600003,23.06656379700007],[90.22060348800005,23.065180206000036],[90.22211969300008,23.060504990000027],[90.22624307600006,23.05725276100003],[90.22559759400008,23.052695199000027],[90.23182457000007,23.04624536600005],[90.23627819400008,23.045237760000077],[90.23749714700006,23.04142721900007],[90.23836489700005,23.03671611200008],[90.23401531800005,23.026972708000073],[90.23269539700004,23.01796435600005],[90.23485203400008,23.00378824200004],[90.23121601200006,22.995259218000058],[90.22948263600006,22.984136439000054],[90.23005153200006,22.979068389000076],[90.23602389900003,22.96814714100003],[90.23937345700006,22.966263715000025],[90.24545491400005,22.973438874000067],[90.25085906900006,22.975399716000027],[90.25880315800003,22.972933225000077],[90.25544873000007,22.96535278600004],[90.25661011000005,22.964319400000022],[90.27602815900008,22.973989884000048],[90.28236107900005,22.974900711000032],[90.29086692200008,22.97252138500005],[90.29538563700004,22.975289128000043],[90.31987995900005,22.981461128000035],[90.32760462300007,22.99661304700004],[90.32944803300006,23.00735108600003],[90.32681797900005,23.01791150500003],[90.32300635700005,23.02351326200005],[90.31931842200004,23.025820873000043],[90.31446736400005,23.035338232000072],[90.31575086600003,23.052879059000077],[90.32344105200008,23.05613415600004],[90.32593544900004,23.05547298600004],[90.33052810000004,23.058105143000034],[90.33504304600007,23.055894324000064],[90.34878564300004,23.056747049000023],[90.34289986600004,23.061578648000022],[90.34159857000003,23.065741883000044],[90.33616433500003,23.069609076000063],[90.34013976500006,23.07135868100005],[90.34033009300003,23.073278983000023],[90.34437618700008,23.07659617400003],[90.34413006800008,23.080591695000066],[90.34753265300003,23.090073174000054],[90.35137550300004,23.09311961900005],[90.35236897900006,23.104093420000027],[90.34985343300008,23.10701450700003],[90.35227011600006,23.109947206000072],[90.35315800200004,23.114776895000034],[90.34860015700008,23.114488367000035],[90.34629501700005,23.11863519900004],[90.34853713100006,23.123173431000055],[90.34764856300006,23.128700362000075],[90.35373446500006,23.134204453000052]]]}},{"type":"Feature","id":"madaripur-madaripur-sadar","properties":{"canonical_id":"madaripur-madaripur-sadar","name_en":"Madaripur Sadar","name_bn":"মাদারীপুর সদর","district_id":"madaripur","division_id":"dhaka","pcode":"BD-C-36-453","parent_pcode":"BD3054","source_name":"Madaripur Sadar","match_method":"exact_name_or_alias","boundary_reference_year":"2020","boundary_source":"geoBoundaries gbOpen BGD ADM3 / BBS, OCHA ROAP","source_dataset_updated":"2026-08-09"},"geometry":{"type":"Polygon","coordinates":[[[90.28854992200007,23.167079990000047],[90.29049395300007,23.17378812000004],[90.28399271600006,23.181481621000046],[90.28602909900007,23.192852465000044],[90.28377365800009,23.197198141000058],[90.27568968500003,23.199584297000058],[90.27363971300008,23.195867316000033],[90.26593628700005,23.209749342000066],[90.25420756900007,23.210471633000054],[90.24719003800004,23.216533947000073],[90.24706717700008,23.223463743000025],[90.25030920200004,23.234984979000046],[90.24176807000003,23.23106947200006],[90.24189743100004,23.247252804000027],[90.23406044300003,23.260629264000045],[90.22980205700009,23.261162867000053],[90.22782386600005,23.26283011000004],[90.23017921400003,23.26996174800007],[90.22371852800006,23.268716606000055],[90.21825087300004,23.270044275000032],[90.21627781100005,23.26672844500007],[90.21008325000008,23.265695781000034],[90.20889025400004,23.262244442000053],[90.20093873300004,23.26702490300005],[90.19561919600005,23.274063949000038],[90.18995798200007,23.274999061000074],[90.18729981800004,23.263544230000036],[90.18496137900007,23.262061607000078],[90.18540269900006,23.260174843000073],[90.18360750900007,23.259551403000046],[90.18259108900008,23.256897394000077],[90.17921276100003,23.25511666400007],[90.17553135400004,23.255823718000045],[90.17437854500008,23.258559803000026],[90.16989874700005,23.26124023400007],[90.16839434300005,23.27267166300004],[90.16065846100008,23.268661696000038],[90.15850889300003,23.26446570400003],[90.13652400900008,23.282524514000045],[90.12491285600004,23.27572372700007],[90.11995391500005,23.274335355000062],[90.12029797600007,23.277063115000033],[90.13292856800007,23.287707],[90.12950165800004,23.29364296800003],[90.12897277200005,23.300412632000075],[90.11743855600008,23.300089160000027],[90.11583916200004,23.29854793800007],[90.11122414700009,23.29931119300005],[90.10574506700004,23.297704257000078],[90.09406595600007,23.29779130000003],[90.09530449500005,23.292506709000065],[90.09288257400004,23.289338645000043],[90.08994945200004,23.288330896000048],[90.08861664200003,23.285350702000073],[90.09400372500005,23.28054699200004],[90.09545109700008,23.27738450000004],[90.09425028900006,23.27485592900007],[90.09094504800004,23.273016237000036],[90.08372674200007,23.272663441000077],[90.08989122000008,23.264401986000053],[90.09477701500003,23.260953508000057],[90.09420260900004,23.258756522000056],[90.09115317000004,23.257803059000025],[90.09137060200004,23.252280246000055],[90.09303463900005,23.25308379100005],[90.09622075500005,23.25134523400004],[90.09682148900004,23.25531158000007],[90.09884192800007,23.256251469000063],[90.10494643100003,23.252749959000028],[90.10794261300003,23.249048258000073],[90.10847923400007,23.24585294800005],[90.10747513000007,23.24095198200007],[90.10324768600003,23.237503554000057],[90.10561055300008,23.233282330000065],[90.10847033500005,23.22992904800003],[90.11671877600008,23.232315820000053],[90.12130285800004,23.227962842000068],[90.11728783800004,23.224961204000067],[90.11578748600004,23.226361905000033],[90.10175018100006,23.218855946000076],[90.09963370300005,23.214528674000064],[90.09774512800004,23.216406520000078],[90.09386766800009,23.214077170000053],[90.09623793500003,23.204996168000037],[90.09541393400008,23.19677073500003],[90.09653834300008,23.19464440300004],[90.09476796400008,23.185803011000075],[90.09169404000005,23.185029662000034],[90.09153975300006,23.18356071100004],[90.09028998800005,23.184061087000032],[90.08852026400007,23.180484337000053],[90.09624155700004,23.172070923000035],[90.10412252500004,23.172804383000027],[90.10101861100009,23.169578124000054],[90.10106400300003,23.167817160000027],[90.09812365600004,23.166740666000067],[90.09824488500004,23.152953469000067],[90.09260434200007,23.150465378000035],[90.08518010800003,23.150056289000077],[90.08487492400008,23.144379559000072],[90.08626183400008,23.143121477000022],[90.08564318300006,23.139448062000042],[90.08372232500005,23.138100300000076],[90.08323282000003,23.12640686800006],[90.08204872000005,23.12565771800007],[90.07865750800005,23.119498118000024],[90.07956725500009,23.113166954000064],[90.09600870000008,23.113493736000066],[90.10421545800006,23.11569436800005],[90.10462444900008,23.117700072000048],[90.10654311700006,23.117924622000032],[90.10925703500004,23.117257684000037],[90.10931359100005,23.112853307000023],[90.11869664900007,23.11147571300006],[90.11936479300005,23.115374806000034],[90.12153396100007,23.115876761000038],[90.14195633600008,23.115173738000067],[90.15080615600004,23.110888791000036],[90.15604715300003,23.110678750000034],[90.15562893700007,23.120375356000068],[90.15368258700005,23.120865630000026],[90.15051011700007,23.126482357000043],[90.15362461100005,23.128117214000042],[90.16199942100008,23.128189570000075],[90.16185560500008,23.13475526800005],[90.16384859700008,23.139351180000062],[90.16711895700007,23.141012704000048],[90.17095870300005,23.138825343000065],[90.17284316400008,23.131810594000058],[90.17937351300003,23.131747408000024],[90.18092060300006,23.133699100000058],[90.18269414400004,23.13085945800003],[90.18422060800003,23.131090855000025],[90.18508613400007,23.135240660000022],[90.18904483700004,23.139633502000038],[90.19560268500004,23.12965439800007],[90.19599781000005,23.123460987000044],[90.20006455500004,23.121877306000044],[90.20406585900008,23.123502133000045],[90.20747461800005,23.11406687400006],[90.20906013900003,23.116465393000055],[90.21261648800004,23.114653409000027],[90.21903752000009,23.11546101400006],[90.21996693000006,23.11289594400006],[90.21844974800007,23.10887877600004],[90.21994047300007,23.106208478000042],[90.22575768100006,23.102920028000028],[90.22752213400008,23.103272618000062],[90.23469724900008,23.108039063000035],[90.23422099400005,23.111806110000032],[90.23541514500005,23.112657984000066],[90.23649419600008,23.11156051300003],[90.23772687800005,23.115915553000036],[90.24962519100006,23.116898184000036],[90.25277813400004,23.121599527000058],[90.25225356900006,23.124421021000046],[90.24458121500004,23.128526326000042],[90.24823386700007,23.131370067000034],[90.24828333600004,23.13867793600008],[90.24679911500004,23.14095044900006],[90.25397622500003,23.140971233000073],[90.25812937900008,23.14857390700007],[90.26476294800005,23.142400507000048],[90.26897901600006,23.151830895000046],[90.26175310600007,23.155271757000037],[90.27009158800007,23.156169481000063],[90.27189815000008,23.153993307000064],[90.27686536800007,23.155627021000043],[90.28337727700006,23.16500890800006],[90.28643238800004,23.167411874000038],[90.28854992200007,23.167079990000047]]]}},{"type":"Feature","id":"madaripur-rajoir","properties":{"canonical_id":"madaripur-rajoir","name_en":"Rajoir","name_bn":"রাজৈর","district_id":"madaripur","division_id":"dhaka","pcode":"BD-C-36-456","parent_pcode":"BD3054","source_name":"Rajoir","match_method":"exact_name_or_alias","boundary_reference_year":"2020","boundary_source":"geoBoundaries gbOpen BGD ADM3 / BBS, OCHA ROAP","source_dataset_updated":"2026-08-09"},"geometry":{"type":"Polygon","coordinates":[[[90.02389315600004,23.28825041500005],[90.02507004700004,23.286991795000063],[90.02329460400006,23.278255836000028],[90.02123337500007,23.275131203000058],[90.02516097500006,23.273263007000025],[90.02714327700005,23.266571890000023],[90.03069022900007,23.26635556800005],[90.03128676700004,23.26428458600003],[90.02283087800004,23.255658185000073],[90.02608426100005,23.25077465100003],[90.02373845400007,23.251604952000037],[90.02363821800003,23.24970290500005],[90.02508921300006,23.249001476000046],[90.02172886600005,23.24609666200007],[90.02342733100005,23.240433703000065],[90.02137102100005,23.23579316400003],[90.01785069600004,23.23040695900005],[90.01207916700008,23.234591600000044],[90.00933242500008,23.234700187000044],[90.00836593700006,23.229887209000026],[90.00132180100007,23.22684829900004],[89.99649598000008,23.21679988300008],[89.99061149600004,23.21903481100003],[89.98473357700004,23.21823039000003],[89.98464088800006,23.211478571000043],[89.98139317400006,23.211087531000032],[89.98152028500004,23.19955090800005],[89.97876791000004,23.199103412000056],[89.97633217300006,23.195539995000047],[89.97585660300007,23.187588358000028],[89.97729610800008,23.181904360000033],[89.97323634900005,23.181279860000075],[89.97141837300006,23.181053707000046],[89.96982612200009,23.175081257000045],[89.96807252900004,23.17412112100004],[89.96662790900007,23.164708658000052],[89.96312157000006,23.16094944500003],[89.94909838800004,23.16229940900007],[89.94894565800007,23.15767203300004],[89.94361639400006,23.15718693200006],[89.94277123600006,23.153144207000025],[89.94441817700005,23.15104623700006],[89.94456018300008,23.144980391000047],[89.94072624900008,23.140445946000057],[89.94263495200005,23.136227507000058],[89.94092628300007,23.124896206000074],[89.93763720200008,23.12437157000005],[89.93609511100004,23.118224300000065],[89.94136715700006,23.116143024000053],[89.94840688700003,23.11520826900005],[89.94972041900007,23.11610412700003],[89.95288361100006,23.11398564500007],[89.95468108100005,23.11523052000007],[89.96328154000008,23.11388904000006],[89.96843719500004,23.109787864000054],[89.98431485900005,23.11053719000006],[89.98747821900008,23.115797731000043],[89.99283081500005,23.131937330000028],[89.99729394700006,23.13117753800003],[90.00041189300003,23.13429350900003],[90.01183552600008,23.138773050000054],[90.01444506800004,23.135676082000032],[90.01367764800005,23.12922124200003],[90.03252723800006,23.125431238000033],[90.04414341000006,23.121297901000048],[90.04430721900007,23.119174446000045],[90.04205833700007,23.118728474000022],[90.04087534200005,23.115614524000023],[90.04074874500003,23.108731112000044],[90.04240276400003,23.105630526000027],[90.05036262400006,23.106501604000073],[90.06211968100007,23.120149690000062],[90.07390653800007,23.119214170000078],[90.07736422700003,23.121400848000064],[90.08013511300004,23.12584670900003],[90.08204872000005,23.12565771800007],[90.08323282000003,23.12640686800006],[90.08372232500005,23.138100300000076],[90.08564318300006,23.139448062000042],[90.08626183400008,23.143121477000022],[90.08487492400008,23.144379559000072],[90.08518010800003,23.150056289000077],[90.09260434200007,23.150465378000035],[90.09824488500004,23.152953469000067],[90.09812365600004,23.166740666000067],[90.10106400300003,23.167817160000027],[90.10101861100009,23.169578124000054],[90.10412252500004,23.172804383000027],[90.09624155700004,23.172070923000035],[90.08852026400007,23.180484337000053],[90.09028998800005,23.184061087000032],[90.09153975300006,23.18356071100004],[90.09169404000005,23.185029662000034],[90.09476796400008,23.185803011000075],[90.09653834300008,23.19464440300004],[90.09541393400008,23.19677073500003],[90.09623793500003,23.204996168000037],[90.09386766800009,23.214077170000053],[90.09774512800004,23.216406520000078],[90.09963370300005,23.214528674000064],[90.10175018100006,23.218855946000076],[90.11578748600004,23.226361905000033],[90.11728783800004,23.224961204000067],[90.12130285800004,23.227962842000068],[90.11671877600008,23.232315820000053],[90.10847033500005,23.22992904800003],[90.10561055300008,23.233282330000065],[90.10324768600003,23.237503554000057],[90.10747513000007,23.24095198200007],[90.10847923400007,23.24585294800005],[90.10794261300003,23.249048258000073],[90.10494643100003,23.252749959000028],[90.09884192800007,23.256251469000063],[90.09682148900004,23.25531158000007],[90.09622075500005,23.25134523400004],[90.09303463900005,23.25308379100005],[90.09137060200004,23.252280246000055],[90.09115317000004,23.257803059000025],[90.09420260900004,23.258756522000056],[90.09477701500003,23.260953508000057],[90.08989122000008,23.264401986000053],[90.08372674200007,23.272663441000077],[90.09094504800004,23.273016237000036],[90.09425028900006,23.27485592900007],[90.09545109700008,23.27738450000004],[90.09400372500005,23.28054699200004],[90.08861664200003,23.285350702000073],[90.08182330100004,23.28591670800006],[90.08481349200008,23.295181472000024],[90.08268294300007,23.298347043000035],[90.07493599600008,23.303238449000048],[90.07582904500003,23.309201037000037],[90.06759440400003,23.305185046000076],[90.06186664900008,23.315748306000046],[90.05386173500005,23.325065006000045],[90.04545534600004,23.330173090000073],[90.04013960600008,23.33865835200004],[90.03401929300009,23.340552243000047],[90.03110152400006,23.33753239600003],[90.03269044900009,23.332084526000074],[90.03134492700008,23.316950888000065],[90.03301597800004,23.314644831000066],[90.02513140600007,23.304558502000077],[90.02526756000003,23.290783445000045],[90.02389315600004,23.28825041500005]]]}},{"type":"Feature","id":"madaripur-shibchar","properties":{"canonical_id":"madaripur-shibchar","name_en":"Shibchar","name_bn":"শিবচর","district_id":"madaripur","division_id":"dhaka","pcode":"BD-C-36-454","parent_pcode":"BD3054","source_name":"Shibchar","match_method":"exact_name_or_alias","boundary_reference_year":"2020","boundary_source":"geoBoundaries gbOpen BGD ADM3 / BBS, OCHA ROAP","source_dataset_updated":"2026-08-09"},"geometry":{"type":"Polygon","coordinates":[[[90.07582904500003,23.309201037000037],[90.07493599600008,23.303238449000048],[90.08268294300007,23.298347043000035],[90.08481349200008,23.295181472000024],[90.08182330100004,23.28591670800006],[90.08861664200003,23.285350702000073],[90.08994945200004,23.288330896000048],[90.09288257400004,23.289338645000043],[90.09530449500005,23.292506709000065],[90.09406595600007,23.29779130000003],[90.10574506700004,23.297704257000078],[90.11122414700009,23.29931119300005],[90.11583916200004,23.29854793800007],[90.11743855600008,23.300089160000027],[90.12897277200005,23.300412632000075],[90.12950165800004,23.29364296800003],[90.13292856800007,23.287707],[90.12029797600007,23.277063115000033],[90.11995391500005,23.274335355000062],[90.12491285600004,23.27572372700007],[90.13652400900008,23.282524514000045],[90.15850889300003,23.26446570400003],[90.16065846100008,23.268661696000038],[90.16839434300005,23.27267166300004],[90.16989874700005,23.26124023400007],[90.17437854500008,23.258559803000026],[90.17553135400004,23.255823718000045],[90.17921276100003,23.25511666400007],[90.18259108900008,23.256897394000077],[90.18360750900007,23.259551403000046],[90.18540269900006,23.260174843000073],[90.18496137900007,23.262061607000078],[90.18729981800004,23.263544230000036],[90.18995798200007,23.274999061000074],[90.19561919600005,23.274063949000038],[90.20093873300004,23.26702490300005],[90.20889025400004,23.262244442000053],[90.21008325000008,23.265695781000034],[90.21627781100005,23.26672844500007],[90.21825087300004,23.270044275000032],[90.22371852800006,23.268716606000055],[90.23017921400003,23.26996174800007],[90.23290023100003,23.274260906000052],[90.23589589400007,23.286581598000055],[90.23919279000006,23.28912733900006],[90.23777532400004,23.295581974000072],[90.23897101800009,23.297391300000072],[90.23764223400008,23.29842140100004],[90.24243015600007,23.303614329000027],[90.24401662200006,23.316839165000033],[90.23841976200004,23.326908958000047],[90.23097496700007,23.328098363000038],[90.22790126500007,23.332691676000024],[90.23759944400007,23.33659762600007],[90.24716767200005,23.34315889900006],[90.24837520600005,23.349388110000064],[90.24456875900006,23.348634762000074],[90.24271956000007,23.355262261000064],[90.23683737400006,23.35505504100007],[90.23323260800004,23.356921829000044],[90.23270308800005,23.36202177800004],[90.23564256200007,23.369604577000075],[90.24536002900004,23.377589526000065],[90.25950652600005,23.37979277200003],[90.26445689600007,23.379252662000056],[90.25838517300008,23.386259448000033],[90.24469382100006,23.391138412000032],[90.24120795400006,23.39411851400007],[90.22907761500005,23.39415087200007],[90.22700376900008,23.39467894200004],[90.22660231400005,23.396714211000074],[90.22402655900004,23.396707761000073],[90.22171831400004,23.39866274800005],[90.22200657800005,23.40848122500006],[90.22054752800005,23.411381191000032],[90.22413548600008,23.41308614600007],[90.22875068500008,23.413021308000054],[90.22905201800006,23.414826900000037],[90.23814088200004,23.41724713900004],[90.24199914100006,23.421208384000067],[90.24033671400008,23.425152153000056],[90.24523199500004,23.42762014400006],[90.25268822500004,23.428631806000055],[90.25812213400008,23.426617599000053],[90.26930607400004,23.427281833000052],[90.27066644700005,23.42924358600004],[90.27119578300005,23.426899744000025],[90.27282817800005,23.42992689400006],[90.27066660400004,23.430523444000073],[90.27056038900008,23.432746862000045],[90.27363539300006,23.434493899000074],[90.28138471800008,23.44650635800008],[90.26206673200005,23.456547358000023],[90.24856829000004,23.46103058600005],[90.21774100200008,23.477922525000054],[90.18200348500005,23.49803725000004],[90.17194247500004,23.488902273000065],[90.16519069000003,23.489835451000033],[90.16161332100006,23.47329988100006],[90.15744939700005,23.466321100000073],[90.15461765300006,23.46522191100007],[90.15158597800007,23.466386751000073],[90.14144138400007,23.475380691000055],[90.13574970700006,23.465743060000023],[90.12831684500009,23.460740002000023],[90.12205236100004,23.457981503000042],[90.11018967700005,23.455828626000027],[90.10761742800008,23.44683751200006],[90.10575315300008,23.44669651600003],[90.10844899600005,23.442705467000053],[90.10668839700008,23.44053763000005],[90.10733542500003,23.438609205000034],[90.10847570500005,23.43681818700003],[90.10866504200004,23.438277451000033],[90.11038787700005,23.438436013000057],[90.10887993400007,23.435070019000023],[90.11093280800009,23.43155134400007],[90.10432418100004,23.42424705600007],[90.10256605500007,23.42012238500007],[90.09308578200006,23.412507262000076],[90.09740232400009,23.411763921000045],[90.10134069400004,23.41374247400006],[90.11003211200006,23.41259561100003],[90.11165969900009,23.41118135100004],[90.09563241900008,23.40178293400004],[90.09741967800005,23.399114820000023],[90.09549673200007,23.386152433000063],[90.10126893900008,23.382133601000078],[90.09720024900008,23.380481436000025],[90.09480715000007,23.375439623000034],[90.09294157300008,23.375487602000078],[90.09251157700004,23.374079824000034],[90.08780512200008,23.36691929500006],[90.08914902900005,23.361972351000077],[90.08406965700004,23.34864285900005],[90.08557489700007,23.348878597000066],[90.08630716400006,23.347067621000065],[90.09187557400008,23.34837086700003],[90.09262410400004,23.343248084000038],[90.09846782300008,23.342835206000075],[90.09823483800005,23.340298173000065],[90.09943510900007,23.340388312000073],[90.09928349300009,23.33793930300004],[90.10227554400007,23.333343467000077],[90.09514639800005,23.33102305600005],[90.09554783600004,23.327278576000026],[90.09157530400006,23.326456110000038],[90.09234926000005,23.31183494100003],[90.08391349300007,23.305908283000065],[90.07582904500003,23.309201037000037]]]}},{"type":"Feature","id":"manikganj-doulatpur","properties":{"canonical_id":"manikganj-doulatpur","name_en":"Doulatpur","name_bn":"দৌলতপুর","district_id":"manikganj","division_id":"dhaka","pcode":"BD-C-33-435","parent_pcode":"BD3056","source_name":"Doulatpur","match_method":"exact_name_or_alias","boundary_reference_year":"2020","boundary_source":"geoBoundaries gbOpen BGD ADM3 / BBS, OCHA ROAP","source_dataset_updated":"2026-08-09"},"geometry":{"type":"Polygon","coordinates":[[[88.73342434600005,24.193875496000032],[88.73153928900007,24.171718231000057],[88.74032593300007,24.163393847000066],[88.74395373300007,24.150603489000048],[88.74639361600003,24.14717154300007],[88.70850119400006,24.120086332000028],[88.70460914000006,24.119566847000044],[88.70066855700009,24.121869024000034],[88.69713714200003,24.12046531200008],[88.69304200400006,24.111323362000064],[88.69454452700006,24.109726110000054],[88.69988216700006,24.109708845000057],[88.70077998700003,24.10825471800007],[88.70022772200008,24.09442789600007],[88.70361761600003,24.09421270300004],[88.71717386800003,24.10349912500004],[88.72363005000005,24.104023459000075],[88.72770461100004,24.100923757000032],[88.72846416000004,24.090496705000078],[88.72494261000008,24.079958203000047],[88.72355022500005,24.068738890000077],[88.72541420900006,24.065553462000025],[88.72846257400005,24.06448232500003],[88.73357951900005,24.066335552000055],[88.73742060000006,24.06203448800005],[88.72941227700005,24.05831072600006],[88.72683076400006,24.053057745000046],[88.73147526300005,24.04969827700006],[88.73379701900006,24.05124782400003],[88.73953516100005,24.045735928000056],[88.73817318200008,24.038198298000054],[88.73506439300007,24.037791179000067],[88.74180232800006,24.035381485000073],[88.74216632100007,24.033425374000046],[88.73401742600004,24.019931731000042],[88.73498969500008,24.01685311800003],[88.73112868200008,24.011866677000057],[88.72880600200006,23.996660768000027],[88.72992122600004,23.995420402000036],[88.73537376300004,23.995233936000034],[88.74254176900007,24.004014377000033],[88.74595026300005,24.005796275000023],[88.74631803900007,24.004566658000044],[88.75719232600005,24.006675237000024],[88.76217589100008,24.004808965000052],[88.76279647900003,23.995878882000056],[88.76898472300007,23.984246738000024],[88.76934227000004,23.981498059000046],[88.76695404200007,23.981048783000062],[88.75024322500008,23.985334798000054],[88.73963964400008,23.984625966000067],[88.73562585500008,23.977544170000044],[88.73704968000004,23.971162867000032],[88.73447778400003,23.962985308000043],[88.74188408900005,23.963073811000072],[88.75530396400006,23.969388622000054],[88.76338884100005,23.969309487000032],[88.76577145300007,23.966349008000066],[88.76943202100006,23.954504324000027],[88.77615705600005,23.948508982000078],[88.77855798600007,23.94812791000004],[88.78144690400006,23.951826496000024],[88.78090038000005,23.96256287700004],[88.78393749900005,23.969555537000076],[88.79076884100004,23.97545429200005],[88.79859551300007,23.97650354700005],[88.80271928900004,23.975400690000072],[88.80764739400007,23.970760405000078],[88.80969127400004,23.966555932000063],[88.81042655900006,23.947807429000022],[88.81421115100005,23.928566527000044],[88.81617656600008,23.927645829000028],[88.81825506500007,23.92860050300004],[88.82810855300005,23.93850864500007],[88.84271238300005,23.93765866700005],[88.85427470800005,23.93138114900006],[88.86437375000008,23.92251913900003],[88.87336260500007,23.90879678400006],[88.87536486800008,23.895694608000042],[88.87277396300004,23.88990689700006],[88.86522455900007,23.884359806000077],[88.85966506900007,23.88282515900005],[88.84641718500006,23.884454210000058],[88.83997822600008,23.883890459000042],[88.83782308500008,23.881473017000076],[88.83790716200008,23.87893192000007],[88.84687247900007,23.87228291100007],[88.85276749200005,23.87046594800006],[88.85677700600007,23.871106517000044],[88.86181207600004,23.875414505000037],[88.86900300500008,23.87841284700005],[88.88141303600008,23.878112938000072],[88.88104534000007,23.880898126000034],[88.88523447800009,23.883557213000074],[88.88603813000003,23.888849754000034],[88.89352367500004,23.895041700000036],[88.88960595900005,23.896947870000076],[88.88950624500006,23.89834418500004],[88.89218473300008,23.899472097000057],[88.89111440500005,23.90284661900006],[88.89357759600006,23.902953543000024],[88.89436197300006,23.900637566000057],[88.89650130900009,23.902837386000044],[88.91101133200004,23.905936974000042],[88.91848034400005,23.907110143000068],[88.92093066200005,23.90600859400007],[88.92252033800008,23.908292264000067],[88.93002137100007,23.90784509300005],[88.94886560700007,23.914123782000047],[88.95782251100007,23.922202431000073],[88.96053629800008,23.921898498000076],[88.96376468900007,23.929169167000055],[88.96304580100008,23.93686926600003],[88.95975060500007,23.94362563900006],[88.95589170000005,23.946661105000032],[88.95545628200006,23.952721041000075],[88.95078992400005,23.95902079700005],[88.94861802800006,23.959360420000053],[88.96222126200007,23.974868453000056],[88.96112674700004,23.97634050100004],[88.96337773000005,23.975861257000076],[88.96668926200005,23.97939116300006],[88.97220492400004,23.982069898000077],[88.97222715300006,23.98925396100003],[88.96713899000008,23.99016920500003],[88.96496752700006,23.99473460300004],[88.96416980400005,24.007121381000047],[88.96417077000007,24.01076045900004],[88.94343718900006,24.011743336000052],[88.94289052100004,24.01299491800006],[88.93978037100004,24.01201442300004],[88.93973940800004,24.016148782000073],[88.93709061800007,24.018279318000054],[88.93040876000003,24.01980539500005],[88.92722967500004,24.022015588000045],[88.92246369600008,24.021653067000045],[88.91882001300007,24.026855364000028],[88.91993667900005,24.03310044500006],[88.92292591100005,24.033291960000042],[88.92444192200009,24.03533972500003],[88.92237208400007,24.040007311000068],[88.92106885500004,24.041620370000032],[88.91578710100003,24.042359748000024],[88.91661413600008,24.045355502000064],[88.91144798500005,24.045047357000044],[88.90798878400005,24.04843426000008],[88.90807657800008,24.04979069600006],[88.91020134800004,24.04852622800007],[88.91078399200006,24.052210025000022],[88.91295845100007,24.053221739000037],[88.91396726800008,24.057331889000068],[88.92174200300008,24.066950918000032],[88.92417965000004,24.072341648000076],[88.92415945600004,24.09144643600007],[88.92643557200006,24.103590750000023],[88.92555561900008,24.106835223000076],[88.92755079400007,24.112587420000068],[88.92269915000008,24.116990970000074],[88.91919908300008,24.117496263000078],[88.91984507800004,24.12076107400003],[88.92011636300003,24.125038674000052],[88.92273375400003,24.127364615000033],[88.92246948200005,24.12910406700007],[88.91061417300006,24.12564852400004],[88.90767897100005,24.122358296000073],[88.90737921300007,24.121482954000044],[88.91048786500005,24.121790770000075],[88.91166695800007,24.113047446000053],[88.88514329300006,24.101807231000066],[88.88327678300004,24.10272775800007],[88.87404151500004,24.099114172000043],[88.88319210800006,24.106641551000052],[88.88112668000008,24.11522741300007],[88.87171390600008,24.110970033000058],[88.86566587600004,24.110494019000043],[88.86206719700004,24.107058608000045],[88.86070847200006,24.111825336000038],[88.84371990900007,24.12587918400004],[88.83516410500005,24.12232990600006],[88.81734638600005,24.12112676600003],[88.80570228000005,24.124515317000032],[88.78732674800005,24.13301191200003],[88.75721523200008,24.161818364000055],[88.74742135700006,24.174947942000074],[88.73852624300008,24.193516757000054],[88.73342434600005,24.193875496000032]]]}},{"type":"Feature","id":"manikganj-gior","properties":{"canonical_id":"manikganj-gior","name_en":"Gior","name_bn":"ঘিওর","district_id":"manikganj","division_id":"dhaka","pcode":"BD-C-33-433","parent_pcode":"BD3056","source_name":"Gior","match_method":"exact_name_or_alias","boundary_reference_year":"2020","boundary_source":"geoBoundaries gbOpen BGD ADM3 / BBS, OCHA ROAP","source_dataset_updated":"2026-08-09"},"geometry":{"type":"Polygon","coordinates":[[[89.81899851100007,23.895805211000038],[89.81751709500008,23.892849849000072],[89.81900621400007,23.890710914000067],[89.81661767100007,23.888889739000035],[89.81839255300008,23.88652985500005],[89.81783360400004,23.882763785000066],[89.81404883900007,23.882885147000025],[89.81652280700007,23.87539511600005],[89.81505047200005,23.869707409000057],[89.82012656700005,23.867049966000025],[89.82084081400006,23.868149940000023],[89.82253241100005,23.867180907000034],[89.82326538900008,23.86919430200004],[89.82600340600004,23.866551465000043],[89.81874889800008,23.852610471000048],[89.82040660100006,23.848932794000063],[89.82801400700004,23.851274120000028],[89.83247035100004,23.850354891000052],[89.83456463500005,23.85127282700006],[89.83428923500009,23.852571518000047],[89.83922356200009,23.85053822100008],[89.84154492600004,23.851262662000067],[89.84251092800008,23.849564411000074],[89.84505550500006,23.84917068900006],[89.84638117800006,23.85132457900005],[89.84875176500003,23.851727741000047],[89.85037743800007,23.859431804000053],[89.85300394300003,23.858659231000047],[89.85353406800004,23.860761487000048],[89.85690218000008,23.861859281000022],[89.85687465800004,23.85590118600004],[89.86381962700005,23.863790606000066],[89.86936324900006,23.860745243000054],[89.86989915500004,23.86501581600004],[89.87641518500004,23.865984837000042],[89.87979637800004,23.87288778100003],[89.88263047500004,23.87245640900005],[89.88594921900005,23.868866789000037],[89.88988787100004,23.870603333000076],[89.89069995600005,23.866672512000036],[89.89439637700008,23.86204536400004],[89.88976958600006,23.858409358000074],[89.88769843800009,23.85071158900007],[89.89120505900007,23.849520683000037],[89.89033648900005,23.846324245000062],[89.89397392400008,23.847874741000055],[89.89607658000006,23.847258010000076],[89.89525174700003,23.845261262000065],[89.89290782300003,23.844490756000027],[89.89621313500004,23.843799770000032],[89.89656107200005,23.836914386000046],[89.90248419900007,23.83879758100005],[89.90319095700005,23.835837045000062],[89.90588110300007,23.83508618700006],[89.91763799100005,23.838436654000077],[89.91878694400003,23.83489368200003],[89.91465098000003,23.83328534700007],[89.91307026300007,23.829789995000056],[89.91707117600004,23.82546673300004],[89.91908082400005,23.82018996000005],[89.92173379400003,23.81985599500007],[89.92414358700006,23.824553569000045],[89.92771566800008,23.82573403500004],[89.92385523900003,23.818118853000044],[89.92662737400008,23.815833261000023],[89.92689485400007,23.810457876000044],[89.92843337400006,23.81002559800004],[89.92861583600006,23.807928994000065],[89.93180144800004,23.806970723000063],[89.92536395000008,23.802912676000062],[89.92539255500003,23.799560470000074],[89.93670797100003,23.799921185000073],[89.93801129900004,23.797003620000055],[89.94047645600006,23.799054991000048],[89.94550759000003,23.798097700000028],[89.94951799100005,23.794088591000047],[89.94745464600004,23.79124037400004],[89.94290177300007,23.790660670000022],[89.94314110800008,23.789090213000065],[89.94924744900004,23.790084800000045],[89.95115765300005,23.78742757200007],[89.95488101600006,23.788884083000028],[89.95822252100004,23.786621225000033],[89.96458132000004,23.78872459200005],[89.96900217900009,23.78731758400005],[89.97555172600005,23.78751296100006],[89.98082893600008,23.785495483000034],[89.98783042400004,23.793565702000024],[89.98557523300008,23.79549001600003],[89.98751793600007,23.805381443000044],[89.98602985800005,23.80981123600003],[89.98405586500007,23.810360338000066],[89.98422904600005,23.81421275300005],[89.98095507800008,23.812361269000064],[89.98032569400004,23.813231705000078],[89.97044977500008,23.811402160000057],[89.96102509400004,23.81378015200005],[89.96603374100005,23.818310044000043],[89.96538273300007,23.829669483000032],[89.97037657400006,23.829781737000076],[89.97162690700009,23.83143380100006],[89.96786461200008,23.834105571000066],[89.96721716600007,23.83526781200004],[89.97026954700004,23.836247899000057],[89.96711863900003,23.836591062000025],[89.96730485300003,23.838003567000044],[89.97565286900004,23.84388868600007],[89.96791979700004,23.841784381000025],[89.95847681600009,23.842550457000073],[89.96024217500008,23.853887889000077],[89.96287436500006,23.855279556000028],[89.96295569600005,23.858510399000068],[89.96115300200006,23.866411717000062],[89.95837588200004,23.863606394000044],[89.95716012400004,23.867449398000076],[89.95356443700007,23.86740037100003],[89.95241810100003,23.868932725000036],[89.95153011300005,23.88219160400007],[89.95568710600008,23.883834513000068],[89.95398483400004,23.891120413000067],[89.94864645000007,23.906342967000057],[89.94476326900008,23.904053583000064],[89.94290672200003,23.908264858000052],[89.94336850900004,23.910342498000034],[89.94844628400006,23.91482269100004],[89.94713772200004,23.920721007000054],[89.94415913800003,23.92244289200005],[89.94097515600004,23.92865828400005],[89.93264622100008,23.926498364000054],[89.92968655300007,23.93181884100005],[89.92477530700006,23.928208054000038],[89.92010999200005,23.927584155000034],[89.91564223100005,23.92875654900007],[89.91157676900008,23.93247901500007],[89.90827247900006,23.930382682000072],[89.90629333800007,23.93252556300007],[89.90118642200008,23.93385295400003],[89.89369087600005,23.933268747000056],[89.89238202200005,23.93925520500005],[89.88479463300007,23.940118509000058],[89.87063059900004,23.940874989000065],[89.86748162700007,23.933578062000038],[89.86300668200005,23.93451407500004],[89.85974798000007,23.936950452000076],[89.85094580700007,23.936329654000076],[89.84089522100004,23.920559126000057],[89.84131899700003,23.910724367000057],[89.83861801200004,23.909745489000045],[89.84038226100006,23.905955396000024],[89.84418441400004,23.905191536000075],[89.84182499000008,23.898610678000068],[89.83626413400003,23.894287344000077],[89.83041716800005,23.892839768000044],[89.82455173300008,23.89562139800006],[89.81899851100007,23.895805211000038]]]}},{"type":"Feature","id":"manikganj-harirampur","properties":{"canonical_id":"manikganj-harirampur","name_en":"Harirampur","name_bn":"হরিরামপুর","district_id":"manikganj","division_id":"dhaka","pcode":"BD-C-33-430","parent_pcode":"BD3056","source_name":"Harirampur","match_method":"exact_name_or_alias","boundary_reference_year":"2020","boundary_source":"geoBoundaries gbOpen BGD ADM3 / BBS, OCHA ROAP","source_dataset_updated":"2026-08-09"},"geometry":{"type":"Polygon","coordinates":[[[90.00769718900006,23.634942220000028],[90.00715939800006,23.644709508000062],[90.01830032400005,23.65249541000003],[90.02061330300006,23.65873393800007],[90.02055118700008,23.665207611000028],[90.01862048300006,23.671557879000034],[90.02232588800007,23.67425874500003],[90.02637890800008,23.671915806000072],[90.03053419500009,23.676398671000072],[90.03070250300004,23.68053619500006],[90.03469014500007,23.68115466000006],[90.03494571300007,23.683276732000024],[90.03621548500007,23.68195257900004],[90.03752347300008,23.68360582400004],[90.03775411400005,23.685202866000054],[90.03473397500005,23.68694858300006],[90.03830055900005,23.690285335000056],[90.03673569000006,23.69538976700005],[90.04258452900007,23.694365877000052],[90.03993229400004,23.695809561000033],[90.03985907900005,23.69899079000004],[90.03674258600006,23.700318241000048],[90.04013742400008,23.70102307800005],[90.04061895400008,23.70582496700007],[90.04306566900004,23.707127273000026],[90.04229258800007,23.712995918000047],[90.03815308300005,23.715444856000033],[90.02894147300003,23.717057495000063],[90.02722164300008,23.718904993000024],[90.03035480200003,23.723682138000072],[90.04231280400006,23.727192478000063],[90.04324275200008,23.729123521000076],[90.04159959900005,23.732836966000036],[90.02952386700008,23.73972941200003],[90.02353720600007,23.75008017700003],[90.01967356900008,23.751594252000075],[90.01449590400006,23.75137521700003],[90.01020882900008,23.75556671000004],[90.01719436600007,23.762002980000034],[90.01459990900008,23.773809464000067],[90.01079284400004,23.77558356000003],[90.00170109400005,23.769427061000044],[89.99587131600003,23.769313543000067],[89.99281835400006,23.77600435100004],[89.98299967200006,23.778844907000064],[89.98082893600008,23.785495483000034],[89.97555172600005,23.78751296100006],[89.96900217900009,23.78731758400005],[89.96458132000004,23.78872459200005],[89.95822252100004,23.786621225000033],[89.95488101600006,23.788884083000028],[89.95115765300005,23.78742757200007],[89.94924744900004,23.790084800000045],[89.94314110800008,23.789090213000065],[89.94290177300007,23.790660670000022],[89.94745464600004,23.79124037400004],[89.94951799100005,23.794088591000047],[89.94550759000003,23.798097700000028],[89.94047645600006,23.799054991000048],[89.93801129900004,23.797003620000055],[89.93670797100003,23.799921185000073],[89.92539255500003,23.799560470000074],[89.92191602400004,23.797829008000065],[89.91629495000007,23.799047720000033],[89.91181012600003,23.796988614000043],[89.90676109600008,23.79737856400004],[89.90024662900004,23.795732818000033],[89.89610635700006,23.792512224000063],[89.89244966800004,23.797561760000065],[89.88413813000005,23.800319716000047],[89.86919896400008,23.790735492000067],[89.85778023200004,23.78644733300007],[89.85571167600006,23.783017543000028],[89.84989868200006,23.78097232700003],[89.85075629700003,23.777473026000052],[89.84845554100008,23.77381371000007],[89.85346065200008,23.772538731000054],[89.85424749700007,23.765531297000052],[89.85827797600007,23.76417281500005],[89.86591765100007,23.76590486500004],[89.86784059600006,23.759848455000053],[89.85796091200007,23.75423381300004],[89.84444926300006,23.73872870100007],[89.85540335500008,23.730870762000052],[89.86490040800004,23.718870982000055],[89.89687192300005,23.674179739000067],[89.91032664900007,23.67235615800007],[89.92084687500005,23.668474423000077],[89.92861722000004,23.66241496300006],[89.93221147600008,23.657275810000044],[89.93809272500005,23.653874048000034],[89.94840101000005,23.650905476000048],[89.99369162600004,23.64106877100005],[90.00769718900006,23.634942220000028]]]}},{"type":"Feature","id":"manikganj-manikganj-sadar","properties":{"canonical_id":"manikganj-manikganj-sadar","name_en":"Manikganj Sadar","name_bn":"মানিকগঞ্জ সদর","district_id":"manikganj","division_id":"dhaka","pcode":"BD-C-33-432","parent_pcode":"BD3056","source_name":"Manikganj Sadar","match_method":"exact_name_or_alias","boundary_reference_year":"2020","boundary_source":"geoBoundaries gbOpen BGD ADM3 / BBS, OCHA ROAP","source_dataset_updated":"2026-08-09"},"geometry":{"type":"Polygon","coordinates":[[[90.08285301600006,23.910899650000033],[90.08485835800008,23.901651005000076],[90.07940145600008,23.896010880000063],[90.07214073200004,23.895102175000034],[90.07391127600005,23.890945828000042],[90.07237918200008,23.88942909800005],[90.06960610300007,23.88924690500005],[90.06763120200009,23.88732556000008],[90.05066920800004,23.88602011000006],[90.04740694600008,23.886772540000038],[90.05428176700008,23.892078549000075],[90.05481789800007,23.894559471000036],[90.05282235700008,23.896660221000047],[90.02677365300008,23.89961437000005],[90.02362298500003,23.90383531200007],[90.01719307700006,23.90352341600004],[90.01349996000005,23.906393853000054],[90.00859001600008,23.90606847300006],[90.00415313600007,23.91283566900006],[89.99379013700008,23.921959512000058],[89.99263926900005,23.92204696300007],[89.99266922400005,23.919039721000047],[89.98924161100007,23.91872451300003],[89.98623309100003,23.918882341000028],[89.98617521100005,23.920332045000066],[89.98174903800003,23.922173074000057],[89.97982662200008,23.915643498000065],[89.98161534500008,23.914348693000022],[89.98078755100005,23.912328142000035],[89.97767585100007,23.913375486000064],[89.97877344000005,23.915739890000054],[89.97631417500008,23.916484144000037],[89.97411863900004,23.914136479000035],[89.96370336800004,23.91339935700006],[89.96364318600007,23.915602698000043],[89.96051753700004,23.916374767000036],[89.95821074900005,23.91236995500003],[89.95483525700007,23.913018772000044],[89.95325208100007,23.91495350400004],[89.94907571900006,23.913268753000068],[89.94844628400006,23.91482269100004],[89.94336850900004,23.910342498000034],[89.94290672200003,23.908264858000052],[89.94476326900008,23.904053583000064],[89.94864645000007,23.906342967000057],[89.95398483400004,23.891120413000067],[89.95568710600008,23.883834513000068],[89.95153011300005,23.88219160400007],[89.95241810100003,23.868932725000036],[89.95356443700007,23.86740037100003],[89.95716012400004,23.867449398000076],[89.95837588200004,23.863606394000044],[89.96115300200006,23.866411717000062],[89.96295569600005,23.858510399000068],[89.96287436500006,23.855279556000028],[89.96024217500008,23.853887889000077],[89.95847681600009,23.842550457000073],[89.96791979700004,23.841784381000025],[89.97565286900004,23.84388868600007],[89.96730485300003,23.838003567000044],[89.96711863900003,23.836591062000025],[89.97026954700004,23.836247899000057],[89.96721716600007,23.83526781200004],[89.96786461200008,23.834105571000066],[89.97162690700009,23.83143380100006],[89.97037657400006,23.829781737000076],[89.96538273300007,23.829669483000032],[89.96603374100005,23.818310044000043],[89.96102509400004,23.81378015200005],[89.97044977500008,23.811402160000057],[89.98032569400004,23.813231705000078],[89.98095507800008,23.812361269000064],[89.98422904600005,23.81421275300005],[89.98405586500007,23.810360338000066],[89.98602985800005,23.80981123600003],[89.98751793600007,23.805381443000044],[89.98557523300008,23.79549001600003],[89.98783042400004,23.793565702000024],[89.98082893600008,23.785495483000034],[89.98299967200006,23.778844907000064],[89.99281835400006,23.77600435100004],[89.99587131600003,23.769313543000067],[90.00170109400005,23.769427061000044],[90.01079284400004,23.77558356000003],[90.01459990900008,23.773809464000067],[90.01719436600007,23.762002980000034],[90.01020882900008,23.75556671000004],[90.01449590400006,23.75137521700003],[90.01967356900008,23.751594252000075],[90.02353720600007,23.75008017700003],[90.02952386700008,23.73972941200003],[90.04159959900005,23.732836966000036],[90.04324275200008,23.729123521000076],[90.04231280400006,23.727192478000063],[90.03035480200003,23.723682138000072],[90.02722164300008,23.718904993000024],[90.02894147300003,23.717057495000063],[90.03815308300005,23.715444856000033],[90.04229258800007,23.712995918000047],[90.04534881900008,23.711344327000063],[90.05095893000004,23.712830720000056],[90.05270414200004,23.71872509700006],[90.05123130900006,23.725760924000042],[90.05572145900004,23.72722040800005],[90.05879569200005,23.725013038000043],[90.06964035000004,23.726753536000047],[90.06936465800004,23.724330079000026],[90.07476450000007,23.72285467100005],[90.07587408200004,23.718661272000077],[90.07901347800004,23.71966515200006],[90.08094237100005,23.716956606000053],[90.08182541400004,23.725466623000045],[90.08366898200006,23.728336334000062],[90.08082588000008,23.72741707800003],[90.07398637400007,23.729929326000047],[90.07824437100004,23.73937483800006],[90.07834610400005,23.75105288000003],[90.07681668200007,23.751895943000022],[90.07707937400005,23.755347976000053],[90.07044849600004,23.759722941000064],[90.07671904800009,23.760068275000037],[90.07396986800006,23.76422180700007],[90.07485325400006,23.76658115600003],[90.07262588500004,23.76630503000007],[90.07236941400004,23.770049741000037],[90.06822922800006,23.770039206000035],[90.06636929700005,23.774100745000055],[90.05890523100004,23.772921628000063],[90.05802366000006,23.771340122000026],[90.05133407100004,23.771269665000034],[90.05141504400007,23.782978737000064],[90.05600810100003,23.784493490000045],[90.05687737900007,23.789396187000023],[90.06198112600003,23.79019530100004],[90.06155424900004,23.795005332000073],[90.05851780000006,23.796094942000025],[90.06051489900005,23.797560275000023],[90.05982746000007,23.80297784100003],[90.06510697500005,23.803255714000045],[90.06421337700004,23.80586368400003],[90.06853254100008,23.80745156200004],[90.06898064800004,23.811300935000077],[90.07272819600007,23.812390463000042],[90.07262846500004,23.814558327000043],[90.07000953800008,23.815090766000026],[90.06948579200008,23.822537793000038],[90.06690436500008,23.82414052200005],[90.06880638300004,23.828759276000028],[90.09200058400006,23.833288297000024],[90.09437888900004,23.837394408000023],[90.10976653300008,23.846641439000052],[90.11317883600003,23.844611731000043],[90.11409307600007,23.847126053000068],[90.11248483500003,23.849772638000047],[90.11492602300007,23.852071872000067],[90.11777414000005,23.847460874000035],[90.12127548600006,23.84724194200004],[90.11831689500008,23.855775461000064],[90.12291479200007,23.856933668000067],[90.12433412500008,23.862284858000066],[90.12346440600004,23.864969906000056],[90.12674969500006,23.866503893000072],[90.12167190300005,23.873448900000028],[90.11798277400004,23.873502580000036],[90.11604749300005,23.875580396000032],[90.11266522900007,23.88518162500003],[90.11318322000005,23.88779897200004],[90.10847060300006,23.895319647000065],[90.09783695900006,23.902013063000027],[90.09311940800006,23.90117258500004],[90.09322706600005,23.904880912000067],[90.08576401300007,23.911375646000067],[90.08285301600006,23.910899650000033]]]}},{"type":"Feature","id":"manikganj-saturia","properties":{"canonical_id":"manikganj-saturia","name_en":"Saturia","name_bn":"সাটুরিয়া","district_id":"manikganj","division_id":"dhaka","pcode":"BD-C-33-431","parent_pcode":"BD3056","source_name":"Saturia","match_method":"exact_name_or_alias","boundary_reference_year":"2020","boundary_source":"geoBoundaries gbOpen BGD ADM3 / BBS, OCHA ROAP","source_dataset_updated":"2026-08-09"},"geometry":{"type":"Polygon","coordinates":[[[89.94097515600004,23.92865828400005],[89.94415913800003,23.92244289200005],[89.94713772200004,23.920721007000054],[89.94844628400006,23.91482269100004],[89.94907571900006,23.913268753000068],[89.95325208100007,23.91495350400004],[89.95483525700007,23.913018772000044],[89.95821074900005,23.91236995500003],[89.96051753700004,23.916374767000036],[89.96364318600007,23.915602698000043],[89.96370336800004,23.91339935700006],[89.97411863900004,23.914136479000035],[89.97631417500008,23.916484144000037],[89.97877344000005,23.915739890000054],[89.97767585100007,23.913375486000064],[89.98078755100005,23.912328142000035],[89.98161534500008,23.914348693000022],[89.97982662200008,23.915643498000065],[89.98174903800003,23.922173074000057],[89.98617521100005,23.920332045000066],[89.98623309100003,23.918882341000028],[89.98924161100007,23.91872451300003],[89.99266922400005,23.919039721000047],[89.99263926900005,23.92204696300007],[89.99379013700008,23.921959512000058],[90.00415313600007,23.91283566900006],[90.00859001600008,23.90606847300006],[90.01349996000005,23.906393853000054],[90.01719307700006,23.90352341600004],[90.02362298500003,23.90383531200007],[90.02677365300008,23.89961437000005],[90.05282235700008,23.896660221000047],[90.05481789800007,23.894559471000036],[90.05428176700008,23.892078549000075],[90.04740694600008,23.886772540000038],[90.05066920800004,23.88602011000006],[90.06763120200009,23.88732556000008],[90.06960610300007,23.88924690500005],[90.07237918200008,23.88942909800005],[90.07391127600005,23.890945828000042],[90.07214073200004,23.895102175000034],[90.07940145600008,23.896010880000063],[90.08485835800008,23.901651005000076],[90.08285301600006,23.910899650000033],[90.08038230300008,23.910882896000032],[90.07595868500005,23.90637794500003],[90.07188378900008,23.905123827000068],[90.06923756200007,23.906820321000055],[90.06699311200003,23.91138835600003],[90.06673998200006,23.917111093000074],[90.07401440500007,23.92326394300005],[90.07471966400004,23.925818655000057],[90.07366617000008,23.927005801000064],[90.06915020100007,23.92669853800004],[90.06688461700008,23.92846707700005],[90.06596931600006,23.933482171000037],[90.06764842500007,23.941643372000044],[90.06351840100007,23.95094965800007],[90.06481210300007,23.95294528200003],[90.06896296900004,23.954014378000068],[90.07371827900005,23.957658440000046],[90.07396086800009,23.960252317000027],[90.06594153700007,23.96039597300006],[90.06043028900007,23.95769247100003],[90.05061323800004,23.96061913400007],[90.04698120700004,23.962425075000056],[90.03803123200004,23.97165076400006],[90.04432934400006,23.97356619800007],[90.03906672400007,23.977747367000063],[90.03884239100006,23.982591039000056],[90.04395253600006,23.98654979400004],[90.05018469500004,23.989002430000028],[90.05210358700003,23.993585153000026],[90.05606924300008,23.996972022000023],[90.05643045300008,23.999556838000046],[90.05106493300008,23.99926629500004],[90.04794530200007,23.996275897000032],[90.04505687300008,23.995989430000066],[90.04338067500004,23.998061148000033],[90.04419292300008,24.003174926000042],[90.04297051200007,24.004547626000033],[90.03141221400006,24.006063350000034],[90.02970053000007,24.003649792000033],[90.02487206500007,24.005412526000043],[90.02304917500004,24.007543318000046],[90.02397543200004,24.011757897000052],[90.02213323600006,24.014815059000057],[90.01982455300003,24.014255369000068],[90.01970770600008,24.00968953200004],[90.01342619500008,24.012419109000064],[90.01347731500005,24.007608249000043],[90.00759375000007,24.011362161000022],[90.00659967900003,24.01048381000004],[90.00902722200004,24.003222237000045],[90.00249928700003,24.001386092000075],[89.99463428800004,24.002581677000023],[89.99313012400006,23.99996731300007],[89.99020583000004,23.99909722500007],[89.99117262200008,24.000597785000025],[89.99014356200007,24.001773057000037],[89.99224148400003,24.00136898100004],[89.99259740000008,24.004644358000064],[89.98998939100005,24.004886388000045],[89.98852091200007,24.009441980000076],[89.97714603800006,24.011904279000078],[89.97661804100005,24.017564092000043],[89.98540541100004,24.01860502900007],[89.98473661900005,24.02231669100007],[89.97967283300005,24.027008398000078],[89.98073619200005,24.03273446700007],[89.97211045700004,24.036035017000074],[89.97109080900003,24.034320945000047],[89.97457899600005,24.03262010000003],[89.97346968600004,24.030509736000056],[89.96837903400007,24.03023667000008],[89.96687262900008,24.01439702400006],[89.95875554600008,24.015321998000047],[89.95778744900008,24.01769667600007],[89.95443429800008,24.018656532000023],[89.95505548300008,24.021756500000038],[89.94990914600004,24.023429272000044],[89.95092102400008,24.026023572000042],[89.94844231300004,24.028268421000064],[89.94721903800007,24.025676290000035],[89.94740341900007,24.016620309000075],[89.94160582400008,24.017420394000055],[89.94188927400006,24.014394104000075],[89.93871014900003,24.011820906000025],[89.93916654600008,24.010310993000076],[89.94250870300004,24.009660260000032],[89.94295049900006,24.007692502000054],[89.94670792100004,24.00719707500008],[89.94722805900005,24.004325531000063],[89.93898526900006,24.00442295700003],[89.93477075900006,23.99687638100005],[89.93086381800003,23.995922321000023],[89.93057925000005,23.99776874400004],[89.93747821600004,24.005619137000053],[89.93347689500007,24.006008102000067],[89.92416002100003,24.003123020000032],[89.92141804800008,23.999159822000024],[89.91702093600009,23.99940138000005],[89.91524129000004,23.995784641000057],[89.91623029800007,23.992434177000064],[89.92200743200004,23.99033945700006],[89.92084063900006,23.985254763000057],[89.92843432400008,23.983467261000044],[89.92827111300005,23.978074854000056],[89.93780815400004,23.977597476000028],[89.93803779300003,23.983672976000037],[89.94510405200003,23.985372623000046],[89.94581036600005,23.987482500000056],[89.95124772200006,23.985991159000037],[89.94637121900007,23.97813362000005],[89.94550692600006,23.973400344000027],[89.94715990100008,23.97182138200003],[89.94543539500006,23.966002221000053],[89.94700401600005,23.95414491400004],[89.94142946700003,23.953512879000073],[89.94541673000003,23.94321118000005],[89.94991085900006,23.94274189500004],[89.94665836500008,23.94025123700004],[89.94858013800007,23.932705292000037],[89.94097515600004,23.92865828400005]]]}},{"type":"Feature","id":"manikganj-shibaloy","properties":{"canonical_id":"manikganj-shibaloy","name_en":"Shibaloy","name_bn":"শিবালয়","district_id":"manikganj","division_id":"dhaka","pcode":"BD-C-33-434","parent_pcode":"BD3056","source_name":"Shibaloy","match_method":"exact_name_or_alias","boundary_reference_year":"2020","boundary_source":"geoBoundaries gbOpen BGD ADM3 / BBS, OCHA ROAP","source_dataset_updated":"2026-08-09"},"geometry":{"type":"Polygon","coordinates":[[[89.73274126100006,23.83536815800005],[89.74208994000008,23.833163783000032],[89.77094028600004,23.83329234000007],[89.77720377200006,23.80377418100005],[89.78043296100003,23.798287583000047],[89.81094307400008,23.77268391700005],[89.81674318300009,23.763519428000052],[89.83582498800007,23.750990055000045],[89.83943917000005,23.742552855000042],[89.84444926300006,23.73872870100007],[89.85796091200007,23.75423381300004],[89.86784059600006,23.759848455000053],[89.86591765100007,23.76590486500004],[89.85827797600007,23.76417281500005],[89.85424749700007,23.765531297000052],[89.85346065200008,23.772538731000054],[89.84845554100008,23.77381371000007],[89.85075629700003,23.777473026000052],[89.84989868200006,23.78097232700003],[89.85571167600006,23.783017543000028],[89.85778023200004,23.78644733300007],[89.86919896400008,23.790735492000067],[89.88413813000005,23.800319716000047],[89.89244966800004,23.797561760000065],[89.89610635700006,23.792512224000063],[89.90024662900004,23.795732818000033],[89.90676109600008,23.79737856400004],[89.91181012600003,23.796988614000043],[89.91629495000007,23.799047720000033],[89.92191602400004,23.797829008000065],[89.92539255500003,23.799560470000074],[89.92536395000008,23.802912676000062],[89.93180144800004,23.806970723000063],[89.92861583600006,23.807928994000065],[89.92843337400006,23.81002559800004],[89.92689485400007,23.810457876000044],[89.92662737400008,23.815833261000023],[89.92385523900003,23.818118853000044],[89.92771566800008,23.82573403500004],[89.92414358700006,23.824553569000045],[89.92173379400003,23.81985599500007],[89.91908082400005,23.82018996000005],[89.91707117600004,23.82546673300004],[89.91307026300007,23.829789995000056],[89.91465098000003,23.83328534700007],[89.91878694400003,23.83489368200003],[89.91763799100005,23.838436654000077],[89.90588110300007,23.83508618700006],[89.90319095700005,23.835837045000062],[89.90248419900007,23.83879758100005],[89.89656107200005,23.836914386000046],[89.89621313500004,23.843799770000032],[89.89290782300003,23.844490756000027],[89.89525174700003,23.845261262000065],[89.89607658000006,23.847258010000076],[89.89397392400008,23.847874741000055],[89.89033648900005,23.846324245000062],[89.89120505900007,23.849520683000037],[89.88769843800009,23.85071158900007],[89.88976958600006,23.858409358000074],[89.89439637700008,23.86204536400004],[89.89069995600005,23.866672512000036],[89.88988787100004,23.870603333000076],[89.88594921900005,23.868866789000037],[89.88263047500004,23.87245640900005],[89.87979637800004,23.87288778100003],[89.87641518500004,23.865984837000042],[89.86989915500004,23.86501581600004],[89.86936324900006,23.860745243000054],[89.86381962700005,23.863790606000066],[89.85687465800004,23.85590118600004],[89.85690218000008,23.861859281000022],[89.85353406800004,23.860761487000048],[89.85300394300003,23.858659231000047],[89.85037743800007,23.859431804000053],[89.84875176500003,23.851727741000047],[89.84638117800006,23.85132457900005],[89.84505550500006,23.84917068900006],[89.84251092800008,23.849564411000074],[89.84154492600004,23.851262662000067],[89.83922356200009,23.85053822100008],[89.83428923500009,23.852571518000047],[89.83456463500005,23.85127282700006],[89.83247035100004,23.850354891000052],[89.82801400700004,23.851274120000028],[89.82040660100006,23.848932794000063],[89.81874889800008,23.852610471000048],[89.82600340600004,23.866551465000043],[89.82326538900008,23.86919430200004],[89.82253241100005,23.867180907000034],[89.82084081400006,23.868149940000023],[89.82012656700005,23.867049966000025],[89.81505047200005,23.869707409000057],[89.81652280700007,23.87539511600005],[89.81404883900007,23.882885147000025],[89.81783360400004,23.882763785000066],[89.81839255300008,23.88652985500005],[89.81661767100007,23.888889739000035],[89.81900621400007,23.890710914000067],[89.81751709500008,23.892849849000072],[89.81899851100007,23.895805211000038],[89.82188201700006,23.901050222000038],[89.81729548800007,23.903091820000043],[89.81582343700006,23.906716025000037],[89.81302732600005,23.904829388000053],[89.80278055400004,23.90605572900006],[89.79894405600004,23.900666297000043],[89.79554973700004,23.903028323000058],[89.79405381600003,23.90079531400005],[89.79205526900006,23.902087651000045],[89.78973865100005,23.89975018100006],[89.78726431300004,23.902481914000077],[89.78431018600008,23.89973532700003],[89.78295891000005,23.90000327100006],[89.78330588500006,23.901811375000023],[89.79006713500007,23.90831337800006],[89.78325374000008,23.910621307000042],[89.78185181100008,23.909352528000056],[89.78231658100003,23.90536254700004],[89.78105543400005,23.90512704200006],[89.77746275000004,23.909936733000052],[89.77274311300005,23.90728333100003],[89.77265770200006,23.90327845300004],[89.76753051600008,23.90227101200003],[89.76516499500008,23.89988737500005],[89.76430271700008,23.903555478000044],[89.75416039900006,23.902945155000054],[89.74014251000006,23.906302491000076],[89.73887466900004,23.905001936000076],[89.73103925100008,23.90485689600007],[89.72903852600007,23.90774996400006],[89.71071305600003,23.907107463000045],[89.70700014100004,23.911232187000053],[89.69715999400006,23.915213901000072],[89.70054752700008,23.902312691000077],[89.69843478100006,23.90001772200003],[89.69822933400008,23.895942579000064],[89.70231088300005,23.89552487900005],[89.70267624400003,23.89336006900004],[89.69940041300003,23.889880177000066],[89.69785687000007,23.885006427000064],[89.70083073100005,23.881163299000036],[89.69627913800008,23.872994721000055],[89.69695822200003,23.866609003000065],[89.69829290300004,23.866539363000072],[89.70092217000007,23.876770332000035],[89.70383132300003,23.877096608000045],[89.70710832300006,23.867963185000065],[89.71012952100006,23.867098401000078],[89.71216933300008,23.858363335000035],[89.73085601100007,23.839799262000042],[89.73274126100006,23.83536815800005]]]}},{"type":"Feature","id":"manikganj-singiar","properties":{"canonical_id":"manikganj-singiar","name_en":"Singiar","name_bn":"সিংগাইর","district_id":"manikganj","division_id":"dhaka","pcode":"BD-C-33-436","parent_pcode":"BD3056","source_name":"Singiar","match_method":"exact_name_or_alias","boundary_reference_year":"2020","boundary_source":"geoBoundaries gbOpen BGD ADM3 / BBS, OCHA ROAP","source_dataset_updated":"2026-08-09"},"geometry":{"type":"Polygon","coordinates":[[[90.12674969500006,23.866503893000072],[90.12346440600004,23.864969906000056],[90.12433412500008,23.862284858000066],[90.12291479200007,23.856933668000067],[90.11831689500008,23.855775461000064],[90.12127548600006,23.84724194200004],[90.11777414000005,23.847460874000035],[90.11492602300007,23.852071872000067],[90.11248483500003,23.849772638000047],[90.11409307600007,23.847126053000068],[90.11317883600003,23.844611731000043],[90.10976653300008,23.846641439000052],[90.09437888900004,23.837394408000023],[90.09200058400006,23.833288297000024],[90.06880638300004,23.828759276000028],[90.06690436500008,23.82414052200005],[90.06948579200008,23.822537793000038],[90.07000953800008,23.815090766000026],[90.07262846500004,23.814558327000043],[90.07272819600007,23.812390463000042],[90.06898064800004,23.811300935000077],[90.06853254100008,23.80745156200004],[90.06421337700004,23.80586368400003],[90.06510697500005,23.803255714000045],[90.05982746000007,23.80297784100003],[90.06051489900005,23.797560275000023],[90.05851780000006,23.796094942000025],[90.06155424900004,23.795005332000073],[90.06198112600003,23.79019530100004],[90.05687737900007,23.789396187000023],[90.05600810100003,23.784493490000045],[90.05141504400007,23.782978737000064],[90.05133407100004,23.771269665000034],[90.05802366000006,23.771340122000026],[90.05890523100004,23.772921628000063],[90.06636929700005,23.774100745000055],[90.06822922800006,23.770039206000035],[90.07236941400004,23.770049741000037],[90.07262588500004,23.76630503000007],[90.07485325400006,23.76658115600003],[90.07396986800006,23.76422180700007],[90.07671904800009,23.760068275000037],[90.07044849600004,23.759722941000064],[90.07707937400005,23.755347976000053],[90.07681668200007,23.751895943000022],[90.07834610400005,23.75105288000003],[90.07824437100004,23.73937483800006],[90.07398637400007,23.729929326000047],[90.08082588000008,23.72741707800003],[90.08366898200006,23.728336334000062],[90.08449204800007,23.729504489000078],[90.09511963100005,23.729009990000065],[90.09959877500006,23.73013004300003],[90.10759309400004,23.72838646400004],[90.10476300300007,23.72707302300006],[90.10516785100003,23.718832689000067],[90.11470355800003,23.717157126000075],[90.11754052100008,23.720791215000077],[90.11674277400004,23.72491579900003],[90.12093686500003,23.72608117900006],[90.12382139100004,23.734559439000066],[90.12938849000005,23.734681903000023],[90.13130406600004,23.738784501000055],[90.13466293600004,23.740627661000076],[90.13693104200007,23.745850490000066],[90.14234722300006,23.74575922200006],[90.14568220500007,23.74815540900005],[90.14890835400007,23.746429359000047],[90.15423905600005,23.747690960000057],[90.15701804300005,23.745239753000078],[90.15868078100004,23.739006096000026],[90.15562356000004,23.733219275000067],[90.15958962900004,23.725659981000035],[90.16394938400003,23.72535847300003],[90.16957171200005,23.727212009000027],[90.17638801400005,23.726252570000042],[90.18282645700003,23.721973777000073],[90.18577020600009,23.72232198000006],[90.18839921900008,23.716561608000063],[90.19090897200005,23.722329837000075],[90.19339800700004,23.72179889800003],[90.19801015800005,23.723514349000027],[90.20293505600006,23.722390740000037],[90.20387248600008,23.725663842000074],[90.20599115900006,23.725912821000065],[90.21194253700008,23.721551610000063],[90.21819107700009,23.71158442500007],[90.22536646000003,23.70922678000005],[90.23602937400005,23.71324848000006],[90.23673333200009,23.715669283000068],[90.25551166900004,23.715085034000026],[90.25417811000005,23.721744844000057],[90.25106549600008,23.72487634600003],[90.24083463500006,23.73133795800004],[90.23790592300008,23.735745893000058],[90.22363777500004,23.739244748000033],[90.21981441300005,23.743992923000064],[90.21855734600007,23.748314554000046],[90.21973391200004,23.752122388000032],[90.22464045300006,23.758015882000052],[90.22623125900003,23.76427992400005],[90.23653815100005,23.779737858000033],[90.24112256200004,23.778138211000055],[90.24765911800006,23.80972597500005],[90.24576190300007,23.838399899000024],[90.23960269300005,23.83211507200008],[90.22741415400003,23.835302252000076],[90.21868125500004,23.840167605000033],[90.21259431200008,23.839446181000028],[90.20638176000006,23.835711778000075],[90.20354627900008,23.837984404000053],[90.20393947900004,23.83079456400003],[90.19719276600006,23.830302601000028],[90.19767385900008,23.824607541000034],[90.19513404400004,23.822226186000023],[90.18540735700003,23.818302258000074],[90.18099554500003,23.821313642000064],[90.17532348800006,23.82212183300004],[90.17370898900003,23.817978851000078],[90.17210358100004,23.81786153400003],[90.17187980400007,23.827795323000032],[90.16628787100007,23.82866124000003],[90.15968528300004,23.833162473000073],[90.15567913200005,23.832978016000027],[90.15430808600007,23.828792814000053],[90.15051828400004,23.828241624000043],[90.15093085800004,23.83423487500005],[90.14627327200003,23.844476609000026],[90.13044224500004,23.864552610000032],[90.12674969500006,23.866503893000072]]]}},{"type":"Feature","id":"munshiganj-gajaria","properties":{"canonical_id":"munshiganj-gajaria","name_en":"Gajaria","name_bn":"গজারিয়া","district_id":"munshiganj","division_id":"dhaka","pcode":"BD-C-35-446","parent_pcode":"BD3059","source_name":"Gajaria","match_method":"exact_name_or_alias","boundary_reference_year":"2020","boundary_source":"geoBoundaries gbOpen BGD ADM3 / BBS, OCHA ROAP","source_dataset_updated":"2026-08-09"},"geometry":{"type":"Polygon","coordinates":[[[90.68762381100004,23.55664930100005],[90.67673397300007,23.566719696000064],[90.66937067900005,23.571057793000023],[90.65245396900008,23.572994360000052],[90.64721420900008,23.575709635000067],[90.64586850800004,23.58182399900005],[90.64672929600005,23.588619600000072],[90.65346341000009,23.590832594000062],[90.66655355400007,23.58891742700007],[90.66617076200004,23.596325655000044],[90.65305367500008,23.62040421200004],[90.64877821400006,23.61837686900003],[90.64000474700003,23.61723795100005],[90.62995024400004,23.620819235000056],[90.62692201500005,23.614049828000077],[90.62414341100003,23.612967534000063],[90.61519445600004,23.604170072000045],[90.60834046900004,23.600289963000023],[90.59959180000004,23.598479101000066],[90.58464862700004,23.599070122000057],[90.57347605700005,23.597328985000047],[90.56452551200005,23.59314245400003],[90.56078748600004,23.58978403200007],[90.55792226000005,23.58086171700006],[90.55934658500007,23.573837731000026],[90.57496032000006,23.54949840100005],[90.57961362100008,23.537903622000044],[90.57633940700003,23.534056044000067],[90.56492294300006,23.534392593000064],[90.56797858500005,23.52919167500005],[90.56702163000006,23.529765911000027],[90.56764441300004,23.52436665600004],[90.57562074200007,23.510579567000036],[90.57695130100007,23.496028159000048],[90.58299676200005,23.49636809200007],[90.58902827900005,23.49452872200004],[90.59574518900007,23.497596858000065],[90.60141185000003,23.498070752000046],[90.60551457300005,23.49264659000005],[90.61302998800005,23.490430751000076],[90.62381455400003,23.492971278000027],[90.63143116700007,23.501783492000072],[90.64131842800003,23.503704862000063],[90.64929621000005,23.501284401000078],[90.66217737800008,23.493845521000026],[90.67096159000005,23.49071712700004],[90.68210923200007,23.48950579800004],[90.68720979500006,23.490366883000036],[90.68775446100005,23.492475265000053],[90.70208404600004,23.498734670000033],[90.70732898900008,23.502703866000047],[90.71064085400008,23.507770683000047],[90.71132160500008,23.511995331000037],[90.70922200500007,23.518195526000056],[90.70041197900008,23.52540040300005],[90.68981027300003,23.546255700000074],[90.68762381100004,23.55664930100005]]]}},{"type":"Feature","id":"munshiganj-louhajanj","properties":{"canonical_id":"munshiganj-louhajanj","name_en":"Louhajanj","name_bn":"লৌহজং","district_id":"munshiganj","division_id":"dhaka","pcode":"BD-C-35-445","parent_pcode":"BD3059","source_name":"Louhajanj","match_method":"exact_name_or_alias","boundary_reference_year":"2020","boundary_source":"geoBoundaries gbOpen BGD ADM3 / BBS, OCHA ROAP","source_dataset_updated":"2026-08-09"},"geometry":{"type":"Polygon","coordinates":[[[90.41981459900006,23.530738963000033],[90.40939612200003,23.530765021000036],[90.40802948700008,23.528969962000076],[90.40952945600009,23.525178475000075],[90.40587961600005,23.51792794800008],[90.40596653000006,23.531095796000045],[90.40347175300008,23.531587229000024],[90.40166834400009,23.53110751300005],[90.40179074200006,23.52987874100006],[90.39265638900008,23.528503667000052],[90.39133661800008,23.52632218800005],[90.39343012600006,23.52123597700006],[90.39087101800004,23.51917730300005],[90.38909096000003,23.51344537800003],[90.39069790300005,23.513416515000074],[90.38815757100008,23.50850620500006],[90.38854955700003,23.503353710000056],[90.38359412400007,23.50059122500005],[90.37981030500003,23.503736574000072],[90.37302462300005,23.502025444000026],[90.36836215400007,23.50564627700004],[90.36053075300003,23.504538319000062],[90.36028625800003,23.510977024000056],[90.36346477500007,23.516560948000063],[90.36600597000006,23.516517736000026],[90.36525817900008,23.51930385000003],[90.36635677500004,23.519838720000052],[90.36750471500005,23.517193923000036],[90.36920657900004,23.518692729000065],[90.36968178300003,23.516321620000042],[90.37149955800004,23.518105224000067],[90.36635054100003,23.52687697600004],[90.36290113900003,23.52825239400005],[90.35979636800005,23.525570086000073],[90.35421667000008,23.528705408000064],[90.34992548500009,23.527175587000045],[90.34978029100006,23.525521217000062],[90.35194536800003,23.524878959000034],[90.34741799000005,23.520777508000037],[90.34771244300003,23.50934017700007],[90.34314396300005,23.507547131000024],[90.34048926600008,23.50361915900004],[90.34055525600007,23.500950941000042],[90.34363502100007,23.50050157000004],[90.34516431100008,23.49844604200007],[90.34316607200003,23.49410057800003],[90.33286782500005,23.494817316000024],[90.33253418200007,23.49699776700004],[90.32802948300008,23.498214895000046],[90.32665187900005,23.502810426000053],[90.31628771700008,23.499577164000073],[90.31639138000008,23.496075592000068],[90.31262423800007,23.495761964000053],[90.31194223700004,23.494160563000037],[90.30909304400006,23.495824336000055],[90.30797552000007,23.495125372000075],[90.30626163100004,23.499384922000047],[90.29240789500005,23.496156881000047],[90.29079443300003,23.496482826000033],[90.28930269800009,23.50041716000004],[90.28816234100003,23.498197187000073],[90.28536403200007,23.498655110000072],[90.28517066800003,23.49669702400007],[90.28118395500007,23.495003266000026],[90.28040256200006,23.492823233000024],[90.27557672300009,23.49431605700005],[90.27224104600003,23.49866617200007],[90.26484273000005,23.498659727000074],[90.25526822600006,23.495773892000045],[90.24814849400008,23.496373095000024],[90.24515042300004,23.50008584400007],[90.23858091000005,23.500784235000026],[90.23527787000006,23.49947045600004],[90.23148441700005,23.494386099000053],[90.22799055300004,23.49445335100006],[90.22834287600006,23.492349861000037],[90.21774100200008,23.477922525000054],[90.24856829000004,23.46103058600005],[90.26206673200005,23.456547358000023],[90.28138471800008,23.44650635800008],[90.28857608600003,23.445543076000035],[90.30243300500007,23.451460501000042],[90.31798639700008,23.43954791300007],[90.32858594200007,23.436178703000053],[90.35994072100004,23.43010042700007],[90.39025115700008,23.41396487700007],[90.38857910400009,23.410557994000044],[90.39545149500003,23.411466060000066],[90.39611007200006,23.41466768400005],[90.40440007300003,23.413136260000044],[90.40973092500008,23.414381895000076],[90.40704220300006,23.416746507000028],[90.40780934300005,23.418742466000026],[90.41545871400007,23.41458976900003],[90.41926518600008,23.418923849000066],[90.41733396500007,23.420521629000064],[90.41650066400007,23.425774775000036],[90.41054682100008,23.428797356000075],[90.41214420500006,23.429767569000035],[90.41196858800004,23.435682300000053],[90.41476177100003,23.437291222000056],[90.41538750000007,23.441341358000045],[90.41756168400008,23.442774039000028],[90.42208632300003,23.44406993900003],[90.42419371000005,23.443710252000074],[90.42462387200004,23.44199001800007],[90.43065065800005,23.442516608000062],[90.42685016800004,23.450468039000043],[90.42447908300005,23.45067887500005],[90.42788884900006,23.457959618000075],[90.43091176600007,23.45812292200003],[90.43207937400007,23.464898256000026],[90.40988360100005,23.46944634700003],[90.40218788100003,23.472321885000042],[90.40136782000008,23.469702220000045],[90.39687685000007,23.469456842000056],[90.39518467500005,23.465962044000037],[90.39225775200003,23.465610941000023],[90.38988586500005,23.469828450000023],[90.39571340500004,23.474985068000024],[90.39737489200007,23.479837115000066],[90.40787449000004,23.495344166000052],[90.41368068800006,23.500726515000053],[90.41546556700007,23.49951532500006],[90.41575844400006,23.502529800000048],[90.41329621500006,23.50502883400003],[90.41213911700004,23.513452705000077],[90.41567525800008,23.51932646000006],[90.41534593600005,23.523832992000052],[90.41839006400005,23.524811103000047],[90.41981459900006,23.530738963000033]]]}},{"type":"Feature","id":"munshiganj-munshiganj-sadar","properties":{"canonical_id":"munshiganj-munshiganj-sadar","name_en":"Munshiganj Sadar","name_bn":"মুন্সিগঞ্জ সদর","district_id":"munshiganj","division_id":"dhaka","pcode":"BD-C-35-442","parent_pcode":"BD3059","source_name":"Munshiganj Sadar","match_method":"exact_name_or_alias","boundary_reference_year":"2020","boundary_source":"geoBoundaries gbOpen BGD ADM3 / BBS, OCHA ROAP","source_dataset_updated":"2026-08-09"},"geometry":{"type":"Polygon","coordinates":[[[90.51831715700007,23.57307840200008],[90.50187023100005,23.57365570500008],[90.48582612500007,23.570732684000063],[90.47649917700005,23.567230916000028],[90.47158351400003,23.56357920800008],[90.47388815300008,23.558988124000052],[90.47330226900004,23.557331284000043],[90.46666722300006,23.557071889000042],[90.46795806800009,23.553067663000036],[90.47201368300006,23.55216004400006],[90.48288873100006,23.55547665000006],[90.47835519500006,23.54481234800005],[90.47757330600007,23.538049270000045],[90.47260946900008,23.532439314000044],[90.47411457500004,23.52819783500007],[90.47147676700007,23.525400063000063],[90.47331733400006,23.521500251000077],[90.47257404900006,23.51994718700007],[90.47644747600003,23.518380063000052],[90.47701055500005,23.514935747000038],[90.47679141300006,23.511032027000056],[90.47392368300007,23.50839475500004],[90.47710643300007,23.505351736000023],[90.48115453800006,23.506840975000046],[90.48316911000006,23.503297865000036],[90.49276066100003,23.50554575900003],[90.49427901100006,23.500347138000052],[90.49313161800006,23.497482885000068],[90.50048151900006,23.498335060000045],[90.50189579000005,23.497111094000047],[90.50370966200006,23.49489900100008],[90.50184994000006,23.484676009000054],[90.50624742400004,23.48366649600007],[90.50633548200005,23.469534501000055],[90.49258892700004,23.443804087000046],[90.48800232200006,23.42547231800006],[90.48887226800008,23.41947463400004],[90.48689181500004,23.418590522000045],[90.48673459300005,23.41675113900004],[90.49519378100007,23.415412539000044],[90.49540212000005,23.40909681000005],[90.50114278200004,23.405936780000047],[90.49961455700009,23.403927918000022],[90.50923548100008,23.39679933000008],[90.51731218300006,23.39075752100007],[90.53868894100003,23.37934916200004],[90.53900472100008,23.391194034000023],[90.54187146700008,23.399171370000033],[90.55374757500005,23.41740754600005],[90.57050612400008,23.437162215000058],[90.57762351500008,23.45149069300004],[90.57870872800004,23.460969293000062],[90.57750867000004,23.470386349000023],[90.58174058600008,23.47150365300007],[90.58428423200007,23.480163232000052],[90.58300695800006,23.484350130000053],[90.57715957700003,23.48509788900003],[90.57583167800004,23.493615504000047],[90.57695130100007,23.496028159000048],[90.57562074200007,23.510579567000036],[90.56764441300004,23.52436665600004],[90.56702163000006,23.529765911000027],[90.56797858500005,23.52919167500005],[90.56492294300006,23.534392593000064],[90.55175283700004,23.554401908000045],[90.54168685900004,23.562852856000063],[90.52624621200005,23.568472229000065],[90.52306644900005,23.571891640000047],[90.51831715700007,23.57307840200008]]]}},{"type":"Feature","id":"munshiganj-sirajdikhan","properties":{"canonical_id":"munshiganj-sirajdikhan","name_en":"Sirajdikhan","name_bn":"সিরাজদিখান","district_id":"munshiganj","division_id":"dhaka","pcode":"BD-C-35-444","parent_pcode":"BD3059","source_name":"Sirajdikhan","match_method":"exact_name_or_alias","boundary_reference_year":"2020","boundary_source":"geoBoundaries gbOpen BGD ADM3 / BBS, OCHA ROAP","source_dataset_updated":"2026-08-09"},"geometry":{"type":"Polygon","coordinates":[[[90.28618321000005,23.673856036000075],[90.27350625300005,23.662411380000037],[90.26821199500006,23.65307179200005],[90.26323272500008,23.65622088300006],[90.25395018100005,23.653669385000057],[90.24960533100005,23.654479224000056],[90.24673508500007,23.649463323000077],[90.24835574400004,23.64573304700008],[90.24810421900008,23.63681193900004],[90.24729095200007,23.63349201500006],[90.24528322300006,23.632336189000057],[90.24600894200006,23.62523304800004],[90.25097412800005,23.613151698000024],[90.25510514100006,23.611774242000024],[90.26650499300007,23.617551293000076],[90.26703351600008,23.61532212000003],[90.26555850700004,23.615177302000063],[90.26493500700008,23.612231999000073],[90.26804605900008,23.605876067000054],[90.27394075100005,23.607607409000025],[90.27841905000008,23.604069331000062],[90.28035832500007,23.609114582000075],[90.28410025300008,23.609051890000046],[90.28883944100005,23.60837246600005],[90.29131616600006,23.60467626800005],[90.29132633200004,23.608722917000023],[90.29478534000003,23.607902313000068],[90.29601138900006,23.61178857400006],[90.29850933900008,23.612116874000037],[90.29953951400006,23.61089547000006],[90.30047127900008,23.613007328000037],[90.30348932600003,23.609570715000075],[90.30897593600008,23.607878674000062],[90.31249707200004,23.59972410000006],[90.31736899800006,23.59763838500004],[90.31949510400005,23.59223978500006],[90.31852945600008,23.58858858700006],[90.31940107900004,23.586800570000037],[90.32205515100009,23.586014325000065],[90.32663196200008,23.585729271000048],[90.32789422200005,23.588368126000034],[90.33113689000004,23.589273555000034],[90.33084630800005,23.595288848000052],[90.33503709200005,23.59557004100003],[90.33620695900004,23.598387418000073],[90.34495183000007,23.585050048000028],[90.34476175700007,23.580991382000036],[90.34359302200005,23.580029726000078],[90.33979423200003,23.58217432300006],[90.33450092500004,23.58004278800007],[90.33199013900008,23.577810871000054],[90.33214782500005,23.575241282000036],[90.33002124800004,23.574501738000038],[90.33106565600008,23.56721854600005],[90.32635516000005,23.566427412000053],[90.32372518100004,23.564878145000023],[90.32340978400003,23.562881428000026],[90.32575269500006,23.564763823000078],[90.33066575300006,23.561847157000045],[90.33106576300008,23.558462403000078],[90.33766654900006,23.553030238000076],[90.33781814700006,23.556996428000048],[90.34034832000003,23.552842610000027],[90.34693711300008,23.551027143000056],[90.35112587100008,23.550371900000073],[90.35185645200005,23.552219709000042],[90.35295192700005,23.550355912000043],[90.35652217400008,23.549941861000036],[90.35994316200004,23.551618593000057],[90.36237948900003,23.550604089000046],[90.36144411300006,23.54871051400005],[90.36379053800005,23.54842897900005],[90.36672321100008,23.544476469000074],[90.36573639900007,23.54037452600005],[90.36285173700008,23.53747667700003],[90.36186136900005,23.538949632000026],[90.36030500300006,23.537657039000067],[90.36168642400008,23.53543177100005],[90.36026510300007,23.53020000300006],[90.36290113900003,23.52825239400005],[90.36635054100003,23.52687697600004],[90.37149955800004,23.518105224000067],[90.36968178300003,23.516321620000042],[90.36920657900004,23.518692729000065],[90.36750471500005,23.517193923000036],[90.36635677500004,23.519838720000052],[90.36525817900008,23.51930385000003],[90.36600597000006,23.516517736000026],[90.36346477500007,23.516560948000063],[90.36028625800003,23.510977024000056],[90.36053075300003,23.504538319000062],[90.36836215400007,23.50564627700004],[90.37302462300005,23.502025444000026],[90.37981030500003,23.503736574000072],[90.38359412400007,23.50059122500005],[90.38854955700003,23.503353710000056],[90.38815757100008,23.50850620500006],[90.39069790300005,23.513416515000074],[90.38909096000003,23.51344537800003],[90.39087101800004,23.51917730300005],[90.39343012600006,23.52123597700006],[90.39133661800008,23.52632218800005],[90.39265638900008,23.528503667000052],[90.40179074200006,23.52987874100006],[90.40166834400009,23.53110751300005],[90.40347175300008,23.531587229000024],[90.40596653000006,23.531095796000045],[90.40587961600005,23.51792794800008],[90.40952945600009,23.525178475000075],[90.40802948700008,23.528969962000076],[90.40939612200003,23.530765021000036],[90.41981459900006,23.530738963000033],[90.42098397900008,23.534949013000073],[90.42623694800005,23.541997182000046],[90.42897433000007,23.54302108400003],[90.42886578100007,23.545047535000037],[90.43298595200008,23.544394235000027],[90.43231457200005,23.551058859000022],[90.43728144200009,23.55621563400007],[90.43071562900008,23.562885978000054],[90.42899267800004,23.567354023000064],[90.43975171800008,23.578251812000076],[90.44172869100004,23.587535175000028],[90.43978492600007,23.59740773900006],[90.43019340800004,23.608605170000033],[90.40892829800003,23.631394432000036],[90.39576085800007,23.641553041000066],[90.39047133300005,23.649856714000066],[90.36825592800005,23.652653041000065],[90.36512701200007,23.650989966000054],[90.35558744800005,23.639846643000055],[90.34988574100004,23.637192713000047],[90.34526053800005,23.63697443700005],[90.33148076500004,23.64173762200005],[90.30969445300008,23.659157020000066],[90.28618321000005,23.673856036000075]]]}},{"type":"Feature","id":"munshiganj-sreenagar","properties":{"canonical_id":"munshiganj-sreenagar","name_en":"Sreenagar","name_bn":"শ্রীনগর","district_id":"munshiganj","division_id":"dhaka","pcode":"BD-C-35-443","parent_pcode":"BD3059","source_name":"Sreenagar","match_method":"exact_name_or_alias","boundary_reference_year":"2020","boundary_source":"geoBoundaries gbOpen BGD ADM3 / BBS, OCHA ROAP","source_dataset_updated":"2026-08-09"},"geometry":{"type":"Polygon","coordinates":[[[90.15825715400007,23.522147180000047],[90.16615413500006,23.512292525000078],[90.18200348500005,23.49803725000004],[90.21774100200008,23.477922525000054],[90.22834287600006,23.492349861000037],[90.22799055300004,23.49445335100006],[90.23148441700005,23.494386099000053],[90.23527787000006,23.49947045600004],[90.23858091000005,23.500784235000026],[90.24515042300004,23.50008584400007],[90.24814849400008,23.496373095000024],[90.25526822600006,23.495773892000045],[90.26484273000005,23.498659727000074],[90.27224104600003,23.49866617200007],[90.27557672300009,23.49431605700005],[90.28040256200006,23.492823233000024],[90.28118395500007,23.495003266000026],[90.28517066800003,23.49669702400007],[90.28536403200007,23.498655110000072],[90.28816234100003,23.498197187000073],[90.28930269800009,23.50041716000004],[90.29079443300003,23.496482826000033],[90.29240789500005,23.496156881000047],[90.30626163100004,23.499384922000047],[90.30797552000007,23.495125372000075],[90.30909304400006,23.495824336000055],[90.31194223700004,23.494160563000037],[90.31262423800007,23.495761964000053],[90.31639138000008,23.496075592000068],[90.31628771700008,23.499577164000073],[90.32665187900005,23.502810426000053],[90.32802948300008,23.498214895000046],[90.33253418200007,23.49699776700004],[90.33286782500005,23.494817316000024],[90.34316607200003,23.49410057800003],[90.34516431100008,23.49844604200007],[90.34363502100007,23.50050157000004],[90.34055525600007,23.500950941000042],[90.34048926600008,23.50361915900004],[90.34314396300005,23.507547131000024],[90.34771244300003,23.50934017700007],[90.34741799000005,23.520777508000037],[90.35194536800003,23.524878959000034],[90.34978029100006,23.525521217000062],[90.34992548500009,23.527175587000045],[90.35421667000008,23.528705408000064],[90.35979636800005,23.525570086000073],[90.36290113900003,23.52825239400005],[90.36026510300007,23.53020000300006],[90.36168642400008,23.53543177100005],[90.36030500300006,23.537657039000067],[90.36186136900005,23.538949632000026],[90.36285173700008,23.53747667700003],[90.36573639900007,23.54037452600005],[90.36672321100008,23.544476469000074],[90.36379053800005,23.54842897900005],[90.36144411300006,23.54871051400005],[90.36237948900003,23.550604089000046],[90.35994316200004,23.551618593000057],[90.35652217400008,23.549941861000036],[90.35295192700005,23.550355912000043],[90.35185645200005,23.552219709000042],[90.35112587100008,23.550371900000073],[90.34693711300008,23.551027143000056],[90.34034832000003,23.552842610000027],[90.33781814700006,23.556996428000048],[90.33766654900006,23.553030238000076],[90.33106576300008,23.558462403000078],[90.33066575300006,23.561847157000045],[90.32575269500006,23.564763823000078],[90.32340978400003,23.562881428000026],[90.32372518100004,23.564878145000023],[90.32635516000005,23.566427412000053],[90.33106565600008,23.56721854600005],[90.33002124800004,23.574501738000038],[90.33214782500005,23.575241282000036],[90.33199013900008,23.577810871000054],[90.33450092500004,23.58004278800007],[90.33979423200003,23.58217432300006],[90.34359302200005,23.580029726000078],[90.34476175700007,23.580991382000036],[90.34495183000007,23.585050048000028],[90.33620695900004,23.598387418000073],[90.33503709200005,23.59557004100003],[90.33084630800005,23.595288848000052],[90.33113689000004,23.589273555000034],[90.32789422200005,23.588368126000034],[90.32663196200008,23.585729271000048],[90.32205515100009,23.586014325000065],[90.31940107900004,23.586800570000037],[90.31852945600008,23.58858858700006],[90.31949510400005,23.59223978500006],[90.31736899800006,23.59763838500004],[90.31249707200004,23.59972410000006],[90.30897593600008,23.607878674000062],[90.30348932600003,23.609570715000075],[90.30047127900008,23.613007328000037],[90.29953951400006,23.61089547000006],[90.29850933900008,23.612116874000037],[90.29601138900006,23.61178857400006],[90.29478534000003,23.607902313000068],[90.29132633200004,23.608722917000023],[90.29131616600006,23.60467626800005],[90.28883944100005,23.60837246600005],[90.28410025300008,23.609051890000046],[90.28035832500007,23.609114582000075],[90.27841905000008,23.604069331000062],[90.27394075100005,23.607607409000025],[90.26804605900008,23.605876067000054],[90.26493500700008,23.612231999000073],[90.26555850700004,23.615177302000063],[90.26703351600008,23.61532212000003],[90.26650499300007,23.617551293000076],[90.25510514100006,23.611774242000024],[90.25097412800005,23.613151698000024],[90.24600894200006,23.62523304800004],[90.24528322300006,23.632336189000057],[90.24062233700005,23.63287359700007],[90.23718749200003,23.62895472400004],[90.23650541100005,23.621391967000022],[90.22619784100004,23.613551088000065],[90.22490436500004,23.606473532000052],[90.22593445600006,23.601432311000053],[90.22293750500006,23.599236595000036],[90.22142312000005,23.595755492000023],[90.21709415100008,23.594574355000077],[90.21461754400008,23.591792874000078],[90.20876699900003,23.589159317000053],[90.20613309100008,23.579808231000072],[90.20567178900006,23.568944052000063],[90.20346705300005,23.56426343100003],[90.19221058300008,23.559380824000073],[90.18576218200008,23.562928972000066],[90.18114043300005,23.555792265000036],[90.17716190100003,23.55575845800007],[90.17745223600008,23.551467520000074],[90.18045039000003,23.54938707900004],[90.18158762500008,23.541400139000075],[90.18096019000006,23.53886940800004],[90.17814170900004,23.53663984700006],[90.17645181900008,23.526845613000035],[90.17431140100007,23.52458246300006],[90.17004965200005,23.527356885000074],[90.15825715400007,23.522147180000047]]]}},{"type":"Feature","id":"munshiganj-tongibari","properties":{"canonical_id":"munshiganj-tongibari","name_en":"Tongibari","name_bn":"টংগীবাড়ি","district_id":"munshiganj","division_id":"dhaka","pcode":"BD-C-35-447","parent_pcode":"BD3059","source_name":"Tongibari","match_method":"exact_name_or_alias","boundary_reference_year":"2020","boundary_source":"geoBoundaries gbOpen BGD ADM3 / BBS, OCHA ROAP","source_dataset_updated":"2026-08-09"},"geometry":{"type":"Polygon","coordinates":[[[90.39545149500003,23.411466060000066],[90.39630215000005,23.409323107000034],[90.39930745500004,23.40827723800004],[90.40171846500004,23.40288236600003],[90.40346986800006,23.40312795400007],[90.40358561400006,23.40014566600007],[90.40615611700008,23.400421851000033],[90.40768985600005,23.403702448000047],[90.41052094800006,23.40514594700005],[90.41646829200005,23.402141452000023],[90.42174016400008,23.401287258000025],[90.42234613800008,23.406815443000028],[90.43050710600005,23.406679136000037],[90.43276000200007,23.409495122000067],[90.43019815700006,23.41385942900007],[90.43196059800005,23.416314328000055],[90.44872045000005,23.415323156000056],[90.46962075400006,23.411171549000073],[90.48692272600005,23.40463471000004],[90.49961455700009,23.403927918000022],[90.50114278200004,23.405936780000047],[90.49540212000005,23.40909681000005],[90.49519378100007,23.415412539000044],[90.48673459300005,23.41675113900004],[90.48689181500004,23.418590522000045],[90.48887226800008,23.41947463400004],[90.48800232200006,23.42547231800006],[90.49258892700004,23.443804087000046],[90.50633548200005,23.469534501000055],[90.50624742400004,23.48366649600007],[90.50184994000006,23.484676009000054],[90.50370966200006,23.49489900100008],[90.50189579000005,23.497111094000047],[90.50048151900006,23.498335060000045],[90.49313161800006,23.497482885000068],[90.49427901100006,23.500347138000052],[90.49276066100003,23.50554575900003],[90.48316911000006,23.503297865000036],[90.48115453800006,23.506840975000046],[90.47710643300007,23.505351736000023],[90.47392368300007,23.50839475500004],[90.47679141300006,23.511032027000056],[90.47701055500005,23.514935747000038],[90.47644747600003,23.518380063000052],[90.47257404900006,23.51994718700007],[90.47331733400006,23.521500251000077],[90.47147676700007,23.525400063000063],[90.47411457500004,23.52819783500007],[90.47260946900008,23.532439314000044],[90.47757330600007,23.538049270000045],[90.47835519500006,23.54481234800005],[90.48288873100006,23.55547665000006],[90.47201368300006,23.55216004400006],[90.46795806800009,23.553067663000036],[90.46666722300006,23.557071889000042],[90.47330226900004,23.557331284000043],[90.47388815300008,23.558988124000052],[90.47158351400003,23.56357920800008],[90.46143563100009,23.554128168000034],[90.45399357400004,23.550640868000073],[90.44630413000004,23.55103007300005],[90.43728144200009,23.55621563400007],[90.43231457200005,23.551058859000022],[90.43298595200008,23.544394235000027],[90.42886578100007,23.545047535000037],[90.42897433000007,23.54302108400003],[90.42623694800005,23.541997182000046],[90.42098397900008,23.534949013000073],[90.41981459900006,23.530738963000033],[90.41839006400005,23.524811103000047],[90.41534593600005,23.523832992000052],[90.41567525800008,23.51932646000006],[90.41213911700004,23.513452705000077],[90.41329621500006,23.50502883400003],[90.41575844400006,23.502529800000048],[90.41546556700007,23.49951532500006],[90.41368068800006,23.500726515000053],[90.40787449000004,23.495344166000052],[90.39737489200007,23.479837115000066],[90.39571340500004,23.474985068000024],[90.38988586500005,23.469828450000023],[90.39225775200003,23.465610941000023],[90.39518467500005,23.465962044000037],[90.39687685000007,23.469456842000056],[90.40136782000008,23.469702220000045],[90.40218788100003,23.472321885000042],[90.40988360100005,23.46944634700003],[90.43207937400007,23.464898256000026],[90.43091176600007,23.45812292200003],[90.42788884900006,23.457959618000075],[90.42447908300005,23.45067887500005],[90.42685016800004,23.450468039000043],[90.43065065800005,23.442516608000062],[90.42462387200004,23.44199001800007],[90.42419371000005,23.443710252000074],[90.42208632300003,23.44406993900003],[90.41756168400008,23.442774039000028],[90.41538750000007,23.441341358000045],[90.41476177100003,23.437291222000056],[90.41196858800004,23.435682300000053],[90.41214420500006,23.429767569000035],[90.41054682100008,23.428797356000075],[90.41650066400007,23.425774775000036],[90.41733396500007,23.420521629000064],[90.41926518600008,23.418923849000066],[90.41545871400007,23.41458976900003],[90.40780934300005,23.418742466000026],[90.40704220300006,23.416746507000028],[90.40973092500008,23.414381895000076],[90.40440007300003,23.413136260000044],[90.39611007200006,23.41466768400005],[90.39545149500003,23.411466060000066]]]}},{"type":"Feature","id":"narayanganj-araihazar","properties":{"canonical_id":"narayanganj-araihazar","name_en":"Araihazar","name_bn":"আড়াইহাজার","district_id":"narayanganj","division_id":"dhaka","pcode":"BD-C-40-400","parent_pcode":"BD3067","source_name":"Araihazar","match_method":"exact_name_or_alias","boundary_reference_year":"2020","boundary_source":"geoBoundaries gbOpen BGD ADM3 / BBS, OCHA ROAP","source_dataset_updated":"2026-08-09"},"geometry":{"type":"Polygon","coordinates":[[[90.73461306300004,23.76283612700007],[90.73220805700004,23.765885730000036],[90.73204463500008,23.772853101000067],[90.74115467100006,23.787472146000027],[90.73443294800006,23.789197794000074],[90.73398964200004,23.791750343000047],[90.73124956300006,23.79246333800006],[90.73151261200007,23.793973839000046],[90.72630379000003,23.793360548000067],[90.72327468100008,23.797398015000056],[90.71460880800004,23.799274168000068],[90.71601824900006,23.80446053600008],[90.71370316600007,23.80846289300007],[90.70861783600003,23.813175133000072],[90.70220160800005,23.81521751300005],[90.69675685300007,23.820315436000044],[90.68663061700005,23.820818676000044],[90.67714774900008,23.82884615000006],[90.67646246800007,23.827931833000036],[90.68016361800005,23.824210679000032],[90.67841895700008,23.81970398800007],[90.68018453900004,23.820336363000024],[90.68003646500006,23.817944064000073],[90.68472818300006,23.814341495000065],[90.68483974400004,23.81127910200007],[90.68754645100006,23.808763464000037],[90.68706104700004,23.803616737000027],[90.68955771000003,23.798888558000044],[90.68423875600007,23.79716733400005],[90.68321954900006,23.794317121000063],[90.67754123600008,23.79635802100006],[90.67278162800005,23.795986510000034],[90.67001620700006,23.794236701000045],[90.66404803900008,23.795539421000058],[90.66623207800006,23.798906353000064],[90.66367637400003,23.80232532200006],[90.66004517800008,23.800195753000025],[90.65997383000007,23.79882429500003],[90.65719394400008,23.799910425000064],[90.65541452200006,23.79742115600004],[90.64819407400006,23.800990585000022],[90.64617610800008,23.808538115000033],[90.63910476200004,23.81654695800006],[90.63653473700003,23.82429084000006],[90.64377649700003,23.835783572000025],[90.65556347700004,23.838201360000028],[90.65892906000005,23.835298413000032],[90.66270752300005,23.841579309000053],[90.66088704500004,23.843234364000068],[90.65533952600003,23.84114171300007],[90.65617336900004,23.842445003000023],[90.64659207900007,23.847907620000058],[90.64593741400006,23.85129177600004],[90.65430699500007,23.85539317300004],[90.65133233500006,23.856564152000033],[90.65121469400003,23.86213070100007],[90.64548282900006,23.863351591000026],[90.64512388500003,23.869575105000024],[90.64181151600008,23.867323575000057],[90.63389135400007,23.868495565000046],[90.62464859900007,23.86207252500003],[90.62107839100008,23.855193162000035],[90.62190342200006,23.853029449000076],[90.61852682800009,23.851427414000057],[90.61890053000008,23.84805013500005],[90.62159537900004,23.84506544000004],[90.61927013300004,23.837223571000038],[90.61611224200004,23.838173882000035],[90.61054967600006,23.832542986000078],[90.60765218900008,23.83431741000004],[90.60035943000008,23.83384244100006],[90.58989831800005,23.824281561000078],[90.59388708700004,23.81931883900006],[90.59115764600006,23.81848819700008],[90.59294426600007,23.816414647000045],[90.59163040800007,23.813540663000026],[90.59438832800004,23.814584574000037],[90.59439747900007,23.81187768600006],[90.59243769000005,23.80930482200006],[90.58690228100005,23.80716501300003],[90.59166937200007,23.800337039000055],[90.58756200300007,23.793966349000073],[90.58782683000004,23.78641886500003],[90.59480791000004,23.782082596000066],[90.58779456000008,23.777330805000076],[90.58706268800006,23.774446639000075],[90.58134348500005,23.769104209000034],[90.58077301000009,23.762878569000065],[90.58106432500006,23.76149101200008],[90.58451864600005,23.760797170000046],[90.58993307800006,23.76498452100003],[90.59493161800003,23.764099943000076],[90.59950718800008,23.765024436000033],[90.60499318800004,23.759211651000044],[90.60676781800004,23.75516612200005],[90.61164416600008,23.75330713200003],[90.61689972700003,23.748525655000037],[90.62335526000004,23.747267409000074],[90.63042158300004,23.740551467000046],[90.64143216700006,23.73938899600006],[90.64194866600008,23.73003222400007],[90.64412562800004,23.72931018500003],[90.64892867500004,23.731899308000038],[90.64992950100003,23.730556068000055],[90.64795761700003,23.72723651000007],[90.64956422000006,23.72502419800003],[90.65764617600007,23.726205453000034],[90.65715152400008,23.723916743000075],[90.65180278100007,23.72006734400003],[90.65612394500005,23.721237388000077],[90.66064813800006,23.717903849000038],[90.65898375500007,23.71283310700005],[90.65982859300004,23.710755466000023],[90.66577339400004,23.70523329100007],[90.67175604100004,23.703609854000035],[90.67291305800006,23.70172837000007],[90.67250116700006,23.69635990000006],[90.66308814400008,23.68156605400003],[90.66448234600006,23.673266711000053],[90.66800585200008,23.677688687000057],[90.67561648600008,23.68013279200005],[90.68139934000004,23.677931242000056],[90.69725617300008,23.666369346000067],[90.70795255600007,23.662543096000036],[90.72186300500005,23.661784573000034],[90.73021916400006,23.664495186000067],[90.73323046700006,23.66794314200007],[90.73844490000005,23.680911811000044],[90.74114421900003,23.69262047600006],[90.74098647800008,23.69779894100003],[90.73863259000007,23.702729352000063],[90.73017290100006,23.710859527000025],[90.72486515300005,23.718370486000026],[90.72181911200005,23.730730614000038],[90.72308404700004,23.745273289000068],[90.73461306300004,23.76283612700007]]]}},{"type":"Feature","id":"narayanganj-bandar","properties":{"canonical_id":"narayanganj-bandar","name_en":"Bandar","name_bn":"বন্দর","district_id":"narayanganj","division_id":"dhaka","pcode":"BD-C-40-401","parent_pcode":"BD3067","source_name":"Bandar","match_method":"exact_name_or_alias","boundary_reference_year":"2020","boundary_source":"geoBoundaries gbOpen BGD ADM3 / BBS, OCHA ROAP","source_dataset_updated":"2026-08-09"},"geometry":{"type":"Polygon","coordinates":[[[90.54168685900004,23.562852856000063],[90.54804302600007,23.57551120000005],[90.54192949400004,23.58258200100005],[90.54252804600009,23.596170538000024],[90.55054993200008,23.609133929000052],[90.55058751300004,23.620036623000033],[90.55845933300003,23.63146227900006],[90.56060989400004,23.649843541000052],[90.56532882400006,23.65630438200003],[90.56973235500004,23.67105631800007],[90.56996693900004,23.679638531000023],[90.57493842600007,23.69148593700004],[90.57357235900008,23.691846089000023],[90.57155523700004,23.687554116000058],[90.56889098200008,23.69529963100007],[90.56597095400008,23.693702562000055],[90.56049536000006,23.695420013000046],[90.55636294300007,23.695000795000055],[90.55494587200008,23.69665881700007],[90.55521835100006,23.69962612000006],[90.55113931900007,23.701145161000056],[90.55570459600006,23.70413607100005],[90.55612532100008,23.708656979000068],[90.55149656700007,23.70825353500004],[90.55009362100003,23.709672668000053],[90.54951116500007,23.70791454400006],[90.54829924700005,23.70810231400003],[90.54933051700004,23.711919370000032],[90.54642354500004,23.70981155900006],[90.54456192000004,23.703992206000066],[90.54037227800006,23.701493049000078],[90.53782340400005,23.70275235300005],[90.53592074800008,23.70162989800008],[90.53260109500008,23.689869246000058],[90.52876986600006,23.689589385000033],[90.52489879000007,23.686391512000057],[90.52929463600003,23.677578923000056],[90.52900016500007,23.673861935000048],[90.52681894400007,23.669483530000036],[90.51955672200006,23.663186429000064],[90.51517102600008,23.630662520000044],[90.50850756500006,23.62020391300007],[90.50622648300003,23.611261786000057],[90.50636250900004,23.601536073000034],[90.50973850900004,23.590267033000032],[90.51831715700007,23.57307840200008],[90.52306644900005,23.571891640000047],[90.52624621200005,23.568472229000065],[90.54168685900004,23.562852856000063]]]}},{"type":"Feature","id":"narayanganj-narayanganj-sadar","properties":{"canonical_id":"narayanganj-narayanganj-sadar","name_en":"Narayanganj Sadar","name_bn":"নারায়নগঞ্জ সদর","district_id":"narayanganj","division_id":"dhaka","pcode":"BD-C-40-402","parent_pcode":"BD3067","source_name":"Narayanganj Sadar","match_method":"exact_name_or_alias","boundary_reference_year":"2020","boundary_source":"geoBoundaries gbOpen BGD ADM3 / BBS, OCHA ROAP","source_dataset_updated":"2026-08-09"},"geometry":{"type":"Polygon","coordinates":[[[90.52489879000007,23.686391512000057],[90.51252492200007,23.709168274000035],[90.50466051200004,23.70574488500006],[90.49902132800008,23.70524695900008],[90.49779243200004,23.701494041000046],[90.49146796700006,23.700912002000052],[90.48868923200007,23.69905669900004],[90.48871088900006,23.69563645900007],[90.48571925900006,23.69599744800007],[90.47973127900008,23.693664480000052],[90.47780962100006,23.691102802000046],[90.47409816800007,23.690221921000045],[90.47008592900005,23.68514828600007],[90.46827575700007,23.685224296000058],[90.46481572300007,23.68274774300005],[90.46192739200006,23.683527456000036],[90.45834769300006,23.68034605300005],[90.45860381100005,23.679025465000052],[90.45575867200006,23.677121928000076],[90.45386328700005,23.677556437000078],[90.45262215200006,23.672810471000048],[90.44896385600003,23.668106478000027],[90.44839999200008,23.665324671000064],[90.47197868200004,23.638766668000073],[90.47268829200004,23.632455252000057],[90.46994856500004,23.629157081000074],[90.45320863900008,23.623805384000036],[90.45049382800005,23.624732357000028],[90.44673251400008,23.623869890000037],[90.43678797200005,23.616032475000054],[90.43353181000003,23.61031999100004],[90.43019340800004,23.608605170000033],[90.43978492600007,23.59740773900006],[90.44172869100004,23.587535175000028],[90.43975171800008,23.578251812000076],[90.42899267800004,23.567354023000064],[90.43071562900008,23.562885978000054],[90.43728144200009,23.55621563400007],[90.44630413000004,23.55103007300005],[90.45399357400004,23.550640868000073],[90.46143563100009,23.554128168000034],[90.47158351400003,23.56357920800008],[90.47649917700005,23.567230916000028],[90.48582612500007,23.570732684000063],[90.50187023100005,23.57365570500008],[90.51831715700007,23.57307840200008],[90.50973850900004,23.590267033000032],[90.50636250900004,23.601536073000034],[90.50622648300003,23.611261786000057],[90.50850756500006,23.62020391300007],[90.51517102600008,23.630662520000044],[90.51955672200006,23.663186429000064],[90.52681894400007,23.669483530000036],[90.52900016500007,23.673861935000048],[90.52929463600003,23.677578923000056],[90.52489879000007,23.686391512000057]]]}},{"type":"Feature","id":"narayanganj-rupganj","properties":{"canonical_id":"narayanganj-rupganj","name_en":"Rupganj","name_bn":"রূপগঞ্জ","district_id":"narayanganj","division_id":"dhaka","pcode":"BD-C-40-403","parent_pcode":"BD3067","source_name":"Rupganj","match_method":"exact_name_or_alias","boundary_reference_year":"2020","boundary_source":"geoBoundaries gbOpen BGD ADM3 / BBS, OCHA ROAP","source_dataset_updated":"2026-08-09"},"geometry":{"type":"Polygon","coordinates":[[[90.60765218900008,23.83431741000004],[90.60742419100006,23.83780643500006],[90.59851682700008,23.844333753000058],[90.59985374200005,23.846779105000053],[90.59577561500004,23.853535779000026],[90.59819437100003,23.85618074100006],[90.59795883100008,23.858488253000075],[90.60776135800006,23.85826077400003],[90.60954446100004,23.872167792000027],[90.61300832200004,23.871872348000068],[90.61109753200003,23.875044588000037],[90.61268929300007,23.879735548000042],[90.61071731900006,23.885201063000068],[90.60702551300005,23.88329859600003],[90.60493890600009,23.88556259300003],[90.60459498000006,23.889234387000045],[90.60307190900005,23.889790196000035],[90.59982210000004,23.888283803000036],[90.59935846000008,23.881994708000036],[90.59453204600004,23.881622786000037],[90.59213914200006,23.88245676100007],[90.59259424500004,23.884386767000024],[90.58902887200009,23.88851743200007],[90.57989821500007,23.88972968400003],[90.57066787000008,23.894989313000053],[90.56258835900007,23.89465044600007],[90.56228476600006,23.891884881000067],[90.55755753100004,23.89323207500007],[90.55565886500005,23.890291060000038],[90.55403534600003,23.890237076000062],[90.55421467400004,23.88607032500005],[90.55077850100008,23.886796770000046],[90.54937413800008,23.88527365300007],[90.54909594800006,23.887145444000055],[90.54306957500006,23.88833142200008],[90.54331020900008,23.88655969200005],[90.53793623400009,23.888589935000027],[90.53450333800004,23.887015613000074],[90.53295285900003,23.892041217000042],[90.53139461200004,23.890835724000056],[90.53025443000007,23.89337997100006],[90.52762348800007,23.894114982000076],[90.52725714200005,23.896889130000034],[90.52567645600004,23.896514059000026],[90.52725980700006,23.89300300600007],[90.52659870500008,23.890611164000063],[90.52209776000007,23.892131499000072],[90.51864839000007,23.890713814000037],[90.51697884900005,23.887884437000025],[90.52086424700008,23.883221986000024],[90.52017955000008,23.876419629000054],[90.51187190800005,23.874576107000053],[90.50526144400004,23.874842381000065],[90.50581928000008,23.870371267000053],[90.50227217700007,23.857900823000023],[90.49137609700006,23.85338312400006],[90.490575,23.851234292000072],[90.48755120000004,23.85048179100005],[90.48755494300008,23.848693380000043],[90.48318383000009,23.846895604000053],[90.47395308800003,23.849283971000034],[90.47126942300008,23.84730829600005],[90.47175488400006,23.842493197000067],[90.47724506400004,23.83497701700003],[90.48046479000004,23.832214754000063],[90.48393931300006,23.83158104900008],[90.48426506700008,23.82813759800007],[90.48660886400006,23.826101793000078],[90.48576851600006,23.821326077000037],[90.48778643200006,23.81763863900005],[90.48538008700007,23.817063807000068],[90.48360270800003,23.811176369000066],[90.48419137900004,23.807856968000067],[90.48182743300003,23.80285471800005],[90.48107039400008,23.793490640000073],[90.47198000600008,23.785326643000076],[90.47161984300004,23.781801361000078],[90.47889314800005,23.777578910000045],[90.48243510900005,23.773362720000023],[90.48247314500009,23.761808548000033],[90.48298523700004,23.758831154000063],[90.48732214000006,23.755998325000064],[90.48570947800005,23.74919752200003],[90.49245673800004,23.74332153100005],[90.48993043400009,23.735987545000057],[90.49752688900008,23.730619757000056],[90.50047442300007,23.72596984200004],[90.49927877700009,23.722503940000024],[90.50185239400008,23.71805002900004],[90.50804217200005,23.714692841000044],[90.51279451900007,23.709568966000063],[90.51634049700004,23.711734896000053],[90.51966314300006,23.716730571000028],[90.52444016700008,23.717359142000078],[90.52403400600008,23.72112986700006],[90.52649513100005,23.72706089600007],[90.53087470900005,23.728473047000023],[90.52869794800006,23.732444040000075],[90.52937998300007,23.73475682800006],[90.53691114400004,23.73958916400005],[90.54920545700008,23.738709354000036],[90.55486736700004,23.74331145700006],[90.56489287100004,23.744289029000072],[90.56505335600008,23.746092657000077],[90.56124872700008,23.747837910000044],[90.56674975700008,23.755040333000068],[90.56663134200005,23.760838969000076],[90.56863709600003,23.760585469000034],[90.56984842300005,23.76311627000007],[90.57791791200003,23.76552840900007],[90.58077301000009,23.762878569000065],[90.58134348500005,23.769104209000034],[90.58706268800006,23.774446639000075],[90.58779456000008,23.777330805000076],[90.59480791000004,23.782082596000066],[90.58782683000004,23.78641886500003],[90.58756200300007,23.793966349000073],[90.59166937200007,23.800337039000055],[90.58690228100005,23.80716501300003],[90.59243769000005,23.80930482200006],[90.59439747900007,23.81187768600006],[90.59438832800004,23.814584574000037],[90.59163040800007,23.813540663000026],[90.59294426600007,23.816414647000045],[90.59115764600006,23.81848819700008],[90.59388708700004,23.81931883900006],[90.58989831800005,23.824281561000078],[90.60035943000008,23.83384244100006],[90.60765218900008,23.83431741000004]]]}},{"type":"Feature","id":"narayanganj-sonargaon","properties":{"canonical_id":"narayanganj-sonargaon","name_en":"Sonargaon","name_bn":"সোনারগাঁ","district_id":"narayanganj","division_id":"dhaka","pcode":"BD-C-40-404","parent_pcode":"BD3067","source_name":"Sonargaon","match_method":"exact_name_or_alias","boundary_reference_year":"2020","boundary_source":"geoBoundaries gbOpen BGD ADM3 / BBS, OCHA ROAP","source_dataset_updated":"2026-08-09"},"geometry":{"type":"Polygon","coordinates":[[[90.58077301000009,23.762878569000065],[90.57791791200003,23.76552840900007],[90.56984842300005,23.76311627000007],[90.56863709600003,23.760585469000034],[90.56663134200005,23.760838969000076],[90.56674975700008,23.755040333000068],[90.56124872700008,23.747837910000044],[90.56505335600008,23.746092657000077],[90.56489287100004,23.744289029000072],[90.55486736700004,23.74331145700006],[90.54920545700008,23.738709354000036],[90.53691114400004,23.73958916400005],[90.52937998300007,23.73475682800006],[90.52869794800006,23.732444040000075],[90.53087470900005,23.728473047000023],[90.52649513100005,23.72706089600007],[90.52403400600008,23.72112986700006],[90.52444016700008,23.717359142000078],[90.51966314300006,23.716730571000028],[90.51634049700004,23.711734896000053],[90.51279451900007,23.709568966000063],[90.51252492200007,23.709168274000035],[90.52489879000007,23.686391512000057],[90.52876986600006,23.689589385000033],[90.53260109500008,23.689869246000058],[90.53592074800008,23.70162989800008],[90.53782340400005,23.70275235300005],[90.54037227800006,23.701493049000078],[90.54456192000004,23.703992206000066],[90.54642354500004,23.70981155900006],[90.54933051700004,23.711919370000032],[90.54829924700005,23.70810231400003],[90.54951116500007,23.70791454400006],[90.55009362100003,23.709672668000053],[90.55149656700007,23.70825353500004],[90.55612532100008,23.708656979000068],[90.55570459600006,23.70413607100005],[90.55113931900007,23.701145161000056],[90.55521835100006,23.69962612000006],[90.55494587200008,23.69665881700007],[90.55636294300007,23.695000795000055],[90.56049536000006,23.695420013000046],[90.56597095400008,23.693702562000055],[90.56889098200008,23.69529963100007],[90.57155523700004,23.687554116000058],[90.57357235900008,23.691846089000023],[90.57493842600007,23.69148593700004],[90.56996693900004,23.679638531000023],[90.56973235500004,23.67105631800007],[90.56532882400006,23.65630438200003],[90.56060989400004,23.649843541000052],[90.55845933300003,23.63146227900006],[90.55058751300004,23.620036623000033],[90.55054993200008,23.609133929000052],[90.54252804600009,23.596170538000024],[90.54192949400004,23.58258200100005],[90.54804302600007,23.57551120000005],[90.54168685900004,23.562852856000063],[90.55175283700004,23.554401908000045],[90.56492294300006,23.534392593000064],[90.57633940700003,23.534056044000067],[90.57961362100008,23.537903622000044],[90.57496032000006,23.54949840100005],[90.55934658500007,23.573837731000026],[90.55792226000005,23.58086171700006],[90.56078748600004,23.58978403200007],[90.56452551200005,23.59314245400003],[90.57347605700005,23.597328985000047],[90.58464862700004,23.599070122000057],[90.59959180000004,23.598479101000066],[90.60834046900004,23.600289963000023],[90.61519445600004,23.604170072000045],[90.62414341100003,23.612967534000063],[90.62692201500005,23.614049828000077],[90.62995024400004,23.620819235000056],[90.63798727100004,23.649114293000025],[90.63787067700008,23.66917230100006],[90.63970671800007,23.674161887000025],[90.64363994600006,23.675048266000033],[90.65757722500007,23.67169293200004],[90.66448234600006,23.673266711000053],[90.66308814400008,23.68156605400003],[90.67250116700006,23.69635990000006],[90.67291305800006,23.70172837000007],[90.67175604100004,23.703609854000035],[90.66577339400004,23.70523329100007],[90.65982859300004,23.710755466000023],[90.65898375500007,23.71283310700005],[90.66064813800006,23.717903849000038],[90.65612394500005,23.721237388000077],[90.65180278100007,23.72006734400003],[90.65715152400008,23.723916743000075],[90.65764617600007,23.726205453000034],[90.64956422000006,23.72502419800003],[90.64795761700003,23.72723651000007],[90.64992950100003,23.730556068000055],[90.64892867500004,23.731899308000038],[90.64412562800004,23.72931018500003],[90.64194866600008,23.73003222400007],[90.64143216700006,23.73938899600006],[90.63042158300004,23.740551467000046],[90.62335526000004,23.747267409000074],[90.61689972700003,23.748525655000037],[90.61164416600008,23.75330713200003],[90.60676781800004,23.75516612200005],[90.60499318800004,23.759211651000044],[90.59950718800008,23.765024436000033],[90.59493161800003,23.764099943000076],[90.58993307800006,23.76498452100003],[90.58451864600005,23.760797170000046],[90.58106432500006,23.76149101200008],[90.58077301000009,23.762878569000065]]]}},{"type":"Feature","id":"narsingdi-belabo","properties":{"canonical_id":"narsingdi-belabo","name_en":"Belabo","name_bn":"বেলাবো","district_id":"narsingdi","division_id":"dhaka","pcode":"BD-C-42-383","parent_pcode":"BD3068","source_name":"Belabo","match_method":"exact_name_or_alias","boundary_reference_year":"2020","boundary_source":"geoBoundaries gbOpen BGD ADM3 / BBS, OCHA ROAP","source_dataset_updated":"2026-08-09"},"geometry":{"type":"Polygon","coordinates":[[[90.82046138500004,24.17099257800004],[90.81933410900007,24.17357770600006],[90.81196913800005,24.17657605900007],[90.80721472200008,24.18801040200003],[90.80407295900005,24.184704526000075],[90.80748711400008,24.182991938000043],[90.80679787700007,24.179065733000073],[90.80288063300009,24.174802064000062],[90.80432335700004,24.173506900000064],[90.80348828300004,24.17210802200003],[90.79988491800003,24.171165666000036],[90.79778213600008,24.168821697000055],[90.80340620500004,24.16744760200004],[90.78683998000008,24.163831569000024],[90.78320344700006,24.167380510000044],[90.78192800300008,24.164849737000054],[90.78395965000004,24.163560774000075],[90.78377991600007,24.158405216000062],[90.78031881300006,24.15770550800005],[90.78066663400006,24.161691184000063],[90.77820672900003,24.163377422000053],[90.77121749000008,24.157299071000068],[90.76872307100007,24.15723489000004],[90.76759163700007,24.151250353000023],[90.76577221200006,24.15005546200007],[90.77000552400006,24.149597822000032],[90.77137087900007,24.14698360600005],[90.77538653800008,24.144831227000054],[90.77486694600003,24.138844194000058],[90.77782218400006,24.134712996000076],[90.77724632500008,24.12970449200003],[90.78092685100006,24.121488362000036],[90.77749678300006,24.117003011000065],[90.77800748500005,24.11500836500005],[90.78242354400004,24.111627163000037],[90.78821493900006,24.114354311000056],[90.79342858400008,24.108919060000062],[90.79318846700005,24.106777545000057],[90.78896317700008,24.103080067000064],[90.79207785400007,24.099579427000037],[90.79354041200008,24.09612908400004],[90.79604162900006,24.09449941200006],[90.81473192400006,24.09719059400004],[90.81892864700006,24.094764627000075],[90.81929832100008,24.088110848000042],[90.81815702500006,24.087417007000056],[90.81623947200006,24.089585817000057],[90.81557394600009,24.08848073400003],[90.81989177200006,24.07575350700006],[90.81949859600007,24.066028518000053],[90.82481332000003,24.058447802000046],[90.82926356200005,24.055041396000036],[90.83390981100007,24.053657454000074],[90.83445505700007,24.052517059000024],[90.83243009000006,24.05144428400007],[90.83420944100004,24.052082055000028],[90.83672268500004,24.04938932500005],[90.84194765200004,24.049416561000044],[90.84634303700005,24.044510158000037],[90.862229,24.039656212000068],[90.86391543300005,24.04202766900005],[90.86031756400007,24.045941122000045],[90.86128849700003,24.046827535000034],[90.86940215500005,24.040902661000075],[90.86860200300003,24.03186880800007],[90.87151981900007,24.029002757000057],[90.88644678600008,24.036445508000043],[90.88934186900008,24.044337003000066],[90.89914625900008,24.047792454000046],[90.90558018500008,24.054394409000054],[90.90769978600008,24.05345047800006],[90.90823473100005,24.048930407000057],[90.910348,24.051288069000066],[90.91440082900004,24.050105620000068],[90.91201116300005,24.04578248000007],[90.91366350600003,24.044413383000062],[90.91281598900008,24.042251432000057],[90.91358631200006,24.041234177000035],[90.91457283200003,24.042106604000026],[90.91542286200007,24.046440050000058],[90.91635293800005,24.04220942200004],[90.91963160900008,24.05052134700003],[90.92815502900004,24.05278648700005],[90.92938756600006,24.060993720000056],[90.94063164700003,24.054517752000038],[90.95125383400006,24.059726478000073],[90.95701293300004,24.059452368000052],[90.96145117400005,24.05252057900003],[90.96507514400008,24.05052101700005],[90.96809689000008,24.05724390000006],[90.96729367300009,24.06153495600006],[90.95358240800005,24.06704890700007],[90.94942107800006,24.077895584000032],[90.94436662000004,24.084253965000073],[90.93720299100005,24.083638175000033],[90.92341066900008,24.075347640000075],[90.91261278600007,24.07488240500004],[90.90649644600006,24.07806682100005],[90.89642616300006,24.087749822000035],[90.89416363300006,24.094239231000074],[90.87119291800008,24.10411068700006],[90.85716143500008,24.105435254000042],[90.85212251800004,24.109424340000032],[90.84603336100008,24.111613333000037],[90.84577781000007,24.116335435000053],[90.84869719800008,24.120622782000055],[90.86396884000004,24.12512518500006],[90.86866608000008,24.128977577000057],[90.87054887300008,24.13153688600005],[90.87099362500004,24.139990092000062],[90.86486292800004,24.143754960000024],[90.85321931500005,24.140908386000035],[90.84503583200006,24.142598209000028],[90.83758042900007,24.14966584000007],[90.82515146300005,24.157097084000043],[90.82102877000005,24.165141035000033],[90.82046138500004,24.17099257800004]]]}},{"type":"Feature","id":"narsingdi-monohardi","properties":{"canonical_id":"narsingdi-monohardi","name_en":"Monohardi","name_bn":"মনোহরদী","district_id":"narsingdi","division_id":"dhaka","pcode":"BD-C-42-384","parent_pcode":"BD3068","source_name":"Monohardi","match_method":"exact_name_or_alias","boundary_reference_year":"2020","boundary_source":"geoBoundaries gbOpen BGD ADM3 / BBS, OCHA ROAP","source_dataset_updated":"2026-08-09"},"geometry":{"type":"Polygon","coordinates":[[[90.80407295900005,24.184704526000075],[90.79291368000008,24.18725568700006],[90.79114788100009,24.190387526000052],[90.78614903100004,24.193052864000038],[90.78613852900008,24.19856668700004],[90.79041133200008,24.203071650000027],[90.79232046400006,24.21124995300005],[90.79109513100008,24.21454718700005],[90.79340070700005,24.219317388000036],[90.78330509700004,24.22663269700007],[90.78135828400008,24.231998399000076],[90.78320178600006,24.23711205400008],[90.78154532000008,24.242667615000073],[90.77059842100005,24.250524985000027],[90.75178655100007,24.251571933000037],[90.73307785300005,24.238455676000058],[90.72223527500006,24.235280975000023],[90.71853815800006,24.238144557000055],[90.71252355600006,24.236446100000023],[90.70793311500006,24.236781370000074],[90.69422984100004,24.24219008800003],[90.68295030000007,24.24434832000003],[90.68538703300004,24.239305046000027],[90.68535328700005,24.235647380000046],[90.67264925200004,24.22261489600004],[90.67168941300008,24.204843064000045],[90.68633736200007,24.189527200000043],[90.68797468700006,24.182612257000073],[90.68456018100005,24.166802352000047],[90.68641402100008,24.157376743000043],[90.68499631000003,24.15005780200005],[90.68658311800004,24.145617209000022],[90.69530001100009,24.139958311000044],[90.69346106100005,24.13567659200004],[90.68662770000003,24.131965499000046],[90.68428991000007,24.126215977000072],[90.67676922700008,24.118790352000076],[90.67630250600007,24.115529683000034],[90.68453644700008,24.112784602000033],[90.69552863800004,24.116488230000073],[90.70072851300006,24.112971995000066],[90.702961,24.106560468000055],[90.69972234400007,24.10131036300004],[90.68056068900006,24.10142171900003],[90.67020645200006,24.09862470300004],[90.66813273400004,24.099659459000065],[90.65662911300006,24.092303755000046],[90.64826936500003,24.095942578000063],[90.64467668900005,24.100427414000023],[90.64284693500008,24.10726659200003],[90.64054782300008,24.10695222700008],[90.63884421200004,24.09824756100005],[90.64095447900007,24.089311287000044],[90.64106040000007,24.076237755000022],[90.63711473000006,24.07393304200008],[90.64556954200003,24.069850744000064],[90.65023535600005,24.07085045900004],[90.65451260500004,24.073773793000043],[90.66113775600007,24.073995939000042],[90.66578427800005,24.07573361200008],[90.67014081600007,24.072402155000077],[90.67568524500007,24.078405963000023],[90.68485222800007,24.079062339000075],[90.68931415400004,24.082521807000035],[90.69108132300005,24.07783421700003],[90.70056403100006,24.08001629300003],[90.71743386100007,24.06794442900008],[90.72629971800006,24.063593868000055],[90.72808385800005,24.07254436200003],[90.72379633300005,24.085705954000048],[90.73070870000004,24.085606472000052],[90.73111572300007,24.082459776000064],[90.73294621800005,24.081069719000027],[90.74351157700005,24.07934841200006],[90.74520946700005,24.08047024800004],[90.74487265100004,24.08315036700003],[90.73519093800007,24.085261539000044],[90.73432620700004,24.091802994000034],[90.73728219600008,24.098391540000023],[90.73329355800007,24.099538565000046],[90.72997140100006,24.105995232000055],[90.73843234800006,24.105190838000055],[90.73872200700004,24.100797758000056],[90.74109179900006,24.09991302900005],[90.74016156200008,24.096729332000052],[90.74299475600009,24.093151438000064],[90.74795551600005,24.091202360000068],[90.75724638200006,24.09034659400004],[90.75665965300004,24.084355252000023],[90.76258647200007,24.07981954400003],[90.76880189000008,24.081480183000053],[90.77002488700003,24.085404520000054],[90.77525461200008,24.087096944000052],[90.77755126300008,24.090989799000056],[90.78189836600006,24.09339884700006],[90.78189974500003,24.096260191000056],[90.77971232700008,24.09785586000004],[90.79207785400007,24.099579427000037],[90.78896317700008,24.103080067000064],[90.79318846700005,24.106777545000057],[90.79342858400008,24.108919060000062],[90.78821493900006,24.114354311000056],[90.78242354400004,24.111627163000037],[90.77800748500005,24.11500836500005],[90.77749678300006,24.117003011000065],[90.78092685100006,24.121488362000036],[90.77724632500008,24.12970449200003],[90.77782218400006,24.134712996000076],[90.77486694600003,24.138844194000058],[90.77538653800008,24.144831227000054],[90.77137087900007,24.14698360600005],[90.77000552400006,24.149597822000032],[90.76577221200006,24.15005546200007],[90.76759163700007,24.151250353000023],[90.76872307100007,24.15723489000004],[90.77121749000008,24.157299071000068],[90.77820672900003,24.163377422000053],[90.78066663400006,24.161691184000063],[90.78031881300006,24.15770550800005],[90.78377991600007,24.158405216000062],[90.78395965000004,24.163560774000075],[90.78192800300008,24.164849737000054],[90.78320344700006,24.167380510000044],[90.78683998000008,24.163831569000024],[90.80340620500004,24.16744760200004],[90.79778213600008,24.168821697000055],[90.79988491800003,24.171165666000036],[90.80348828300004,24.17210802200003],[90.80432335700004,24.173506900000064],[90.80288063300009,24.174802064000062],[90.80679787700007,24.179065733000073],[90.80748711400008,24.182991938000043],[90.80407295900005,24.184704526000075]]]}},{"type":"Feature","id":"narsingdi-narsingdi-sadar","properties":{"canonical_id":"narsingdi-narsingdi-sadar","name_en":"Narsingdi Sadar","name_bn":"নরসিংদী সদর","district_id":"narsingdi","division_id":"dhaka","pcode":"BD-C-42-385","parent_pcode":"BD3068","source_name":"Narsingdi Sadar","match_method":"exact_name_or_alias","boundary_reference_year":"2020","boundary_source":"geoBoundaries gbOpen BGD ADM3 / BBS, OCHA ROAP","source_dataset_updated":"2026-08-09"},"geometry":{"type":"Polygon","coordinates":[[[90.73461306300004,23.76283612700007],[90.74074626700008,23.77158154800003],[90.75371254800007,23.784795424000038],[90.75486497700007,23.787837556000056],[90.75894911400007,23.790755774000047],[90.76665659400004,23.80464284800007],[90.76785256300008,23.821368174000042],[90.75949779700005,23.84847512400006],[90.76048509500004,23.855696416000058],[90.76420905700007,23.862324396000076],[90.76821041600004,23.864818763000073],[90.77795620400008,23.865892055000074],[90.82862269400005,23.86420690600005],[90.83251558000006,23.86307611700005],[90.83590725200008,23.865152008000052],[90.84129153900005,23.87094146000004],[90.84021443700004,23.87600969600004],[90.83218707400005,23.873237620000054],[90.82182727100007,23.882101048000038],[90.81328429000007,23.89995841700005],[90.81558850800008,23.908858965000036],[90.81500821200007,23.910907192000025],[90.81236261000004,23.91192767900003],[90.79910378300008,23.913521287000037],[90.79402759600003,23.911425661000067],[90.78271055000005,23.90146222800007],[90.77710622600006,23.889772290000053],[90.77272348500009,23.884726315000023],[90.75651413300005,23.884351870000046],[90.74804569600008,23.888054604000047],[90.74241156600004,23.89749603200005],[90.74128494900003,23.91171213000007],[90.74916028000007,23.917301989000066],[90.75175573000007,23.924483251000026],[90.75182499800007,23.92934095800007],[90.75436125900006,23.93345385600003],[90.76146089000008,23.936625724000066],[90.76527815500003,23.93584356200006],[90.76660063200006,23.942014217000064],[90.76326510000007,23.944114935000073],[90.74213991800008,23.93765055700004],[90.74050445300009,23.934321152000052],[90.73310836000007,23.935635767000065],[90.73880662400006,23.939010121000024],[90.74211024700008,23.945564354000055],[90.74299076700004,23.954208150000056],[90.74184423600008,23.956507232000035],[90.73966683800006,23.956958608000036],[90.73636437100004,23.954535300000032],[90.73272321500008,23.943129030000023],[90.72763371600007,23.93802929000003],[90.69909239300006,23.934748857000045],[90.69495056900007,23.936012369000025],[90.69004250900008,23.936296983000034],[90.68716807800007,23.92895555800004],[90.67565497600003,23.92067230500004],[90.67379949000008,23.921200356000043],[90.67118582900008,23.926765927000076],[90.66744821200007,23.921008475000065],[90.66406585200008,23.924139179000065],[90.66317695200007,23.920113032000074],[90.66079941100008,23.919305869000027],[90.66088394700006,23.916126788000042],[90.65910580400003,23.91446970000004],[90.65525743900008,23.917014563000066],[90.65370402400004,23.920223606000036],[90.64753814900007,23.920502601000067],[90.64624663600006,23.919867889000045],[90.64586429400003,23.915344429000072],[90.62542680400009,23.914791035000064],[90.62537760500004,23.907119592000072],[90.62052161300005,23.906033394000076],[90.61989669100006,23.906966786000055],[90.61928662200006,23.905477251000036],[90.61474266800008,23.904783073000033],[90.61436570700005,23.90076471900005],[90.61581899000004,23.898421280000036],[90.60942897400008,23.896530788000064],[90.61178527700008,23.892193347000045],[90.61080930500003,23.88962532200003],[90.61276091500008,23.88764460300007],[90.61071731900006,23.885201063000068],[90.61268929300007,23.879735548000042],[90.61109753200003,23.875044588000037],[90.61300832200004,23.871872348000068],[90.60954446100004,23.872167792000027],[90.60776135800006,23.85826077400003],[90.59795883100008,23.858488253000075],[90.59819437100003,23.85618074100006],[90.59577561500004,23.853535779000026],[90.59985374200005,23.846779105000053],[90.59851682700008,23.844333753000058],[90.60742419100006,23.83780643500006],[90.60765218900008,23.83431741000004],[90.61054967600006,23.832542986000078],[90.61611224200004,23.838173882000035],[90.61927013300004,23.837223571000038],[90.62159537900004,23.84506544000004],[90.61890053000008,23.84805013500005],[90.61852682800009,23.851427414000057],[90.62190342200006,23.853029449000076],[90.62107839100008,23.855193162000035],[90.62464859900007,23.86207252500003],[90.63389135400007,23.868495565000046],[90.64181151600008,23.867323575000057],[90.64512388500003,23.869575105000024],[90.64548282900006,23.863351591000026],[90.65121469400003,23.86213070100007],[90.65133233500006,23.856564152000033],[90.65430699500007,23.85539317300004],[90.64593741400006,23.85129177600004],[90.64659207900007,23.847907620000058],[90.65617336900004,23.842445003000023],[90.65533952600003,23.84114171300007],[90.66088704500004,23.843234364000068],[90.66270752300005,23.841579309000053],[90.65892906000005,23.835298413000032],[90.65556347700004,23.838201360000028],[90.64377649700003,23.835783572000025],[90.63653473700003,23.82429084000006],[90.63910476200004,23.81654695800006],[90.64617610800008,23.808538115000033],[90.64819407400006,23.800990585000022],[90.65541452200006,23.79742115600004],[90.65719394400008,23.799910425000064],[90.65997383000007,23.79882429500003],[90.66004517800008,23.800195753000025],[90.66367637400003,23.80232532200006],[90.66623207800006,23.798906353000064],[90.66404803900008,23.795539421000058],[90.67001620700006,23.794236701000045],[90.67278162800005,23.795986510000034],[90.67754123600008,23.79635802100006],[90.68321954900006,23.794317121000063],[90.68423875600007,23.79716733400005],[90.68955771000003,23.798888558000044],[90.68706104700004,23.803616737000027],[90.68754645100006,23.808763464000037],[90.68483974400004,23.81127910200007],[90.68472818300006,23.814341495000065],[90.68003646500006,23.817944064000073],[90.68018453900004,23.820336363000024],[90.67841895700008,23.81970398800007],[90.68016361800005,23.824210679000032],[90.67646246800007,23.827931833000036],[90.67714774900008,23.82884615000006],[90.68663061700005,23.820818676000044],[90.69675685300007,23.820315436000044],[90.70220160800005,23.81521751300005],[90.70861783600003,23.813175133000072],[90.71370316600007,23.80846289300007],[90.71601824900006,23.80446053600008],[90.71460880800004,23.799274168000068],[90.72327468100008,23.797398015000056],[90.72630379000003,23.793360548000067],[90.73151261200007,23.793973839000046],[90.73124956300006,23.79246333800006],[90.73398964200004,23.791750343000047],[90.73443294800006,23.789197794000074],[90.74115467100006,23.787472146000027],[90.73204463500008,23.772853101000067],[90.73220805700004,23.765885730000036],[90.73461306300004,23.76283612700007]]]}},{"type":"Feature","id":"narsingdi-palash","properties":{"canonical_id":"narsingdi-palash","name_en":"Palash","name_bn":"পলাশ","district_id":"narsingdi","division_id":"dhaka","pcode":"BD-C-42-386","parent_pcode":"BD3068","source_name":"Palash","match_method":"exact_name_or_alias","boundary_reference_year":"2020","boundary_source":"geoBoundaries gbOpen BGD ADM3 / BBS, OCHA ROAP","source_dataset_updated":"2026-08-09"},"geometry":{"type":"Polygon","coordinates":[[[90.57066787000008,23.894989313000053],[90.57989821500007,23.88972968400003],[90.58902887200009,23.88851743200007],[90.59259424500004,23.884386767000024],[90.59213914200006,23.88245676100007],[90.59453204600004,23.881622786000037],[90.59935846000008,23.881994708000036],[90.59982210000004,23.888283803000036],[90.60307190900005,23.889790196000035],[90.60459498000006,23.889234387000045],[90.60493890600009,23.88556259300003],[90.60702551300005,23.88329859600003],[90.61071731900006,23.885201063000068],[90.61276091500008,23.88764460300007],[90.61080930500003,23.88962532200003],[90.61178527700008,23.892193347000045],[90.60942897400008,23.896530788000064],[90.61581899000004,23.898421280000036],[90.61436570700005,23.90076471900005],[90.61474266800008,23.904783073000033],[90.61928662200006,23.905477251000036],[90.61989669100006,23.906966786000055],[90.62052161300005,23.906033394000076],[90.62537760500004,23.907119592000072],[90.62542680400009,23.914791035000064],[90.64586429400003,23.915344429000072],[90.64624663600006,23.919867889000045],[90.64753814900007,23.920502601000067],[90.65370402400004,23.920223606000036],[90.65525743900008,23.917014563000066],[90.65910580400003,23.91446970000004],[90.66088394700006,23.916126788000042],[90.66079941100008,23.919305869000027],[90.66317695200007,23.920113032000074],[90.66406585200008,23.924139179000065],[90.66744821200007,23.921008475000065],[90.67118582900008,23.926765927000076],[90.67379949000008,23.921200356000043],[90.67565497600003,23.92067230500004],[90.68716807800007,23.92895555800004],[90.69004250900008,23.936296983000034],[90.69495056900007,23.936012369000025],[90.69598147900007,23.93894196900004],[90.70432263400005,23.942922616000033],[90.70757942300008,23.94670502300005],[90.70864205100008,23.958069094000052],[90.71346511500008,23.96932256100007],[90.71180359700008,23.976068655000063],[90.71277588300006,23.979713038000057],[90.71162609100008,23.989717263000045],[90.71348776700006,23.99284155500004],[90.71963972700007,23.993124412000043],[90.72073204200007,23.994976463000057],[90.71445356900006,23.999618318000046],[90.70894523800007,23.99910761500007],[90.70150980700004,23.99266254500003],[90.70218117300004,23.980275582000047],[90.70011513800006,23.97608404400006],[90.69638142600007,23.97545130000003],[90.69270258500006,23.97760626400003],[90.68294892100005,23.97722435600008],[90.67612897300006,23.985343242000056],[90.67470823000008,23.98823972400004],[90.67534773800008,23.990931819000025],[90.68170535800004,23.99809255100007],[90.69568010600005,24.004772110000033],[90.69523975400006,24.010875159000022],[90.69114818400004,24.01406724700007],[90.68399478600008,24.014941001000068],[90.67962014500006,24.013461729000028],[90.67789913600006,24.010348820000047],[90.67439096600003,24.00835920700007],[90.67018508300004,24.010567896000055],[90.66716700100005,24.014458585000057],[90.66706575600006,24.020682590000035],[90.66281023800008,24.03272875600004],[90.66143729600003,24.034192216000065],[90.65945887200007,24.033601254000075],[90.65753318400004,24.041194086000075],[90.65006313800006,24.04667166200005],[90.64600678400006,24.05182347600004],[90.64880436200008,24.04338881800004],[90.65230165800006,24.03836350200004],[90.65031066100005,24.03686702300007],[90.65208598200007,24.03070421600006],[90.65704330800008,24.02657124700005],[90.65624195200007,24.020773922000046],[90.65797228100007,24.01347320900004],[90.65680656900008,24.011304332000066],[90.64155929300006,24.006128672000045],[90.63884956300006,24.00367764500004],[90.63006499500005,23.97945403500006],[90.61809421000004,23.96841815700003],[90.61693549800003,23.940245606000076],[90.61410190300006,23.928094121000072],[90.60709236000008,23.920757982000055],[90.59537011300006,23.915166088000035],[90.58952262600008,23.91441298600006],[90.57599771600007,23.916594146000023],[90.57036764200006,23.915281763000053],[90.56453580900006,23.91146066500005],[90.56039122900006,23.911095346000025],[90.56258857900008,23.902364497000065],[90.57066787000008,23.894989313000053]]]}},{"type":"Feature","id":"narsingdi-raipura","properties":{"canonical_id":"narsingdi-raipura","name_en":"Raipura","name_bn":"রায়পুরা","district_id":"narsingdi","division_id":"dhaka","pcode":"BD-C-42-387","parent_pcode":"BD3068","source_name":"Raipura","match_method":"exact_name_or_alias","boundary_reference_year":"2020","boundary_source":"geoBoundaries gbOpen BGD ADM3 / BBS, OCHA ROAP","source_dataset_updated":"2026-08-09"},"geometry":{"type":"Polygon","coordinates":[[[90.41756887700006,23.76983476500004],[90.41520743100006,23.770258882000064],[90.41536906800008,23.76765258100005],[90.40901550300003,23.761133404000077],[90.41635169000006,23.75588569300004],[90.41296112300006,23.749940735000052],[90.41600552200003,23.74948579100004],[90.41823806700006,23.752397033000022],[90.42495022300005,23.75068697300003],[90.42932736400007,23.76097201600004],[90.43233812400007,23.760133894000035],[90.43362746600008,23.763233241000023],[90.42369727700003,23.76892149200006],[90.41756887700006,23.76983476500004]]]}},{"type":"Feature","id":"narsingdi-shibpur","properties":{"canonical_id":"narsingdi-shibpur","name_en":"Shibpur","name_bn":"শিবপুর","district_id":"narsingdi","division_id":"dhaka","pcode":"BD-C-42-388","parent_pcode":"BD3068","source_name":"Shibpur","match_method":"exact_name_or_alias","boundary_reference_year":"2020","boundary_source":"geoBoundaries gbOpen BGD ADM3 / BBS, OCHA ROAP","source_dataset_updated":"2026-08-09"},"geometry":{"type":"Polygon","coordinates":[[[90.79207785400007,24.099579427000037],[90.77971232700008,24.09785586000004],[90.78189974500003,24.096260191000056],[90.78189836600006,24.09339884700006],[90.77755126300008,24.090989799000056],[90.77525461200008,24.087096944000052],[90.77002488700003,24.085404520000054],[90.76880189000008,24.081480183000053],[90.76258647200007,24.07981954400003],[90.75665965300004,24.084355252000023],[90.75724638200006,24.09034659400004],[90.74795551600005,24.091202360000068],[90.74299475600009,24.093151438000064],[90.74016156200008,24.096729332000052],[90.74109179900006,24.09991302900005],[90.73872200700004,24.100797758000056],[90.73843234800006,24.105190838000055],[90.72997140100006,24.105995232000055],[90.73329355800007,24.099538565000046],[90.73728219600008,24.098391540000023],[90.73432620700004,24.091802994000034],[90.73519093800007,24.085261539000044],[90.74487265100004,24.08315036700003],[90.74520946700005,24.08047024800004],[90.74351157700005,24.07934841200006],[90.73294621800005,24.081069719000027],[90.73111572300007,24.082459776000064],[90.73070870000004,24.085606472000052],[90.72379633300005,24.085705954000048],[90.72808385800005,24.07254436200003],[90.72629971800006,24.063593868000055],[90.71743386100007,24.06794442900008],[90.70056403100006,24.08001629300003],[90.69108132300005,24.07783421700003],[90.68931415400004,24.082521807000035],[90.68485222800007,24.079062339000075],[90.67568524500007,24.078405963000023],[90.67014081600007,24.072402155000077],[90.66578427800005,24.07573361200008],[90.66113775600007,24.073995939000042],[90.65451260500004,24.073773793000043],[90.65023535600005,24.07085045900004],[90.64556954200003,24.069850744000064],[90.63711473000006,24.07393304200008],[90.63529081000007,24.071486207000078],[90.63607883900005,24.068462889000045],[90.64600678400006,24.05182347600004],[90.65006313800006,24.04667166200005],[90.65753318400004,24.041194086000075],[90.65945887200007,24.033601254000075],[90.66143729600003,24.034192216000065],[90.66281023800008,24.03272875600004],[90.66706575600006,24.020682590000035],[90.66716700100005,24.014458585000057],[90.67018508300004,24.010567896000055],[90.67439096600003,24.00835920700007],[90.67789913600006,24.010348820000047],[90.67962014500006,24.013461729000028],[90.68399478600008,24.014941001000068],[90.69114818400004,24.01406724700007],[90.69523975400006,24.010875159000022],[90.69568010600005,24.004772110000033],[90.68170535800004,23.99809255100007],[90.67534773800008,23.990931819000025],[90.67470823000008,23.98823972400004],[90.67612897300006,23.985343242000056],[90.68294892100005,23.97722435600008],[90.69270258500006,23.97760626400003],[90.69638142600007,23.97545130000003],[90.70011513800006,23.97608404400006],[90.70218117300004,23.980275582000047],[90.70150980700004,23.99266254500003],[90.70894523800007,23.99910761500007],[90.71445356900006,23.999618318000046],[90.72073204200007,23.994976463000057],[90.71963972700007,23.993124412000043],[90.71348776700006,23.99284155500004],[90.71162609100008,23.989717263000045],[90.71277588300006,23.979713038000057],[90.71180359700008,23.976068655000063],[90.71346511500008,23.96932256100007],[90.70864205100008,23.958069094000052],[90.70757942300008,23.94670502300005],[90.70432263400005,23.942922616000033],[90.69598147900007,23.93894196900004],[90.69495056900007,23.936012369000025],[90.69909239300006,23.934748857000045],[90.72763371600007,23.93802929000003],[90.73272321500008,23.943129030000023],[90.73636437100004,23.954535300000032],[90.73966683800006,23.956958608000036],[90.74184423600008,23.956507232000035],[90.74299076700004,23.954208150000056],[90.74211024700008,23.945564354000055],[90.73880662400006,23.939010121000024],[90.73310836000007,23.935635767000065],[90.74050445300009,23.934321152000052],[90.74213991800008,23.93765055700004],[90.76326510000007,23.944114935000073],[90.76256928000004,23.95425893500004],[90.77211129500006,23.962486127000034],[90.77265303000007,23.96587768300003],[90.77622587300004,23.97092426100005],[90.77631315800005,23.97821251000005],[90.77860059500006,23.976919529000043],[90.78183287400003,23.978076101000056],[90.78381242300009,23.97393281500007],[90.80448385200003,23.979561024000077],[90.81229872300008,23.98440998700005],[90.82513187400008,23.997053675000075],[90.82647008200007,24.003206672000033],[90.82379015600009,24.005289924000067],[90.82334444100007,24.00766879200006],[90.82833525400008,24.01015949600003],[90.82697173100007,24.01881472200006],[90.82832856600004,24.02235402900004],[90.82281748000008,24.04063227100005],[90.82900226400005,24.044312625000032],[90.82990521000005,24.04584481300003],[90.82807550900009,24.048457535000068],[90.83076989300008,24.048974112000053],[90.83243009000006,24.05144428400007],[90.83445505700007,24.052517059000024],[90.83390981100007,24.053657454000074],[90.82926356200005,24.055041396000036],[90.82481332000003,24.058447802000046],[90.81949859600007,24.066028518000053],[90.81989177200006,24.07575350700006],[90.81557394600009,24.08848073400003],[90.81623947200006,24.089585817000057],[90.81815702500006,24.087417007000056],[90.81929832100008,24.088110848000042],[90.81892864700006,24.094764627000075],[90.81473192400006,24.09719059400004],[90.79604162900006,24.09449941200006],[90.79354041200008,24.09612908400004],[90.79207785400007,24.099579427000037]]]}},{"type":"Feature","id":"rajbari-baliakandi","properties":{"canonical_id":"rajbari-baliakandi","name_en":"Baliakandi","name_bn":"বালিয়াকান্দি","district_id":"rajbari","division_id":"dhaka","pcode":"BD-C-53-451","parent_pcode":"BD3082","source_name":"Baliakandi","match_method":"exact_name_or_alias","boundary_reference_year":"2020","boundary_source":"geoBoundaries gbOpen BGD ADM3 / BBS, OCHA ROAP","source_dataset_updated":"2026-08-09"},"geometry":{"type":"Polygon","coordinates":[[[89.58768013700006,23.732551998000076],[89.57746892600005,23.72595384500005],[89.57340375800004,23.72756854000005],[89.56972634500005,23.731235712000057],[89.56591378900004,23.727042444000062],[89.56310512600004,23.726655170000072],[89.55991216200005,23.73060687000003],[89.55689848900005,23.728719505000072],[89.55288603200006,23.731591581000032],[89.54511121300004,23.733151849000024],[89.54341934700005,23.730861081000057],[89.53876692000006,23.734697932000074],[89.53901752600007,23.736498964000077],[89.53584734500004,23.74041182900004],[89.53398193200007,23.739952336000044],[89.53199910400008,23.735626570000022],[89.52971443200005,23.736503691000053],[89.52900589100005,23.734868351000046],[89.52146973600009,23.735010620000025],[89.51909415100005,23.73349144200006],[89.51691959300007,23.734012498000027],[89.51753781900004,23.735651561000054],[89.51238307400007,23.734151247000057],[89.51592105600008,23.726183314000025],[89.51690017900006,23.719146694000074],[89.51024027500006,23.718447756000046],[89.50803981600006,23.71350848000003],[89.50429520400007,23.71373814800006],[89.49970184700004,23.71159960600005],[89.50057835500007,23.709732152000072],[89.49928527000009,23.705967643000065],[89.50188535400008,23.704925444000025],[89.49905213000005,23.699264792000065],[89.49951725300008,23.697304554000027],[89.48902033700006,23.687375748000022],[89.48449330500006,23.686909686000035],[89.48488186200007,23.68060065800006],[89.48634199000008,23.680278644000055],[89.48807578100008,23.683344141000077],[89.48688573900006,23.679403730000047],[89.47961050000004,23.68225687000006],[89.47687132100003,23.67673670000005],[89.47453660000008,23.675507155000048],[89.47129866300008,23.676738105000027],[89.47093498200007,23.674428500000033],[89.46474560400009,23.671997263000037],[89.45801575500008,23.67367987500006],[89.44849147100007,23.659988609000038],[89.44344985700008,23.65625428900006],[89.43948331300004,23.655498772000044],[89.43567208700006,23.64919213400003],[89.43974888900004,23.640336454000078],[89.44232551900006,23.638843525000027],[89.45578692400005,23.638769401000047],[89.46995055800005,23.634818736000057],[89.48021327300006,23.627453555000045],[89.48217956600007,23.62003254900003],[89.47040130700003,23.599509226000066],[89.47061362200003,23.597130996000033],[89.48422877700006,23.59276382400003],[89.49731996600008,23.579061368000055],[89.50503009700003,23.58371872300006],[89.50838032500008,23.59028365200004],[89.51377728700004,23.58735431100007],[89.52044255700008,23.586951622000072],[89.52012474600008,23.582039147000046],[89.52439624700008,23.579537818000063],[89.52937980900003,23.57087825800005],[89.53375166000006,23.569290958000067],[89.53556579800005,23.571717143000058],[89.53721746600007,23.569663750000075],[89.54178782100007,23.568637403000025],[89.54255049100004,23.562221934000036],[89.54637002600003,23.559946726000078],[89.55251546200003,23.56658549100007],[89.55379406500003,23.57080912200007],[89.55218547700008,23.57187825500006],[89.55116976500005,23.570867617000033],[89.54306101200007,23.57105569600003],[89.54203139100008,23.572841134000043],[89.54378046000005,23.573062497000024],[89.54224736700007,23.576793559000066],[89.54674166400008,23.582371416000058],[89.54924749700007,23.582453791000034],[89.54746276400004,23.587860856000077],[89.54847169200008,23.59133120100006],[89.55583827300006,23.59262096300006],[89.56124194200004,23.59135481100003],[89.56441702000006,23.594917534000047],[89.56237884400008,23.602805213000067],[89.56397961700009,23.60381911500008],[89.57230556400003,23.604524801000025],[89.57747342300007,23.59837867300007],[89.59023306500006,23.593766680000044],[89.59885664800004,23.597765263000042],[89.59934155200006,23.600576244000024],[89.59387183900003,23.605076114000042],[89.59462384800008,23.60786183400006],[89.59766919900005,23.60838800600004],[89.60303613000008,23.60232000700006],[89.60500998800006,23.595051470000044],[89.60992947900007,23.594786147000036],[89.61126402300005,23.591652888000056],[89.61668827000005,23.590917219000062],[89.61923734500004,23.588934033000044],[89.62357993200004,23.58853814300005],[89.62336719800004,23.592571862000057],[89.62681092100007,23.59175424400007],[89.62978740300008,23.587704549000023],[89.63152418600004,23.58839572900007],[89.63122535500008,23.590882968000074],[89.63445627400006,23.589458356000023],[89.63761420900005,23.590606699000034],[89.64033736600004,23.588689057000067],[89.64156261200009,23.590552630000047],[89.64283599600003,23.589695195000047],[89.64659825800004,23.59097515700006],[89.65042552000006,23.605084454000064],[89.65474310000008,23.609614986000054],[89.66645201900008,23.60878191000006],[89.66548289600007,23.614664637000033],[89.66776335600008,23.620460630000025],[89.65940514000005,23.624753931000043],[89.65794153200005,23.633532176000074],[89.65881762000004,23.63784946800007],[89.65280552700006,23.64207132100006],[89.65234925400006,23.645683930000075],[89.65476265300003,23.646920022000074],[89.64263742900005,23.64406928300008],[89.63934526700007,23.646472816000028],[89.63568880000008,23.65236654100005],[89.63037723300005,23.650410257000033],[89.62797765500005,23.651932163000026],[89.62261063900007,23.652047907000053],[89.61072426500004,23.657827060000045],[89.61008688600003,23.665162766000037],[89.61387597100008,23.66700587300005],[89.61652984700004,23.666075894000073],[89.61444274100006,23.673544071000038],[89.61483612500007,23.67777005100004],[89.60997952900004,23.67965474400006],[89.60570641400005,23.67784305300006],[89.60231496300008,23.683081188000074],[89.60201526600008,23.68802011200006],[89.59854112100004,23.69280010400007],[89.59707938600008,23.69278557900003],[89.59701054700008,23.69673884300005],[89.60038142300004,23.69945509300004],[89.59929063200008,23.70372072300006],[89.59448982400005,23.71018343000003],[89.59560960000005,23.72154478300007],[89.59392041100006,23.724386735000053],[89.59568080100007,23.72778475700005],[89.59310744000004,23.73126682000003],[89.58768013700006,23.732551998000076]]]}},{"type":"Feature","id":"rajbari-goalanda","properties":{"canonical_id":"rajbari-goalanda","name_en":"Goalanda","name_bn":"গোয়ালন্দ","district_id":"rajbari","division_id":"dhaka","pcode":"BD-C-53-449","parent_pcode":"BD3082","source_name":"Goalanda","match_method":"exact_name_or_alias","boundary_reference_year":"2020","boundary_source":"geoBoundaries gbOpen BGD ADM3 / BBS, OCHA ROAP","source_dataset_updated":"2026-08-09"},"geometry":{"type":"Polygon","coordinates":[[[89.67990741000006,23.81139974200005],[89.68691413500005,23.802270978000024],[89.70218480900007,23.798904982000067],[89.71029167400008,23.79244183800006],[89.71052034600007,23.787391954000043],[89.71548877100008,23.78662269700004],[89.71333608000003,23.785501503000035],[89.71617943000007,23.783285317000036],[89.71282854500004,23.779863126000066],[89.70852048300009,23.781437442000026],[89.70949142400008,23.778056586000048],[89.71681707600004,23.772117741000045],[89.72561790200007,23.770840278000037],[89.71992898000008,23.756320377000065],[89.71808569500007,23.738182418000065],[89.72008829100008,23.72884013600003],[89.71892620800008,23.723288618000026],[89.72036357900004,23.724117143000058],[89.72054356300004,23.722240378000038],[89.72271793300007,23.722798667000063],[89.72867079600007,23.71266671500007],[89.72771253200006,23.71175104300005],[89.72584040200007,23.71275036000003],[89.72328289000006,23.715867143000025],[89.72020128300005,23.714827367000055],[89.72259194600008,23.70814865500006],[89.72091127900006,23.705037842000024],[89.72619458100007,23.704625003000046],[89.73212379000006,23.699984696000058],[89.73463458400005,23.702130886000077],[89.74606953100005,23.692929418000062],[89.74787199300005,23.690950823000037],[89.74933362800004,23.682993156000066],[89.75119322700004,23.681979412000032],[89.75105216600008,23.679430841000055],[89.75472683900006,23.676545115000067],[89.76261776500007,23.680997538000042],[89.77404905200007,23.680093301000056],[89.78210466400003,23.684092210000074],[89.78500575100009,23.68236932600007],[89.78983683900003,23.682885739000028],[89.78925621100007,23.68601872800008],[89.79418928300004,23.687857871000062],[89.79117020200005,23.69092099100004],[89.79271260700006,23.707994253000038],[89.79121295900006,23.71144553700003],[89.79545538600007,23.712504074000037],[89.81051296000004,23.72125556900005],[89.81401348300005,23.72196944500007],[89.81657625300005,23.71671493200006],[89.82105049400008,23.71397649900007],[89.83525337900005,23.709519405000037],[89.84060470200006,23.70926306100006],[89.84043709800005,23.706420981000065],[89.84636995600005,23.701068342000042],[89.84730212200003,23.70267143800004],[89.84537658000005,23.70460816800005],[89.84592998300008,23.708453821000035],[89.84367566500003,23.71145097300007],[89.84422253600007,23.713033937000034],[89.85240369200005,23.71433871100004],[89.86490040800004,23.718870982000055],[89.85540335500008,23.730870762000052],[89.84444926300006,23.73872870100007],[89.83943917000005,23.742552855000042],[89.83582498800007,23.750990055000045],[89.81674318300009,23.763519428000052],[89.81094307400008,23.77268391700005],[89.78043296100003,23.798287583000047],[89.77720377200006,23.80377418100005],[89.77094028600004,23.83329234000007],[89.74208994000008,23.833163783000032],[89.73274126100006,23.83536815800005],[89.72045309200007,23.828017626000076],[89.71163276600004,23.825660837000044],[89.70470161100008,23.819220537000035],[89.69584461600004,23.814546509000024],[89.67990741000006,23.81139974200005]]]}},{"type":"Feature","id":"rajbari-kalukhali","properties":{"canonical_id":"rajbari-kalukhali","name_en":"Kalukhali","name_bn":"কালুখালী","district_id":"rajbari","division_id":"dhaka","pcode":"BD-C-53-452","parent_pcode":"BD3082","source_name":"Kalukhali","match_method":"exact_name_or_alias","boundary_reference_year":"2020","boundary_source":"geoBoundaries gbOpen BGD ADM3 / BBS, OCHA ROAP","source_dataset_updated":"2026-08-09"},"geometry":{"type":"Polygon","coordinates":[[[89.58768013700006,23.732551998000076],[89.58866960400007,23.736740076000046],[89.58512706700003,23.73805105100007],[89.57981294200005,23.73711086800006],[89.57441614100009,23.740976131000025],[89.57776814900006,23.750791787000026],[89.57431021800005,23.749225891000037],[89.57155996300008,23.750421870000025],[89.56640395100004,23.74597084900006],[89.56487276200005,23.750348993000046],[89.55496117600006,23.749996166000074],[89.55129787100003,23.75162722500005],[89.55146194800005,23.754755191000072],[89.54856430300003,23.75680333200006],[89.54929357100008,23.75902518600003],[89.54608619900006,23.758909102000075],[89.54579570400006,23.761317655000028],[89.54281979800004,23.761032258000057],[89.54036561400005,23.765010542000027],[89.53827098300007,23.764569610000024],[89.53877890300004,23.767512879000037],[89.53626573300005,23.767122605000054],[89.53266276300008,23.769952446000048],[89.52782957300008,23.769180152000047],[89.52342657600008,23.77089238600007],[89.52493505900009,23.773639502000037],[89.52437240100005,23.775624337000067],[89.51932562300004,23.779265142000042],[89.52197410700006,23.779689983000026],[89.52041354200009,23.783699484000067],[89.52307559700006,23.785053558000072],[89.52506547200005,23.788991046000035],[89.52625430300003,23.787324268000077],[89.52753983900004,23.789020091000054],[89.53096534600007,23.78881093600006],[89.52554647600005,23.792699193000033],[89.53072327700005,23.791558873000042],[89.53013201100003,23.793823643000053],[89.53214618900006,23.79518123500003],[89.53376979000006,23.800869784000042],[89.52483631200005,23.804265806000046],[89.52989566000008,23.81628194900003],[89.51415845600008,23.818918045000032],[89.49008800200005,23.83077485800004],[89.47997070400004,23.813209893000078],[89.47683071700004,23.81028352900006],[89.47782738500007,23.808847942000057],[89.48114402000004,23.81016599700007],[89.48294471000008,23.80896622700004],[89.47967233600008,23.799081749000038],[89.47023095200007,23.806913397000073],[89.45952655000008,23.80919079800003],[89.45296296400005,23.80917048500004],[89.44591926500004,23.807198319000065],[89.43552306700008,23.80727692100004],[89.43567419700008,23.804249963000075],[89.43906103300003,23.803521101000058],[89.44001231500005,23.801879548000045],[89.43994523000003,23.796203630000036],[89.43610484800007,23.791185746000053],[89.44019864600006,23.783590355000058],[89.43709240200008,23.780465733000028],[89.43828483900006,23.776200042000028],[89.43752059800005,23.774185872000032],[89.43140123600006,23.77250095100004],[89.43003889000005,23.767219356000055],[89.42796569000006,23.767290160000073],[89.42620845400006,23.765315160000057],[89.42329365900008,23.76561535600007],[89.42078893400009,23.758005281000067],[89.42153805700008,23.75558911400003],[89.42525778900006,23.75664510100006],[89.42779967900003,23.754826050000077],[89.43350439200003,23.756319907000034],[89.43516509400007,23.75365861800003],[89.43462287400007,23.751754196000036],[89.43742052700009,23.750306244000058],[89.43924773800006,23.751188459000048],[89.44027865600003,23.749976779000065],[89.44279021100004,23.752613145000055],[89.44357557600006,23.750874986000042],[89.44776501400008,23.75014540500007],[89.44567005300007,23.744555336000076],[89.44699074400006,23.740265170000043],[89.44576074500009,23.739281882000057],[89.44547361400004,23.729386437000073],[89.44847125000007,23.725663389000033],[89.44594512100008,23.72105348200006],[89.44270915700008,23.71860762700004],[89.43777446400009,23.721205780000048],[89.43624455900004,23.718942113000026],[89.43430215900008,23.71935785200003],[89.43177817600008,23.712909070000023],[89.42546239900008,23.712851312000055],[89.42749583700004,23.708277168000052],[89.43041850600008,23.70685518700003],[89.43043892100007,23.70102089200003],[89.42849521200009,23.699400879000052],[89.42684201400004,23.703634916000055],[89.42611400100003,23.701458797000043],[89.41882083800004,23.701564249000057],[89.41591327100008,23.699798762000057],[89.41254832200008,23.700047969000025],[89.41039624900009,23.69819209900004],[89.40827285000006,23.702432040000076],[89.41017661700005,23.70300270200005],[89.40979629100008,23.708095515000025],[89.40702916400005,23.71092900700006],[89.39962525800007,23.705577007000045],[89.39761656900004,23.701754719000064],[89.38931363900008,23.704239955000048],[89.38730680200007,23.70836319700004],[89.38705253700005,23.705767647000073],[89.38427886100004,23.707421977000024],[89.38286768900008,23.70452035900007],[89.37966251900008,23.70595046300008],[89.37803647200008,23.705207236000035],[89.37677739800006,23.69942259800007],[89.37445223800006,23.699650319000057],[89.37383783400008,23.69800620600006],[89.36766718300004,23.69808273700005],[89.36683629000004,23.69584045000005],[89.36982137200005,23.692089526000075],[89.36384050100008,23.68848035700006],[89.36534725100006,23.685626107000076],[89.36264396700005,23.676216839000062],[89.37498973200007,23.67366129900006],[89.37855239200007,23.674438302000056],[89.38087123800005,23.672722401000044],[89.38570057200008,23.676506438000047],[89.40409041000004,23.681448431000035],[89.41136488000006,23.68184544500008],[89.41655694500008,23.673241951000023],[89.43812567800006,23.66048881100005],[89.43948331300004,23.655498772000044],[89.44344985700008,23.65625428900006],[89.44849147100007,23.659988609000038],[89.45801575500008,23.67367987500006],[89.46474560400009,23.671997263000037],[89.47093498200007,23.674428500000033],[89.47129866300008,23.676738105000027],[89.47453660000008,23.675507155000048],[89.47687132100003,23.67673670000005],[89.47961050000004,23.68225687000006],[89.48688573900006,23.679403730000047],[89.48807578100008,23.683344141000077],[89.48634199000008,23.680278644000055],[89.48488186200007,23.68060065800006],[89.48449330500006,23.686909686000035],[89.48902033700006,23.687375748000022],[89.49951725300008,23.697304554000027],[89.49905213000005,23.699264792000065],[89.50188535400008,23.704925444000025],[89.49928527000009,23.705967643000065],[89.50057835500007,23.709732152000072],[89.49970184700004,23.71159960600005],[89.50429520400007,23.71373814800006],[89.50803981600006,23.71350848000003],[89.51024027500006,23.718447756000046],[89.51690017900006,23.719146694000074],[89.51592105600008,23.726183314000025],[89.51238307400007,23.734151247000057],[89.51753781900004,23.735651561000054],[89.51691959300007,23.734012498000027],[89.51909415100005,23.73349144200006],[89.52146973600009,23.735010620000025],[89.52900589100005,23.734868351000046],[89.52971443200005,23.736503691000053],[89.53199910400008,23.735626570000022],[89.53398193200007,23.739952336000044],[89.53584734500004,23.74041182900004],[89.53901752600007,23.736498964000077],[89.53876692000006,23.734697932000074],[89.54341934700005,23.730861081000057],[89.54511121300004,23.733151849000024],[89.55288603200006,23.731591581000032],[89.55689848900005,23.728719505000072],[89.55991216200005,23.73060687000003],[89.56310512600004,23.726655170000072],[89.56591378900004,23.727042444000062],[89.56972634500005,23.731235712000057],[89.57340375800004,23.72756854000005],[89.57746892600005,23.72595384500005],[89.58768013700006,23.732551998000076]]]}},{"type":"Feature","id":"rajbari-pangsa","properties":{"canonical_id":"rajbari-pangsa","name_en":"Pangsa","name_bn":"পাংশা","district_id":"rajbari","division_id":"dhaka","pcode":"BD-C-53-450","parent_pcode":"BD3082","source_name":"Pangsa","match_method":"exact_name_or_alias","boundary_reference_year":"2020","boundary_source":"geoBoundaries gbOpen BGD ADM3 / BBS, OCHA ROAP","source_dataset_updated":"2026-08-09"},"geometry":{"type":"Polygon","coordinates":[[[89.49008800200005,23.83077485800004],[89.46257429700006,23.842679092000026],[89.43155890900005,23.867453295000075],[89.40892953200006,23.88173434400005],[89.39032586100006,23.90480889500003],[89.38522362200007,23.90780982800004],[89.37961271100005,23.908819213000072],[89.36459926900005,23.91070432500004],[89.36513619700008,23.894746819000034],[89.36349579100005,23.891963796000027],[89.35961257800005,23.891768169000045],[89.35830869400007,23.893044167000028],[89.35819626300008,23.89784934000005],[89.35694917700005,23.897992032000047],[89.35535144900007,23.885943858000076],[89.36076801900003,23.882775294000055],[89.35820899300006,23.87498290700006],[89.36202728200004,23.872853647000056],[89.36322092200004,23.87009588500007],[89.35814618100005,23.869045713000048],[89.35675093600008,23.865188250000074],[89.35151586200004,23.860637808000035],[89.35133368400005,23.841130430000078],[89.34492055600003,23.838897763000034],[89.34364336800007,23.835437531000025],[89.34244531100006,23.83583096800004],[89.34159181600006,23.83428282600005],[89.34067817700009,23.830007841000054],[89.33793723000008,23.830256897000027],[89.33646230000005,23.828747831000044],[89.33637584100006,23.82583967000005],[89.33798101700006,23.824106751000045],[89.33683953800005,23.81899923900005],[89.32937166100004,23.803582911000035],[89.32896632300003,23.795002272000033],[89.32696037400007,23.795265632000053],[89.32701484500006,23.79094284100006],[89.33047002300003,23.79062649900004],[89.33022025200006,23.78387893200005],[89.32843082100004,23.783405436000066],[89.33019636800003,23.778542491000053],[89.32672227100005,23.777055134000022],[89.31987810200008,23.777065221000043],[89.31881585800005,23.77573506400006],[89.31107153700003,23.77616417400003],[89.31259633300004,23.772044953000034],[89.31043979300006,23.76847270600007],[89.32305393900003,23.76641496900004],[89.31687095600006,23.75343273900006],[89.31576296800006,23.74798762200004],[89.31101543500006,23.74709153400005],[89.30951816900006,23.74481776700003],[89.30622467200004,23.745165437000026],[89.29815841000004,23.736022302000038],[89.30653530800004,23.734445024000024],[89.31098379900004,23.731068228000026],[89.31223715900006,23.72756365400005],[89.31164919600008,23.719199440000068],[89.31472288900005,23.715907280000067],[89.31939281000007,23.71530241000005],[89.32254762800005,23.71316375300006],[89.32348679000006,23.709799389000068],[89.32132166000008,23.706359338000027],[89.32170766100006,23.702788200000043],[89.32498134900004,23.69946225900003],[89.33035077100004,23.697048554000048],[89.33408245500004,23.691159781000067],[89.34799616800007,23.682774895000023],[89.35005554900005,23.678416414000026],[89.34914661800008,23.671099783000045],[89.35269381400008,23.669866484000067],[89.36038238800006,23.67089197300004],[89.36595233100007,23.667955636000045],[89.36649454600007,23.664118529000064],[89.37515822500006,23.664713145000064],[89.38087123800005,23.672722401000044],[89.37855239200007,23.674438302000056],[89.37498973200007,23.67366129900006],[89.36264396700005,23.676216839000062],[89.36534725100006,23.685626107000076],[89.36384050100008,23.68848035700006],[89.36982137200005,23.692089526000075],[89.36683629000004,23.69584045000005],[89.36766718300004,23.69808273700005],[89.37383783400008,23.69800620600006],[89.37445223800006,23.699650319000057],[89.37677739800006,23.69942259800007],[89.37803647200008,23.705207236000035],[89.37966251900008,23.70595046300008],[89.38286768900008,23.70452035900007],[89.38427886100004,23.707421977000024],[89.38705253700005,23.705767647000073],[89.38730680200007,23.70836319700004],[89.38931363900008,23.704239955000048],[89.39761656900004,23.701754719000064],[89.39962525800007,23.705577007000045],[89.40702916400005,23.71092900700006],[89.40979629100008,23.708095515000025],[89.41017661700005,23.70300270200005],[89.40827285000006,23.702432040000076],[89.41039624900009,23.69819209900004],[89.41254832200008,23.700047969000025],[89.41591327100008,23.699798762000057],[89.41882083800004,23.701564249000057],[89.42611400100003,23.701458797000043],[89.42684201400004,23.703634916000055],[89.42849521200009,23.699400879000052],[89.43043892100007,23.70102089200003],[89.43041850600008,23.70685518700003],[89.42749583700004,23.708277168000052],[89.42546239900008,23.712851312000055],[89.43177817600008,23.712909070000023],[89.43430215900008,23.71935785200003],[89.43624455900004,23.718942113000026],[89.43777446400009,23.721205780000048],[89.44270915700008,23.71860762700004],[89.44594512100008,23.72105348200006],[89.44847125000007,23.725663389000033],[89.44547361400004,23.729386437000073],[89.44576074500009,23.739281882000057],[89.44699074400006,23.740265170000043],[89.44567005300007,23.744555336000076],[89.44776501400008,23.75014540500007],[89.44357557600006,23.750874986000042],[89.44279021100004,23.752613145000055],[89.44027865600003,23.749976779000065],[89.43924773800006,23.751188459000048],[89.43742052700009,23.750306244000058],[89.43462287400007,23.751754196000036],[89.43516509400007,23.75365861800003],[89.43350439200003,23.756319907000034],[89.42779967900003,23.754826050000077],[89.42525778900006,23.75664510100006],[89.42153805700008,23.75558911400003],[89.42078893400009,23.758005281000067],[89.42329365900008,23.76561535600007],[89.42620845400006,23.765315160000057],[89.42796569000006,23.767290160000073],[89.43003889000005,23.767219356000055],[89.43140123600006,23.77250095100004],[89.43752059800005,23.774185872000032],[89.43828483900006,23.776200042000028],[89.43709240200008,23.780465733000028],[89.44019864600006,23.783590355000058],[89.43610484800007,23.791185746000053],[89.43994523000003,23.796203630000036],[89.44001231500005,23.801879548000045],[89.43906103300003,23.803521101000058],[89.43567419700008,23.804249963000075],[89.43552306700008,23.80727692100004],[89.44591926500004,23.807198319000065],[89.45296296400005,23.80917048500004],[89.45952655000008,23.80919079800003],[89.47023095200007,23.806913397000073],[89.47967233600008,23.799081749000038],[89.48294471000008,23.80896622700004],[89.48114402000004,23.81016599700007],[89.47782738500007,23.808847942000057],[89.47683071700004,23.81028352900006],[89.47997070400004,23.813209893000078],[89.49008800200005,23.83077485800004]]]}},{"type":"Feature","id":"rajbari-rajbari-sadar","properties":{"canonical_id":"rajbari-rajbari-sadar","name_en":"Rajbari Sadar","name_bn":"রাজবাড়ী সদর","district_id":"rajbari","division_id":"dhaka","pcode":"BD-C-53-448","parent_pcode":"BD3082","source_name":"Rajbari Sadar","match_method":"exact_name_or_alias","boundary_reference_year":"2020","boundary_source":"geoBoundaries gbOpen BGD ADM3 / BBS, OCHA ROAP","source_dataset_updated":"2026-08-09"},"geometry":{"type":"Polygon","coordinates":[[[89.66645201900008,23.60878191000006],[89.67265090700005,23.59626445300006],[89.67059010900005,23.588801877000037],[89.66953052100007,23.588994961000026],[89.66966279100006,23.585218990000044],[89.67203675000007,23.58605220900006],[89.67331211300007,23.584421662000068],[89.67697053000006,23.58452076900005],[89.68399061800005,23.585612360000027],[89.69030846900006,23.58960513900007],[89.69834477100005,23.59007371900003],[89.70098329200005,23.587812162000034],[89.70695783200006,23.590417641000045],[89.71138265000008,23.588748090000024],[89.71310533400003,23.589369460000057],[89.71199814800008,23.596800809000058],[89.71784468300007,23.59524605000007],[89.71939534200004,23.587659641000073],[89.72451745200004,23.58356679800005],[89.72956648300004,23.581654509000032],[89.74170080800008,23.583402672000034],[89.74219774100004,23.587235657000065],[89.74052225900004,23.588096628000073],[89.74072141000005,23.58961954800003],[89.75269541400007,23.590440731000058],[89.75468198900006,23.597177819000024],[89.75272070100004,23.601950224000063],[89.73608817400003,23.614944129000037],[89.72843241500004,23.618984933000036],[89.72806934600004,23.62850592800004],[89.72604389600008,23.630438755000057],[89.73144434800008,23.636453266000046],[89.73023439700006,23.639903358000026],[89.73099565700005,23.643718179000075],[89.72963650400004,23.64547888800007],[89.73041899700007,23.655087096000045],[89.72691745800006,23.665537436000022],[89.72833716500008,23.666329162000068],[89.72127648500003,23.67249158800007],[89.72819981800006,23.67302552500007],[89.73229813500006,23.677615615000036],[89.73473392800008,23.67525888800003],[89.73850497100005,23.666260841000053],[89.75573442500007,23.66655316400005],[89.75472683900006,23.676545115000067],[89.75105216600008,23.679430841000055],[89.75119322700004,23.681979412000032],[89.74933362800004,23.682993156000066],[89.74787199300005,23.690950823000037],[89.74606953100005,23.692929418000062],[89.73463458400005,23.702130886000077],[89.73212379000006,23.699984696000058],[89.72619458100007,23.704625003000046],[89.72091127900006,23.705037842000024],[89.72259194600008,23.70814865500006],[89.72020128300005,23.714827367000055],[89.72328289000006,23.715867143000025],[89.72584040200007,23.71275036000003],[89.72771253200006,23.71175104300005],[89.72867079600007,23.71266671500007],[89.72271793300007,23.722798667000063],[89.72054356300004,23.722240378000038],[89.72036357900004,23.724117143000058],[89.71892620800008,23.723288618000026],[89.72008829100008,23.72884013600003],[89.71808569500007,23.738182418000065],[89.71992898000008,23.756320377000065],[89.72561790200007,23.770840278000037],[89.71681707600004,23.772117741000045],[89.70949142400008,23.778056586000048],[89.70852048300009,23.781437442000026],[89.71282854500004,23.779863126000066],[89.71617943000007,23.783285317000036],[89.71333608000003,23.785501503000035],[89.71548877100008,23.78662269700004],[89.71052034600007,23.787391954000043],[89.71029167400008,23.79244183800006],[89.70218480900007,23.798904982000067],[89.68691413500005,23.802270978000024],[89.67990741000006,23.81139974200005],[89.66507946300004,23.809191433000024],[89.65186384800006,23.812404833000073],[89.64328551300008,23.81092592500005],[89.62939292200008,23.809200153000063],[89.58367068900003,23.814433548000068],[89.57211992000003,23.808068521000052],[89.55121103800008,23.813657746000047],[89.52989566000008,23.81628194900003],[89.52483631200005,23.804265806000046],[89.53376979000006,23.800869784000042],[89.53214618900006,23.79518123500003],[89.53013201100003,23.793823643000053],[89.53072327700005,23.791558873000042],[89.52554647600005,23.792699193000033],[89.53096534600007,23.78881093600006],[89.52753983900004,23.789020091000054],[89.52625430300003,23.787324268000077],[89.52506547200005,23.788991046000035],[89.52307559700006,23.785053558000072],[89.52041354200009,23.783699484000067],[89.52197410700006,23.779689983000026],[89.51932562300004,23.779265142000042],[89.52437240100005,23.775624337000067],[89.52493505900009,23.773639502000037],[89.52342657600008,23.77089238600007],[89.52782957300008,23.769180152000047],[89.53266276300008,23.769952446000048],[89.53626573300005,23.767122605000054],[89.53877890300004,23.767512879000037],[89.53827098300007,23.764569610000024],[89.54036561400005,23.765010542000027],[89.54281979800004,23.761032258000057],[89.54579570400006,23.761317655000028],[89.54608619900006,23.758909102000075],[89.54929357100008,23.75902518600003],[89.54856430300003,23.75680333200006],[89.55146194800005,23.754755191000072],[89.55129787100003,23.75162722500005],[89.55496117600006,23.749996166000074],[89.56487276200005,23.750348993000046],[89.56640395100004,23.74597084900006],[89.57155996300008,23.750421870000025],[89.57431021800005,23.749225891000037],[89.57776814900006,23.750791787000026],[89.57441614100009,23.740976131000025],[89.57981294200005,23.73711086800006],[89.58512706700003,23.73805105100007],[89.58866960400007,23.736740076000046],[89.58768013700006,23.732551998000076],[89.59310744000004,23.73126682000003],[89.59568080100007,23.72778475700005],[89.59392041100006,23.724386735000053],[89.59560960000005,23.72154478300007],[89.59448982400005,23.71018343000003],[89.59929063200008,23.70372072300006],[89.60038142300004,23.69945509300004],[89.59701054700008,23.69673884300005],[89.59707938600008,23.69278557900003],[89.59854112100004,23.69280010400007],[89.60201526600008,23.68802011200006],[89.60231496300008,23.683081188000074],[89.60570641400005,23.67784305300006],[89.60997952900004,23.67965474400006],[89.61483612500007,23.67777005100004],[89.61444274100006,23.673544071000038],[89.61652984700004,23.666075894000073],[89.61387597100008,23.66700587300005],[89.61008688600003,23.665162766000037],[89.61072426500004,23.657827060000045],[89.62261063900007,23.652047907000053],[89.62797765500005,23.651932163000026],[89.63037723300005,23.650410257000033],[89.63568880000008,23.65236654100005],[89.63934526700007,23.646472816000028],[89.64263742900005,23.64406928300008],[89.65476265300003,23.646920022000074],[89.65234925400006,23.645683930000075],[89.65280552700006,23.64207132100006],[89.65881762000004,23.63784946800007],[89.65794153200005,23.633532176000074],[89.65940514000005,23.624753931000043],[89.66776335600008,23.620460630000025],[89.66548289600007,23.614664637000033],[89.66645201900008,23.60878191000006]]]}},{"type":"Feature","id":"shariatpur-bhedarganj","properties":{"canonical_id":"shariatpur-bhedarganj","name_en":"Bhedarganj","name_bn":"ভেদরগঞ্জ","district_id":"shariatpur","division_id":"dhaka","pcode":"BD-C-62-398","parent_pcode":"BD3086","source_name":"Bhedarganj","match_method":"exact_name_or_alias","boundary_reference_year":"2020","boundary_source":"geoBoundaries gbOpen BGD ADM3 / BBS, OCHA ROAP","source_dataset_updated":"2026-08-09"},"geometry":{"type":"MultiPolygon","coordinates":[[[[90.59810231000006,23.232471690000068],[90.59550866000006,23.23390027100004],[90.59338422700006,23.23300049900007],[90.59058872900005,23.238412150000045],[90.58548303700007,23.24187279800003],[90.57500582100005,23.253239905000044],[90.57101852800008,23.252394066000022],[90.56995150200004,23.256939243000033],[90.55516727100007,23.27209638200003],[90.55309973700008,23.272629850000044],[90.55243936000005,23.275643525000078],[90.54564154700006,23.283458197000073],[90.54085812900007,23.284048348000056],[90.54296056200008,23.279404942000042],[90.54145681300008,23.27854975100007],[90.53852760900008,23.283530762000055],[90.53305262800006,23.28603520400003],[90.52630416400007,23.293610079000075],[90.51042166700006,23.29802378100004],[90.50210660100004,23.301869296000064],[90.50255068600006,23.285682528000052],[90.50083100400008,23.284563424000055],[90.50035632200007,23.279703512000026],[90.49900142200005,23.279692019000038],[90.49660105300006,23.284996901000056],[90.49484065100006,23.285742037000034],[90.48799654400005,23.286958648000052],[90.48240882500005,23.28477414100007],[90.48322121900009,23.258393056000045],[90.48518473000007,23.255939622000028],[90.48336912200006,23.24941943500005],[90.48729539400006,23.246584488000053],[90.48459713600005,23.245173522000073],[90.48053027200007,23.246800665000023],[90.47899680000006,23.24904440800003],[90.47677557400004,23.248099875000037],[90.47599803600008,23.24954412900007],[90.47451739000007,23.24481643300004],[90.47593648300005,23.24252791500004],[90.47409115800008,23.242977240000073],[90.45971298100005,23.23711066100003],[90.45798920300007,23.23163827700006],[90.45210192800005,23.228922818000058],[90.44958889000009,23.226056380000045],[90.44948812200005,23.215477806000024],[90.43569246200008,23.216038857000058],[90.43356823400006,23.21952529200007],[90.43248579000004,23.213259304000076],[90.43144829300007,23.213730181000074],[90.42878397900006,23.20993509500005],[90.42767127500008,23.211145738000027],[90.42376553500009,23.20798343000007],[90.42285679900004,23.209579089000044],[90.42004666400004,23.209834466000075],[90.41939284200004,23.212491946000057],[90.41676560600007,23.21206590500003],[90.41685596300005,23.215989422000064],[90.41164648400007,23.21749643100003],[90.40716936600006,23.216407178000054],[90.40406457900008,23.217863871000077],[90.39930132200004,23.21420351000006],[90.39374445500005,23.21394201000004],[90.39407840100006,23.209091510000064],[90.38964555300004,23.209012787000063],[90.38962039700004,23.202441803000056],[90.38627726100003,23.19997891400004],[90.38171627100007,23.200695762000066],[90.38201137700008,23.19084325500006],[90.38418243000007,23.18718349100004],[90.39001275000004,23.186097029000052],[90.39014413100006,23.183807925000053],[90.39427261800006,23.17971295500007],[90.39860882100004,23.178414246000045],[90.40361573900003,23.177621816000055],[90.40279813500007,23.176421935000064],[90.40455060600004,23.174351671000068],[90.40675744900005,23.174743445000047],[90.40827125700008,23.170920757000033],[90.41123672000003,23.169398857000033],[90.41123052300009,23.165969656000073],[90.41456369000008,23.16433494900008],[90.41775438700006,23.166007818000026],[90.42023970500009,23.163508054000033],[90.42174602000006,23.166813553000054],[90.43450181700007,23.166658065000036],[90.43554447400004,23.171861102000037],[90.43917731800008,23.17416180300006],[90.43974833500005,23.183152695000047],[90.44278953000008,23.183332172000064],[90.45480016600004,23.17672859700008],[90.45634450000006,23.168257267000058],[90.46006071200009,23.167541872000072],[90.46108486400004,23.16919137600007],[90.46539543700004,23.168189005000045],[90.46643549300006,23.164009239000052],[90.48197910200008,23.159986183000058],[90.48630834100004,23.156839518000027],[90.48881863200006,23.157248968000033],[90.49084813300004,23.16059563600004],[90.50207499800007,23.160140219000027],[90.50829436700008,23.16338348100004],[90.50595186900006,23.15973600700005],[90.50141865100005,23.156865553000046],[90.50047733100007,23.153787692000037],[90.50155948900004,23.152546715000028],[90.50773155100006,23.148517946000027],[90.51691073500007,23.14866482000008],[90.52005626400006,23.146477496000045],[90.52534716100007,23.14824737200007],[90.52708692200008,23.142568784000048],[90.53298380900009,23.142595252000035],[90.54181119800006,23.143565007000063],[90.54798335200007,23.147620975000052],[90.55313135900008,23.15627811400003],[90.55492267200003,23.163822312000036],[90.56405241400006,23.146514197000045],[90.56690935700004,23.149067638000076],[90.57171864400004,23.152424670000073],[90.57807075300008,23.16112288200003],[90.59341868600006,23.191151869000066],[90.60776348400003,23.213533254000026],[90.60218324800007,23.224057190000053],[90.60124790000003,23.22675878900003],[90.59591979800007,23.227294520000044],[90.59653011500006,23.23005571300007],[90.59736841100005,23.231463923000035],[90.59810231000006,23.232471690000068]]],[[[90.50472586300003,23.321511447000034],[90.50234701600004,23.321449651000023],[90.51408830600008,23.317908500000044],[90.50472586300003,23.321511447000034]]],[[[90.51591823000007,23.322741866000058],[90.51404028300004,23.32227042200003],[90.51668766300008,23.320946863000074],[90.52277355600006,23.322121846000073],[90.51591823000007,23.322741866000058]]],[[[90.50480824600004,23.32244439400006],[90.50873815700004,23.323183676000042],[90.50404820200004,23.323855974000026],[90.50480824600004,23.32244439400006]]],[[[90.56526950100005,23.324281082000027],[90.56642539400008,23.328292008000062],[90.56321591100004,23.328303578000032],[90.56165168300004,23.32558465900007],[90.56526950100005,23.324281082000027]]],[[[90.56977612700007,23.324561150000022],[90.57810704000008,23.324521038000057],[90.58371857800006,23.329471111000032],[90.57958259200007,23.330681623000032],[90.57144562900004,23.32827377800004],[90.56900806200008,23.327087491000043],[90.56770332800005,23.324606498000037],[90.56867314800007,23.324093756000025],[90.56977612700007,23.324561150000022]]],[[[90.50479276800007,23.32643868300005],[90.50353804000008,23.325231747000032],[90.50832568400006,23.325157010000055],[90.51189684800005,23.328610629000025],[90.52482619800008,23.325819597000077],[90.52777143800006,23.334293837000075],[90.50580569700008,23.332722881000052],[90.50528110600004,23.328993986000057],[90.50654883400006,23.327004912000064],[90.50479276800007,23.32643868300005]]],[[[90.54205977000004,23.332946571000036],[90.54251054600007,23.33435131400006],[90.54018358400003,23.33493294300007],[90.53303832100005,23.334431821000067],[90.52931350700004,23.328325806000066],[90.53054017600004,23.324402516000077],[90.53462081200007,23.322428511000055],[90.53853370600007,23.323610277000057],[90.54116367000006,23.32121145600007],[90.54495416700007,23.324305063000054],[90.54608230200006,23.321672007000075],[90.54620163100003,23.325591291000023],[90.54869054700004,23.326681782000037],[90.54723035700005,23.32391492800008],[90.55217537400006,23.324518590000025],[90.55320757600003,23.323702557000047],[90.55221370800007,23.321220332000053],[90.55609843600007,23.321923579000043],[90.55897105700006,23.328079408000065],[90.55197941100005,23.32710042100007],[90.55208707100007,23.32815180500006],[90.57091502500003,23.331287032000034],[90.57247827900005,23.333575667000048],[90.55661681600003,23.334541196000032],[90.54205977000004,23.332946571000036]]],[[[90.53868894100003,23.37934916200004],[90.51731218300006,23.39075752100007],[90.50923548100008,23.39679933000008],[90.50317164600006,23.39084431400005],[90.49856431200004,23.38873974200004],[90.49609832400006,23.384979761000068],[90.49605960600007,23.381479089000038],[90.49399265600005,23.381207871000072],[90.49127370300005,23.37195775200007],[90.48570798000009,23.36942334300005],[90.48686884600005,23.34634691900004],[90.49095656400004,23.343111105000048],[90.49039242100008,23.338834100000042],[90.49854327100007,23.338117914000065],[90.50206562500006,23.341571343000055],[90.51109961600008,23.340743840000073],[90.51113868700008,23.337533651000058],[90.50612555000004,23.33662405900003],[90.50583758700003,23.33355606200007],[90.52941051300007,23.33645167900005],[90.53479234700006,23.33916696600005],[90.54605395000004,23.336872718000052],[90.55832290400008,23.337116259000027],[90.56001000500004,23.338209418000076],[90.57211416700005,23.33620611500004],[90.59067372200008,23.335945844000037],[90.58350024300006,23.350299325000037],[90.57606171800006,23.35800362200007],[90.54681308400006,23.367417422000074],[90.53868894100003,23.37934916200004]]]]}},{"type":"Feature","id":"shariatpur-damudya","properties":{"canonical_id":"shariatpur-damudya","name_en":"Damudya","name_bn":"ডামুড্যা","district_id":"shariatpur","division_id":"dhaka","pcode":"BD-C-62-399","parent_pcode":"BD3086","source_name":"Damudya","match_method":"exact_name_or_alias","boundary_reference_year":"2020","boundary_source":"geoBoundaries gbOpen BGD ADM3 / BBS, OCHA ROAP","source_dataset_updated":"2026-08-09"},"geometry":{"type":"Polygon","coordinates":[[[90.39860882100004,23.178414246000045],[90.39506202000007,23.175068491000047],[90.38754397600007,23.177292961000035],[90.38240400500007,23.17620743200007],[90.38181371400003,23.17456143800007],[90.37827835900003,23.17640878700007],[90.37585720000004,23.174914511000054],[90.37645063500008,23.17094131300007],[90.37487281700004,23.168550715000038],[90.37730215000005,23.165815761000033],[90.37594571200003,23.164405874000067],[90.37076293100006,23.165524160000075],[90.36820010900004,23.164596364000033],[90.36733687900005,23.16040358200007],[90.37567724300004,23.159660130000077],[90.37438302600003,23.155563828000027],[90.37108311100008,23.150531663000038],[90.36228411800005,23.143765923000046],[90.36021530100004,23.13675861200005],[90.36117494400008,23.133327735000023],[90.35373446500006,23.134204453000052],[90.34764856300006,23.128700362000075],[90.34853713100006,23.123173431000055],[90.34629501700005,23.11863519900004],[90.34860015700008,23.114488367000035],[90.35315800200004,23.114776895000034],[90.35227011600006,23.109947206000072],[90.34985343300008,23.10701450700003],[90.35236897900006,23.104093420000027],[90.35719716600005,23.105883014000028],[90.36106976700006,23.103826470000058],[90.37141640900006,23.106607859000064],[90.37365613500003,23.105421472000046],[90.37099247100008,23.100699402000032],[90.37344527800008,23.100017816000047],[90.38642559600004,23.102433464000057],[90.39028364500007,23.101445556000044],[90.39262754000003,23.10489891800006],[90.39722999700007,23.104875546000073],[90.39758781600005,23.103687338000043],[90.40229144700004,23.102811614000075],[90.40726532500008,23.10313026800003],[90.41118679500005,23.10517855100005],[90.41208088600007,23.101161508000075],[90.41357532900008,23.100690695000026],[90.41644729300003,23.10281273100003],[90.42265855400007,23.102814289000037],[90.42214282200007,23.10417855700007],[90.42461420700005,23.10481328800006],[90.42905720800007,23.103209168000035],[90.42947828900003,23.10549850900003],[90.43200137500008,23.10720398500007],[90.43727858400007,23.104436013000054],[90.44476799400007,23.104455173000076],[90.44524371300008,23.100649719000046],[90.44729591300006,23.10038082500006],[90.44689025000008,23.09693410700004],[90.45151937300005,23.09950161300003],[90.45557999200008,23.09830998500007],[90.45643043700005,23.102913900000033],[90.46367085600008,23.108121890000064],[90.46780224600008,23.109346680000044],[90.48550155700008,23.12371523400003],[90.49094009000004,23.125156127000025],[90.49299969600008,23.126840595000033],[90.49200322800004,23.128613075000032],[90.49799226400006,23.134085294000045],[90.50108139200006,23.13496132000006],[90.49773786900005,23.144218443000057],[90.49068406900005,23.14874244200007],[90.48630834100004,23.156839518000027],[90.48197910200008,23.159986183000058],[90.46643549300006,23.164009239000052],[90.46539543700004,23.168189005000045],[90.46108486400004,23.16919137600007],[90.46006071200009,23.167541872000072],[90.45634450000006,23.168257267000058],[90.45480016600004,23.17672859700008],[90.44278953000008,23.183332172000064],[90.43974833500005,23.183152695000047],[90.43917731800008,23.17416180300006],[90.43554447400004,23.171861102000037],[90.43450181700007,23.166658065000036],[90.42174602000006,23.166813553000054],[90.42023970500009,23.163508054000033],[90.41775438700006,23.166007818000026],[90.41456369000008,23.16433494900008],[90.41123052300009,23.165969656000073],[90.41123672000003,23.169398857000033],[90.40827125700008,23.170920757000033],[90.40675744900005,23.174743445000047],[90.40455060600004,23.174351671000068],[90.40279813500007,23.176421935000064],[90.40361573900003,23.177621816000055],[90.39860882100004,23.178414246000045]]]}},{"type":"Feature","id":"shariatpur-gosairhat","properties":{"canonical_id":"shariatpur-gosairhat","name_en":"Gosairhat","name_bn":"গোসাইরহাট","district_id":"shariatpur","division_id":"dhaka","pcode":"BD-C-62-397","parent_pcode":"BD3086","source_name":"Gosairhat","match_method":"exact_name_or_alias","boundary_reference_year":"2020","boundary_source":"geoBoundaries gbOpen BGD ADM3 / BBS, OCHA ROAP","source_dataset_updated":"2026-08-09"},"geometry":{"type":"MultiPolygon","coordinates":[[[[90.45173571100008,23.006324543000062],[90.45317061500003,23.004085261000057],[90.45837390800006,23.004035282000075],[90.45665477600005,23.006061454000076],[90.45173571100008,23.006324543000062]]],[[[90.45746625100008,23.010500114000024],[90.45927868200005,23.011880915000063],[90.45913023800006,23.01379358400004],[90.45251361300006,23.011900395000055],[90.45746625100008,23.010500114000024]]],[[[90.47571411400008,23.007582789000026],[90.48474807300005,23.013632534000067],[90.48921747700007,23.013951890000044],[90.48980835900005,23.022529978000023],[90.47770735000006,23.016276412000025],[90.47505713000004,23.01155207100004],[90.47685855700007,23.009921228000053],[90.47571411400008,23.007582789000026]]],[[[90.53577861600007,23.07104793800005],[90.53675294800007,23.074095018000037],[90.53536319000006,23.075390346000063],[90.53240223600005,23.071282920000044],[90.53577861600007,23.07104793800005]]],[[[90.52819130700004,23.071564660000035],[90.53029636800005,23.074355634000028],[90.52673114000004,23.07422415800005],[90.52518921200004,23.076428303000057],[90.52764182400006,23.082586396000067],[90.52242425300005,23.07212243500004],[90.52819130700004,23.071564660000035]]],[[[90.55171233900006,23.100430963000065],[90.55389038500005,23.102334968000036],[90.55344041700005,23.10601753900005],[90.54830860300007,23.102067653000063],[90.54637777400006,23.097438097000065],[90.54321451800007,23.094676406000076],[90.54053728700006,23.09698001000004],[90.53954771000008,23.09507119400007],[90.53018009000004,23.091231094000022],[90.52737433300007,23.087225252000053],[90.52515436900006,23.087567441000033],[90.51914498800005,23.08352407700005],[90.51501085900009,23.08325080800006],[90.51497046200006,23.086262373000068],[90.51444395400006,23.083730848000073],[90.51561990800008,23.08038078800007],[90.51979056700009,23.076686665000068],[90.52234564200006,23.082892494000077],[90.53352252300004,23.08706120100004],[90.54315653200007,23.09300378200004],[90.53863695300004,23.08690044100007],[90.54132320800005,23.086891256000058],[90.54926198600003,23.095181101000037],[90.54891177400003,23.097906934000036],[90.55171233900006,23.100430963000065]]],[[[90.48630834100004,23.156839518000027],[90.49068406900005,23.14874244200007],[90.49773786900005,23.144218443000057],[90.50108139200006,23.13496132000006],[90.49799226400006,23.134085294000045],[90.49200322800004,23.128613075000032],[90.49299969600008,23.126840595000033],[90.49094009000004,23.125156127000025],[90.48550155700008,23.12371523400003],[90.46780224600008,23.109346680000044],[90.46367085600008,23.108121890000064],[90.45643043700005,23.102913900000033],[90.45557999200008,23.09830998500007],[90.45151937300005,23.09950161300003],[90.44689025000008,23.09693410700004],[90.44729591300006,23.10038082500006],[90.44524371300008,23.100649719000046],[90.44476799400007,23.104455173000076],[90.43727858400007,23.104436013000054],[90.43200137500008,23.10720398500007],[90.42947828900003,23.10549850900003],[90.42905720800007,23.103209168000035],[90.42461420700005,23.10481328800006],[90.42214282200007,23.10417855700007],[90.42265855400007,23.102814289000037],[90.41644729300003,23.10281273100003],[90.41357532900008,23.100690695000026],[90.41208088600007,23.101161508000075],[90.41118679500005,23.10517855100005],[90.40726532500008,23.10313026800003],[90.40229144700004,23.102811614000075],[90.39758781600005,23.103687338000043],[90.39722999700007,23.104875546000073],[90.39262754000003,23.10489891800006],[90.39028364500007,23.101445556000044],[90.38642559600004,23.102433464000057],[90.37344527800008,23.100017816000047],[90.37099247100008,23.100699402000032],[90.37365613500003,23.105421472000046],[90.37141640900006,23.106607859000064],[90.36106976700006,23.103826470000058],[90.35719716600005,23.105883014000028],[90.35236897900006,23.104093420000027],[90.35137550300004,23.09311961900005],[90.34753265300003,23.090073174000054],[90.34413006800008,23.080591695000066],[90.34437618700008,23.07659617400003],[90.34033009300003,23.073278983000023],[90.34013976500006,23.07135868100005],[90.33616433500003,23.069609076000063],[90.34159857000003,23.065741883000044],[90.34289986600004,23.061578648000022],[90.34878564300004,23.056747049000023],[90.35631992000003,23.05509634300006],[90.36044478900004,23.05735379600003],[90.36551776400006,23.05615765300007],[90.36822055200008,23.058617479000077],[90.37579081800004,23.055037148000054],[90.38343285700006,23.056262575000062],[90.38493963400003,23.054687682000065],[90.38461283600003,23.051113540000074],[90.38994142500007,23.051767261000066],[90.39444008900006,23.047310018000076],[90.40840496100003,23.041739973000062],[90.41226124300005,23.042397307000044],[90.42164464500007,23.03991833500004],[90.42373481400006,23.036267810000027],[90.42320377700008,23.031477623000058],[90.42140488700005,23.028535305000048],[90.41308782700008,23.023372667000046],[90.40755056400008,23.017080622000037],[90.40789379100005,23.007083773000033],[90.41734377400007,23.007187876000046],[90.43140440200006,23.012617057000057],[90.44263667200005,23.012824871000078],[90.45736265900007,23.015412275000074],[90.45943384000003,23.017174546000035],[90.46098698400004,23.022093743000028],[90.45821767500007,23.02783792400004],[90.46003018700009,23.029171286000064],[90.46198126100006,23.025867323000057],[90.46237106400008,23.019078231000037],[90.47664505300008,23.025010844000064],[90.49121665300004,23.034287479000056],[90.49637387500007,23.039338470000075],[90.49781582600008,23.048755603000075],[90.48739487900008,23.05020910500008],[90.48692781800008,23.055201407000027],[90.48260458300007,23.065629976000025],[90.49851037500008,23.06904484200004],[90.49917289400008,23.07694906100005],[90.50309066600005,23.088504192000073],[90.51337530000006,23.102811237000026],[90.52304522100007,23.111336134000055],[90.54540270200005,23.125887298000066],[90.55627591500007,23.13516920400008],[90.56024240100004,23.142740675000027],[90.56405241400006,23.146514197000045],[90.55492267200003,23.163822312000036],[90.55313135900008,23.15627811400003],[90.54798335200007,23.147620975000052],[90.54181119800006,23.143565007000063],[90.53298380900009,23.142595252000035],[90.52708692200008,23.142568784000048],[90.52534716100007,23.14824737200007],[90.52005626400006,23.146477496000045],[90.51691073500007,23.14866482000008],[90.50773155100006,23.148517946000027],[90.50155948900004,23.152546715000028],[90.50047733100007,23.153787692000037],[90.50141865100005,23.156865553000046],[90.50595186900006,23.15973600700005],[90.50829436700008,23.16338348100004],[90.50207499800007,23.160140219000027],[90.49084813300004,23.16059563600004],[90.48881863200006,23.157248968000033],[90.48630834100004,23.156839518000027]]]]}},{"type":"Feature","id":"shariatpur-naria","properties":{"canonical_id":"shariatpur-naria","name_en":"Naria","name_bn":"নড়িয়া","district_id":"shariatpur","division_id":"dhaka","pcode":"BD-C-62-395","parent_pcode":"BD3086","source_name":"Naria","match_method":"exact_name_or_alias","boundary_reference_year":"2020","boundary_source":"geoBoundaries gbOpen BGD ADM3 / BBS, OCHA ROAP","source_dataset_updated":"2026-08-09"},"geometry":{"type":"MultiPolygon","coordinates":[[[[90.50472586300003,23.321511447000034],[90.50480824600004,23.32244439400006],[90.50404820200004,23.323855974000026],[90.49974508200006,23.323033648000035],[90.50234701600004,23.321449651000023],[90.50472586300003,23.321511447000034]]],[[[90.50210660100004,23.301869296000064],[90.50428280000006,23.315714306000075],[90.49806751800008,23.32103763300006],[90.49182313600005,23.322575451000034],[90.48996469100007,23.32456569200008],[90.49812487700007,23.322321818000034],[90.49519210200003,23.325378030000024],[90.50479276800007,23.32643868300005],[90.50654883400006,23.327004912000064],[90.50528110600004,23.328993986000057],[90.50580569700008,23.332722881000052],[90.50583758700003,23.33355606200007],[90.50612555000004,23.33662405900003],[90.51113868700008,23.337533651000058],[90.51109961600008,23.340743840000073],[90.50206562500006,23.341571343000055],[90.49854327100007,23.338117914000065],[90.49039242100008,23.338834100000042],[90.49095656400004,23.343111105000048],[90.48686884600005,23.34634691900004],[90.48570798000009,23.36942334300005],[90.49127370300005,23.37195775200007],[90.49399265600005,23.381207871000072],[90.49605960600007,23.381479089000038],[90.49609832400006,23.384979761000068],[90.49856431200004,23.38873974200004],[90.50317164600006,23.39084431400005],[90.50923548100008,23.39679933000008],[90.49961455700009,23.403927918000022],[90.48692272600005,23.40463471000004],[90.46962075400006,23.411171549000073],[90.44872045000005,23.415323156000056],[90.43196059800005,23.416314328000055],[90.43019815700006,23.41385942900007],[90.43276000200007,23.409495122000067],[90.43050710600005,23.406679136000037],[90.42234613800008,23.406815443000028],[90.42174016400008,23.401287258000025],[90.41646829200005,23.402141452000023],[90.41061252700007,23.396559369000045],[90.41601731600008,23.391907246000073],[90.41691993000006,23.389313526000024],[90.40858644400004,23.363557229000037],[90.42843848900009,23.358603773000027],[90.44025661000006,23.353207111000074],[90.41514224000008,23.32101446300004],[90.41168940900008,23.322959455000046],[90.40989833100008,23.326978750000023],[90.40791419500005,23.325669627000025],[90.39314058500008,23.330021214000055],[90.38959093300008,23.319498160000023],[90.38635150700009,23.319253255000035],[90.38463583000004,23.316796544000056],[90.38586675200008,23.31586932600004],[90.38219710400006,23.315208744000074],[90.38238737500006,23.313554107000073],[90.37911524800006,23.31336389300003],[90.37729151400004,23.310231574000056],[90.36382411300008,23.311150902000065],[90.35906477100008,23.319811010000024],[90.34933342400006,23.31729076700003],[90.34262850800008,23.318897641000035],[90.32991974500004,23.313345303000062],[90.32599533100006,23.313608697000063],[90.32282713500007,23.305038920000072],[90.31816067700004,23.30521105300005],[90.31609838200006,23.30290614300003],[90.31498388800009,23.30359602900006],[90.31275811200004,23.299305252000067],[90.32141768200006,23.292095714000027],[90.32148921000004,23.289304343000026],[90.32350283500006,23.287705863000042],[90.32272788700004,23.285429425000075],[90.32700159200004,23.284381206000035],[90.32503988500008,23.282656573000054],[90.33290715300006,23.276514510000027],[90.33453299200005,23.276867296000034],[90.34387008500005,23.258704693000027],[90.34640139500004,23.258625171000062],[90.34804724100007,23.256870237000044],[90.34668313100008,23.24800894300006],[90.34908114500007,23.245386849000056],[90.34980335000006,23.240948283000023],[90.35366241300005,23.24012835700006],[90.36616445000004,23.244452555000066],[90.36517255200005,23.243221279000068],[90.36880208800005,23.239372597000056],[90.36847607700008,23.237900400000058],[90.37124043100005,23.23674499200007],[90.37282149700007,23.228816377000044],[90.37563495400008,23.228260917000057],[90.37723430400007,23.230228003000036],[90.37948781100005,23.218298847000028],[90.38374427200006,23.215543010000033],[90.38477580000006,23.217401880000068],[90.38806431300009,23.21815371100007],[90.38846828400006,23.219913044000066],[90.39127625200007,23.220495493000044],[90.39317594800008,23.219010452000077],[90.39374445500005,23.21394201000004],[90.39930132200004,23.21420351000006],[90.40406457900008,23.217863871000077],[90.40716936600006,23.216407178000054],[90.41164648400007,23.21749643100003],[90.41685596300005,23.215989422000064],[90.41676560600007,23.21206590500003],[90.41939284200004,23.212491946000057],[90.42004666400004,23.209834466000075],[90.42285679900004,23.209579089000044],[90.42376553500009,23.20798343000007],[90.42767127500008,23.211145738000027],[90.42878397900006,23.20993509500005],[90.43144829300007,23.213730181000074],[90.43248579000004,23.213259304000076],[90.43356823400006,23.21952529200007],[90.43569246200008,23.216038857000058],[90.44948812200005,23.215477806000024],[90.44958889000009,23.226056380000045],[90.45210192800005,23.228922818000058],[90.45798920300007,23.23163827700006],[90.45971298100005,23.23711066100003],[90.47409115800008,23.242977240000073],[90.47593648300005,23.24252791500004],[90.47451739000007,23.24481643300004],[90.47599803600008,23.24954412900007],[90.47677557400004,23.248099875000037],[90.47899680000006,23.24904440800003],[90.48053027200007,23.246800665000023],[90.48459713600005,23.245173522000073],[90.48729539400006,23.246584488000053],[90.48336912200006,23.24941943500005],[90.48518473000007,23.255939622000028],[90.48322121900009,23.258393056000045],[90.48240882500005,23.28477414100007],[90.48799654400005,23.286958648000052],[90.49484065100006,23.285742037000034],[90.49660105300006,23.284996901000056],[90.49900142200005,23.279692019000038],[90.50035632200007,23.279703512000026],[90.50083100400008,23.284563424000055],[90.50255068600006,23.285682528000052],[90.50210660100004,23.301869296000064]]]]}},{"type":"Feature","id":"shariatpur-shariatpur-sadar","properties":{"canonical_id":"shariatpur-shariatpur-sadar","name_en":"Shariatpur Sadar","name_bn":"শরিয়তপুর সদর","district_id":"shariatpur","division_id":"dhaka","pcode":"BD-C-62-394","parent_pcode":"BD3086","source_name":"Shariatpur Sadar","match_method":"exact_name_or_alias","boundary_reference_year":"2020","boundary_source":"geoBoundaries gbOpen BGD ADM3 / BBS, OCHA ROAP","source_dataset_updated":"2026-08-09"},"geometry":{"type":"Polygon","coordinates":[[[90.39374445500005,23.21394201000004],[90.39317594800008,23.219010452000077],[90.39127625200007,23.220495493000044],[90.38846828400006,23.219913044000066],[90.38806431300009,23.21815371100007],[90.38477580000006,23.217401880000068],[90.38374427200006,23.215543010000033],[90.37948781100005,23.218298847000028],[90.37723430400007,23.230228003000036],[90.37563495400008,23.228260917000057],[90.37282149700007,23.228816377000044],[90.37124043100005,23.23674499200007],[90.36847607700008,23.237900400000058],[90.36880208800005,23.239372597000056],[90.36517255200005,23.243221279000068],[90.36616445000004,23.244452555000066],[90.35366241300005,23.24012835700006],[90.34980335000006,23.240948283000023],[90.34908114500007,23.245386849000056],[90.34668313100008,23.24800894300006],[90.34804724100007,23.256870237000044],[90.34640139500004,23.258625171000062],[90.34387008500005,23.258704693000027],[90.33453299200005,23.276867296000034],[90.33290715300006,23.276514510000027],[90.32503988500008,23.282656573000054],[90.32700159200004,23.284381206000035],[90.32272788700004,23.285429425000075],[90.32350283500006,23.287705863000042],[90.32148921000004,23.289304343000026],[90.32141768200006,23.292095714000027],[90.31275811200004,23.299305252000067],[90.31031469300007,23.294929058000037],[90.30801039300007,23.296756026000025],[90.30597652300008,23.294987263000053],[90.30182569500005,23.29843917200003],[90.29664192000007,23.29483638800008],[90.29549671200004,23.297964566000076],[90.29245313500007,23.29892890900004],[90.29026291400004,23.29037354700006],[90.27503493200004,23.28482133700004],[90.26171323100004,23.283715546000053],[90.25870476700004,23.287631316000045],[90.25706691200008,23.287354547000064],[90.25540779400006,23.280412469000055],[90.25697368100003,23.27348600700003],[90.25414482000008,23.273456175000035],[90.25238231900005,23.27536275500006],[90.24755228500004,23.27415323100007],[90.24211341400007,23.264340978000064],[90.23830379500004,23.264888796000037],[90.23406044300003,23.260629264000045],[90.24189743100004,23.247252804000027],[90.24176807000003,23.23106947200006],[90.25030920200004,23.234984979000046],[90.24706717700008,23.223463743000025],[90.24719003800004,23.216533947000073],[90.25420756900007,23.210471633000054],[90.26593628700005,23.209749342000066],[90.27363971300008,23.195867316000033],[90.27568968500003,23.199584297000058],[90.28377365800009,23.197198141000058],[90.28602909900007,23.192852465000044],[90.28399271600006,23.181481621000046],[90.29049395300007,23.17378812000004],[90.28854992200007,23.167079990000047],[90.29211621000007,23.145802341000035],[90.29572455000005,23.145034560000056],[90.29653883300006,23.143578673000036],[90.30799349900008,23.144745714000067],[90.30972516000008,23.137672095000028],[90.30921947000007,23.13225594200003],[90.31748308000004,23.137097165000057],[90.32348572700005,23.134455719000073],[90.32901632000005,23.13759857900004],[90.33417603400005,23.137557806000075],[90.33481331700006,23.135565748000033],[90.33909081500008,23.133582841000077],[90.34020391500007,23.137784296000063],[90.34455715000007,23.14036004600007],[90.35450269300009,23.138947441000028],[90.35373446500006,23.134204453000052],[90.36117494400008,23.133327735000023],[90.36021530100004,23.13675861200005],[90.36228411800005,23.143765923000046],[90.37108311100008,23.150531663000038],[90.37438302600003,23.155563828000027],[90.37567724300004,23.159660130000077],[90.36733687900005,23.16040358200007],[90.36820010900004,23.164596364000033],[90.37076293100006,23.165524160000075],[90.37594571200003,23.164405874000067],[90.37730215000005,23.165815761000033],[90.37487281700004,23.168550715000038],[90.37645063500008,23.17094131300007],[90.37585720000004,23.174914511000054],[90.37827835900003,23.17640878700007],[90.38181371400003,23.17456143800007],[90.38240400500007,23.17620743200007],[90.38754397600007,23.177292961000035],[90.39506202000007,23.175068491000047],[90.39860882100004,23.178414246000045],[90.39427261800006,23.17971295500007],[90.39014413100006,23.183807925000053],[90.39001275000004,23.186097029000052],[90.38418243000007,23.18718349100004],[90.38201137700008,23.19084325500006],[90.38171627100007,23.200695762000066],[90.38627726100003,23.19997891400004],[90.38962039700004,23.202441803000056],[90.38964555300004,23.209012787000063],[90.39407840100006,23.209091510000064],[90.39374445500005,23.21394201000004]]]}},{"type":"Feature","id":"shariatpur-zajira","properties":{"canonical_id":"shariatpur-zajira","name_en":"Zajira","name_bn":"জাজিরা","district_id":"shariatpur","division_id":"dhaka","pcode":"BD-C-62-396","parent_pcode":"BD3086","source_name":"Zajira","match_method":"exact_name_or_alias","boundary_reference_year":"2020","boundary_source":"geoBoundaries gbOpen BGD ADM3 / BBS, OCHA ROAP","source_dataset_updated":"2026-08-09"},"geometry":{"type":"Polygon","coordinates":[[[90.28138471800008,23.44650635800008],[90.27363539300006,23.434493899000074],[90.27056038900008,23.432746862000045],[90.27066660400004,23.430523444000073],[90.27282817800005,23.42992689400006],[90.27119578300005,23.426899744000025],[90.27066644700005,23.42924358600004],[90.26930607400004,23.427281833000052],[90.25812213400008,23.426617599000053],[90.25268822500004,23.428631806000055],[90.24523199500004,23.42762014400006],[90.24033671400008,23.425152153000056],[90.24199914100006,23.421208384000067],[90.23814088200004,23.41724713900004],[90.22905201800006,23.414826900000037],[90.22875068500008,23.413021308000054],[90.22413548600008,23.41308614600007],[90.22054752800005,23.411381191000032],[90.22200657800005,23.40848122500006],[90.22171831400004,23.39866274800005],[90.22402655900004,23.396707761000073],[90.22660231400005,23.396714211000074],[90.22700376900008,23.39467894200004],[90.22907761500005,23.39415087200007],[90.24120795400006,23.39411851400007],[90.24469382100006,23.391138412000032],[90.25838517300008,23.386259448000033],[90.26445689600007,23.379252662000056],[90.25950652600005,23.37979277200003],[90.24536002900004,23.377589526000065],[90.23564256200007,23.369604577000075],[90.23270308800005,23.36202177800004],[90.23323260800004,23.356921829000044],[90.23683737400006,23.35505504100007],[90.24271956000007,23.355262261000064],[90.24456875900006,23.348634762000074],[90.24837520600005,23.349388110000064],[90.24716767200005,23.34315889900006],[90.23759944400007,23.33659762600007],[90.22790126500007,23.332691676000024],[90.23097496700007,23.328098363000038],[90.23841976200004,23.326908958000047],[90.24401662200006,23.316839165000033],[90.24243015600007,23.303614329000027],[90.23764223400008,23.29842140100004],[90.23897101800009,23.297391300000072],[90.23777532400004,23.295581974000072],[90.23919279000006,23.28912733900006],[90.23589589400007,23.286581598000055],[90.23290023100003,23.274260906000052],[90.23017921400003,23.26996174800007],[90.22782386600005,23.26283011000004],[90.22980205700009,23.261162867000053],[90.23406044300003,23.260629264000045],[90.23830379500004,23.264888796000037],[90.24211341400007,23.264340978000064],[90.24755228500004,23.27415323100007],[90.25238231900005,23.27536275500006],[90.25414482000008,23.273456175000035],[90.25697368100003,23.27348600700003],[90.25540779400006,23.280412469000055],[90.25706691200008,23.287354547000064],[90.25870476700004,23.287631316000045],[90.26171323100004,23.283715546000053],[90.27503493200004,23.28482133700004],[90.29026291400004,23.29037354700006],[90.29245313500007,23.29892890900004],[90.29549671200004,23.297964566000076],[90.29664192000007,23.29483638800008],[90.30182569500005,23.29843917200003],[90.30597652300008,23.294987263000053],[90.30801039300007,23.296756026000025],[90.31031469300007,23.294929058000037],[90.31275811200004,23.299305252000067],[90.31498388800009,23.30359602900006],[90.31609838200006,23.30290614300003],[90.31816067700004,23.30521105300005],[90.32282713500007,23.305038920000072],[90.32599533100006,23.313608697000063],[90.32991974500004,23.313345303000062],[90.34262850800008,23.318897641000035],[90.34933342400006,23.31729076700003],[90.35906477100008,23.319811010000024],[90.36382411300008,23.311150902000065],[90.37729151400004,23.310231574000056],[90.37911524800006,23.31336389300003],[90.38238737500006,23.313554107000073],[90.38219710400006,23.315208744000074],[90.38586675200008,23.31586932600004],[90.38463583000004,23.316796544000056],[90.38635150700009,23.319253255000035],[90.38959093300008,23.319498160000023],[90.39314058500008,23.330021214000055],[90.40791419500005,23.325669627000025],[90.40989833100008,23.326978750000023],[90.41168940900008,23.322959455000046],[90.41514224000008,23.32101446300004],[90.44025661000006,23.353207111000074],[90.42843848900009,23.358603773000027],[90.40858644400004,23.363557229000037],[90.41691993000006,23.389313526000024],[90.41601731600008,23.391907246000073],[90.41061252700007,23.396559369000045],[90.41646829200005,23.402141452000023],[90.41052094800006,23.40514594700005],[90.40768985600005,23.403702448000047],[90.40615611700008,23.400421851000033],[90.40358561400006,23.40014566600007],[90.40346986800006,23.40312795400007],[90.40171846500004,23.40288236600003],[90.39930745500004,23.40827723800004],[90.39630215000005,23.409323107000034],[90.39545149500003,23.411466060000066],[90.38857910400009,23.410557994000044],[90.39025115700008,23.41396487700007],[90.35994072100004,23.43010042700007],[90.32858594200007,23.436178703000053],[90.31798639700008,23.43954791300007],[90.30243300500007,23.451460501000042],[90.28857608600003,23.445543076000035],[90.28138471800008,23.44650635800008]]]}},{"type":"Feature","id":"tangail-basail","properties":{"canonical_id":"tangail-basail","name_en":"Basail","name_bn":"বাসাইল","district_id":"tangail","division_id":"dhaka","pcode":"BD-C-63-405","parent_pcode":"BD3093","source_name":"Basail","match_method":"exact_name_or_alias","boundary_reference_year":"2020","boundary_source":"geoBoundaries gbOpen BGD ADM3 / BBS, OCHA ROAP","source_dataset_updated":"2026-08-09"},"geometry":{"type":"Polygon","coordinates":[[[90.05620313700007,24.30277681700005],[90.05593553000006,24.306332699000052],[90.05069850700005,24.311369310000032],[90.04676629700003,24.306920621000074],[90.04401377200008,24.306613226000024],[90.04094129000003,24.29772828800003],[90.03517580000005,24.29249906900003],[90.01649900700005,24.302735511000037],[90.00706194600008,24.303913790000024],[90.00446841100006,24.301174369000023],[90.00534067500007,24.29625359100004],[89.99665560500006,24.28980817400003],[89.99226381400007,24.289258192000034],[89.99164285700004,24.286913784000035],[89.97961368300008,24.295405566000056],[89.97754774300006,24.293013484000028],[89.96991406000006,24.29168615100008],[89.96870042500007,24.29306611100003],[89.97131263800009,24.286656717000028],[89.96983454900004,24.282825724000077],[89.97476607800007,24.282032369000035],[89.97675035400005,24.278424388000076],[89.97173102500005,24.27593634300007],[89.96551486400006,24.283398903000034],[89.96544080400008,24.280570168000054],[89.97815780100007,24.264102039000022],[89.98077899300006,24.262539848000074],[89.97792052600005,24.25640443800006],[89.98109940000006,24.248559956000065],[89.98510100300007,24.24857281800007],[89.98599948400005,24.243893727000057],[89.98235931900007,24.228957671000046],[89.98306569200008,24.226705373000073],[89.98495679500007,24.22619921000006],[89.98564286300007,24.220584699000028],[89.98414700300003,24.208851843000048],[89.97609152900009,24.20867522900005],[89.97562109200004,24.204892391000044],[89.97275958300008,24.20436409200005],[89.97374211000005,24.197169048000035],[89.97770605400007,24.18861737900005],[89.98286306200004,24.19068866300006],[89.98456137700003,24.18971280900007],[89.98443669300008,24.187720081000066],[89.97756631600004,24.18359153700004],[89.97821856300004,24.171145890000048],[89.98132038000006,24.170780498000056],[89.98223850400007,24.172362365000026],[89.98696308400008,24.17334904100005],[89.99252585800008,24.178739352000036],[89.99654717900006,24.176853470000026],[89.99860460200006,24.172105412000064],[90.00302957100007,24.170219925000026],[90.00281648700008,24.17558559500003],[90.01024508900008,24.172348378000038],[90.01148259600006,24.173615616000063],[90.00941382800005,24.176915879000035],[90.01235608000007,24.177201875000037],[90.01328993700008,24.175054403000047],[90.01969287400004,24.172116001000063],[90.02360196400008,24.16717033900005],[90.02467704400004,24.171269076000044],[90.02884797300004,24.172930827000073],[90.03101744600008,24.17239072900003],[90.02960324000009,24.16877758100003],[90.03214783500005,24.170164068000076],[90.03345273200006,24.16837937100007],[90.04333483000005,24.173446182000077],[90.04249393700007,24.184406366000076],[90.04807146500008,24.18717927000006],[90.05057739500006,24.185843396000053],[90.05196481300004,24.187483392000047],[90.05655900400006,24.179179524000062],[90.05527432000008,24.16954212400003],[90.05906138800003,24.163978022000038],[90.06212394200008,24.164049628000043],[90.06022075900006,24.16767962600005],[90.06208422100008,24.173520427000028],[90.06726469600005,24.17490410000005],[90.06995456000004,24.17372363100003],[90.07987314000007,24.175114226000062],[90.08180211200005,24.16823917100004],[90.08787032300006,24.163576895000062],[90.08825200800004,24.160310983000045],[90.09070834500005,24.159779467000078],[90.09970057500004,24.16296729100003],[90.10085860200007,24.166610440000056],[90.09856985200008,24.169958914000063],[90.10708386600004,24.16417259600007],[90.11601527600004,24.168379],[90.11791050200009,24.170858],[90.11519295200009,24.173194887000022],[90.11646329400008,24.175254945000063],[90.11806796400003,24.176148457000068],[90.12117714500005,24.17475676300006],[90.12300430400006,24.17760098800005],[90.12200190500005,24.17855581300006],[90.11404454900008,24.175716282000053],[90.11518077300008,24.178823614000066],[90.11919253700006,24.17885891800006],[90.11608928100009,24.180813947000047],[90.11567191400007,24.182686174000025],[90.11682575000003,24.18643871000006],[90.11439524000008,24.18636208500004],[90.11117419200008,24.192221240000038],[90.10770005100005,24.189459903000056],[90.10646711300006,24.191319129000078],[90.11042069200005,24.196229791000064],[90.11500341900006,24.19754904200005],[90.11467866200007,24.199140068000077],[90.11247302600003,24.20030911200007],[90.11140083000004,24.19702108000007],[90.10916219200004,24.197009153000067],[90.10918049700007,24.201882530000034],[90.10413186800008,24.20218525200005],[90.10702779200005,24.203171698000062],[90.10748588800004,24.204870541000048],[90.10380486500009,24.205363651000027],[90.10158690300005,24.209102744000063],[90.09956594300007,24.206721861000062],[90.09755088200006,24.20754508500005],[90.09896928000006,24.21036444600003],[90.09777784800008,24.213405082000065],[90.09571763000008,24.212435440000036],[90.09628221200006,24.21060552000006],[90.09116573800009,24.211241478000034],[90.09646279300006,24.215014199000052],[90.09184543300006,24.216649605000043],[90.09199541700008,24.217649254000037],[90.09831927900007,24.222343686000045],[90.09637580100008,24.22374151500003],[90.09131037000003,24.220293249000065],[90.09274692300005,24.224373757000023],[90.09078925200004,24.227587537000034],[90.09415396000009,24.228372414000034],[90.09400555100007,24.22997457200006],[90.09763290600006,24.229162788000053],[90.09963185500004,24.231326369000044],[90.10277256100005,24.22741395500003],[90.10429465000004,24.22788597600004],[90.104909,24.231645721000064],[90.10082954800004,24.231782830000043],[90.09690565900007,24.23697825800008],[90.09728654800006,24.237953478000065],[90.09896916400004,24.237296440000023],[90.10164010900007,24.233106055000064],[90.10139886000007,24.23591236900006],[90.10472472500004,24.23552569000003],[90.10496045000008,24.238459257000045],[90.09906041000005,24.241841770000065],[90.09992119900005,24.242778848000057],[90.10320857400006,24.241767320000065],[90.10537685900005,24.244361424000033],[90.10175275600005,24.24470936700004],[90.10067866200006,24.250089802000048],[90.09603163000008,24.247437381000054],[90.09930962600004,24.25080536300004],[90.09881076500005,24.255788559000052],[90.09479949000007,24.25135016400003],[90.09024046400003,24.254212711000037],[90.08812611500008,24.249276802000054],[90.08578283000008,24.248358564000057],[90.08686768400008,24.257467906000045],[90.08562207900007,24.258385366000027],[90.08023910200006,24.256923414000028],[90.08026802300003,24.259837365000067],[90.07491823700008,24.26248027400004],[90.08366611900004,24.263396982000074],[90.08961498000008,24.266174334000027],[90.08811075700004,24.26764065900005],[90.08087930600004,24.264970066000046],[90.07819345200005,24.265604277000023],[90.08251957800007,24.269097955000063],[90.08227208600005,24.27491359000004],[90.08504382400008,24.27305993400006],[90.08821056000005,24.279751427000065],[90.08168072500007,24.277508359000024],[90.08455909800006,24.283149542000046],[90.08108357600008,24.283152564000034],[90.08075107100007,24.28712457200004],[90.07466550700008,24.285191445000066],[90.07491623200008,24.282690580000065],[90.06736196000008,24.28087585700007],[90.06888591600006,24.285009582000043],[90.06691708500006,24.28805368700006],[90.07464054900004,24.291486207000048],[90.07492463300008,24.295958606000056],[90.07136039900007,24.294891157000052],[90.06781057700005,24.299974415000065],[90.06776497500005,24.295871082000076],[90.07126741600007,24.292168615000037],[90.06865847400007,24.291522333000046],[90.06404004600006,24.293566713000075],[90.05909212700004,24.291303377000077],[90.05893246500005,24.294988499000056],[90.06235778700005,24.29809978700007],[90.06108443800008,24.300152827000034],[90.05746688300007,24.298998707000067],[90.05620313700007,24.30277681700005]]]}},{"type":"Feature","id":"tangail-bhuapur","properties":{"canonical_id":"tangail-bhuapur","name_en":"Bhuapur","name_bn":"ভুয়াপুর","district_id":"tangail","division_id":"dhaka","pcode":"BD-C-63-406","parent_pcode":"BD3093","source_name":"Bhuapur","match_method":"exact_name_or_alias","boundary_reference_year":"2020","boundary_source":"geoBoundaries gbOpen BGD ADM3 / BBS, OCHA ROAP","source_dataset_updated":"2026-08-09"},"geometry":{"type":"Polygon","coordinates":[[[89.87973919900008,24.485628992000045],[89.88553750300008,24.490592504000062],[89.88578133600004,24.495861029000025],[89.89265696400008,24.49740598900007],[89.89138993200004,24.49950440200007],[89.89319517300004,24.507654588000037],[89.89201067900007,24.50907737600005],[89.88833967900007,24.507906787000024],[89.88507218800004,24.508805816000063],[89.88248285800006,24.513819261000037],[89.88278143200006,24.516184680000038],[89.87645571200005,24.517629228000033],[89.87664501200004,24.521852281000065],[89.87902672000007,24.52467210700007],[89.88367323800009,24.522250178000036],[89.88595640000005,24.523691917000065],[89.88805759700006,24.527909048000026],[89.88720536400007,24.532868522000058],[89.88866341900007,24.537822936000055],[89.89316793300009,24.541318644000057],[89.88705854200003,24.543858310000076],[89.88218392900006,24.543916108000076],[89.88151688400006,24.54123260500006],[89.88337966600005,24.536481121000065],[89.87294451700006,24.53658615300003],[89.86976464800006,24.533074621000026],[89.86407602500003,24.536769781000032],[89.86038836100005,24.53343935600003],[89.86029721300008,24.52686644100004],[89.85646996700007,24.532680967000033],[89.85522173100009,24.53800227000005],[89.85396548600005,24.537887599000044],[89.85300604200006,24.536196609000058],[89.85594313900003,24.527152491000038],[89.85534751800003,24.525162686000044],[89.83556486300006,24.52903283300003],[89.83232157600008,24.533782761000055],[89.83071295000008,24.549154599000076],[89.82705863300004,24.54821510800008],[89.82689154700006,24.55012511600006],[89.82899216000004,24.552043923000042],[89.83374379600008,24.551894006000055],[89.83675631200003,24.556021953000027],[89.84214333900007,24.55819247000005],[89.84081244700008,24.560102400000062],[89.84302885000005,24.560785487000032],[89.84202089600007,24.569465558000047],[89.83476066200006,24.571820115000037],[89.83165684400007,24.570890933000044],[89.83077895800005,24.573773306000078],[89.81805482700008,24.57570310500006],[89.81322818100006,24.575245050000035],[89.80990221300004,24.572892098000068],[89.81137883500008,24.566602845000034],[89.80871135800004,24.567722229000026],[89.79281857300003,24.567430830000035],[89.79065855400006,24.56857260700008],[89.78906852000006,24.572289169000044],[89.77313986700005,24.564547361000052],[89.76999532400004,24.561425550000024],[89.76741957300004,24.556515153000078],[89.76992513800008,24.540015330000074],[89.76491317100005,24.539831483000057],[89.75917392400004,24.537575236000066],[89.74628402500008,24.537309683000046],[89.74859076900003,24.534927492000065],[89.74450382900005,24.532702786000073],[89.75001868200007,24.529461753000078],[89.74756664700004,24.520319302000075],[89.73855874500003,24.523059191000073],[89.73417091700009,24.518364648000045],[89.73742629600008,24.514865489000044],[89.74211293600007,24.513725417000046],[89.74950898800006,24.509248554000067],[89.75027861400008,24.50487961400006],[89.75551375800006,24.50632478800003],[89.75815605000008,24.499551874000076],[89.74740952000008,24.483011876000035],[89.74902289500005,24.48046987500004],[89.75542558200004,24.485251952000056],[89.75798296000005,24.485072050000042],[89.75767706600004,24.483435687000053],[89.74917496500007,24.47298620400005],[89.74257091000004,24.47120487600006],[89.74345496100005,24.462560739000025],[89.74215218900008,24.456791183000064],[89.74314224800008,24.455282305000026],[89.75516947000006,24.455340080000042],[89.74803183000006,24.44119024300005],[89.74657818600008,24.430542161000062],[89.76131372900005,24.394876321000027],[89.77611108600007,24.394432081000048],[89.78936098700007,24.39822978600006],[89.79273899000003,24.396069624000063],[89.79624462500004,24.38920057000007],[89.80598273300006,24.388801276000038],[89.80808457700005,24.391608347000044],[89.81782734400008,24.39064662800007],[89.81949738400004,24.398019758000032],[89.82418033100004,24.398794103000057],[89.81942594100008,24.404914364000035],[89.82342911900008,24.405312536000054],[89.82652310500004,24.402757276000045],[89.82589728700003,24.40646356700006],[89.83347313200005,24.40709133400003],[89.83710904200007,24.40531319200005],[89.84035470000003,24.400307918000067],[89.84745516900006,24.39899771200004],[89.85195272000004,24.400621702000024],[89.85438803200003,24.395899830000076],[89.86480008600006,24.39792923400006],[89.86614943900008,24.404019043000062],[89.86741733400004,24.40411555700007],[89.86804362800007,24.402038209000068],[89.87131533600007,24.401368716000036],[89.87736759000006,24.40267940600006],[89.87787522200006,24.397542374000068],[89.88041611000006,24.397768504000055],[89.88417765000008,24.39510420000005],[89.88556193100004,24.39866212000004],[89.88447468600003,24.40161246100007],[89.88069925600007,24.404754882000077],[89.87578589300006,24.412400356000035],[89.87963055600005,24.413650422000046],[89.88182545200004,24.416705483000044],[89.88109882800006,24.42864219300003],[89.88389005600004,24.428185430000042],[89.88569051100006,24.429401020000057],[89.88514917000003,24.432813516000067],[89.89427342700003,24.435826074000033],[89.89306310900008,24.43943908600005],[89.88515863200007,24.446532305000062],[89.88181298200004,24.46183469400006],[89.87687744400006,24.462470319000033],[89.87538573800003,24.46861241000005],[89.87777334200007,24.472566897000036],[89.87378425800006,24.478306704000033],[89.87358299300007,24.48251139200005],[89.87455936300006,24.48721888700004],[89.87973919900008,24.485628992000045]]]}},{"type":"Feature","id":"tangail-delduar","properties":{"canonical_id":"tangail-delduar","name_en":"Delduar","name_bn":"দেলদুয়ার","district_id":"tangail","division_id":"dhaka","pcode":"BD-C-63-407","parent_pcode":"BD3093","source_name":"Delduar","match_method":"exact_name_or_alias","boundary_reference_year":"2020","boundary_source":"geoBoundaries gbOpen BGD ADM3 / BBS, OCHA ROAP","source_dataset_updated":"2026-08-09"},"geometry":{"type":"Polygon","coordinates":[[[89.97374211000005,24.197169048000035],[89.96974681200004,24.199410534000037],[89.96433829400007,24.19943928300006],[89.95826538900008,24.193838949000053],[89.95180517200004,24.192726092000044],[89.94992944200004,24.191039300000057],[89.94956719100009,24.195958306000023],[89.95207661500007,24.197536916000047],[89.95304183400003,24.201139340000054],[89.95138058800006,24.210445286000038],[89.95539145700008,24.210467400000027],[89.95523890200008,24.21285634800006],[89.95353521600003,24.215299022000067],[89.94900902000006,24.216018451000025],[89.94931128300004,24.219025677000047],[89.94738523200004,24.221358692000024],[89.94890034600007,24.223816503000023],[89.94846650100004,24.22657001600004],[89.94042595200006,24.22775197900006],[89.93604387600004,24.222364817000027],[89.93253142400005,24.224321572000065],[89.92867006100005,24.220902858000045],[89.92866646100003,24.21686550900006],[89.93107428800005,24.21535712700006],[89.93250826700006,24.210440917000028],[89.93610670500004,24.20685107500003],[89.93564750200005,24.204509870000038],[89.92507396700006,24.209980192000046],[89.92173810700007,24.208789662000072],[89.91833365200006,24.21295675700003],[89.91412270900008,24.215175774000045],[89.90865948800007,24.21156088400005],[89.90436490000008,24.212296622000054],[89.90037904300004,24.20933718300006],[89.89742851200003,24.20917885700004],[89.89568339500005,24.199977903000047],[89.89404975600007,24.199906777000024],[89.89325646600008,24.186946256000056],[89.89218621100008,24.18231032500006],[89.89009737400005,24.18015354000005],[89.88927398500005,24.173793188000047],[89.89668908400006,24.162079172000062],[89.89667716300005,24.159306290000075],[89.89208439900005,24.15775127200004],[89.88395958000007,24.161420835000058],[89.86804607600004,24.16423553000004],[89.85824491400007,24.159932513000058],[89.85824429600007,24.158542126000043],[89.86141441800004,24.157905448000065],[89.86171349500006,24.150698619000025],[89.85847651600005,24.14824059700004],[89.85191741900007,24.150267174000078],[89.85062290900004,24.14348783500003],[89.85345108400008,24.139244889000054],[89.85102451900008,24.136937078000074],[89.86667628500004,24.133585364000055],[89.87021810100003,24.133970024000064],[89.87520779000005,24.128183985000078],[89.87919310600006,24.128100819000053],[89.88028220500007,24.12571830400003],[89.86658929500004,24.12523333100006],[89.86316603100005,24.12292370800003],[89.87878692700008,24.11363429000005],[89.88316634600005,24.11658333300005],[89.88562531400004,24.113103274000025],[89.88968676500008,24.11189933000003],[89.89479816200009,24.101431196000078],[89.91265771800005,24.098075679000033],[89.91207282500005,24.08736310100005],[89.90764819600008,24.087465493000025],[89.90637748300009,24.08917012200004],[89.90190918600007,24.088792484000066],[89.90110365400005,24.07876954900007],[89.90418986000003,24.078088448000074],[89.90414041500009,24.07553793200003],[89.91037527300006,24.075572760000057],[89.91370467300004,24.07375128600006],[89.91438185900006,24.063655277000066],[89.92179573400006,24.060980045000065],[89.93353623400003,24.06209712800006],[89.93279879200009,24.059748977000027],[89.93437104900005,24.05617795300003],[89.93771502200008,24.05427071400004],[89.93755806100006,24.058492682000065],[89.94028035200006,24.06094321200004],[89.94181505500006,24.065931883000076],[89.94632351000007,24.066435386000023],[89.95083354800005,24.069335699000078],[89.95542405200007,24.069487266000067],[89.95758907700008,24.071562483000037],[89.96769654500008,24.072984148000046],[89.96792819300003,24.062442394000072],[89.96373982400007,24.058526527000026],[89.96337990300003,24.05734208100006],[89.96478591800008,24.057156685000052],[89.96920940400008,24.061180396000054],[89.97487768000008,24.07070766800007],[89.97660438800006,24.070889717000057],[89.97804646700007,24.076305344000048],[89.98281087200007,24.077038696000045],[89.98357919700004,24.081376528000078],[89.97951887100004,24.08319321500005],[89.97481765600008,24.082134611000072],[89.97674375600008,24.08563209400006],[89.97562229700009,24.086641275000034],[89.97622338300005,24.08986870800004],[89.97857077000003,24.092117522000024],[89.97764406300007,24.095702064000022],[89.96748348800008,24.096199272000035],[89.96671834200004,24.09916337800007],[89.97605617000005,24.10948220000006],[89.97450067500006,24.117897726000024],[89.98064738200009,24.11873410900006],[89.98660346600008,24.116934512000057],[89.98785916000008,24.119421301000045],[89.99088120400006,24.120157637000034],[89.99198995600005,24.11852286800007],[89.99504733900005,24.120024604000037],[89.99705879900006,24.124425040000062],[90.00322012700008,24.12586115600004],[90.00491148100008,24.13016834600006],[90.00396859400007,24.13270360200005],[90.00726060500006,24.13587999400005],[90.00557461100004,24.138174243000037],[90.00256191600005,24.138097550000055],[90.00343187400006,24.143244190000075],[90.00702094200005,24.145930581000073],[90.00511766900007,24.148756036000066],[90.00720825200005,24.151125772000057],[90.01043200200007,24.151677113000062],[90.01615319800004,24.14934236000005],[90.02273651500008,24.15301423300008],[90.03008396100006,24.162960772000076],[90.02874686600006,24.166554140000073],[90.02360196400008,24.16717033900005],[90.01969287400004,24.172116001000063],[90.01328993700008,24.175054403000047],[90.01235608000007,24.177201875000037],[90.00941382800005,24.176915879000035],[90.01148259600006,24.173615616000063],[90.01024508900008,24.172348378000038],[90.00281648700008,24.17558559500003],[90.00302957100007,24.170219925000026],[89.99860460200006,24.172105412000064],[89.99654717900006,24.176853470000026],[89.99252585800008,24.178739352000036],[89.98696308400008,24.17334904100005],[89.98223850400007,24.172362365000026],[89.98132038000006,24.170780498000056],[89.97821856300004,24.171145890000048],[89.97756631600004,24.18359153700004],[89.98443669300008,24.187720081000066],[89.98456137700003,24.18971280900007],[89.98286306200004,24.19068866300006],[89.97770605400007,24.18861737900005],[89.97374211000005,24.197169048000035]]]}},{"type":"Feature","id":"tangail-dhanbari","properties":{"canonical_id":"tangail-dhanbari","name_en":"Dhanbari","name_bn":"ধনবাড়ী","district_id":"tangail","division_id":"dhaka","pcode":"BD-C-63-416","parent_pcode":"BD3093","source_name":"Dhanbari","match_method":"exact_name_or_alias","boundary_reference_year":"2020","boundary_source":"geoBoundaries gbOpen BGD ADM3 / BBS, OCHA ROAP","source_dataset_updated":"2026-08-09"},"geometry":{"type":"Polygon","coordinates":[[[89.98962026400005,24.72754833600004],[89.98572355900006,24.728624456000034],[89.98180737800004,24.725041915000077],[89.97898577900008,24.725701410000056],[89.97351249900004,24.72382820300004],[89.96519302700005,24.727180575000034],[89.96122072300005,24.73225642500006],[89.95778976300005,24.731111887000054],[89.95766572100007,24.733309891000033],[89.96240089200006,24.735260260000075],[89.96054964500007,24.735827638000046],[89.95796302200006,24.744275318000064],[89.95463251300004,24.745683257000053],[89.94852370500007,24.744388655000023],[89.94489309000005,24.745585162000054],[89.94129267900007,24.743520104000027],[89.94021478400003,24.748560931000043],[89.94125987400008,24.75150616600007],[89.93543654700005,24.755498497000076],[89.93576731500008,24.757187522000038],[89.92640440300005,24.75446136000005],[89.92155532200007,24.756468400000074],[89.92126996000007,24.75414547200006],[89.92402182000006,24.751809440000045],[89.92886585100007,24.751229287000058],[89.92904729800006,24.74955234300006],[89.92640822500005,24.75007094500006],[89.925022,24.748654575000046],[89.92746518700005,24.74426761500007],[89.91709502900005,24.746187070000076],[89.91649250000006,24.743687840000064],[89.91299973900004,24.741785293000078],[89.91158739700006,24.736127943000042],[89.90944665500007,24.736271732000034],[89.90742631500007,24.734482267000033],[89.90179184000004,24.742004721000058],[89.89992292400007,24.74024122000003],[89.90240360700005,24.73861719100006],[89.90274352200004,24.73467404400003],[89.89945129800003,24.73643865500003],[89.89263053600007,24.737014197000065],[89.88947505900006,24.73907672400003],[89.88865950700006,24.74185894200008],[89.88024437900003,24.741439830000047],[89.88435484400009,24.738867396000046],[89.88107783700008,24.73724537700008],[89.87822734900004,24.73151769900005],[89.87827188200004,24.727355354000053],[89.88073039300008,24.722432911000055],[89.87930212900005,24.714197870000078],[89.87999342900008,24.708265293000068],[89.89409642600003,24.696291089000056],[89.89940953800004,24.681494885000063],[89.89706969600007,24.680709814000068],[89.89460788100007,24.675505936000036],[89.89123507700003,24.674263953000036],[89.88381976000005,24.67475118400006],[89.87806152200005,24.679043940000042],[89.86544657400003,24.661475840000037],[89.86610527700003,24.657192081000062],[89.86969508300007,24.65190612600003],[89.86881272200009,24.64900735200007],[89.85921839000008,24.64553845300003],[89.84958617400008,24.646557029000064],[89.84334707200009,24.645290189000036],[89.84207100900005,24.643148936000046],[89.84410670300008,24.639589796000053],[89.84774962300008,24.63795768400007],[89.85737269200007,24.63708315300005],[89.86168363700006,24.635669221000057],[89.86421544000007,24.632995355000048],[89.86533018500006,24.636672780000026],[89.86774130800006,24.63536025800005],[89.87174600600008,24.64067317200005],[89.87404013100007,24.63872146600005],[89.87283424300006,24.63482557800006],[89.87644451100005,24.63259778400004],[89.87798470900003,24.633193435000067],[89.87976810300006,24.63102390000006],[89.88468604300004,24.634535398000025],[89.88962173900006,24.629748968000058],[89.89299973900006,24.631807227000024],[89.89431280600007,24.62976701300005],[89.89811092300005,24.632833041000026],[89.90442103800007,24.630781366000065],[89.90583623900005,24.633512624000048],[89.90425681000005,24.639241609000067],[89.89809689800006,24.643651185000067],[89.90107846000006,24.64431361100003],[89.90002594400005,24.645239781000043],[89.90108482800008,24.650342196000054],[89.90881708000006,24.65701182500004],[89.91167567400004,24.65564524800004],[89.91298227600004,24.650382858000057],[89.92497683800008,24.64760816000006],[89.93020628800008,24.651948662000052],[89.92695154200004,24.64784395500004],[89.92750552400008,24.645748894000064],[89.93804591000008,24.647777812000072],[89.94495403600007,24.644183670000075],[89.94512106800005,24.639301026000055],[89.94048623900005,24.635822661000077],[89.94687921100007,24.632981792000066],[89.94695742300007,24.624717333000035],[89.94923018400004,24.623896239000032],[89.95211933500008,24.626720695000074],[89.95575625800006,24.62394007300003],[89.95868969300005,24.625876495000057],[89.96089605400005,24.63088737100003],[89.96332388200005,24.63202709500007],[89.96488526000007,24.629009780000047],[89.96714728900008,24.628927314000066],[89.96858697800008,24.625545846000023],[89.97290431100004,24.625557411000045],[89.97385344100007,24.626966511000035],[89.97618159400008,24.623151603000053],[89.97713137400007,24.624496332000035],[89.98542411400007,24.622437026000057],[89.98773155900005,24.62389922600005],[89.98463712600005,24.62991964200006],[89.98267106100008,24.628748705000078],[89.97809589500008,24.629961732000027],[89.98239180200005,24.634125303000076],[89.97611060900005,24.63438748300007],[89.97387939500004,24.641739400000063],[89.97196635600005,24.643337648000056],[89.97193285900005,24.646756665000055],[89.97562143000005,24.649090280000053],[89.97969555000003,24.647562854000057],[89.98312316300007,24.65120752300004],[89.98238059600004,24.652381544000036],[89.98480505000003,24.65582284100003],[89.98992343400005,24.65412533500006],[89.98759458700005,24.65712985600004],[89.98832478000008,24.659267576000047],[89.99123290600005,24.65787126400005],[89.99138469600007,24.660150053000052],[89.99412004600003,24.661350820000052],[89.99712239200005,24.658160504000023],[89.99928238800004,24.658948535000036],[90.00001680800005,24.66761432900006],[89.99662855200006,24.670070313000053],[89.99454517300006,24.664867506000064],[89.98886280800008,24.665872517000025],[89.98565545600007,24.664912076000064],[89.98440232000007,24.665886233000037],[89.98792498700004,24.667312980000077],[89.98704177700006,24.669076319000055],[89.98048586600004,24.67094909700006],[89.97872138900004,24.668623228000058],[89.97645908400006,24.66968579400003],[89.97657735700005,24.67145995000004],[89.97843173800004,24.67365771900006],[89.98733466900006,24.67735320500003],[89.99233246300008,24.676410874000055],[89.99581688600006,24.678368601000045],[89.99553529200006,24.675299558000063],[89.99746023100005,24.674814156000025],[90.00299634300006,24.679191631000037],[90.00953535300005,24.681286113000056],[90.00554521100008,24.68443493600006],[90.00526211000005,24.688325848000034],[90.00254250900008,24.69059961000005],[90.00270843700008,24.692403091000074],[89.99413858300005,24.694237533000035],[89.99009926700006,24.71139100700003],[89.99150530500003,24.717015467000067],[89.98962026400005,24.72754833600004]]]}},{"type":"Feature","id":"tangail-ghatail","properties":{"canonical_id":"tangail-ghatail","name_en":"Ghatail","name_bn":"ঘাটাইল","district_id":"tangail","division_id":"dhaka","pcode":"BD-C-63-408","parent_pcode":"BD3093","source_name":"Ghatail","match_method":"exact_name_or_alias","boundary_reference_year":"2020","boundary_source":"geoBoundaries gbOpen BGD ADM3 / BBS, OCHA ROAP","source_dataset_updated":"2026-08-09"},"geometry":{"type":"Polygon","coordinates":[[[90.21906656100003,24.448506418000022],[90.21164241500009,24.449944576000064],[90.20961273200004,24.458345833000067],[90.21034210900007,24.46121523000005],[90.22273804200006,24.461651321000033],[90.22537104700007,24.468566314000043],[90.23099729500007,24.471962227000063],[90.23318853400008,24.475590754000052],[90.23847754900004,24.47666292200006],[90.24354355900005,24.481354732000057],[90.23584735700007,24.486791629000038],[90.23360441700004,24.483203870000068],[90.22728489300005,24.483218591000025],[90.22402280800009,24.48613902200003],[90.22259355700004,24.49206200200007],[90.21390259300006,24.49967194000004],[90.20708394100006,24.49733093800006],[90.20363142000008,24.50164772000005],[90.20948542800005,24.506431606000035],[90.20885711900007,24.50868927700003],[90.20019365400003,24.51172776800007],[90.19656270700006,24.514783004000037],[90.19201793900004,24.514051641000037],[90.18667919400008,24.522921272000076],[90.17959917600007,24.522803986000042],[90.17438534900003,24.517802580000023],[90.16799100800006,24.53547585800004],[90.16934532100004,24.537660578000043],[90.16125539900008,24.536689506000073],[90.15524180100005,24.54956767300007],[90.15241087500004,24.549985454000023],[90.14869181500006,24.549577098000043],[90.13790696200005,24.541627601000073],[90.11964445300003,24.532453995000026],[90.10696771600004,24.519396302000075],[90.10584971600008,24.52011793500003],[90.10985948400008,24.524989946000062],[90.10784005700003,24.526522846000034],[90.10871459400005,24.532500088000063],[90.10652693100008,24.535553239000023],[90.10910204400005,24.542066650000038],[90.10802651200004,24.545400123000036],[90.10240966600009,24.54978780400006],[90.09849929600006,24.558657840000023],[90.09597894800004,24.55733745200007],[90.08127591600004,24.555870544000072],[90.07879739600008,24.54950846500003],[90.07284910600004,24.551117969000074],[90.07108389500007,24.54314776600006],[90.06466788000006,24.54385851400008],[90.05656082000007,24.54921983500003],[90.04913408200008,24.545791518000044],[90.04359433300004,24.55246539500007],[90.04209999500006,24.551842631000056],[90.04104319500004,24.546369709000032],[90.03836603800005,24.548156434000077],[90.02947339800005,24.54654853100004],[90.02452818900008,24.542415150000068],[90.02061383200004,24.54203414600005],[90.01302564800005,24.545226575000072],[90.00924793300004,24.549097507000056],[90.00930384700007,24.554150179000032],[90.01626141500003,24.561255841000047],[90.00421561600007,24.562212892000048],[90.00439634500003,24.558989135000047],[90.00199701700006,24.557904817000065],[89.99774305700004,24.56032474500006],[89.98644507700004,24.571479415000056],[89.98634879400004,24.568571204000023],[89.98316822900006,24.565989514000023],[89.98053483300004,24.560164884000073],[89.97487249000005,24.559761008000066],[89.97476912300004,24.558158994000053],[89.97821231400007,24.55675058500003],[89.97871320700006,24.55460167700005],[89.97443957000007,24.551956417000042],[89.97384342400005,24.547394737000047],[89.97054831700007,24.544519224000055],[89.96749688000006,24.547351167000045],[89.96509413200005,24.547198785000035],[89.96520976400006,24.544130288000076],[89.96032833200007,24.543361386000072],[89.95813126700006,24.53825335500005],[89.96126567900006,24.53244284300007],[89.95487308600008,24.528695721000076],[89.95823537200005,24.525747829000068],[89.95215274100008,24.52498058300006],[89.95006959100004,24.522874948000037],[89.95448755900009,24.516369540000028],[89.94900408800004,24.517342650000046],[89.94760344400004,24.51013596400003],[89.94392763500008,24.509534031000044],[89.94196686800007,24.506433706000053],[89.94213696500003,24.497382815000037],[89.93403134500005,24.49041204400004],[89.93273577100007,24.49192486100003],[89.93017124600004,24.489022238000075],[89.91810843700006,24.490166603000034],[89.91004029300007,24.48679033800005],[89.90556616400005,24.488356313000054],[89.89726427900007,24.48852927400003],[89.88087172400003,24.478715501000067],[89.88180130700005,24.48160470700003],[89.87973919900008,24.485628992000045],[89.87455936300006,24.48721888700004],[89.87358299300007,24.48251139200005],[89.87378425800006,24.478306704000033],[89.87777334200007,24.472566897000036],[89.87538573800003,24.46861241000005],[89.87687744400006,24.462470319000033],[89.88181298200004,24.46183469400006],[89.88515863200007,24.446532305000062],[89.89306310900008,24.43943908600005],[89.89427342700003,24.435826074000033],[89.88514917000003,24.432813516000067],[89.88569051100006,24.429401020000057],[89.89106120600007,24.418743450000022],[89.89726813400006,24.421033414000078],[89.89805774700005,24.41736927100004],[89.91301640000006,24.414184715000033],[89.91926226000004,24.419515842000067],[89.92281427800003,24.41085896100003],[89.92210725900009,24.403720597000074],[89.93045798400004,24.40265720600007],[89.93818951500003,24.406373790000032],[89.93886663300003,24.408381964000057],[89.94133874000005,24.408086583000056],[89.94923837400006,24.400812565000024],[89.94716900200007,24.398011973000052],[89.95038019800006,24.39629079100007],[89.94927945200004,24.393642388000046],[89.95512247800008,24.393494076000025],[89.96099816800006,24.396326638000062],[89.96633443600007,24.389931078000075],[89.96910886500007,24.389169603000028],[89.97186852600004,24.395119902000033],[89.97931786900006,24.389466570000025],[89.98409986400009,24.389721735000023],[89.98590427000005,24.392401565000057],[89.98583602100007,24.396430912000028],[89.98439980800003,24.39656229800005],[89.98142718100007,24.392802436000068],[89.98255586700003,24.39654177500006],[89.98435776500008,24.397595315000046],[89.98817761500004,24.397347850000074],[89.98947132500007,24.394951107000054],[89.99165423900007,24.39521712000004],[89.99369831300004,24.392553373000055],[89.99395615700007,24.401322221000044],[90.00113215200008,24.398326573000077],[90.00358351300008,24.395738334000043],[90.00688769700008,24.39617739600004],[90.00532997100004,24.40106596800007],[90.00776220200004,24.403715593000072],[90.01293364100007,24.402814309000064],[90.01542255100009,24.393455910000057],[90.02837193200008,24.39978426400006],[90.03338334400007,24.397440032000077],[90.03458136000006,24.401006230000064],[90.03197037200005,24.407719185000076],[90.03587057600004,24.409673147000035],[90.03917275200007,24.40906662900005],[90.04200653000004,24.40327869300006],[90.05181799000007,24.405046466000044],[90.05650870000005,24.403541546000042],[90.05956922300004,24.398850003000064],[90.06170910500003,24.400823742000057],[90.06454727500005,24.39756882200004],[90.06802960300007,24.39638581500003],[90.07170099500007,24.39775075800003],[90.07798471000007,24.405507168000042],[90.07803476700008,24.410724741000024],[90.07518286700008,24.41412611800007],[90.07599519300004,24.41895154900004],[90.07977949200006,24.418297050000035],[90.08392483500006,24.42016327400006],[90.08625851700003,24.41954723200007],[90.08944152700008,24.421726013000068],[90.09154341200008,24.42069568900007],[90.10557400900007,24.423344175000068],[90.10726784000008,24.42581658100005],[90.11088408500007,24.425765429000023],[90.12389806400006,24.416138674000024],[90.12592820400005,24.41711413200005],[90.12426698400003,24.418922440000074],[90.12583508000006,24.420501718000025],[90.12360052200006,24.421113774000048],[90.13609916600006,24.42435733700006],[90.14738118500009,24.424772397000027],[90.15660614200004,24.421131768000066],[90.16838532300005,24.42005054300006],[90.17226679600003,24.422282684000038],[90.17173343700006,24.42564595300007],[90.17469924300008,24.42898264100006],[90.18601092600005,24.429089395000062],[90.19100262900008,24.431416773000024],[90.19879999700004,24.429862288000038],[90.20375125000004,24.431986083000027],[90.20729036100005,24.427292071000068],[90.22025551800004,24.42298759600004],[90.22192545700005,24.420045301000073],[90.22925118300003,24.419933338000078],[90.22373885800005,24.432952474000047],[90.22070620200003,24.43433089100006],[90.21906656100003,24.448506418000022]]]}},{"type":"Feature","id":"tangail-gopalpur","properties":{"canonical_id":"tangail-gopalpur","name_en":"Gopalpur","name_bn":"গোপালপুর","district_id":"tangail","division_id":"dhaka","pcode":"BD-C-63-409","parent_pcode":"BD3093","source_name":"Gopalpur","match_method":"exact_name_or_alias","boundary_reference_year":"2020","boundary_source":"geoBoundaries gbOpen BGD ADM3 / BBS, OCHA ROAP","source_dataset_updated":"2026-08-09"},"geometry":{"type":"Polygon","coordinates":[[[89.87973919900008,24.485628992000045],[89.88180130700005,24.48160470700003],[89.88087172400003,24.478715501000067],[89.89726427900007,24.48852927400003],[89.90556616400005,24.488356313000054],[89.91004029300007,24.48679033800005],[89.91810843700006,24.490166603000034],[89.93017124600004,24.489022238000075],[89.93273577100007,24.49192486100003],[89.93403134500005,24.49041204400004],[89.94213696500003,24.497382815000037],[89.94196686800007,24.506433706000053],[89.94392763500008,24.509534031000044],[89.94760344400004,24.51013596400003],[89.94900408800004,24.517342650000046],[89.95448755900009,24.516369540000028],[89.95006959100004,24.522874948000037],[89.95215274100008,24.52498058300006],[89.95823537200005,24.525747829000068],[89.95487308600008,24.528695721000076],[89.96126567900006,24.53244284300007],[89.95813126700006,24.53825335500005],[89.96032833200007,24.543361386000072],[89.96520976400006,24.544130288000076],[89.96509413200005,24.547198785000035],[89.96749688000006,24.547351167000045],[89.97054831700007,24.544519224000055],[89.97384342400005,24.547394737000047],[89.97443957000007,24.551956417000042],[89.97871320700006,24.55460167700005],[89.97821231400007,24.55675058500003],[89.97476912300004,24.558158994000053],[89.97487249000005,24.559761008000066],[89.98053483300004,24.560164884000073],[89.98316822900006,24.565989514000023],[89.98634879400004,24.568571204000023],[89.98644507700004,24.571479415000056],[89.98401885300007,24.572544917000073],[89.98437330400003,24.573839872000065],[89.98722077000008,24.579407039000046],[89.99056968600007,24.581655607000073],[89.99273177500004,24.58689127100007],[89.98678292500006,24.58708617600007],[89.98209085400003,24.589992193000057],[89.98257063400007,24.595889922000026],[89.98131894400007,24.597829882000042],[89.97759875700007,24.59888946500007],[89.97601421200005,24.597462784000072],[89.97303081400008,24.598609864000025],[89.97214414700005,24.60049280100003],[89.97172524100006,24.59777814800003],[89.97020574200008,24.59966603400005],[89.96821136700004,24.599314520000064],[89.96538379100008,24.604786508000075],[89.96259394000003,24.606099381000035],[89.95635571200006,24.60299928300003],[89.95601588600005,24.597550281000053],[89.95405720400004,24.59518001600003],[89.95303293400008,24.595352994000052],[89.95367848200004,24.60012980700003],[89.94928977700005,24.599384411000074],[89.94643404400006,24.597262114000046],[89.94496191700006,24.59867842400007],[89.93968374000008,24.608744987000023],[89.94236913600008,24.611014672000067],[89.94380862400004,24.606341909000037],[89.94546227100005,24.607301001000053],[89.94312800600005,24.61776158600003],[89.94139039200007,24.61785462200004],[89.94445530900003,24.624655465000046],[89.94695742300007,24.624717333000035],[89.94687921100007,24.632981792000066],[89.94048623900005,24.635822661000077],[89.94512106800005,24.639301026000055],[89.94495403600007,24.644183670000075],[89.93804591000008,24.647777812000072],[89.92750552400008,24.645748894000064],[89.92695154200004,24.64784395500004],[89.93020628800008,24.651948662000052],[89.92497683800008,24.64760816000006],[89.91298227600004,24.650382858000057],[89.91167567400004,24.65564524800004],[89.90881708000006,24.65701182500004],[89.90108482800008,24.650342196000054],[89.90002594400005,24.645239781000043],[89.90107846000006,24.64431361100003],[89.89809689800006,24.643651185000067],[89.90425681000005,24.639241609000067],[89.90583623900005,24.633512624000048],[89.90442103800007,24.630781366000065],[89.89811092300005,24.632833041000026],[89.89431280600007,24.62976701300005],[89.89299973900006,24.631807227000024],[89.88962173900006,24.629748968000058],[89.88468604300004,24.634535398000025],[89.87976810300006,24.63102390000006],[89.87798470900003,24.633193435000067],[89.87644451100005,24.63259778400004],[89.87283424300006,24.63482557800006],[89.87404013100007,24.63872146600005],[89.87174600600008,24.64067317200005],[89.86774130800006,24.63536025800005],[89.86533018500006,24.636672780000026],[89.86421544000007,24.632995355000048],[89.86168363700006,24.635669221000057],[89.85737269200007,24.63708315300005],[89.84774962300008,24.63795768400007],[89.84698412100005,24.63391809600006],[89.84366310800004,24.63352519400007],[89.84254997100004,24.631556275000037],[89.84522907700006,24.626867708000077],[89.85218143800006,24.62236849800007],[89.85323324100005,24.619808504000048],[89.85152813200006,24.61844305900007],[89.84183693800009,24.623770860000036],[89.84240677300005,24.61943346700008],[89.84008480100005,24.618169415000068],[89.84214533500005,24.61470797000004],[89.83611845600007,24.61248257400007],[89.83681772200003,24.608430963000046],[89.83119556900004,24.61040212000006],[89.82706030700007,24.608595619000027],[89.82885821200006,24.60590343100006],[89.83521917800005,24.603030572000023],[89.82939539900008,24.601322754000023],[89.82307265600008,24.59520161100005],[89.82373099600005,24.59238903100004],[89.82844918300003,24.588912222000033],[89.82814161800007,24.58674992400006],[89.82134700700004,24.587457209000036],[89.81587131600008,24.580726560000073],[89.81277143200003,24.584987365000075],[89.81000178100004,24.583611654000038],[89.81291834700005,24.580419233000043],[89.81129937700007,24.57762192000007],[89.81697635400008,24.577266531000078],[89.81805482700008,24.57570310500006],[89.83077895800005,24.573773306000078],[89.83165684400007,24.570890933000044],[89.83476066200006,24.571820115000037],[89.84202089600007,24.569465558000047],[89.84302885000005,24.560785487000032],[89.84081244700008,24.560102400000062],[89.84214333900007,24.55819247000005],[89.83675631200003,24.556021953000027],[89.83374379600008,24.551894006000055],[89.82899216000004,24.552043923000042],[89.82689154700006,24.55012511600006],[89.82705863300004,24.54821510800008],[89.83071295000008,24.549154599000076],[89.83232157600008,24.533782761000055],[89.83556486300006,24.52903283300003],[89.85534751800003,24.525162686000044],[89.85594313900003,24.527152491000038],[89.85300604200006,24.536196609000058],[89.85396548600005,24.537887599000044],[89.85522173100009,24.53800227000005],[89.85646996700007,24.532680967000033],[89.86029721300008,24.52686644100004],[89.86038836100005,24.53343935600003],[89.86407602500003,24.536769781000032],[89.86976464800006,24.533074621000026],[89.87294451700006,24.53658615300003],[89.88337966600005,24.536481121000065],[89.88151688400006,24.54123260500006],[89.88218392900006,24.543916108000076],[89.88705854200003,24.543858310000076],[89.89316793300009,24.541318644000057],[89.88866341900007,24.537822936000055],[89.88720536400007,24.532868522000058],[89.88805759700006,24.527909048000026],[89.88595640000005,24.523691917000065],[89.88367323800009,24.522250178000036],[89.87902672000007,24.52467210700007],[89.87664501200004,24.521852281000065],[89.87645571200005,24.517629228000033],[89.88278143200006,24.516184680000038],[89.88248285800006,24.513819261000037],[89.88507218800004,24.508805816000063],[89.88833967900007,24.507906787000024],[89.89201067900007,24.50907737600005],[89.89319517300004,24.507654588000037],[89.89138993200004,24.49950440200007],[89.89265696400008,24.49740598900007],[89.88578133600004,24.495861029000025],[89.88553750300008,24.490592504000062],[89.87973919900008,24.485628992000045]]]}},{"type":"Feature","id":"tangail-kalihati","properties":{"canonical_id":"tangail-kalihati","name_en":"Kalihati","name_bn":"কালিহাতী","district_id":"tangail","division_id":"dhaka","pcode":"BD-C-63-415","parent_pcode":"BD3093","source_name":"Kalihati","match_method":"exact_name_or_alias","boundary_reference_year":"2020","boundary_source":"geoBoundaries gbOpen BGD ADM3 / BBS, OCHA ROAP","source_dataset_updated":"2026-08-09"},"geometry":{"type":"Polygon","coordinates":[[[90.05620313700007,24.30277681700005],[90.05834713400003,24.30258351200007],[90.06507624900007,24.30676767400007],[90.06285816000008,24.313605825000025],[90.06991378900005,24.314825446000043],[90.06913500400003,24.321339554000076],[90.07293314100008,24.321888728000033],[90.07157711600007,24.326031662000048],[90.06748843000008,24.327296318000037],[90.06266536400005,24.331794046000027],[90.05539140900004,24.33344859700003],[90.05724283200004,24.339795120000076],[90.06772447900005,24.340809155000045],[90.05968769500004,24.345930261000035],[90.06624327100008,24.34960692800007],[90.07076136300003,24.348591617000068],[90.07288082700006,24.353742770000053],[90.07052499300005,24.35958077300006],[90.07138069900003,24.360842584000068],[90.08862354000007,24.35871945200006],[90.09849582600003,24.362280406000025],[90.09500867900005,24.36569331100003],[90.09496590400005,24.372783956000035],[90.09210607900008,24.37620430000004],[90.08489796600009,24.37585344000007],[90.08312866900008,24.380219655000076],[90.08568913500005,24.383858085000043],[90.08791767400004,24.384133976000044],[90.08679247600008,24.388528078000036],[90.09081010500006,24.38884579100005],[90.09222874100004,24.391947953000056],[90.09769638900008,24.392111052000075],[90.09706751000004,24.394700784000065],[90.09910937500007,24.397979166000027],[90.09766232700008,24.399919700000055],[90.09873957100007,24.40238583400003],[90.09632815900005,24.402833900000076],[90.09714441800008,24.404995384000074],[90.10360514400008,24.406732559000034],[90.10390297800006,24.410235027000056],[90.10674277300006,24.411421869000037],[90.11243711100008,24.40973161100004],[90.11520163300008,24.411111409000057],[90.10714351900003,24.414758294000023],[90.10557400900007,24.423344175000068],[90.09154341200008,24.42069568900007],[90.08944152700008,24.421726013000068],[90.08625851700003,24.41954723200007],[90.08392483500006,24.42016327400006],[90.07977949200006,24.418297050000035],[90.07599519300004,24.41895154900004],[90.07518286700008,24.41412611800007],[90.07803476700008,24.410724741000024],[90.07798471000007,24.405507168000042],[90.07170099500007,24.39775075800003],[90.06802960300007,24.39638581500003],[90.06454727500005,24.39756882200004],[90.06170910500003,24.400823742000057],[90.05956922300004,24.398850003000064],[90.05650870000005,24.403541546000042],[90.05181799000007,24.405046466000044],[90.04200653000004,24.40327869300006],[90.03917275200007,24.40906662900005],[90.03587057600004,24.409673147000035],[90.03197037200005,24.407719185000076],[90.03458136000006,24.401006230000064],[90.03338334400007,24.397440032000077],[90.02837193200008,24.39978426400006],[90.01542255100009,24.393455910000057],[90.01293364100007,24.402814309000064],[90.00776220200004,24.403715593000072],[90.00532997100004,24.40106596800007],[90.00688769700008,24.39617739600004],[90.00358351300008,24.395738334000043],[90.00113215200008,24.398326573000077],[89.99395615700007,24.401322221000044],[89.99369831300004,24.392553373000055],[89.99165423900007,24.39521712000004],[89.98947132500007,24.394951107000054],[89.98817761500004,24.397347850000074],[89.98435776500008,24.397595315000046],[89.98255586700003,24.39654177500006],[89.98142718100007,24.392802436000068],[89.98439980800003,24.39656229800005],[89.98583602100007,24.396430912000028],[89.98590427000005,24.392401565000057],[89.98409986400009,24.389721735000023],[89.97931786900006,24.389466570000025],[89.97186852600004,24.395119902000033],[89.96910886500007,24.389169603000028],[89.96633443600007,24.389931078000075],[89.96099816800006,24.396326638000062],[89.95512247800008,24.393494076000025],[89.94927945200004,24.393642388000046],[89.95038019800006,24.39629079100007],[89.94716900200007,24.398011973000052],[89.94923837400006,24.400812565000024],[89.94133874000005,24.408086583000056],[89.93886663300003,24.408381964000057],[89.93818951500003,24.406373790000032],[89.93045798400004,24.40265720600007],[89.92210725900009,24.403720597000074],[89.92281427800003,24.41085896100003],[89.91926226000004,24.419515842000067],[89.91301640000006,24.414184715000033],[89.89805774700005,24.41736927100004],[89.89726813400006,24.421033414000078],[89.89106120600007,24.418743450000022],[89.88569051100006,24.429401020000057],[89.88389005600004,24.428185430000042],[89.88109882800006,24.42864219300003],[89.88182545200004,24.416705483000044],[89.87963055600005,24.413650422000046],[89.87578589300006,24.412400356000035],[89.88069925600007,24.404754882000077],[89.88447468600003,24.40161246100007],[89.88556193100004,24.39866212000004],[89.88417765000008,24.39510420000005],[89.88041611000006,24.397768504000055],[89.87787522200006,24.397542374000068],[89.87736759000006,24.40267940600006],[89.87131533600007,24.401368716000036],[89.86804362800007,24.402038209000068],[89.86741733400004,24.40411555700007],[89.86614943900008,24.404019043000062],[89.86480008600006,24.39792923400006],[89.85438803200003,24.395899830000076],[89.85195272000004,24.400621702000024],[89.84745516900006,24.39899771200004],[89.84035470000003,24.400307918000067],[89.83710904200007,24.40531319200005],[89.83347313200005,24.40709133400003],[89.82589728700003,24.40646356700006],[89.82652310500004,24.402757276000045],[89.82342911900008,24.405312536000054],[89.81942594100008,24.404914364000035],[89.82418033100004,24.398794103000057],[89.81949738400004,24.398019758000032],[89.81782734400008,24.39064662800007],[89.80808457700005,24.391608347000044],[89.80598273300006,24.388801276000038],[89.79624462500004,24.38920057000007],[89.79273899000003,24.396069624000063],[89.78936098700007,24.39822978600006],[89.77611108600007,24.394432081000048],[89.76131372900005,24.394876321000027],[89.76472142700004,24.386205997000047],[89.76599230600004,24.375834874000077],[89.76156024200003,24.370254739000075],[89.75275398100007,24.360829421000062],[89.75135694000005,24.35251046600007],[89.75201427900004,24.34972576900003],[89.75632414700004,24.34532067200007],[89.76289202000004,24.341128986000058],[89.77437272000003,24.342241612000066],[89.78861839500007,24.33953561900006],[89.79932364200005,24.34192216200006],[89.79998981500006,24.354188945000033],[89.79853922200004,24.359501170000044],[89.80485560500006,24.363382985000044],[89.81352000300006,24.360521745000028],[89.81757880400005,24.357666954000024],[89.82079823100008,24.34798858100004],[89.83203504600004,24.348483518000023],[89.83668178900007,24.33697118500004],[89.85068331300005,24.343063538000024],[89.85408820500004,24.340253403000077],[89.86674091500004,24.336953142000027],[89.86690940400007,24.342273670000054],[89.88078385000006,24.34116016400003],[89.88219407700007,24.33958406100004],[89.88177359200006,24.328280809000034],[89.88522948000008,24.34665049700004],[89.89345053800008,24.34989839600007],[89.89554976900007,24.34395345100006],[89.89794140000004,24.342689478000068],[89.89698703400006,24.337708278000036],[89.89348095500009,24.334159121000027],[89.89015524900003,24.333498547000033],[89.89371059400008,24.32770820500008],[89.90489574800006,24.32857761400004],[89.91131000500008,24.32577368400007],[89.91672749000008,24.320692316000077],[89.91644282100003,24.310917862000053],[89.92077350300008,24.309367810000026],[89.92240257500004,24.310664178000025],[89.92700701100006,24.31066363800005],[89.93008166100003,24.301678249000076],[89.94458561100004,24.292651095000053],[89.94500275800004,24.28863313000005],[89.94779367800004,24.289904807000028],[89.95817373600005,24.288813451000067],[89.95624929800005,24.299119564000023],[89.96706720500003,24.297342988000025],[89.96870042500007,24.29306611100003],[89.96991406000006,24.29168615100008],[89.97754774300006,24.293013484000028],[89.97961368300008,24.295405566000056],[89.99164285700004,24.286913784000035],[89.99226381400007,24.289258192000034],[89.99665560500006,24.28980817400003],[90.00534067500007,24.29625359100004],[90.00446841100006,24.301174369000023],[90.00706194600008,24.303913790000024],[90.01649900700005,24.302735511000037],[90.03517580000005,24.29249906900003],[90.04094129000003,24.29772828800003],[90.04401377200008,24.306613226000024],[90.04676629700003,24.306920621000074],[90.05069850700005,24.311369310000032],[90.05593553000006,24.306332699000052],[90.05620313700007,24.30277681700005]]]}},{"type":"Feature","id":"tangail-madhupur","properties":{"canonical_id":"tangail-madhupur","name_en":"Madhupur","name_bn":"মধুপুর","district_id":"tangail","division_id":"dhaka","pcode":"BD-C-63-410","parent_pcode":"BD3093","source_name":"Madhupur","match_method":"exact_name_or_alias","boundary_reference_year":"2020","boundary_source":"geoBoundaries gbOpen BGD ADM3 / BBS, OCHA ROAP","source_dataset_updated":"2026-08-09"},"geometry":{"type":"Polygon","coordinates":[[[89.94695742300007,24.624717333000035],[89.94445530900003,24.624655465000046],[89.94139039200007,24.61785462200004],[89.94312800600005,24.61776158600003],[89.94546227100005,24.607301001000053],[89.94380862400004,24.606341909000037],[89.94236913600008,24.611014672000067],[89.93968374000008,24.608744987000023],[89.94496191700006,24.59867842400007],[89.94643404400006,24.597262114000046],[89.94928977700005,24.599384411000074],[89.95367848200004,24.60012980700003],[89.95303293400008,24.595352994000052],[89.95405720400004,24.59518001600003],[89.95601588600005,24.597550281000053],[89.95635571200006,24.60299928300003],[89.96259394000003,24.606099381000035],[89.96538379100008,24.604786508000075],[89.96821136700004,24.599314520000064],[89.97020574200008,24.59966603400005],[89.97172524100006,24.59777814800003],[89.97214414700005,24.60049280100003],[89.97303081400008,24.598609864000025],[89.97601421200005,24.597462784000072],[89.97759875700007,24.59888946500007],[89.98131894400007,24.597829882000042],[89.98257063400007,24.595889922000026],[89.98209085400003,24.589992193000057],[89.98678292500006,24.58708617600007],[89.99273177500004,24.58689127100007],[89.99056968600007,24.581655607000073],[89.98722077000008,24.579407039000046],[89.98437330400003,24.573839872000065],[89.98401885300007,24.572544917000073],[89.98644507700004,24.571479415000056],[89.99774305700004,24.56032474500006],[90.00199701700006,24.557904817000065],[90.00439634500003,24.558989135000047],[90.00421561600007,24.562212892000048],[90.01626141500003,24.561255841000047],[90.00930384700007,24.554150179000032],[90.00924793300004,24.549097507000056],[90.01302564800005,24.545226575000072],[90.02061383200004,24.54203414600005],[90.02452818900008,24.542415150000068],[90.02947339800005,24.54654853100004],[90.03836603800005,24.548156434000077],[90.04104319500004,24.546369709000032],[90.04209999500006,24.551842631000056],[90.04359433300004,24.55246539500007],[90.04913408200008,24.545791518000044],[90.05656082000007,24.54921983500003],[90.06466788000006,24.54385851400008],[90.07108389500007,24.54314776600006],[90.07284910600004,24.551117969000074],[90.07879739600008,24.54950846500003],[90.08127591600004,24.555870544000072],[90.09597894800004,24.55733745200007],[90.09849929600006,24.558657840000023],[90.10240966600009,24.54978780400006],[90.10802651200004,24.545400123000036],[90.10910204400005,24.542066650000038],[90.10652693100008,24.535553239000023],[90.10871459400005,24.532500088000063],[90.10784005700003,24.526522846000034],[90.10985948400008,24.524989946000062],[90.10584971600008,24.52011793500003],[90.10696771600004,24.519396302000075],[90.11964445300003,24.532453995000026],[90.13790696200005,24.541627601000073],[90.14869181500006,24.549577098000043],[90.15241087500004,24.549985454000023],[90.14602161200008,24.567563472000074],[90.15098221800008,24.572422134000078],[90.15080936900006,24.574727074000066],[90.13972782700006,24.575701325000068],[90.13305915200004,24.588813420000065],[90.12455055100008,24.596684436000032],[90.12932234000004,24.602829262000057],[90.13041350100008,24.61762662900003],[90.13235617500004,24.619195304000073],[90.13573262200003,24.616682637000054],[90.13988107100005,24.623614548000035],[90.14423784000007,24.623604224000076],[90.14538469400009,24.626139871000078],[90.14801905400003,24.633781415000044],[90.14621669800005,24.64303885700008],[90.14801112700007,24.64827992900007],[90.14736386100003,24.651176875000033],[90.14273770500006,24.654658492000067],[90.14050377600006,24.65890994700004],[90.14051584600008,24.660586420000072],[90.14257938500003,24.661278211000024],[90.14210889500004,24.67180492800003],[90.14022139200006,24.67428981300003],[90.13932815300006,24.682098406000023],[90.13191781700004,24.691534579000063],[90.13410907400004,24.700865580000027],[90.13017971100004,24.706865395000023],[90.13078160700007,24.710462234000033],[90.12660015800003,24.717872774000057],[90.13108354900004,24.726472542000067],[90.13102748800009,24.73165891700006],[90.13273898900007,24.734434590000035],[90.12732404700006,24.738460547000045],[90.10365694300003,24.73653362600004],[90.09037812300005,24.73719304900004],[90.08879786100005,24.744325469000046],[90.09085071100003,24.749209132000033],[90.08849565400004,24.751808780000033],[90.09658898600009,24.753539514000067],[90.09435334000005,24.756228360000023],[90.09803112400004,24.75631179800007],[90.09607470500004,24.757977674000074],[90.09195847100005,24.757728506000035],[90.09354327500006,24.760806684000045],[90.09168468700005,24.76202199900007],[90.09160321000007,24.768511139000054],[90.08755698900006,24.773373599000024],[90.08667308900004,24.77675525500007],[90.07876179500005,24.784483187000035],[90.07838289200004,24.786630041000024],[90.07577902900005,24.787873767000065],[90.07275839200008,24.78650192400005],[90.06937171900006,24.781120805000057],[90.05534112600003,24.779081594000047],[90.04879041400005,24.773960792000025],[90.04219776500008,24.776691981000056],[90.03222257400006,24.777034832000027],[90.02424209100008,24.772306121000042],[90.02218291700007,24.76978497400006],[90.02320142000008,24.764681489000054],[90.02044850300007,24.754747853000026],[90.01532740000005,24.75436688600007],[90.01450858800007,24.751055806000068],[90.01036835000008,24.751082680000025],[90.01085190800006,24.74958963100005],[90.00835381400003,24.74574746600007],[90.00202038400005,24.744543676000035],[89.99815578000005,24.74070417200005],[89.99556664200009,24.74075379100003],[89.99585413400007,24.73818490800005],[89.99215291800004,24.736922611000068],[89.99265466300005,24.728441504000045],[89.98962026400005,24.72754833600004],[89.99150530500003,24.717015467000067],[89.99009926700006,24.71139100700003],[89.99413858300005,24.694237533000035],[90.00270843700008,24.692403091000074],[90.00254250900008,24.69059961000005],[90.00526211000005,24.688325848000034],[90.00554521100008,24.68443493600006],[90.00953535300005,24.681286113000056],[90.00299634300006,24.679191631000037],[89.99746023100005,24.674814156000025],[89.99553529200006,24.675299558000063],[89.99581688600006,24.678368601000045],[89.99233246300008,24.676410874000055],[89.98733466900006,24.67735320500003],[89.97843173800004,24.67365771900006],[89.97657735700005,24.67145995000004],[89.97645908400006,24.66968579400003],[89.97872138900004,24.668623228000058],[89.98048586600004,24.67094909700006],[89.98704177700006,24.669076319000055],[89.98792498700004,24.667312980000077],[89.98440232000007,24.665886233000037],[89.98565545600007,24.664912076000064],[89.98886280800008,24.665872517000025],[89.99454517300006,24.664867506000064],[89.99662855200006,24.670070313000053],[90.00001680800005,24.66761432900006],[89.99928238800004,24.658948535000036],[89.99712239200005,24.658160504000023],[89.99412004600003,24.661350820000052],[89.99138469600007,24.660150053000052],[89.99123290600005,24.65787126400005],[89.98832478000008,24.659267576000047],[89.98759458700005,24.65712985600004],[89.98992343400005,24.65412533500006],[89.98480505000003,24.65582284100003],[89.98238059600004,24.652381544000036],[89.98312316300007,24.65120752300004],[89.97969555000003,24.647562854000057],[89.97562143000005,24.649090280000053],[89.97193285900005,24.646756665000055],[89.97196635600005,24.643337648000056],[89.97387939500004,24.641739400000063],[89.97611060900005,24.63438748300007],[89.98239180200005,24.634125303000076],[89.97809589500008,24.629961732000027],[89.98267106100008,24.628748705000078],[89.98463712600005,24.62991964200006],[89.98773155900005,24.62389922600005],[89.98542411400007,24.622437026000057],[89.97713137400007,24.624496332000035],[89.97618159400008,24.623151603000053],[89.97385344100007,24.626966511000035],[89.97290431100004,24.625557411000045],[89.96858697800008,24.625545846000023],[89.96714728900008,24.628927314000066],[89.96488526000007,24.629009780000047],[89.96332388200005,24.63202709500007],[89.96089605400005,24.63088737100003],[89.95868969300005,24.625876495000057],[89.95575625800006,24.62394007300003],[89.95211933500008,24.626720695000074],[89.94923018400004,24.623896239000032],[89.94695742300007,24.624717333000035]]]}},{"type":"Feature","id":"tangail-mirzapur","properties":{"canonical_id":"tangail-mirzapur","name_en":"Mirzapur","name_bn":"মির্জাপুর","district_id":"tangail","division_id":"dhaka","pcode":"BD-C-63-411","parent_pcode":"BD3093","source_name":"Mirzapur","match_method":"exact_name_or_alias","boundary_reference_year":"2020","boundary_source":"geoBoundaries gbOpen BGD ADM3 / BBS, OCHA ROAP","source_dataset_updated":"2026-08-09"},"geometry":{"type":"Polygon","coordinates":[[[90.02360196400008,24.16717033900005],[90.02874686600006,24.166554140000073],[90.03008396100006,24.162960772000076],[90.02273651500008,24.15301423300008],[90.01615319800004,24.14934236000005],[90.01043200200007,24.151677113000062],[90.00720825200005,24.151125772000057],[90.00511766900007,24.148756036000066],[90.00702094200005,24.145930581000073],[90.00343187400006,24.143244190000075],[90.00256191600005,24.138097550000055],[90.00557461100004,24.138174243000037],[90.00726060500006,24.13587999400005],[90.00396859400007,24.13270360200005],[90.00491148100008,24.13016834600006],[90.00322012700008,24.12586115600004],[89.99705879900006,24.124425040000062],[89.99504733900005,24.120024604000037],[89.99198995600005,24.11852286800007],[89.99088120400006,24.120157637000034],[89.98785916000008,24.119421301000045],[89.98660346600008,24.116934512000057],[89.98064738200009,24.11873410900006],[89.97450067500006,24.117897726000024],[89.97605617000005,24.10948220000006],[89.96671834200004,24.09916337800007],[89.96748348800008,24.096199272000035],[89.97764406300007,24.095702064000022],[89.97857077000003,24.092117522000024],[89.97622338300005,24.08986870800004],[89.97562229700009,24.086641275000034],[89.97674375600008,24.08563209400006],[89.97481765600008,24.082134611000072],[89.97951887100004,24.08319321500005],[89.98357919700004,24.081376528000078],[89.98281087200007,24.077038696000045],[89.97804646700007,24.076305344000048],[89.97660438800006,24.070889717000057],[89.97626978600005,24.063276580000036],[89.97908566200005,24.060562787000038],[89.97993245100008,24.05509046000003],[89.98401316200005,24.05521795900006],[89.98674302800003,24.05169900800007],[89.98946634600009,24.05127188000006],[89.99205761300004,24.053648659000032],[89.99187910700005,24.057306166000046],[89.99703727100007,24.05753216100004],[90.00071105600006,24.048967309000034],[90.00513256500005,24.043976874000066],[90.00385171800008,24.040007211000045],[90.00736302100006,24.03891360800003],[90.01201737400004,24.04252454600004],[90.01729629300007,24.04434969700003],[90.01742949400006,24.03611616200004],[90.02717512300006,24.03394021200006],[90.02608846600003,24.029615611000054],[90.02196553200008,24.027878100000066],[90.01963839000007,24.02874382500005],[90.02061052200008,24.023577768000052],[90.02203307700006,24.023907251000026],[90.02470298500003,24.02104077100006],[90.04073904600006,24.028389665000077],[90.06009023900003,24.030409359000032],[90.06359708700006,24.02925745300007],[90.06541883800008,24.031666057000052],[90.06473200700003,24.03540460000005],[90.06594546200006,24.037443127000074],[90.06979945500007,24.03236864400003],[90.07449125700003,24.03381950800008],[90.07383625600005,24.040651642000057],[90.07508097600004,24.04115458800004],[90.08165104600005,24.040669127000058],[90.08444839000003,24.03537298200007],[90.08983562800006,24.035025560000065],[90.09405888100008,24.02735176500005],[90.09617567100008,24.02699254500004],[90.10215023800004,24.019037973000025],[90.10817527800003,24.017570036000052],[90.10966759300004,24.018810357000064],[90.10993996200006,24.026528847000066],[90.12015717500003,24.02536165300006],[90.12064354400007,24.028553630000033],[90.12369620000004,24.028677647000052],[90.12456724100008,24.03103042300006],[90.12889311100008,24.033239196000068],[90.14755261800008,24.03354300500007],[90.14748477600006,24.043301902000053],[90.15042969000007,24.044279606000032],[90.15040699300005,24.052236506000042],[90.15935108900004,24.052959637000072],[90.16184036900006,24.055075659000067],[90.15776136500006,24.06427307200005],[90.16521220500005,24.067743758000063],[90.16607859400006,24.070940239000038],[90.17133329400008,24.072163395000075],[90.17205892900006,24.075028062000058],[90.17699828500008,24.074798878000024],[90.17913780500004,24.08753127700004],[90.17796511700004,24.09104787700005],[90.17436188700003,24.09302331200007],[90.17234410500004,24.096329135000076],[90.17335882300006,24.108020187000022],[90.17498089800006,24.105985528000076],[90.17975056400007,24.105386125000052],[90.18576034500006,24.097990027000037],[90.19073947100009,24.099746869000057],[90.19860432200005,24.09880653700003],[90.20092563800006,24.093779900000072],[90.20781006100003,24.094876579000072],[90.20980719500005,24.094003371000042],[90.21063462000006,24.097595924000075],[90.21485450600005,24.100962449000065],[90.22245015300007,24.102130850000037],[90.23016844100005,24.105604721000077],[90.23119807400008,24.109964018000028],[90.22998109400004,24.11399420600003],[90.21863135900009,24.12342860700005],[90.21766035500008,24.126092791000076],[90.21993752200007,24.142702491000023],[90.22577275700007,24.15079128800005],[90.22615554100008,24.162920307000036],[90.23549288800007,24.173203917000023],[90.24195430100008,24.184304411000028],[90.24818391800005,24.186348633000023],[90.24839361100004,24.191672702000062],[90.24230270100009,24.188267815000074],[90.24050145800004,24.182682628000066],[90.23852626300004,24.183402087000047],[90.23613785300006,24.202851880000026],[90.23256045400007,24.202817866000032],[90.22865838500007,24.20018527600007],[90.22338662300007,24.20431849700003],[90.21866162200007,24.203544640000075],[90.21513372800007,24.205331240000078],[90.21673796000005,24.211161427000036],[90.21453604200008,24.213378530000057],[90.21990380700004,24.214055619000078],[90.22166192000003,24.216315037000072],[90.22093787500006,24.22012931200004],[90.20726441500005,24.217927776000067],[90.20773675400005,24.21977644800006],[90.20517128300008,24.22098570600008],[90.20142406300005,24.217792228000064],[90.20189784600007,24.21240961600006],[90.19330644200005,24.21267309500007],[90.18370691100006,24.20936512000003],[90.16773961400008,24.209612161000052],[90.15163391200008,24.199581399000067],[90.14241832800008,24.20073059300006],[90.13192714800005,24.197192676000043],[90.12594554200007,24.191630001000078],[90.12261466500007,24.185834656000054],[90.11567191400007,24.182686174000025],[90.11608928100009,24.180813947000047],[90.11919253700006,24.17885891800006],[90.11518077300008,24.178823614000066],[90.11404454900008,24.175716282000053],[90.12200190500005,24.17855581300006],[90.12300430400006,24.17760098800005],[90.12117714500005,24.17475676300006],[90.11806796400003,24.176148457000068],[90.11646329400008,24.175254945000063],[90.11519295200009,24.173194887000022],[90.11791050200009,24.170858],[90.11601527600004,24.168379],[90.10708386600004,24.16417259600007],[90.09856985200008,24.169958914000063],[90.10085860200007,24.166610440000056],[90.09970057500004,24.16296729100003],[90.09070834500005,24.159779467000078],[90.08825200800004,24.160310983000045],[90.08787032300006,24.163576895000062],[90.08180211200005,24.16823917100004],[90.07987314000007,24.175114226000062],[90.06995456000004,24.17372363100003],[90.06726469600005,24.17490410000005],[90.06208422100008,24.173520427000028],[90.06022075900006,24.16767962600005],[90.06212394200008,24.164049628000043],[90.05906138800003,24.163978022000038],[90.05527432000008,24.16954212400003],[90.05655900400006,24.179179524000062],[90.05196481300004,24.187483392000047],[90.05057739500006,24.185843396000053],[90.04807146500008,24.18717927000006],[90.04249393700007,24.184406366000076],[90.04333483000005,24.173446182000077],[90.03345273200006,24.16837937100007],[90.03214783500005,24.170164068000076],[90.02960324000009,24.16877758100003],[90.03101744600008,24.17239072900003],[90.02884797300004,24.172930827000073],[90.02467704400004,24.171269076000044],[90.02360196400008,24.16717033900005]]]}},{"type":"Feature","id":"tangail-nagarpur","properties":{"canonical_id":"tangail-nagarpur","name_en":"Nagarpur","name_bn":"নাগরপুর","district_id":"tangail","division_id":"dhaka","pcode":"BD-C-63-412","parent_pcode":"BD3093","source_name":"Nagarpur","match_method":"exact_name_or_alias","boundary_reference_year":"2020","boundary_source":"geoBoundaries gbOpen BGD ADM3 / BBS, OCHA ROAP","source_dataset_updated":"2026-08-09"},"geometry":{"type":"Polygon","coordinates":[[[89.78520477000006,24.035247347000052],[89.78817338900006,24.02728726600003],[89.78563320200004,24.009848575000035],[89.77560907600008,23.992745657000057],[89.77762508400008,23.990607366000063],[89.77667032500005,23.987529342000073],[89.76422187800006,23.978996047000066],[89.77157916700008,23.976558285000067],[89.77304442900004,23.973416074000056],[89.77662751500009,23.97440924400007],[89.77730294300005,23.97659323000005],[89.78363334200003,23.97980199500006],[89.78679858800007,23.987328106000064],[89.79295574900004,23.98695605300003],[89.79398141200005,23.986453881000045],[89.79270440000005,23.979117334000023],[89.80351496000009,23.979268173000037],[89.80582942300003,23.97759110100003],[89.80621923400008,23.97308331800008],[89.81229471900008,23.972397072000035],[89.81298733200003,23.978407823000055],[89.81733261700003,23.978379751000034],[89.81878397300005,23.98220611000005],[89.82660716300006,23.981302882000023],[89.82820445500005,23.977940690000025],[89.83002420500009,23.978685064000047],[89.83875503200005,23.97640817000007],[89.83909085500005,23.97313937000007],[89.84159550000004,23.97247470800005],[89.84101895400005,23.96819389700005],[89.84477732300007,23.96703764800003],[89.84612611100005,23.971160590000068],[89.85013570400008,23.970876088000068],[89.85142620100004,23.967614961000038],[89.85345122700005,23.966915768000035],[89.85376340200008,23.964109817000065],[89.85538670200003,23.963593686000024],[89.85842917800005,23.96633954500004],[89.86026508800006,23.964928787000076],[89.86245582800007,23.965736907000064],[89.86452936400008,23.968793954000034],[89.86896418900005,23.971329694000076],[89.86597264800008,23.97602959200003],[89.86873427000006,23.97845265600006],[89.86963132400007,23.983899374000032],[89.86571980500008,23.98583682900005],[89.86634945100008,23.99162373400003],[89.87086804700004,23.99138373100004],[89.87357659600008,23.994154405000074],[89.87649988400005,23.99417089900004],[89.87676172100004,23.985697627000036],[89.88033987900008,23.98429084600008],[89.87844550700004,23.981482549000077],[89.87854278800006,23.977005392000024],[89.88152090800008,23.97105651000004],[89.89242538400003,23.969915169000046],[89.89385659200008,23.97243620100005],[89.88956479300003,23.975544829000057],[89.88898363200008,23.978730016000043],[89.89383763100005,23.981704539000077],[89.89403357600008,23.985895129000028],[89.90552144600008,23.988001531000066],[89.90438678300006,23.992727013000035],[89.90704651800007,23.99862790800006],[89.90877827400004,23.997992167000064],[89.90822611800007,23.994589461000032],[89.91377603600006,23.99447864800004],[89.91524129000004,23.995784641000057],[89.91702093600009,23.99940138000005],[89.92141804800008,23.999159822000024],[89.92416002100003,24.003123020000032],[89.93347689500007,24.006008102000067],[89.93747821600004,24.005619137000053],[89.93057925000005,23.99776874400004],[89.93086381800003,23.995922321000023],[89.93477075900006,23.99687638100005],[89.93898526900006,24.00442295700003],[89.94722805900005,24.004325531000063],[89.94670792100004,24.00719707500008],[89.94295049900006,24.007692502000054],[89.94250870300004,24.009660260000032],[89.93916654600008,24.010310993000076],[89.93871014900003,24.011820906000025],[89.94188927400006,24.014394104000075],[89.94160582400008,24.017420394000055],[89.94740341900007,24.016620309000075],[89.94721903800007,24.025676290000035],[89.94844231300004,24.028268421000064],[89.95092102400008,24.026023572000042],[89.94990914600004,24.023429272000044],[89.95505548300008,24.021756500000038],[89.95443429800008,24.018656532000023],[89.95778744900008,24.01769667600007],[89.95875554600008,24.015321998000047],[89.96687262900008,24.01439702400006],[89.96837903400007,24.03023667000008],[89.97346968600004,24.030509736000056],[89.97457899600005,24.03262010000003],[89.97109080900003,24.034320945000047],[89.97211045700004,24.036035017000074],[89.98073619200005,24.03273446700007],[89.97967283300005,24.027008398000078],[89.98473661900005,24.02231669100007],[89.98540541100004,24.01860502900007],[89.97661804100005,24.017564092000043],[89.97714603800006,24.011904279000078],[89.98852091200007,24.009441980000076],[89.98998939100005,24.004886388000045],[89.99259740000008,24.004644358000064],[89.99224148400003,24.00136898100004],[89.99014356200007,24.001773057000037],[89.99117262200008,24.000597785000025],[89.99020583000004,23.99909722500007],[89.99313012400006,23.99996731300007],[89.99463428800004,24.002581677000023],[90.00249928700003,24.001386092000075],[90.00902722200004,24.003222237000045],[90.00659967900003,24.01048381000004],[90.00759375000007,24.011362161000022],[90.00716868000006,24.014898908000077],[90.00463335400008,24.016191761000073],[90.00491426000008,24.017463054000075],[90.01389472700004,24.017562987000076],[90.01824926600005,24.02173772900005],[90.01742587100006,24.025207372000068],[90.01944033700005,24.025731569000072],[90.01727303400008,24.03130590300003],[90.01235155200004,24.030637988000024],[90.01060643100004,24.032323776000055],[90.01201737400004,24.04252454600004],[90.00736302100006,24.03891360800003],[90.00385171800008,24.040007211000045],[90.00513256500005,24.043976874000066],[90.00071105600006,24.048967309000034],[89.99703727100007,24.05753216100004],[89.99187910700005,24.057306166000046],[89.99205761300004,24.053648659000032],[89.98946634600009,24.05127188000006],[89.98674302800003,24.05169900800007],[89.98401316200005,24.05521795900006],[89.97993245100008,24.05509046000003],[89.97908566200005,24.060562787000038],[89.97626978600005,24.063276580000036],[89.97660438800006,24.070889717000057],[89.97487768000008,24.07070766800007],[89.96920940400008,24.061180396000054],[89.96478591800008,24.057156685000052],[89.96337990300003,24.05734208100006],[89.96373982400007,24.058526527000026],[89.96792819300003,24.062442394000072],[89.96769654500008,24.072984148000046],[89.95758907700008,24.071562483000037],[89.95542405200007,24.069487266000067],[89.95083354800005,24.069335699000078],[89.94632351000007,24.066435386000023],[89.94181505500006,24.065931883000076],[89.94028035200006,24.06094321200004],[89.93755806100006,24.058492682000065],[89.93771502200008,24.05427071400004],[89.93437104900005,24.05617795300003],[89.93279879200009,24.059748977000027],[89.93353623400003,24.06209712800006],[89.92179573400006,24.060980045000065],[89.91438185900006,24.063655277000066],[89.91370467300004,24.07375128600006],[89.91037527300006,24.075572760000057],[89.90414041500009,24.07553793200003],[89.90418986000003,24.078088448000074],[89.90110365400005,24.07876954900007],[89.90190918600007,24.088792484000066],[89.90637748300009,24.08917012200004],[89.90764819600008,24.087465493000025],[89.91207282500005,24.08736310100005],[89.91265771800005,24.098075679000033],[89.89479816200009,24.101431196000078],[89.88968676500008,24.11189933000003],[89.88562531400004,24.113103274000025],[89.88316634600005,24.11658333300005],[89.87878692700008,24.11363429000005],[89.86316603100005,24.12292370800003],[89.86658929500004,24.12523333100006],[89.88028220500007,24.12571830400003],[89.87919310600006,24.128100819000053],[89.87520779000005,24.128183985000078],[89.87021810100003,24.133970024000064],[89.86667628500004,24.133585364000055],[89.85102451900008,24.136937078000074],[89.85345108400008,24.139244889000054],[89.85062290900004,24.14348783500003],[89.85191741900007,24.150267174000078],[89.84320108900005,24.151355876000025],[89.82852693600006,24.155845446000058],[89.82469466100008,24.157871632000024],[89.81941677200007,24.163587903000064],[89.81468662200007,24.16206991000007],[89.81013620900006,24.16411009600006],[89.79986103600004,24.164203652000026],[89.79814120200007,24.172127078000074],[89.79213348600007,24.170885560000045],[89.79184965400003,24.17213442700006],[89.78574583300008,24.17173815900003],[89.77997927400008,24.16647438600006],[89.78770838400004,24.15794941200005],[89.79178138800006,24.159590968000032],[89.79201274800005,24.158435172000054],[89.80256746500004,24.16009812300007],[89.80696822200008,24.14872550900003],[89.82060090300007,24.13997981600005],[89.82093613200004,24.137131124000064],[89.81621375200007,24.129982193000046],[89.81684154100003,24.109404797000025],[89.81892411100006,24.101427888000046],[89.82409203100008,24.09106493400003],[89.82498098800005,24.084888473000035],[89.82285173300005,24.073166126000046],[89.81894683700006,24.06598712500005],[89.80162552800005,24.051902428000062],[89.79475166500004,24.043329648000054],[89.78933287900009,24.04103881900005],[89.78440757100003,24.040951238000048],[89.78520477000006,24.035247347000052]]]}},{"type":"Feature","id":"tangail-sakhipur","properties":{"canonical_id":"tangail-sakhipur","name_en":"Sakhipur","name_bn":"সখিপুর","district_id":"tangail","division_id":"dhaka","pcode":"BD-C-63-413","parent_pcode":"BD3093","source_name":"Sakhipur","match_method":"exact_name_or_alias","boundary_reference_year":"2020","boundary_source":"geoBoundaries gbOpen BGD ADM3 / BBS, OCHA ROAP","source_dataset_updated":"2026-08-09"},"geometry":{"type":"Polygon","coordinates":[[[90.11567191400007,24.182686174000025],[90.12261466500007,24.185834656000054],[90.12594554200007,24.191630001000078],[90.13192714800005,24.197192676000043],[90.14241832800008,24.20073059300006],[90.15163391200008,24.199581399000067],[90.16773961400008,24.209612161000052],[90.18370691100006,24.20936512000003],[90.19330644200005,24.21267309500007],[90.20189784600007,24.21240961600006],[90.20142406300005,24.217792228000064],[90.20517128300008,24.22098570600008],[90.20773675400005,24.21977644800006],[90.20726441500005,24.217927776000067],[90.22093787500006,24.22012931200004],[90.22166192000003,24.216315037000072],[90.21990380700004,24.214055619000078],[90.21453604200008,24.213378530000057],[90.21673796000005,24.211161427000036],[90.21513372800007,24.205331240000078],[90.21866162200007,24.203544640000075],[90.22338662300007,24.20431849700003],[90.22865838500007,24.20018527600007],[90.23256045400007,24.202817866000032],[90.23613785300006,24.202851880000026],[90.23852626300004,24.183402087000047],[90.24050145800004,24.182682628000066],[90.24230270100009,24.188267815000074],[90.24839361100004,24.191672702000062],[90.24929210900007,24.19801006000006],[90.25808386400007,24.202444280000066],[90.25887970400004,24.207044764000045],[90.26464793000008,24.20942552500003],[90.26640266800007,24.215339586000027],[90.27314984100008,24.218757550000078],[90.28093051400003,24.21976458100005],[90.28976696100005,24.22567133700005],[90.28824856300008,24.241614587000072],[90.29025837500006,24.245302595000055],[90.29619241900008,24.249434585000074],[90.29792122800006,24.252336123000077],[90.30044896300006,24.254569953000043],[90.29967180900007,24.261604009000052],[90.29806329700006,24.261778211000035],[90.29786606300007,24.263807403000044],[90.30076449300003,24.269610382000053],[90.29775189300005,24.27083280200003],[90.29455317300005,24.276555133000045],[90.29165371500005,24.27645403300005],[90.29049776800008,24.27777491200004],[90.28780971400005,24.27885764900003],[90.28629853700005,24.281075590000057],[90.28694028600006,24.28274416200003],[90.28243133200004,24.28479044200003],[90.28113166200006,24.287204381000038],[90.27283682000007,24.286712581000074],[90.26503310900006,24.28870721100003],[90.26119784600007,24.291593916000068],[90.25696327800006,24.29691248900008],[90.25863291100006,24.30446431400003],[90.25672064300005,24.31039815400004],[90.24736028900008,24.326260771000022],[90.24789516800007,24.33330422800003],[90.24111691800005,24.33292847000007],[90.23345023300004,24.335198435000052],[90.23309418500008,24.33657465600004],[90.23449150100004,24.337077726000075],[90.22880074400007,24.347810675000062],[90.24901177300006,24.415266544000076],[90.24047756700008,24.413179314000047],[90.23623634400008,24.416876054000056],[90.22925118300003,24.419933338000078],[90.22192545700005,24.420045301000073],[90.22025551800004,24.42298759600004],[90.20729036100005,24.427292071000068],[90.20375125000004,24.431986083000027],[90.19879999700004,24.429862288000038],[90.19100262900008,24.431416773000024],[90.18601092600005,24.429089395000062],[90.17469924300008,24.42898264100006],[90.17173343700006,24.42564595300007],[90.17226679600003,24.422282684000038],[90.16838532300005,24.42005054300006],[90.15660614200004,24.421131768000066],[90.14738118500009,24.424772397000027],[90.13609916600006,24.42435733700006],[90.12360052200006,24.421113774000048],[90.12583508000006,24.420501718000025],[90.12426698400003,24.418922440000074],[90.12592820400005,24.41711413200005],[90.12389806400006,24.416138674000024],[90.11088408500007,24.425765429000023],[90.10726784000008,24.42581658100005],[90.10557400900007,24.423344175000068],[90.10714351900003,24.414758294000023],[90.11520163300008,24.411111409000057],[90.11243711100008,24.40973161100004],[90.10674277300006,24.411421869000037],[90.10390297800006,24.410235027000056],[90.10360514400008,24.406732559000034],[90.09714441800008,24.404995384000074],[90.09632815900005,24.402833900000076],[90.09873957100007,24.40238583400003],[90.09766232700008,24.399919700000055],[90.09910937500007,24.397979166000027],[90.09706751000004,24.394700784000065],[90.09769638900008,24.392111052000075],[90.09222874100004,24.391947953000056],[90.09081010500006,24.38884579100005],[90.08679247600008,24.388528078000036],[90.08791767400004,24.384133976000044],[90.08568913500005,24.383858085000043],[90.08312866900008,24.380219655000076],[90.08489796600009,24.37585344000007],[90.09210607900008,24.37620430000004],[90.09496590400005,24.372783956000035],[90.09500867900005,24.36569331100003],[90.09849582600003,24.362280406000025],[90.08862354000007,24.35871945200006],[90.07138069900003,24.360842584000068],[90.07052499300005,24.35958077300006],[90.07288082700006,24.353742770000053],[90.07076136300003,24.348591617000068],[90.06624327100008,24.34960692800007],[90.05968769500004,24.345930261000035],[90.06772447900005,24.340809155000045],[90.05724283200004,24.339795120000076],[90.05539140900004,24.33344859700003],[90.06266536400005,24.331794046000027],[90.06748843000008,24.327296318000037],[90.07157711600007,24.326031662000048],[90.07293314100008,24.321888728000033],[90.06913500400003,24.321339554000076],[90.06991378900005,24.314825446000043],[90.06285816000008,24.313605825000025],[90.06507624900007,24.30676767400007],[90.05834713400003,24.30258351200007],[90.05620313700007,24.30277681700005],[90.05746688300007,24.298998707000067],[90.06108443800008,24.300152827000034],[90.06235778700005,24.29809978700007],[90.05893246500005,24.294988499000056],[90.05909212700004,24.291303377000077],[90.06404004600006,24.293566713000075],[90.06865847400007,24.291522333000046],[90.07126741600007,24.292168615000037],[90.06776497500005,24.295871082000076],[90.06781057700005,24.299974415000065],[90.07136039900007,24.294891157000052],[90.07492463300008,24.295958606000056],[90.07464054900004,24.291486207000048],[90.06691708500006,24.28805368700006],[90.06888591600006,24.285009582000043],[90.06736196000008,24.28087585700007],[90.07491623200008,24.282690580000065],[90.07466550700008,24.285191445000066],[90.08075107100007,24.28712457200004],[90.08108357600008,24.283152564000034],[90.08455909800006,24.283149542000046],[90.08168072500007,24.277508359000024],[90.08821056000005,24.279751427000065],[90.08504382400008,24.27305993400006],[90.08227208600005,24.27491359000004],[90.08251957800007,24.269097955000063],[90.07819345200005,24.265604277000023],[90.08087930600004,24.264970066000046],[90.08811075700004,24.26764065900005],[90.08961498000008,24.266174334000027],[90.08366611900004,24.263396982000074],[90.07491823700008,24.26248027400004],[90.08026802300003,24.259837365000067],[90.08023910200006,24.256923414000028],[90.08562207900007,24.258385366000027],[90.08686768400008,24.257467906000045],[90.08578283000008,24.248358564000057],[90.08812611500008,24.249276802000054],[90.09024046400003,24.254212711000037],[90.09479949000007,24.25135016400003],[90.09881076500005,24.255788559000052],[90.09930962600004,24.25080536300004],[90.09603163000008,24.247437381000054],[90.10067866200006,24.250089802000048],[90.10175275600005,24.24470936700004],[90.10537685900005,24.244361424000033],[90.10320857400006,24.241767320000065],[90.09992119900005,24.242778848000057],[90.09906041000005,24.241841770000065],[90.10496045000008,24.238459257000045],[90.10472472500004,24.23552569000003],[90.10139886000007,24.23591236900006],[90.10164010900007,24.233106055000064],[90.09896916400004,24.237296440000023],[90.09728654800006,24.237953478000065],[90.09690565900007,24.23697825800008],[90.10082954800004,24.231782830000043],[90.104909,24.231645721000064],[90.10429465000004,24.22788597600004],[90.10277256100005,24.22741395500003],[90.09963185500004,24.231326369000044],[90.09763290600006,24.229162788000053],[90.09400555100007,24.22997457200006],[90.09415396000009,24.228372414000034],[90.09078925200004,24.227587537000034],[90.09274692300005,24.224373757000023],[90.09131037000003,24.220293249000065],[90.09637580100008,24.22374151500003],[90.09831927900007,24.222343686000045],[90.09199541700008,24.217649254000037],[90.09184543300006,24.216649605000043],[90.09646279300006,24.215014199000052],[90.09116573800009,24.211241478000034],[90.09628221200006,24.21060552000006],[90.09571763000008,24.212435440000036],[90.09777784800008,24.213405082000065],[90.09896928000006,24.21036444600003],[90.09755088200006,24.20754508500005],[90.09956594300007,24.206721861000062],[90.10158690300005,24.209102744000063],[90.10380486500009,24.205363651000027],[90.10748588800004,24.204870541000048],[90.10702779200005,24.203171698000062],[90.10413186800008,24.20218525200005],[90.10918049700007,24.201882530000034],[90.10916219200004,24.197009153000067],[90.11140083000004,24.19702108000007],[90.11247302600003,24.20030911200007],[90.11467866200007,24.199140068000077],[90.11500341900006,24.19754904200005],[90.11042069200005,24.196229791000064],[90.10646711300006,24.191319129000078],[90.10770005100005,24.189459903000056],[90.11117419200008,24.192221240000038],[90.11439524000008,24.18636208500004],[90.11682575000003,24.18643871000006],[90.11567191400007,24.182686174000025]]]}},{"type":"Feature","id":"tangail-tangail-sadar","properties":{"canonical_id":"tangail-tangail-sadar","name_en":"Tangail Sadar","name_bn":"টাঙ্গাইল সদর","district_id":"tangail","division_id":"dhaka","pcode":"BD-C-63-414","parent_pcode":"BD3093","source_name":"Tangail Sadar","match_method":"exact_name_or_alias","boundary_reference_year":"2020","boundary_source":"geoBoundaries gbOpen BGD ADM3 / BBS, OCHA ROAP","source_dataset_updated":"2026-08-09"},"geometry":{"type":"Polygon","coordinates":[[[89.96870042500007,24.29306611100003],[89.96706720500003,24.297342988000025],[89.95624929800005,24.299119564000023],[89.95817373600005,24.288813451000067],[89.94779367800004,24.289904807000028],[89.94500275800004,24.28863313000005],[89.94458561100004,24.292651095000053],[89.93008166100003,24.301678249000076],[89.92700701100006,24.31066363800005],[89.92240257500004,24.310664178000025],[89.92077350300008,24.309367810000026],[89.91644282100003,24.310917862000053],[89.91672749000008,24.320692316000077],[89.91131000500008,24.32577368400007],[89.90489574800006,24.32857761400004],[89.89371059400008,24.32770820500008],[89.89015524900003,24.333498547000033],[89.89348095500009,24.334159121000027],[89.89698703400006,24.337708278000036],[89.89794140000004,24.342689478000068],[89.89554976900007,24.34395345100006],[89.89345053800008,24.34989839600007],[89.88522948000008,24.34665049700004],[89.88177359200006,24.328280809000034],[89.88219407700007,24.33958406100004],[89.88078385000006,24.34116016400003],[89.86690940400007,24.342273670000054],[89.86674091500004,24.336953142000027],[89.85408820500004,24.340253403000077],[89.85068331300005,24.343063538000024],[89.83668178900007,24.33697118500004],[89.83203504600004,24.348483518000023],[89.82079823100008,24.34798858100004],[89.81757880400005,24.357666954000024],[89.81352000300006,24.360521745000028],[89.80485560500006,24.363382985000044],[89.79853922200004,24.359501170000044],[89.79998981500006,24.354188945000033],[89.79932364200005,24.34192216200006],[89.78861839500007,24.33953561900006],[89.77437272000003,24.342241612000066],[89.76289202000004,24.341128986000058],[89.76549951600003,24.339419235000037],[89.77169372400004,24.32990508900008],[89.77275800400008,24.324710504000052],[89.77177828400005,24.310718562000034],[89.77421413400003,24.301509613000064],[89.78697072000006,24.288572239000075],[89.79007348100004,24.276575304000062],[89.79028866100003,24.268912515000068],[89.79020375100004,24.26211919800005],[89.78460213400007,24.24835786500006],[89.78304265000008,24.236726907000048],[89.78711658300006,24.210947270000077],[89.79657874300005,24.183698527000047],[89.79814120200007,24.172127078000074],[89.79986103600004,24.164203652000026],[89.81013620900006,24.16411009600006],[89.81468662200007,24.16206991000007],[89.81941677200007,24.163587903000064],[89.82469466100008,24.157871632000024],[89.82852693600006,24.155845446000058],[89.84320108900005,24.151355876000025],[89.85191741900007,24.150267174000078],[89.85847651600005,24.14824059700004],[89.86171349500006,24.150698619000025],[89.86141441800004,24.157905448000065],[89.85824429600007,24.158542126000043],[89.85824491400007,24.159932513000058],[89.86804607600004,24.16423553000004],[89.88395958000007,24.161420835000058],[89.89208439900005,24.15775127200004],[89.89667716300005,24.159306290000075],[89.89668908400006,24.162079172000062],[89.88927398500005,24.173793188000047],[89.89009737400005,24.18015354000005],[89.89218621100008,24.18231032500006],[89.89325646600008,24.186946256000056],[89.89404975600007,24.199906777000024],[89.89568339500005,24.199977903000047],[89.89742851200003,24.20917885700004],[89.90037904300004,24.20933718300006],[89.90436490000008,24.212296622000054],[89.90865948800007,24.21156088400005],[89.91412270900008,24.215175774000045],[89.91833365200006,24.21295675700003],[89.92173810700007,24.208789662000072],[89.92507396700006,24.209980192000046],[89.93564750200005,24.204509870000038],[89.93610670500004,24.20685107500003],[89.93250826700006,24.210440917000028],[89.93107428800005,24.21535712700006],[89.92866646100003,24.21686550900006],[89.92867006100005,24.220902858000045],[89.93253142400005,24.224321572000065],[89.93604387600004,24.222364817000027],[89.94042595200006,24.22775197900006],[89.94846650100004,24.22657001600004],[89.94890034600007,24.223816503000023],[89.94738523200004,24.221358692000024],[89.94931128300004,24.219025677000047],[89.94900902000006,24.216018451000025],[89.95353521600003,24.215299022000067],[89.95523890200008,24.21285634800006],[89.95539145700008,24.210467400000027],[89.95138058800006,24.210445286000038],[89.95304183400003,24.201139340000054],[89.95207661500007,24.197536916000047],[89.94956719100009,24.195958306000023],[89.94992944200004,24.191039300000057],[89.95180517200004,24.192726092000044],[89.95826538900008,24.193838949000053],[89.96433829400007,24.19943928300006],[89.96974681200004,24.199410534000037],[89.97374211000005,24.197169048000035],[89.97275958300008,24.20436409200005],[89.97562109200004,24.204892391000044],[89.97609152900009,24.20867522900005],[89.98414700300003,24.208851843000048],[89.98564286300007,24.220584699000028],[89.98495679500007,24.22619921000006],[89.98306569200008,24.226705373000073],[89.98235931900007,24.228957671000046],[89.98599948400005,24.243893727000057],[89.98510100300007,24.24857281800007],[89.98109940000006,24.248559956000065],[89.97792052600005,24.25640443800006],[89.98077899300006,24.262539848000074],[89.97815780100007,24.264102039000022],[89.96544080400008,24.280570168000054],[89.96551486400006,24.283398903000034],[89.97173102500005,24.27593634300007],[89.97675035400005,24.278424388000076],[89.97476607800007,24.282032369000035],[89.96983454900004,24.282825724000077],[89.97131263800009,24.286656717000028],[89.96870042500007,24.29306611100003]]]}},{"type":"Feature","id":"dhaka-tejgaon-industrial-area","properties":{"canonical_id":"dhaka-tejgaon-industrial-area","name_en":"Tejgaon Industrial Area","name_bn":"তেজগাঁও শিল্পাঞ্চল","district_id":"dhaka","division_id":"dhaka","pcode":"BD302692","parent_pcode":"BD3026","source_name":"Tejgaon Ind. Area","match_method":"retained_verified_uploaded_geometry","boundary_reference_year":"2020","boundary_source":"User-provided bd_district_map(1).html (previously verified)","source_dataset_updated":"2026-09-23"},"geometry":{"type":"Polygon","coordinates":[[[90.41521,23.77026],[90.41537,23.76765],[90.41129,23.76452],[90.4085,23.76046],[90.40151,23.75311],[90.39869,23.75165],[90.39523,23.75255],[90.39415,23.75384],[90.39416,23.75556],[90.39609,23.76289],[90.39541,23.76309],[90.39786,23.7781],[90.40004,23.77334],[90.41395,23.77223],[90.41508,23.77038],[90.41521,23.77026]]]}}]}