{"type":"FeatureCollection","metadata":{"division":"khulna","verified_polygon_count":62,"boundary_reference_year":"2020","boundary_source":"geoBoundaries gbOpen BGD ADM3 / BBS, OCHA ROAP","note":"Only canonical verified matches are published; unsupported registry rows never receive fabricated polygons."},"features":[{"type":"Feature","id":"bagerhat-bagerhat-sadar","properties":{"canonical_id":"bagerhat-bagerhat-sadar","name_en":"Bagerhat Sadar","name_bn":"বাগেরহাট সদর","district_id":"bagerhat","division_id":"khulna","pcode":"BD-D-05-288","parent_pcode":"BD4001","source_name":"Bagerhat Sadar","match_method":"exact_name_or_alias","boundary_reference_year":"2020","boundary_source":"geoBoundaries gbOpen BGD ADM3 / BBS, OCHA ROAP","source_dataset_updated":"2026-08-09"},"geometry":{"type":"Polygon","coordinates":[[[89.77922530700005,22.785122907000073],[89.77647656200008,22.78053192400006],[89.77164558600003,22.78075121100005],[89.76826159700005,22.78206582000007],[89.76887626700005,22.788396524000063],[89.76770900800005,22.79034611000003],[89.75505331400007,22.792208730000027],[89.75356273600005,22.788421595000045],[89.74583377900007,22.781964204000076],[89.74571332200009,22.775500672000078],[89.74260240900009,22.76961304200006],[89.74202634400007,22.76464525800003],[89.74760612100005,22.752399913000033],[89.74343587800007,22.750236745000052],[89.74200926500004,22.747805500000027],[89.73739626600008,22.747303669000075],[89.73751900900004,22.73960881100004],[89.73531730900004,22.735663357000078],[89.73043209200006,22.73234629800004],[89.73123615700007,22.73078424700003],[89.72542001200009,22.731108611000025],[89.72273786900007,22.72917103800006],[89.71722051800003,22.73013928000006],[89.71052270300004,22.722373508000032],[89.70867085600008,22.72213131500007],[89.70782024000005,22.719579986000042],[89.70484691000007,22.718699662000063],[89.70412098200006,22.71976402200005],[89.70310353700006,22.717432556000063],[89.70194588800007,22.718312887000025],[89.70053247400006,22.716736679000064],[89.69489200900006,22.72041461300006],[89.69111043100008,22.72038053500006],[89.68930002100007,22.722031048000076],[89.68547149900007,22.719351551000045],[89.68482363000004,22.721344757000054],[89.67945102200008,22.723040325000056],[89.67840830800003,22.719841135000024],[89.67268775300005,22.722474719000047],[89.66467609800009,22.72284798100003],[89.65383539800007,22.72011363200005],[89.64078953700005,22.711906803000034],[89.64299596600006,22.70908051500004],[89.64093600200005,22.706967376000023],[89.64293869500005,22.70675871700007],[89.64065733000007,22.70123456300007],[89.64527442000008,22.69100906500006],[89.64514390200009,22.687581032000026],[89.64158402800007,22.680915506000076],[89.64222999400005,22.67958503400007],[89.64682678400004,22.68051414200005],[89.65241811600004,22.68278086400005],[89.65978842400006,22.683339570000044],[89.65852140800007,22.67396687100006],[89.66239810600007,22.660085071000026],[89.66208618000007,22.648835633000033],[89.67288301500008,22.654447703000073],[89.68364178500008,22.655420674000027],[89.68669068700007,22.65437281100003],[89.68821982400004,22.651091999000073],[89.68908874400006,22.65179239500003],[89.69581693300006,22.646722364000027],[89.70448348200006,22.643080997000027],[89.71438548300006,22.642275169000072],[89.71726862700007,22.645136103000027],[89.72412971900008,22.642438182000035],[89.72340089300008,22.637936654000043],[89.72817194200007,22.635983900000042],[89.72766245500009,22.625682165000057],[89.72108402000003,22.61895841100005],[89.71606327700005,22.618057228000055],[89.71396046100006,22.61603583300007],[89.71520646000005,22.610479953000038],[89.71064354300006,22.60513841200003],[89.71413640400004,22.601373865000028],[89.71215363300007,22.595708044000048],[89.71501914900006,22.58788358000004],[89.70968551100003,22.58191193300007],[89.71361959800004,22.58134138500003],[89.71591500400007,22.584367305000058],[89.72729013100007,22.584843231000036],[89.73085882600003,22.58066541100004],[89.74126803400009,22.58366935300006],[89.74145638500005,22.581461141000034],[89.74433436700008,22.579498043000058],[89.74694516300008,22.581637855000054],[89.75068499200006,22.580981966000024],[89.75374718600006,22.586472827000023],[89.76159268400005,22.585192808000045],[89.76385608200007,22.58321743700003],[89.76161618200007,22.579663507000078],[89.76247304200007,22.57103989500007],[89.76039200400004,22.560648034000053],[89.76268607300005,22.559174101000053],[89.76590928700006,22.55949501500004],[89.77414620900004,22.572555228000056],[89.77948037200008,22.57285313400007],[89.78290246800003,22.57490737100005],[89.78522866300005,22.571926184000063],[89.79482212200008,22.580532840000046],[89.80117506900007,22.57997168600008],[89.80546299500008,22.582368958000075],[89.81102172000004,22.583070643000042],[89.81575505100005,22.586335705000067],[89.82109184700005,22.595908697000027],[89.82364941400004,22.59494828000004],[89.82483306500006,22.597077355000067],[89.82836048500008,22.598096635000047],[89.82947092400008,22.60099715100006],[89.82743487700003,22.602328611000075],[89.82710049000008,22.605680128000074],[89.82378109300004,22.609969333000038],[89.82715010600003,22.621944082000027],[89.83131241500007,22.628283831000033],[89.83438738700005,22.646952218000024],[89.83686396600007,22.650135254000077],[89.85395104700007,22.64882092700003],[89.85195538800008,22.658564692000027],[89.85308885700005,22.660746008000046],[89.85737609100005,22.66180741000005],[89.84971347900006,22.66790900500007],[89.85487774500007,22.667105518000028],[89.86147131300004,22.672094385000037],[89.85815431400005,22.679437431000053],[89.86168643100007,22.686305694000055],[89.85336444400008,22.687644615000067],[89.85308660200008,22.69085222600006],[89.84982368400006,22.692412620000027],[89.85020102000004,22.699068659000034],[89.84893664000003,22.700878473000046],[89.84349172300006,22.69983576100003],[89.84108194400005,22.70088385300005],[89.843362,22.70474609000007],[89.84209573200008,22.70993760600004],[89.84589450500005,22.71371152100005],[89.84219430400003,22.71632405200006],[89.84365172300005,22.721313562000034],[89.84007994700005,22.73208849400004],[89.84049588800008,22.742135622000035],[89.83805743100004,22.746723463000023],[89.83576974000005,22.749564510000027],[89.83578227500004,22.75563211700006],[89.82611503800007,22.75020444300003],[89.81452303800006,22.75636147000006],[89.81034011600008,22.76186122300004],[89.80336779600003,22.76162666500005],[89.79085646500005,22.78226726200006],[89.77922530700005,22.785122907000073]]]}},{"type":"Feature","id":"bagerhat-chitalmari","properties":{"canonical_id":"bagerhat-chitalmari","name_en":"Chitalmari","name_bn":"চিতলমারী","district_id":"bagerhat","division_id":"khulna","pcode":"BD-D-05-295","parent_pcode":"BD4001","source_name":"Chitalmari","match_method":"exact_name_or_alias","boundary_reference_year":"2020","boundary_source":"geoBoundaries gbOpen BGD ADM3 / BBS, OCHA ROAP","source_dataset_updated":"2026-08-09"},"geometry":{"type":"Polygon","coordinates":[[[89.83805743100004,22.746723463000023],[89.84556489400006,22.74493768900004],[89.84837926100005,22.746135950000053],[89.85289049300007,22.745394033000025],[89.86785818400006,22.739553776000037],[89.87148355200009,22.741615310000043],[89.87583784500004,22.74854061900004],[89.88513806900005,22.750278958000024],[89.88822816200008,22.746853671000054],[89.89494126300008,22.749766262000037],[89.89580245700006,22.747612548000063],[89.90706280400008,22.745674688000065],[89.90491025100005,22.74136231800003],[89.91217631400008,22.74309475700005],[89.90795876000004,22.739464745000078],[89.90664201500005,22.734245260000023],[89.91202460300008,22.736652156000048],[89.91107993400004,22.73378396000004],[89.91370937900007,22.73340908700004],[89.91518868600008,22.731093833000045],[89.91284166200006,22.726267096000072],[89.92818644700003,22.721994383000037],[89.93114661200008,22.723038811000038],[89.93242472600008,22.725562054000022],[89.93298466000005,22.744966652000073],[89.93138333800005,22.75238187900004],[89.92750936100003,22.754291098000067],[89.91551576500007,22.751534131000028],[89.91341593100003,22.752356494000026],[89.91022946900006,22.757757509000044],[89.90939378600007,22.76439799800005],[89.90446610600009,22.77256392000004],[89.90877738800003,22.77580335500005],[89.91687144400004,22.777235676000032],[89.91737547100007,22.780473133000044],[89.92163012500004,22.784150046000036],[89.93285578700005,22.781961935000027],[89.93825779700006,22.784943284000065],[89.93229871400007,22.793543827000065],[89.92783351400004,22.796596691000047],[89.92336413400005,22.79587331600004],[89.91400352300008,22.799757854000063],[89.91550442300007,22.807532189000028],[89.92397863900004,22.812225246000025],[89.93895715900004,22.82453364500003],[89.94465820400006,22.82605282700007],[89.94578675000008,22.831699568000033],[89.94031241600004,22.845393271000034],[89.94336492800005,22.84780864100003],[89.94378017500009,22.85649355000004],[89.92158647400004,22.864648914000043],[89.91945533900008,22.881058061000033],[89.91500173100007,22.881964754000023],[89.89039082100004,22.88107004400007],[89.87404669500006,22.886535149000053],[89.85324201700007,22.887243386000023],[89.84867145700008,22.890833921000024],[89.84445071100004,22.88457067400003],[89.83440220100005,22.882296473000054],[89.83020285000003,22.888964506000036],[89.82775861300007,22.884172927000066],[89.82502456400005,22.88171053800005],[89.82095704300008,22.881152137000072],[89.82007844100008,22.879023725000025],[89.81557041500008,22.88121881400008],[89.81917722300005,22.87328916900003],[89.81630475000009,22.873228854000047],[89.80903716100005,22.878346316000034],[89.80547499000005,22.871971598000073],[89.80870083500008,22.86832479000003],[89.81209771700009,22.86888101900007],[89.81468294600006,22.862108255000066],[89.81726375700003,22.858219430000076],[89.82002792500003,22.857471093000072],[89.82263257100004,22.852869673000043],[89.82616841400005,22.85432065400005],[89.82889001600006,22.851703275000034],[89.83432859500004,22.841481784000052],[89.83657393400006,22.84073826100007],[89.83715381200005,22.829766878000044],[89.83544826200006,22.83005759200006],[89.83277399200006,22.827793279000048],[89.82784332700004,22.829737892000026],[89.81529723200003,22.82047786100003],[89.80354185100003,22.823942902000056],[89.79713294200008,22.823839736000025],[89.79341738800008,22.825965782000026],[89.78886954900008,22.824626224000042],[89.77879952200004,22.827291612000067],[89.77488042800007,22.822763922000036],[89.76574190900004,22.824516268000025],[89.76413317400005,22.819650392000028],[89.76735370000006,22.811515497000073],[89.77371602500006,22.81290483400005],[89.77527119500007,22.811414780000064],[89.77699162900007,22.800973680000027],[89.77277851000008,22.795585904000063],[89.77622141400008,22.792118722000055],[89.77659368500008,22.78955988100006],[89.77792484800005,22.78953181600008],[89.77757437100007,22.786927640000044],[89.77922530700005,22.785122907000073],[89.79085646500005,22.78226726200006],[89.80336779600003,22.76162666500005],[89.81034011600008,22.76186122300004],[89.81452303800006,22.75636147000006],[89.82611503800007,22.75020444300003],[89.83578227500004,22.75563211700006],[89.83576974000005,22.749564510000027],[89.83805743100004,22.746723463000023]]]}},{"type":"Feature","id":"bagerhat-fakirhat","properties":{"canonical_id":"bagerhat-fakirhat","name_en":"Fakirhat","name_bn":"ফকিরহাট","district_id":"bagerhat","division_id":"khulna","pcode":"BD-D-05-287","parent_pcode":"BD4001","source_name":"Fakirhat","match_method":"exact_name_or_alias","boundary_reference_year":"2020","boundary_source":"geoBoundaries gbOpen BGD ADM3 / BBS, OCHA ROAP","source_dataset_updated":"2026-08-09"},"geometry":{"type":"Polygon","coordinates":[[[89.77922530700005,22.785122907000073],[89.77757437100007,22.786927640000044],[89.77792484800005,22.78953181600008],[89.77659368500008,22.78955988100006],[89.77622141400008,22.792118722000055],[89.77277851000008,22.795585904000063],[89.77699162900007,22.800973680000027],[89.77527119500007,22.811414780000064],[89.77371602500006,22.81290483400005],[89.76735370000006,22.811515497000073],[89.76413317400005,22.819650392000028],[89.75858381100005,22.814065481000057],[89.75710054500007,22.814557539000077],[89.75711518000008,22.80784751300007],[89.75221307800007,22.80997502500003],[89.75051460500003,22.809096108000062],[89.74983688000003,22.80403307800003],[89.75332342200005,22.796890037000026],[89.75173152100007,22.79407526500006],[89.74517920600005,22.795572711000034],[89.74152234800005,22.79949761100005],[89.73279454300007,22.80201435200007],[89.72749511700005,22.800975261000076],[89.72276094200004,22.803528148000055],[89.72068490100008,22.806516083000076],[89.72077724400003,22.81081118700007],[89.71647857500005,22.811350136000044],[89.71189114600008,22.814953396000078],[89.71289909500007,22.82047901100003],[89.71150778200007,22.82159243600006],[89.70953542700005,22.82053389300006],[89.70849101100004,22.823334956000053],[89.70670984500003,22.824010905000023],[89.70236741000008,22.82079195800003],[89.69371447800006,22.81791331200003],[89.68012438600005,22.816494307000028],[89.67584581800008,22.812647498000047],[89.67503208800008,22.81049470800008],[89.67696356600004,22.808307410000054],[89.67536056700004,22.803204100000073],[89.67690064400006,22.79650623400005],[89.66593277500004,22.79887162700004],[89.66815750000006,22.796409522000033],[89.66587944400004,22.79539271400006],[89.66428783300006,22.79121272200007],[89.66010094700005,22.778875455000048],[89.66105975800008,22.776231478000057],[89.65497827500008,22.772656079000058],[89.65724507200008,22.75836573500004],[89.65422211100008,22.75499445300005],[89.64716244900006,22.752884893000044],[89.64711366900008,22.763343243000065],[89.64412079200008,22.774140861000035],[89.63829074000006,22.767195554000068],[89.63265880800003,22.76583442200007],[89.63184202800005,22.767102900000054],[89.63113314400005,22.762876617000074],[89.62907044400004,22.766846928000064],[89.62543046700006,22.768348462000063],[89.62196541400004,22.772958464000055],[89.61832718200003,22.77582617300004],[89.61585115100007,22.77586201300005],[89.61124771300007,22.773978928000076],[89.61120900300006,22.76518119900004],[89.60851010800008,22.76081248400004],[89.60948820400006,22.756184004000033],[89.60839102700004,22.752291763000073],[89.59886561200005,22.73922465800007],[89.60044944300006,22.72833006600007],[89.59794605400003,22.72135712900007],[89.59464850400008,22.719619702000045],[89.59162266300007,22.721818478000046],[89.58969255600005,22.721570195000027],[89.58528907600004,22.71747053100006],[89.58934829200007,22.709869844000025],[89.60096289800003,22.709522364000065],[89.60279034400008,22.706279579000068],[89.60267147500008,22.702130553000075],[89.60028405000008,22.700084119000053],[89.59208300300008,22.699044592000064],[89.58414101800008,22.694776053000055],[89.57361120500008,22.69291620100006],[89.56956567100008,22.69066925000004],[89.57864018000004,22.678054390000057],[89.57997133800006,22.669687860000067],[89.57715829800009,22.668447639000078],[89.57340928200006,22.664660756000046],[89.57333312700007,22.662039925000045],[89.57546772600006,22.656540380000024],[89.58259500300005,22.64695933200005],[89.60171474100008,22.645175529000028],[89.61847215100005,22.65294552900008],[89.62150984900006,22.660022223000055],[89.62201056600009,22.670777819000023],[89.62554883300004,22.67733814500008],[89.63781865000004,22.676758843000073],[89.64682678400004,22.68051414200005],[89.64222999400005,22.67958503400007],[89.64158402800007,22.680915506000076],[89.64514390200009,22.687581032000026],[89.64527442000008,22.69100906500006],[89.64065733000007,22.70123456300007],[89.64293869500005,22.70675871700007],[89.64093600200005,22.706967376000023],[89.64299596600006,22.70908051500004],[89.64078953700005,22.711906803000034],[89.65383539800007,22.72011363200005],[89.66467609800009,22.72284798100003],[89.67268775300005,22.722474719000047],[89.67840830800003,22.719841135000024],[89.67945102200008,22.723040325000056],[89.68482363000004,22.721344757000054],[89.68547149900007,22.719351551000045],[89.68930002100007,22.722031048000076],[89.69111043100008,22.72038053500006],[89.69489200900006,22.72041461300006],[89.70053247400006,22.716736679000064],[89.70194588800007,22.718312887000025],[89.70310353700006,22.717432556000063],[89.70412098200006,22.71976402200005],[89.70484691000007,22.718699662000063],[89.70782024000005,22.719579986000042],[89.70867085600008,22.72213131500007],[89.71052270300004,22.722373508000032],[89.71722051800003,22.73013928000006],[89.72273786900007,22.72917103800006],[89.72542001200009,22.731108611000025],[89.73123615700007,22.73078424700003],[89.73043209200006,22.73234629800004],[89.73531730900004,22.735663357000078],[89.73751900900004,22.73960881100004],[89.73739626600008,22.747303669000075],[89.74200926500004,22.747805500000027],[89.74343587800007,22.750236745000052],[89.74760612100005,22.752399913000033],[89.74202634400007,22.76464525800003],[89.74260240900009,22.76961304200006],[89.74571332200009,22.775500672000078],[89.74583377900007,22.781964204000076],[89.75356273600005,22.788421595000045],[89.75505331400007,22.792208730000027],[89.76770900800005,22.79034611000003],[89.76887626700005,22.788396524000063],[89.76826159700005,22.78206582000007],[89.77164558600003,22.78075121100005],[89.77647656200008,22.78053192400006],[89.77922530700005,22.785122907000073]]]}},{"type":"Feature","id":"bagerhat-kachua","properties":{"canonical_id":"bagerhat-kachua","name_en":"Kachua","name_bn":"কচুয়া","district_id":"bagerhat","division_id":"khulna","pcode":"BD-D-05-293","parent_pcode":"BD4001","source_name":"Kachua","match_method":"exact_name_or_alias","boundary_reference_year":"2020","boundary_source":"geoBoundaries gbOpen BGD ADM3 / BBS, OCHA ROAP","source_dataset_updated":"2026-08-09"},"geometry":{"type":"Polygon","coordinates":[[[89.82364941400004,22.59494828000004],[89.82433249300004,22.593579256000055],[89.82675452400008,22.59349013600007],[89.83157210500008,22.595828280000035],[89.83570559500004,22.59599460800007],[89.83244914900007,22.586613429000067],[89.83541480300005,22.576912880000066],[89.84624449500006,22.564989427000057],[89.85809527900005,22.561202093000077],[89.86578653700008,22.56421560800004],[89.87519350400004,22.570555170000034],[89.88419010400008,22.572436176000053],[89.88682890900003,22.574419041000056],[89.89391523100005,22.574818548000053],[89.89444538700008,22.57722080900004],[89.88795468600006,22.593093074000024],[89.89511451500005,22.610094467000067],[89.91212823900008,22.61607725500005],[89.91653975900005,22.614737785000045],[89.92059456100009,22.610133653000048],[89.92391391200005,22.620952291000037],[89.92682901200004,22.64208543600006],[89.92452290800009,22.645085322000057],[89.91910743700004,22.647938246000024],[89.89590103300009,22.65627077700003],[89.89010955900005,22.66399653900004],[89.89279706400004,22.672601162000035],[89.89665324200007,22.67496210400003],[89.90062645800003,22.672134190000065],[89.90922645300003,22.659490149000078],[89.91406576100007,22.659747459000073],[89.92465619000006,22.66948879200004],[89.93589984900007,22.67706577900003],[89.93700040700008,22.67994576600006],[89.93392338900009,22.683341547000055],[89.92086685700008,22.69160670200006],[89.91521871600008,22.69320308700003],[89.90205578900003,22.69544331000003],[89.86824653700006,22.691550867000046],[89.86421960400008,22.69361540600005],[89.86164645700006,22.69703138600005],[89.86246852300008,22.701951871000063],[89.86943886200004,22.707307721000063],[89.87469716900006,22.709987355000067],[89.87598311300007,22.70895285200004],[89.87814511100004,22.70993694300006],[89.88067027700004,22.712894042000073],[89.90272735500008,22.725064562000057],[89.90735752700004,22.726560153000037],[89.91284166200006,22.726267096000072],[89.91518868600008,22.731093833000045],[89.91370937900007,22.73340908700004],[89.91107993400004,22.73378396000004],[89.91202460300008,22.736652156000048],[89.90664201500005,22.734245260000023],[89.90795876000004,22.739464745000078],[89.91217631400008,22.74309475700005],[89.90491025100005,22.74136231800003],[89.90706280400008,22.745674688000065],[89.89580245700006,22.747612548000063],[89.89494126300008,22.749766262000037],[89.88822816200008,22.746853671000054],[89.88513806900005,22.750278958000024],[89.87583784500004,22.74854061900004],[89.87148355200009,22.741615310000043],[89.86785818400006,22.739553776000037],[89.85289049300007,22.745394033000025],[89.84837926100005,22.746135950000053],[89.84556489400006,22.74493768900004],[89.83805743100004,22.746723463000023],[89.84049588800008,22.742135622000035],[89.84007994700005,22.73208849400004],[89.84365172300005,22.721313562000034],[89.84219430400003,22.71632405200006],[89.84589450500005,22.71371152100005],[89.84209573200008,22.70993760600004],[89.843362,22.70474609000007],[89.84108194400005,22.70088385300005],[89.84349172300006,22.69983576100003],[89.84893664000003,22.700878473000046],[89.85020102000004,22.699068659000034],[89.84982368400006,22.692412620000027],[89.85308660200008,22.69085222600006],[89.85336444400008,22.687644615000067],[89.86168643100007,22.686305694000055],[89.85815431400005,22.679437431000053],[89.86147131300004,22.672094385000037],[89.85487774500007,22.667105518000028],[89.84971347900006,22.66790900500007],[89.85737609100005,22.66180741000005],[89.85308885700005,22.660746008000046],[89.85195538800008,22.658564692000027],[89.85395104700007,22.64882092700003],[89.83686396600007,22.650135254000077],[89.83438738700005,22.646952218000024],[89.83131241500007,22.628283831000033],[89.82715010600003,22.621944082000027],[89.82378109300004,22.609969333000038],[89.82710049000008,22.605680128000074],[89.82743487700003,22.602328611000075],[89.82947092400008,22.60099715100006],[89.82836048500008,22.598096635000047],[89.82483306500006,22.597077355000067],[89.82364941400004,22.59494828000004]]]}},{"type":"Feature","id":"bagerhat-mollahat","properties":{"canonical_id":"bagerhat-mollahat","name_en":"Mollahat","name_bn":"মোল্লাহাট","district_id":"bagerhat","division_id":"khulna","pcode":"BD-D-05-289","parent_pcode":"BD4001","source_name":"Mollahat","match_method":"exact_name_or_alias","boundary_reference_year":"2020","boundary_source":"geoBoundaries gbOpen BGD ADM3 / BBS, OCHA ROAP","source_dataset_updated":"2026-08-09"},"geometry":{"type":"Polygon","coordinates":[[[89.84867145700008,22.890833921000024],[89.84997187600004,22.893604525000057],[89.85303141000009,22.89523287000003],[89.86309252400008,22.896535920000076],[89.86564345700003,22.902147975000048],[89.83799410400007,22.916822122000042],[89.82585568800005,22.930166558000053],[89.81688474100008,22.93637099400007],[89.80837759200006,22.937530235000054],[89.80104671600003,22.94125997900005],[89.79609295100005,22.945204740000065],[89.79330613400003,22.95619438500006],[89.78636094400008,22.962090287000024],[89.78382620000008,22.972396351000043],[89.78832641200006,22.979839258000027],[89.78761220700005,22.982084823000037],[89.77979655800004,22.983402080000076],[89.77330137700005,22.981737535000036],[89.76658110300008,22.976666202000047],[89.76084705300008,22.964791585000057],[89.74916269300007,22.96390688200006],[89.75227497700007,22.955346313000064],[89.75112147800007,22.945684852000056],[89.74174701100009,22.93458855800003],[89.72970118000006,22.92386433200005],[89.72627120400006,22.917580711000028],[89.72795934400006,22.916595001000076],[89.73955735400006,22.921712186000036],[89.74148818000003,22.920972332000076],[89.74118685000008,22.918847263000032],[89.73627974400006,22.913333241000032],[89.72903119000006,22.909822235000036],[89.72141392400005,22.90291363600005],[89.72217158200004,22.90060293600004],[89.72835626500006,22.89877924800004],[89.72828638200008,22.89577207900004],[89.72679642800006,22.89438908300008],[89.71151253700003,22.891800501000034],[89.71928522800005,22.884969225000077],[89.71482401100008,22.87775192600003],[89.71150842600008,22.88149092900005],[89.70872558800005,22.882064570000068],[89.70366322000007,22.877990109000052],[89.69892967000004,22.87760124500005],[89.69526736600005,22.874188613000058],[89.69870416100008,22.86492105600007],[89.70091030700007,22.86421890500003],[89.70512317900005,22.858920658000045],[89.71140812400006,22.85801526800003],[89.71377180500008,22.85138660800004],[89.71782072500008,22.848350636000077],[89.71551417400008,22.836714046000054],[89.71131920300007,22.825670784000067],[89.70849101100004,22.823334956000053],[89.70953542700005,22.82053389300006],[89.71150778200007,22.82159243600006],[89.71289909500007,22.82047901100003],[89.71189114600008,22.814953396000078],[89.71647857500005,22.811350136000044],[89.72077724400003,22.81081118700007],[89.72068490100008,22.806516083000076],[89.72276094200004,22.803528148000055],[89.72749511700005,22.800975261000076],[89.73279454300007,22.80201435200007],[89.74152234800005,22.79949761100005],[89.74517920600005,22.795572711000034],[89.75173152100007,22.79407526500006],[89.75332342200005,22.796890037000026],[89.74983688000003,22.80403307800003],[89.75051460500003,22.809096108000062],[89.75221307800007,22.80997502500003],[89.75711518000008,22.80784751300007],[89.75710054500007,22.814557539000077],[89.75858381100005,22.814065481000057],[89.76413317400005,22.819650392000028],[89.76574190900004,22.824516268000025],[89.77488042800007,22.822763922000036],[89.77879952200004,22.827291612000067],[89.78886954900008,22.824626224000042],[89.79341738800008,22.825965782000026],[89.79713294200008,22.823839736000025],[89.80354185100003,22.823942902000056],[89.81529723200003,22.82047786100003],[89.82784332700004,22.829737892000026],[89.83277399200006,22.827793279000048],[89.83544826200006,22.83005759200006],[89.83715381200005,22.829766878000044],[89.83657393400006,22.84073826100007],[89.83432859500004,22.841481784000052],[89.82889001600006,22.851703275000034],[89.82616841400005,22.85432065400005],[89.82263257100004,22.852869673000043],[89.82002792500003,22.857471093000072],[89.81726375700003,22.858219430000076],[89.81468294600006,22.862108255000066],[89.81209771700009,22.86888101900007],[89.80870083500008,22.86832479000003],[89.80547499000005,22.871971598000073],[89.80903716100005,22.878346316000034],[89.81630475000009,22.873228854000047],[89.81917722300005,22.87328916900003],[89.81557041500008,22.88121881400008],[89.82007844100008,22.879023725000025],[89.82095704300008,22.881152137000072],[89.82502456400005,22.88171053800005],[89.82775861300007,22.884172927000066],[89.83020285000003,22.888964506000036],[89.83440220100005,22.882296473000054],[89.84445071100004,22.88457067400003],[89.84867145700008,22.890833921000024]]]}},{"type":"Feature","id":"bagerhat-mongla","properties":{"canonical_id":"bagerhat-mongla","name_en":"Mongla","name_bn":"মোংলা","district_id":"bagerhat","division_id":"khulna","pcode":"BD-D-05-294","parent_pcode":"BD4001","source_name":"Mongla","match_method":"exact_name_or_alias","boundary_reference_year":"2020","boundary_source":"geoBoundaries gbOpen BGD ADM3 / BBS, OCHA ROAP","source_dataset_updated":"2026-08-09"},"geometry":{"type":"MultiPolygon","coordinates":[[[[89.54495396200008,21.849524065000026],[89.54141754300008,21.850422528000024],[89.54029421900003,21.849415429000032],[89.53482479300004,21.838308709000046],[89.53085534200005,21.822951052000064],[89.53697435000004,21.814792836000038],[89.53672840400003,21.811732509000024],[89.54210650500005,21.80290287200006],[89.54887128300004,21.80062668100004],[89.54780267800004,21.79856809200004],[89.54984354500004,21.792597514000022],[89.54688648200005,21.788716948000058],[89.54131339000008,21.78669362100004],[89.53966575100009,21.78171714700005],[89.54121426600005,21.777657541000053],[89.54741023800005,21.776814064000064],[89.54705714900007,21.77518770000006],[89.54475613100004,21.774464253000076],[89.54783630000009,21.771556193000038],[89.54656013500005,21.770405293000067],[89.53930781100007,21.773588612000026],[89.53649636100005,21.772385636000024],[89.53819550000009,21.769234744000073],[89.53811643900008,21.76201552400005],[89.54456491500008,21.745778550000068],[89.55438517100004,21.730888932000028],[89.55539705600006,21.725322294000023],[89.56862780300008,21.715365388000066],[89.57385023300003,21.714088057000026],[89.57732394400006,21.715961505000053],[89.58163152600008,21.71360504000006],[89.58971543500007,21.71357753500007],[89.59329483000005,21.71425577900004],[89.59408326100004,21.715930841000045],[89.59955079300005,21.71838240900007],[89.60558798900007,21.71854031600003],[89.60665503300004,21.721267974000057],[89.60510219000008,21.727814222000063],[89.59915153700007,21.733250161000058],[89.58915853600007,21.74752064000006],[89.58657722400005,21.764342833000057],[89.59090672900004,21.771668343000044],[89.60046900300006,21.77489509800006],[89.60220314200006,21.777194101000077],[89.60500960800005,21.789726632000054],[89.60372394600006,21.80114992500006],[89.57242244800005,21.825741037000057],[89.55746649600007,21.835693639000056],[89.54802914600003,21.848719689000063],[89.54495396200008,21.849524065000026]]],[[[89.65410571500007,21.857437557000026],[89.65952001900007,21.86347270300007],[89.66060646500006,21.869737950000058],[89.65364470600008,21.878663550000056],[89.65005777500005,21.88969970000005],[89.64588880000008,21.897674867000035],[89.64430046600006,21.897814866000033],[89.63704031100008,21.892205454000077],[89.63267515600006,21.886458782000034],[89.63111453600004,21.875746139000057],[89.63351068600008,21.870110194000063],[89.63797982400007,21.86490876700003],[89.64780218300007,21.85914531800006],[89.65410571500007,21.857437557000026]]],[[[89.57065455700007,21.929547911000043],[89.57294905400005,21.933330888000057],[89.57109837400003,21.935333996000054],[89.57065455700007,21.929547911000043]]],[[[89.61475867900003,21.94672881300005],[89.58841881300003,21.94647381900006],[89.57852847400005,21.937747648000027],[89.57341176800008,21.935248540000032],[89.57531752500006,21.931906742000024],[89.57140596100004,21.929123834000052],[89.55281182800007,21.894413576000034],[89.54928453500008,21.883886313000062],[89.54874699300007,21.875709680000057],[89.55032322400007,21.87117213600004],[89.55366157500004,21.868265015000077],[89.55488626900006,21.861431680000067],[89.55761478700003,21.85982775900004],[89.57515282900005,21.862916582000025],[89.58532034000007,21.866529220000075],[89.59273969900005,21.87146086200005],[89.59365466400004,21.873711894000053],[89.59281373900006,21.87670931100007],[89.58756148200007,21.882885801000043],[89.57996524100008,21.888641405000044],[89.58008731400008,21.892202190000035],[89.59225738500004,21.898768462000078],[89.59772088300008,21.89065358600004],[89.60093853200004,21.891051599000036],[89.59960583300006,21.889576567000063],[89.59725161200004,21.88992430600007],[89.59140891200008,21.897873909000054],[89.58123757500005,21.891757908000045],[89.58069104200007,21.89037337800005],[89.59315100600008,21.878951577000066],[89.59482758100006,21.875139430000047],[89.59434417700004,21.871940832000064],[89.58711800500004,21.866380991000028],[89.57744956800008,21.862235007000038],[89.55459098700004,21.857558425000036],[89.55617022700005,21.852016846000026],[89.56835746000007,21.839690673000064],[89.60807066600006,21.810865826000054],[89.61482779200009,21.80160674600006],[89.61709427100004,21.796400676000076],[89.61827900700007,21.783973324000044],[89.61579269200007,21.775792253000077],[89.60955212200008,21.764781502000062],[89.62785984200008,21.760759750000034],[89.63600895100006,21.756547345000058],[89.64241485900004,21.762991253000052],[89.64701968800006,21.763574850000055],[89.64912167600005,21.762145050000072],[89.64800176200004,21.75970441000004],[89.64892938100007,21.757076692000055],[89.65185265100007,21.754549174000033],[89.65899517200006,21.753177487000073],[89.66718073800007,21.754341570000065],[89.68152114100008,21.761110888000076],[89.68370699100007,21.76799960200003],[89.68781047400006,21.76380028400007],[89.69887248200007,21.772809014000075],[89.69985624800006,21.779695321000077],[89.69692053000006,21.78829560300005],[89.69675519400005,21.79388896000006],[89.69385464400006,21.797803859000055],[89.68081208000007,21.80399424700005],[89.66070218900006,21.821500188000073],[89.65869411800008,21.826229113000068],[89.62573719000005,21.863711434000038],[89.62364126500006,21.871977320000042],[89.62576378900008,21.88297815800007],[89.63081271200008,21.891595042000063],[89.64626331800008,21.909939612000073],[89.62760907500007,21.931746645000032],[89.62157893200003,21.94497586400007],[89.61475867900003,21.94672881300005]]],[[[89.54550341900006,21.881078311000067],[89.55187504100007,21.899310865000075],[89.56719011700005,21.925550361000035],[89.56941935200007,21.933875047000072],[89.56885072200004,21.93559463500003],[89.56153710300003,21.93930429200003],[89.54504764800004,21.960103471000025],[89.54340602100007,21.96057689500003],[89.54162274100008,21.957368922000057],[89.54707338000009,21.927312975000063],[89.54782810300009,21.915506640000046],[89.54515782200008,21.901252374000023],[89.54550341900006,21.881078311000067]]],[[[89.71447514100004,21.97667651100005],[89.71162806600006,21.977818927000044],[89.70951805200008,21.981926506000036],[89.70376844200007,21.986123519000046],[89.70706216800005,21.992248662000065],[89.70494874000008,21.997838398000056],[89.70472636300008,22.006252277000044],[89.70308400900007,22.007062138000038],[89.69616663300008,22.005280671000037],[89.68647916300006,21.99264088800004],[89.68725629500005,21.977296033000073],[89.69121384000005,21.972235975000046],[89.69444131600005,21.96110264600003],[89.69494575500005,21.952784975000043],[89.69312225900006,21.942789583000035],[89.68322618800005,21.922356801000035],[89.68171265300003,21.911740440000074],[89.67844874400004,21.90494512400005],[89.67410703300004,21.89929529400007],[89.65848663200006,21.886689941000043],[89.66444478800008,21.87972234800003],[89.66925628800004,21.87012257200007],[89.66985981900007,21.86376506000005],[89.66613030800005,21.848745560000054],[89.67076348900008,21.838189345000046],[89.67296864300005,21.83685490000005],[89.67933727400003,21.839831635000053],[89.68193364200005,21.846721115000037],[89.69113298300005,21.843392083000026],[89.70630524200004,21.845479431000058],[89.70669739800007,21.847596515000077],[89.70426802200006,21.849058624000065],[89.69159689100007,21.85142679200004],[89.68828067400005,21.854784292000033],[89.69742032700003,21.857285864000062],[89.69451502400005,21.86496537100004],[89.70130167900004,21.86409692600006],[89.70355484800007,21.881462013000032],[89.70509776400007,21.88284821800005],[89.71172881100006,21.882734319000065],[89.71024271900006,21.887182143000075],[89.71238431300009,21.88802442900004],[89.71122826800007,21.887045530000023],[89.71241445400005,21.88204238700007],[89.70538595800008,21.88156580900005],[89.70501918900004,21.87309851400005],[89.70245814300006,21.86314670200005],[89.70040424800004,21.862225959000057],[89.69607511600003,21.864112783000053],[89.69922703800006,21.85921441000005],[89.69880435300007,21.857704842000032],[89.69663002400006,21.855715195000073],[89.69050879200006,21.854628688000048],[89.69326559800004,21.852619098000048],[89.70397403200008,21.85083426700004],[89.70929515400007,21.84734108300006],[89.70831241300004,21.84414048800005],[89.70063517400007,21.842118765000066],[89.70141283500004,21.837530530000038],[89.70817896600005,21.834195830000056],[89.71880699600007,21.832684587000074],[89.72766401500007,21.83356000400005],[89.72965771700007,21.835332118000053],[89.73150213100007,21.834809136000047],[89.74068726700006,21.838314067000056],[89.74175962200007,21.839988874000028],[89.74233072300007,21.850029633000077],[89.73947373600004,21.858152738000058],[89.74086787800007,21.865947955000024],[89.73352775500007,21.87468524600007],[89.72891550200006,21.889402594000046],[89.71556021700007,21.894973664000076],[89.71129493700005,21.901563813000053],[89.71105206400006,21.907682961000035],[89.71304112000007,21.91218062100006],[89.71641327600008,21.916871505000074],[89.72441986700005,21.92305239500007],[89.72720194800007,21.92855518500005],[89.71474295900003,21.945171323000068],[89.71090109900007,21.957116559000042],[89.71150509700004,21.962567747000037],[89.71367707800005,21.965726885000038],[89.72202219300004,21.97037879800007],[89.72165074700007,21.976927685000078],[89.71447514100004,21.97667651100005]]],[[[89.57364159500008,21.941698944000052],[89.58225527600007,21.948796797000057],[89.58190686200004,21.954102565000028],[89.56579965100008,21.967542518000073],[89.56178712300004,21.972360227000024],[89.56157309700006,21.975228105000042],[89.56896606100008,21.979741775000036],[89.58575933400004,21.986334742000054],[89.59293461200008,21.992179099000055],[89.60316684700007,22.002853294000033],[89.60633993500005,22.008687337000026],[89.60752927800007,22.015914947000056],[89.60575899800006,22.021469722000063],[89.60082177300006,22.025108541000066],[89.58305047500005,22.032971962000033],[89.56847636600008,22.037534718000074],[89.56330064900004,22.017924767000068],[89.55079147600009,21.984951946000024],[89.54830161300004,21.96190184200003],[89.56497628900007,21.943301887000075],[89.56779953900008,21.941779396000072],[89.57364159500008,21.941698944000052]]],[[[89.76050034000008,22.03057845400008],[89.76193971500004,22.032694073000073],[89.76680961000005,22.03438376200006],[89.77543132400007,22.060645391000037],[89.77023802700006,22.076846955000065],[89.76269386500007,22.073829103000037],[89.75777984800004,22.06794156500007],[89.75286050200003,22.06535259700007],[89.75279570500004,22.058372488000032],[89.75029007200004,22.05420941600005],[89.74203708500005,22.051997277000055],[89.74573241400003,22.035987655000042],[89.75619197700007,22.036720674000037],[89.75922115700007,22.034573803000058],[89.76050034000008,22.03057845400008]]],[[[89.63659805500004,22.09745917600003],[89.63278644300004,22.098099438000077],[89.62943015700006,22.10105401800007],[89.62864329900003,22.099805485000047],[89.63023193200007,22.09739690200007],[89.62915286100008,22.09586961800005],[89.61184936100005,22.091607559000067],[89.59967632100006,22.085464743000045],[89.59716402300006,22.086680756000078],[89.59695685200006,22.091044985000053],[89.58083997900007,22.06625927500005],[89.57182191000004,22.048932226000034],[89.57193109600007,22.046865325000056],[89.57972039800006,22.046002953000027],[89.59139083700006,22.039020079000068],[89.59248266500003,22.040455605000034],[89.58964078700006,22.052778525000065],[89.59120472300003,22.053840594000064],[89.60348847000006,22.053940261000037],[89.60090391500006,22.065358855000056],[89.60443225200004,22.054351918000066],[89.60213782900007,22.052490630000023],[89.59078787100003,22.052617930000054],[89.59296077800008,22.038357979000068],[89.59008569800005,22.037949625000067],[89.58007763400008,22.044811327000048],[89.57427024400005,22.045659965000027],[89.57065908000004,22.044579112000065],[89.56909214600006,22.03868992200006],[89.58683124700008,22.032723213000054],[89.59560588200009,22.028261481000072],[89.60625902700008,22.033366486000034],[89.61027234400007,22.032120294000038],[89.61571086600009,22.02652104300006],[89.63460136400005,22.030131749000077],[89.63748124700004,22.031262939000044],[89.63735817600008,22.032502368000053],[89.62371455400006,22.03649278300003],[89.62022110000004,22.038676424000073],[89.61938968500004,22.04156382700006],[89.62379508800007,22.06020925100006],[89.62770196500009,22.064337889000058],[89.63271790100003,22.06391641700003],[89.62861042000009,22.063485352000043],[89.62464436400006,22.05905676800006],[89.62094304600004,22.040154382000026],[89.62247863900006,22.038124330000073],[89.63651292700007,22.034436415000073],[89.63892231600005,22.032345743000064],[89.63600115500003,22.02922605200007],[89.61750901700003,22.02524038000007],[89.61372211400004,22.026052786000037],[89.60826906700004,22.031847304000053],[89.60532611600007,22.03192155200003],[89.59964999700009,22.028750239000033],[89.60532840000008,22.02377501600006],[89.60877713600007,22.01665057100007],[89.60861394700004,22.010030732000075],[89.60435065800004,22.00141684700003],[89.59598972200007,21.99197801100007],[89.58807596900004,21.985620074000053],[89.56292082300007,21.974490871000057],[89.58211391300006,21.957712382000068],[89.58667090800003,21.950313907000066],[89.60708719000007,21.952467352000042],[89.62588046300004,21.948351935000062],[89.63930766200008,21.958278197000027],[89.64462081000005,21.964982976000044],[89.64470526200006,21.982624245000068],[89.63379636400003,21.979014686000028],[89.62515928100004,21.97904290300005],[89.62087981400003,21.98845127900006],[89.62031320900007,21.999111253000024],[89.62383671400005,22.004330305000053],[89.62822123800004,22.003862323000078],[89.63284295200003,22.00086085600003],[89.63814408500008,21.992745239000044],[89.64014512400007,21.99203252600006],[89.65475120800005,22.004063744000064],[89.66001458000005,22.018554815000073],[89.65293615000007,22.030312497000068],[89.65205377900008,22.03724261800005],[89.65640939900004,22.051893034000045],[89.66089110700005,22.054173137000078],[89.66557274700006,22.05340608700004],[89.66640215500007,22.055140703000063],[89.65923310900007,22.072298187000058],[89.64970166200004,22.069000526000025],[89.64597455200004,22.07106675600005],[89.65006206700008,22.08279237100004],[89.64903180100004,22.098855909000065],[89.63659805500004,22.09745917600003]]],[[[89.76936394300003,22.079010054000037],[89.75984702600005,22.096295431000044],[89.75694538200008,22.103694613000073],[89.75475701700003,22.116142813000067],[89.74553893000007,22.13438082700003],[89.73333071000008,22.132515776000048],[89.72488963600006,22.132897589000038],[89.71293933700008,22.128374200000053],[89.71102455000005,22.119153166000046],[89.71406421900008,22.111965974000043],[89.71382602600005,22.107482779000065],[89.70862382400009,22.09202552000005],[89.71071253900004,22.07392217200004],[89.70268780200007,22.06356923100003],[89.68602785600007,22.059653853000043],[89.68055463500008,22.05599785000004],[89.67774365700006,22.051749519000055],[89.68166363600005,22.04751436600003],[89.69955947900007,22.040546720000066],[89.70446969900007,22.034245042000066],[89.70525716700007,22.025401943000077],[89.69793395200008,22.009086070000023],[89.70259639300008,22.010481114000072],[89.70678170200006,22.007189912000058],[89.70929809900008,21.992421754000077],[89.70818264500008,21.98644368500004],[89.71393836600004,21.979139196000062],[89.72126478600006,21.980968602000075],[89.72393234600008,21.97982571700004],[89.72587324400007,21.970076119000055],[89.72736155300004,21.96912234200005],[89.73192328400006,21.969129852000037],[89.74603243900003,21.97551095500006],[89.74608092400007,21.977184126000054],[89.73512135700008,21.985820257000057],[89.73352271500005,21.990837511000052],[89.73653959900008,21.995001681000076],[89.74727571500006,21.997169932000077],[89.74937391100008,21.999133092000022],[89.74910921000009,22.004009102000055],[89.74301978400007,22.011935980000032],[89.74188117300008,22.01771885200003],[89.74474667000004,22.020974369000044],[89.75568830600008,22.024050656000043],[89.75798167000005,22.032277201000056],[89.75610659900008,22.034234353000045],[89.74723756700007,22.033025807000058],[89.74302861600006,22.03540974300006],[89.73907525100003,22.052088292000064],[89.74265864000006,22.05563182800006],[89.74981170100006,22.056360032000043],[89.75056429800009,22.065874808000046],[89.75678930600003,22.069756597000037],[89.75980755400008,22.074494010000024],[89.76936394300003,22.079010054000037]]],[[[89.61856883900003,22.166726],[89.61446490600008,22.166811207000023],[89.61189712700008,22.161580740000034],[89.61153428400007,22.156407727000044],[89.61417972400005,22.14867779700006],[89.60886005100008,22.142753854000034],[89.61004742400007,22.132068220000065],[89.60721288100007,22.12759309100005],[89.60374005100005,22.125295338000058],[89.60353854400006,22.113160013000027],[89.59844551800006,22.08771665300003],[89.62204001300006,22.096614755000076],[89.62774130700006,22.096602714000028],[89.62697050100007,22.100788401000045],[89.62861880600008,22.10210298800007],[89.63449868100008,22.099185430000034],[89.64907729000004,22.100430818000063],[89.65096364800007,22.097794831000044],[89.65209402700003,22.083926010000027],[89.64734626200004,22.07172386900004],[89.64919006400004,22.07084499800004],[89.65938937400006,22.073828156000047],[89.66797096900007,22.055801152000072],[89.66567240800003,22.051852361000044],[89.65756428800006,22.051477044000023],[89.65400794700008,22.03760531300003],[89.65463186000005,22.03145160300005],[89.66177652900006,22.01879731100007],[89.65538370000007,22.002296003000026],[89.64510187400003,21.99319071000008],[89.63936692100003,21.990548873000023],[89.63446775300008,21.992019975000062],[89.62639581100007,22.001133141000025],[89.62439545900008,22.00151084500004],[89.62368205800004,21.999836134000077],[89.62399264100009,21.98893670700005],[89.62626899600008,21.98100564300006],[89.64196746400006,21.985917030000053],[89.64606911800007,21.985495659000037],[89.64838675700008,21.981054517000075],[89.64849341600006,21.968959459000075],[89.64521128500007,21.959390730000052],[89.64122575700009,21.954601376000028],[89.62846453300006,21.944915627000057],[89.63933456800004,21.932366245000026],[89.64944362900007,21.91594230000004],[89.65300118000005,21.906722669000033],[89.65721155700004,21.902763595000067],[89.66504474700008,21.90493109600004],[89.66977533400006,21.90862170500003],[89.67694167800005,21.922691564000047],[89.68523333600007,21.949958588000072],[89.68565473900009,21.95650891400004],[89.68393728300003,21.96836210400005],[89.67652945600008,21.98039527700007],[89.67633217700006,21.98823547300003],[89.67910900900006,21.99579466000006],[89.69897304100004,22.03245297600006],[89.69804711800003,22.033837789000074],[89.68733992100005,22.03676944600005],[89.67860154700008,22.04093466000006],[89.67243036300005,22.048571824000078],[89.67282575500008,22.057715789000042],[89.68120539800003,22.066038680000077],[89.67233555600006,22.074734615000068],[89.66685080700006,22.088044826000043],[89.66900238200003,22.090718871000036],[89.67924896100004,22.092908412000043],[89.68302419100007,22.095794090000027],[89.68081354900005,22.097680809000053],[89.66660309600007,22.096521162000045],[89.66379966500006,22.09967746700005],[89.66907688900005,22.10735761600006],[89.67061665500006,22.115690457000028],[89.67761487200005,22.121307449000028],[89.67771479200007,22.127202597000064],[89.68023748900004,22.132144011000037],[89.67536508100005,22.141266469000072],[89.67173685000006,22.143151067000076],[89.66501195700005,22.137191647000066],[89.65816131400004,22.137367164000068],[89.65542446100005,22.141143424000063],[89.65942035200004,22.14660575000005],[89.65919329500008,22.148269295000034],[89.64851650000008,22.147970245000067],[89.64587636100003,22.155424371000038],[89.63407297400005,22.164914015000022],[89.61856883900003,22.166726]]],[[[89.61981049700006,22.27759560800007],[89.61546677500007,22.278552038000043],[89.61369161400006,22.28098169200007],[89.62358140200007,22.292864833000067],[89.61256778900008,22.297465259000035],[89.59365627000005,22.275888051000038],[89.59835388500005,22.26138264100007],[89.59940046900005,22.252470161000076],[89.59659152700004,22.236973207000062],[89.59310528200007,22.22774594300006],[89.58332258600007,22.218444158000068],[89.55944650600009,22.213282306000053],[89.55407845600007,22.209504090000053],[89.55614862000004,22.196301709000068],[89.55896173400004,22.190458552000052],[89.57070557900005,22.17806697000003],[89.59174602600007,22.150061350000044],[89.60430050200006,22.12816143400005],[89.60885841300006,22.131493671000044],[89.60729957400008,22.14245027800007],[89.61288469400006,22.148802904000036],[89.61024597800008,22.15934701900005],[89.61339666000003,22.167628258000036],[89.60517833900008,22.178036688000077],[89.60560683400007,22.180580031000034],[89.61301297100005,22.188432214000045],[89.61806906900006,22.198456113000077],[89.61696971000003,22.200937959000044],[89.60875099700007,22.20430344600004],[89.60351827000005,22.20962834100004],[89.60104439100007,22.216106069000034],[89.60018322300004,22.226289217000044],[89.60172279900007,22.23087786600007],[89.60413254700006,22.23145290700006],[89.61556198100004,22.218445590000044],[89.62038856000004,22.21539176600004],[89.61314603800008,22.241413100000045],[89.61154595300007,22.243419403000075],[89.60497153000006,22.24500798300005],[89.60392533700008,22.24713412500006],[89.60606382200007,22.25002829300007],[89.61958539800008,22.257067387000063],[89.60841137200003,22.26862015300003],[89.60991252200006,22.271240860000034],[89.61705036500007,22.26947274200006],[89.61982998400003,22.271057434000056],[89.62417141000003,22.276995103000047],[89.61981049700006,22.27759560800007]]],[[[89.62882316100007,22.365906670000072],[89.63640877300008,22.34963198300005],[89.63660614600008,22.342685741000025],[89.62960554100005,22.324715948000062],[89.61720669700009,22.30619790800006],[89.61493039200008,22.30006481600003],[89.61691714200003,22.29778189800004],[89.62554887100003,22.294425239000077],[89.61498562400004,22.28023210400005],[89.62289563800005,22.27889102100005],[89.62489789100005,22.276091386000076],[89.62267508200006,22.272114858000066],[89.61769897400006,22.268317891000038],[89.60983354300004,22.269968823000056],[89.62099520000004,22.257601158000057],[89.61855365200006,22.254578864000052],[89.60514118400005,22.247560562000047],[89.61290647600003,22.244167970000035],[89.61530214600003,22.241445318000046],[89.62190254400008,22.215590374000044],[89.62002423200005,22.21376841700004],[89.61598832500005,22.21542831000005],[89.60283485400004,22.22945233100006],[89.60261373700007,22.218064129000027],[89.60447049500004,22.21161367900004],[89.60770564900008,22.207567664000067],[89.61670121800006,22.203015209000057],[89.61958552300007,22.19834475600004],[89.61703328900006,22.190460032000033],[89.60689264000007,22.178973339000038],[89.61469173200004,22.168663779000042],[89.63164726200006,22.16713099800006],[89.64179241100004,22.161875855000062],[89.64657359300008,22.15706279500006],[89.64955240000006,22.149060268000028],[89.65854340200008,22.15033144100005],[89.66148873600008,22.149014892000025],[89.66181629700009,22.14713388200005],[89.65749401200009,22.141129711000076],[89.65825677600003,22.138872718000073],[89.66333909600007,22.138117901000044],[89.67052204800007,22.145046683000032],[89.67396180400004,22.144757999000035],[89.67756421600006,22.14183914800003],[89.68184205500006,22.13307853500004],[89.67891185900004,22.12098674200007],[89.67260811400007,22.114825464000035],[89.66996261200006,22.105090921000055],[89.66552198700003,22.09980833000003],[89.66977733500005,22.097999369000036],[89.68036235300008,22.09960595800004],[89.68404519500007,22.098354508000057],[89.68451274000006,22.09477438500005],[89.68177302800007,22.091726161000054],[89.66899656800007,22.087754435000022],[89.67447419000007,22.07587609600006],[89.68508205500007,22.06700243000006],[89.69565740400003,22.068456665000042],[89.70446621600007,22.07163996500003],[89.70445875000007,22.093427984000073],[89.71039278300003,22.104761879000023],[89.70738590000008,22.12335842300007],[89.70893592100003,22.129646329000025],[89.70051607200008,22.146273603000054],[89.69897100900005,22.15770377700005],[89.69191115000007,22.169861584000046],[89.68959326300006,22.17856009700006],[89.69161752600007,22.186634155000036],[89.69557874900005,22.19085358600006],[89.70937206300005,22.18789292500003],[89.70983423700005,22.19946759800007],[89.70706800700003,22.200085166000065],[89.69546980900003,22.191886685000043],[89.68931262300003,22.192736143000047],[89.68706467800007,22.19808016500008],[89.69288993400005,22.211681704000057],[89.69207768900009,22.214029939000056],[89.68726295900007,22.217236126000046],[89.67743412900006,22.208306291000042],[89.67411705000006,22.207321156000035],[89.67282551500006,22.208343112000023],[89.67721211000008,22.223850217000063],[89.67603055500007,22.238051744000074],[89.65785632000006,22.239829281000027],[89.64454952700004,22.244055025000023],[89.63677360600008,22.24844852600006],[89.63678114000004,22.250114231000055],[89.63899679000008,22.25158384100007],[89.66497310200003,22.250979958000073],[89.67474115300007,22.256947728000057],[89.65196278400003,22.26068786600007],[89.65163033700009,22.262781119000067],[89.65250753700008,22.263628828000037],[89.66588098400007,22.271618585000056],[89.66213516500005,22.277687203000028],[89.64552304200004,22.28295148600006],[89.64298514300003,22.287750146000064],[89.65357253200006,22.28097229800005],[89.66960234600003,22.27582994100004],[89.66906170200008,22.27329106700006],[89.66407077200006,22.268800689000045],[89.65195628600009,22.261720296000078],[89.67404241300005,22.25849570200006],[89.67578640600004,22.256909162000056],[89.67357772500009,22.25379893300004],[89.66374063900008,22.250054789000046],[89.64000438700003,22.250720484000055],[89.63775188700004,22.249193211000033],[89.64009241600007,22.247010428000067],[89.65516132900007,22.241779505000068],[89.67686180700008,22.23870273600005],[89.67857909100007,22.223966699000073],[89.67414532600009,22.208205729000042],[89.68657440400005,22.218309885000053],[89.69430351300008,22.214453381000055],[89.70405083900005,22.229125055000054],[89.71829305100005,22.245654886000068],[89.73477902500008,22.277214254000057],[89.73394552600007,22.279093712000076],[89.73092536900003,22.278797946000054],[89.70785480100005,22.27263285400005],[89.70371239900004,22.272969499000055],[89.70003210800007,22.276363294000078],[89.70552021400005,22.303262903000075],[89.70481573900008,22.307297944000027],[89.69195350700005,22.31597481700004],[89.68408708300007,22.32964930600008],[89.68150464400009,22.330735693000065],[89.67683739800003,22.33669804300007],[89.67174863400004,22.346759775000066],[89.66979749900008,22.357576180000024],[89.66640254900005,22.363879564000058],[89.65982356900008,22.368006046000062],[89.65322378300004,22.36468837700005],[89.63981008500008,22.364734750000025],[89.64416483600007,22.368553389000056],[89.64921896100003,22.36713251300006],[89.661488,22.369832734000056],[89.66692239000008,22.36660357900007],[89.67176040100009,22.359618216000058],[89.67526173200008,22.346156204000067],[89.68221678000003,22.333181683000078],[89.69131352300008,22.326213861000042],[89.69407058400003,22.316774965000036],[89.70135375600006,22.312202548000073],[89.70384992800007,22.31452440000004],[89.70563629800006,22.341514775000064],[89.71234615000003,22.35073632500007],[89.71419532200008,22.350319511000066],[89.70683691400006,22.329296235000072],[89.70563375400008,22.314376044000028],[89.71032383800008,22.303445742000065],[89.70356992300003,22.278397131000077],[89.70877531700006,22.27663583700007],[89.72891944100007,22.282998082000063],[89.73512929800006,22.282577509000077],[89.73768732400004,22.279896790000066],[89.73705907300007,22.27325191600005],[89.73323111000008,22.263273524000056],[89.72879110900004,22.258452877000025],[89.72057299200009,22.242021670000042],[89.69784665900005,22.21267120300007],[89.69800737700007,22.210110273000055],[89.69623365200005,22.208852895000064],[89.69206861700007,22.196783396000058],[89.69572944300006,22.19661128300004],[89.70355288100006,22.202878320000025],[89.70747709500006,22.20354690000005],[89.71179380300003,22.201921077000065],[89.71398683000007,22.19826518700006],[89.71482970300008,22.191631783000048],[89.71110836800005,22.18558773500007],[89.70537210200007,22.183775956000034],[89.69758037300005,22.18665634300004],[89.69407923800009,22.183198686000026],[89.69718235000005,22.170095626000034],[89.70342298100007,22.158446260000062],[89.70625816100005,22.14481143300003],[89.71349538600003,22.130620231000023],[89.72361018100008,22.13401202600005],[89.73672994000003,22.13375364600006],[89.74160467400009,22.136509879000073],[89.74025886600003,22.14064551000007],[89.74033325600004,22.16187988300004],[89.74169866200003,22.17584131800004],[89.74506420700004,22.185614479000037],[89.73385106200004,22.191946013000063],[89.72964866100006,22.197020919000067],[89.73182336200006,22.20640471200005],[89.73748204000003,22.21230517600003],[89.73368531800008,22.221151812000073],[89.73886096600006,22.21118007700005],[89.73999909800006,22.211882625000044],[89.73823844200007,22.247635399000046],[89.75457142900007,22.27500317700003],[89.74890676000007,22.283407685000043],[89.75002179900008,22.291822283000045],[89.76979177900006,22.295532425000033],[89.76695504900005,22.302363925000066],[89.77624140100005,22.308857947000035],[89.76982035200007,22.318456601000037],[89.76789385500007,22.339189668000074],[89.76324129500006,22.354081189000055],[89.76425195000007,22.35770706900007],[89.77014227800004,22.359570371000075],[89.77526511300005,22.36372764400005],[89.77621759800007,22.368281067000055],[89.77440105500006,22.373091226000042],[89.76711927300005,22.381432723000046],[89.76143342800003,22.39621674400007],[89.75839753900004,22.398962005000044],[89.75461641500004,22.400527122000028],[89.75176088400008,22.399720139000067],[89.74221293700003,22.386099777000027],[89.73124333400006,22.400856410000074],[89.71741666300005,22.408056744000078],[89.70960598200008,22.41386566700004],[89.71192563400007,22.415700353000034],[89.72416736100007,22.417492113000037],[89.72566691900005,22.419268739000074],[89.72158298600004,22.424065920000032],[89.71326366300008,22.429956840000045],[89.70020592200007,22.444575104000023],[89.70088544200007,22.447203866000052],[89.70957379900005,22.449041788000045],[89.71375498200007,22.451877767000042],[89.71321348300006,22.46662518200003],[89.71149950500006,22.472445977000064],[89.70506166400008,22.472515075000047],[89.69666560300004,22.465535673000034],[89.69557736900003,22.47021579400007],[89.69723744400005,22.47383846100007],[89.70404205600005,22.473740707000047],[89.70258032600003,22.47601628800004],[89.69489828700006,22.47820285100005],[89.69367777200006,22.479693690000033],[89.69809448200004,22.483597377000024],[89.70417698500006,22.477718751000054],[89.71247926200004,22.476658717000078],[89.71685025500005,22.477863178000064],[89.71716487200007,22.479704698000035],[89.71291379200005,22.485435487000075],[89.71318133800008,22.491675367000028],[89.71466796700008,22.494145703000072],[89.70959861600005,22.499791092000066],[89.71154542200009,22.50218549600004],[89.71208413200009,22.50437833500007],[89.70622410200008,22.50191728300007],[89.70527074600005,22.507194221000077],[89.69539885400008,22.506269917000054],[89.69196501700009,22.512238240000045],[89.69277812100006,22.513478578000047],[89.69574313200008,22.51208958500007],[89.69721069900004,22.513081854000063],[89.69250654000007,22.518668645000048],[89.68275253300004,22.522626364000075],[89.68344876800006,22.525535540000078],[89.68160257400007,22.52810770900004],[89.67589810600003,22.527811473000042],[89.66975345700007,22.52529149700007],[89.66124258900004,22.52994718800005],[89.65554743400008,22.51681329300004],[89.65279211700005,22.514950898000052],[89.64995359700004,22.51551078800003],[89.64712546800007,22.517115200000035],[89.64671296900008,22.51968897000006],[89.64976368900005,22.525156371000037],[89.64421348100007,22.534000278000065],[89.63298706600006,22.536688913000035],[89.63229644900008,22.534219102000066],[89.63506754600007,22.52999809800008],[89.63282046800003,22.52751430400008],[89.63043697900008,22.528590945000076],[89.63019475600004,22.532823909000058],[89.62544766300005,22.536297481000076],[89.60791758600004,22.534705002000067],[89.60556038800007,22.53775665200004],[89.60369027800004,22.544740053000055],[89.59856748900006,22.546807967000063],[89.59791240600003,22.549368565000066],[89.59962199100005,22.551905703000045],[89.59538472800006,22.556312943000023],[89.59480190000005,22.559178881000037],[89.58990409000006,22.559257367000043],[89.58763012400004,22.566957711000043],[89.58163284300008,22.562314628000024],[89.57487775500005,22.563079747000074],[89.57257194500005,22.565436265000073],[89.57228641700004,22.572269318000053],[89.56917821100006,22.57315254200006],[89.56730785300005,22.57703347300003],[89.55514251200003,22.571903776000056],[89.56762013700006,22.556047311000043],[89.58213066600007,22.51497192200003],[89.58643131600007,22.49600474300007],[89.58761198400003,22.47896552800006],[89.59619120500008,22.446688536000067],[89.60269459800008,22.446857685000055],[89.60616824400006,22.430126467000036],[89.62304383700007,22.40582365700004],[89.62681406600007,22.391415729000073],[89.62882316100007,22.365906670000072]]]]}},{"type":"Feature","id":"bagerhat-morrelganj","properties":{"canonical_id":"bagerhat-morrelganj","name_en":"Morrelganj","name_bn":"মোড়েলগঞ্জ","district_id":"bagerhat","division_id":"khulna","pcode":"BD-D-05-292","parent_pcode":"BD4001","source_name":"Morrelganj","match_method":"exact_name_or_alias","boundary_reference_year":"2020","boundary_source":"geoBoundaries gbOpen BGD ADM3 / BBS, OCHA ROAP","source_dataset_updated":"2026-08-09"},"geometry":{"type":"Polygon","coordinates":[[[89.78522866300005,22.571926184000063],[89.77801908100008,22.563379293000025],[89.77331653800007,22.554947988000038],[89.77198697500006,22.548164128000053],[89.77299643000003,22.536580590000028],[89.76205535700007,22.53453552600007],[89.76051148700003,22.531390533000035],[89.75331748100007,22.528428659000042],[89.75148586300008,22.524567476000072],[89.72977850100006,22.511922456000036],[89.72507562500004,22.504320568000026],[89.71154542200009,22.50218549600004],[89.70959861600005,22.499791092000066],[89.71466796700008,22.494145703000072],[89.71318133800008,22.491675367000028],[89.71291379200005,22.485435487000075],[89.71716487200007,22.479704698000035],[89.71685025500005,22.477863178000064],[89.71247926200004,22.476658717000078],[89.70417698500006,22.477718751000054],[89.69809448200004,22.483597377000024],[89.69367777200006,22.479693690000033],[89.69489828700006,22.47820285100005],[89.70258032600003,22.47601628800004],[89.70404205600005,22.473740707000047],[89.69723744400005,22.47383846100007],[89.69557736900003,22.47021579400007],[89.69666560300004,22.465535673000034],[89.70506166400008,22.472515075000047],[89.71149950500006,22.472445977000064],[89.71321348300006,22.46662518200003],[89.71375498200007,22.451877767000042],[89.70957379900005,22.449041788000045],[89.70088544200007,22.447203866000052],[89.70020592200007,22.444575104000023],[89.71326366300008,22.429956840000045],[89.72158298600004,22.424065920000032],[89.72566691900005,22.419268739000074],[89.72416736100007,22.417492113000037],[89.71192563400007,22.415700353000034],[89.70960598200008,22.41386566700004],[89.71741666300005,22.408056744000078],[89.73124333400006,22.400856410000074],[89.74221293700003,22.386099777000027],[89.75176088400008,22.399720139000067],[89.75461641500004,22.400527122000028],[89.75839753900004,22.398962005000044],[89.76143342800003,22.39621674400007],[89.76711927300005,22.381432723000046],[89.77440105500006,22.373091226000042],[89.78263364600008,22.375434721000033],[89.79409359100003,22.37576788100006],[89.79487400700003,22.378894417000026],[89.79176417300005,22.383267789000058],[89.79239751200004,22.38505144100003],[89.80038312000005,22.388647778000063],[89.80887646400004,22.390008644000034],[89.80975298300007,22.391749321000077],[89.80831003600008,22.395276027000023],[89.81002246700007,22.39584889300005],[89.81298331100004,22.393704187000026],[89.81350997300007,22.38852341300003],[89.81664559700005,22.385356846000036],[89.81681779200005,22.379739753000024],[89.81952623100005,22.377127678000022],[89.82653331500006,22.37613367600005],[89.84503427300007,22.379395162000037],[89.84377557100004,22.374065185000063],[89.84679837900006,22.369603762000054],[89.83799644500004,22.367838320000033],[89.84294956600007,22.36489578900006],[89.85300732400003,22.36675019000006],[89.85800489000007,22.369620756000074],[89.85977296300007,22.36908363200007],[89.86171124600008,22.365536828000074],[89.86662684000004,22.364742835000072],[89.87028240900008,22.37149719100006],[89.87494910200007,22.371896392000053],[89.87918230200006,22.35968815900003],[89.88118034500008,22.346852547000026],[89.89002411500007,22.339196333000075],[89.89555744200004,22.34692371700004],[89.90042241500004,22.361516235000067],[89.90165710000008,22.371111625000026],[89.90053404500009,22.37742218900007],[89.89640207000008,22.384674069000027],[89.87238333800008,22.410015874000067],[89.87150445900005,22.420435243000043],[89.87611125000006,22.427564534000055],[89.88633186400006,22.43054569900005],[89.89316795700006,22.438829600000076],[89.90163734900005,22.444052200000044],[89.91091286800008,22.447320322000053],[89.92531836900008,22.445447116000025],[89.93351145600008,22.448144848000027],[89.94257742900004,22.456792024000038],[89.94451758200006,22.466957227000023],[89.94103651200004,22.473483142000077],[89.93067271800004,22.477897831000064],[89.92403495900004,22.477655155000036],[89.90922668700006,22.473389329000042],[89.89483048900007,22.475730017000046],[89.88409385100005,22.485612737000054],[89.88221233000007,22.49759085200003],[89.88524132500004,22.503253450000045],[89.88914781900007,22.506191129000058],[89.89440311000004,22.50691964500004],[89.91418730800007,22.505321638000055],[89.92413295200004,22.501301665000028],[89.92718731500008,22.498491215000058],[89.94411761900005,22.493244933000028],[89.95861601000007,22.491820792000055],[89.96484880600008,22.492509992000066],[89.96839114700003,22.496981190000042],[89.96962125800007,22.501441726000053],[89.96810840400008,22.505760574000078],[89.96463440900004,22.507684108000035],[89.93180256200009,22.508098157000063],[89.92560824400005,22.50889238900004],[89.92324335500007,22.510627234000026],[89.93030491100006,22.523846998000067],[89.94698675500007,22.542051885000035],[89.95423858700008,22.554038320000075],[89.95811079600008,22.564318116000038],[89.95853355100007,22.572667910000064],[89.96099016900007,22.577720791000047],[89.96250611700003,22.587044235000064],[89.96197179400008,22.59427609900007],[89.95690027700005,22.598897110000053],[89.92086842300006,22.606064553000067],[89.92059456100009,22.610133653000048],[89.91653975900005,22.614737785000045],[89.91212823900008,22.61607725500005],[89.89511451500005,22.610094467000067],[89.88795468600006,22.593093074000024],[89.89444538700008,22.57722080900004],[89.89391523100005,22.574818548000053],[89.88682890900003,22.574419041000056],[89.88419010400008,22.572436176000053],[89.87519350400004,22.570555170000034],[89.86578653700008,22.56421560800004],[89.85809527900005,22.561202093000077],[89.84624449500006,22.564989427000057],[89.83541480300005,22.576912880000066],[89.83244914900007,22.586613429000067],[89.83570559500004,22.59599460800007],[89.83157210500008,22.595828280000035],[89.82675452400008,22.59349013600007],[89.82433249300004,22.593579256000055],[89.82364941400004,22.59494828000004],[89.82109184700005,22.595908697000027],[89.81575505100005,22.586335705000067],[89.81102172000004,22.583070643000042],[89.80546299500008,22.582368958000075],[89.80117506900007,22.57997168600008],[89.79482212200008,22.580532840000046],[89.78522866300005,22.571926184000063]]]}},{"type":"Feature","id":"bagerhat-rampal","properties":{"canonical_id":"bagerhat-rampal","name_en":"Rampal","name_bn":"রামপাল","district_id":"bagerhat","division_id":"khulna","pcode":"BD-D-05-291","parent_pcode":"BD4001","source_name":"Rampal","match_method":"exact_name_or_alias","boundary_reference_year":"2020","boundary_source":"geoBoundaries gbOpen BGD ADM3 / BBS, OCHA ROAP","source_dataset_updated":"2026-08-09"},"geometry":{"type":"Polygon","coordinates":[[[89.64682678400004,22.68051414200005],[89.63781865000004,22.676758843000073],[89.62554883300004,22.67733814500008],[89.62201056600009,22.670777819000023],[89.62150984900006,22.660022223000055],[89.61847215100005,22.65294552900008],[89.60171474100008,22.645175529000028],[89.58259500300005,22.64695933200005],[89.57546772600006,22.656540380000024],[89.57333312700007,22.662039925000045],[89.57340928200006,22.664660756000046],[89.57715829800009,22.668447639000078],[89.55915970900008,22.678974482000058],[89.55646890300005,22.67841571500003],[89.55498993000003,22.672441466000066],[89.54908781000006,22.66137420000007],[89.55241408300003,22.640883183000028],[89.54933825200004,22.635803817000067],[89.53711278100008,22.625599555000065],[89.53236749300004,22.60910062100004],[89.53491784800008,22.600262849000046],[89.54480205300007,22.589490726000065],[89.55514251200003,22.571903776000056],[89.56730785300005,22.57703347300003],[89.56917821100006,22.57315254200006],[89.57228641700004,22.572269318000053],[89.57257194500005,22.565436265000073],[89.57487775500005,22.563079747000074],[89.58163284300008,22.562314628000024],[89.58763012400004,22.566957711000043],[89.58990409000006,22.559257367000043],[89.59480190000005,22.559178881000037],[89.59538472800006,22.556312943000023],[89.59962199100005,22.551905703000045],[89.59791240600003,22.549368565000066],[89.59856748900006,22.546807967000063],[89.60369027800004,22.544740053000055],[89.60556038800007,22.53775665200004],[89.60791758600004,22.534705002000067],[89.62544766300005,22.536297481000076],[89.63019475600004,22.532823909000058],[89.63043697900008,22.528590945000076],[89.63282046800003,22.52751430400008],[89.63506754600007,22.52999809800008],[89.63229644900008,22.534219102000066],[89.63298706600006,22.536688913000035],[89.64421348100007,22.534000278000065],[89.64976368900005,22.525156371000037],[89.64671296900008,22.51968897000006],[89.64712546800007,22.517115200000035],[89.64995359700004,22.51551078800003],[89.65279211700005,22.514950898000052],[89.65554743400008,22.51681329300004],[89.66124258900004,22.52994718800005],[89.66975345700007,22.52529149700007],[89.67589810600003,22.527811473000042],[89.68160257400007,22.52810770900004],[89.68344876800006,22.525535540000078],[89.68275253300004,22.522626364000075],[89.69250654000007,22.518668645000048],[89.69721069900004,22.513081854000063],[89.69574313200008,22.51208958500007],[89.69277812100006,22.513478578000047],[89.69196501700009,22.512238240000045],[89.69539885400008,22.506269917000054],[89.70527074600005,22.507194221000077],[89.70622410200008,22.50191728300007],[89.71208413200009,22.50437833500007],[89.71154542200009,22.50218549600004],[89.72507562500004,22.504320568000026],[89.72977850100006,22.511922456000036],[89.75148586300008,22.524567476000072],[89.75331748100007,22.528428659000042],[89.76051148700003,22.531390533000035],[89.76205535700007,22.53453552600007],[89.77299643000003,22.536580590000028],[89.77198697500006,22.548164128000053],[89.77331653800007,22.554947988000038],[89.77801908100008,22.563379293000025],[89.78522866300005,22.571926184000063],[89.78290246800003,22.57490737100005],[89.77948037200008,22.57285313400007],[89.77414620900004,22.572555228000056],[89.76590928700006,22.55949501500004],[89.76268607300005,22.559174101000053],[89.76039200400004,22.560648034000053],[89.76247304200007,22.57103989500007],[89.76161618200007,22.579663507000078],[89.76385608200007,22.58321743700003],[89.76159268400005,22.585192808000045],[89.75374718600006,22.586472827000023],[89.75068499200006,22.580981966000024],[89.74694516300008,22.581637855000054],[89.74433436700008,22.579498043000058],[89.74145638500005,22.581461141000034],[89.74126803400009,22.58366935300006],[89.73085882600003,22.58066541100004],[89.72729013100007,22.584843231000036],[89.71591500400007,22.584367305000058],[89.71361959800004,22.58134138500003],[89.70968551100003,22.58191193300007],[89.71501914900006,22.58788358000004],[89.71215363300007,22.595708044000048],[89.71413640400004,22.601373865000028],[89.71064354300006,22.60513841200003],[89.71520646000005,22.610479953000038],[89.71396046100006,22.61603583300007],[89.71606327700005,22.618057228000055],[89.72108402000003,22.61895841100005],[89.72766245500009,22.625682165000057],[89.72817194200007,22.635983900000042],[89.72340089300008,22.637936654000043],[89.72412971900008,22.642438182000035],[89.71726862700007,22.645136103000027],[89.71438548300006,22.642275169000072],[89.70448348200006,22.643080997000027],[89.69581693300006,22.646722364000027],[89.68908874400006,22.65179239500003],[89.68821982400004,22.651091999000073],[89.68669068700007,22.65437281100003],[89.68364178500008,22.655420674000027],[89.67288301500008,22.654447703000073],[89.66208618000007,22.648835633000033],[89.66239810600007,22.660085071000026],[89.65852140800007,22.67396687100006],[89.65978842400006,22.683339570000044],[89.65241811600004,22.68278086400005],[89.64682678400004,22.68051414200005]]]}},{"type":"Feature","id":"bagerhat-sarankhola","properties":{"canonical_id":"bagerhat-sarankhola","name_en":"Sarankhola","name_bn":"শরণখোলা","district_id":"bagerhat","division_id":"khulna","pcode":"BD-D-05-290","parent_pcode":"BD4001","source_name":"Sarankhola","match_method":"exact_name_or_alias","boundary_reference_year":"2020","boundary_source":"geoBoundaries gbOpen BGD ADM3 / BBS, OCHA ROAP","source_dataset_updated":"2026-08-09"},"geometry":{"type":"MultiPolygon","coordinates":[[[[89.84021305100003,21.827843220000034],[89.84021081900005,21.829851204000022],[89.83729781900007,21.82482839200003],[89.84128229800007,21.810011211000074],[89.84771020400007,21.80748327400005],[89.85587401700008,21.809690019000072],[89.85556529600007,21.81121945900003],[89.85203477600004,21.809112912000046],[89.85377107100004,21.813369299000044],[89.85289571000004,21.81843649500007],[89.84672148000004,21.822590284000057],[89.84410529400003,21.82708180800006],[89.84021305100003,21.827843220000034]]],[[[89.86080289500006,21.835033252000073],[89.86402123600004,21.843163308000044],[89.86329528800007,21.85253348300006],[89.85980899200007,21.85664194800006],[89.85304751300004,21.857783478000044],[89.85074537600008,21.85534314800003],[89.85235125700007,21.846906949000072],[89.86080289500006,21.835033252000073]]],[[[89.85020440400007,21.873226427000077],[89.85829396900004,21.87662811100006],[89.86543395800004,21.88241888500005],[89.86696641100008,21.88700978600008],[89.87543507300006,21.89729541300005],[89.87632068600004,21.91015674600004],[89.86960562000007,21.942087852000043],[89.86074304000005,21.965506654000023],[89.85981184800005,21.974302796000075],[89.86162788000007,21.977889966000077],[89.86143714700006,21.98945923200006],[89.85915675500007,22.014843737000035],[89.85634902800007,22.028084050000075],[89.85195525200004,22.037402705000034],[89.84284200600007,22.047433885000032],[89.83791608100006,22.04986728700004],[89.83150554100007,22.050099948000025],[89.82684084600004,22.048182860000054],[89.82679827800007,22.041107056000044],[89.83180721900004,22.033415098000035],[89.84132915000004,22.02443687600004],[89.84349255200004,22.01545094200003],[89.84204292300007,22.004979567000078],[89.83733251100006,21.999715968000032],[89.82485434300008,21.995543806000057],[89.81147739200009,21.993281899000067],[89.80520286300003,21.989306678000048],[89.83646983200003,21.969452467000053],[89.84480952800004,21.959611933000076],[89.84553081600006,21.956218401000058],[89.84317725500006,21.952439113000025],[89.83003800200004,21.947358442000052],[89.81562501100007,21.937350835000075],[89.81015191000006,21.929790764000074],[89.80895602700008,21.923670069000025],[89.81234771400005,21.916072403000044],[89.84167285700005,21.89956122700005],[89.84674925100006,21.895215524000037],[89.84821628800006,21.888571266000042],[89.84274288600005,21.881394799000077],[89.84269386000005,21.879482490000044],[89.84754033500008,21.873893401000032],[89.85020440400007,21.873226427000077]]],[[[89.76050034000008,22.03057845400008],[89.75834268200003,22.02528526800006],[89.75545862400008,22.023261766000076],[89.74680156000005,22.020219783000073],[89.74299864300008,22.01593656500006],[89.75040443200004,22.006071246000033],[89.75280242500008,22.00600429600007],[89.75213291700004,21.997177343000033],[89.74911359800006,21.994112851000068],[89.73735509600004,21.99060455600005],[89.74731365700006,21.982923001000074],[89.74939872100003,21.977762922000068],[89.74848383400007,21.973363361000054],[89.74218954500003,21.96771204600003],[89.72182325000006,21.964045486000032],[89.71629112200009,21.962458353000045],[89.71514215000008,21.96035271200003],[89.72093868900004,21.944585957000072],[89.72496038300005,21.94111157900005],[89.72922909700009,21.948360209000043],[89.73365941500003,21.950159976000066],[89.75199895100008,21.94810422000006],[89.76734043200008,21.951966381000034],[89.76933770300008,21.954906304000076],[89.76463641100008,21.96033764200007],[89.76541714900009,21.96134442600004],[89.77018173400006,21.956268331000047],[89.77037192300008,21.95317959600004],[89.76250153000007,21.948786605000066],[89.75277789300009,21.94673410300004],[89.73542241000007,21.948963760000026],[89.73206016100005,21.94826800900006],[89.72652129300008,21.93954130900005],[89.73087465000003,21.933989084000075],[89.73314057900006,21.92782549800006],[89.73182306100006,21.920078395000075],[89.72891053300003,21.915866290000054],[89.71630283300004,21.904801285000076],[89.72881535600004,21.89836822700005],[89.73418103700004,21.89187510900007],[89.73700883100008,21.886190329000044],[89.73822676600008,21.87854297900003],[89.74299768100008,21.874486845000035],[89.74800904800009,21.864597890000027],[89.74889516300004,21.85565908800004],[89.75191629800008,21.855998229000022],[89.75496945700007,21.852465128000063],[89.76392904800008,21.854199318000042],[89.77009825200008,21.852119595000033],[89.77281110700005,21.85288848600004],[89.78002287800007,21.86249232700004],[89.78015749700006,21.87492290000006],[89.78377846300003,21.885421249000046],[89.75460884700004,21.88473721300005],[89.75010225900007,21.887261849000026],[89.74808800400007,21.893713228000024],[89.74878019900007,21.896465352000064],[89.74992042100007,21.889880790000063],[89.75649341700006,21.885474362000025],[89.78361643100004,21.886950729000034],[89.78276817900007,21.892950361000032],[89.78460338100007,21.898928953000052],[89.77699017400005,21.902552178000064],[89.77560372800008,21.904605971000024],[89.77877610800005,21.907048505000034],[89.78569026000008,21.90873105000003],[89.78117945800005,21.91902071100003],[89.77450438600005,21.908955239000022],[89.77069126600009,21.908573053000055],[89.77000963800003,21.921745522000037],[89.77398844000004,21.92722520500007],[89.77342503200003,21.935620464000067],[89.77555165500007,21.927607650000027],[89.77117818100004,21.92195777300003],[89.77189146000006,21.909932749000063],[89.77321821600003,21.909719444000075],[89.77850897700006,21.91877489500007],[89.78121387900006,21.92085028100007],[89.78734969100003,21.912462275000053],[89.78812315300007,21.909116763000043],[89.78566804600007,21.906388492000076],[89.77900960100004,21.905136568000046],[89.78552222000008,21.901129257000036],[89.78675586700007,21.89835805000007],[89.78461494500004,21.89123167300005],[89.78580767500006,21.881575953000038],[89.78305063100004,21.869410462000076],[89.78774241000008,21.87752101600006],[89.79061491600004,21.87707041300007],[89.79487876300004,21.87308693800003],[89.80237802500005,21.879581073000054],[89.80779975000007,21.878151810000077],[89.81175387100006,21.889267412000038],[89.80765328200005,21.88993209000006],[89.81167818800003,21.890921529000025],[89.81317572700004,21.888778331000026],[89.80811372700003,21.877254349000054],[89.80121144700007,21.87772670100003],[89.79835810400004,21.87337837000007],[89.79485828300005,21.871755135000058],[89.78946632500003,21.876064963000033],[89.78792645500005,21.87538453700006],[89.77045747100004,21.838909578000028],[89.77230738800006,21.834848470000054],[89.77850555200007,21.833374638000066],[89.78636100800009,21.836588389000042],[89.78794059300003,21.84204065800003],[89.79923066000003,21.843154205000076],[89.81279641100008,21.846755837000046],[89.83207534100006,21.84845000400003],[89.83586301600008,21.850270656000077],[89.83806132000007,21.853571654000064],[89.83647289600003,21.876948678000076],[89.84498513600005,21.891920992000053],[89.81068438300008,21.914307601000075],[89.80760579200006,21.917650541000057],[89.80644529100005,21.923338496000042],[89.80843014400006,21.93338061700007],[89.81362297800007,21.939840736000065],[89.82900945300008,21.950040673000046],[89.84304493600007,21.95607854800005],[89.83026626600008,21.970743208000044],[89.81593042500003,21.97842471000007],[89.80356382300005,21.988258968000025],[89.80379022700004,21.991366864000042],[89.80778464700006,21.994383508000055],[89.83609984900005,22.001442048000058],[89.84057865600005,22.007518007000044],[89.83992275400004,22.021094967000067],[89.83630095600006,22.02721091500007],[89.82598236200005,22.03695311100006],[89.82363236700007,22.050671280000074],[89.82059852800006,22.052679866000062],[89.81505249800006,22.051991303000023],[89.80822330100006,22.053779629000076],[89.79973304400005,22.05274234500007],[89.79741611100008,22.050428344000068],[89.79902281900007,22.043745602000058],[89.79777016700007,22.04210626400004],[89.79618747100005,22.051660035000054],[89.79875483500007,22.05357317100004],[89.80503856000007,22.055191466000053],[89.81970490600008,22.054013740000073],[89.80946462800006,22.06064733200003],[89.79634137300008,22.07213869800006],[89.78831244100007,22.081809554000074],[89.77753028400008,22.08830911900003],[89.77611905300006,22.088785174000066],[89.77394102100004,22.081111603000068],[89.77023802700006,22.076846955000065],[89.77543132400007,22.060645391000037],[89.76680961000005,22.03438376200006],[89.76193971500004,22.032694073000073],[89.76050034000008,22.03057845400008]]],[[[89.76936394300003,22.079010054000037],[89.77376184900004,22.088808468000025],[89.76946611000005,22.096499571000038],[89.76507768600004,22.115601800000036],[89.75505277900004,22.132779347000053],[89.74553893000007,22.13438082700003],[89.75475701700003,22.116142813000067],[89.75694538200008,22.103694613000073],[89.75984702600005,22.096295431000044],[89.76936394300003,22.079010054000037]]],[[[89.88774280300004,22.16523912100007],[89.88608040900004,22.166753093000068],[89.88743231500007,22.155929685000046],[89.89054189200004,22.147260678000066],[89.89121769100007,22.150058757000068],[89.88928940600005,22.158189925000045],[89.88774280300004,22.16523912100007]]],[[[89.89002411500007,22.339196333000075],[89.88118034500008,22.346852547000026],[89.87918230200006,22.35968815900003],[89.87494910200007,22.371896392000053],[89.87028240900008,22.37149719100006],[89.86662684000004,22.364742835000072],[89.86171124600008,22.365536828000074],[89.85977296300007,22.36908363200007],[89.85800489000007,22.369620756000074],[89.85300732400003,22.36675019000006],[89.84294956600007,22.36489578900006],[89.83799644500004,22.367838320000033],[89.84679837900006,22.369603762000054],[89.84377557100004,22.374065185000063],[89.84503427300007,22.379395162000037],[89.82653331500006,22.37613367600005],[89.81952623100005,22.377127678000022],[89.81681779200005,22.379739753000024],[89.81664559700005,22.385356846000036],[89.81350997300007,22.38852341300003],[89.81298331100004,22.393704187000026],[89.81002246700007,22.39584889300005],[89.80831003600008,22.395276027000023],[89.80975298300007,22.391749321000077],[89.80887646400004,22.390008644000034],[89.80038312000005,22.388647778000063],[89.79239751200004,22.38505144100003],[89.79176417300005,22.383267789000058],[89.79487400700003,22.378894417000026],[89.79409359100003,22.37576788100006],[89.78263364600008,22.375434721000033],[89.77440105500006,22.373091226000042],[89.77621759800007,22.368281067000055],[89.77526511300005,22.36372764400005],[89.77014227800004,22.359570371000075],[89.76425195000007,22.35770706900007],[89.76324129500006,22.354081189000055],[89.76789385500007,22.339189668000074],[89.76982035200007,22.318456601000037],[89.77624140100005,22.308857947000035],[89.76695504900005,22.302363925000066],[89.76979177900006,22.295532425000033],[89.75002179900008,22.291822283000045],[89.74890676000007,22.283407685000043],[89.75457142900007,22.27500317700003],[89.73823844200007,22.247635399000046],[89.73999909800006,22.211882625000044],[89.73886096600006,22.21118007700005],[89.74649241200007,22.199588359000074],[89.74966525000008,22.19833015000006],[89.75377603800007,22.20820193800006],[89.75571876200007,22.233674654000026],[89.76181375400006,22.243549177000034],[89.75393726900006,22.250814587000036],[89.75376066200005,22.253124279000076],[89.76198128400006,22.260345053000037],[89.75983117300007,22.25659434800008],[89.75452878900006,22.25231602300005],[89.76257743600007,22.243521214000054],[89.75691598000003,22.233327779000035],[89.75669446200004,22.213724624000065],[89.75312181800007,22.20001045400005],[89.74945993100005,22.19649134100007],[89.74727513400006,22.196412304000035],[89.73857742100006,22.208753053000066],[89.73663682100005,22.209321630000034],[89.73108723400009,22.19859612700003],[89.73316890400008,22.196144746000073],[89.74283664600006,22.19163775100003],[89.74743531000007,22.186688745000026],[89.74252686400007,22.160486701000025],[89.74477751500007,22.15214244400005],[89.74404964600006,22.138497636000068],[89.75796623900004,22.13466935100007],[89.76940735600004,22.11512999000007],[89.77231059900004,22.099872292000043],[89.77548041600005,22.092452869000056],[89.78991339100008,22.083245848000047],[89.79582383700006,22.07542492600004],[89.80052444400008,22.07215853300005],[89.80681829700006,22.08320966100007],[89.83424787500007,22.116848418000075],[89.83675459400007,22.12316153200004],[89.83572621000008,22.125216410000064],[89.81917028600003,22.13136607000007],[89.81057911700003,22.14017509000007],[89.81089434800003,22.14512266500003],[89.81467261500006,22.149967489000062],[89.83438336800003,22.163195356000074],[89.82059508600008,22.183763723000027],[89.81425608800004,22.19827857100006],[89.80486968900004,22.20891376900005],[89.80789554700004,22.220079334000047],[89.80940558800006,22.215138745000047],[89.81140543900005,22.214549041000055],[89.80973816400007,22.209774974000027],[89.81978522000009,22.198157455000057],[89.83682022300007,22.164034628000024],[89.83605533400004,22.15973120900003],[89.83054532700004,22.153749573000027],[89.81326831500007,22.14458756700003],[89.81724723700006,22.14054294300007],[89.83768627800004,22.127465133000044],[89.84205635400008,22.119676893000076],[89.84075764100004,22.111070277000067],[89.83486920800004,22.10107255500003],[89.82536428300006,22.091453342000023],[89.80571321100007,22.075463510000077],[89.81742019700005,22.06596306600005],[89.84532395500008,22.063792758000034],[89.86141093000003,22.084853271000043],[89.87690871200004,22.096955750000063],[89.88124259900007,22.105140206000044],[89.88406360700003,22.114868813000044],[89.88487165000004,22.140958391000026],[89.88334987800005,22.152320089000057],[89.87674198100007,22.176495170000067],[89.88587292600005,22.177272801000072],[89.88050102500006,22.199465720000035],[89.87462542700007,22.212132052000072],[89.86477623000007,22.225651749000065],[89.86185723000006,22.233471370000075],[89.85872017600008,22.247926190000044],[89.85763794900004,22.26184745300003],[89.85962144800004,22.280854012000077],[89.86762004400003,22.304565896000042],[89.87570925100005,22.320133850000047],[89.89002411500007,22.339196333000075]]]]}},{"type":"Feature","id":"chuadanga-alamdanga","properties":{"canonical_id":"chuadanga-alamdanga","name_en":"Alamdanga","name_bn":"আলমডাঙ্গা","district_id":"chuadanga","division_id":"khulna","pcode":"BD-D-12-265","parent_pcode":"BD4018","source_name":"Alamdanga","match_method":"exact_name_or_alias","boundary_reference_year":"2020","boundary_source":"geoBoundaries gbOpen BGD ADM3 / BBS, OCHA ROAP","source_dataset_updated":"2026-08-09"},"geometry":{"type":"Polygon","coordinates":[[[88.98826460000004,23.786257032000037],[88.98592026700004,23.78521034700003],[88.98486826400006,23.78813307400003],[88.97665989600006,23.789011952000067],[88.97527296000004,23.79057369000003],[88.97656040000004,23.792004150000025],[88.97478098400006,23.792411181000034],[88.97578719400008,23.799159968000026],[88.97417160900005,23.801542049000034],[88.96636653200005,23.807859489000066],[88.95761054500008,23.808961689000057],[88.95329353900007,23.807083806000037],[88.94746385000008,23.80108500500006],[88.93762064700007,23.804015449000076],[88.93889573600006,23.79639482700003],[88.93327620500008,23.79811723100005],[88.92974738600003,23.791322534000074],[88.92207320600005,23.78639379400005],[88.91071258800008,23.784038103000057],[88.91005532400004,23.78757042700005],[88.91451075200007,23.801943849000054],[88.92222585900004,23.816404313000078],[88.91866759500004,23.824029633000066],[88.91542823400005,23.826974845000052],[88.91091606200007,23.828307350000046],[88.90731731400007,23.837860859000045],[88.90322035900004,23.83974924000006],[88.89670679500006,23.828822138000078],[88.89287820400006,23.827340630000037],[88.87854349600008,23.83339303500003],[88.87304291100008,23.833649256000058],[88.86396450200004,23.829440602000034],[88.85896465900004,23.832656085000053],[88.84900757300005,23.83181382500004],[88.84579580100007,23.828777299000024],[88.84365117000004,23.820447331000025],[88.83211689100006,23.814279507000037],[88.83074396500007,23.806316473000038],[88.82333791300005,23.792867863000026],[88.81770110100007,23.77096618400003],[88.81589815500007,23.77090834300003],[88.81376557500005,23.773586695000063],[88.79696409100006,23.768638526000075],[88.79496690700006,23.76986475500007],[88.79478595400008,23.77226396900005],[88.79170221900006,23.772058681000033],[88.78843191700008,23.767397765000055],[88.78742201900008,23.757613493000065],[88.78511401600008,23.75236287100006],[88.78650174900008,23.742338329000063],[88.78374627000005,23.738457491000077],[88.78088502800006,23.738547281000024],[88.77992207200003,23.736372741000025],[88.77897387200005,23.721791021000058],[88.78271421700003,23.721371196000064],[88.78213571200007,23.71860532200003],[88.78411403600006,23.71738811000006],[88.78120762400005,23.71417493100006],[88.78183157800004,23.711581651000074],[88.78004677600006,23.710718646000032],[88.78104194100007,23.709442350000074],[88.77600753900003,23.70529393000004],[88.77377880000006,23.699766628000077],[88.77386829700004,23.698322893000068],[88.78830665700008,23.70120808100006],[88.79331543000006,23.70033843400006],[88.80282742200006,23.688445725000065],[88.80451308300007,23.68143232600005],[88.80665984600006,23.682536602000027],[88.80899305900004,23.681299198000033],[88.80830810800006,23.68370136200008],[88.81347443100003,23.681893543000058],[88.81369068200007,23.68455156500005],[88.81743492400005,23.685579868000048],[88.83462432600004,23.683233306000034],[88.83350703000008,23.690404901000022],[88.84266031000004,23.692370762000053],[88.84698525200008,23.688890351000055],[88.84815992900008,23.679912201000036],[88.85095319900006,23.674974090000035],[88.85070071200005,23.679175816000054],[88.85221541900006,23.68076191600005],[88.86354311800005,23.680728040000076],[88.86964348700008,23.685451017000048],[88.87255815400005,23.683822316000033],[88.87365879400005,23.686236101000077],[88.87569585600005,23.685987862000047],[88.87952483400005,23.690012076000073],[88.88390576500007,23.68573735600006],[88.88700187400008,23.685064209000075],[88.89117586500004,23.68714036800003],[88.89215458400008,23.689373658000022],[88.89566483800007,23.68792940800006],[88.90087864700007,23.68875902700006],[88.89920471100004,23.687074033000044],[88.90131953100007,23.684268935000034],[88.90593431800005,23.682312395000054],[88.90560707800006,23.68061326800006],[88.90160418400006,23.678154301000063],[88.90304407000008,23.67402068900003],[88.90071331800004,23.67332115100004],[88.90144025100005,23.66909781800007],[88.90440185800009,23.667666955000072],[88.90514252200006,23.66527147100004],[88.90758569800005,23.664928578000058],[88.90894848000005,23.657083472000068],[88.91434625400007,23.650635513000054],[88.91098507600003,23.642987522000055],[88.91290999500006,23.636755062000077],[88.91724283600007,23.63372814400003],[88.91881966700004,23.629243615000064],[88.92327748400004,23.62838160800004],[88.92880066100008,23.620364110000025],[88.93252558300009,23.622883665000074],[88.93286611000008,23.625732131000063],[88.93535144700007,23.62674495500005],[88.93826306700004,23.62542312900007],[88.93943408100006,23.622275672000058],[88.94284794700008,23.624157815000046],[88.94290306100004,23.621527128000025],[88.94583380200004,23.62407031200007],[88.95543701200006,23.62439661600007],[88.96787480800003,23.62131476600007],[88.97836590000009,23.62231898400006],[88.98039356100008,23.619219162000036],[88.97949573400007,23.618152585000075],[88.97826811000004,23.619208005000075],[88.97815735600005,23.617413330000034],[88.98244168300005,23.615360768000073],[88.98697993300004,23.617356012000073],[88.99644476000003,23.625555206000058],[89.00686594600006,23.621529691000035],[89.01045132700006,23.626973419000024],[89.00865816800007,23.635418624000067],[89.00404715000008,23.641781381000044],[89.00518556400004,23.642681148000065],[89.00869007900008,23.641148417000068],[89.01192665600007,23.65598865800007],[89.00608290500008,23.66883802500007],[89.00828498200008,23.67610243100006],[89.00786855200005,23.680196258000024],[89.00648392900007,23.681010971000035],[89.00797237300009,23.68840232200006],[89.00693340500004,23.69188758200005],[89.01083419500009,23.707043635000048],[89.01295976400007,23.708737685000074],[89.01726061300008,23.70874473600003],[89.00758370700004,23.72277649700004],[89.00952003400005,23.737409635000063],[89.00633208100004,23.74791510600005],[89.00406807400003,23.749599062000073],[88.98955154100008,23.752311432000056],[88.99578577500006,23.760924287000023],[88.99938013800005,23.771815004000075],[89.00407024500004,23.777960911000037],[89.00619102600007,23.786310265000054],[89.00241931300008,23.786967265000044],[88.99964304000008,23.781987516000072],[88.99426939100005,23.785054419000062],[88.98826460000004,23.786257032000037]]]}},{"type":"Feature","id":"chuadanga-chuadanga-sadar","properties":{"canonical_id":"chuadanga-chuadanga-sadar","name_en":"Chuadanga Sadar","name_bn":"চুয়াডাঙ্গা সদর","district_id":"chuadanga","division_id":"khulna","pcode":"BD-D-12-264","parent_pcode":"BD4018","source_name":"Chuadanga Sadar","match_method":"exact_name_or_alias","boundary_reference_year":"2020","boundary_source":"geoBoundaries gbOpen BGD ADM3 / BBS, OCHA ROAP","source_dataset_updated":"2026-08-09"},"geometry":{"type":"Polygon","coordinates":[[[88.80451308300007,23.68143232600005],[88.80582838400005,23.668212594000067],[88.80193005400008,23.65470142500004],[88.79402877800004,23.641516387000024],[88.78279578100006,23.634344059000057],[88.78234525400006,23.632445621000045],[88.78546642700007,23.630725901000062],[88.78833180100008,23.632528061000073],[88.79332182900004,23.631142817000068],[88.79880974400004,23.62463027700005],[88.80102263700007,23.62492680300005],[88.79947800900004,23.627970309000034],[88.80065201800005,23.630036867000058],[88.81637677100008,23.62551658900003],[88.81733744600007,23.623429739000073],[88.81585559500007,23.624337955000044],[88.81472526500005,23.622603747000028],[88.81665874200007,23.62178252700005],[88.81544377800003,23.618663038000022],[88.81719611400007,23.617608994000022],[88.81780571000007,23.61442777900004],[88.81363262300005,23.61148158700007],[88.81434412000004,23.606886040000063],[88.81595499200006,23.60540192700006],[88.81692957900003,23.607173888000034],[88.81543878000008,23.60841676900003],[88.81997579400007,23.609606228000075],[88.82414969400008,23.616316141000027],[88.82580096900006,23.614355256000067],[88.82967797600008,23.61481297200004],[88.83083042500004,23.611894877000054],[88.83370379800004,23.611368393000078],[88.83652593000005,23.613035570000022],[88.84003444900009,23.611442924000073],[88.84142519600005,23.608947054000055],[88.84321913800005,23.608942933000037],[88.83462256500007,23.60403490400006],[88.83417948400006,23.601460975000066],[88.83256564800007,23.60216629300004],[88.82947894100005,23.600284815000066],[88.82728363600006,23.592398392000064],[88.82354365700007,23.591107387000022],[88.82082797200007,23.58719420400007],[88.82171943700007,23.584104842000045],[88.81525359700004,23.578022041000054],[88.81484697400003,23.57054873000004],[88.81751975900005,23.567160241000067],[88.81767322100006,23.562363961000074],[88.81562423700007,23.556906852000054],[88.81279964500004,23.55444735800006],[88.81379173000005,23.550986245000047],[88.81237379200007,23.549335631000076],[88.81536355200006,23.548827263000078],[88.81466719700006,23.546731150000028],[88.81810497300006,23.542672779000043],[88.82356188400007,23.542894772000068],[88.82562592200009,23.54036571300003],[88.82243914500003,23.540506454000024],[88.81952340000004,23.53590139000005],[88.81769944300004,23.535368791000053],[88.82028570600005,23.534793463000028],[88.81958747400006,23.53290621000008],[88.82096034700004,23.531533654000043],[88.82076373900009,23.530101221000052],[88.81707059800004,23.530483567000033],[88.81904240000006,23.52713314300007],[88.81487342700007,23.52668826000007],[88.81355264200005,23.529829093000046],[88.81108336500006,23.526931432000026],[88.81149981400006,23.52459543200007],[88.80915520400004,23.524730485000077],[88.80311558500006,23.516361570000072],[88.79852137700004,23.514557127000046],[88.80169325800006,23.50628606500004],[88.80123750500007,23.502741048000075],[88.79801214700007,23.499531296000043],[88.79970129600008,23.498250776000077],[88.80095363500004,23.497992199000066],[88.80097865600004,23.490321744000028],[88.80356345100006,23.486731791000068],[88.80741538600006,23.486490365000066],[88.81574327200008,23.492605063000042],[88.81752110800005,23.491792734000057],[88.81939488900008,23.485633250000035],[88.82336753400006,23.485576927000068],[88.82746922700005,23.489751113000068],[88.82851487800008,23.49473429300008],[88.82016689500006,23.505779645000075],[88.82569923900007,23.50930145800004],[88.84287162600003,23.514825289000044],[88.84512539900004,23.509467045000065],[88.84659528300006,23.50923126200007],[88.84648176700006,23.504413147000037],[88.84843214100005,23.50353682900004],[88.85667023500008,23.501397730000065],[88.88757985200004,23.498677728000075],[88.89320276400008,23.49935169400004],[88.89636520900007,23.502157054000065],[88.89951560100008,23.50248755100006],[88.90076909000004,23.505039418000024],[88.90709658400004,23.506231548000073],[88.90914961400006,23.509868262000055],[88.90912161900008,23.51471588900006],[88.91150218900003,23.515019309000024],[88.91461095500006,23.50743847500007],[88.91341824100004,23.502441202000057],[88.91821844900005,23.498888407000038],[88.92019204600007,23.500167687000044],[88.92968110200007,23.493303467000032],[88.93405677200008,23.493702076000034],[88.93642359800003,23.496595468000066],[88.93516578200007,23.504748869000025],[88.93297499900007,23.50548126500007],[88.93438428200005,23.50609999900007],[88.93510939600009,23.50978318700004],[88.93360899900006,23.51154260100003],[88.93562562400007,23.512575304000052],[88.94034974300007,23.504239487000063],[88.94073824900005,23.49951450100008],[88.94281441600003,23.498746217000075],[88.94356669300004,23.49989272600004],[88.94324845800008,23.502611425000055],[88.94693912900004,23.512726733000022],[88.94468871000004,23.518512788000066],[88.93903588700005,23.525782271000026],[88.93599631700005,23.527193072000046],[88.93385679800008,23.532230054000024],[88.93559209700004,23.539198703000068],[88.94030198200005,23.542817058000026],[88.94154836900003,23.546284738000054],[88.94035591900007,23.547202946000027],[88.94673413200007,23.551746382000033],[88.95236702100004,23.552110138000046],[88.95498264300005,23.550936095000054],[88.95945351400007,23.55287405200005],[88.96528357500006,23.549417048000066],[88.96899216800006,23.550183984000057],[88.97415113200003,23.54597310400004],[88.97736509500004,23.545454609000046],[88.97849662600004,23.54814734200005],[88.97696826300006,23.550013112000045],[88.97638996200004,23.55744142900005],[88.98092751200005,23.560054919000038],[88.98297316500003,23.567205772000023],[88.98764065000006,23.570585381000058],[88.98690966800007,23.572430464000035],[88.98327065500007,23.573904866000078],[88.98439999500005,23.58142452000004],[88.98847835000004,23.58817931300007],[89.00346466000008,23.603240904000074],[89.00686594600006,23.621529691000035],[88.99644476000003,23.625555206000058],[88.98697993300004,23.617356012000073],[88.98244168300005,23.615360768000073],[88.97815735600005,23.617413330000034],[88.97826811000004,23.619208005000075],[88.97949573400007,23.618152585000075],[88.98039356100008,23.619219162000036],[88.97836590000009,23.62231898400006],[88.96787480800003,23.62131476600007],[88.95543701200006,23.62439661600007],[88.94583380200004,23.62407031200007],[88.94290306100004,23.621527128000025],[88.94284794700008,23.624157815000046],[88.93943408100006,23.622275672000058],[88.93826306700004,23.62542312900007],[88.93535144700007,23.62674495500005],[88.93286611000008,23.625732131000063],[88.93252558300009,23.622883665000074],[88.92880066100008,23.620364110000025],[88.92327748400004,23.62838160800004],[88.91881966700004,23.629243615000064],[88.91724283600007,23.63372814400003],[88.91290999500006,23.636755062000077],[88.91098507600003,23.642987522000055],[88.91434625400007,23.650635513000054],[88.90894848000005,23.657083472000068],[88.90758569800005,23.664928578000058],[88.90514252200006,23.66527147100004],[88.90440185800009,23.667666955000072],[88.90144025100005,23.66909781800007],[88.90071331800004,23.67332115100004],[88.90304407000008,23.67402068900003],[88.90160418400006,23.678154301000063],[88.90560707800006,23.68061326800006],[88.90593431800005,23.682312395000054],[88.90131953100007,23.684268935000034],[88.89920471100004,23.687074033000044],[88.90087864700007,23.68875902700006],[88.89566483800007,23.68792940800006],[88.89215458400008,23.689373658000022],[88.89117586500004,23.68714036800003],[88.88700187400008,23.685064209000075],[88.88390576500007,23.68573735600006],[88.87952483400005,23.690012076000073],[88.87569585600005,23.685987862000047],[88.87365879400005,23.686236101000077],[88.87255815400005,23.683822316000033],[88.86964348700008,23.685451017000048],[88.86354311800005,23.680728040000076],[88.85221541900006,23.68076191600005],[88.85070071200005,23.679175816000054],[88.85095319900006,23.674974090000035],[88.84815992900008,23.679912201000036],[88.84698525200008,23.688890351000055],[88.84266031000004,23.692370762000053],[88.83350703000008,23.690404901000022],[88.83462432600004,23.683233306000034],[88.81743492400005,23.685579868000048],[88.81369068200007,23.68455156500005],[88.81347443100003,23.681893543000058],[88.80830810800006,23.68370136200008],[88.80899305900004,23.681299198000033],[88.80665984600006,23.682536602000027],[88.80451308300007,23.68143232600005]]]}},{"type":"Feature","id":"chuadanga-damurhuda","properties":{"canonical_id":"chuadanga-damurhuda","name_en":"Damurhuda","name_bn":"দামুড়হুদা","district_id":"chuadanga","division_id":"khulna","pcode":"BD-D-12-266","parent_pcode":"BD4018","source_name":"Damurhuda","match_method":"exact_name_or_alias","boundary_reference_year":"2020","boundary_source":"geoBoundaries gbOpen BGD ADM3 / BBS, OCHA ROAP","source_dataset_updated":"2026-08-09"},"geometry":{"type":"Polygon","coordinates":[[[88.77377880000006,23.699766628000077],[88.74651512300005,23.694878519000042],[88.73798383400003,23.684026476000042],[88.73453038200006,23.683968942000035],[88.72742173300009,23.678551791000075],[88.70720564900006,23.668476605000023],[88.70311149600008,23.66774981100008],[88.69657445500007,23.664916180000034],[88.69615047600007,23.658728525000072],[88.69363852200007,23.659240209000075],[88.69287459400005,23.65801738500005],[88.69346840000009,23.65468368300003],[88.68650331200007,23.65967153500003],[88.68309373900007,23.651049472000068],[88.67974139600005,23.648032215000057],[88.67442983300003,23.64762282500004],[88.67168020200006,23.649842394000075],[88.66818638000007,23.645487081000056],[88.66000633900006,23.64934286700003],[88.65418057200009,23.650387418000037],[88.65188607900006,23.643253258000072],[88.64773271700005,23.64258661100007],[88.64480488800007,23.639351073000057],[88.64792835200006,23.639198845000067],[88.64903528700006,23.636529651000046],[88.64404905000004,23.632728651000036],[88.64547236700008,23.630839482000056],[88.64269976100007,23.630761059000065],[88.64255429300005,23.62457689300004],[88.64704831200004,23.624525272000028],[88.64848684200007,23.623259347000044],[88.64392352700008,23.618710201000056],[88.63877804300006,23.61780155400004],[88.63897301000009,23.615502035000077],[88.63724676000004,23.616927341000064],[88.63492499800003,23.615164506000042],[88.63806716100004,23.61041096100007],[88.63981073500008,23.611303114000066],[88.64064429200005,23.60922395600005],[88.64599681900006,23.60813054500005],[88.64343324600009,23.60705351100006],[88.64276316800004,23.60208344800003],[88.63823552100007,23.597637400000053],[88.63873398000004,23.590860848000034],[88.64508222200004,23.591233987000066],[88.64567641900004,23.58955061100005],[88.64367994000008,23.58956015700005],[88.65067484500008,23.584645782000052],[88.64812459200004,23.580513719000066],[88.65488592500003,23.563200890000076],[88.65347827800008,23.558887636000065],[88.65420251300009,23.556677746000048],[88.65976052000008,23.552848725000047],[88.65966776200008,23.54921590300006],[88.66682208300006,23.546577268000078],[88.67390368500008,23.548292978000063],[88.68286243300008,23.541695967000067],[88.68591075100005,23.53759601300004],[88.68437974800008,23.529856842000072],[88.68879171600008,23.531829583000047],[88.69122325700005,23.53085979900004],[88.69161109000004,23.52451750000006],[88.69616245100008,23.525487605000023],[88.69521876600004,23.51869345800003],[88.69822579200007,23.51594678500004],[88.70596371500005,23.516967102000024],[88.71248514100006,23.509468767000044],[88.71506347600007,23.508511828000053],[88.71855569600007,23.511790374000043],[88.72406715200003,23.512600288000044],[88.73053701900005,23.502640966000058],[88.72951503800005,23.496526897000024],[88.73083086000008,23.495024897000064],[88.73189619900006,23.496007703000032],[88.74264206100008,23.486741288000076],[88.74435552600005,23.483137612000064],[88.74136837400005,23.479782568000076],[88.74356164500006,23.481372838000027],[88.74345661300003,23.479023807000033],[88.74484443600005,23.48297135400003],[88.74665098000008,23.483702761000075],[88.75379222400005,23.479148155000075],[88.76081732900008,23.478654556000038],[88.76098979000005,23.48157703000004],[88.75726791500006,23.484217898000054],[88.75604423000004,23.48762522100003],[88.76168787600005,23.49084829900005],[88.76706775400004,23.481705043000034],[88.77153894700007,23.479970163000075],[88.77489429700006,23.48036684300007],[88.77159499200008,23.486680026000045],[88.76777571700006,23.488124651000078],[88.77049020900006,23.49713089900007],[88.78329169800008,23.502536275000068],[88.78655176400008,23.507391488000053],[88.78332767900008,23.500331858000038],[88.78446724200006,23.49730185100003],[88.78704929700007,23.49756463400007],[88.78968186100008,23.50202507000006],[88.79185306500005,23.502861408000058],[88.79801214700007,23.499531296000043],[88.80123750500007,23.502741048000075],[88.80169325800006,23.50628606500004],[88.79852137700004,23.514557127000046],[88.80311558500006,23.516361570000072],[88.80915520400004,23.524730485000077],[88.81149981400006,23.52459543200007],[88.81108336500006,23.526931432000026],[88.81355264200005,23.529829093000046],[88.81487342700007,23.52668826000007],[88.81904240000006,23.52713314300007],[88.81707059800004,23.530483567000033],[88.82076373900009,23.530101221000052],[88.82096034700004,23.531533654000043],[88.81958747400006,23.53290621000008],[88.82028570600005,23.534793463000028],[88.81769944300004,23.535368791000053],[88.81952340000004,23.53590139000005],[88.82243914500003,23.540506454000024],[88.82562592200009,23.54036571300003],[88.82356188400007,23.542894772000068],[88.81810497300006,23.542672779000043],[88.81466719700006,23.546731150000028],[88.81536355200006,23.548827263000078],[88.81237379200007,23.549335631000076],[88.81379173000005,23.550986245000047],[88.81279964500004,23.55444735800006],[88.81562423700007,23.556906852000054],[88.81767322100006,23.562363961000074],[88.81751975900005,23.567160241000067],[88.81484697400003,23.57054873000004],[88.81525359700004,23.578022041000054],[88.82171943700007,23.584104842000045],[88.82082797200007,23.58719420400007],[88.82354365700007,23.591107387000022],[88.82728363600006,23.592398392000064],[88.82947894100005,23.600284815000066],[88.83256564800007,23.60216629300004],[88.83417948400006,23.601460975000066],[88.83462256500007,23.60403490400006],[88.84321913800005,23.608942933000037],[88.84142519600005,23.608947054000055],[88.84003444900009,23.611442924000073],[88.83652593000005,23.613035570000022],[88.83370379800004,23.611368393000078],[88.83083042500004,23.611894877000054],[88.82967797600008,23.61481297200004],[88.82580096900006,23.614355256000067],[88.82414969400008,23.616316141000027],[88.81997579400007,23.609606228000075],[88.81543878000008,23.60841676900003],[88.81692957900003,23.607173888000034],[88.81595499200006,23.60540192700006],[88.81434412000004,23.606886040000063],[88.81363262300005,23.61148158700007],[88.81780571000007,23.61442777900004],[88.81719611400007,23.617608994000022],[88.81544377800003,23.618663038000022],[88.81665874200007,23.62178252700005],[88.81472526500005,23.622603747000028],[88.81585559500007,23.624337955000044],[88.81733744600007,23.623429739000073],[88.81637677100008,23.62551658900003],[88.80065201800005,23.630036867000058],[88.79947800900004,23.627970309000034],[88.80102263700007,23.62492680300005],[88.79880974400004,23.62463027700005],[88.79332182900004,23.631142817000068],[88.78833180100008,23.632528061000073],[88.78546642700007,23.630725901000062],[88.78234525400006,23.632445621000045],[88.78279578100006,23.634344059000057],[88.79402877800004,23.641516387000024],[88.80193005400008,23.65470142500004],[88.80582838400005,23.668212594000067],[88.80451308300007,23.68143232600005],[88.80282742200006,23.688445725000065],[88.79331543000006,23.70033843400006],[88.78830665700008,23.70120808100006],[88.77386829700004,23.698322893000068],[88.77377880000006,23.699766628000077]]]}},{"type":"Feature","id":"chuadanga-jibannagar","properties":{"canonical_id":"chuadanga-jibannagar","name_en":"Jibannagar","name_bn":"জীবননগর","district_id":"chuadanga","division_id":"khulna","pcode":"BD-D-12-267","parent_pcode":"BD4018","source_name":"Jibannagar","match_method":"exact_name_or_alias","boundary_reference_year":"2020","boundary_source":"geoBoundaries gbOpen BGD ADM3 / BBS, OCHA ROAP","source_dataset_updated":"2026-08-09"},"geometry":{"type":"Polygon","coordinates":[[[88.79970129600008,23.498250776000077],[88.80040546100008,23.497120195000036],[88.79791028400007,23.49563628800007],[88.79922424500006,23.491223841000078],[88.79454119200005,23.48580146100005],[88.80138474200004,23.486356993000072],[88.79948000900004,23.485273216000053],[88.79962481900003,23.482821025000078],[88.79407095000005,23.48114070300005],[88.78971812900005,23.47175814600007],[88.78725117300007,23.469580429000075],[88.78757055900007,23.467430340000078],[88.78954333400009,23.466795929000057],[88.78828280600004,23.46558106300006],[88.78986007200007,23.465858575000027],[88.78918820900003,23.464409256000067],[88.79099977800007,23.464743008000028],[88.79185773300009,23.463084396000056],[88.79046088900003,23.46030565700005],[88.79315502800006,23.460955888000058],[88.78940803700004,23.459599205000075],[88.79011526400006,23.456790991000048],[88.79279251900005,23.45548064600007],[88.79039436900007,23.453420202000075],[88.79150154900003,23.451161846000048],[88.79036342600006,23.450584246000062],[88.79177613700006,23.447781142000053],[88.79442598700007,23.447575162000078],[88.79540900700005,23.44360419700007],[88.79327911100006,23.444264162000024],[88.79298711400008,23.44230977600006],[88.79101347600005,23.444555946000037],[88.78988718500005,23.441395182000065],[88.78681142500005,23.44233315200006],[88.78934326300003,23.442783003000045],[88.78929647500007,23.444359666000025],[88.78504819200003,23.444916500000033],[88.78314962400003,23.441957969000043],[88.78474067200005,23.439006973000062],[88.78228109200006,23.440485042000034],[88.78111713800007,23.438372784000023],[88.78276853100004,23.437306211000077],[88.78080917100004,23.437567383000044],[88.78039503400004,23.43896404800006],[88.77863733200007,23.437442025000053],[88.77839047700007,23.438740646000042],[88.78220788500005,23.441949602000022],[88.77493472300006,23.445162120000077],[88.77434420400004,23.44399942600006],[88.77207863500007,23.44634839500003],[88.77320585500007,23.44899599300004],[88.77074977300003,23.446475726000074],[88.76809432600004,23.449172478000037],[88.76282872200005,23.446972278000032],[88.76407673500006,23.445401643000025],[88.76107439300006,23.43347298300006],[88.76216318800005,23.431197884000028],[88.75994615400003,23.429860205000068],[88.76017800800008,23.424261993000073],[88.75867226500009,23.425524492000022],[88.75645373000003,23.422787249000066],[88.75454018800008,23.414324616000044],[88.75844315200004,23.413240049000024],[88.76114713100009,23.408914980000077],[88.75704131200007,23.404648430000066],[88.75112518400005,23.402866678000066],[88.74876517700005,23.398148952000042],[88.75432896300003,23.39519767300004],[88.75291189900008,23.38926162100006],[88.75635958300006,23.38854948000005],[88.75687111400003,23.386333415000024],[88.75956889500009,23.38470575200006],[88.76024008300004,23.386861810000028],[88.76283964800007,23.387352056000054],[88.76127709600007,23.386404],[88.76240252300005,23.384527545000026],[88.75869479000005,23.378598968000063],[88.76031598500003,23.37595959400005],[88.75911959500007,23.375367512000025],[88.75960892300003,23.373574706000056],[88.76481446200006,23.370427376000066],[88.76627857200003,23.36843943200006],[88.76823360200007,23.368976415000077],[88.77556949200005,23.375563899000042],[88.77716510600004,23.37523543800006],[88.77804994000007,23.373765108000043],[88.77215894500006,23.36275114600005],[88.77784097200004,23.369245943000067],[88.78233127000004,23.379275645000064],[88.78422021300008,23.380646787000046],[88.78977926600004,23.37813675600006],[88.79118279200009,23.375120296000034],[88.79055763900004,23.371909209000023],[88.79371885800003,23.370057279000036],[88.79731039200004,23.37082158000004],[88.80651686700008,23.378915095000025],[88.80794286500009,23.38681236700006],[88.81200838700005,23.386672272000055],[88.81161501900004,23.387580360000072],[88.81467918900006,23.388881045000062],[88.81683030400006,23.38729759100005],[88.81685901800006,23.384167741000056],[88.82713195400004,23.374624590000053],[88.82787571000006,23.37780145100004],[88.83290379100004,23.384500563000074],[88.83400075700007,23.39066278000007],[88.83613236900004,23.384849770000073],[88.84118765400007,23.379288159000055],[88.84741270100005,23.379087476000052],[88.85254851100007,23.375066557000025],[88.85597225000004,23.383186426000066],[88.85764215200004,23.381566692000035],[88.85511230100008,23.374589720000074],[88.86159831900005,23.37706380700007],[88.86290243800005,23.381639463000056],[88.86065269500006,23.379381495000075],[88.86251017400008,23.383785626000076],[88.86595381100005,23.386395443000026],[88.86884478200005,23.385110715000053],[88.87009586600004,23.386747753000066],[88.86833563700009,23.388391244000047],[88.87283107700006,23.389232632000073],[88.87278531600003,23.39138809700006],[88.87586899400009,23.392492995000055],[88.87462514200007,23.39787437800004],[88.87583549600004,23.39834484200003],[88.87590226400005,23.404598194000073],[88.87756576600003,23.406716833000075],[88.88355491100003,23.408068232000062],[88.88338732700004,23.406317673000046],[88.88910586200006,23.40580127800007],[88.89047183700006,23.408749734000025],[88.89166823700003,23.407976966000035],[88.89261441800005,23.409120563000045],[88.89384155500005,23.407776166000076],[88.89583325100006,23.410298297000054],[88.90035551600005,23.409338939000065],[88.90491144000003,23.405842844000063],[88.91654490800005,23.40594369400003],[88.91878998500005,23.407594028000062],[88.91838959700004,23.412230287000057],[88.91036066000004,23.413446304000047],[88.91082398700007,23.415540425000074],[88.91517071000004,23.419428998000058],[88.91787030400008,23.418620737000026],[88.92111380400007,23.412779186000023],[88.93486911400004,23.41304630700006],[88.93644848500008,23.416677760000027],[88.93282009500007,23.422146705000046],[88.93499242400009,23.428662286000076],[88.93393444600008,23.431480373000056],[88.93559896900007,23.43332352300007],[88.94121876000008,23.43035634900008],[88.94381669400008,23.431073921000063],[88.94579876000006,23.438059433000035],[88.94305859300005,23.44182247200007],[88.93703602500005,23.444068913000024],[88.92693484200004,23.442979183000034],[88.91916115800007,23.438880940000047],[88.91825262900005,23.442001945000072],[88.92265066100003,23.44535215700006],[88.93040044800006,23.447995368000022],[88.92944568500008,23.46158015900005],[88.93626714200008,23.461578847000055],[88.93682563700008,23.46694761400005],[88.93518491900005,23.469445034000046],[88.94070218400003,23.473615841000026],[88.94455246800004,23.479940588000034],[88.94356669300004,23.49989272600004],[88.94281441600003,23.498746217000075],[88.94073824900005,23.49951450100008],[88.94034974300007,23.504239487000063],[88.93562562400007,23.512575304000052],[88.93360899900006,23.51154260100003],[88.93510939600009,23.50978318700004],[88.93438428200005,23.50609999900007],[88.93297499900007,23.50548126500007],[88.93516578200007,23.504748869000025],[88.93642359800003,23.496595468000066],[88.93405677200008,23.493702076000034],[88.92968110200007,23.493303467000032],[88.92019204600007,23.500167687000044],[88.91821844900005,23.498888407000038],[88.91341824100004,23.502441202000057],[88.91461095500006,23.50743847500007],[88.91150218900003,23.515019309000024],[88.90912161900008,23.51471588900006],[88.90914961400006,23.509868262000055],[88.90709658400004,23.506231548000073],[88.90076909000004,23.505039418000024],[88.89951560100008,23.50248755100006],[88.89636520900007,23.502157054000065],[88.89320276400008,23.49935169400004],[88.88757985200004,23.498677728000075],[88.85667023500008,23.501397730000065],[88.84843214100005,23.50353682900004],[88.84648176700006,23.504413147000037],[88.84659528300006,23.50923126200007],[88.84512539900004,23.509467045000065],[88.84287162600003,23.514825289000044],[88.82569923900007,23.50930145800004],[88.82016689500006,23.505779645000075],[88.82851487800008,23.49473429300008],[88.82746922700005,23.489751113000068],[88.82336753400006,23.485576927000068],[88.81939488900008,23.485633250000035],[88.81752110800005,23.491792734000057],[88.81574327200008,23.492605063000042],[88.80741538600006,23.486490365000066],[88.80356345100006,23.486731791000068],[88.80097865600004,23.490321744000028],[88.80095363500004,23.497992199000066],[88.79970129600008,23.498250776000077]]]}},{"type":"Feature","id":"jashore-abhaynagar","properties":{"canonical_id":"jashore-abhaynagar","name_en":"Abhaynagar","name_bn":"অভয়নগর","district_id":"jashore","division_id":"khulna","pcode":"BD-D-22-244","parent_pcode":"BD4041","source_name":"Abhaynagar","match_method":"exact_name_or_alias","boundary_reference_year":"2020","boundary_source":"geoBoundaries gbOpen BGD ADM3 / BBS, OCHA ROAP","source_dataset_updated":"2026-08-09"},"geometry":{"type":"Polygon","coordinates":[[[89.50107435000007,23.03319686900005],[89.48961516300005,23.037721538000028],[89.48265551500003,23.035215923000067],[89.47511434400008,23.03558289800003],[89.47199516400008,23.033046606000028],[89.46745072200008,23.032718601000056],[89.46214682800007,23.03485733900004],[89.45742523700005,23.040905313000053],[89.45441845100004,23.05398574900005],[89.44907632700006,23.050270398000066],[89.44383710100004,23.054920511000034],[89.44388694600008,23.066547489000072],[89.45326197200006,23.06811866000004],[89.45196647300008,23.070034846000055],[89.44556042300007,23.070906217000072],[89.44049363100004,23.073546925000073],[89.44364324600008,23.091007234000074],[89.44242692900008,23.103446059000078],[89.44351120900006,23.112097951000067],[89.44230690500007,23.114552960000026],[89.43867994100003,23.11187646600007],[89.43600169800004,23.106544167000038],[89.43132624700007,23.10430073300006],[89.42803605500006,23.096434569000053],[89.42675618500004,23.09667495000008],[89.42502340500005,23.09349012800004],[89.41920220500003,23.08919052300007],[89.41663414600004,23.083067910000068],[89.39915538300005,23.08427097200007],[89.39709609700003,23.082372389000057],[89.40045309300007,23.077857897000058],[89.39981995400007,23.076839835000044],[89.39663391200008,23.07983007000007],[89.38534010600006,23.08508781200004],[89.38091591400007,23.08542677400004],[89.37783304400006,23.08774349400005],[89.38263172700005,23.09648260800003],[89.37690747500005,23.096377129000075],[89.37480380800008,23.09862594200007],[89.36946557800007,23.097977482000033],[89.36934208200006,23.102992013000062],[89.36534348200007,23.104844126000046],[89.36538107700005,23.109636857000055],[89.35845866900007,23.109304004000023],[89.35503812700006,23.110946488000025],[89.35146283800003,23.110034746000053],[89.35191568600004,23.108577213000046],[89.35019560200004,23.10778709300007],[89.34774073100004,23.101241593000054],[89.34857797800004,23.09986695300006],[89.34326582300008,23.09425069400004],[89.33838280500004,23.096299431000034],[89.33683525000004,23.094350279000025],[89.33093254200008,23.09667113000006],[89.32711228100004,23.09641100300007],[89.32701670200004,23.09495515800006],[89.32066344600008,23.096299832000057],[89.32285815900008,23.093831403000024],[89.32220137200005,23.09264300700005],[89.31625802300005,23.09723492300003],[89.30736667800005,23.097273511000026],[89.30506664200004,23.095177355000033],[89.30593793600008,23.092179990000034],[89.30789167700004,23.088960976000067],[89.31325835000007,23.086636960000078],[89.31069907000006,23.081544766000036],[89.31346770200008,23.079537952000067],[89.31362904800005,23.076903281000057],[89.31979031900005,23.069823219000057],[89.31802022600004,23.068740664000075],[89.31443039900006,23.070247190000032],[89.31362176800008,23.067936314000065],[89.31648688000007,23.067480145000047],[89.31739373000005,23.06581239700006],[89.31657053700008,23.064265324000075],[89.31867953000005,23.06158372300007],[89.31763526300006,23.056207966000045],[89.32157369500004,23.055909324000027],[89.32652596800006,23.052874513000063],[89.32635507400005,23.045100862000027],[89.33174157400003,23.040008752000062],[89.32814915700004,23.029857323000044],[89.33188671400006,23.028696027000024],[89.33138783200008,23.025774547000026],[89.33722370000004,23.02363454500005],[89.33542181700005,22.997318691000032],[89.33636746200006,22.99455288000007],[89.33349990500005,22.991237548000072],[89.33650642900005,22.992133718000048],[89.33917972100005,22.99535051600003],[89.33700283900004,22.99962141700007],[89.33952145200004,23.010717808000038],[89.34532565800004,23.00998651900005],[89.34892401100007,23.01595699300003],[89.35601194400004,23.01516397200004],[89.35652007400006,23.013927374000048],[89.35547272400004,22.984284867000042],[89.36788178400008,22.965699991000065],[89.36356051600006,22.949690024000063],[89.36020318600004,22.94700100400007],[89.35974644300006,22.941718697000056],[89.36133593900007,22.938208365000037],[89.35565381000004,22.93783197500005],[89.35392146900006,22.934868257000062],[89.35427420800005,22.931051472000036],[89.35852108700004,22.922973239000044],[89.36394810100006,22.92420664900004],[89.36428684700007,22.92919998700006],[89.36958496100004,22.933919514000024],[89.37377693400003,22.934890804000077],[89.38417900600007,22.931917786000042],[89.39578498400004,22.933635225000046],[89.39205347900008,22.938992934000055],[89.39503267000003,22.942856427000038],[89.40078919100006,22.94427616200005],[89.40632628300006,22.956826641000077],[89.42698346900005,22.961907594000024],[89.42773392600003,22.96959928900003],[89.43036074200006,22.97603364200006],[89.43007748500008,22.994863515000077],[89.43407547200007,22.996701993000045],[89.43719668200004,23.001318361000074],[89.43853061600004,23.007614729000068],[89.45161608900008,23.01016109400007],[89.45661238200006,23.009852558000034],[89.46037877900005,23.007556883000063],[89.46454769900004,22.994636556000046],[89.47773474200005,22.977241836000076],[89.48233434100007,22.965969252000036],[89.48197739500006,22.95395434900007],[89.48529259900005,22.94937621200006],[89.50408069100007,22.93339902200006],[89.51454473200005,22.927581770000074],[89.51916652200003,22.93092173200006],[89.52043810100008,22.93947171600007],[89.52268178800006,22.943091263000042],[89.52881696400004,22.946042055000078],[89.53592934700004,22.946755197000073],[89.54449068600007,22.951260560000037],[89.55621515800004,22.962694482000074],[89.55718221100005,22.96613269000005],[89.56259555000008,22.97037872100003],[89.56054539100006,22.983848007000063],[89.55208401600004,22.97727739800007],[89.54901147600003,22.976260337000042],[89.54525527800007,22.977301993000026],[89.54353173400006,22.98140664600004],[89.53710762500003,22.984311993000063],[89.53472791800004,22.99668745500003],[89.53290954900007,22.998142114000075],[89.53026352500007,22.996259877000057],[89.53082438400008,23.00143311100004],[89.52808601200007,23.00277376100007],[89.52954178500005,23.006815980000056],[89.52086360900006,23.00839675700007],[89.52012447300007,23.00984718500007],[89.52224542200008,23.01070724500005],[89.52195813700007,23.01244415700006],[89.50971584700005,23.01585799700007],[89.50566051300007,23.027635488000044],[89.50107435000007,23.03319686900005]]]}},{"type":"Feature","id":"jashore-bagherpara","properties":{"canonical_id":"jashore-bagherpara","name_en":"Bagherpara","name_bn":"বাঘারপাড়া","district_id":"jashore","division_id":"khulna","pcode":"BD-D-22-245","parent_pcode":"BD4041","source_name":"Bagherpara","match_method":"exact_name_or_alias","boundary_reference_year":"2020","boundary_source":"geoBoundaries gbOpen BGD ADM3 / BBS, OCHA ROAP","source_dataset_updated":"2026-08-09"},"geometry":{"type":"Polygon","coordinates":[[[89.42557494000005,23.258715976000076],[89.42076492000007,23.26622553800007],[89.41842066800007,23.26621235500005],[89.41840297400006,23.267895795000072],[89.41521111200007,23.26754125100007],[89.41459469300008,23.269397472000037],[89.40921930400003,23.268872058000056],[89.40940336900007,23.272168622000038],[89.39973006400004,23.275965815000063],[89.39759483500006,23.280054035000035],[89.39438333200007,23.28047976600004],[89.39368084200004,23.282506622000028],[89.38600891800007,23.284471917000076],[89.38196005200007,23.288266183000076],[89.37746712100005,23.288013566000075],[89.37743487400007,23.28949369000003],[89.37954113800004,23.289381221000042],[89.37890314500004,23.290291576000072],[89.37363469000007,23.289560988000062],[89.37251384800004,23.29978955400003],[89.36851843300008,23.302244552000047],[89.36642446200005,23.30210513000003],[89.36325816800007,23.296112029000028],[89.35850130200004,23.296750346000067],[89.35704110500006,23.291993682000054],[89.35212032000004,23.289147865000075],[89.34814729300007,23.284486860000072],[89.34362149300006,23.283876344000078],[89.34226899100008,23.293469139000024],[89.33672869300005,23.303522419000046],[89.32578747400004,23.298270072000037],[89.32226824200006,23.299534166000058],[89.32190910900005,23.30334330100004],[89.32465066600008,23.309769506000066],[89.31865935700006,23.32395938600007],[89.31558365000006,23.325611387000038],[89.31324697600007,23.324999922000075],[89.31078799500006,23.318000072000075],[89.30812140000006,23.318212448000054],[89.30730469000008,23.32081477400004],[89.30496646700004,23.322053191000066],[89.30642851200008,23.322795833000043],[89.30480232700006,23.32364052300005],[89.30481014800006,23.325486614000056],[89.30171917000007,23.326630183000077],[89.30052282900004,23.33024695100005],[89.29540420300003,23.33104034100006],[89.29168191400004,23.334526536000055],[89.28906717700005,23.335095040000056],[89.28469689500008,23.34045803600003],[89.28271088000008,23.34021918700006],[89.28441062400003,23.349382107000054],[89.28167513500006,23.348697214000026],[89.27291763300008,23.355793686000027],[89.27392483000006,23.361779642000045],[89.27761998400007,23.363927310000065],[89.27506402500006,23.368303077000064],[89.27419500500008,23.36736022300005],[89.26770502500005,23.369435707000036],[89.26469514900003,23.372486459000072],[89.26109369800008,23.37273764500003],[89.25807571400009,23.37050135000004],[89.25475536100004,23.36658349700008],[89.25464352300008,23.36230434500004],[89.25037878200004,23.35952565300005],[89.25078362200009,23.35249290400003],[89.25314933700008,23.34838196100003],[89.25136511300008,23.34480443600006],[89.25379269100006,23.343871553000042],[89.24377803100003,23.342147400000044],[89.24019097200005,23.344843199000024],[89.23525691400005,23.34421625600004],[89.23816162500003,23.339345483000045],[89.24206116400006,23.338878901000044],[89.24499044200007,23.335329126000033],[89.24282556500003,23.32886996700006],[89.23571936300004,23.327027815000065],[89.23066259800004,23.323888517000057],[89.22685411200007,23.32633228000003],[89.22694538400003,23.324345562000076],[89.22238878900004,23.323705413000027],[89.22005170600005,23.320315616000073],[89.21843395800005,23.32109734200003],[89.21340370800004,23.317819885000063],[89.21463100900007,23.315709594000054],[89.22327544900008,23.31219100800007],[89.23470681900005,23.31003368100005],[89.24686137700007,23.297047727000063],[89.24787989300006,23.293625289000033],[89.24544901100006,23.283917064000036],[89.23775621600004,23.27957243900005],[89.23706437700008,23.277922876000048],[89.24232706700008,23.275444633000063],[89.25017003700003,23.27969378000006],[89.25086594700008,23.274801397000033],[89.25292644100006,23.27223747100004],[89.25211780200004,23.27057612300007],[89.25417472600003,23.268418066000038],[89.25872163400004,23.269673694000062],[89.25812852400009,23.268197998000062],[89.26000453800003,23.267960147000053],[89.26268772500003,23.264781972000037],[89.26083682900008,23.25077652400006],[89.26766415300006,23.247469783000042],[89.26823653500009,23.243061090000026],[89.26663954500003,23.242279652000036],[89.26577750900003,23.23876471600005],[89.26839134700003,23.236237579000033],[89.29575535000004,23.231932010000037],[89.29805230000005,23.232163023000055],[89.29951214500005,23.23465581100004],[89.30159157900005,23.23402430300007],[89.30026285600007,23.228344106000065],[89.29718499500007,23.224139723000064],[89.29660128800003,23.215340860000026],[89.29143139400009,23.213657875000024],[89.28804259600008,23.20986460200004],[89.28886984500008,23.208260507000034],[89.29065935400007,23.20856384600006],[89.29100684200006,23.20191500800007],[89.29422852400006,23.20250251300007],[89.29901544700004,23.197263423000038],[89.30066697000007,23.192075763000048],[89.30574320100004,23.193430018000072],[89.30451177000003,23.190108964000046],[89.30033064700007,23.18646487700005],[89.30345964600008,23.182657293000034],[89.30032470500004,23.177272799000036],[89.30050618200005,23.174254374000043],[89.31060868800006,23.173063116000037],[89.30983017200003,23.16906774100005],[89.31126678600003,23.166766695000035],[89.31500910000005,23.16730917900003],[89.32370377700005,23.176589654000054],[89.32334823600007,23.182448773000033],[89.32859924500008,23.18406047700006],[89.33304688200008,23.180282181000052],[89.32822358200008,23.17368234500003],[89.32889014300008,23.17060722800005],[89.33851857600007,23.165078608000044],[89.33758744700003,23.162778641000045],[89.33364185300007,23.16173845900005],[89.32416635100003,23.16661255500003],[89.32129294700007,23.166239450000035],[89.32255267000005,23.15948826400006],[89.32853785500004,23.149594617000048],[89.32739098200005,23.147212375000038],[89.32550980900004,23.146277333000057],[89.32365884100005,23.14735786700004],[89.32287830300004,23.146083133000047],[89.33322997200008,23.141019139000036],[89.34555336700004,23.14058638700004],[89.35691596400005,23.132953993000058],[89.36521783400008,23.134741158000054],[89.37105371200005,23.13815530100004],[89.37496571300005,23.137735017000068],[89.37822307100004,23.13557094300006],[89.38653777500008,23.138665137000032],[89.38637949500009,23.140244731000053],[89.38816768600003,23.139886974000035],[89.39052031800009,23.14187826700004],[89.39207612100006,23.140732566000054],[89.39375862100007,23.142766391000066],[89.39157623600005,23.143551193000064],[89.39266747000005,23.14470880300007],[89.39735156000006,23.14210777200003],[89.39889703800009,23.142923821000068],[89.39880941400008,23.140326495000068],[89.40137399800005,23.14061176100006],[89.40236618800003,23.138992404000078],[89.40849522400003,23.141875601000038],[89.41306831100007,23.14007140800004],[89.41929580000004,23.140360944000065],[89.42014296600007,23.14643595700005],[89.40882914300005,23.153432907000024],[89.40974066000007,23.158245274000024],[89.41504425500005,23.15853999500007],[89.41470487100008,23.16463150100003],[89.41294188200004,23.163349028000027],[89.41208097700007,23.16760996000005],[89.41803115400006,23.167579553000053],[89.41864517900007,23.169262523000043],[89.41599047900007,23.173991641000043],[89.41927944500009,23.175740397000027],[89.41976632400008,23.179660820000038],[89.42211158800006,23.180651219000026],[89.42190715700008,23.183816534000073],[89.42334531200004,23.18367276300006],[89.42078551000003,23.190726599000072],[89.42037622500004,23.197765735000075],[89.42232825400004,23.201510307000035],[89.42247788500003,23.20776618800005],[89.41966137700007,23.21855133500003],[89.42346891400007,23.216088052000032],[89.42019417500006,23.223964600000045],[89.42096945400004,23.224863414000026],[89.41912718300006,23.225828789000047],[89.41711911800007,23.224241156000062],[89.41775743600004,23.229742886000054],[89.42073875800008,23.23168130600004],[89.42642029200005,23.230779088000077],[89.42768836200008,23.233105742000077],[89.43097633900004,23.23207493800004],[89.43356386000005,23.233365270000036],[89.42612863000005,23.239056712000036],[89.42431186400006,23.243508948000056],[89.42257882000007,23.252256053000053],[89.42557494000005,23.258715976000076]]]}},{"type":"Feature","id":"jashore-chougachha","properties":{"canonical_id":"jashore-chougachha","name_en":"Chougachha","name_bn":"চৌগাছা","district_id":"jashore","division_id":"khulna","pcode":"BD-D-22-246","parent_pcode":"BD4041","source_name":"Chougachha","match_method":"exact_name_or_alias","boundary_reference_year":"2020","boundary_source":"geoBoundaries gbOpen BGD ADM3 / BBS, OCHA ROAP","source_dataset_updated":"2026-08-09"},"geometry":{"type":"Polygon","coordinates":[[[89.04134585500003,23.371883],[89.03431339000008,23.371279750000042],[89.03151990100008,23.374418109000032],[89.02703662700009,23.374374481000075],[89.02363739700007,23.373310084000025],[89.02458419600003,23.37090213700003],[89.02273620400007,23.371827694000046],[89.02234960900006,23.36976029400006],[89.02027968300007,23.369266382000035],[89.01490285400007,23.369230362000053],[89.01265187800004,23.367468448000068],[89.01695949100008,23.362814076000063],[89.02371162900005,23.36170925700003],[89.02669128400004,23.35591954000006],[89.03468049700007,23.354479826000045],[89.03348853900007,23.350427161000027],[89.01919579300005,23.34673159600004],[89.00951638400005,23.34014151300005],[89.00798022400005,23.340366062000044],[89.00753798900007,23.342165184000066],[89.00505865300005,23.341955822000045],[89.00463724100007,23.344112967000058],[88.98490069700006,23.342074269000022],[88.97960090300006,23.343507549000037],[88.97834843800007,23.340882883000063],[88.96537211400005,23.33036502500005],[88.96054471100007,23.32922155400007],[88.96155793100007,23.32316546100003],[88.96505545000008,23.320106386000077],[88.96542616800008,23.31469745100003],[88.96751536200009,23.31046103600005],[88.96653013400004,23.307806430000028],[88.96123075500003,23.30391072900005],[88.96205034300004,23.30269004300004],[88.96501652000006,23.30290722700005],[88.96396301500005,23.300874246000035],[88.96673483000006,23.298120789000052],[88.96580392500005,23.295408390000034],[88.96735832300004,23.29371042500003],[88.96514992600004,23.289214220000076],[88.96178956800009,23.288880405000043],[88.95945282200006,23.286386158000028],[88.95802555000006,23.286706924000043],[88.95762820700008,23.285075109000047],[88.95413098200004,23.286554558000034],[88.95272672700008,23.284556423000026],[88.94992298600005,23.286668140000074],[88.94684554000008,23.285264464000022],[88.94615071600003,23.286896308000053],[88.94440701800005,23.285414606000074],[88.93916438600007,23.287429536000047],[88.93872582500006,23.28563030500004],[88.93350165400005,23.287157998000055],[88.93221653100005,23.281064436000065],[88.92103952800005,23.27692240500005],[88.91563820000005,23.28023777100003],[88.89963989300009,23.27853506200006],[88.90054239500006,23.275374525000075],[88.90355359500006,23.278062308000074],[88.90944425600009,23.275760098000035],[88.90804308000008,23.274604976000035],[88.91111002400004,23.276390927000023],[88.91217408500006,23.27308974300007],[88.91558028200006,23.271353186000056],[88.91657138700003,23.268554435000055],[88.91425905300008,23.26164979300006],[88.91180806200003,23.263348922000034],[88.90852476900005,23.25879145700003],[88.90745230000005,23.261067989000026],[88.90556895300006,23.26032157900005],[88.90504846700009,23.25429242200005],[88.90695774600005,23.255107320000036],[88.90921426300008,23.253946014000064],[88.91285365400006,23.250894123000023],[88.91254973000008,23.249724620000052],[88.90739844600006,23.246159013000067],[88.89640769800008,23.247300384000027],[88.89049246700006,23.244763042000045],[88.89174798200008,23.240644812000028],[88.89036959800006,23.231103241000028],[88.89239612500006,23.232472890000054],[88.89488761600006,23.231043202000023],[88.89615192300005,23.23299310400006],[88.89861758400008,23.23189575300006],[88.90484663500007,23.23613406100003],[88.90515725700004,23.234332084000073],[88.90678354100004,23.23609684200005],[88.91092019200005,23.23462790800005],[88.91492378300006,23.22895730600004],[88.91479538100003,23.22377668400003],[88.91660421900008,23.222762241000055],[88.91387283000006,23.214980215000026],[88.91478605500004,23.21322525100004],[88.91753428800007,23.212474272000065],[88.92093206000004,23.21613437700006],[88.92118442900005,23.21810900500003],[88.91666902800006,23.219679734000067],[88.92302396700006,23.21817167100005],[88.92272834800008,23.216182496000044],[88.92479213200005,23.215836558000035],[88.92636668100005,23.21803760000006],[88.92694560600006,23.21680937600007],[88.93023575200004,23.216916883000067],[88.92856401600005,23.215053597000065],[88.92929219500007,23.211464056000068],[88.94221883500006,23.206358317000024],[88.94746186500004,23.206590851000044],[88.95256772300007,23.21133528000007],[88.96399872100005,23.214769623000052],[88.96467016300005,23.21739819900006],[88.96949048400006,23.220405463000077],[88.97061812600003,23.22267626200005],[88.97317321100007,23.222520501000076],[88.97783256400004,23.21461959100003],[88.97893690000006,23.215736870000057],[88.97418338700004,23.223389603000044],[88.97554483900007,23.224569470000063],[88.97834098300007,23.224109714000065],[88.98148774300006,23.221740357000044],[88.97960708800008,23.21562797400003],[88.98311522600005,23.22194207600006],[88.98881909900007,23.216482373000076],[88.99583584100003,23.215189061000046],[88.99494325600006,23.213534407000054],[88.99151231500008,23.212484834000065],[88.98484301700006,23.215715922000072],[88.97966923600006,23.212647419000064],[88.98038634400007,23.210142804000043],[88.98627211000007,23.20793445700008],[88.98748444600005,23.203044010000042],[88.99276528100006,23.203745441000024],[89.00148825000008,23.20971045500005],[89.01325256600006,23.210715036000067],[89.02144972400004,23.20826428500004],[89.03093399600004,23.200312965000023],[89.04033122100003,23.199437970000076],[89.05110612900006,23.190943958000048],[89.05305793000008,23.184686627000076],[89.04766354600008,23.181182802000023],[89.03197619800005,23.180541792000042],[89.03078107200008,23.178440611000042],[89.03614360400007,23.17224510400007],[89.04369103500005,23.173456868000073],[89.05364583200009,23.168599393000022],[89.05343656500008,23.17096520800004],[89.06173676000003,23.174045840000076],[89.06404212300004,23.177815379000037],[89.07551254400005,23.17497637500003],[89.08165751600006,23.18596142900003],[89.08896599600007,23.18711320500006],[89.09427078600004,23.194192008000073],[89.09589122300008,23.192926612000065],[89.09255699800008,23.188380436000045],[89.10109508600004,23.180243690000054],[89.10256275400008,23.180287630000066],[89.10252362600005,23.184048331000042],[89.10611631500007,23.185345750000067],[89.10819544100008,23.188686036000036],[89.11299868500004,23.190306296000074],[89.10971264800008,23.193300097000076],[89.11237989900008,23.201017102000037],[89.11108492800008,23.21125494000006],[89.11429402600004,23.211473453000053],[89.11614133100005,23.215092343000038],[89.11270860500008,23.22097463500006],[89.11443375400006,23.222797641000057],[89.11413022100004,23.224873410000043],[89.10851649900007,23.234597905000044],[89.10634462800004,23.234489035000024],[89.10441945200006,23.238697940000066],[89.10628587300005,23.24124726100007],[89.10320744000006,23.243814703000055],[89.10470242700006,23.247466704000033],[89.10810119400008,23.250205942000036],[89.10728990500007,23.25281341400006],[89.11247890900006,23.256861146000062],[89.11510462000007,23.258062605000077],[89.12001243500004,23.257031125000026],[89.12353186800004,23.26065082100007],[89.12954013300003,23.260794892000035],[89.13053147800008,23.27407363800006],[89.11637334800008,23.279186537000044],[89.10677225800003,23.285330127000066],[89.10814538300008,23.288868493000052],[89.10779845000008,23.295074623000062],[89.10474269300005,23.29817678200004],[89.10418744900005,23.295437353000068],[89.10117498300008,23.294583489000047],[89.09436125100007,23.301489081000057],[89.07969403200008,23.309445312000037],[89.07032926300008,23.309091989000024],[89.05885992000003,23.304733197000076],[89.04747414900004,23.293421464000062],[89.04343914600008,23.297517336000055],[89.05401376700007,23.30710832400007],[89.06486088400004,23.31269497900007],[89.06204282000004,23.327891953000062],[89.05440932100004,23.33189140500008],[89.05273773500005,23.33623543300007],[89.05594095200007,23.34248930800004],[89.05942122100004,23.342697671000053],[89.06095856600007,23.34547077800005],[89.06318268100006,23.344482081000024],[89.06684259400004,23.34541450300003],[89.07046232000005,23.352651714000046],[89.06853086900009,23.354095562000055],[89.06891179800004,23.355495575000077],[89.06571429400003,23.355544828000063],[89.06694969300008,23.359609387000035],[89.06481672400008,23.361998678000077],[89.06423881000006,23.36048570400004],[89.06152984100004,23.36086803300003],[89.05977807700003,23.359083241000064],[89.05589917200007,23.35989085800003],[89.05384247800004,23.356886503000055],[89.05361054300005,23.358724859000063],[89.05150597100004,23.357347683000057],[89.03971608900008,23.360350140000037],[89.04134585500003,23.371883]]]}},{"type":"Feature","id":"jashore-jhikargacha","properties":{"canonical_id":"jashore-jhikargacha","name_en":"Jhikargacha","name_bn":"ঝিকরগাছা","district_id":"jashore","division_id":"khulna","pcode":"BD-D-22-247","parent_pcode":"BD4041","source_name":"Jhikargacha","match_method":"exact_name_or_alias","boundary_reference_year":"2020","boundary_source":"geoBoundaries gbOpen BGD ADM3 / BBS, OCHA ROAP","source_dataset_updated":"2026-08-09"},"geometry":{"type":"Polygon","coordinates":[[[88.98748444600005,23.203044010000042],[88.98725756300007,23.202771004000056],[88.99410590000008,23.201532067000073],[88.99796119000007,23.19651493300006],[89.00430341500004,23.193441290000067],[89.00050782200003,23.186895873000026],[89.00280510300007,23.182445634000032],[89.00526393700005,23.170036029000073],[89.00179052000004,23.168164108000042],[89.00237921800004,23.166830481000034],[88.99887556700008,23.166208728000072],[88.99847019200007,23.16250965200004],[88.99498071500005,23.160578774000044],[88.99677689200007,23.154718047000074],[88.99390049800007,23.151979832000052],[88.99586619600007,23.149983792000057],[88.99232521200008,23.148212861000047],[88.99862600400007,23.140394834000062],[89.00557825400006,23.145945792000077],[89.01147161100005,23.139130641000065],[89.00743856600008,23.135634029000073],[89.00562923200005,23.13626223500006],[89.00483192000007,23.134414591000052],[89.00379774800007,23.13546541900007],[89.00179428900003,23.133577958000046],[89.00398946500007,23.131822614000043],[89.00281377600004,23.130344026000046],[89.00718675300004,23.121910486000047],[89.00726919200008,23.116677269000036],[89.00450726800005,23.11401053800006],[89.00920029900004,23.10507423400003],[88.99881858600008,23.10382998800003],[88.99494516000004,23.10038772100006],[88.99611186200008,23.09424348400006],[89.00595359600004,23.091308105000053],[88.99970033000005,23.086575121000067],[89.00162504300005,23.084530156000028],[88.99974869600004,23.082553722000057],[89.00219275600006,23.079702500000053],[88.99968348100003,23.071820470000034],[89.00151437800008,23.06290569400005],[89.00391382000004,23.05884943600006],[89.00489417500006,23.046569136000073],[89.00165956100005,23.041521025000065],[89.00446296300004,23.03502172700007],[89.00082029000004,23.030839283000034],[89.00369060700007,23.026743064000073],[89.00705803300008,23.02640744400003],[89.00851901800007,23.022375104000048],[89.00668271200004,23.017570126000066],[89.00238131200007,23.01481693900007],[88.99957475200006,23.005543688000046],[89.00225694500006,23.001997266000046],[89.00101640200006,22.999038621000068],[88.99635169600003,22.993515642000034],[88.99048824600004,22.995831931000055],[88.98743374400004,22.994453037000028],[88.99107385400004,22.988498970000023],[88.99144051300004,22.984366651000073],[88.98353070800005,22.97418215400006],[88.98840081100008,22.95727271000004],[88.98629657000004,22.949236081000038],[88.98962982300009,22.945447281000042],[88.99249382100004,22.944667799000058],[89.01459452600005,22.94669553700004],[89.02234667900007,22.938681271000064],[89.03526580200008,22.93011603100007],[89.04065305700004,22.937526707000075],[89.04017034100008,22.940591522000034],[89.04245890400006,22.94193089600003],[89.04555523000005,22.941263062000075],[89.04511848000004,22.93418104500006],[89.04977941200008,22.930256065000037],[89.05245023900005,22.93411094000004],[89.05747167400006,22.93592706000004],[89.06193185900008,22.933718441000053],[89.07162984800004,22.932740636000062],[89.07539618000004,22.937656123000068],[89.07889090700007,22.938474150000047],[89.08004932700004,22.942489727000066],[89.08742494800003,22.950949734000062],[89.09568226700009,22.954661506000036],[89.09304041200005,22.964137613000048],[89.10110796700008,22.962160769000036],[89.10958598200006,22.963428589000046],[89.11088811900004,22.965353107000055],[89.10846591800004,22.969538063000073],[89.10901301300004,22.971924667000053],[89.11158583100007,22.973104335000073],[89.11878991100008,22.972512812000048],[89.12095755400009,22.976398790000076],[89.11962579500005,22.988982553000028],[89.11345008800004,22.987900317000026],[89.10695545300007,22.991845038000065],[89.10272602500004,22.99170315200007],[89.07707897300008,22.976805956000078],[89.07217941200008,22.978982466000048],[89.06921986600008,22.989166427000043],[89.07011674900008,22.998973299000056],[89.07571805500004,23.008212660000027],[89.08965060200006,23.021413947000042],[89.09433307500007,23.029195954000045],[89.10198773600007,23.029687264000074],[89.10287076600008,23.030820234000032],[89.09515143200008,23.044981880000023],[89.09886484500004,23.050220590000038],[89.10734846600008,23.057248162000064],[89.11352815700008,23.066669039000033],[89.11518447200007,23.07825992100004],[89.11184196100004,23.08805741900005],[89.12164728200008,23.086641626000073],[89.12816728300004,23.089165696000066],[89.13670978100004,23.087067925000042],[89.14427077000005,23.090519491000066],[89.14765260200005,23.08443391700007],[89.15214920600005,23.08462748200003],[89.15512527100003,23.093008309000027],[89.15053608900007,23.09681807800007],[89.14910382300008,23.105196110000065],[89.15268434700005,23.11085291300003],[89.13976686600006,23.112574884000026],[89.13276129700006,23.115455782000026],[89.13100155400008,23.119930818000057],[89.12760075500006,23.12061716000005],[89.12803438900005,23.121991957000034],[89.13467610800006,23.12414048100004],[89.13939535000009,23.127479032000053],[89.13621423700005,23.131009782000035],[89.12411050800006,23.13079906100006],[89.12033324400005,23.134782879000056],[89.11764110100006,23.134433066000042],[89.11700138600008,23.13811366400006],[89.10945967700007,23.137557515000026],[89.10888740800004,23.14632832500007],[89.10637018400007,23.147604039000043],[89.10436106300006,23.155321701000048],[89.10541781700005,23.16024876700004],[89.10091482600006,23.16344041900004],[89.10220521900004,23.170906415000047],[89.10070314800004,23.172508462000053],[89.10109508600004,23.180243690000054],[89.09255699800008,23.188380436000045],[89.09589122300008,23.192926612000065],[89.09427078600004,23.194192008000073],[89.08896599600007,23.18711320500006],[89.08165751600006,23.18596142900003],[89.07551254400005,23.17497637500003],[89.06404212300004,23.177815379000037],[89.06173676000003,23.174045840000076],[89.05343656500008,23.17096520800004],[89.05364583200009,23.168599393000022],[89.04369103500005,23.173456868000073],[89.03614360400007,23.17224510400007],[89.03078107200008,23.178440611000042],[89.03197619800005,23.180541792000042],[89.04766354600008,23.181182802000023],[89.05305793000008,23.184686627000076],[89.05110612900006,23.190943958000048],[89.04033122100003,23.199437970000076],[89.03093399600004,23.200312965000023],[89.02144972400004,23.20826428500004],[89.01325256600006,23.210715036000067],[89.00148825000008,23.20971045500005],[88.99276528100006,23.203745441000024],[88.98748444600005,23.203044010000042]]]}},{"type":"Feature","id":"jashore-keshabpur","properties":{"canonical_id":"jashore-keshabpur","name_en":"Keshabpur","name_bn":"কেশবপুর","district_id":"jashore","division_id":"khulna","pcode":"BD-D-22-248","parent_pcode":"BD4041","source_name":"Keshabpur","match_method":"exact_name_or_alias","boundary_reference_year":"2020","boundary_source":"geoBoundaries gbOpen BGD ADM3 / BBS, OCHA ROAP","source_dataset_updated":"2026-08-09"},"geometry":{"type":"Polygon","coordinates":[[[89.34121347900003,22.920575772000063],[89.33211492800007,22.92066592900005],[89.32819762300005,22.916736911000044],[89.31861872600007,22.920798296000044],[89.30828099200005,22.921027990000027],[89.30724334200005,22.924025294000046],[89.30355283400007,22.926288890000023],[89.30426463900005,22.92923286200005],[89.30154047300005,22.928441793000047],[89.30087243700007,22.929511537000053],[89.30392211300006,22.931196068000077],[89.30642853000006,22.929215794000072],[89.30789392400004,22.930935099000067],[89.30974105600006,22.929922395000062],[89.31137566300004,22.93314529400004],[89.29519034900005,22.933656331000066],[89.29451960800003,22.93229160800007],[89.28655123000004,22.935129092000068],[89.28580886400005,22.933315180000022],[89.28201674200005,22.93213619100004],[89.28112649200006,22.93687510500007],[89.27914852900005,22.938134155000057],[89.27985869600008,22.943141145000027],[89.27856392500007,22.94412213100003],[89.25432309900003,22.941293949000055],[89.25286648200006,22.939191996000034],[89.24831374300004,22.940171475000056],[89.24416722300003,22.943291327000054],[89.24188965800005,22.942994228000032],[89.24172342900005,22.93973250700003],[89.24616674800006,22.934354736000046],[89.24524615800004,22.93317832300005],[89.24161542600007,22.933897213000023],[89.24142987800008,22.93169847300004],[89.23896253000004,22.934749430000068],[89.23347936800008,22.937626038000076],[89.23077458800003,22.938199535000024],[89.22974009000006,22.936112971000057],[89.22651573100006,22.936946961000046],[89.22821663100007,22.940396819000057],[89.22361830100004,22.94564740900006],[89.22054803900005,22.94475502800003],[89.21896668100004,22.94158513800005],[89.21252938300006,22.93588399400005],[89.20396238000006,22.93961704900005],[89.19548380500004,22.934960708000062],[89.19046985700004,22.934072005000075],[89.19063419300005,22.93559884900003],[89.18924620800004,22.93571201700007],[89.18608107300008,22.933332007000047],[89.17393831200008,22.93595150300007],[89.17180494600007,22.93098638500004],[89.16830784200005,22.928541067000026],[89.16246740700007,22.932233625000038],[89.16189407500008,22.93591094800007],[89.15998129200005,22.935326119000024],[89.15940343000005,22.937897441000075],[89.15776436000004,22.92897778100007],[89.15445066600006,22.92948690000003],[89.15228947000008,22.933335816000067],[89.14765515800008,22.932425211000066],[89.14953299300004,22.926437433000046],[89.14748050800006,22.924540242000035],[89.15034690300007,22.92249045500006],[89.14810813400004,22.920712527000035],[89.13007153900008,22.920381027000076],[89.14135299900005,22.899390650000043],[89.14047842500008,22.891527276000033],[89.13834293300005,22.890428376000045],[89.13610526900004,22.89127774800005],[89.13402384100004,22.893812577000062],[89.11733514400004,22.90387995800006],[89.11198814500005,22.897314318000042],[89.11035638800007,22.891596978000052],[89.11170620100006,22.887877896000077],[89.12466173900003,22.877296557000022],[89.12817007400008,22.872644672000035],[89.12892721100008,22.867844990000037],[89.12283060200008,22.853424847000042],[89.12320651900006,22.848997951000058],[89.12707599700008,22.838517830000058],[89.13675533500003,22.82772987000004],[89.14515432300004,22.826730153000028],[89.14574154100006,22.834961245000045],[89.14771700500006,22.836004978000062],[89.15424341400006,22.83201330000003],[89.15778253000008,22.827345603000026],[89.15896374100004,22.815206355000043],[89.15742975400008,22.810737338000024],[89.15312807500004,22.808102863000045],[89.14393366200005,22.806630489000042],[89.14173210300004,22.80369223200006],[89.14398762200005,22.797844737000048],[89.14914385600008,22.79526121400005],[89.16320227300008,22.80226029100004],[89.16829082500004,22.816768617000037],[89.17206095100005,22.820182987000067],[89.17504863500005,22.818848037000066],[89.17875654400007,22.812616862000027],[89.18056037500008,22.812310835000062],[89.18190540500007,22.81576471300008],[89.18635361300005,22.815962782000042],[89.19042532300006,22.81247641500005],[89.19681920300008,22.811007006000068],[89.20145849800008,22.81240899200003],[89.20660656600006,22.818251185000065],[89.21147344700006,22.817525873000022],[89.21449493300008,22.821373099000027],[89.21784006600006,22.820676219000063],[89.21986689400006,22.82271127100006],[89.22397056100004,22.821428559000026],[89.22767020700007,22.82524892300006],[89.23241019200003,22.824969502000044],[89.23359832300008,22.827004857000077],[89.23144393300004,22.830394047000027],[89.23479609200007,22.83173466900007],[89.23584621500004,22.833904279000024],[89.24674362300004,22.835644822000063],[89.24740220500007,22.839881664000075],[89.24948509600006,22.841433906000077],[89.25105586700005,22.845913843000062],[89.25407742300007,22.846380814000042],[89.25525520800005,22.848003263000066],[89.25847725000006,22.844198404000053],[89.26668590000008,22.841263939000044],[89.26875169600004,22.844464410000057],[89.26708263700004,22.846513479000066],[89.26687560300007,22.851612316000057],[89.27337153800005,22.85069079300007],[89.27658372000008,22.853159626000036],[89.28511507900004,22.849530125000058],[89.28860843200005,22.86221314100004],[89.29222307200007,22.86071789300007],[89.29666179300006,22.85391411300003],[89.30963862900006,22.85241381900005],[89.30438998900007,22.847554243000047],[89.29593618200005,22.846651587000053],[89.29627795700009,22.84279591300003],[89.32890750100006,22.837912579000033],[89.32919213100007,22.832161276000022],[89.32187449900005,22.830258712000045],[89.32234809500005,22.827790692000065],[89.32855017400004,22.827313910000044],[89.34799881000004,22.830744915000025],[89.35273105600004,22.834620307000023],[89.35344599400008,22.836972435000064],[89.35151985700008,22.83943859900006],[89.35134328000004,22.843920652000065],[89.35297561700008,22.848721715000067],[89.35058737000008,22.85340478200004],[89.35676499400006,22.857191665000073],[89.35740079600004,22.86293770800006],[89.34484863500006,22.867869497000072],[89.34704959600003,22.87448919600007],[89.35231101100004,22.873597782000047],[89.35525567600007,22.876432074000036],[89.35599088900005,22.88474282900006],[89.35104450800009,22.889134330000047],[89.35224232500008,22.894624085000032],[89.34756515300006,22.902448057000072],[89.34608656900008,22.90801096000007],[89.33936971700007,22.909522770000024],[89.34121347900003,22.920575772000063]]]}},{"type":"Feature","id":"jashore-manirampur","properties":{"canonical_id":"jashore-manirampur","name_en":"Manirampur","name_bn":"মণিরামপুর","district_id":"jashore","division_id":"khulna","pcode":"BD-D-22-243","parent_pcode":"BD4041","source_name":"Manirampur","match_method":"exact_name_or_alias","boundary_reference_year":"2020","boundary_source":"geoBoundaries gbOpen BGD ADM3 / BBS, OCHA ROAP","source_dataset_updated":"2026-08-09"},"geometry":{"type":"Polygon","coordinates":[[[89.30593793600008,23.092179990000034],[89.30319027900003,23.089158785000052],[89.30121998000004,23.089657619000036],[89.29765165400005,23.086649059000024],[89.29393053800004,23.08803934900004],[89.29000534600004,23.092425871000046],[89.28086505700009,23.094069713000067],[89.27804938700007,23.091371266000067],[89.27904550600005,23.09408061000005],[89.27542825900008,23.09537495400008],[89.27689838300006,23.098569746000067],[89.27370820500005,23.104686749000052],[89.26758535200008,23.106812799000068],[89.26008774100006,23.100214876000052],[89.26064192400008,23.095857976000048],[89.25826941800005,23.096708358000058],[89.25118161600005,23.09414174400007],[89.24821677400007,23.094781973000067],[89.24557563800005,23.091872083000055],[89.23364800300004,23.09274051400007],[89.23339465100008,23.08748611200008],[89.22844709500004,23.088580399000023],[89.22842799300008,23.090536481000072],[89.22387077000008,23.08643638500007],[89.22023823200004,23.086153152000065],[89.21724296700006,23.079144659000065],[89.21062056200003,23.071101270000042],[89.20990702900008,23.076370060000045],[89.20482843600007,23.07804952600003],[89.20836198000006,23.08373311500003],[89.20852201600007,23.087769895000065],[89.20561688900005,23.089093296000044],[89.20333318700006,23.092649750000078],[89.19860673100004,23.090658377000068],[89.19987898000005,23.093406283000036],[89.19754307700003,23.095387291000065],[89.18504266000008,23.093091601000026],[89.18298711100005,23.08752807600007],[89.18124938300008,23.089714042000026],[89.17852558900006,23.08961747400008],[89.17882883400006,23.091733283000053],[89.17735251900007,23.090954990000057],[89.17438261000007,23.092684507000058],[89.17532941700006,23.096681937000028],[89.17076907400008,23.096757411000056],[89.17146815300003,23.095360439000046],[89.16891115400006,23.094471388000045],[89.16919718400004,23.092416248000063],[89.16747808100007,23.092473810000058],[89.16801686500008,23.094515793000028],[89.16623213300005,23.095314810000048],[89.16461822600007,23.090936123000063],[89.15214920600005,23.08462748200003],[89.14765260200005,23.08443391700007],[89.14427077000005,23.090519491000066],[89.13670978100004,23.087067925000042],[89.12816728300004,23.089165696000066],[89.12164728200008,23.086641626000073],[89.11184196100004,23.08805741900005],[89.11518447200007,23.07825992100004],[89.11352815700008,23.066669039000033],[89.10734846600008,23.057248162000064],[89.09886484500004,23.050220590000038],[89.09515143200008,23.044981880000023],[89.10287076600008,23.030820234000032],[89.10198773600007,23.029687264000074],[89.09433307500007,23.029195954000045],[89.08965060200006,23.021413947000042],[89.07571805500004,23.008212660000027],[89.07011674900008,22.998973299000056],[89.06921986600008,22.989166427000043],[89.07217941200008,22.978982466000048],[89.07707897300008,22.976805956000078],[89.10272602500004,22.99170315200007],[89.10695545300007,22.991845038000065],[89.11345008800004,22.987900317000026],[89.11962579500005,22.988982553000028],[89.12095755400009,22.976398790000076],[89.11878991100008,22.972512812000048],[89.11158583100007,22.973104335000073],[89.10901301300004,22.971924667000053],[89.10846591800004,22.969538063000073],[89.11088811900004,22.965353107000055],[89.10958598200006,22.963428589000046],[89.10110796700008,22.962160769000036],[89.09304041200005,22.964137613000048],[89.09568226700009,22.954661506000036],[89.08742494800003,22.950949734000062],[89.08004932700004,22.942489727000066],[89.07889090700007,22.938474150000047],[89.08063197000007,22.933883172000037],[89.08542816700003,22.929452628000035],[89.09681580200004,22.923059917000046],[89.10155055000007,22.922728285000062],[89.10683234700008,22.92615160500003],[89.10757504200006,22.930798094000068],[89.10075937100004,22.938388979000024],[89.11101391800008,22.94400419300007],[89.11473558600005,22.94401257800007],[89.11447269000007,22.941883881000024],[89.10944646000007,22.937521126000036],[89.11157883300007,22.933192235000035],[89.11712301300008,22.929387028000065],[89.12506241100004,22.92824880300003],[89.13007153900008,22.920381027000076],[89.14810813400004,22.920712527000035],[89.15034690300007,22.92249045500006],[89.14748050800006,22.924540242000035],[89.14953299300004,22.926437433000046],[89.14765515800008,22.932425211000066],[89.15228947000008,22.933335816000067],[89.15445066600006,22.92948690000003],[89.15776436000004,22.92897778100007],[89.15940343000005,22.937897441000075],[89.15998129200005,22.935326119000024],[89.16189407500008,22.93591094800007],[89.16246740700007,22.932233625000038],[89.16830784200005,22.928541067000026],[89.17180494600007,22.93098638500004],[89.17393831200008,22.93595150300007],[89.18608107300008,22.933332007000047],[89.18924620800004,22.93571201700007],[89.19063419300005,22.93559884900003],[89.19046985700004,22.934072005000075],[89.19548380500004,22.934960708000062],[89.20396238000006,22.93961704900005],[89.21252938300006,22.93588399400005],[89.21896668100004,22.94158513800005],[89.22054803900005,22.94475502800003],[89.22361830100004,22.94564740900006],[89.22821663100007,22.940396819000057],[89.22651573100006,22.936946961000046],[89.22974009000006,22.936112971000057],[89.23077458800003,22.938199535000024],[89.23347936800008,22.937626038000076],[89.23896253000004,22.934749430000068],[89.24142987800008,22.93169847300004],[89.24161542600007,22.933897213000023],[89.24524615800004,22.93317832300005],[89.24616674800006,22.934354736000046],[89.24172342900005,22.93973250700003],[89.24188965800005,22.942994228000032],[89.24416722300003,22.943291327000054],[89.24831374300004,22.940171475000056],[89.25286648200006,22.939191996000034],[89.25432309900003,22.941293949000055],[89.27856392500007,22.94412213100003],[89.27985869600008,22.943141145000027],[89.27914852900005,22.938134155000057],[89.28112649200006,22.93687510500007],[89.28201674200005,22.93213619100004],[89.28580886400005,22.933315180000022],[89.28655123000004,22.935129092000068],[89.29451960800003,22.93229160800007],[89.29519034900005,22.933656331000066],[89.31137566300004,22.93314529400004],[89.30974105600006,22.929922395000062],[89.30789392400004,22.930935099000067],[89.30642853000006,22.929215794000072],[89.30392211300006,22.931196068000077],[89.30087243700007,22.929511537000053],[89.30154047300005,22.928441793000047],[89.30426463900005,22.92923286200005],[89.30355283400007,22.926288890000023],[89.30724334200005,22.924025294000046],[89.30828099200005,22.921027990000027],[89.31861872600007,22.920798296000044],[89.32819762300005,22.916736911000044],[89.33211492800007,22.92066592900005],[89.34121347900003,22.920575772000063],[89.35852108700004,22.922973239000044],[89.35427420800005,22.931051472000036],[89.35392146900006,22.934868257000062],[89.35565381000004,22.93783197500005],[89.36133593900007,22.938208365000037],[89.35974644300006,22.941718697000056],[89.36020318600004,22.94700100400007],[89.36356051600006,22.949690024000063],[89.36788178400008,22.965699991000065],[89.35547272400004,22.984284867000042],[89.35652007400006,23.013927374000048],[89.35601194400004,23.01516397200004],[89.34892401100007,23.01595699300003],[89.34532565800004,23.00998651900005],[89.33952145200004,23.010717808000038],[89.33700283900004,22.99962141700007],[89.33917972100005,22.99535051600003],[89.33650642900005,22.992133718000048],[89.33349990500005,22.991237548000072],[89.33636746200006,22.99455288000007],[89.33542181700005,22.997318691000032],[89.33722370000004,23.02363454500005],[89.33138783200008,23.025774547000026],[89.33188671400006,23.028696027000024],[89.32814915700004,23.029857323000044],[89.33174157400003,23.040008752000062],[89.32635507400005,23.045100862000027],[89.32652596800006,23.052874513000063],[89.32157369500004,23.055909324000027],[89.31763526300006,23.056207966000045],[89.31867953000005,23.06158372300007],[89.31657053700008,23.064265324000075],[89.31739373000005,23.06581239700006],[89.31648688000007,23.067480145000047],[89.31362176800008,23.067936314000065],[89.31443039900006,23.070247190000032],[89.31802022600004,23.068740664000075],[89.31979031900005,23.069823219000057],[89.31362904800005,23.076903281000057],[89.31346770200008,23.079537952000067],[89.31069907000006,23.081544766000036],[89.31325835000007,23.086636960000078],[89.30789167700004,23.088960976000067],[89.30593793600008,23.092179990000034]]]}},{"type":"Feature","id":"jashore-sharsha","properties":{"canonical_id":"jashore-sharsha","name_en":"Sharsha","name_bn":"শার্শা","district_id":"jashore","division_id":"khulna","pcode":"BD-D-22-250","parent_pcode":"BD4041","source_name":"Sharsha","match_method":"exact_name_or_alias","boundary_reference_year":"2020","boundary_source":"geoBoundaries gbOpen BGD ADM3 / BBS, OCHA ROAP","source_dataset_updated":"2026-08-09"},"geometry":{"type":"Polygon","coordinates":[[[88.98725756300007,23.202771004000056],[88.98476175600007,23.201649],[88.98530234200007,23.199967],[88.98004858700006,23.19385581000006],[88.98144588100007,23.192626226000073],[88.97819839900006,23.188647727000046],[88.97828119000008,23.187023817000068],[88.97956426600007,23.18707121500006],[88.97871351400005,23.18670235700006],[88.97871599300004,23.183489010000073],[88.98036462200008,23.18265727800008],[88.97860602400004,23.18309118600007],[88.97820112600004,23.183919451000065],[88.97602048100003,23.181975498000043],[88.97530138700006,23.192490964000058],[88.96179801800008,23.193221106000067],[88.96122457400008,23.191292886000042],[88.95826974600004,23.18975721100003],[88.95715281400004,23.18217353700004],[88.95095305500007,23.182260319000022],[88.95094951300007,23.18119223000008],[88.94617520100007,23.180703857000026],[88.94349438000006,23.177960040000073],[88.94413165000003,23.176323620000062],[88.93901124200005,23.176917530000026],[88.93771053100005,23.17276273300007],[88.93528229400005,23.172496548000026],[88.93345697000007,23.168766558000073],[88.93265306700005,23.165565584000035],[88.93409746700007,23.164690646000054],[88.93401435800007,23.161915030000046],[88.92783716400004,23.16317659200007],[88.93012626300003,23.162429237000026],[88.92805742100006,23.16275345400004],[88.92780697600006,23.160860567000043],[88.93114117000005,23.16008824100004],[88.93055101700008,23.157826465000028],[88.93227271200004,23.156221446000075],[88.93081580800003,23.14332559500008],[88.92324245600008,23.145256649000032],[88.92075828300005,23.143285802000037],[88.91787201400007,23.12921800600003],[88.91026671100008,23.129900500000076],[88.91022502400006,23.127622599000063],[88.90589795700004,23.125218680000046],[88.905692,23.122021537000023],[88.90402294400008,23.118838045000075],[88.90274233000008,23.119037072000026],[88.89976993100004,23.11219331600006],[88.89600535100004,23.111282808000055],[88.89162575900008,23.10781845400004],[88.88298459100008,23.11123896500004],[88.88127074300007,23.109171635000052],[88.88356727100006,23.104679271000066],[88.87919379400006,23.105012031000058],[88.87801126800008,23.103260024000065],[88.87714812600007,23.10444552900003],[88.87518031500008,23.102520320000053],[88.86838534900005,23.101176039000052],[88.87003013700007,23.097875026000054],[88.86902515000008,23.09748909500007],[88.87344299200004,23.095665307000047],[88.87458915800005,23.08992064800003],[88.87065519500004,23.089007413000047],[88.87157023700007,23.086879230000022],[88.87024760900005,23.08611340500005],[88.86616747500005,23.08622444100007],[88.86596755800008,23.081910098000037],[88.86363152000007,23.079593874000068],[88.86529063000006,23.07753539600003],[88.86129917200003,23.078877488000046],[88.86098910500004,23.077446289000022],[88.86766804200005,23.073346608000065],[88.86816261000007,23.07183764900003],[88.86693447500005,23.072979197000052],[88.86673363300008,23.071583953000072],[88.86945845600007,23.06777353800004],[88.87378462100008,23.066256502000044],[88.87323177400003,23.06219410800003],[88.87502755200006,23.06172532200003],[88.87494681200008,23.04442318200006],[88.87992174900006,23.04115672200004],[88.88408762600005,23.040551786000037],[88.88442441500007,23.03716655200003],[88.88214149700008,23.03712193000007],[88.88004403600007,23.031987576000063],[88.88088776100005,23.02549141000003],[88.87900718200007,23.02603772200007],[88.87962860000005,23.02463403400003],[88.87806477800007,23.024271352000028],[88.87848311000005,23.02611543100005],[88.87721050300007,23.026189464000026],[88.87688064100007,23.022909869000046],[88.87473972400005,23.022075552000047],[88.87223242500005,23.01769098500006],[88.87451191500008,23.014426934000028],[88.87429936500007,23.010174006000057],[88.87842851100004,23.010054620000062],[88.88017625600008,23.00847353300003],[88.87786378200008,23.003402772000072],[88.86816910300007,23.006022276000067],[88.85742372000004,23.00645412500006],[88.84711542400004,23.011039444000062],[88.84497380500005,23.01054335500004],[88.84563381800007,23.00767342100005],[88.85204714300005,23.00209214800003],[88.86050519000008,23.002870165000047],[88.86558307900003,23.000383018000036],[88.86394914100003,22.994801288000076],[88.86487999500008,22.986472504000062],[88.86732093300003,22.981439718000047],[88.87107629700006,22.978746115000035],[88.86633147000003,22.974743640000042],[88.85846310900007,22.971484774000032],[88.85698134800003,22.96884065000006],[88.85498037800005,22.959133258000065],[88.85889516000003,22.943754520000027],[88.86075661800004,22.94239854500006],[88.86205767200005,22.945561608000048],[88.86885473900008,22.95158310100004],[88.87584727100005,22.948535630000038],[88.87951590300008,22.95426842100005],[88.89406154200003,22.952484947000073],[88.89241054300004,22.94607830600006],[88.89290229300008,22.937965946000077],[88.88688359100007,22.933736904000057],[88.89059638800006,22.92741078000006],[88.90575293800003,22.92243281700007],[88.90858508300005,22.919159680000064],[88.91862423700007,22.924727904000065],[88.91946474200006,22.92206904300008],[88.91577487700005,22.916321253000035],[88.91780283700007,22.915308767000056],[88.91803266300008,22.91318769700007],[88.92474723600003,22.914754704000075],[88.92898483800008,22.91990646000005],[88.93134021600008,22.917781621000074],[88.92913892700005,22.91615731400003],[88.93415191400004,22.914145165000036],[88.93633238700005,22.915317075000075],[88.93596070300003,22.91195222600004],[88.93910070600003,22.914881704000038],[88.94186823700005,22.912465330000032],[88.94513608800008,22.917831508000063],[88.94426596800008,22.91993652000008],[88.94882155800008,22.922303346000035],[88.95256104100008,22.917996381000023],[88.95617921700006,22.91700460100003],[88.95436022500007,22.914641913000025],[88.95544646700006,22.913414984000042],[88.96078690300004,22.915472746000034],[88.96313923500009,22.919122603000062],[88.97019124400003,22.92127477400004],[88.97426471800009,22.916266026000073],[88.97563644600007,22.922075504000077],[88.98233820100006,22.921273479000035],[88.99199568100005,22.916067352000027],[88.99112530900004,22.91921026400007],[88.98836145200005,22.920036104000076],[88.98903258500007,22.92149689000007],[88.99198186100006,22.922014127000068],[88.98915946400007,22.927519069000027],[88.99096619900007,22.932999249000034],[88.98531997100008,22.940454110000076],[88.98962982300009,22.945447281000042],[88.98629657000004,22.949236081000038],[88.98840081100008,22.95727271000004],[88.98353070800005,22.97418215400006],[88.99144051300004,22.984366651000073],[88.99107385400004,22.988498970000023],[88.98743374400004,22.994453037000028],[88.99048824600004,22.995831931000055],[88.99635169600003,22.993515642000034],[89.00101640200006,22.999038621000068],[89.00225694500006,23.001997266000046],[88.99957475200006,23.005543688000046],[89.00238131200007,23.01481693900007],[89.00668271200004,23.017570126000066],[89.00851901800007,23.022375104000048],[89.00705803300008,23.02640744400003],[89.00369060700007,23.026743064000073],[89.00082029000004,23.030839283000034],[89.00446296300004,23.03502172700007],[89.00165956100005,23.041521025000065],[89.00489417500006,23.046569136000073],[89.00391382000004,23.05884943600006],[89.00151437800008,23.06290569400005],[88.99968348100003,23.071820470000034],[89.00219275600006,23.079702500000053],[88.99974869600004,23.082553722000057],[89.00162504300005,23.084530156000028],[88.99970033000005,23.086575121000067],[89.00595359600004,23.091308105000053],[88.99611186200008,23.09424348400006],[88.99494516000004,23.10038772100006],[88.99881858600008,23.10382998800003],[89.00920029900004,23.10507423400003],[89.00450726800005,23.11401053800006],[89.00726919200008,23.116677269000036],[89.00718675300004,23.121910486000047],[89.00281377600004,23.130344026000046],[89.00398946500007,23.131822614000043],[89.00179428900003,23.133577958000046],[89.00379774800007,23.13546541900007],[89.00483192000007,23.134414591000052],[89.00562923200005,23.13626223500006],[89.00743856600008,23.135634029000073],[89.01147161100005,23.139130641000065],[89.00557825400006,23.145945792000077],[88.99862600400007,23.140394834000062],[88.99232521200008,23.148212861000047],[88.99586619600007,23.149983792000057],[88.99390049800007,23.151979832000052],[88.99677689200007,23.154718047000074],[88.99498071500005,23.160578774000044],[88.99847019200007,23.16250965200004],[88.99887556700008,23.166208728000072],[89.00237921800004,23.166830481000034],[89.00179052000004,23.168164108000042],[89.00526393700005,23.170036029000073],[89.00280510300007,23.182445634000032],[89.00050782200003,23.186895873000026],[89.00430341500004,23.193441290000067],[88.99796119000007,23.19651493300006],[88.99410590000008,23.201532067000073],[88.98725756300007,23.202771004000056]]]}},{"type":"Feature","id":"jhenaidah-harinakundu","properties":{"canonical_id":"jhenaidah-harinakundu","name_en":"Harinakundu","name_bn":"হরিণাকুন্ডু","district_id":"jhenaidah","division_id":"khulna","pcode":"BD-D-23-298","parent_pcode":"BD4044","source_name":"Harinakundu","match_method":"exact_name_or_alias","boundary_reference_year":"2020","boundary_source":"geoBoundaries gbOpen BGD ADM3 / BBS, OCHA ROAP","source_dataset_updated":"2026-08-09"},"geometry":{"type":"Polygon","coordinates":[[[89.00686594600006,23.621529691000035],[89.00346466000008,23.603240904000074],[88.98847835000004,23.58817931300007],[88.98439999500005,23.58142452000004],[88.98327065500007,23.573904866000078],[88.98690966800007,23.572430464000035],[88.98764065000006,23.570585381000058],[88.98931614900005,23.57103263700003],[88.99082664300005,23.57560299900007],[88.99290423100007,23.577261411000052],[89.00375370200004,23.580257123000024],[89.00729124400004,23.57891481300004],[89.01416694000005,23.56845499600007],[89.03079671300009,23.567130263000024],[89.03116113600004,23.580520747000037],[89.03352860600006,23.581482718000075],[89.04018299200004,23.59353367400007],[89.04496210500008,23.596085877000064],[89.04675677900008,23.59537321600004],[89.04668688200007,23.593433170000026],[89.03744459700005,23.584019046000037],[89.03632075500008,23.57750961800008],[89.04687053300006,23.574620089000064],[89.04790398700004,23.57207657500004],[89.05033965300004,23.571345205000057],[89.05294467600004,23.58256023100006],[89.05628723200005,23.587145686000042],[89.05953211200006,23.589096520000055],[89.06915069900003,23.59025353900006],[89.07288191900005,23.589672402000076],[89.08815343900005,23.57626945100003],[89.09937912100008,23.583482118000063],[89.09439880100007,23.57521082900007],[89.09451121400008,23.570473024000023],[89.10407746300007,23.572655518000033],[89.10877039000007,23.57109058900005],[89.10856113900007,23.569428045000052],[89.10378164300005,23.567062372000066],[89.10284280600007,23.563818381000033],[89.11020523900004,23.557189898000047],[89.10977540700009,23.549318752000033],[89.11895871100006,23.548272504000067],[89.12327267500007,23.551342977000047],[89.12302694800007,23.574940904000073],[89.12514807200006,23.575600913000073],[89.12802743700007,23.57403477500003],[89.12572255800006,23.560565057000076],[89.12969540100005,23.55568005400005],[89.13251683100003,23.555028567000022],[89.13841992000005,23.558647723000036],[89.14546592500005,23.56654743000007],[89.14757552200007,23.570510026000022],[89.14475116600005,23.572611993000066],[89.14407123900008,23.577874004000023],[89.14647165400004,23.580262667000056],[89.15008420400005,23.578665709000063],[89.15443260200004,23.589630783000075],[89.15932156200006,23.58984868700003],[89.16804697600008,23.584883924000053],[89.17043421300008,23.585805554000046],[89.17088842900006,23.575705456000037],[89.17528825500005,23.572919846000048],[89.17870855200005,23.58771805500004],[89.17222168900008,23.590412478000076],[89.16682856900007,23.598535191000053],[89.16887750000006,23.602922827000043],[89.17903295900004,23.611322593000068],[89.17160259500008,23.605990263000024],[89.16150226600007,23.608904804000076],[89.16080701900006,23.609953294000036],[89.16255884200007,23.61221063200003],[89.16122944500006,23.61452133100005],[89.15773361600003,23.613200642000038],[89.15414789200008,23.613918394000052],[89.15409585100008,23.623122420000072],[89.14635291600007,23.62822268000008],[89.14371630700003,23.63206598900007],[89.14304028100008,23.634968335000053],[89.14661298700008,23.640326005000077],[89.14978273100007,23.650004938000052],[89.14203817800006,23.64770369000007],[89.13206322300005,23.650121265000053],[89.12688531800006,23.653364620000048],[89.12164531600007,23.66146329000003],[89.11071246600005,23.663267184000063],[89.10760456100007,23.666669627000033],[89.10732328200004,23.671042318000048],[89.11351059800006,23.677695481000057],[89.11292076200004,23.67935963900004],[89.11939204000004,23.681516827000053],[89.12186680300005,23.684082986000078],[89.12167618800004,23.68857250600007],[89.11846323800006,23.693828369000073],[89.11449653700004,23.69936943400006],[89.11176703000007,23.708564711000065],[89.11330733200003,23.71596112700007],[89.11846159600003,23.725094799000033],[89.11866173500005,23.72979933000005],[89.11639312200003,23.734148814000037],[89.11103106900003,23.73501224100005],[89.10512085400006,23.727420117000065],[89.10064357600004,23.725367607000067],[89.09823338800004,23.726202010000065],[89.09675863100006,23.72795688700006],[89.09467520600003,23.74156877000007],[89.08401791600005,23.743607030000078],[89.08284197300009,23.744887663000043],[89.08275191700005,23.75804994600003],[89.06873809100006,23.756243856000026],[89.07061904300008,23.768031562000033],[89.06886237000003,23.77157387500006],[89.06370284900004,23.77143938100005],[89.05670614900004,23.767972057000065],[89.05197198000008,23.76227336000005],[89.05172213200007,23.758622978000062],[89.05391225500006,23.753652540000076],[89.05931237600004,23.747726759000045],[89.06459517400003,23.73424435800007],[89.07397319100005,23.729732373000047],[89.07558487900008,23.726690932000054],[89.05989257300007,23.718870150000043],[89.05402460700003,23.72123515800007],[89.04723695400008,23.72791544200004],[89.04349974900003,23.727670528000033],[89.03741189000004,23.72298137100006],[89.03814928000008,23.720668732000036],[89.04541232300005,23.71859575600007],[89.05197091200006,23.71454183700007],[89.04284850200008,23.69861163400003],[89.03744841000008,23.692182470000034],[89.03091880400007,23.692240524000056],[89.02479021900007,23.69558220600004],[89.01902349100004,23.70197529400008],[89.01726061300008,23.70874473600003],[89.01295976400007,23.708737685000074],[89.01083419500009,23.707043635000048],[89.00693340500004,23.69188758200005],[89.00797237300009,23.68840232200006],[89.00648392900007,23.681010971000035],[89.00786855200005,23.680196258000024],[89.00828498200008,23.67610243100006],[89.00608290500008,23.66883802500007],[89.01192665600007,23.65598865800007],[89.00869007900008,23.641148417000068],[89.00518556400004,23.642681148000065],[89.00404715000008,23.641781381000044],[89.00865816800007,23.635418624000067],[89.01045132700006,23.626973419000024],[89.00686594600006,23.621529691000035]]]}},{"type":"Feature","id":"jhenaidah-jhenaidah-sadar","properties":{"canonical_id":"jhenaidah-jhenaidah-sadar","name_en":"Jhenaidah Sadar","name_bn":"ঝিনাইদহ সদর","district_id":"jhenaidah","division_id":"khulna","pcode":"BD-D-23-296","parent_pcode":"BD4044","source_name":"Jhenaidah Sadar","match_method":"exact_name_or_alias","boundary_reference_year":"2020","boundary_source":"geoBoundaries gbOpen BGD ADM3 / BBS, OCHA ROAP","source_dataset_updated":"2026-08-09"},"geometry":{"type":"Polygon","coordinates":[[[88.94030198200005,23.542817058000026],[88.94416445700006,23.539412347000052],[88.94727167500008,23.54395045700005],[88.94957254100007,23.54450114800005],[88.95857742500004,23.53781318600005],[88.96977044200008,23.532890234000035],[88.97279257700006,23.528336111000044],[88.97244817600006,23.51777326000007],[88.97939748700009,23.514831652000055],[88.97994057800008,23.50682951300007],[88.98177161400008,23.50397610600004],[88.98397458900007,23.504252417000032],[88.98693240200004,23.510837924000043],[88.99408479000004,23.507142224000063],[89.00035812000004,23.509001996000052],[89.00426566900006,23.504314580000027],[89.01753802500008,23.49485425200004],[89.02274382400003,23.485196158000065],[89.02756380000005,23.48561129600006],[89.03221165800005,23.483283417000052],[89.03792748700005,23.483502264000037],[89.04279719100003,23.479614006000077],[89.04817448600005,23.47475378000007],[89.04844322700006,23.467915280000057],[89.05212498900005,23.46380154600007],[89.05759645900008,23.46225746300007],[89.06954794200004,23.46433830600006],[89.07208295800007,23.462397942000052],[89.07263584300006,23.459067227000048],[89.07482477000008,23.45913441700003],[89.08866233000003,23.444701662000057],[89.09295099700006,23.443989388000034],[89.09444362700003,23.445014181000033],[89.09682557200006,23.441002427000058],[89.09986911400006,23.44212871600007],[89.10527573300004,23.44142028600004],[89.10446278700005,23.44370981700007],[89.10983594000004,23.44503555500006],[89.11391558500009,23.450284500000066],[89.11393273800007,23.45271201500003],[89.11118736100008,23.455252530000053],[89.11300443400006,23.458312385000056],[89.11498061100008,23.457757401000038],[89.11534055800007,23.46411758200003],[89.12113186300007,23.46509306400003],[89.11993617200005,23.468733093000026],[89.12502827900005,23.467104326000026],[89.12656823300006,23.468594249000034],[89.13585997900003,23.449584497000046],[89.13401363000008,23.445741746000067],[89.13513811700005,23.44448741000008],[89.13612827700007,23.447045084000024],[89.13757547600005,23.445277111000053],[89.14532022700007,23.443713655000067],[89.14977823900006,23.445510597000066],[89.15716910500004,23.441748071000063],[89.16573007100004,23.441575027000056],[89.17294829900004,23.43526650700005],[89.17459585300008,23.436898794000058],[89.17872318100007,23.434121652000044],[89.18240318300008,23.433970480000028],[89.18470165100007,23.43552816700003],[89.19206887300004,23.43425055800003],[89.19388464000008,23.43602690800003],[89.19539271500008,23.434820959000035],[89.19624426400009,23.436909574000026],[89.19688712000004,23.435367211000028],[89.20026697100008,23.436144977000026],[89.20311844500009,23.432910707000076],[89.20677155500005,23.435720330000038],[89.20758690100007,23.439294536000034],[89.21212639500004,23.436502783000037],[89.21467344500007,23.43897808400004],[89.22129521100004,23.43976998200003],[89.23014873900007,23.448481661000073],[89.23170348100007,23.445471355000052],[89.24022977800007,23.44546623900004],[89.24014862200005,23.436706607000076],[89.24242602700008,23.432590396000023],[89.24583551000006,23.430934198000045],[89.25284064400006,23.430373987000053],[89.25604977200004,23.433713270000055],[89.25668804800006,23.441069327000037],[89.26381914100006,23.44066956100005],[89.26464252200003,23.43926042000004],[89.27540148900005,23.436144832000025],[89.27736254200005,23.438702224000053],[89.28002741800003,23.437226992000035],[89.28115174300007,23.43907593700004],[89.28281397600006,23.438021696000078],[89.28763505300003,23.44341361200003],[89.29046419500008,23.446750472000076],[89.29561723900008,23.44798812600004],[89.29364891900008,23.448949663000064],[89.29717712300004,23.450550803000056],[89.29696964600004,23.452235565000024],[89.30074000200005,23.45139328600004],[89.30084228100009,23.452596201000063],[89.29772917600008,23.454171383000073],[89.29824733600003,23.45529544200008],[89.29994870400003,23.454202245000033],[89.30308214200005,23.455218884000033],[89.30266908700008,23.464076825000063],[89.30122745000006,23.46550654600003],[89.30247816100007,23.468151899000077],[89.30623545200007,23.469245787000034],[89.30696231600007,23.48233996600004],[89.30405894100005,23.494443568000065],[89.30039571800006,23.495053229000064],[89.29804811200006,23.49734877900005],[89.30106682800005,23.503825092000056],[89.30679234100006,23.502264344000025],[89.30915523000004,23.506652777000056],[89.30317427900007,23.512403534000043],[89.30699173500005,23.51779771400004],[89.30647175900003,23.520702726000025],[89.30393667100003,23.52278129800004],[89.30335615700005,23.526934762000053],[89.30649968600005,23.537570403000075],[89.30540168900006,23.54016572100005],[89.31066241500008,23.540965908000032],[89.31193022200006,23.544021102000045],[89.31425689600007,23.544817762000037],[89.31395449200005,23.55323862000006],[89.31797727200006,23.55552345700005],[89.32311968400006,23.565150236000022],[89.31847648900003,23.567311284000027],[89.31392478400005,23.57193280000007],[89.31562280600008,23.57459186500006],[89.31010209600004,23.574056562000067],[89.30660087100006,23.576348196000026],[89.30647435600008,23.57909574000007],[89.30283204600005,23.57802660400006],[89.30099595800004,23.579796044000034],[89.30250830400007,23.587482067000053],[89.29810529000008,23.586253026000065],[89.29090311300007,23.588514544000077],[89.28941137400005,23.591856478000068],[89.28540809500004,23.590388420000068],[89.28421525500005,23.59269013100004],[89.27874348600005,23.594184513000073],[89.27671447600005,23.594116366000037],[89.27306410400007,23.589535169000044],[89.27119488900007,23.589660769000034],[89.26852436000007,23.587045772000067],[89.27088506900003,23.581989158000056],[89.26953052200008,23.579944307000062],[89.26278937900008,23.577829953000048],[89.25803535100005,23.573852292000026],[89.24603734100003,23.57310414400007],[89.24144583700007,23.570858159000068],[89.23905293800004,23.571884616000034],[89.23250521700004,23.571213386000068],[89.22877478300006,23.574002274000065],[89.23161830500004,23.58238534900005],[89.21949139000003,23.58863056200005],[89.22254281500005,23.59089151300003],[89.21504534300004,23.590135177000036],[89.21229345900008,23.587998667000022],[89.20666043400007,23.58703347100004],[89.20529465200008,23.59006471400005],[89.19385814500004,23.598643416000073],[89.18920156400009,23.597974500000078],[89.19075477700005,23.59591704500008],[89.18889296600008,23.59142735300003],[89.19328989900004,23.58658752300005],[89.19233655900007,23.584281044000022],[89.18917054100007,23.584483585000044],[89.18488486700005,23.588454530000035],[89.17870855200005,23.58771805500004],[89.17528825500005,23.572919846000048],[89.17088842900006,23.575705456000037],[89.17043421300008,23.585805554000046],[89.16804697600008,23.584883924000053],[89.15932156200006,23.58984868700003],[89.15443260200004,23.589630783000075],[89.15008420400005,23.578665709000063],[89.14647165400004,23.580262667000056],[89.14407123900008,23.577874004000023],[89.14475116600005,23.572611993000066],[89.14757552200007,23.570510026000022],[89.14546592500005,23.56654743000007],[89.13841992000005,23.558647723000036],[89.13251683100003,23.555028567000022],[89.12969540100005,23.55568005400005],[89.12572255800006,23.560565057000076],[89.12802743700007,23.57403477500003],[89.12514807200006,23.575600913000073],[89.12302694800007,23.574940904000073],[89.12327267500007,23.551342977000047],[89.11895871100006,23.548272504000067],[89.10977540700009,23.549318752000033],[89.11020523900004,23.557189898000047],[89.10284280600007,23.563818381000033],[89.10378164300005,23.567062372000066],[89.10856113900007,23.569428045000052],[89.10877039000007,23.57109058900005],[89.10407746300007,23.572655518000033],[89.09451121400008,23.570473024000023],[89.09439880100007,23.57521082900007],[89.09937912100008,23.583482118000063],[89.08815343900005,23.57626945100003],[89.07288191900005,23.589672402000076],[89.06915069900003,23.59025353900006],[89.05953211200006,23.589096520000055],[89.05628723200005,23.587145686000042],[89.05294467600004,23.58256023100006],[89.05033965300004,23.571345205000057],[89.04790398700004,23.57207657500004],[89.04687053300006,23.574620089000064],[89.03632075500008,23.57750961800008],[89.03744459700005,23.584019046000037],[89.04668688200007,23.593433170000026],[89.04675677900008,23.59537321600004],[89.04496210500008,23.596085877000064],[89.04018299200004,23.59353367400007],[89.03352860600006,23.581482718000075],[89.03116113600004,23.580520747000037],[89.03079671300009,23.567130263000024],[89.01416694000005,23.56845499600007],[89.00729124400004,23.57891481300004],[89.00375370200004,23.580257123000024],[88.99290423100007,23.577261411000052],[88.99082664300005,23.57560299900007],[88.98931614900005,23.57103263700003],[88.98764065000006,23.570585381000058],[88.98297316500003,23.567205772000023],[88.98092751200005,23.560054919000038],[88.97638996200004,23.55744142900005],[88.97696826300006,23.550013112000045],[88.97849662600004,23.54814734200005],[88.97736509500004,23.545454609000046],[88.97415113200003,23.54597310400004],[88.96899216800006,23.550183984000057],[88.96528357500006,23.549417048000066],[88.95945351400007,23.55287405200005],[88.95498264300005,23.550936095000054],[88.95236702100004,23.552110138000046],[88.94673413200007,23.551746382000033],[88.94035591900007,23.547202946000027],[88.94154836900003,23.546284738000054],[88.94030198200005,23.542817058000026]]]}},{"type":"Feature","id":"jhenaidah-kaliganj","properties":{"canonical_id":"jhenaidah-kaliganj","name_en":"Kaliganj","name_bn":"কালীগঞ্জ","district_id":"jhenaidah","division_id":"khulna","pcode":"BD-D-23-299","parent_pcode":"BD4044","source_name":"Kaliganj","match_method":"exact_name_or_alias","boundary_reference_year":"2020","boundary_source":"geoBoundaries gbOpen BGD ADM3 / BBS, OCHA ROAP","source_dataset_updated":"2026-08-09"},"geometry":{"type":"Polygon","coordinates":[[[89.36769452200008,26.009557364000045],[89.36662421700004,26.010341924000045],[89.36426313700008,26.00834825800007],[89.36298418400008,26.009473240000034],[89.36244691000007,26.008384830000068],[89.36039580000005,26.009288213000048],[89.35964099700004,26.007937833000028],[89.35949953300008,26.00924168000006],[89.35710712500008,26.00799239500003],[89.35627095700005,26.009970406000036],[89.35530302500007,26.008433138000044],[89.35319819100005,26.01197363700004],[89.35171619800008,26.009953412000073],[89.35099784400006,26.011566480000056],[89.34848562700006,26.010480664000056],[89.34902824600005,26.011747245000038],[89.34643384500004,26.01160606600007],[89.34420663800006,26.013298037000027],[89.34689364700006,26.01360131100006],[89.34916665400004,26.016241750000063],[89.34535907100008,26.014488442000072],[89.34368317700006,26.01713514900007],[89.34342602400005,26.01468581000006],[89.34003236800004,26.015347097000074],[89.33971476400006,26.017873059000067],[89.33727523000005,26.018076102000066],[89.33903581400006,26.018280210000057],[89.33727787900006,26.01894768300008],[89.33717823600006,26.020075348000034],[89.33869104300004,26.019460690000074],[89.33731649400005,26.022237870000026],[89.33447323900003,26.02008785000004],[89.33858348200005,26.023406469000065],[89.33633628400008,26.023499798000046],[89.33661423300003,26.026527180000073],[89.33480486000008,26.025720226000033],[89.33159792600009,26.029544308000027],[89.33073215000007,26.027278695000064],[89.32884969300005,26.028341969000053],[89.33002785600007,26.02895869300005],[89.32758687000006,26.030381781000074],[89.32894629500004,26.031534071000067],[89.32597034600008,26.032548872000064],[89.32789474700007,26.033317082000053],[89.32550755800008,26.034866065000074],[89.32586242400004,26.036634781000032],[89.32427657500006,26.036049485000035],[89.31917689500006,26.039261621000037],[89.31550397200004,26.037263289000066],[89.31688309600008,26.039021536000064],[89.31089865500007,26.040997607000065],[89.30732294100005,26.045356948000062],[89.30641191900008,26.044404021000048],[89.30615165400008,26.04660849000004],[89.30510181800008,26.045408655000074],[89.30371295900005,26.045665201000077],[89.30459805000004,26.047070293000047],[89.29994086500005,26.04768752800004],[89.30037224100005,26.050521811000067],[89.29834588900007,26.050293714000077],[89.29657701900004,26.045418924000046],[89.29161850600008,26.046520798000074],[89.29091256200007,26.04536434700003],[89.28920695100004,26.048250104000033],[89.27877107400008,26.04863867800003],[89.27823048400006,26.037052808000055],[89.28035719900004,26.035419494000053],[89.27785798600007,26.029023769000048],[89.27608815200006,26.02819492800006],[89.27485318200007,26.03069384300005],[89.26203252700003,26.030096766000042],[89.25999993800008,26.034674450000068],[89.25585155600004,26.035061160000055],[89.25337096300007,26.03314033600003],[89.25126809600005,26.02210904800006],[89.24896404400005,26.020962773000065],[89.24754494500007,26.023022001000072],[89.24102829000003,26.022749213000054],[89.23748054700008,26.024969268000063],[89.23783872400008,26.03082446700006],[89.23235346700005,26.042132953000078],[89.22582923400006,26.045999951000056],[89.21748609400004,26.047914364000064],[89.21697046200006,26.051238883000053],[89.21395756600003,26.05442567500006],[89.21531229200008,26.05720674300005],[89.21210444500008,26.060224822000066],[89.20717558100006,26.05819954100008],[89.20338080900007,26.053964221000058],[89.19922733100003,26.053002199000048],[89.19389279100005,26.05839067100004],[89.18862908500006,26.059819422000032],[89.18444349400005,26.058115264000037],[89.17857068600006,26.059027228000048],[89.17254173700007,26.046040296000058],[89.16786515500007,26.04593837500005],[89.16380834100005,26.042353460000072],[89.15732225500005,26.039790957000037],[89.16216805000005,26.02425941100006],[89.15742958300007,26.02546831500007],[89.13285371900008,26.025327463000053],[89.13422411400006,26.015196941000056],[89.14065640700005,25.999067242000024],[89.13789901700005,25.99894417200005],[89.13549639200005,25.99343719500007],[89.13208225500006,25.99195061900008],[89.12696416300008,25.986701451000044],[89.11964342500005,25.989958423000076],[89.12095793300006,25.984614304000047],[89.12364838100007,25.98133831900003],[89.12908423800008,25.978536500000075],[89.14184304200006,25.964174249000052],[89.15635647300007,25.953581756000062],[89.17270473700006,25.95073813600004],[89.17604767200004,25.95294513400006],[89.17949723600003,25.952711333000025],[89.19205077600003,25.942613077000033],[89.19671620200006,25.946338841000056],[89.20057687200006,25.945598906000043],[89.202761,25.939377230000048],[89.20476280400004,25.939220625000075],[89.20667695600008,25.93584224700004],[89.21080093600006,25.93327387200003],[89.21165733100008,25.927680253000062],[89.21764065400004,25.92034460700006],[89.22016860600007,25.92003260300004],[89.22231323600005,25.92302217200006],[89.22335832700008,25.91734426100004],[89.23012318400004,25.911599756000044],[89.23483397800004,25.904672511000058],[89.24739885800005,25.90082959700004],[89.25217127800005,25.897161751000056],[89.25890721200005,25.89753888900003],[89.26407722800008,25.890397405000044],[89.27221666400004,25.89224495800005],[89.27579122400005,25.896263532000035],[89.27930514200006,25.896643348000055],[89.28177467400008,25.89623741500003],[89.28511733600004,25.89143944500006],[89.29136335500004,25.889979639000046],[89.29184370000007,25.892813904000036],[89.28764056600005,25.900151339000047],[89.28304288000004,25.902890052000032],[89.27680704400007,25.90393304400004],[89.27457825600004,25.919424591000052],[89.27630802200008,25.91924305200007],[89.27706026700008,25.91633702200005],[89.27944054300008,25.91595157100005],[89.27803154500003,25.92577100500006],[89.27678698600005,25.926556017000053],[89.27964476200003,25.92881184400005],[89.27771599300007,25.928445010000075],[89.27505140300008,25.932515891000037],[89.28342285500008,25.933967840000037],[89.28516742500005,25.931831369000065],[89.28835258100008,25.933820576000073],[89.29060071700007,25.930801047000045],[89.29574785100004,25.932747765000045],[89.29866966500003,25.930177779000076],[89.30205180300004,25.930968961000076],[89.30183134500004,25.934063923000053],[89.29969353000007,25.93514110800004],[89.30302530500006,25.938523521000036],[89.29973957300007,25.941710357000034],[89.30824854000008,25.942655329000047],[89.31156394200008,25.94436925100007],[89.31426308400006,25.949576895000064],[89.32120606900008,25.95446978500007],[89.31885113100003,25.955328388000055],[89.32112142300008,25.95709192000004],[89.32071260000004,25.959200105000036],[89.32296617700007,25.959647466000035],[89.32114402900004,25.960387825000055],[89.32164946600005,25.962007055000072],[89.32471518000006,25.963351558000056],[89.32129198800004,25.966698506000057],[89.32250923300006,25.96852705400005],[89.32151352400007,25.96981700500004],[89.32689964100007,25.97382194000005],[89.32410361200004,25.977073664000045],[89.32354173600004,25.980282743000032],[89.32506085500006,25.981926445000056],[89.32781493100003,25.981237217000057],[89.32827213000007,25.986705614000073],[89.33503542900007,25.98833960500008],[89.33379610700007,25.98991464100004],[89.33740749300006,25.988812689000042],[89.34417294200006,25.991624064000064],[89.35738380900005,25.989616703000024],[89.36608624100006,25.99132105800004],[89.36890315500005,25.995233599000073],[89.36723194700005,25.99968691600003],[89.36846156700005,26.000155622000023],[89.36769452200008,26.009557364000045]]]}},{"type":"Feature","id":"jhenaidah-kotchandpur","properties":{"canonical_id":"jhenaidah-kotchandpur","name_en":"Kotchandpur","name_bn":"কোটচাঁদপুর","district_id":"jhenaidah","division_id":"khulna","pcode":"BD-D-23-300","parent_pcode":"BD4044","source_name":"Kotchandpur","match_method":"exact_name_or_alias","boundary_reference_year":"2020","boundary_source":"geoBoundaries gbOpen BGD ADM3 / BBS, OCHA ROAP","source_dataset_updated":"2026-08-09"},"geometry":{"type":"Polygon","coordinates":[[[89.04134585500003,23.371883],[89.04488228400004,23.37318890100005],[89.04479134800005,23.375852286000054],[89.04766881600005,23.37572870300005],[89.04681269600007,23.376924776000067],[89.05199211700005,23.384774779000054],[89.04894218400005,23.38984083400004],[89.04938509900006,23.395092937000072],[89.05166505600005,23.394207515000062],[89.05397758000004,23.396180954000044],[89.05731664000007,23.39510709700005],[89.05920189700004,23.405714382000042],[89.06188387900005,23.405386717000056],[89.06379627600006,23.40303117700006],[89.06536061500003,23.40393811900003],[89.06516795900006,23.406810343000075],[89.06228211400008,23.40876602900005],[89.06359144600003,23.412149673000044],[89.06625346200008,23.413072213000078],[89.06848423800005,23.41613955200006],[89.06993461700006,23.41333634800003],[89.07187549500009,23.415093933000037],[89.07538437200003,23.414016194000055],[89.07681646900005,23.41518982200006],[89.07677233200008,23.41361682300004],[89.07884435500006,23.415132921000065],[89.07971397300008,23.418658363000077],[89.08243352700003,23.418059603000074],[89.07173974400007,23.425737602000027],[89.07023998700004,23.433224850000045],[89.07283811200006,23.433857313000033],[89.07566262500006,23.431366491000063],[89.07992844700004,23.430939511000076],[89.08050675100003,23.434407904000068],[89.08225222800007,23.43489067300004],[89.08365401000003,23.438949295000043],[89.08866233000003,23.444701662000057],[89.07482477000008,23.45913441700003],[89.07263584300006,23.459067227000048],[89.07208295800007,23.462397942000052],[89.06954794200004,23.46433830600006],[89.05759645900008,23.46225746300007],[89.05212498900005,23.46380154600007],[89.04844322700006,23.467915280000057],[89.04817448600005,23.47475378000007],[89.04279719100003,23.479614006000077],[89.03792748700005,23.483502264000037],[89.03221165800005,23.483283417000052],[89.02756380000005,23.48561129600006],[89.02274382400003,23.485196158000065],[89.01753802500008,23.49485425200004],[89.00426566900006,23.504314580000027],[89.00035812000004,23.509001996000052],[88.99408479000004,23.507142224000063],[88.98693240200004,23.510837924000043],[88.98397458900007,23.504252417000032],[88.98177161400008,23.50397610600004],[88.97994057800008,23.50682951300007],[88.97939748700009,23.514831652000055],[88.97244817600006,23.51777326000007],[88.97279257700006,23.528336111000044],[88.96977044200008,23.532890234000035],[88.95857742500004,23.53781318600005],[88.94957254100007,23.54450114800005],[88.94727167500008,23.54395045700005],[88.94416445700006,23.539412347000052],[88.94030198200005,23.542817058000026],[88.93559209700004,23.539198703000068],[88.93385679800008,23.532230054000024],[88.93599631700005,23.527193072000046],[88.93903588700005,23.525782271000026],[88.94468871000004,23.518512788000066],[88.94693912900004,23.512726733000022],[88.94324845800008,23.502611425000055],[88.94356669300004,23.49989272600004],[88.94455246800004,23.479940588000034],[88.94070218400003,23.473615841000026],[88.93518491900005,23.469445034000046],[88.93682563700008,23.46694761400005],[88.93626714200008,23.461578847000055],[88.92944568500008,23.46158015900005],[88.93040044800006,23.447995368000022],[88.92265066100003,23.44535215700006],[88.91825262900005,23.442001945000072],[88.91916115800007,23.438880940000047],[88.92693484200004,23.442979183000034],[88.93703602500005,23.444068913000024],[88.94305859300005,23.44182247200007],[88.94579876000006,23.438059433000035],[88.94381669400008,23.431073921000063],[88.94121876000008,23.43035634900008],[88.93559896900007,23.43332352300007],[88.93393444600008,23.431480373000056],[88.93499242400009,23.428662286000076],[88.93282009500007,23.422146705000046],[88.93644848500008,23.416677760000027],[88.93486911400004,23.41304630700006],[88.94077803400006,23.407573582000055],[88.94424679300005,23.399735263000025],[88.95351755500008,23.399399636000055],[88.95615166700009,23.401052613000047],[88.95760522100005,23.39675177600003],[88.96505199500007,23.392871187000026],[88.97220710200008,23.393367171000023],[88.98370478200007,23.39880627100007],[88.98998613100008,23.398276271000043],[88.99088870500003,23.395595050000054],[88.98473304300006,23.387917427000048],[88.98314034600008,23.38040817600006],[88.99049221100006,23.378265514000077],[88.99727046000004,23.389423149000038],[88.99860757600004,23.40151387000003],[89.00177208900004,23.405805173000033],[89.00648430300004,23.40661761100006],[89.00835887500006,23.401424191000046],[89.00574092600004,23.39575344700006],[89.00899834400008,23.381858985000065],[89.01921702200008,23.37818803400006],[89.02092741000007,23.37307468100005],[89.02027968300007,23.369266382000035],[89.02234960900006,23.36976029400006],[89.02273620400007,23.371827694000046],[89.02458419600003,23.37090213700003],[89.02363739700007,23.373310084000025],[89.02703662700009,23.374374481000075],[89.03151990100008,23.374418109000032],[89.03431339000008,23.371279750000042],[89.04134585500003,23.371883]]]}},{"type":"Feature","id":"jhenaidah-moheshpur","properties":{"canonical_id":"jhenaidah-moheshpur","name_en":"Moheshpur","name_bn":"মহেশপুর","district_id":"jhenaidah","division_id":"khulna","pcode":"BD-D-23-301","parent_pcode":"BD4044","source_name":"Moheshpur","match_method":"exact_name_or_alias","boundary_reference_year":"2020","boundary_source":"geoBoundaries gbOpen BGD ADM3 / BBS, OCHA ROAP","source_dataset_updated":"2026-08-09"},"geometry":{"type":"Polygon","coordinates":[[[89.02027968300007,23.369266382000035],[89.02092741000007,23.37307468100005],[89.01921702200008,23.37818803400006],[89.00899834400008,23.381858985000065],[89.00574092600004,23.39575344700006],[89.00835887500006,23.401424191000046],[89.00648430300004,23.40661761100006],[89.00177208900004,23.405805173000033],[88.99860757600004,23.40151387000003],[88.99727046000004,23.389423149000038],[88.99049221100006,23.378265514000077],[88.98314034600008,23.38040817600006],[88.98473304300006,23.387917427000048],[88.99088870500003,23.395595050000054],[88.98998613100008,23.398276271000043],[88.98370478200007,23.39880627100007],[88.97220710200008,23.393367171000023],[88.96505199500007,23.392871187000026],[88.95760522100005,23.39675177600003],[88.95615166700009,23.401052613000047],[88.95351755500008,23.399399636000055],[88.94424679300005,23.399735263000025],[88.94077803400006,23.407573582000055],[88.93486911400004,23.41304630700006],[88.92111380400007,23.412779186000023],[88.91787030400008,23.418620737000026],[88.91517071000004,23.419428998000058],[88.91082398700007,23.415540425000074],[88.91036066000004,23.413446304000047],[88.91838959700004,23.412230287000057],[88.91878998500005,23.407594028000062],[88.91654490800005,23.40594369400003],[88.90491144000003,23.405842844000063],[88.90035551600005,23.409338939000065],[88.89583325100006,23.410298297000054],[88.89384155500005,23.407776166000076],[88.89261441800005,23.409120563000045],[88.89166823700003,23.407976966000035],[88.89047183700006,23.408749734000025],[88.88910586200006,23.40580127800007],[88.88338732700004,23.406317673000046],[88.88355491100003,23.408068232000062],[88.87756576600003,23.406716833000075],[88.87590226400005,23.404598194000073],[88.87583549600004,23.39834484200003],[88.87462514200007,23.39787437800004],[88.87586899400009,23.392492995000055],[88.87278531600003,23.39138809700006],[88.87283107700006,23.389232632000073],[88.86833563700009,23.388391244000047],[88.87009586600004,23.386747753000066],[88.86884478200005,23.385110715000053],[88.86595381100005,23.386395443000026],[88.86251017400008,23.383785626000076],[88.86065269500006,23.379381495000075],[88.86290243800005,23.381639463000056],[88.86159831900005,23.37706380700007],[88.85511230100008,23.374589720000074],[88.85764215200004,23.381566692000035],[88.85597225000004,23.383186426000066],[88.85254851100007,23.375066557000025],[88.84741270100005,23.379087476000052],[88.84118765400007,23.379288159000055],[88.83613236900004,23.384849770000073],[88.83400075700007,23.39066278000007],[88.83290379100004,23.384500563000074],[88.82787571000006,23.37780145100004],[88.82713195400004,23.374624590000053],[88.81685901800006,23.384167741000056],[88.81683030400006,23.38729759100005],[88.81467918900006,23.388881045000062],[88.81161501900004,23.387580360000072],[88.81200838700005,23.386672272000055],[88.80794286500009,23.38681236700006],[88.80651686700008,23.378915095000025],[88.79731039200004,23.37082158000004],[88.79371885800003,23.370057279000036],[88.79055763900004,23.371909209000023],[88.79118279200009,23.375120296000034],[88.78977926600004,23.37813675600006],[88.78422021300008,23.380646787000046],[88.78233127000004,23.379275645000064],[88.77784097200004,23.369245943000067],[88.77215894500006,23.36275114600005],[88.77804994000007,23.373765108000043],[88.77716510600004,23.37523543800006],[88.77556949200005,23.375563899000042],[88.76823360200007,23.368976415000077],[88.76627857200003,23.36843943200006],[88.76481446200006,23.370427376000066],[88.76548779200004,23.367671088000066],[88.75887820900004,23.360306596000044],[88.74762554100005,23.362391483000067],[88.74575371900005,23.359426705000033],[88.74587137400005,23.356260056000053],[88.74356727800006,23.354194884000037],[88.74639035000007,23.35122812900005],[88.74604338100005,23.348973149000074],[88.74088702800003,23.34962474300005],[88.73438181400007,23.35332395000006],[88.73218843700005,23.35263711300007],[88.73285740600005,23.347600485000044],[88.73787109300008,23.34560982800008],[88.73908358900007,23.34327779000006],[88.73530195800004,23.338157444000046],[88.73281136100007,23.327909825000063],[88.74372944100008,23.32809334800004],[88.74599411500003,23.32390577900003],[88.74982168800005,23.32135558500005],[88.74607818600003,23.31494540600005],[88.74501316300007,23.307122846000027],[88.74177125600005,23.305209063000063],[88.73752948500004,23.305079378000073],[88.73008690800003,23.309631206000063],[88.72868054300005,23.31332368900007],[88.73145835600008,23.31779085900007],[88.73055895200008,23.31986253100007],[88.72501251000006,23.318120884000052],[88.72709237600003,23.314362223000046],[88.72756417700003,23.302848167000036],[88.72694609600006,23.29983224800003],[88.72494245000007,23.29833441200003],[88.71920331300004,23.29790530400004],[88.71997554100005,23.303718340000046],[88.71452114000004,23.305943826000032],[88.70644076100007,23.304132958000025],[88.70750927100005,23.30868199500003],[88.71279175900008,23.310899991000042],[88.71072746000004,23.313009761000046],[88.70855612900004,23.312800717000073],[88.69624006500004,23.302232376000063],[88.69763539000007,23.291777582000066],[88.70760295500008,23.290951988000074],[88.71179363400006,23.285585969000067],[88.71145106800003,23.278175394000073],[88.71447955900004,23.275261021000063],[88.72313566700007,23.27349169400003],[88.72444409500008,23.271901296000067],[88.71881313700004,23.254865296000048],[88.72466887800005,23.25371815500006],[88.73291727600008,23.248408273000052],[88.74513062400007,23.244897983000044],[88.75390352000005,23.24026041600007],[88.75904472500008,23.24192316700004],[88.76050346400007,23.246351521000065],[88.76947151500008,23.244963201000076],[88.77127019300008,23.241498222000075],[88.77424767200006,23.240663331000064],[88.77296118600003,23.23935032600008],[88.77622841800007,23.238219357000048],[88.77608875500005,23.236410014000057],[88.77796796300004,23.235182936000058],[88.77433560600008,23.234402587000034],[88.77649099200005,23.23093942500003],[88.77321997900003,23.23113999900005],[88.77436713000003,23.224558814000034],[88.77726899000004,23.224047077000023],[88.77850816300008,23.221089819000042],[88.78234443200006,23.221211425000035],[88.78332440500003,23.222902084000054],[88.78776580800007,23.22195632100005],[88.79105495900006,23.21829110400006],[88.79144746200006,23.221681515000057],[88.79766584600009,23.21919200700006],[88.80419736500005,23.218797022000047],[88.81140032900004,23.22167401200005],[88.80847895700003,23.22497462000007],[88.80921667600006,23.228650215000073],[88.80650199800004,23.23158956000003],[88.80589112400008,23.23809899200006],[88.81043496300003,23.248363873000073],[88.80864283000005,23.249514857000065],[88.81095467800003,23.25620612800003],[88.81278521600007,23.255517782000027],[88.81360052200006,23.252167687000053],[88.82822167100005,23.245194635000075],[88.82308843600003,23.237400389000072],[88.82423235100003,23.23375273700003],[88.83315549700006,23.239482809000037],[88.83681592600004,23.243811393000044],[88.84010553600007,23.237216270000033],[88.84466480600008,23.233282965000058],[88.84484711900006,23.230687528000033],[88.85005401700005,23.23053636800006],[88.85132965500009,23.234085126000025],[88.85363903900009,23.23425440400007],[88.85373884000006,23.236463311000023],[88.85912610800005,23.235085905000062],[88.86121866600007,23.232070633000035],[88.86210276400004,23.234383759000025],[88.87464533200006,23.234283462000064],[88.87548845400005,23.232293286000072],[88.88474867000008,23.22951389900004],[88.88627955100009,23.226103574000035],[88.88673027200008,23.23142262600004],[88.89036959800006,23.231103241000028],[88.89174798200008,23.240644812000028],[88.89049246700006,23.244763042000045],[88.89640769800008,23.247300384000027],[88.90739844600006,23.246159013000067],[88.91254973000008,23.249724620000052],[88.91285365400006,23.250894123000023],[88.90921426300008,23.253946014000064],[88.90695774600005,23.255107320000036],[88.90504846700009,23.25429242200005],[88.90556895300006,23.26032157900005],[88.90745230000005,23.261067989000026],[88.90852476900005,23.25879145700003],[88.91180806200003,23.263348922000034],[88.91425905300008,23.26164979300006],[88.91657138700003,23.268554435000055],[88.91558028200006,23.271353186000056],[88.91217408500006,23.27308974300007],[88.91111002400004,23.276390927000023],[88.90804308000008,23.274604976000035],[88.90944425600009,23.275760098000035],[88.90355359500006,23.278062308000074],[88.90054239500006,23.275374525000075],[88.89963989300009,23.27853506200006],[88.91563820000005,23.28023777100003],[88.92103952800005,23.27692240500005],[88.93221653100005,23.281064436000065],[88.93350165400005,23.287157998000055],[88.93872582500006,23.28563030500004],[88.93916438600007,23.287429536000047],[88.94440701800005,23.285414606000074],[88.94615071600003,23.286896308000053],[88.94684554000008,23.285264464000022],[88.94992298600005,23.286668140000074],[88.95272672700008,23.284556423000026],[88.95413098200004,23.286554558000034],[88.95762820700008,23.285075109000047],[88.95802555000006,23.286706924000043],[88.95945282200006,23.286386158000028],[88.96178956800009,23.288880405000043],[88.96514992600004,23.289214220000076],[88.96735832300004,23.29371042500003],[88.96580392500005,23.295408390000034],[88.96673483000006,23.298120789000052],[88.96396301500005,23.300874246000035],[88.96501652000006,23.30290722700005],[88.96205034300004,23.30269004300004],[88.96123075500003,23.30391072900005],[88.96653013400004,23.307806430000028],[88.96751536200009,23.31046103600005],[88.96542616800008,23.31469745100003],[88.96505545000008,23.320106386000077],[88.96155793100007,23.32316546100003],[88.96054471100007,23.32922155400007],[88.96537211400005,23.33036502500005],[88.97834843800007,23.340882883000063],[88.97960090300006,23.343507549000037],[88.98490069700006,23.342074269000022],[89.00463724100007,23.344112967000058],[89.00505865300005,23.341955822000045],[89.00753798900007,23.342165184000066],[89.00798022400005,23.340366062000044],[89.00951638400005,23.34014151300005],[89.01919579300005,23.34673159600004],[89.03348853900007,23.350427161000027],[89.03468049700007,23.354479826000045],[89.02669128400004,23.35591954000006],[89.02371162900005,23.36170925700003],[89.01695949100008,23.362814076000063],[89.01265187800004,23.367468448000068],[89.01490285400007,23.369230362000053],[89.02027968300007,23.369266382000035]]]}},{"type":"Feature","id":"jhenaidah-shailkupa","properties":{"canonical_id":"jhenaidah-shailkupa","name_en":"Shailkupa","name_bn":"শৈলকুপা","district_id":"jhenaidah","division_id":"khulna","pcode":"BD-D-23-297","parent_pcode":"BD4044","source_name":"Shailkupa","match_method":"exact_name_or_alias","boundary_reference_year":"2020","boundary_source":"geoBoundaries gbOpen BGD ADM3 / BBS, OCHA ROAP","source_dataset_updated":"2026-08-09"},"geometry":{"type":"Polygon","coordinates":[[[89.17870855200005,23.58771805500004],[89.18488486700005,23.588454530000035],[89.18917054100007,23.584483585000044],[89.19233655900007,23.584281044000022],[89.19328989900004,23.58658752300005],[89.18889296600008,23.59142735300003],[89.19075477700005,23.59591704500008],[89.18920156400009,23.597974500000078],[89.19385814500004,23.598643416000073],[89.20529465200008,23.59006471400005],[89.20666043400007,23.58703347100004],[89.21229345900008,23.587998667000022],[89.21504534300004,23.590135177000036],[89.22254281500005,23.59089151300003],[89.21949139000003,23.58863056200005],[89.23161830500004,23.58238534900005],[89.22877478300006,23.574002274000065],[89.23250521700004,23.571213386000068],[89.23905293800004,23.571884616000034],[89.24144583700007,23.570858159000068],[89.24603734100003,23.57310414400007],[89.25803535100005,23.573852292000026],[89.26278937900008,23.577829953000048],[89.26953052200008,23.579944307000062],[89.27088506900003,23.581989158000056],[89.26852436000007,23.587045772000067],[89.27119488900007,23.589660769000034],[89.27306410400007,23.589535169000044],[89.27671447600005,23.594116366000037],[89.27874348600005,23.594184513000073],[89.28421525500005,23.59269013100004],[89.28540809500004,23.590388420000068],[89.28941137400005,23.591856478000068],[89.29090311300007,23.588514544000077],[89.29810529000008,23.586253026000065],[89.30250830400007,23.587482067000053],[89.30099595800004,23.579796044000034],[89.30283204600005,23.57802660400006],[89.30647435600008,23.57909574000007],[89.30660087100006,23.576348196000026],[89.31010209600004,23.574056562000067],[89.31562280600008,23.57459186500006],[89.31392478400005,23.57193280000007],[89.31847648900003,23.567311284000027],[89.32311968400006,23.565150236000022],[89.32505634900008,23.566371825000033],[89.32719856700004,23.564938743000027],[89.33442580100007,23.56893905000004],[89.33792613600008,23.568035508000037],[89.34504195100004,23.578732985000045],[89.34510584800006,23.58659374100006],[89.34092894200006,23.588886124000055],[89.34386689300004,23.597766152000077],[89.34582187600006,23.599134908000053],[89.34758004200006,23.614412179000055],[89.35012112200008,23.614080172000058],[89.35062213700007,23.616283355000064],[89.35262256600004,23.616950513000063],[89.35527464600005,23.630375250000043],[89.35731480800007,23.632742867000047],[89.35669328200004,23.636360025000045],[89.35457661200007,23.63671647900003],[89.35497595100009,23.639003901000024],[89.35704155600007,23.638759571000037],[89.36231399100006,23.647572684000068],[89.36618213400004,23.646597803000077],[89.36922819300008,23.653539202000047],[89.37191835400006,23.65466957900003],[89.37179060300008,23.656524653000076],[89.37672655800009,23.66349500700005],[89.37288931700004,23.66426252100007],[89.36605037300006,23.66128675400006],[89.36649454600007,23.664118529000064],[89.36595233100007,23.667955636000045],[89.36038238800006,23.67089197300004],[89.35269381400008,23.669866484000067],[89.34914661800008,23.671099783000045],[89.35005554900005,23.678416414000026],[89.34799616800007,23.682774895000023],[89.33408245500004,23.691159781000067],[89.33035077100004,23.697048554000048],[89.32498134900004,23.69946225900003],[89.32170766100006,23.702788200000043],[89.32132166000008,23.706359338000027],[89.32348679000006,23.709799389000068],[89.32254762800005,23.71316375300006],[89.31939281000007,23.71530241000005],[89.31472288900005,23.715907280000067],[89.31164919600008,23.719199440000068],[89.31223715900006,23.72756365400005],[89.31098379900004,23.731068228000026],[89.30653530800004,23.734445024000024],[89.29815841000004,23.736022302000038],[89.28451867300004,23.73602414100003],[89.27515897500007,23.741329289000078],[89.27012064600007,23.741158811000048],[89.26666458100004,23.742723082000055],[89.25642181600006,23.75850353900006],[89.25122428300006,23.763646503000075],[89.24715348200004,23.763764456000047],[89.24381788700003,23.764391703000058],[89.24310470500006,23.76145221300004],[89.24101772900008,23.761949464000054],[89.24003803000005,23.760137099000076],[89.23572495900004,23.760746940000047],[89.23190763900004,23.756302848000075],[89.22321310900008,23.76085558400007],[89.21566077700004,23.759655675000033],[89.21306174600005,23.75707057900007],[89.21376250500003,23.753895422000028],[89.20854066800007,23.753028783000047],[89.20319838800003,23.746721224000055],[89.19701883500005,23.744033820000027],[89.18879039200004,23.745363161000057],[89.18408852900006,23.749167433000025],[89.18127236000004,23.748293369000066],[89.18000867300003,23.750115090000065],[89.17849865400007,23.746571033000066],[89.17433272200003,23.745274755000025],[89.17338690200006,23.740981181000052],[89.16789756400004,23.741036971000028],[89.16639465700007,23.739718668000023],[89.16733453000006,23.73666131300007],[89.15878280800007,23.73560569400007],[89.15993993700005,23.730915338000045],[89.15806029000004,23.722315666000043],[89.14550206400008,23.722404296000036],[89.14476966300003,23.72437995000007],[89.14054012700007,23.725230916000044],[89.13692083600006,23.72218504500006],[89.12780369400008,23.721562069000072],[89.12898144700006,23.718111151000073],[89.12789364900004,23.716702242000054],[89.12094805600003,23.712815877000025],[89.12378852400008,23.702713342000038],[89.11846323800006,23.693828369000073],[89.12167618800004,23.68857250600007],[89.12186680300005,23.684082986000078],[89.11939204000004,23.681516827000053],[89.11292076200004,23.67935963900004],[89.11351059800006,23.677695481000057],[89.10732328200004,23.671042318000048],[89.10760456100007,23.666669627000033],[89.11071246600005,23.663267184000063],[89.12164531600007,23.66146329000003],[89.12688531800006,23.653364620000048],[89.13206322300005,23.650121265000053],[89.14203817800006,23.64770369000007],[89.14978273100007,23.650004938000052],[89.14661298700008,23.640326005000077],[89.14304028100008,23.634968335000053],[89.14371630700003,23.63206598900007],[89.14635291600007,23.62822268000008],[89.15409585100008,23.623122420000072],[89.15414789200008,23.613918394000052],[89.15773361600003,23.613200642000038],[89.16122944500006,23.61452133100005],[89.16255884200007,23.61221063200003],[89.16080701900006,23.609953294000036],[89.16150226600007,23.608904804000076],[89.17160259500008,23.605990263000024],[89.17903295900004,23.611322593000068],[89.16887750000006,23.602922827000043],[89.16682856900007,23.598535191000053],[89.17222168900008,23.590412478000076],[89.17870855200005,23.58771805500004]]]}},{"type":"Feature","id":"khulna-botiaghata","properties":{"canonical_id":"khulna-botiaghata","name_en":"Botiaghata","name_bn":"বটিয়াঘাটা","district_id":"khulna","division_id":"khulna","pcode":"BD-D-27-284","parent_pcode":"BD4047","source_name":"Botiaghata","match_method":"exact_name_or_alias","boundary_reference_year":"2020","boundary_source":"geoBoundaries gbOpen BGD ADM3 / BBS, OCHA ROAP","source_dataset_updated":"2026-08-09"},"geometry":{"type":"Polygon","coordinates":[[[89.53685236700005,22.806218063000074],[89.53213762800004,22.80532366400007],[89.53149455200008,22.808436933000053],[89.52731952300007,22.808267087000047],[89.52407433100007,22.810410798000078],[89.51974075300006,22.80776763500006],[89.51423100600005,22.808583156000054],[89.51235014100007,22.805408345000046],[89.50825479200006,22.80377284000008],[89.50718761700006,22.804856955000048],[89.50799947300004,22.810516978000067],[89.50678035600004,22.811329896000075],[89.50507868000005,22.811187991000054],[89.50382550200004,22.80828292900003],[89.50034658000004,22.80870567200003],[89.49560094900005,22.80688572300005],[89.48687212700008,22.80920205800004],[89.48527259000008,22.80206665700007],[89.48610892800008,22.79786511100008],[89.48276021200007,22.79296688100004],[89.48531564300004,22.786866239000062],[89.47769993500003,22.77595554800007],[89.47652051100005,22.77070688200007],[89.47297237800007,22.76845376600005],[89.47194010200008,22.763868668000043],[89.47319132400008,22.759546871000055],[89.46760448800006,22.748016524000036],[89.46812709000005,22.74400313800004],[89.46199819600008,22.738504909000028],[89.46875426400004,22.717396606000023],[89.46885458900005,22.707798765000064],[89.46721997800006,22.70647329800005],[89.46222838000006,22.70741133300004],[89.45494112200004,22.702924935000055],[89.43920551000008,22.685582289000024],[89.43530417800008,22.673907077000024],[89.43671699700008,22.661807887000066],[89.43355301100007,22.658023512000057],[89.42791158800009,22.658045533000063],[89.42581696500008,22.66107953900007],[89.42601868400004,22.67203517300004],[89.42168196600005,22.677286990000027],[89.41500623500008,22.67346893200005],[89.40111897000008,22.673690589000046],[89.40050589100008,22.669168416000048],[89.40434576300004,22.647926479000034],[89.40724110400004,22.64440197600004],[89.41540875300007,22.64300127000007],[89.43606873100003,22.647529122000037],[89.44157062700003,22.64565301600004],[89.45502449800006,22.636698138000042],[89.45903543900005,22.641998943000033],[89.46081922000008,22.647593672000028],[89.47117916500008,22.647846963000063],[89.47484341100005,22.64658554700003],[89.48129558300008,22.651084989000026],[89.49151081600007,22.64760898700007],[89.50103824400009,22.640835996000078],[89.50404483200003,22.63686146400005],[89.51872462400007,22.628679583000064],[89.52247987900006,22.62386764200005],[89.52508521700008,22.612567960000035],[89.53236749300004,22.60910062100004],[89.53711278100008,22.625599555000065],[89.54933825200004,22.635803817000067],[89.55241408300003,22.640883183000028],[89.54908781000006,22.66137420000007],[89.55498993000003,22.672441466000066],[89.55646890300005,22.67841571500003],[89.55915970900008,22.678974482000058],[89.57715829800009,22.668447639000078],[89.57997133800006,22.669687860000067],[89.57864018000004,22.678054390000057],[89.56956567100008,22.69066925000004],[89.57361120500008,22.69291620100006],[89.58414101800008,22.694776053000055],[89.59208300300008,22.699044592000064],[89.60028405000008,22.700084119000053],[89.60267147500008,22.702130553000075],[89.60279034400008,22.706279579000068],[89.60096289800003,22.709522364000065],[89.58934829200007,22.709869844000025],[89.58528907600004,22.71747053100006],[89.58969255600005,22.721570195000027],[89.59162266300007,22.721818478000046],[89.59464850400008,22.719619702000045],[89.59794605400003,22.72135712900007],[89.60044944300006,22.72833006600007],[89.59886561200005,22.73922465800007],[89.60839102700004,22.752291763000073],[89.60948820400006,22.756184004000033],[89.60851010800008,22.76081248400004],[89.59385665100007,22.76125975100007],[89.58177562900005,22.76818953800006],[89.57177741500004,22.763631830000065],[89.57548473900005,22.769142635000037],[89.57298881700007,22.77415809300004],[89.56790592100003,22.777497993000054],[89.56734486700003,22.789340629000037],[89.56456588300006,22.796616546000052],[89.56051381800006,22.798835875000066],[89.55610222400009,22.793809010000075],[89.55217229200008,22.79674941600007],[89.54287094200004,22.797631745000047],[89.54045776100008,22.800466637000056],[89.53685236700005,22.806218063000074]]]}},{"type":"Feature","id":"khulna-dakop","properties":{"canonical_id":"khulna-dakop","name_en":"Dakop","name_bn":"দাকোপ","district_id":"khulna","division_id":"khulna","pcode":"BD-D-27-285","parent_pcode":"BD4047","source_name":"Dakop","match_method":"exact_name_or_alias","boundary_reference_year":"2020","boundary_source":"geoBoundaries gbOpen BGD ADM3 / BBS, OCHA ROAP","source_dataset_updated":"2026-08-09"},"geometry":{"type":"Polygon","coordinates":[[[89.45502449800006,22.636698138000042],[89.46159773000005,22.62997925700006],[89.46071838200004,22.625738669000043],[89.44735397900007,22.615487416000065],[89.44001543500008,22.60288881400004],[89.43323053800003,22.601075777000062],[89.42831858400007,22.59494088200006],[89.42095366300003,22.593247788000042],[89.41440737600004,22.584571787000073],[89.40144959200006,22.57613008000004],[89.40166648600007,22.573700552000048],[89.40998979000005,22.563250571000026],[89.42444469300005,22.549769351000066],[89.42226776200005,22.543029739000076],[89.41146057900005,22.531511265000063],[89.40837771100007,22.521579812000027],[89.41010127200008,22.515912956000022],[89.41759518600009,22.505969519000075],[89.42071019200006,22.49885904200005],[89.42295164800004,22.47667476500004],[89.42453263100003,22.46103895500005],[89.42978820000008,22.462576142000046],[89.43589924100007,22.434822817000054],[89.43642936600008,22.422734825000077],[89.43444379100004,22.413663532000044],[89.43500929300006,22.41054938800005],[89.44278076000006,22.404777738000064],[89.44577909000003,22.40381407900003],[89.44850158600008,22.406266775000063],[89.44854397500006,22.38735867300005],[89.44656211700004,22.374113540000053],[89.44241990400008,22.366657057000054],[89.43361277300005,22.35711742700005],[89.46268715900004,22.323005656000078],[89.47045048100006,22.31263953800004],[89.47364322500005,22.305288043000076],[89.48098737900006,22.310339146000047],[89.48057909200008,22.316791807000072],[89.47548370300007,22.32199961200007],[89.46373342600003,22.32919204600006],[89.45714632000005,22.33535473200004],[89.45626360900008,22.33862743700007],[89.45797218500007,22.343010122000067],[89.46360958700006,22.34427670200006],[89.48383476400005,22.33841412000004],[89.48608045500004,22.339317600000072],[89.48507688900008,22.357985711000026],[89.48887319000005,22.370297509000068],[89.47452779900004,22.369470137000064],[89.46810603900008,22.371913738000046],[89.46825976900004,22.375713020000035],[89.47651099300003,22.382565920000047],[89.46587148900005,22.385565703000054],[89.46391975500006,22.399528240000052],[89.46554927000005,22.40045622300005],[89.47217151500007,22.39882730900007],[89.47446113200004,22.403060105000066],[89.46305341500005,22.405342360000077],[89.46398812400008,22.406243490000065],[89.47775602800004,22.403996758000062],[89.47520125300008,22.40332251600006],[89.47254012200005,22.397931612000036],[89.46516540400006,22.399216177000028],[89.46687087100008,22.386115552000035],[89.47678609200005,22.384332949000054],[89.47759658900009,22.382632667000053],[89.46894661600004,22.37309458200008],[89.47484983400005,22.370364696000024],[89.48570566700005,22.37189834700007],[89.48992328300005,22.37108762400004],[89.48626538500008,22.353529517000027],[89.48711897700008,22.341130234000047],[89.48872004200007,22.339566200000036],[89.49716021700004,22.344376969000052],[89.48638390400004,22.336837598000045],[89.48393053900008,22.33671518400007],[89.47547709800006,22.340080310000076],[89.46116566600006,22.342696682000053],[89.45996855700008,22.34235392200003],[89.46039914400006,22.333926649000034],[89.47666896800007,22.323122813000055],[89.48258963100005,22.317431463000048],[89.48304722200004,22.311242635000042],[89.47578473500005,22.303217995000068],[89.47628337600008,22.299428979000027],[89.49019296300008,22.28084418000003],[89.49255702800008,22.266433179000046],[89.49516088000007,22.274912450000045],[89.49578990700007,22.288388738000037],[89.49501704700003,22.29064033700007],[89.48633896900003,22.297369736000064],[89.48482993400006,22.301183533000028],[89.48582034100008,22.303546538000035],[89.49215010000006,22.307049950000078],[89.49718826700007,22.298601575000077],[89.50113072900007,22.296975753000027],[89.51035481300005,22.29824066900005],[89.51643890300005,22.30218873900003],[89.50932534500004,22.296703741000044],[89.50158559000005,22.29600796400007],[89.49703399700007,22.297203640000077],[89.49133498900005,22.305926326000076],[89.48654528300005,22.30251246000006],[89.48741249500006,22.29798829400005],[89.49698821800007,22.289649885000074],[89.49692313200006,22.274771677000047],[89.49477469400006,22.26597031800003],[89.47591310400009,22.232265608000034],[89.51173513200007,22.130104472000028],[89.51640003000006,22.103394097000034],[89.52382888900007,22.09656705900005],[89.52836611600009,22.098223332000032],[89.54095399500005,22.096860828000047],[89.54372131700006,22.09822174900006],[89.54841504400008,22.11228881200003],[89.53955359900004,22.12061883100006],[89.53716184900009,22.12734996200004],[89.53762986800007,22.13612160400004],[89.54177313700006,22.14009397700005],[89.54308338700008,22.145105466000075],[89.53900534100006,22.151761287000056],[89.54390091100004,22.14692900800003],[89.54303278200007,22.139750536000065],[89.53831055200004,22.13256684600003],[89.53911558700008,22.125611870000057],[89.54125605100006,22.12037263800005],[89.54737097800006,22.11532229900007],[89.54833766700006,22.115941003000046],[89.55050074400003,22.111919640000053],[89.54493168400006,22.095649493000053],[89.52674505700008,22.095666450000067],[89.53321736600003,22.08843868400004],[89.53521720200007,22.082553147000056],[89.53446367000004,22.063093838000043],[89.52382633500008,22.03792228700007],[89.51017587100006,22.016628379000053],[89.51049153700006,22.01428687300006],[89.51844170000004,22.005705152000075],[89.53196105400008,21.99470083800003],[89.54157534800004,22.009834974000057],[89.54803369400008,22.03921362500006],[89.55325746900007,22.055808330000048],[89.56065507600005,22.072418305000042],[89.57785060300006,22.101893051000047],[89.58392995600008,22.124785307000025],[89.58153449800005,22.133148645000063],[89.57061001900007,22.151030785000046],[89.54519915500003,22.185973326000067],[89.54195780000003,22.19593605500006],[89.54155051400005,22.202515490000053],[89.52984045400007,22.196372434000068],[89.52715718700006,22.19609166400005],[89.52464558400004,22.198133424000048],[89.52657770200005,22.208069330000058],[89.53314671700008,22.21013736900005],[89.52693596600005,22.221033582000075],[89.52879879700004,22.22624634500005],[89.53707211600005,22.23352538900008],[89.53456971100007,22.237945839000076],[89.53520570900008,22.242244249000066],[89.53489008800005,22.239005728000052],[89.53797441900008,22.233293066000044],[89.52835123900007,22.22225448200004],[89.53508818300008,22.209548362000078],[89.53354412600004,22.207682901000055],[89.52832784500004,22.206938924000042],[89.52687969800007,22.205349220000073],[89.52602361000004,22.198274646000073],[89.52766169200004,22.19725769300004],[89.54365043500007,22.206512817000032],[89.55081065000007,22.21740992100007],[89.57155587700004,22.235995030000026],[89.57297815900006,22.24448894300008],[89.57053828100004,22.253072334000024],[89.55838994500004,22.25565150400007],[89.55557572300006,22.257759804000045],[89.55324311100009,22.262717678000058],[89.54994179500005,22.292621447000045],[89.55202769200008,22.302164423000022],[89.53649010100008,22.31393200800005],[89.53120730300003,22.321204503000047],[89.52722057000005,22.330642557000033],[89.51706290600004,22.326027830000044],[89.51381505500007,22.326234940000063],[89.51188278900008,22.328137295000033],[89.51112277500005,22.333066745000053],[89.51481548100008,22.337647938000032],[89.51909593700003,22.33913889200005],[89.53310654400008,22.339880006000044],[89.53457707400008,22.343017924000037],[89.50384404300007,22.372244898000076],[89.52924151500008,22.352893938000022],[89.53551686100008,22.34515181000006],[89.53657954000005,22.341791644000068],[89.53488147800005,22.339079949000052],[89.51521196600004,22.335934632000033],[89.51243096600007,22.33141180900003],[89.51578876900004,22.32742995500007],[89.52431479000006,22.332497894000028],[89.52840848200003,22.33202822900006],[89.53858156900003,22.314758381000047],[89.55389006000007,22.304219450000062],[89.55455707800007,22.29986514500007],[89.55158097600008,22.293646839000075],[89.55392422300008,22.285809697000047],[89.55374018100008,22.27402076900006],[89.55606479600004,22.261171536000063],[89.55872061100007,22.257368894000024],[89.56801713400006,22.256805803000077],[89.57273688800007,22.253644458000053],[89.57815742400004,22.240621426000075],[89.58672115400003,22.243320366000034],[89.58094131100006,22.253379549000044],[89.57919322700008,22.25965012200004],[89.58192730000007,22.279519660000062],[89.58639621800006,22.28857627600007],[89.60445598000007,22.305529566000075],[89.61454124300008,22.323352812000053],[89.62458221500003,22.344043089000024],[89.62414265100006,22.35042552500005],[89.61961505400006,22.36306355200003],[89.62882316100007,22.365906670000072],[89.62681406600007,22.391415729000073],[89.62304383700007,22.40582365700004],[89.60616824400006,22.430126467000036],[89.60269459800008,22.446857685000055],[89.59619120500008,22.446688536000067],[89.58761198400003,22.47896552800006],[89.58643131600007,22.49600474300007],[89.58213066600007,22.51497192200003],[89.56762013700006,22.556047311000043],[89.55514251200003,22.571903776000056],[89.54480205300007,22.589490726000065],[89.53491784800008,22.600262849000046],[89.53236749300004,22.60910062100004],[89.52508521700008,22.612567960000035],[89.52247987900006,22.62386764200005],[89.51872462400007,22.628679583000064],[89.50404483200003,22.63686146400005],[89.50103824400009,22.640835996000078],[89.49151081600007,22.64760898700007],[89.48129558300008,22.651084989000026],[89.47484341100005,22.64658554700003],[89.47117916500008,22.647846963000063],[89.46081922000008,22.647593672000028],[89.45903543900005,22.641998943000033],[89.45502449800006,22.636698138000042]]]}},{"type":"Feature","id":"khulna-digholia","properties":{"canonical_id":"khulna-digholia","name_en":"Digholia","name_bn":"দিঘলিয়া","district_id":"khulna","division_id":"khulna","pcode":"BD-D-27-280","parent_pcode":"BD4047","source_name":"Digholia","match_method":"exact_name_or_alias","boundary_reference_year":"2020","boundary_source":"geoBoundaries gbOpen BGD ADM3 / BBS, OCHA ROAP","source_dataset_updated":"2026-08-09"},"geometry":{"type":"Polygon","coordinates":[[[89.51454473200005,22.927581770000074],[89.51858726400008,22.91030465800003],[89.51822473100003,22.894621423000046],[89.52503041100005,22.879810263000024],[89.52724093400008,22.87050505700006],[89.53069747400008,22.86931948700004],[89.54758825200008,22.869857659000047],[89.55098538500005,22.868643168000062],[89.55163468400008,22.860818951000056],[89.55522192600006,22.85223859300004],[89.56116237900005,22.852037281000037],[89.56440675300007,22.854301744000054],[89.56994783700009,22.87035805100004],[89.56782679400004,22.87810642200003],[89.57098533000004,22.890076991000058],[89.56613563900004,22.901303149000057],[89.56973972100008,22.915212602000054],[89.57217557800004,22.918975399000033],[89.57778991200007,22.91849640600003],[89.58168802100005,22.92194281700006],[89.59252211100005,22.92080566800007],[89.59442536300008,22.92620802600004],[89.59732673300005,22.92878316900004],[89.60649488300004,22.929297914000074],[89.61159004300004,22.931014960000027],[89.61436687600008,22.952206855000043],[89.61242205600007,22.955967362000024],[89.60590889900004,22.95737746700007],[89.59396592500008,22.97131637900003],[89.58475449300005,22.977575242000057],[89.58693179500005,22.985446745000047],[89.56677209600008,22.99153559900003],[89.56345380500005,22.98971812800005],[89.56054539100006,22.983848007000063],[89.56259555000008,22.97037872100003],[89.55718221100005,22.96613269000005],[89.55621515800004,22.962694482000074],[89.54449068600007,22.951260560000037],[89.53592934700004,22.946755197000073],[89.52881696400004,22.946042055000078],[89.52268178800006,22.943091263000042],[89.52043810100008,22.93947171600007],[89.51916652200003,22.93092173200006],[89.51454473200005,22.927581770000074]]]}},{"type":"Feature","id":"khulna-dumuria","properties":{"canonical_id":"khulna-dumuria","name_en":"Dumuria","name_bn":"ডুমুরিয়া","district_id":"khulna","division_id":"khulna","pcode":"BD-D-27-283","parent_pcode":"BD4047","source_name":"Dumuria","match_method":"exact_name_or_alias","boundary_reference_year":"2020","boundary_source":"geoBoundaries gbOpen BGD ADM3 / BBS, OCHA ROAP","source_dataset_updated":"2026-08-09"},"geometry":{"type":"Polygon","coordinates":[[[89.35852108700004,22.922973239000044],[89.34121347900003,22.920575772000063],[89.33936971700007,22.909522770000024],[89.34608656900008,22.90801096000007],[89.34756515300006,22.902448057000072],[89.35224232500008,22.894624085000032],[89.35104450800009,22.889134330000047],[89.35599088900005,22.88474282900006],[89.35525567600007,22.876432074000036],[89.35231101100004,22.873597782000047],[89.34704959600003,22.87448919600007],[89.34484863500006,22.867869497000072],[89.35740079600004,22.86293770800006],[89.35676499400006,22.857191665000073],[89.35058737000008,22.85340478200004],[89.35297561700008,22.848721715000067],[89.35134328000004,22.843920652000065],[89.35151985700008,22.83943859900006],[89.35344599400008,22.836972435000064],[89.35273105600004,22.834620307000023],[89.34799881000004,22.830744915000025],[89.32855017400004,22.827313910000044],[89.32234809500005,22.827790692000065],[89.32187449900005,22.830258712000045],[89.32919213100007,22.832161276000022],[89.32890750100006,22.837912579000033],[89.29627795700009,22.84279591300003],[89.29593618200005,22.846651587000053],[89.30438998900007,22.847554243000047],[89.30963862900006,22.85241381900005],[89.29666179300006,22.85391411300003],[89.29222307200007,22.86071789300007],[89.28860843200005,22.86221314100004],[89.28511507900004,22.849530125000058],[89.27658372000008,22.853159626000036],[89.27337153800005,22.85069079300007],[89.26687560300007,22.851612316000057],[89.26708263700004,22.846513479000066],[89.26875169600004,22.844464410000057],[89.26668590000008,22.841263939000044],[89.25847725000006,22.844198404000053],[89.25525520800005,22.848003263000066],[89.25407742300007,22.846380814000042],[89.25105586700005,22.845913843000062],[89.24948509600006,22.841433906000077],[89.24740220500007,22.839881664000075],[89.24674362300004,22.835644822000063],[89.25303630700006,22.836969588000045],[89.25635821600008,22.831337139000027],[89.25354066500006,22.827808927000035],[89.25196464900006,22.821131378000075],[89.24560798900006,22.816351652000037],[89.24837636400008,22.811060558000065],[89.25512682000004,22.809361258000024],[89.25749636600005,22.81245263200003],[89.26499351900009,22.813173337000023],[89.26494344400004,22.807580135000023],[89.26738106800008,22.80600574300007],[89.26762363300008,22.803689835000057],[89.26528993300008,22.79650728100006],[89.27078532100006,22.790644239000073],[89.28381930800003,22.79085120900004],[89.28978967500007,22.794836167000028],[89.29236402100008,22.789796034000062],[89.29874704900004,22.787903800000038],[89.29681996100004,22.78510233700007],[89.29908910300009,22.781437466000057],[89.29887788100007,22.772012266000047],[89.30754634300007,22.765844496000057],[89.31013522300003,22.762213013000064],[89.31063858600004,22.750161890000072],[89.31854077400004,22.742486387000042],[89.32161847900005,22.741899329000034],[89.32538981400006,22.733733313000073],[89.33160318000006,22.729366930000026],[89.32591608100006,22.718561693000026],[89.32635076200006,22.71722544900007],[89.32948753300008,22.717695668000033],[89.32958844100006,22.716095766000024],[89.33928719100004,22.715427005000038],[89.34425775600005,22.708584594000058],[89.35349682600008,22.704730476000066],[89.35477704100003,22.69475423600005],[89.36046413200006,22.69412185300007],[89.37409650000006,22.68643404000005],[89.37892986700007,22.67735103900003],[89.38838458500004,22.67384572000003],[89.40111897000008,22.673690589000046],[89.41500623500008,22.67346893200005],[89.42168196600005,22.677286990000027],[89.42601868400004,22.67203517300004],[89.42581696500008,22.66107953900007],[89.42791158800009,22.658045533000063],[89.43355301100007,22.658023512000057],[89.43671699700008,22.661807887000066],[89.43530417800008,22.673907077000024],[89.43920551000008,22.685582289000024],[89.45494112200004,22.702924935000055],[89.46222838000006,22.70741133300004],[89.46721997800006,22.70647329800005],[89.46885458900005,22.707798765000064],[89.46875426400004,22.717396606000023],[89.46199819600008,22.738504909000028],[89.46812709000005,22.74400313800004],[89.46760448800006,22.748016524000036],[89.47319132400008,22.759546871000055],[89.47194010200008,22.763868668000043],[89.47297237800007,22.76845376600005],[89.47652051100005,22.77070688200007],[89.47769993500003,22.77595554800007],[89.48531564300004,22.786866239000062],[89.48276021200007,22.79296688100004],[89.48610892800008,22.79786511100008],[89.48527259000008,22.80206665700007],[89.48687212700008,22.80920205800004],[89.49560094900005,22.80688572300005],[89.50034658000004,22.80870567200003],[89.50382550200004,22.80828292900003],[89.50507868000005,22.811187991000054],[89.50678035600004,22.811329896000075],[89.50799947300004,22.810516978000067],[89.50718761700006,22.804856955000048],[89.50825479200006,22.80377284000008],[89.51235014100007,22.805408345000046],[89.51423100600005,22.808583156000054],[89.51974075300006,22.80776763500006],[89.52407433100007,22.810410798000078],[89.52731952300007,22.808267087000047],[89.53149455200008,22.808436933000053],[89.53213762800004,22.80532366400007],[89.53685236700005,22.806218063000074],[89.53554790900006,22.814043151000078],[89.53725306200005,22.816893293000078],[89.53240201000006,22.81928298400004],[89.53174055100004,22.82252232600007],[89.53359387500007,22.823433089000048],[89.52801576700006,22.826337310000042],[89.52379651700005,22.831458887000053],[89.51586048900003,22.832673683000053],[89.51716197100006,22.83453740300007],[89.51654280900004,22.837381073000074],[89.51363511200003,22.837901242000044],[89.51299813000008,22.848719138000035],[89.51168243900008,22.854992234000065],[89.50242635500007,22.859875505000048],[89.49937665900006,22.864256192000028],[89.48842439000003,22.871372440000073],[89.48915717500006,22.879911969000034],[89.48718858900008,22.87971821800005],[89.48699068800005,22.883021469000028],[89.48435257900007,22.882889238000075],[89.48138224300004,22.88693900900006],[89.47297901400003,22.899357133000024],[89.47464327600005,22.908379074000038],[89.46906558200004,22.911685371000033],[89.46730293100006,22.91069765900005],[89.46435601200005,22.91145106700003],[89.46081010100005,22.914711966000027],[89.46032818800006,22.917437833000065],[89.46454613500003,22.923016079000035],[89.45626221400005,22.923960144000034],[89.44566007300006,22.92134052600005],[89.43776013100006,22.922653070000024],[89.43209008400004,22.919688604000044],[89.42541886200007,22.918327117000047],[89.41203829900007,22.918179348000024],[89.40549339000006,22.91964434700003],[89.40104133000006,22.925827827000035],[89.39703454300007,22.928682415000026],[89.39183700300003,22.927475849000075],[89.38901653700003,22.923580725000022],[89.383318,22.92000750400007],[89.38417900600007,22.931917786000042],[89.37377693400003,22.934890804000077],[89.36958496100004,22.933919514000024],[89.36428684700007,22.92919998700006],[89.36394810100006,22.92420664900004],[89.35852108700004,22.922973239000044]]]}},{"type":"Feature","id":"khulna-fultola","properties":{"canonical_id":"khulna-fultola","name_en":"Fultola","name_bn":"ফুলতলা","district_id":"khulna","division_id":"khulna","pcode":"BD-D-27-279","parent_pcode":"BD4047","source_name":"Fultola","match_method":"exact_name_or_alias","boundary_reference_year":"2020","boundary_source":"geoBoundaries gbOpen BGD ADM3 / BBS, OCHA ROAP","source_dataset_updated":"2026-08-09"},"geometry":{"type":"Polygon","coordinates":[[[89.38417900600007,22.931917786000042],[89.383318,22.92000750400007],[89.38901653700003,22.923580725000022],[89.39183700300003,22.927475849000075],[89.39703454300007,22.928682415000026],[89.40104133000006,22.925827827000035],[89.40549339000006,22.91964434700003],[89.41203829900007,22.918179348000024],[89.42541886200007,22.918327117000047],[89.43209008400004,22.919688604000044],[89.43776013100006,22.922653070000024],[89.44566007300006,22.92134052600005],[89.45626221400005,22.923960144000034],[89.46454613500003,22.923016079000035],[89.46596011500009,22.922802347000072],[89.46747582300009,22.926735243000053],[89.47364029700003,22.946828981000067],[89.47588267000003,22.945745630000033],[89.48529259900005,22.94937621200006],[89.48197739500006,22.95395434900007],[89.48233434100007,22.965969252000036],[89.47773474200005,22.977241836000076],[89.46454769900004,22.994636556000046],[89.46037877900005,23.007556883000063],[89.45661238200006,23.009852558000034],[89.45161608900008,23.01016109400007],[89.43853061600004,23.007614729000068],[89.43719668200004,23.001318361000074],[89.43407547200007,22.996701993000045],[89.43007748500008,22.994863515000077],[89.43036074200006,22.97603364200006],[89.42773392600003,22.96959928900003],[89.42698346900005,22.961907594000024],[89.40632628300006,22.956826641000077],[89.40078919100006,22.94427616200005],[89.39503267000003,22.942856427000038],[89.39205347900008,22.938992934000055],[89.39578498400004,22.933635225000046],[89.38417900600007,22.931917786000042]]]}},{"type":"Feature","id":"khulna-khalishpur","properties":{"canonical_id":"khulna-khalishpur","name_en":"Khalishpur","name_bn":"খালিশপুর","district_id":"khulna","division_id":"khulna","pcode":"BD-D-27-628","parent_pcode":"BD4047","source_name":"Khalishpur","match_method":"exact_name_or_alias","boundary_reference_year":"2020","boundary_source":"geoBoundaries gbOpen BGD ADM3 / BBS, OCHA ROAP","source_dataset_updated":"2026-08-09"},"geometry":{"type":"Polygon","coordinates":[[[89.51299813000008,22.848719138000035],[89.51363511200003,22.837901242000044],[89.51654280900004,22.837381073000074],[89.51716197100006,22.83453740300007],[89.53397832700006,22.835560849000046],[89.53970322200007,22.83726168000004],[89.54461450900004,22.833913073000076],[89.54647609200003,22.83405784100006],[89.54925630800005,22.829924994000066],[89.54921640900005,22.83214543100007],[89.55502504000003,22.833547852000038],[89.55301045200008,22.843630865000023],[89.55522192600006,22.85223859300004],[89.55163468400008,22.860818951000056],[89.55098538500005,22.868643168000062],[89.54758825200008,22.869857659000047],[89.53069747400008,22.86931948700004],[89.53153050500003,22.867142055000045],[89.53009213200005,22.864013929000066],[89.53203944800003,22.858540869000024],[89.51888164700006,22.855366460000027],[89.51299813000008,22.848719138000035]]]}},{"type":"Feature","id":"khulna-khan-jahan-ali","properties":{"canonical_id":"khulna-khan-jahan-ali","name_en":"Khan Jahan Ali","name_bn":"খানজাহান আলী","district_id":"khulna","division_id":"khulna","pcode":"BD-D-27-630","parent_pcode":"BD4047","source_name":"Khan Jahan Ali","match_method":"exact_name_or_alias","boundary_reference_year":"2020","boundary_source":"geoBoundaries gbOpen BGD ADM3 / BBS, OCHA ROAP","source_dataset_updated":"2026-08-09"},"geometry":{"type":"Polygon","coordinates":[[[89.48529259900005,22.94937621200006],[89.47588267000003,22.945745630000033],[89.47364029700003,22.946828981000067],[89.46747582300009,22.926735243000053],[89.46596011500009,22.922802347000072],[89.46454613500003,22.923016079000035],[89.46032818800006,22.917437833000065],[89.46081010100005,22.914711966000027],[89.46435601200005,22.91145106700003],[89.46730293100006,22.91069765900005],[89.46906558200004,22.911685371000033],[89.47464327600005,22.908379074000038],[89.47297901400003,22.899357133000024],[89.48138224300004,22.88693900900006],[89.49151789500007,22.887273255000025],[89.49415365300007,22.890310112000066],[89.49765256800003,22.891399568000054],[89.49816285200006,22.897381290000055],[89.50306130900003,22.89759428700006],[89.50618078600007,22.895075220000024],[89.50878904000007,22.89488174300004],[89.51009055100008,22.896702040000037],[89.51098162500006,22.895301783000036],[89.51822473100003,22.894621423000046],[89.51858726400008,22.91030465800003],[89.51454473200005,22.927581770000074],[89.50408069100007,22.93339902200006],[89.48529259900005,22.94937621200006]]]}},{"type":"Feature","id":"khulna-khulna-sadar","properties":{"canonical_id":"khulna-khulna-sadar","name_en":"Khulna Sadar","name_bn":"খুলনা সদর","district_id":"khulna","division_id":"khulna","pcode":"BD-D-27-627","parent_pcode":"BD4047","source_name":"Khulna Sadar","match_method":"exact_name_or_alias","boundary_reference_year":"2020","boundary_source":"geoBoundaries gbOpen BGD ADM3 / BBS, OCHA ROAP","source_dataset_updated":"2026-08-09"},"geometry":{"type":"Polygon","coordinates":[[[89.57548473900005,22.769142635000037],[89.58224410700007,22.776169005000042],[89.58431098500006,22.78160138800007],[89.58484432200004,22.78930082900007],[89.58292618900003,22.80252007400003],[89.57990390600008,22.81053361200003],[89.57455812500007,22.81768260900003],[89.56073041900004,22.822698074000073],[89.55502504000003,22.833547852000038],[89.54921640900005,22.83214543100007],[89.54925630800005,22.829924994000066],[89.55247699300008,22.823285397000063],[89.55951860800008,22.818023220000043],[89.56094895500007,22.813271287000077],[89.55707250300009,22.812898938000046],[89.55416408100007,22.801960235000024],[89.54045776100008,22.800466637000056],[89.54287094200004,22.797631745000047],[89.55217229200008,22.79674941600007],[89.55610222400009,22.793809010000075],[89.56051381800006,22.798835875000066],[89.56456588300006,22.796616546000052],[89.56734486700003,22.789340629000037],[89.56790592100003,22.777497993000054],[89.57298881700007,22.77415809300004],[89.57548473900005,22.769142635000037]]]}},{"type":"Feature","id":"khulna-koyra","properties":{"canonical_id":"khulna-koyra","name_en":"Koyra","name_bn":"কয়রা","district_id":"khulna","division_id":"khulna","pcode":"BD-D-27-286","parent_pcode":"BD4047","source_name":"Koyra","match_method":"exact_name_or_alias","boundary_reference_year":"2020","boundary_source":"geoBoundaries gbOpen BGD ADM3 / BBS, OCHA ROAP","source_dataset_updated":"2026-08-09"},"geometry":{"type":"MultiPolygon","coordinates":[[[[89.34011224500006,21.696279418000074],[89.34598086300008,21.699409985000045],[89.34890171200004,21.704023170000028],[89.34209016500006,21.711286863000055],[89.33867144700008,21.717727292000063],[89.33675013700008,21.71831730300005],[89.33035109000008,21.701392791000046],[89.33429169900006,21.696614711000052],[89.34011224500006,21.696279418000074]]],[[[89.38419998000006,21.87287135500003],[89.38425091400006,21.877497160000075],[89.38156810100008,21.877735838000035],[89.37876344500006,21.869502855000064],[89.36472717000004,21.84697994800007],[89.36256807800004,21.83152982300004],[89.35175969900007,21.815295497000022],[89.34845011600004,21.80562551400004],[89.35057146300005,21.800614109000037],[89.35488823400004,21.796902054000043],[89.35397967100005,21.794030064000026],[89.35529119400007,21.79264868000007],[89.35520783600003,21.788441402000046],[89.35654148700007,21.78777720200003],[89.35804713400006,21.77726552100006],[89.35719149500005,21.774058910000065],[89.35842113900009,21.77377684000004],[89.35818259900003,21.764071183000055],[89.36083245400005,21.755102562000047],[89.36552951500005,21.755530862000057],[89.37947164500008,21.764536943000053],[89.38179180300006,21.771770420000053],[89.38695835600004,21.780005696000046],[89.38605430600006,21.78929348400004],[89.39467595600007,21.798312641000052],[89.38631432100004,21.78864481200003],[89.38802371600008,21.780613263000077],[89.37989783300009,21.76256082900005],[89.36624894100004,21.75467336300005],[89.36117822200004,21.753730086000076],[89.36007436200003,21.751787640000032],[89.36553798500006,21.742868736000048],[89.36892153900004,21.741447437000033],[89.37172739200008,21.74346603200007],[89.37409627300008,21.73405678200004],[89.37717809300005,21.731343355000035],[89.38348978800008,21.727111973000035],[89.38707158700004,21.72712526500004],[89.39248764000007,21.722794787000055],[89.39786545700008,21.72147560600007],[89.40512718400004,21.722410379000053],[89.40892142900003,21.72667869000003],[89.40974906200006,21.724530277000042],[89.41434887700007,21.725789706000057],[89.42640921700007,21.735967328000072],[89.42494586500004,21.74353042300004],[89.41147098600004,21.75045239700006],[89.40648334800005,21.755502129000035],[89.42650718400006,21.74417701300007],[89.43330243900004,21.74626990200005],[89.43814916000008,21.750015457000075],[89.44474674100007,21.75773464200006],[89.44716369100007,21.768069283000045],[89.45175661700006,21.76483380800005],[89.45482342300005,21.765895628000067],[89.47275288000003,21.789523357000064],[89.47401818800006,21.793447556000046],[89.47212631600007,21.799895608000043],[89.47332609100005,21.807787759000064],[89.46871465500004,21.81570901200007],[89.46373230200004,21.81819293600006],[89.45552189300008,21.81728209000005],[89.44704513100004,21.810805793000043],[89.43668644100006,21.80775522500005],[89.43214266900009,21.81058723700005],[89.43103277800003,21.817701775000046],[89.42243947900005,21.815227254000035],[89.41534247400006,21.81647868300007],[89.41597858100005,21.819246624000073],[89.41672527300005,21.816667936000044],[89.42121096900007,21.81584435700006],[89.43134221300005,21.81920087900005],[89.43335649000005,21.817520889000036],[89.43259464300007,21.81174436300006],[89.43614721500006,21.808800544000064],[89.44321968200006,21.811253701000055],[89.45541346600004,21.818289931000038],[89.46354844000007,21.818849604000036],[89.45737147200003,21.830014465000033],[89.45931099200004,21.83169419500007],[89.45658934300008,21.833740895000062],[89.45766030400006,21.834892085000035],[89.45602077500007,21.84191442200006],[89.44844599900006,21.847530475000042],[89.42352827900004,21.846006234000072],[89.41440709700004,21.848764622000033],[89.40620273100006,21.847961146000046],[89.40113402500003,21.850035142000024],[89.39317032600007,21.85784340300006],[89.39065880300006,21.862851070000033],[89.39182099600004,21.86566422100003],[89.39752561300008,21.868401713000026],[89.39591557900008,21.87423205500005],[89.38669789300008,21.87156983600005],[89.38457793300006,21.871421051000027],[89.38419998000006,21.87287135500003]]],[[[89.33579598200004,21.789545219000047],[89.33707949200004,21.794283285000063],[89.33627444100006,21.802359653000053],[89.33426360000004,21.80545883700006],[89.33732508800006,21.817058630000076],[89.35025155700004,21.83432056600003],[89.35710568300004,21.86456154700005],[89.36560406300003,21.87692867100003],[89.36403784100008,21.883615409000072],[89.35677861200008,21.880384255000024],[89.33347093800006,21.864371952000056],[89.32565317900008,21.860515520000035],[89.31449771800004,21.85758332000006],[89.31096020700005,21.852713185000027],[89.30933052700004,21.84143010400004],[89.31283741500005,21.83580900800007],[89.31422363100006,21.82805708500007],[89.32001440600004,21.819859199000064],[89.33277038000006,21.79077611200006],[89.33579598200004,21.789545219000047]]],[[[89.32176868300007,21.86152752000004],[89.33866006800008,21.869101732000047],[89.35555944700008,21.881024882000077],[89.35739159200006,21.88366132300007],[89.33353280100005,21.87586981800007],[89.31863823000003,21.862901099000055],[89.32176868300007,21.86152752000004]]],[[[89.40363077400008,21.921722397000053],[89.40820810900004,21.928165197000055],[89.40778778400005,21.929854805000048],[89.39602902100006,21.927506578000077],[89.38953509000004,21.92221726200006],[89.38571006600006,21.921413363000056],[89.38140457500003,21.922437870000067],[89.38532478100007,21.904091917000073],[89.38444509500005,21.888216631000034],[89.38199338100009,21.879001686000038],[89.38596665700004,21.87868086000003],[89.38657133400005,21.873369188000026],[89.39479673400007,21.875378991000048],[89.39714090500007,21.873798375000035],[89.39849846900006,21.868801087000065],[89.39755730600007,21.867047512000056],[89.39189882600004,21.864426792000074],[89.39176927500006,21.86209430300005],[89.40357302800004,21.85018937800004],[89.41236113900004,21.850190438000027],[89.42345766100004,21.84785410300003],[89.41835140000006,21.856128123000076],[89.42021970200005,21.862684126000033],[89.42394826300006,21.865183370000068],[89.44559769800009,21.869034313000043],[89.44968505100007,21.871677331000058],[89.45013630400007,21.874212728000032],[89.42819777000005,21.884846981000067],[89.42023448300006,21.89069942800006],[89.41143819300004,21.903949091000072],[89.40253179800004,21.914113155000052],[89.40363077400008,21.921722397000053]]],[[[89.41544528200006,21.98614278200006],[89.41056188100004,21.98689351200005],[89.40392218000005,21.983780357000057],[89.40102011100004,21.980758544000025],[89.40362730700008,21.970163726000067],[89.40211752500005,21.964313025000024],[89.39177092300008,21.959274536000066],[89.38848378500006,21.959068092000052],[89.38080058000008,21.964046007000036],[89.37562903900005,21.957314788000076],[89.37458965100006,21.952978038000026],[89.39692643400008,21.944751934000067],[89.40000397400007,21.93922768400006],[89.38920566300004,21.932057274000044],[89.39385456100007,21.928597099000058],[89.40152252200005,21.93205288100006],[89.40843298800007,21.93115356000004],[89.40887340300009,21.92650328700006],[89.40321918300003,21.91782341800007],[89.40337319600008,21.915933247000055],[89.41348328200007,21.905220362000023],[89.41978738000006,21.893613997000045],[89.42446354300006,21.889949443000035],[89.44768678800006,21.87855491700003],[89.45144091500003,21.874599630000034],[89.45073765600006,21.870963731000074],[89.44573240100004,21.867361410000058],[89.43867412500003,21.864899340000022],[89.42183468100006,21.862259532000053],[89.42104791800006,21.854177415000038],[89.42223902700005,21.85083516900005],[89.42841601100008,21.849326762000032],[89.45641664600004,21.852385605000052],[89.45973202400006,21.85588636400007],[89.46007418100004,21.86028587900006],[89.46150770400004,21.860385996000048],[89.46177300800008,21.857948674000056],[89.46351842700005,21.856806978000066],[89.46684875500006,21.85643550900005],[89.46771508900008,21.857537697000055],[89.46797801500009,21.86265405900008],[89.46524385100008,21.874836145000074],[89.46609640800006,21.879667566000023],[89.46430103300008,21.88042656300007],[89.46449939400009,21.882148278000045],[89.46705630600007,21.883303952000063],[89.46747011800005,21.889090186000033],[89.47153203500005,21.884944017000066],[89.46987456500005,21.88995847800004],[89.47173787300005,21.899278455000058],[89.46830114300008,21.899849549000066],[89.47131386300003,21.90244085300003],[89.45451868200007,21.90194533600004],[89.44990041700004,21.90393787200003],[89.44614497300006,21.90794108700004],[89.44502001400008,21.91405671700005],[89.44669019600008,21.919368941000073],[89.45690642800008,21.934223128000042],[89.43866418700009,21.94090292800007],[89.43100693800005,21.946422016000042],[89.42763332700008,21.950712923000026],[89.42390703800004,21.959783388000062],[89.41832405900004,21.965261394000038],[89.41692116600007,21.96994157300003],[89.41815377900008,21.975634755000044],[89.42447320600007,21.984597075000067],[89.42251892700006,21.986167828000077],[89.41544528200006,21.98614278200006]]],[[[89.48897013500005,21.997970889000044],[89.48770375900006,22.008006395000052],[89.47346744500004,22.029218273000026],[89.47116138800004,22.04631000200004],[89.46192392100005,22.047571812000058],[89.45429120300008,22.050616234000074],[89.44226003400007,22.062404378000053],[89.43311416900008,22.05259957100003],[89.43048254500007,22.043025121000028],[89.43876284600003,21.990062093000063],[89.43364291000006,21.982060683000043],[89.42334331000006,21.974901524000074],[89.42192714200007,21.970163677000073],[89.43756182700008,21.950043373000028],[89.45559805100004,21.94398500500006],[89.46079374900006,21.938695540000026],[89.46203862200008,21.92784729400006],[89.45283760600006,21.91538696500004],[89.45172686200004,21.911128330000054],[89.45378441100007,21.908936131000075],[89.45883357000008,21.90823570400005],[89.46625409800004,21.91036355800003],[89.47795975200006,21.910639961000072],[89.48626650000006,21.908658192000075],[89.49347826200005,21.912027263000027],[89.49858200900007,21.91032182300006],[89.50292997900004,21.912247223000065],[89.50435496200004,21.914976551000052],[89.50843121500003,21.92904419000007],[89.49954564100005,21.927726587000052],[89.48686956600005,21.933376691000035],[89.47697674000005,21.934253760000047],[89.46886039300006,21.941490292000026],[89.47324841100004,21.94722772700004],[89.47269193000005,21.94844361300005],[89.45950893800006,21.948125229000027],[89.45564215100006,21.949651983000024],[89.46052163000007,21.956925529000046],[89.46768648200003,21.961584402000028],[89.46417086900004,21.965998978000073],[89.46875044900008,21.961227317000066],[89.46246587900004,21.957322076000025],[89.45689080500006,21.94981591100003],[89.47394499700005,21.948974449000048],[89.47384654000007,21.946287238000025],[89.47061170000006,21.94114811700007],[89.47644207100006,21.93730541800005],[89.48362939000003,21.94115226300005],[89.48231644200007,21.94647308900005],[89.48422266100005,21.954958747000035],[89.48198738500008,21.958195072000024],[89.48612077500007,21.952541773000064],[89.48427306700006,21.94794818400004],[89.48490312300004,21.941316339000025],[89.47717669500008,21.935348410000074],[89.48794115700008,21.934622834000038],[89.50133391200006,21.92921395600007],[89.50749049700005,21.93439571600004],[89.50988222500007,21.939183796000066],[89.50988223000007,21.94668946400003],[89.50838641100006,21.95696366800007],[89.50601106900007,21.962167441000076],[89.50314170400009,21.96637928000007],[89.47346123300008,21.987203676000036],[89.46536340100005,21.99638887900005],[89.50204218400006,21.96861225400005],[89.49296595200008,21.984262577000038],[89.48897013500005,21.997970889000044]]],[[[89.39015888700004,22.05570653700005],[89.38363373800007,22.060827920000065],[89.37662741300005,22.063470986000027],[89.36771253200004,22.04653042900003],[89.35366280600005,22.03223938700006],[89.35593798800005,22.004729006000048],[89.36047938200005,21.99327838000005],[89.36368647500007,21.97758394600004],[89.36428135800008,21.970558716000028],[89.36258751000008,21.959652292000044],[89.38147590300008,21.929319486000054],[89.38272581900009,21.92435557400006],[89.38553175900006,21.92326840800007],[89.39141623300009,21.92683542900005],[89.38780630800005,21.930466541000044],[89.38897030200008,21.934736778000058],[89.39670429400007,21.93801036700006],[89.39796881500007,21.940114643000072],[89.39290193700003,21.944092856000054],[89.37552211100007,21.949853173000065],[89.37225738400008,21.95342170600003],[89.37275121600004,21.955922705000035],[89.37978778400009,21.96532138500004],[89.38388064600008,21.964708062000057],[89.38998694500003,21.960442381000064],[89.39222292900007,21.960948405000067],[89.40009848000005,21.964523332000056],[89.40233467900003,21.970790580000028],[89.40003093300004,21.979452296000034],[89.39470380700004,21.981875669000033],[89.39194245500005,21.98545574700006],[89.39287666700005,21.99533368300007],[89.38808236200003,21.996529003000035],[89.38418029300004,21.99944150400006],[89.38469879300004,22.005847897000024],[89.38519860700006,22.000025495000045],[89.39485173300005,21.994962388000033],[89.39545703000005,21.99271423600004],[89.39301149000005,21.98804887600005],[89.39554862200004,21.984097550000058],[89.39907557600009,21.982484328000055],[89.40566014900008,21.987236922000022],[89.41133669900006,21.98927288300007],[89.41512065900008,21.99348370200005],[89.41001019000004,21.99922928700005],[89.40963336300007,22.003232101000037],[89.41942392000004,22.01675695600005],[89.41612493700006,22.01792421300007],[89.40834070100004,22.015909604000058],[89.40877816300008,22.017161583000075],[89.41758325200004,22.01907675600006],[89.42050106100004,22.017758211000057],[89.42053409500005,22.015590944000053],[89.41087359100004,22.003409059000035],[89.41589107800007,21.994154140000035],[89.41448962000004,21.99049758600006],[89.41192057600006,21.98862704800007],[89.42351209400005,21.987748941000063],[89.42721129000006,21.98570630200004],[89.43276025900008,21.988832824000042],[89.42732526200007,22.01477292800007],[89.42733833700004,22.026511912000046],[89.41600456900005,22.03598499700007],[89.41169847100008,22.046254242000032],[89.40184304600007,22.054504903000065],[89.39015888700004,22.05570653700005]]],[[[89.49580813000006,22.030143423000027],[89.50998362100006,22.04760073500006],[89.51695824500007,22.059876563000046],[89.52007440300008,22.072731437000073],[89.51537601200005,22.079874750000045],[89.51228971400008,22.07199470000006],[89.50038806000003,22.062067329000058],[89.47873170400004,22.05030486100003],[89.47871401300006,22.044800079000026],[89.48083099900003,22.040690821000055],[89.49237833000007,22.03037167800005],[89.49580813000006,22.030143423000027]]],[[[89.47300783000009,22.04883907100003],[89.48358703800005,22.057798691000073],[89.51192717900005,22.07674765300004],[89.51371489000007,22.078708061000043],[89.51287949500005,22.080641462000074],[89.50457333300005,22.08670027000005],[89.48921497900005,22.090637979000064],[89.48655988900003,22.086912901000062],[89.47266139800007,22.07741429200007],[89.45910394800006,22.072547693000047],[89.45120257400004,22.071222135000028],[89.44422070400003,22.06414365100005],[89.44826538000007,22.057886705000044],[89.45386548300007,22.052724322000074],[89.46117969100004,22.049368885000035],[89.47300783000009,22.04883907100003]]],[[[89.30727729700004,22.107127631000026],[89.28692187600006,22.109886620000054],[89.27733844200009,22.113086021000072],[89.27036771400003,22.09762862900004],[89.26254819900004,22.089987749000045],[89.26832401100006,22.09070480400004],[89.28843720700007,22.099217830000043],[89.29451013500005,22.09975176000006],[89.29910246500003,22.098534700000073],[89.30480169300006,22.094777444000044],[89.30735241800005,22.091177470000048],[89.30859765600007,22.085288856000034],[89.30698905800006,22.07699158400004],[89.32817682200005,22.06034597100006],[89.33747291900005,22.057234624000046],[89.34194406000006,22.058011530000044],[89.34315455600006,22.05946185700003],[89.34209499700006,22.062896789000035],[89.32319217300005,22.085425013000076],[89.31823088000004,22.105252274000065],[89.30727729700004,22.107127631000026]]],[[[89.50664027700003,22.092260925000062],[89.50114787500007,22.104013959000042],[89.49879987100007,22.120741070000065],[89.49573254900008,22.130634864000058],[89.48278175800004,22.144154721000064],[89.47362706300004,22.141346577000036],[89.47060815300006,22.13591176700004],[89.47182612700004,22.12190362700005],[89.48533141200005,22.097136974000023],[89.48943985600005,22.09339046900004],[89.50925423700005,22.08764661400005],[89.50664027700003,22.092260925000062]]],[[[89.44311137400007,22.159878270000036],[89.43502766000006,22.163195925000025],[89.42546935300004,22.159638080000036],[89.41716756000005,22.158928521000064],[89.40815066800008,22.149431949000075],[89.41161985200006,22.137233724000055],[89.40831245600003,22.127461494000045],[89.40424071900009,22.12447529700006],[89.38733570800008,22.119727692000026],[89.38345170600007,22.116156165000064],[89.38385896900007,22.101147463000075],[89.39092953000005,22.092485073000034],[89.39178650700006,22.08435835000006],[89.38927186000006,22.076917511000033],[89.37719453900007,22.066133714000046],[89.39104025100005,22.056685513000048],[89.40335290300004,22.054981042000065],[89.40876627300008,22.051092528000027],[89.41261754100003,22.047071471000038],[89.41765036300006,22.036358722000045],[89.42748857600003,22.028909347000024],[89.42607275600005,22.045565295000074],[89.42783721800004,22.05328955400006],[89.43352454900008,22.06096050900004],[89.44717796300006,22.07233081000004],[89.44855765000005,22.07498504600005],[89.43807727500007,22.08586189700003],[89.43552626100006,22.093810572000052],[89.42984318300006,22.097560659000067],[89.41772837300005,22.101010511000027],[89.41318927900005,22.110659161000058],[89.41341847500007,22.114799332000075],[89.42374825100006,22.118349554000076],[89.42395327200006,22.128739584000073],[89.42996614900005,22.139094939000074],[89.43210060000007,22.140490820000025],[89.42475540500004,22.128204032000042],[89.42559118700007,22.121980732000054],[89.42421932100007,22.117400085000043],[89.41464872200004,22.11462136800003],[89.41655708000008,22.104858570000033],[89.41889462300009,22.101485569000033],[89.43037956600006,22.098651997000047],[89.43796106700006,22.093945441000074],[89.43981716800005,22.08757703200007],[89.45039883700008,22.075806302000046],[89.46697220100003,22.079594850000035],[89.48176472000006,22.08678145500005],[89.48539326500008,22.08993571800005],[89.47401692500006,22.100880661000076],[89.45889156600003,22.120639964000077],[89.45823793100004,22.127792898000052],[89.46280784300006,22.143095575000075],[89.45384232500004,22.14895695200005],[89.44311137400007,22.159878270000036]]],[[[89.33341876100008,22.124424557000054],[89.32696954500005,22.12796118800003],[89.32544555300007,22.133023002000073],[89.32720599800007,22.140828342000077],[89.33728088300006,22.151549792000026],[89.33470474500007,22.160860453000055],[89.33360857900004,22.174547035000046],[89.33181668800006,22.181774244000053],[89.32321543700004,22.184453458000064],[89.31952439900004,22.17642126800007],[89.31167045900008,22.166706676000047],[89.30486933100008,22.161045130000048],[89.29211012400003,22.153634606000026],[89.28944326800007,22.150537061000023],[89.28425956600006,22.131396799000072],[89.27883487800005,22.121417465000036],[89.27819030200004,22.117332945000044],[89.28062652900007,22.114718469000024],[89.31833966500005,22.108463209000035],[89.32249534000005,22.103287033000072],[89.32732677600006,22.084962139000027],[89.33782795000008,22.073863390000042],[89.34454699100007,22.064352937000024],[89.34433485100004,22.056760861000043],[89.34063080800007,22.054886639000074],[89.33305822700004,22.054634624000073],[89.31916039400005,22.061199418000058],[89.30439320000005,22.072105546000046],[89.29675306800004,22.067895751000037],[89.28953036800004,22.061519802000078],[89.31301944400008,22.020486850000054],[89.32501506600005,21.992837602000066],[89.34113604000004,21.97608253100003],[89.34704784600007,21.97223384800003],[89.34956115000006,21.983095934000062],[89.34581916900004,22.001844869000024],[89.34594619100005,22.009397413000045],[89.34197014600005,22.01902381600007],[89.34273925700006,22.031480531000057],[89.34728569300006,22.03990586200007],[89.36280841000007,22.052070831000037],[89.36545354200007,22.06305594300005],[89.37263534300007,22.074221083000054],[89.38235656300003,22.084170266000058],[89.38459329200003,22.090325610000036],[89.38244480400004,22.09243771200005],[89.36976628200006,22.09545726400006],[89.36405292600006,22.09989348000005],[89.36014357300007,22.107972795000023],[89.34856068500005,22.113082105000046],[89.34599565400003,22.120180556000037],[89.34928870200008,22.132166699000038],[89.34534432200007,22.13104792300004],[89.33763522300006,22.12490245300006],[89.33341876100008,22.124424557000054]]],[[[89.45746682800007,22.223907304000022],[89.46143357800008,22.24342708100005],[89.45999586300007,22.246024976000058],[89.45790061900004,22.24656823400005],[89.43615242700008,22.23570561100007],[89.41838131100008,22.231611300000054],[89.41964637700005,22.226020067000036],[89.41407913400008,22.22377321700003],[89.41074938600008,22.219299213000056],[89.40694581300005,22.219329720000076],[89.40155680900006,22.221922525000025],[89.39452242100003,22.220471098000075],[89.40401571700005,22.213561499000036],[89.40592456100006,22.210266528000034],[89.40433831600006,22.20680887000003],[89.39420788200005,22.20135472800007],[89.40291142000007,22.200530332000028],[89.41253527900005,22.197519155000066],[89.41625482000006,22.193693041000074],[89.41790785500007,22.18333317200006],[89.42915206900005,22.174513300000058],[89.43309580200008,22.166364721000036],[89.44376817700004,22.164960533000055],[89.45371744200008,22.15288922600007],[89.46219891000004,22.14823120500006],[89.46348686700009,22.152559436000047],[89.45748976700008,22.15422250100005],[89.45496872400008,22.160622998000065],[89.44594283100008,22.165898456000036],[89.44121095400004,22.171028103000026],[89.44242547800008,22.175184298000033],[89.43553097200004,22.180234927000072],[89.43427350600007,22.183213804000047],[89.43674151800008,22.18490891400006],[89.43700336700005,22.187054576000037],[89.43845052100005,22.185157040000036],[89.43574338800005,22.181924197000058],[89.44366680600007,22.17570518100007],[89.44241751400006,22.170746811000072],[89.45575252000003,22.16140537700005],[89.45689042200007,22.156479052000066],[89.45900004400005,22.154916092000065],[89.46387689900007,22.153523707000033],[89.46586713400006,22.15786580200006],[89.47123018100007,22.161496955000075],[89.47166297400008,22.167668709000054],[89.45910522000008,22.196667818000037],[89.45658858800005,22.215120676000026],[89.45746682800007,22.223907304000022]]],[[[89.45740993200008,22.251528001000054],[89.46219378200004,22.25297947200005],[89.47678451600007,22.267319022000038],[89.47890051600007,22.272539334000044],[89.46522592400004,22.291467241000078],[89.44875573200005,22.323128840000038],[89.44123418800007,22.33151908600007],[89.42269784000007,22.346638487000064],[89.42210059600006,22.342586330000074],[89.42618051400007,22.33190548600004],[89.42560669900007,22.327084685000045],[89.40974780100004,22.304316361000076],[89.43006817600008,22.289631986000074],[89.43394722300008,22.278560821000042],[89.43215255300004,22.272731282000052],[89.41909130700003,22.25592896300003],[89.41476061700007,22.238201073000027],[89.41978956000008,22.236467616000027],[89.42490498800004,22.238035127000046],[89.43920645100008,22.245143222000024],[89.44443491200008,22.249176816000045],[89.44455581100004,22.250972466000064],[89.44632106100005,22.249771311000075],[89.45740993200008,22.251528001000054]]],[[[89.25132152400005,22.344413239000062],[89.25102147700005,22.33939785900003],[89.25358049600004,22.33473471600007],[89.26065384500004,22.324846680000064],[89.27565117300009,22.309790993000036],[89.27790744400005,22.296883856000022],[89.28160762300007,22.287391626000044],[89.28710856400005,22.28619518000005],[89.30841785200005,22.287176345000034],[89.31268387700004,22.285871567000072],[89.31437548900004,22.28366429500005],[89.31235243300006,22.275735576000045],[89.29533502400005,22.261308675000066],[89.29200238100003,22.25661436400003],[89.29694435700009,22.246899838000047],[89.31138014100009,22.231602001000056],[89.31085295200006,22.228659510000057],[89.30275141900006,22.216635848000067],[89.30569042400003,22.21445768500007],[89.31323002700003,22.21001702500007],[89.31881646200009,22.21109351900003],[89.33004564400005,22.20060820300006],[89.33082518000003,22.201546991000043],[89.32668083600004,22.211854884000047],[89.32820199700006,22.214516874000026],[89.33190840300006,22.21659752100004],[89.33172913300007,22.21174864900007],[89.33539840700007,22.20336037900006],[89.33483900100003,22.19893144200006],[89.32498563500008,22.19544697400005],[89.32450479900007,22.190319044000034],[89.33337533200006,22.18531377000005],[89.33716749500007,22.179436526000075],[89.34069329900007,22.153250164000042],[89.33965062200008,22.147237457000074],[89.32998287900006,22.135990460000073],[89.33221309400005,22.129831034000063],[89.33559223300006,22.128035468000064],[89.34409261400003,22.136076570000057],[89.35169238900005,22.13637428800007],[89.35451493900007,22.132418667000024],[89.35483538200003,22.12932406400006],[89.35082437200003,22.118413050000072],[89.36450209900005,22.109792114000072],[89.36973511600007,22.099815269000032],[89.37992687600007,22.100466039000025],[89.38079194400007,22.108209611000063],[89.37957825300003,22.11617396300005],[89.38204445200006,22.120439520000048],[89.38668089600009,22.123589021000043],[89.40523838900003,22.130281403000026],[89.39099770100006,22.135521204000042],[89.37655724500007,22.138132592000034],[89.37622982600004,22.140091743000028],[89.38403077700008,22.157119043000023],[89.37038984400004,22.159342693000042],[89.36876545700005,22.162374686000078],[89.38256517200006,22.180918306000024],[89.37609128400004,22.184227215000078],[89.36489283800006,22.181564921000074],[89.35782999000008,22.181637742000078],[89.35629217700006,22.18424589800003],[89.36010281800009,22.190809736000062],[89.35838958300008,22.185905707000074],[89.35925391400008,22.182274602000064],[89.37409426800008,22.185044477000076],[89.38032665000009,22.183741139000063],[89.38364572400008,22.181564663000074],[89.37029121000006,22.16230097300007],[89.37127286300006,22.160126701000024],[89.38566670200004,22.15734400900004],[89.37829700200007,22.139917255000057],[89.37896818400009,22.13833799300005],[89.38836702700007,22.137998572000072],[89.40640521300008,22.133921049000037],[89.40849451500009,22.14046568400005],[89.40585920900008,22.147128950000024],[89.40618331300004,22.15215310600007],[89.41577959700004,22.161536959000045],[89.42442555500008,22.162316694000026],[89.42771663900004,22.163923650000072],[89.42899827600007,22.16650936700006],[89.42451491100007,22.174025244000063],[89.41428617900004,22.18439694500006],[89.41058740000005,22.19535551000007],[89.40132076900005,22.198368172000073],[89.38778314400008,22.19855272500007],[89.38511712200005,22.20036473700003],[89.38368657000007,22.206941477000044],[89.37912740800004,22.211199227000066],[89.37545187700005,22.21304081100004],[89.37075090800005,22.212826498000027],[89.36648122600008,22.209746556000027],[89.36761198800008,22.21315677800004],[89.36525369700007,22.214786424000067],[89.37583054600003,22.213593339000056],[89.38034374200004,22.21169706300003],[89.38516318500007,22.206912900000077],[89.38600112000006,22.200931007000065],[89.38880130600006,22.199290850000068],[89.39044059600008,22.199763661000077],[89.39134442800008,22.203258421000044],[89.40217613900006,22.209001587000046],[89.40096686000004,22.212757286000056],[89.39202440600008,22.220369469000048],[89.39338073300007,22.22268018500006],[89.40097185600007,22.223720121000042],[89.40275300600007,22.22743147600005],[89.39741084900004,22.224576782000042],[89.39488203100007,22.225770899000054],[89.39389991700006,22.228094353000074],[89.39578792800006,22.23308985500006],[89.39512293800004,22.236126485000057],[89.38952151700005,22.242054453000037],[89.39441427300005,22.24071030600004],[89.39647753000008,22.235913854000046],[89.39504458500005,22.228168062000066],[89.39629706400007,22.225936792000027],[89.39889373400007,22.226108171000078],[89.40277191100006,22.228910304000067],[89.40287908600004,22.223578919000033],[89.40995859500003,22.220029800000077],[89.41341212600008,22.224630743000034],[89.41905252100008,22.22671723800005],[89.41686734300004,22.231444113000066],[89.41157104500007,22.23536755400005],[89.40893765000004,22.241377214000067],[89.40857975500006,22.247819998000068],[89.41199612300005,22.258417445000077],[89.39413050500008,22.26198432900003],[89.38520314400006,22.268938578000075],[89.38118859900004,22.25966633400003],[89.37841312000006,22.25740712700008],[89.37538364900007,22.259097568000072],[89.37100458600008,22.267745941000044],[89.36918150400004,22.268665982000073],[89.36407665400003,22.265800384000045],[89.36120810100005,22.269315757000072],[89.35105756000007,22.262702770000033],[89.34635357400003,22.262009756000054],[89.34605330000005,22.26351326300005],[89.35108603400005,22.26415791200003],[89.36002636500007,22.27052165300006],[89.36183822600003,22.270555037000065],[89.36401738700005,22.26817692800006],[89.37021725700004,22.269560694000063],[89.37257063300007,22.268754767000075],[89.37470365900003,22.262240468000073],[89.37823910800006,22.258626048000053],[89.38093886200005,22.261764089000053],[89.38398168400005,22.270396608000055],[89.39358167500006,22.26300764100006],[89.41414041200005,22.25921651400006],[89.41735217300004,22.264816732000043],[89.42397801300007,22.27057131500004],[89.42580762000006,22.274886173000027],[89.41677219800005,22.273392444000024],[89.40871668800008,22.277603648000024],[89.40723187400005,22.27263518600006],[89.40546815400006,22.27153449700006],[89.40403809600008,22.27186916100004],[89.40101385700007,22.278381422000052],[89.39476162300008,22.275254219000033],[89.39275561300008,22.277666709000073],[89.39021906400006,22.29090551200005],[89.39401789600004,22.282498389000068],[89.39424528800004,22.276609085000075],[89.40236605400008,22.279326785000023],[89.40532196700008,22.27303812200006],[89.40739908800003,22.27859258500007],[89.41773481700005,22.274597422000056],[89.42187710400003,22.275177692000057],[89.42666135100006,22.277376366000055],[89.42696396700006,22.28239215900004],[89.42418359000004,22.286298561000024],[89.41280225900005,22.292212883000047],[89.41085388100004,22.291963035000038],[89.40938407900006,22.289002453000023],[89.40712733300006,22.288729700000033],[89.40388823000006,22.290052889000037],[89.40232566700007,22.293395359000044],[89.39505770300008,22.296892524000043],[89.38329681900007,22.296606033000046],[89.38191057900008,22.302152114000023],[89.37638997300007,22.304384107000033],[89.37672007100008,22.314704934000076],[89.36969377200006,22.315284743000063],[89.36183334900005,22.32146762700006],[89.36182414800004,22.325359218000074],[89.36576450300004,22.319328467000048],[89.37871818300005,22.315770416000078],[89.37766069900005,22.30551992100004],[89.38343859600008,22.30259804800005],[89.38460412500007,22.297144845000048],[89.39547726200004,22.297811033000073],[89.40248749500006,22.29457742900007],[89.40662357000008,22.289636622000046],[89.41110325100004,22.293844702000058],[89.41916066500005,22.29063138400005],[89.40967835000004,22.29795619400005],[89.40590377400008,22.305835563000073],[89.40688296200005,22.310977491000074],[89.41619176900008,22.321263961000056],[89.39873401300008,22.33189096700005],[89.39579142600007,22.335349049000058],[89.39680853600004,22.34129432800006],[89.40013277500003,22.34767388100005],[89.38674149900004,22.347469318000037],[89.38251359600008,22.34996467600007],[89.38060880800003,22.356233970000062],[89.38256086600006,22.372292065000067],[89.36493639500009,22.371664619000057],[89.36244599800006,22.373572825000053],[89.36166007500003,22.376581378000026],[89.36697281300007,22.387435783000058],[89.36513879700004,22.39275318400007],[89.36645493000003,22.392796173000022],[89.36880177600005,22.388858983000034],[89.36882018800009,22.38477774000006],[89.36474144600004,22.374558351000076],[89.37587952200005,22.375260311000034],[89.38433834700004,22.37340463700008],[89.38492389100008,22.367044201000056],[89.38290076700008,22.354876911000076],[89.38408113400004,22.350651854000034],[89.40062924200004,22.350095113000066],[89.40268248500007,22.345007572000043],[89.39879040100004,22.338204192000035],[89.39869959900005,22.33425603200004],[89.42134996600004,22.32444970000006],[89.42388083300006,22.327649676000078],[89.42419424000008,22.331506312000045],[89.41994229400007,22.342290380000065],[89.42272688700007,22.350196830000073],[89.40847730900003,22.365021718000037],[89.40880039200005,22.377281888000027],[89.39971031000005,22.388461145000065],[89.39938273500007,22.392778113000077],[89.39669324300007,22.392861264000032],[89.38818822500008,22.398655293000047],[89.39533948100006,22.394145226000035],[89.40077719100003,22.39310935000003],[89.40273082000004,22.38655262800006],[89.40572288800007,22.38195722000006],[89.40922257000005,22.37966922100003],[89.41024274900008,22.37666014200005],[89.40903387700007,22.36641045500005],[89.41662068100004,22.35755114600005],[89.42253340000008,22.354213697000034],[89.42600602600004,22.367848347000063],[89.43875946300005,22.385936341000047],[89.42787356000008,22.399496185000032],[89.42447800800005,22.411541529000033],[89.43444379100004,22.413663532000044],[89.43642936600008,22.422734825000077],[89.43589924100007,22.434822817000054],[89.42978820000008,22.462576142000046],[89.42453263100003,22.46103895500005],[89.42295164800004,22.47667476500004],[89.41219120400007,22.475484661000053],[89.40545937900004,22.479429476000064],[89.39945116200005,22.475114200000064],[89.39469291600005,22.476050599000075],[89.39535736400006,22.47070482400005],[89.39148141700008,22.465644045000033],[89.38215929300009,22.46605917000005],[89.38003874400005,22.46875099600004],[89.37647240900003,22.468148927000072],[89.37630319900006,22.471954019000066],[89.37135676700007,22.469620486000053],[89.36874164400007,22.473139638000077],[89.36197696600004,22.47354381400004],[89.35318212000004,22.477833668000073],[89.34284800800003,22.470880543000078],[89.34084970200007,22.474140611000053],[89.34128300400005,22.477578289000064],[89.34475827900008,22.48366788800007],[89.35060774500005,22.487855523000064],[89.35024379000004,22.48968140100004],[89.35280874300008,22.49006464300004],[89.35325847900003,22.494287720000045],[89.35064981000005,22.496354695000036],[89.34223809400004,22.49576218800007],[89.33301843500004,22.503579056000035],[89.32786100400006,22.503341661000036],[89.32576051400008,22.507890919000033],[89.33000578100007,22.516687631000025],[89.32561244900006,22.522192224000037],[89.32192749000006,22.518959650000056],[89.30999946700007,22.513619521000066],[89.30326209100008,22.51325232000005],[89.29748962100007,22.509122886000057],[89.29467234700007,22.503160824000076],[89.28558571800005,22.502338252000072],[89.27905772800005,22.503899930000046],[89.27392441500007,22.499356419000037],[89.26957558200007,22.499839821000023],[89.26133332800003,22.495012203000044],[89.25961235700004,22.49608720300006],[89.25751038600004,22.494430602000023],[89.26604716600008,22.48762197800005],[89.28233107600005,22.480041296000024],[89.28513977900008,22.477128295000057],[89.28410661300006,22.474955925000074],[89.27838799100005,22.472044200000028],[89.25842319300006,22.466785583000046],[89.25519276600005,22.463125364000064],[89.25886906500006,22.45559246700003],[89.25872169500008,22.452634979000038],[89.25599289100006,22.45047186100004],[89.24714758600004,22.450077407000038],[89.24129477400004,22.437327322000044],[89.24074634400006,22.42856271900007],[89.24283811500004,22.422084995000034],[89.25313761200005,22.406003938000026],[89.25493138600007,22.400236606000078],[89.25382787800004,22.39374196400007],[89.24210564500004,22.379428965000045],[89.24034727600008,22.373430274000043],[89.24316853900007,22.37035736400003],[89.24740345800006,22.369998543000065],[89.25571646500003,22.373249870000052],[89.26116762200007,22.37796756800003],[89.26392058400006,22.378002980000076],[89.27310376300005,22.347876941000038],[89.27208558400008,22.344546541000057],[89.26818687200006,22.342453758000033],[89.25504563600003,22.34557204300006],[89.25132152400005,22.344413239000062]]]]}},{"type":"Feature","id":"khulna-paikgasa","properties":{"canonical_id":"khulna-paikgasa","name_en":"Paikgasa","name_bn":"পাইকগাছা","district_id":"khulna","division_id":"khulna","pcode":"BD-D-27-278","parent_pcode":"BD4047","source_name":"Paikgasa","match_method":"exact_name_or_alias","boundary_reference_year":"2020","boundary_source":"geoBoundaries gbOpen BGD ADM3 / BBS, OCHA ROAP","source_dataset_updated":"2026-08-09"},"geometry":{"type":"Polygon","coordinates":[[[89.25751038600004,22.494430602000023],[89.25961235700004,22.49608720300006],[89.26133332800003,22.495012203000044],[89.26957558200007,22.499839821000023],[89.27392441500007,22.499356419000037],[89.27905772800005,22.503899930000046],[89.28558571800005,22.502338252000072],[89.29467234700007,22.503160824000076],[89.29748962100007,22.509122886000057],[89.30326209100008,22.51325232000005],[89.30999946700007,22.513619521000066],[89.32192749000006,22.518959650000056],[89.32561244900006,22.522192224000037],[89.33000578100007,22.516687631000025],[89.32576051400008,22.507890919000033],[89.32786100400006,22.503341661000036],[89.33301843500004,22.503579056000035],[89.34223809400004,22.49576218800007],[89.35064981000005,22.496354695000036],[89.35325847900003,22.494287720000045],[89.35280874300008,22.49006464300004],[89.35024379000004,22.48968140100004],[89.35060774500005,22.487855523000064],[89.34475827900008,22.48366788800007],[89.34128300400005,22.477578289000064],[89.34084970200007,22.474140611000053],[89.34284800800003,22.470880543000078],[89.35318212000004,22.477833668000073],[89.36197696600004,22.47354381400004],[89.36874164400007,22.473139638000077],[89.37135676700007,22.469620486000053],[89.37630319900006,22.471954019000066],[89.37647240900003,22.468148927000072],[89.38003874400005,22.46875099600004],[89.38215929300009,22.46605917000005],[89.39148141700008,22.465644045000033],[89.39535736400006,22.47070482400005],[89.39469291600005,22.476050599000075],[89.39945116200005,22.475114200000064],[89.40545937900004,22.479429476000064],[89.41219120400007,22.475484661000053],[89.42295164800004,22.47667476500004],[89.42071019200006,22.49885904200005],[89.41759518600009,22.505969519000075],[89.41010127200008,22.515912956000022],[89.40837771100007,22.521579812000027],[89.41146057900005,22.531511265000063],[89.42226776200005,22.543029739000076],[89.42444469300005,22.549769351000066],[89.40998979000005,22.563250571000026],[89.40166648600007,22.573700552000048],[89.40144959200006,22.57613008000004],[89.41440737600004,22.584571787000073],[89.42095366300003,22.593247788000042],[89.42831858400007,22.59494088200006],[89.43323053800003,22.601075777000062],[89.44001543500008,22.60288881400004],[89.44735397900007,22.615487416000065],[89.46071838200004,22.625738669000043],[89.46159773000005,22.62997925700006],[89.45502449800006,22.636698138000042],[89.44157062700003,22.64565301600004],[89.43606873100003,22.647529122000037],[89.41540875300007,22.64300127000007],[89.40724110400004,22.64440197600004],[89.40434576300004,22.647926479000034],[89.40050589100008,22.669168416000048],[89.40111897000008,22.673690589000046],[89.38838458500004,22.67384572000003],[89.37892986700007,22.67735103900003],[89.37409650000006,22.68643404000005],[89.36046413200006,22.69412185300007],[89.35477704100003,22.69475423600005],[89.35349682600008,22.704730476000066],[89.34425775600005,22.708584594000058],[89.33928719100004,22.715427005000038],[89.32958844100006,22.716095766000024],[89.32282720500007,22.71546825200005],[89.32133716500005,22.713482492000026],[89.31149998900008,22.715500062000046],[89.31085392200004,22.71770142500003],[89.30574195100007,22.71381782700007],[89.30621367900005,22.705828998000072],[89.30447899400008,22.703915704000053],[89.30865818600006,22.699030658000027],[89.30953441900004,22.69502502200004],[89.30586957800006,22.686137235000047],[89.30037076400004,22.68296487500004],[89.28644616500009,22.697095427000022],[89.28250793100005,22.698165775000064],[89.27584973800003,22.696384441000077],[89.26833234000009,22.70077320100006],[89.26544334500005,22.70581750300005],[89.26413707000006,22.71482676000005],[89.26238043200004,22.71766867900004],[89.26031003500003,22.717955240000038],[89.25948247700006,22.695585466000068],[89.26345729000008,22.682222032000027],[89.26229616400008,22.668849005000027],[89.27846002000007,22.65966283100005],[89.29075890700005,22.656088563000026],[89.30169869200006,22.64695354400004],[89.28071930600004,22.63566611300007],[89.27635461500006,22.63139286200004],[89.27713311600007,22.628890725000076],[89.29051832500005,22.62410770400004],[89.28763031400007,22.62065062000005],[89.27170627600003,22.625772227000027],[89.26354661600004,22.632130070000073],[89.26583620400004,22.64574770100006],[89.26439350600003,22.651611100000025],[89.25956190500006,22.658243914000025],[89.25472587500008,22.659133019000024],[89.25139322600006,22.657726912000044],[89.24990227800004,22.64719747500004],[89.24523817800008,22.640672120000033],[89.24317786900008,22.637768906000076],[89.24587052900006,22.633913328000062],[89.25711713100009,22.62617083500004],[89.26008933200006,22.622352427000067],[89.25844908600004,22.619185982000033],[89.24512042400005,22.618075392000037],[89.24320856000008,22.614163957000073],[89.24327276500009,22.61015258200007],[89.24519875000004,22.608624277000047],[89.25405841800006,22.607829536000054],[89.26193774700005,22.60458512500003],[89.26497331000007,22.600685877000046],[89.26491787500004,22.59509306900003],[89.26180878700006,22.579043288000037],[89.25875292400008,22.57254911800004],[89.25577410300008,22.570383977000063],[89.24564166400006,22.569343909000054],[89.24204854800007,22.567730062000066],[89.23419306700004,22.551767140000038],[89.23675488800006,22.54407461900007],[89.24824471100004,22.52997294900007],[89.25144873600004,22.507073512000034],[89.25460527600006,22.49786970100007],[89.25751038600004,22.494430602000023]]]}},{"type":"Feature","id":"khulna-rupsha","properties":{"canonical_id":"khulna-rupsha","name_en":"Rupsha","name_bn":"রূপসা","district_id":"khulna","division_id":"khulna","pcode":"BD-D-27-281","parent_pcode":"BD4047","source_name":"Rupsha","match_method":"exact_name_or_alias","boundary_reference_year":"2020","boundary_source":"geoBoundaries gbOpen BGD ADM3 / BBS, OCHA ROAP","source_dataset_updated":"2026-08-09"},"geometry":{"type":"Polygon","coordinates":[[[89.60851010800008,22.76081248400004],[89.61120900300006,22.76518119900004],[89.61124771300007,22.773978928000076],[89.61585115100007,22.77586201300005],[89.61832718200003,22.77582617300004],[89.62196541400004,22.772958464000055],[89.62543046700006,22.768348462000063],[89.62907044400004,22.766846928000064],[89.63113314400005,22.762876617000074],[89.63184202800005,22.767102900000054],[89.63265880800003,22.76583442200007],[89.63829074000006,22.767195554000068],[89.64412079200008,22.774140861000035],[89.64711366900008,22.763343243000065],[89.64716244900006,22.752884893000044],[89.65422211100008,22.75499445300005],[89.65724507200008,22.75836573500004],[89.65497827500008,22.772656079000058],[89.66105975800008,22.776231478000057],[89.66010094700005,22.778875455000048],[89.66428783300006,22.79121272200007],[89.66587944400004,22.79539271400006],[89.66815750000006,22.796409522000033],[89.66593277500004,22.79887162700004],[89.67690064400006,22.79650623400005],[89.67536056700004,22.803204100000073],[89.67696356600004,22.808307410000054],[89.67503208800008,22.81049470800008],[89.67584581800008,22.812647498000047],[89.68012438600005,22.816494307000028],[89.69371447800006,22.81791331200003],[89.70236741000008,22.82079195800003],[89.70670984500003,22.824010905000023],[89.70849101100004,22.823334956000053],[89.71131920300007,22.825670784000067],[89.71551417400008,22.836714046000054],[89.71782072500008,22.848350636000077],[89.71377180500008,22.85138660800004],[89.71140812400006,22.85801526800003],[89.70512317900005,22.858920658000045],[89.70091030700007,22.86421890500003],[89.69870416100008,22.86492105600007],[89.69526736600005,22.874188613000058],[89.69892967000004,22.87760124500005],[89.68786014600005,22.887489725000023],[89.68627470200005,22.880678123000052],[89.66841423600005,22.87895882400005],[89.66154515600005,22.87571768300006],[89.65966947300006,22.873978110000053],[89.65861982900003,22.868176881000068],[89.65978977500004,22.85539349900006],[89.65439829600007,22.849092822000046],[89.65232752000009,22.849149855000064],[89.65070730600007,22.85371108700008],[89.64650448600008,22.854375375000075],[89.63925693600004,22.848166605000074],[89.63627358500008,22.84915068600003],[89.62791346700004,22.832215443000052],[89.62350407700006,22.836987795000027],[89.61589235700006,22.83308010500008],[89.60761602300005,22.832012604000056],[89.60520841700009,22.834792381000057],[89.60550195600007,22.84167893700004],[89.60660196400005,22.843627824000066],[89.60986444600007,22.843052620000037],[89.61147264000004,22.84433480200005],[89.61009776700007,22.847429384000066],[89.60659656600006,22.848363649000078],[89.60059658800003,22.84632576200005],[89.59275624900005,22.851329676000034],[89.58606965900003,22.85225699800003],[89.57635246100006,22.856638661000034],[89.56440675300007,22.854301744000054],[89.56116237900005,22.852037281000037],[89.55522192600006,22.85223859300004],[89.55301045200008,22.843630865000023],[89.55502504000003,22.833547852000038],[89.56073041900004,22.822698074000073],[89.57455812500007,22.81768260900003],[89.57990390600008,22.81053361200003],[89.58292618900003,22.80252007400003],[89.58484432200004,22.78930082900007],[89.58431098500006,22.78160138800007],[89.58224410700007,22.776169005000042],[89.57548473900005,22.769142635000037],[89.57177741500004,22.763631830000065],[89.58177562900005,22.76818953800006],[89.59385665100007,22.76125975100007],[89.60851010800008,22.76081248400004]]]}},{"type":"Feature","id":"khulna-sonadanga","properties":{"canonical_id":"khulna-sonadanga","name_en":"Sonadanga","name_bn":"সোনাডাঙ্গা","district_id":"khulna","division_id":"khulna","pcode":"BD-D-27-629","parent_pcode":"BD4047","source_name":"Sonadanga","match_method":"exact_name_or_alias","boundary_reference_year":"2020","boundary_source":"geoBoundaries gbOpen BGD ADM3 / BBS, OCHA ROAP","source_dataset_updated":"2026-08-09"},"geometry":{"type":"Polygon","coordinates":[[[89.54045776100008,22.800466637000056],[89.55416408100007,22.801960235000024],[89.55707250300009,22.812898938000046],[89.56094895500007,22.813271287000077],[89.55951860800008,22.818023220000043],[89.55247699300008,22.823285397000063],[89.54925630800005,22.829924994000066],[89.54647609200003,22.83405784100006],[89.54461450900004,22.833913073000076],[89.53970322200007,22.83726168000004],[89.53397832700006,22.835560849000046],[89.51716197100006,22.83453740300007],[89.51586048900003,22.832673683000053],[89.52379651700005,22.831458887000053],[89.52801576700006,22.826337310000042],[89.53359387500007,22.823433089000048],[89.53174055100004,22.82252232600007],[89.53240201000006,22.81928298400004],[89.53725306200005,22.816893293000078],[89.53554790900006,22.814043151000078],[89.53685236700005,22.806218063000074],[89.54045776100008,22.800466637000056]]]}},{"type":"Feature","id":"khulna-terokhada","properties":{"canonical_id":"khulna-terokhada","name_en":"Terokhada","name_bn":"তেরখাদা","district_id":"khulna","division_id":"khulna","pcode":"BD-D-27-282","parent_pcode":"BD4047","source_name":"Terokhada","match_method":"exact_name_or_alias","boundary_reference_year":"2020","boundary_source":"geoBoundaries gbOpen BGD ADM3 / BBS, OCHA ROAP","source_dataset_updated":"2026-08-09"},"geometry":{"type":"Polygon","coordinates":[[[89.56440675300007,22.854301744000054],[89.57635246100006,22.856638661000034],[89.58606965900003,22.85225699800003],[89.59275624900005,22.851329676000034],[89.60059658800003,22.84632576200005],[89.60659656600006,22.848363649000078],[89.61009776700007,22.847429384000066],[89.61147264000004,22.84433480200005],[89.60986444600007,22.843052620000037],[89.60660196400005,22.843627824000066],[89.60550195600007,22.84167893700004],[89.60520841700009,22.834792381000057],[89.60761602300005,22.832012604000056],[89.61589235700006,22.83308010500008],[89.62350407700006,22.836987795000027],[89.62791346700004,22.832215443000052],[89.63627358500008,22.84915068600003],[89.63925693600004,22.848166605000074],[89.64650448600008,22.854375375000075],[89.65070730600007,22.85371108700008],[89.65232752000009,22.849149855000064],[89.65439829600007,22.849092822000046],[89.65978977500004,22.85539349900006],[89.65861982900003,22.868176881000068],[89.65966947300006,22.873978110000053],[89.66154515600005,22.87571768300006],[89.66841423600005,22.87895882400005],[89.68627470200005,22.880678123000052],[89.68786014600005,22.887489725000023],[89.69892967000004,22.87760124500005],[89.70366322000007,22.877990109000052],[89.70872558800005,22.882064570000068],[89.71150842600008,22.88149092900005],[89.71482401100008,22.87775192600003],[89.71928522800005,22.884969225000077],[89.71151253700003,22.891800501000034],[89.72679642800006,22.89438908300008],[89.72828638200008,22.89577207900004],[89.72835626500006,22.89877924800004],[89.72217158200004,22.90060293600004],[89.72141392400005,22.90291363600005],[89.72903119000006,22.909822235000036],[89.73627974400006,22.913333241000032],[89.74118685000008,22.918847263000032],[89.74148818000003,22.920972332000076],[89.73955735400006,22.921712186000036],[89.72795934400006,22.916595001000076],[89.72627120400006,22.917580711000028],[89.72970118000006,22.92386433200005],[89.74174701100009,22.93458855800003],[89.75112147800007,22.945684852000056],[89.75227497700007,22.955346313000064],[89.74916269300007,22.96390688200006],[89.74410846600006,22.963786454000058],[89.74171009600008,22.965122346000044],[89.73618223400007,22.969639593000068],[89.73646044900005,22.973165374000075],[89.72966975900005,22.970686106000073],[89.72290051800007,22.973362445000078],[89.70976952700005,22.971269721000056],[89.70288038900009,22.97435148900007],[89.68931684700004,22.976734599000054],[89.68241311800006,22.975048034000054],[89.68186589700008,22.96943264400005],[89.67621397700003,22.967534905000036],[89.67550605700006,22.97036149400003],[89.66948298200003,22.97719414900007],[89.66361052900004,22.976636402000054],[89.65178773600007,22.98348926500006],[89.64790488800008,22.979024950000053],[89.65133235900004,22.974287150000066],[89.64988440800005,22.968527403000053],[89.62844469700008,22.961415036000062],[89.62585151900004,22.962474885000063],[89.62345852300007,22.970382501000074],[89.62102194700003,22.964293251000072],[89.61586319300005,22.963454847000037],[89.61242205600007,22.955967362000024],[89.61436687600008,22.952206855000043],[89.61159004300004,22.931014960000027],[89.60649488300004,22.929297914000074],[89.59732673300005,22.92878316900004],[89.59442536300008,22.92620802600004],[89.59252211100005,22.92080566800007],[89.58168802100005,22.92194281700006],[89.57778991200007,22.91849640600003],[89.57217557800004,22.918975399000033],[89.56973972100008,22.915212602000054],[89.56613563900004,22.901303149000057],[89.57098533000004,22.890076991000058],[89.56782679400004,22.87810642200003],[89.56994783700009,22.87035805100004],[89.56440675300007,22.854301744000054]]]}},{"type":"Feature","id":"kushtia-bheramara","properties":{"canonical_id":"kushtia-bheramara","name_en":"Bheramara","name_bn":"ভেড়ামারা","district_id":"kushtia","division_id":"khulna","pcode":"BD-D-30-273","parent_pcode":"BD4050","source_name":"Bheramara","match_method":"exact_name_or_alias","boundary_reference_year":"2020","boundary_source":"geoBoundaries gbOpen BGD ADM3 / BBS, OCHA ROAP","source_dataset_updated":"2026-08-09"},"geometry":{"type":"Polygon","coordinates":[[[89.00667774600004,24.118116670000063],[88.98932985600004,24.121788679000076],[88.94991146900009,24.125104203000035],[88.93970916300003,24.132092139000065],[88.92031422600007,24.118389765000074],[88.91984507800004,24.12076107400003],[88.91919908300008,24.117496263000078],[88.92269915000008,24.116990970000074],[88.92755079400007,24.112587420000068],[88.92555561900008,24.106835223000076],[88.92643557200006,24.103590750000023],[88.92415945600004,24.09144643600007],[88.92417965000004,24.072341648000076],[88.92174200300008,24.066950918000032],[88.91396726800008,24.057331889000068],[88.91295845100007,24.053221739000037],[88.91078399200006,24.052210025000022],[88.91020134800004,24.04852622800007],[88.90807657800008,24.04979069600006],[88.90798878400005,24.04843426000008],[88.91144798500005,24.045047357000044],[88.91661413600008,24.045355502000064],[88.91578710100003,24.042359748000024],[88.92106885500004,24.041620370000032],[88.92237208400007,24.040007311000068],[88.92444192200009,24.03533972500003],[88.92292591100005,24.033291960000042],[88.91993667900005,24.03310044500006],[88.91882001300007,24.026855364000028],[88.92246369600008,24.021653067000045],[88.92722967500004,24.022015588000045],[88.93040876000003,24.01980539500005],[88.93709061800007,24.018279318000054],[88.93973940800004,24.016148782000073],[88.93978037100004,24.01201442300004],[88.94289052100004,24.01299491800006],[88.94343718900006,24.011743336000052],[88.96417077000007,24.01076045900004],[88.96416980400005,24.007121381000047],[88.96748007200006,24.007328856000072],[88.96841764600003,24.00545212800006],[88.97398413100007,24.004499421000048],[88.97518388900005,24.001312030000065],[88.97903395800006,24.00239664700007],[88.98257219900006,24.00118456100006],[88.98117510200007,23.999998943000037],[88.98579636000005,23.998880334000035],[88.98375057200008,23.99810758700005],[88.98829508900008,23.99142842200007],[88.99471368100006,23.989239301000055],[88.99526257100007,23.987385807000067],[89.01214275400008,23.988820820000058],[89.01638263400008,23.987477543000068],[89.02196268100005,23.99113372200003],[89.02313011900009,23.993766502000028],[89.03845194900003,23.991177590000063],[89.05120841400009,23.995052541000064],[89.05702947900005,23.999166186000025],[89.05929876500005,23.99871669500004],[89.04813192000006,24.01962289900007],[89.03089025300005,24.071493582000073],[89.03042734800005,24.078890756000078],[89.02747678600008,24.084609214000068],[89.02649421700005,24.091739447000066],[89.01719157300005,24.10447397200005],[89.01369902700009,24.111747098000023],[89.00667774600004,24.118116670000063]]]}},{"type":"Feature","id":"kushtia-daulatpur","properties":{"canonical_id":"kushtia-daulatpur","name_en":"Daulatpur","name_bn":"দৌলতপুর","district_id":"kushtia","division_id":"khulna","pcode":"BD-D-30-272","parent_pcode":"BD4050","source_name":"Daulatpur","match_method":"exact_name_or_alias","boundary_reference_year":"2020","boundary_source":"geoBoundaries gbOpen BGD ADM3 / BBS, OCHA ROAP","source_dataset_updated":"2026-08-09"},"geometry":{"type":"Polygon","coordinates":[[[88.73342434600005,24.193875496000032],[88.73153928900007,24.171718231000057],[88.74032593300007,24.163393847000066],[88.74395373300007,24.150603489000048],[88.74639361600003,24.14717154300007],[88.70850119400006,24.120086332000028],[88.70460914000006,24.119566847000044],[88.70066855700009,24.121869024000034],[88.69713714200003,24.12046531200008],[88.69304200400006,24.111323362000064],[88.69454452700006,24.109726110000054],[88.69988216700006,24.109708845000057],[88.70077998700003,24.10825471800007],[88.70022772200008,24.09442789600007],[88.70361761600003,24.09421270300004],[88.71717386800003,24.10349912500004],[88.72363005000005,24.104023459000075],[88.72770461100004,24.100923757000032],[88.72846416000004,24.090496705000078],[88.72494261000008,24.079958203000047],[88.72355022500005,24.068738890000077],[88.72541420900006,24.065553462000025],[88.72846257400005,24.06448232500003],[88.73357951900005,24.066335552000055],[88.73742060000006,24.06203448800005],[88.72941227700005,24.05831072600006],[88.72683076400006,24.053057745000046],[88.73147526300005,24.04969827700006],[88.73379701900006,24.05124782400003],[88.73953516100005,24.045735928000056],[88.73817318200008,24.038198298000054],[88.73506439300007,24.037791179000067],[88.74180232800006,24.035381485000073],[88.74216632100007,24.033425374000046],[88.73401742600004,24.019931731000042],[88.73498969500008,24.01685311800003],[88.73112868200008,24.011866677000057],[88.72880600200006,23.996660768000027],[88.72992122600004,23.995420402000036],[88.73537376300004,23.995233936000034],[88.74254176900007,24.004014377000033],[88.74595026300005,24.005796275000023],[88.74631803900007,24.004566658000044],[88.75719232600005,24.006675237000024],[88.76217589100008,24.004808965000052],[88.76279647900003,23.995878882000056],[88.76898472300007,23.984246738000024],[88.76934227000004,23.981498059000046],[88.76695404200007,23.981048783000062],[88.75024322500008,23.985334798000054],[88.73963964400008,23.984625966000067],[88.73562585500008,23.977544170000044],[88.73704968000004,23.971162867000032],[88.73447778400003,23.962985308000043],[88.74188408900005,23.963073811000072],[88.75530396400006,23.969388622000054],[88.76338884100005,23.969309487000032],[88.76577145300007,23.966349008000066],[88.76943202100006,23.954504324000027],[88.77615705600005,23.948508982000078],[88.77855798600007,23.94812791000004],[88.78144690400006,23.951826496000024],[88.78090038000005,23.96256287700004],[88.78393749900005,23.969555537000076],[88.79076884100004,23.97545429200005],[88.79859551300007,23.97650354700005],[88.80271928900004,23.975400690000072],[88.80764739400007,23.970760405000078],[88.80969127400004,23.966555932000063],[88.81042655900006,23.947807429000022],[88.81421115100005,23.928566527000044],[88.81617656600008,23.927645829000028],[88.81825506500007,23.92860050300004],[88.82810855300005,23.93850864500007],[88.84271238300005,23.93765866700005],[88.85427470800005,23.93138114900006],[88.86437375000008,23.92251913900003],[88.87336260500007,23.90879678400006],[88.87536486800008,23.895694608000042],[88.87277396300004,23.88990689700006],[88.86522455900007,23.884359806000077],[88.85966506900007,23.88282515900005],[88.84641718500006,23.884454210000058],[88.83997822600008,23.883890459000042],[88.83782308500008,23.881473017000076],[88.83790716200008,23.87893192000007],[88.84687247900007,23.87228291100007],[88.85276749200005,23.87046594800006],[88.85677700600007,23.871106517000044],[88.86181207600004,23.875414505000037],[88.86900300500008,23.87841284700005],[88.88141303600008,23.878112938000072],[88.88104534000007,23.880898126000034],[88.88523447800009,23.883557213000074],[88.88603813000003,23.888849754000034],[88.89352367500004,23.895041700000036],[88.88960595900005,23.896947870000076],[88.88950624500006,23.89834418500004],[88.89218473300008,23.899472097000057],[88.89111440500005,23.90284661900006],[88.89357759600006,23.902953543000024],[88.89436197300006,23.900637566000057],[88.89650130900009,23.902837386000044],[88.91101133200004,23.905936974000042],[88.91848034400005,23.907110143000068],[88.92093066200005,23.90600859400007],[88.92252033800008,23.908292264000067],[88.93002137100007,23.90784509300005],[88.94886560700007,23.914123782000047],[88.95782251100007,23.922202431000073],[88.96053629800008,23.921898498000076],[88.96376468900007,23.929169167000055],[88.96304580100008,23.93686926600003],[88.95975060500007,23.94362563900006],[88.95589170000005,23.946661105000032],[88.95545628200006,23.952721041000075],[88.95078992400005,23.95902079700005],[88.94861802800006,23.959360420000053],[88.96222126200007,23.974868453000056],[88.96112674700004,23.97634050100004],[88.96337773000005,23.975861257000076],[88.96668926200005,23.97939116300006],[88.97220492400004,23.982069898000077],[88.97222715300006,23.98925396100003],[88.96713899000008,23.99016920500003],[88.96496752700006,23.99473460300004],[88.96416980400005,24.007121381000047],[88.96417077000007,24.01076045900004],[88.94343718900006,24.011743336000052],[88.94289052100004,24.01299491800006],[88.93978037100004,24.01201442300004],[88.93973940800004,24.016148782000073],[88.93709061800007,24.018279318000054],[88.93040876000003,24.01980539500005],[88.92722967500004,24.022015588000045],[88.92246369600008,24.021653067000045],[88.91882001300007,24.026855364000028],[88.91993667900005,24.03310044500006],[88.92292591100005,24.033291960000042],[88.92444192200009,24.03533972500003],[88.92237208400007,24.040007311000068],[88.92106885500004,24.041620370000032],[88.91578710100003,24.042359748000024],[88.91661413600008,24.045355502000064],[88.91144798500005,24.045047357000044],[88.90798878400005,24.04843426000008],[88.90807657800008,24.04979069600006],[88.91020134800004,24.04852622800007],[88.91078399200006,24.052210025000022],[88.91295845100007,24.053221739000037],[88.91396726800008,24.057331889000068],[88.92174200300008,24.066950918000032],[88.92417965000004,24.072341648000076],[88.92415945600004,24.09144643600007],[88.92643557200006,24.103590750000023],[88.92555561900008,24.106835223000076],[88.92755079400007,24.112587420000068],[88.92269915000008,24.116990970000074],[88.91919908300008,24.117496263000078],[88.91984507800004,24.12076107400003],[88.92011636300003,24.125038674000052],[88.92273375400003,24.127364615000033],[88.92246948200005,24.12910406700007],[88.91061417300006,24.12564852400004],[88.90767897100005,24.122358296000073],[88.90737921300007,24.121482954000044],[88.91048786500005,24.121790770000075],[88.91166695800007,24.113047446000053],[88.88514329300006,24.101807231000066],[88.88327678300004,24.10272775800007],[88.87404151500004,24.099114172000043],[88.88319210800006,24.106641551000052],[88.88112668000008,24.11522741300007],[88.87171390600008,24.110970033000058],[88.86566587600004,24.110494019000043],[88.86206719700004,24.107058608000045],[88.86070847200006,24.111825336000038],[88.84371990900007,24.12587918400004],[88.83516410500005,24.12232990600006],[88.81734638600005,24.12112676600003],[88.80570228000005,24.124515317000032],[88.78732674800005,24.13301191200003],[88.75721523200008,24.161818364000055],[88.74742135700006,24.174947942000074],[88.73852624300008,24.193516757000054],[88.73342434600005,24.193875496000032]]]}},{"type":"Feature","id":"kushtia-khoksa","properties":{"canonical_id":"kushtia-khoksa","name_en":"Khoksa","name_bn":"খোকসা","district_id":"kushtia","division_id":"khulna","pcode":"BD-D-30-270","parent_pcode":"BD4050","source_name":"Khoksa","match_method":"exact_name_or_alias","boundary_reference_year":"2020","boundary_source":"geoBoundaries gbOpen BGD ADM3 / BBS, OCHA ROAP","source_dataset_updated":"2026-08-09"},"geometry":{"type":"Polygon","coordinates":[[[89.35535144900007,23.885943858000076],[89.35433801700003,23.88343771600006],[89.35186790200004,23.882644361000075],[89.35009253800007,23.887056960000052],[89.34714832900005,23.88922010400006],[89.33159121400007,23.879761073000054],[89.31734274300004,23.875492978000068],[89.31694331100005,23.873816886000043],[89.31288248500005,23.872094574000073],[89.29255118400005,23.870875176000027],[89.29294539800009,23.867969796000068],[89.30106896300003,23.867783908000035],[89.29734567400004,23.862053053000068],[89.29209629500008,23.861168709000026],[89.28896715500008,23.862401282000064],[89.28464612200008,23.857340257000033],[89.29625774200008,23.853353026000036],[89.29313131000004,23.853619270000024],[89.28985309300003,23.850313133000043],[89.29606165400008,23.841532526000037],[89.29549760000003,23.840349567000032],[89.29139409100009,23.841022836000036],[89.28875502000005,23.837334058000067],[89.28589632800004,23.826091700000063],[89.28173307200007,23.82804925800008],[89.27284140900008,23.82759943700006],[89.27140531000003,23.828784891000055],[89.27001267700007,23.826803665000057],[89.26058762900004,23.831923957000072],[89.25662196200005,23.828026184000066],[89.25501963000005,23.820683295000038],[89.25633625500006,23.81802236900006],[89.25047432600007,23.809516277000057],[89.24652930900004,23.807099047000065],[89.24862384300008,23.80567768000003],[89.24970679800003,23.801394412000036],[89.24639873700005,23.800327183000036],[89.24502399700003,23.798020674000043],[89.24883812600007,23.79663480000005],[89.24473674400008,23.796611394000024],[89.24406607000003,23.795095240000023],[89.24577717300008,23.793538805000026],[89.24380026000006,23.777839844000027],[89.24769188700003,23.774236419000033],[89.24519117700004,23.766409192000026],[89.24715348200004,23.763764456000047],[89.25122428300006,23.763646503000075],[89.25642181600006,23.75850353900006],[89.26666458100004,23.742723082000055],[89.27012064600007,23.741158811000048],[89.27515897500007,23.741329289000078],[89.28451867300004,23.73602414100003],[89.29815841000004,23.736022302000038],[89.30622467200004,23.745165437000026],[89.30951816900006,23.74481776700003],[89.31101543500006,23.74709153400005],[89.31576296800006,23.74798762200004],[89.31687095600006,23.75343273900006],[89.32305393900003,23.76641496900004],[89.31043979300006,23.76847270600007],[89.31259633300004,23.772044953000034],[89.31107153700003,23.77616417400003],[89.31881585800005,23.77573506400006],[89.31987810200008,23.777065221000043],[89.32672227100005,23.777055134000022],[89.33019636800003,23.778542491000053],[89.32843082100004,23.783405436000066],[89.33022025200006,23.78387893200005],[89.33047002300003,23.79062649900004],[89.32701484500006,23.79094284100006],[89.32696037400007,23.795265632000053],[89.32896632300003,23.795002272000033],[89.32937166100004,23.803582911000035],[89.33683953800005,23.81899923900005],[89.33798101700006,23.824106751000045],[89.33637584100006,23.82583967000005],[89.33646230000005,23.828747831000044],[89.33793723000008,23.830256897000027],[89.34067817700009,23.830007841000054],[89.34159181600006,23.83428282600005],[89.34244531100006,23.83583096800004],[89.34364336800007,23.835437531000025],[89.34492055600003,23.838897763000034],[89.35133368400005,23.841130430000078],[89.35151586200004,23.860637808000035],[89.35675093600008,23.865188250000074],[89.35814618100005,23.869045713000048],[89.36322092200004,23.87009588500007],[89.36202728200004,23.872853647000056],[89.35820899300006,23.87498290700006],[89.36076801900003,23.882775294000055],[89.35535144900007,23.885943858000076]]]}},{"type":"Feature","id":"kushtia-kumarkhali","properties":{"canonical_id":"kushtia-kumarkhali","name_en":"Kumarkhali","name_bn":"কুমারখালী","district_id":"kushtia","division_id":"khulna","pcode":"BD-D-30-269","parent_pcode":"BD4050","source_name":"Kumarkhali","match_method":"exact_name_or_alias","boundary_reference_year":"2020","boundary_source":"geoBoundaries gbOpen BGD ADM3 / BBS, OCHA ROAP","source_dataset_updated":"2026-08-09"},"geometry":{"type":"Polygon","coordinates":[[[89.31734274300004,23.875492978000068],[89.31115529800007,23.875014941000074],[89.30471722200008,23.883139683000024],[89.30387331400004,23.88877920300007],[89.29483010700005,23.890926033000028],[89.28365352900005,23.89712398900008],[89.28130391000008,23.90427935500003],[89.27907353200004,23.906051606000062],[89.27515118500008,23.904240883000057],[89.27350900200008,23.90133499600006],[89.26891260900004,23.88365172300007],[89.27098925500007,23.87650878900007],[89.26490632900004,23.877987639000025],[89.26117455000008,23.881179517000078],[89.25861580400004,23.884741622000035],[89.25842139000008,23.891815549000057],[89.25913029800006,23.899878872000045],[89.26247844200003,23.90970932500005],[89.26020487500006,23.911457377000033],[89.26000567400007,23.915275807000057],[89.25647986100006,23.915582251000046],[89.25491132400003,23.918193358000053],[89.25284368400008,23.922796384000037],[89.25132882000008,23.933750948000068],[89.24737926200004,23.934177039000076],[89.24370102900008,23.937045801000068],[89.24341533600006,23.939171972000054],[89.24051810900005,23.93920735100005],[89.23890526800005,23.942617377000033],[89.23651402600007,23.94396142200003],[89.23525344900008,23.956716065000023],[89.23700408400003,23.972887293000042],[89.23009501100006,23.975999820000027],[89.22021871800007,23.971487661000026],[89.21651407000007,23.971539918000076],[89.21641974100004,23.988403530000028],[89.17765569200003,23.98739226200007],[89.17609320600008,23.978522600000076],[89.17690480600004,23.976145958000075],[89.18021663700006,23.97586225200007],[89.17747561700008,23.967324417000043],[89.17918774000003,23.966874090000033],[89.18398619200008,23.967424083000026],[89.19223132100007,23.96075933000003],[89.19464694400006,23.95012182100004],[89.19195957900007,23.951531343000056],[89.18831502400008,23.94609698800008],[89.18266677400004,23.941876276000073],[89.16703051600007,23.936334259000034],[89.16859989500006,23.93222200200006],[89.16641272400005,23.92542444700007],[89.15915125300006,23.923500068000067],[89.14921038300008,23.917186337000032],[89.14302593700006,23.915001293000046],[89.14020795300007,23.910383869000043],[89.15594248600007,23.903961371000037],[89.15694482400005,23.902257598000062],[89.15390984600003,23.89655879000003],[89.15378500900005,23.89144778700006],[89.15995390500007,23.880686853000043],[89.15544500900006,23.87731926600003],[89.15018657100006,23.86816195700004],[89.15338816400003,23.86812991900007],[89.15187531200007,23.85357917700003],[89.15952508000004,23.84697307700003],[89.15712771500006,23.83912030600004],[89.16088956500005,23.834834878000038],[89.15948509400005,23.831326800000056],[89.15416435500003,23.82968606700007],[89.15056250400005,23.82300806300003],[89.14396070500004,23.82211747300005],[89.14446412100006,23.81781883000008],[89.14952636300006,23.81967522700006],[89.14583945300006,23.812898423000036],[89.14817258700003,23.811242118000052],[89.14261926500006,23.796483697000042],[89.14441214100003,23.793255705000036],[89.15248213700005,23.789783987000078],[89.15386422900008,23.787796640000067],[89.14929469100008,23.786429716000043],[89.14684972900005,23.78043087100008],[89.14447364500006,23.778562790000024],[89.13757813500007,23.778421691000062],[89.13680011500009,23.779804309000042],[89.13808766800008,23.781290480000052],[89.13560212300007,23.78231130300003],[89.13280683100004,23.75945162200003],[89.13654811500004,23.753671241000063],[89.14420842900006,23.75402884600004],[89.15426177400008,23.74751342600007],[89.16218320500008,23.74540187200006],[89.16789756400004,23.741036971000028],[89.17338690200006,23.740981181000052],[89.17433272200003,23.745274755000025],[89.17849865400007,23.746571033000066],[89.18000867300003,23.750115090000065],[89.18127236000004,23.748293369000066],[89.18408852900006,23.749167433000025],[89.18879039200004,23.745363161000057],[89.19701883500005,23.744033820000027],[89.20319838800003,23.746721224000055],[89.20854066800007,23.753028783000047],[89.21376250500003,23.753895422000028],[89.21306174600005,23.75707057900007],[89.21566077700004,23.759655675000033],[89.22321310900008,23.76085558400007],[89.23190763900004,23.756302848000075],[89.23572495900004,23.760746940000047],[89.24003803000005,23.760137099000076],[89.24101772900008,23.761949464000054],[89.24310470500006,23.76145221300004],[89.24381788700003,23.764391703000058],[89.24715348200004,23.763764456000047],[89.24519117700004,23.766409192000026],[89.24769188700003,23.774236419000033],[89.24380026000006,23.777839844000027],[89.24577717300008,23.793538805000026],[89.24406607000003,23.795095240000023],[89.24473674400008,23.796611394000024],[89.24883812600007,23.79663480000005],[89.24502399700003,23.798020674000043],[89.24639873700005,23.800327183000036],[89.24970679800003,23.801394412000036],[89.24862384300008,23.80567768000003],[89.24652930900004,23.807099047000065],[89.25047432600007,23.809516277000057],[89.25633625500006,23.81802236900006],[89.25501963000005,23.820683295000038],[89.25662196200005,23.828026184000066],[89.26058762900004,23.831923957000072],[89.27001267700007,23.826803665000057],[89.27140531000003,23.828784891000055],[89.27284140900008,23.82759943700006],[89.28173307200007,23.82804925800008],[89.28589632800004,23.826091700000063],[89.28875502000005,23.837334058000067],[89.29139409100009,23.841022836000036],[89.29549760000003,23.840349567000032],[89.29606165400008,23.841532526000037],[89.28985309300003,23.850313133000043],[89.29313131000004,23.853619270000024],[89.29625774200008,23.853353026000036],[89.28464612200008,23.857340257000033],[89.28896715500008,23.862401282000064],[89.29209629500008,23.861168709000026],[89.29734567400004,23.862053053000068],[89.30106896300003,23.867783908000035],[89.29294539800009,23.867969796000068],[89.29255118400005,23.870875176000027],[89.31288248500005,23.872094574000073],[89.31694331100005,23.873816886000043],[89.31734274300004,23.875492978000068]]]}},{"type":"Feature","id":"kushtia-kushtia-sadar","properties":{"canonical_id":"kushtia-kushtia-sadar","name_en":"Kushtia Sadar","name_bn":"কুষ্টিয়া সদর","district_id":"kushtia","division_id":"khulna","pcode":"BD-D-30-268","parent_pcode":"BD4050","source_name":"Kushtia Sadar","match_method":"exact_name_or_alias","boundary_reference_year":"2020","boundary_source":"geoBoundaries gbOpen BGD ADM3 / BBS, OCHA ROAP","source_dataset_updated":"2026-08-09"},"geometry":{"type":"Polygon","coordinates":[[[89.01726061300008,23.70874473600003],[89.01902349100004,23.70197529400008],[89.02479021900007,23.69558220600004],[89.03091880400007,23.692240524000056],[89.03744841000008,23.692182470000034],[89.04284850200008,23.69861163400003],[89.05197091200006,23.71454183700007],[89.04541232300005,23.71859575600007],[89.03814928000008,23.720668732000036],[89.03741189000004,23.72298137100006],[89.04349974900003,23.727670528000033],[89.04723695400008,23.72791544200004],[89.05402460700003,23.72123515800007],[89.05989257300007,23.718870150000043],[89.07558487900008,23.726690932000054],[89.07397319100005,23.729732373000047],[89.06459517400003,23.73424435800007],[89.05931237600004,23.747726759000045],[89.05391225500006,23.753652540000076],[89.05172213200007,23.758622978000062],[89.05197198000008,23.76227336000005],[89.05670614900004,23.767972057000065],[89.06370284900004,23.77143938100005],[89.06886237000003,23.77157387500006],[89.07061904300008,23.768031562000033],[89.06873809100006,23.756243856000026],[89.08275191700005,23.75804994600003],[89.08284197300009,23.744887663000043],[89.08401791600005,23.743607030000078],[89.09467520600003,23.74156877000007],[89.09675863100006,23.72795688700006],[89.09823338800004,23.726202010000065],[89.10064357600004,23.725367607000067],[89.10512085400006,23.727420117000065],[89.11103106900003,23.73501224100005],[89.11639312200003,23.734148814000037],[89.11866173500005,23.72979933000005],[89.11846159600003,23.725094799000033],[89.11330733200003,23.71596112700007],[89.11176703000007,23.708564711000065],[89.11449653700004,23.69936943400006],[89.11846323800006,23.693828369000073],[89.12378852400008,23.702713342000038],[89.12094805600003,23.712815877000025],[89.12789364900004,23.716702242000054],[89.12898144700006,23.718111151000073],[89.12780369400008,23.721562069000072],[89.13692083600006,23.72218504500006],[89.14054012700007,23.725230916000044],[89.14476966300003,23.72437995000007],[89.14550206400008,23.722404296000036],[89.15806029000004,23.722315666000043],[89.15993993700005,23.730915338000045],[89.15878280800007,23.73560569400007],[89.16733453000006,23.73666131300007],[89.16639465700007,23.739718668000023],[89.16789756400004,23.741036971000028],[89.16218320500008,23.74540187200006],[89.15426177400008,23.74751342600007],[89.14420842900006,23.75402884600004],[89.13654811500004,23.753671241000063],[89.13280683100004,23.75945162200003],[89.13560212300007,23.78231130300003],[89.13808766800008,23.781290480000052],[89.13680011500009,23.779804309000042],[89.13757813500007,23.778421691000062],[89.14447364500006,23.778562790000024],[89.14684972900005,23.78043087100008],[89.14929469100008,23.786429716000043],[89.15386422900008,23.787796640000067],[89.15248213700005,23.789783987000078],[89.14441214100003,23.793255705000036],[89.14261926500006,23.796483697000042],[89.14817258700003,23.811242118000052],[89.14583945300006,23.812898423000036],[89.14952636300006,23.81967522700006],[89.14446412100006,23.81781883000008],[89.14396070500004,23.82211747300005],[89.15056250400005,23.82300806300003],[89.15416435500003,23.82968606700007],[89.15948509400005,23.831326800000056],[89.16088956500005,23.834834878000038],[89.15712771500006,23.83912030600004],[89.15952508000004,23.84697307700003],[89.15187531200007,23.85357917700003],[89.15338816400003,23.86812991900007],[89.15018657100006,23.86816195700004],[89.15544500900006,23.87731926600003],[89.15995390500007,23.880686853000043],[89.15378500900005,23.89144778700006],[89.15390984600003,23.89655879000003],[89.15694482400005,23.902257598000062],[89.15594248600007,23.903961371000037],[89.14020795300007,23.910383869000043],[89.14302593700006,23.915001293000046],[89.14921038300008,23.917186337000032],[89.15915125300006,23.923500068000067],[89.16641272400005,23.92542444700007],[89.16859989500006,23.93222200200006],[89.16703051600007,23.936334259000034],[89.18266677400004,23.941876276000073],[89.18831502400008,23.94609698800008],[89.19195957900007,23.951531343000056],[89.19464694400006,23.95012182100004],[89.19223132100007,23.96075933000003],[89.18398619200008,23.967424083000026],[89.17918774000003,23.966874090000033],[89.17869377800008,23.960825801000055],[89.17025513800007,23.951068443000054],[89.16351631500004,23.949777031000053],[89.16058703900006,23.951266532000034],[89.15190485500005,23.950132195000037],[89.14828067900004,23.950558643000022],[89.14254452700004,23.95446738100003],[89.13928976500006,23.953536968000037],[89.13336176500007,23.95773837100006],[89.13200939700005,23.96064515100005],[89.12803158800006,23.961998249000033],[89.12448788600005,23.962365314000067],[89.11098542100007,23.95928129200007],[89.09861504200006,23.95986395600005],[89.09813838600007,23.95770033200006],[89.10342267700008,23.956546441000057],[89.10472499600007,23.954746577000037],[89.10406623200004,23.94772286500006],[89.10281825900006,23.946603555000024],[89.10065849200004,23.94784068200005],[89.09930844200005,23.94616812000004],[89.09258312600008,23.94752956800005],[89.09029815800005,23.945015410000053],[89.08787833100007,23.945229109000024],[89.08490771500004,23.931313412000065],[89.08635787100008,23.926087060000043],[89.08554089700004,23.920844394000028],[89.09414368400007,23.91674019000004],[89.09678305700004,23.910261924000054],[89.09223388600003,23.906517459000042],[89.08763047100007,23.905684136000048],[89.07830094800005,23.897014530000035],[89.08010072100006,23.893415447000052],[89.08405889200003,23.89191270500004],[89.08603451200008,23.888635217000058],[89.09063047800004,23.887417199000026],[89.09346764000009,23.882703572000025],[89.09290919600005,23.88029840300004],[89.08300972300003,23.878363965000062],[89.07565225500008,23.879535283000052],[89.07372227700006,23.88160266500006],[89.06739083200006,23.87833785600003],[89.06108243600005,23.87919815500004],[89.05990180400005,23.87663046600005],[89.06296015500004,23.866631836000067],[89.06195152500004,23.86409625300007],[89.05545544400007,23.862278993000075],[89.05005364800007,23.864032345000055],[89.04723045100008,23.860475614000052],[89.04304386000007,23.860189430000048],[89.03515577700006,23.856778176000034],[89.03053372200009,23.851069368000026],[89.02531444600004,23.851827266000043],[89.02060033100008,23.839583754000046],[89.02109192800003,23.833773311000073],[89.01354557900004,23.83211869300004],[89.01280653500004,23.828418887000055],[89.01448043300007,23.825176507000037],[89.00536286700003,23.822888830000068],[88.99882145400005,23.802677698000025],[88.99448487200004,23.797310096000047],[88.99564291600007,23.794980131000045],[88.98899993700007,23.789884674000064],[88.98826460000004,23.786257032000037],[88.99426939100005,23.785054419000062],[88.99964304000008,23.781987516000072],[89.00241931300008,23.786967265000044],[89.00619102600007,23.786310265000054],[89.00407024500004,23.777960911000037],[88.99938013800005,23.771815004000075],[88.99578577500006,23.760924287000023],[88.98955154100008,23.752311432000056],[89.00406807400003,23.749599062000073],[89.00633208100004,23.74791510600005],[89.00952003400005,23.737409635000063],[89.00758370700004,23.72277649700004],[89.01726061300008,23.70874473600003]]]}},{"type":"Feature","id":"kushtia-mirpur","properties":{"canonical_id":"kushtia-mirpur","name_en":"Mirpur","name_bn":"মিরপুর","district_id":"kushtia","division_id":"khulna","pcode":"BD-D-30-271","parent_pcode":"BD4050","source_name":"Mirpur","match_method":"exact_name_or_alias","boundary_reference_year":"2020","boundary_source":"geoBoundaries gbOpen BGD ADM3 / BBS, OCHA ROAP","source_dataset_updated":"2026-08-09"},"geometry":{"type":"Polygon","coordinates":[[[88.98826460000004,23.786257032000037],[88.98899993700007,23.789884674000064],[88.99564291600007,23.794980131000045],[88.99448487200004,23.797310096000047],[88.99882145400005,23.802677698000025],[89.00536286700003,23.822888830000068],[89.01448043300007,23.825176507000037],[89.01280653500004,23.828418887000055],[89.01354557900004,23.83211869300004],[89.02109192800003,23.833773311000073],[89.02060033100008,23.839583754000046],[89.02531444600004,23.851827266000043],[89.03053372200009,23.851069368000026],[89.03515577700006,23.856778176000034],[89.04304386000007,23.860189430000048],[89.04723045100008,23.860475614000052],[89.05005364800007,23.864032345000055],[89.05545544400007,23.862278993000075],[89.06195152500004,23.86409625300007],[89.06296015500004,23.866631836000067],[89.05990180400005,23.87663046600005],[89.06108243600005,23.87919815500004],[89.06739083200006,23.87833785600003],[89.07372227700006,23.88160266500006],[89.07565225500008,23.879535283000052],[89.08300972300003,23.878363965000062],[89.09290919600005,23.88029840300004],[89.09346764000009,23.882703572000025],[89.09063047800004,23.887417199000026],[89.08603451200008,23.888635217000058],[89.08405889200003,23.89191270500004],[89.08010072100006,23.893415447000052],[89.07830094800005,23.897014530000035],[89.08763047100007,23.905684136000048],[89.09223388600003,23.906517459000042],[89.09678305700004,23.910261924000054],[89.09414368400007,23.91674019000004],[89.08554089700004,23.920844394000028],[89.08635787100008,23.926087060000043],[89.08490771500004,23.931313412000065],[89.08787833100007,23.945229109000024],[89.09029815800005,23.945015410000053],[89.09258312600008,23.94752956800005],[89.09930844200005,23.94616812000004],[89.10065849200004,23.94784068200005],[89.10281825900006,23.946603555000024],[89.10406623200004,23.94772286500006],[89.10472499600007,23.954746577000037],[89.10342267700008,23.956546441000057],[89.09813838600007,23.95770033200006],[89.09861504200006,23.95986395600005],[89.09621794700007,23.96470832500006],[89.09604647400005,23.97277934400006],[89.08050131600004,23.97538574400005],[89.07115755800004,23.97880606500007],[89.06281219200008,23.98737086700004],[89.06263335800008,23.99162081700007],[89.05929876500005,23.99871669500004],[89.05702947900005,23.999166186000025],[89.05120841400009,23.995052541000064],[89.03845194900003,23.991177590000063],[89.02313011900009,23.993766502000028],[89.02196268100005,23.99113372200003],[89.01638263400008,23.987477543000068],[89.01214275400008,23.988820820000058],[88.99526257100007,23.987385807000067],[88.99471368100006,23.989239301000055],[88.98829508900008,23.99142842200007],[88.98375057200008,23.99810758700005],[88.98579636000005,23.998880334000035],[88.98117510200007,23.999998943000037],[88.98257219900006,24.00118456100006],[88.97903395800006,24.00239664700007],[88.97518388900005,24.001312030000065],[88.97398413100007,24.004499421000048],[88.96841764600003,24.00545212800006],[88.96748007200006,24.007328856000072],[88.96416980400005,24.007121381000047],[88.96496752700006,23.99473460300004],[88.96713899000008,23.99016920500003],[88.97222715300006,23.98925396100003],[88.97220492400004,23.982069898000077],[88.96668926200005,23.97939116300006],[88.96337773000005,23.975861257000076],[88.96112674700004,23.97634050100004],[88.96222126200007,23.974868453000056],[88.94861802800006,23.959360420000053],[88.95078992400005,23.95902079700005],[88.95545628200006,23.952721041000075],[88.95589170000005,23.946661105000032],[88.95975060500007,23.94362563900006],[88.96304580100008,23.93686926600003],[88.96376468900007,23.929169167000055],[88.96053629800008,23.921898498000076],[88.95782251100007,23.922202431000073],[88.94886560700007,23.914123782000047],[88.93002137100007,23.90784509300005],[88.92252033800008,23.908292264000067],[88.92093066200005,23.90600859400007],[88.91848034400005,23.907110143000068],[88.91101133200004,23.905936974000042],[88.89650130900009,23.902837386000044],[88.89436197300006,23.900637566000057],[88.89357759600006,23.902953543000024],[88.89111440500005,23.90284661900006],[88.89218473300008,23.899472097000057],[88.88950624500006,23.89834418500004],[88.88960595900005,23.896947870000076],[88.89352367500004,23.895041700000036],[88.88603813000003,23.888849754000034],[88.88523447800009,23.883557213000074],[88.88104534000007,23.880898126000034],[88.88141303600008,23.878112938000072],[88.88480809400005,23.87396509100006],[88.88240855100008,23.866973792000067],[88.86453570500004,23.85372050500007],[88.85896465900004,23.832656085000053],[88.86396450200004,23.829440602000034],[88.87304291100008,23.833649256000058],[88.87854349600008,23.83339303500003],[88.89287820400006,23.827340630000037],[88.89670679500006,23.828822138000078],[88.90322035900004,23.83974924000006],[88.90731731400007,23.837860859000045],[88.91091606200007,23.828307350000046],[88.91542823400005,23.826974845000052],[88.91866759500004,23.824029633000066],[88.92222585900004,23.816404313000078],[88.91451075200007,23.801943849000054],[88.91005532400004,23.78757042700005],[88.91071258800008,23.784038103000057],[88.92207320600005,23.78639379400005],[88.92974738600003,23.791322534000074],[88.93327620500008,23.79811723100005],[88.93889573600006,23.79639482700003],[88.93762064700007,23.804015449000076],[88.94746385000008,23.80108500500006],[88.95329353900007,23.807083806000037],[88.95761054500008,23.808961689000057],[88.96636653200005,23.807859489000066],[88.97417160900005,23.801542049000034],[88.97578719400008,23.799159968000026],[88.97478098400006,23.792411181000034],[88.97656040000004,23.792004150000025],[88.97527296000004,23.79057369000003],[88.97665989600006,23.789011952000067],[88.98486826400006,23.78813307400003],[88.98592026700004,23.78521034700003],[88.98826460000004,23.786257032000037]]]}},{"type":"Feature","id":"magura-magura-sadar","properties":{"canonical_id":"magura-magura-sadar","name_en":"Magura Sadar","name_bn":"মাগুরা সদর","district_id":"magura","division_id":"khulna","pcode":"BD-D-37-276","parent_pcode":"BD4055","source_name":"Magura Sadar","match_method":"exact_name_or_alias","boundary_reference_year":"2020","boundary_source":"geoBoundaries gbOpen BGD ADM3 / BBS, OCHA ROAP","source_dataset_updated":"2026-08-09"},"geometry":{"type":"Polygon","coordinates":[[[89.28763505300003,23.44341361200003],[89.29146702500003,23.444518346000052],[89.29485971300005,23.443034873000045],[89.29619976700008,23.438107457000058],[89.29407375800008,23.43445830400003],[89.30451972600008,23.439342687000078],[89.30768333900005,23.435799048000035],[89.31079912800004,23.43359985400008],[89.31339347000005,23.433964683000056],[89.31594963800006,23.43087151800006],[89.32030982400005,23.43268917100005],[89.32546211900006,23.43233835600006],[89.327854,23.426404655000056],[89.32671172600004,23.419108727000037],[89.32825529000007,23.41623678900004],[89.33451776900006,23.41351485100006],[89.34767011400004,23.412453093000067],[89.35366037000006,23.410500402000025],[89.35676437400008,23.40027073300007],[89.35911132700005,23.398428111000044],[89.35842558100006,23.397428882000042],[89.36477910300005,23.392298294000057],[89.36607220200005,23.388031642000044],[89.36503954900007,23.380385226000044],[89.36861316800008,23.38060123400004],[89.37013506200003,23.378919947000043],[89.37302935100007,23.380664163000063],[89.37736722700004,23.380210660000046],[89.37807605100005,23.383746402000043],[89.38836357400004,23.383550995000064],[89.39148285800007,23.38839906000004],[89.39145705700008,23.39525197100005],[89.39344193400007,23.39630522300007],[89.39827293800005,23.394701955000073],[89.39928275800008,23.38737803500004],[89.39748163900003,23.385132116000023],[89.39822616300006,23.381022263000034],[89.39609869200007,23.379424302000075],[89.39538094500006,23.376001506000023],[89.40018740000005,23.37220875400004],[89.40007428100006,23.369758750000074],[89.40242193400007,23.36641488500004],[89.40380457500004,23.365043791000062],[89.41022688700008,23.364080732000048],[89.41593257700004,23.360221987000045],[89.41717378100003,23.363045973000055],[89.42206794100008,23.363459871000032],[89.42167547700006,23.35299336500003],[89.42022563500007,23.352310542000055],[89.42178780600005,23.349647126000036],[89.43227317900005,23.344721400000026],[89.43396799500005,23.34126570600006],[89.44117568900003,23.335368309000046],[89.44319882900004,23.33482846000004],[89.44391183500005,23.33604082900007],[89.44611576600005,23.333848012000033],[89.44709634600008,23.337847382000064],[89.44712447200004,23.334893176000037],[89.45029477500003,23.336145221000038],[89.45254174000007,23.333049177000078],[89.45269794200004,23.327154087000054],[89.44990898200007,23.327092381000057],[89.44908760100003,23.32569674100006],[89.45081302900007,23.324591756000075],[89.44895944200005,23.320750798000063],[89.45020237300008,23.31885713300005],[89.44957220700007,23.313120740000045],[89.45110363800006,23.31180674500007],[89.45527629800006,23.312591353000073],[89.46242947600007,23.31013143800004],[89.47076944200006,23.316164997000044],[89.47177664500003,23.318612356000074],[89.47368327200007,23.318770072000063],[89.47648142800006,23.323390171000028],[89.48094374300007,23.321032186000025],[89.48653836300008,23.322485719000042],[89.48693369100005,23.319908119000047],[89.48893781400005,23.319758286000024],[89.49019857900004,23.317126475000066],[89.49792673000007,23.32244471100006],[89.49497882800006,23.33291284200004],[89.50089361700003,23.342199553000057],[89.50537825600009,23.34270381700003],[89.51194482200003,23.337762531000067],[89.51710249200005,23.339198942000053],[89.51950458600004,23.350432541000032],[89.51626370100007,23.359518120000075],[89.51885248200006,23.360945392000076],[89.52212058200007,23.37324182100008],[89.52688928600008,23.378717820000077],[89.51743542500003,23.393274747000078],[89.51375927800007,23.394663449000063],[89.50784310800003,23.393752945000074],[89.50725038400003,23.40293859800005],[89.50367330000006,23.407681368000055],[89.50646979300006,23.415579828000034],[89.50297624700005,23.418330535000052],[89.49419138900004,23.419788233000077],[89.49567249900008,23.42865306500005],[89.48775146000008,23.437312296000073],[89.48897950600008,23.439520317000074],[89.49789147100006,23.440974722000078],[89.48688402700003,23.442420866000077],[89.49230393300007,23.449949333000063],[89.49352772000003,23.455810489000044],[89.50076587600006,23.458996412000033],[89.50182822100004,23.46372337500003],[89.50379336800006,23.463116542000023],[89.50387187700005,23.46618002500003],[89.50556221100004,23.465755208000076],[89.50535301400004,23.467616985000063],[89.50740636400008,23.467743167000037],[89.50867405900004,23.47229741500007],[89.50728381000005,23.477757276000034],[89.49724291400008,23.47466877100004],[89.49448745200004,23.47615816700005],[89.49032148600008,23.482193143000075],[89.48931692200006,23.49455846400008],[89.49229029000008,23.50684588200005],[89.50001701500008,23.519335432000048],[89.50979836400006,23.525736275000042],[89.50966379600004,23.532146237000063],[89.50173904800005,23.535311861000025],[89.49775244100005,23.53554010600004],[89.49349775800005,23.53341662400004],[89.48748523100005,23.52389739700004],[89.47548338800004,23.531096534000028],[89.47102153100008,23.531684363000068],[89.46353499400004,23.518597530000022],[89.45790323700004,23.516274700000054],[89.45793864400008,23.521084708000046],[89.46566496300005,23.53086554600003],[89.46439685600006,23.533685581000043],[89.45661812900005,23.537472079000054],[89.45271727700003,23.54180592000006],[89.44878181600006,23.54182025600005],[89.44190951800005,23.537296954000055],[89.41743042300004,23.54131254400005],[89.41229185800006,23.543997344000047],[89.41206364900006,23.55228555700006],[89.41380093300006,23.553046331000075],[89.41197506000003,23.554442308000034],[89.39718370100007,23.558867513000052],[89.38582702900004,23.556509618000064],[89.38379413600006,23.561122840000053],[89.38003090300003,23.56170797900006],[89.37878002900004,23.558261600000037],[89.36829362700007,23.56020085800003],[89.36759834300005,23.561651701000073],[89.35879028700003,23.564825546000066],[89.35683704200005,23.560469468000065],[89.34463072300008,23.562553550000075],[89.33964706000006,23.564609365000024],[89.33792613600008,23.568035508000037],[89.33442580100007,23.56893905000004],[89.32719856700004,23.564938743000027],[89.32505634900008,23.566371825000033],[89.32311968400006,23.565150236000022],[89.31797727200006,23.55552345700005],[89.31395449200005,23.55323862000006],[89.31425689600007,23.544817762000037],[89.31193022200006,23.544021102000045],[89.31066241500008,23.540965908000032],[89.30540168900006,23.54016572100005],[89.30649968600005,23.537570403000075],[89.30335615700005,23.526934762000053],[89.30393667100003,23.52278129800004],[89.30647175900003,23.520702726000025],[89.30699173500005,23.51779771400004],[89.30317427900007,23.512403534000043],[89.30915523000004,23.506652777000056],[89.30679234100006,23.502264344000025],[89.30106682800005,23.503825092000056],[89.29804811200006,23.49734877900005],[89.30039571800006,23.495053229000064],[89.30405894100005,23.494443568000065],[89.30696231600007,23.48233996600004],[89.30623545200007,23.469245787000034],[89.30247816100007,23.468151899000077],[89.30122745000006,23.46550654600003],[89.30266908700008,23.464076825000063],[89.30308214200005,23.455218884000033],[89.29994870400003,23.454202245000033],[89.29824733600003,23.45529544200008],[89.29772917600008,23.454171383000073],[89.30084228100009,23.452596201000063],[89.30074000200005,23.45139328600004],[89.29696964600004,23.452235565000024],[89.29717712300004,23.450550803000056],[89.29364891900008,23.448949663000064],[89.29561723900008,23.44798812600004],[89.29046419500008,23.446750472000076],[89.28763505300003,23.44341361200003]]]}},{"type":"Feature","id":"magura-mohammadpur","properties":{"canonical_id":"magura-mohammadpur","name_en":"Mohammadpur","name_bn":"মহম্মদপুর","district_id":"magura","division_id":"khulna","pcode":"BD-D-37-277","parent_pcode":"BD4055","source_name":"Mohammadpur","match_method":"exact_name_or_alias","boundary_reference_year":"2020","boundary_source":"geoBoundaries gbOpen BGD ADM3 / BBS, OCHA ROAP","source_dataset_updated":"2026-08-09"},"geometry":{"type":"Polygon","coordinates":[[[89.61759496000008,23.38682453200005],[89.61598196400007,23.396639377000042],[89.60851148900008,23.412423365000052],[89.60687910400009,23.420591216000048],[89.60718983200007,23.458699989000024],[89.60732067900005,23.46846086900007],[89.60488029400005,23.474545093000074],[89.58064727700008,23.493144135000023],[89.57081199100008,23.498806315000024],[89.52709715300006,23.51299890000007],[89.51826123000006,23.513032226000064],[89.51146748500008,23.510687962000077],[89.50842850800007,23.506837806000078],[89.50933140900008,23.493954348000045],[89.50728381000005,23.477757276000034],[89.50867405900004,23.47229741500007],[89.50740636400008,23.467743167000037],[89.50535301400004,23.467616985000063],[89.50556221100004,23.465755208000076],[89.50387187700005,23.46618002500003],[89.50379336800006,23.463116542000023],[89.50182822100004,23.46372337500003],[89.50076587600006,23.458996412000033],[89.49352772000003,23.455810489000044],[89.49230393300007,23.449949333000063],[89.48688402700003,23.442420866000077],[89.49789147100006,23.440974722000078],[89.48897950600008,23.439520317000074],[89.48775146000008,23.437312296000073],[89.49567249900008,23.42865306500005],[89.49419138900004,23.419788233000077],[89.50297624700005,23.418330535000052],[89.50646979300006,23.415579828000034],[89.50367330000006,23.407681368000055],[89.50725038400003,23.40293859800005],[89.50784310800003,23.393752945000074],[89.51375927800007,23.394663449000063],[89.51743542500003,23.393274747000078],[89.52688928600008,23.378717820000077],[89.52212058200007,23.37324182100008],[89.51885248200006,23.360945392000076],[89.51626370100007,23.359518120000075],[89.51950458600004,23.350432541000032],[89.51710249200005,23.339198942000053],[89.51194482200003,23.337762531000067],[89.50537825600009,23.34270381700003],[89.50089361700003,23.342199553000057],[89.49497882800006,23.33291284200004],[89.49792673000007,23.32244471100006],[89.49019857900004,23.317126475000066],[89.48409451400005,23.313090247000048],[89.48042776700004,23.29956489400007],[89.48465251300007,23.29796363400004],[89.48541602400007,23.296263999000075],[89.49023069200007,23.296673218000024],[89.49319304300008,23.294689362000042],[89.49814602100008,23.295287348000045],[89.50361744600008,23.288110575000076],[89.51044730100006,23.28807219400005],[89.51660443700007,23.284432932000072],[89.51663051800006,23.28008645700004],[89.52360319600007,23.278009304000022],[89.52743034300005,23.284493010000062],[89.52837517200004,23.291953144000047],[89.53263354400008,23.29624639000008],[89.53435092200004,23.303297781000026],[89.54127514600003,23.305202130000055],[89.54369853900005,23.30453681000006],[89.54493785900007,23.306861885000046],[89.55599850400006,23.308487919000072],[89.55939317500008,23.313108268000065],[89.56014033200006,23.320393202000048],[89.57000712500007,23.319372195000028],[89.57701876800007,23.320835989000045],[89.57849527800005,23.323394043000064],[89.58147409300005,23.321986108000033],[89.58968117500007,23.32164931400007],[89.59267903300008,23.319558656000027],[89.60464167000003,23.32103005400006],[89.60447304900003,23.312213975000077],[89.61422115500005,23.308476576000032],[89.61765238800007,23.30443874900004],[89.62100736700006,23.307718546000046],[89.63330662300007,23.297735225000054],[89.63959636400006,23.29691481100008],[89.64536153200004,23.298547694000035],[89.63032519400008,23.303797306000035],[89.62238380700006,23.309164329000055],[89.61650497800008,23.316733847000023],[89.60983486600009,23.330953969000063],[89.60373146300003,23.339360784000064],[89.60345478600004,23.346571788000062],[89.60713867600003,23.357787605000055],[89.60801940700009,23.369791229000043],[89.59940738600005,23.37915915800005],[89.60635816200005,23.382113639000067],[89.61420775900007,23.38156355900003],[89.61759496000008,23.38682453200005]]]}},{"type":"Feature","id":"magura-shalikha","properties":{"canonical_id":"magura-shalikha","name_en":"Shalikha","name_bn":"শালিখা","district_id":"magura","division_id":"khulna","pcode":"BD-D-37-274","parent_pcode":"BD4055","source_name":"Shalikha","match_method":"exact_name_or_alias","boundary_reference_year":"2020","boundary_source":"geoBoundaries gbOpen BGD ADM3 / BBS, OCHA ROAP","source_dataset_updated":"2026-08-09"},"geometry":{"type":"Polygon","coordinates":[[[89.42557494000005,23.258715976000076],[89.43527485200008,23.258799144000022],[89.44034189900003,23.26183710500004],[89.44804127800006,23.257529115000068],[89.45505150900004,23.257219943000052],[89.45508096800006,23.26387732200004],[89.45635413000008,23.26469413500007],[89.45776477000004,23.26325148500007],[89.45838309200008,23.26719593300004],[89.46261049700007,23.26786196000006],[89.46130586100008,23.272880932000078],[89.46365350800005,23.283982538000032],[89.47170843100008,23.287748368000052],[89.48029334100005,23.284915858000033],[89.47679891000007,23.294588111000053],[89.47756277200006,23.298063815000035],[89.48042776700004,23.29956489400007],[89.48409451400005,23.313090247000048],[89.49019857900004,23.317126475000066],[89.48893781400005,23.319758286000024],[89.48693369100005,23.319908119000047],[89.48653836300008,23.322485719000042],[89.48094374300007,23.321032186000025],[89.47648142800006,23.323390171000028],[89.47368327200007,23.318770072000063],[89.47177664500003,23.318612356000074],[89.47076944200006,23.316164997000044],[89.46242947600007,23.31013143800004],[89.45527629800006,23.312591353000073],[89.45110363800006,23.31180674500007],[89.44957220700007,23.313120740000045],[89.45020237300008,23.31885713300005],[89.44895944200005,23.320750798000063],[89.45081302900007,23.324591756000075],[89.44908760100003,23.32569674100006],[89.44990898200007,23.327092381000057],[89.45269794200004,23.327154087000054],[89.45254174000007,23.333049177000078],[89.45029477500003,23.336145221000038],[89.44712447200004,23.334893176000037],[89.44709634600008,23.337847382000064],[89.44611576600005,23.333848012000033],[89.44391183500005,23.33604082900007],[89.44319882900004,23.33482846000004],[89.44117568900003,23.335368309000046],[89.43396799500005,23.34126570600006],[89.43227317900005,23.344721400000026],[89.42178780600005,23.349647126000036],[89.42022563500007,23.352310542000055],[89.42167547700006,23.35299336500003],[89.42206794100008,23.363459871000032],[89.41717378100003,23.363045973000055],[89.41593257700004,23.360221987000045],[89.41022688700008,23.364080732000048],[89.40380457500004,23.365043791000062],[89.40242193400007,23.36641488500004],[89.40007428100006,23.369758750000074],[89.40018740000005,23.37220875400004],[89.39538094500006,23.376001506000023],[89.39609869200007,23.379424302000075],[89.39822616300006,23.381022263000034],[89.39748163900003,23.385132116000023],[89.39928275800008,23.38737803500004],[89.39827293800005,23.394701955000073],[89.39344193400007,23.39630522300007],[89.39145705700008,23.39525197100005],[89.39148285800007,23.38839906000004],[89.38836357400004,23.383550995000064],[89.37807605100005,23.383746402000043],[89.37736722700004,23.380210660000046],[89.37302935100007,23.380664163000063],[89.37013506200003,23.378919947000043],[89.36861316800008,23.38060123400004],[89.36503954900007,23.380385226000044],[89.36607220200005,23.388031642000044],[89.36477910300005,23.392298294000057],[89.35842558100006,23.397428882000042],[89.35911132700005,23.398428111000044],[89.35676437400008,23.40027073300007],[89.35366037000006,23.410500402000025],[89.34767011400004,23.412453093000067],[89.33451776900006,23.41351485100006],[89.32825529000007,23.41623678900004],[89.32671172600004,23.419108727000037],[89.327854,23.426404655000056],[89.32546211900006,23.43233835600006],[89.32030982400005,23.43268917100005],[89.31594963800006,23.43087151800006],[89.31339347000005,23.433964683000056],[89.31079912800004,23.43359985400008],[89.30768333900005,23.435799048000035],[89.30451972600008,23.439342687000078],[89.29407375800008,23.43445830400003],[89.29619976700008,23.438107457000058],[89.29485971300005,23.443034873000045],[89.29146702500003,23.444518346000052],[89.28763505300003,23.44341361200003],[89.28281397600006,23.438021696000078],[89.28115174300007,23.43907593700004],[89.28002741800003,23.437226992000035],[89.27736254200005,23.438702224000053],[89.27540148900005,23.436144832000025],[89.26464252200003,23.43926042000004],[89.26381914100006,23.44066956100005],[89.25668804800006,23.441069327000037],[89.25604977200004,23.433713270000055],[89.26367856400003,23.43324361300006],[89.26413988500008,23.42981343200006],[89.27120316700007,23.42822239700007],[89.26782995400004,23.423470188000067],[89.26053380300004,23.42055048900005],[89.25721878600007,23.415283480000028],[89.25506150500007,23.414690046000032],[89.25532502800007,23.41296383100007],[89.26088569600006,23.409072939000055],[89.25696805400008,23.403820573000075],[89.25291799600006,23.404617580000036],[89.24980155200006,23.40363504100003],[89.24925288000009,23.40076119200006],[89.25230218300004,23.397839670000053],[89.25237384100006,23.395534459000032],[89.24596225500005,23.392537042000072],[89.25036616400007,23.382545081000046],[89.24425089100004,23.379608863000044],[89.24403260500009,23.377229426000042],[89.24554994800008,23.376078327000073],[89.25120604700004,23.376360111000054],[89.25807571400009,23.37050135000004],[89.26109369800008,23.37273764500003],[89.26469514900003,23.372486459000072],[89.26770502500005,23.369435707000036],[89.27419500500008,23.36736022300005],[89.27506402500006,23.368303077000064],[89.27761998400007,23.363927310000065],[89.27392483000006,23.361779642000045],[89.27291763300008,23.355793686000027],[89.28167513500006,23.348697214000026],[89.28441062400003,23.349382107000054],[89.28271088000008,23.34021918700006],[89.28469689500008,23.34045803600003],[89.28906717700005,23.335095040000056],[89.29168191400004,23.334526536000055],[89.29540420300003,23.33104034100006],[89.30052282900004,23.33024695100005],[89.30171917000007,23.326630183000077],[89.30481014800006,23.325486614000056],[89.30480232700006,23.32364052300005],[89.30642851200008,23.322795833000043],[89.30496646700004,23.322053191000066],[89.30730469000008,23.32081477400004],[89.30812140000006,23.318212448000054],[89.31078799500006,23.318000072000075],[89.31324697600007,23.324999922000075],[89.31558365000006,23.325611387000038],[89.31865935700006,23.32395938600007],[89.32465066600008,23.309769506000066],[89.32190910900005,23.30334330100004],[89.32226824200006,23.299534166000058],[89.32578747400004,23.298270072000037],[89.33672869300005,23.303522419000046],[89.34226899100008,23.293469139000024],[89.34362149300006,23.283876344000078],[89.34814729300007,23.284486860000072],[89.35212032000004,23.289147865000075],[89.35704110500006,23.291993682000054],[89.35850130200004,23.296750346000067],[89.36325816800007,23.296112029000028],[89.36642446200005,23.30210513000003],[89.36851843300008,23.302244552000047],[89.37251384800004,23.29978955400003],[89.37363469000007,23.289560988000062],[89.37890314500004,23.290291576000072],[89.37954113800004,23.289381221000042],[89.37743487400007,23.28949369000003],[89.37746712100005,23.288013566000075],[89.38196005200007,23.288266183000076],[89.38600891800007,23.284471917000076],[89.39368084200004,23.282506622000028],[89.39438333200007,23.28047976600004],[89.39759483500006,23.280054035000035],[89.39973006400004,23.275965815000063],[89.40940336900007,23.272168622000038],[89.40921930400003,23.268872058000056],[89.41459469300008,23.269397472000037],[89.41521111200007,23.26754125100007],[89.41840297400006,23.267895795000072],[89.41842066800007,23.26621235500005],[89.42076492000007,23.26622553800007],[89.42557494000005,23.258715976000076]]]}},{"type":"Feature","id":"magura-sreepur","properties":{"canonical_id":"magura-sreepur","name_en":"Sreepur","name_bn":"শ্রীপুর","district_id":"magura","division_id":"khulna","pcode":"BD-D-37-275","parent_pcode":"BD4055","source_name":"Sreepur","match_method":"exact_name_or_alias","boundary_reference_year":"2020","boundary_source":"geoBoundaries gbOpen BGD ADM3 / BBS, OCHA ROAP","source_dataset_updated":"2026-08-09"},"geometry":{"type":"Polygon","coordinates":[[[89.43948331300004,23.655498772000044],[89.43812567800006,23.66048881100005],[89.41655694500008,23.673241951000023],[89.41136488000006,23.68184544500008],[89.40409041000004,23.681448431000035],[89.38570057200008,23.676506438000047],[89.38087123800005,23.672722401000044],[89.37515822500006,23.664713145000064],[89.36649454600007,23.664118529000064],[89.36605037300006,23.66128675400006],[89.37288931700004,23.66426252100007],[89.37672655800009,23.66349500700005],[89.37179060300008,23.656524653000076],[89.37191835400006,23.65466957900003],[89.36922819300008,23.653539202000047],[89.36618213400004,23.646597803000077],[89.36231399100006,23.647572684000068],[89.35704155600007,23.638759571000037],[89.35497595100009,23.639003901000024],[89.35457661200007,23.63671647900003],[89.35669328200004,23.636360025000045],[89.35731480800007,23.632742867000047],[89.35527464600005,23.630375250000043],[89.35262256600004,23.616950513000063],[89.35062213700007,23.616283355000064],[89.35012112200008,23.614080172000058],[89.34758004200006,23.614412179000055],[89.34582187600006,23.599134908000053],[89.34386689300004,23.597766152000077],[89.34092894200006,23.588886124000055],[89.34510584800006,23.58659374100006],[89.34504195100004,23.578732985000045],[89.33792613600008,23.568035508000037],[89.33964706000006,23.564609365000024],[89.34463072300008,23.562553550000075],[89.35683704200005,23.560469468000065],[89.35879028700003,23.564825546000066],[89.36759834300005,23.561651701000073],[89.36829362700007,23.56020085800003],[89.37878002900004,23.558261600000037],[89.38003090300003,23.56170797900006],[89.38379413600006,23.561122840000053],[89.38582702900004,23.556509618000064],[89.39718370100007,23.558867513000052],[89.41197506000003,23.554442308000034],[89.41380093300006,23.553046331000075],[89.41206364900006,23.55228555700006],[89.41229185800006,23.543997344000047],[89.41743042300004,23.54131254400005],[89.44190951800005,23.537296954000055],[89.44878181600006,23.54182025600005],[89.45271727700003,23.54180592000006],[89.45661812900005,23.537472079000054],[89.46439685600006,23.533685581000043],[89.46566496300005,23.53086554600003],[89.45793864400008,23.521084708000046],[89.45790323700004,23.516274700000054],[89.46353499400004,23.518597530000022],[89.47102153100008,23.531684363000068],[89.47548338800004,23.531096534000028],[89.48748523100005,23.52389739700004],[89.49349775800005,23.53341662400004],[89.49775244100005,23.53554010600004],[89.50173904800005,23.535311861000025],[89.50966379600004,23.532146237000063],[89.50979836400006,23.525736275000042],[89.52097455300003,23.530014743000038],[89.53262068300006,23.528779359000055],[89.53557136100005,23.531176779000077],[89.53750409100007,23.53606132300007],[89.53535711700005,23.540226906000044],[89.52303950100008,23.55054504000003],[89.50661238000004,23.552445985000077],[89.49951160300003,23.55777570500004],[89.49810078100006,23.562654429000077],[89.50001229300005,23.572082754000064],[89.49731996600008,23.579061368000055],[89.48422877700006,23.59276382400003],[89.47061362200003,23.597130996000033],[89.47040130700003,23.599509226000066],[89.48217956600007,23.62003254900003],[89.48021327300006,23.627453555000045],[89.46995055800005,23.634818736000057],[89.45578692400005,23.638769401000047],[89.44232551900006,23.638843525000027],[89.43974888900004,23.640336454000078],[89.43567208700006,23.64919213400003],[89.43948331300004,23.655498772000044]]]}},{"type":"Feature","id":"meherpur-gangni","properties":{"canonical_id":"meherpur-gangni","name_en":"Gangni","name_bn":"গাংনী","district_id":"meherpur","division_id":"khulna","pcode":"BD-D-39-260","parent_pcode":"BD4057","source_name":"Gangni","match_method":"exact_name_or_alias","boundary_reference_year":"2020","boundary_source":"geoBoundaries gbOpen BGD ADM3 / BBS, OCHA ROAP","source_dataset_updated":"2026-08-09"},"geometry":{"type":"Polygon","coordinates":[[[88.85896465900004,23.832656085000053],[88.86453570500004,23.85372050500007],[88.88240855100008,23.866973792000067],[88.88480809400005,23.87396509100006],[88.88141303600008,23.878112938000072],[88.86900300500008,23.87841284700005],[88.86181207600004,23.875414505000037],[88.85677700600007,23.871106517000044],[88.85276749200005,23.87046594800006],[88.84687247900007,23.87228291100007],[88.83790716200008,23.87893192000007],[88.83782308500008,23.881473017000076],[88.83997822600008,23.883890459000042],[88.84641718500006,23.884454210000058],[88.85966506900007,23.88282515900005],[88.86522455900007,23.884359806000077],[88.87277396300004,23.88990689700006],[88.87536486800008,23.895694608000042],[88.87336260500007,23.90879678400006],[88.86437375000008,23.92251913900003],[88.85427470800005,23.93138114900006],[88.84271238300005,23.93765866700005],[88.82810855300005,23.93850864500007],[88.81825506500007,23.92860050300004],[88.81617656600008,23.927645829000028],[88.81421115100005,23.928566527000044],[88.81042655900006,23.947807429000022],[88.80969127400004,23.966555932000063],[88.80764739400007,23.970760405000078],[88.80271928900004,23.975400690000072],[88.79859551300007,23.97650354700005],[88.79076884100004,23.97545429200005],[88.78393749900005,23.969555537000076],[88.78090038000005,23.96256287700004],[88.78144690400006,23.951826496000024],[88.77855798600007,23.94812791000004],[88.77615705600005,23.948508982000078],[88.76943202100006,23.954504324000027],[88.76577145300007,23.966349008000066],[88.76338884100005,23.969309487000032],[88.75530396400006,23.969388622000054],[88.74188408900005,23.963073811000072],[88.73447778400003,23.962985308000043],[88.73263829500007,23.960711436000054],[88.73499249300005,23.95857935400005],[88.73335221100007,23.95746761500004],[88.73740816700007,23.953506659000027],[88.73894779400007,23.95285291600004],[88.74018884200007,23.954044486000043],[88.74241833100007,23.951149439000062],[88.73869905200007,23.94967438200007],[88.73882249100006,23.945520561000023],[88.74067184200004,23.943348350000065],[88.73974709400005,23.941957009000078],[88.74151397500003,23.939014712000073],[88.74016001300004,23.937304340000026],[88.74311908100003,23.929748029000052],[88.74183064600004,23.93127002800003],[88.74022422700006,23.930343615000027],[88.73778163000009,23.933227730000056],[88.73489111700007,23.933522223000068],[88.73471610600006,23.931317230000047],[88.73715366600004,23.92910648900005],[88.73420958600008,23.92812360000005],[88.73550045200005,23.92305442600008],[88.73283502400005,23.922845278000068],[88.73540852000008,23.914746643000058],[88.73344274200008,23.913999941000043],[88.73338383700008,23.91108295500004],[88.72947935000008,23.91123433000007],[88.73057203200005,23.913741695000056],[88.72483661500007,23.912959853000075],[88.72290758700007,23.916419579000035],[88.71493144400006,23.916172767000035],[88.71295471600007,23.912612351000064],[88.70632094600006,23.916404870000065],[88.70321664400007,23.91192312900006],[88.70085351100005,23.91240735100007],[88.69950264400006,23.911064660000022],[88.69966182800005,23.908162254000047],[88.70168286700005,23.908306396000057],[88.70126861200004,23.90661528000004],[88.70416060800005,23.906679145000055],[88.69921167300004,23.90550849600004],[88.70153099900006,23.902317980000078],[88.70228320000007,23.90364412400004],[88.70273682100003,23.90029317500006],[88.70539118900007,23.90248080400005],[88.70414968500006,23.89928373500004],[88.70062858900008,23.901209752000057],[88.70027186900006,23.89897194100007],[88.68837410500004,23.90157221800007],[88.68271087700003,23.888799384000038],[88.67627557500003,23.884589857000037],[88.66423952000008,23.882498502000033],[88.66352485700008,23.878956292000055],[88.66754045700009,23.86959540500004],[88.66097250100006,23.870854089000034],[88.66062236600004,23.868777841000053],[88.65455689200007,23.868888622000043],[88.65414259900007,23.86557177800006],[88.64576519000008,23.869807423000054],[88.64215105100004,23.868804367000052],[88.65016990700008,23.858763629000066],[88.64983315300003,23.84965703100005],[88.64524982100005,23.841380108000067],[88.65305186800003,23.837894866000056],[88.65706285000005,23.83827022500003],[88.65874850800003,23.840441027000054],[88.66141546600005,23.836242282000057],[88.66238894100007,23.83875511100007],[88.66536582900005,23.839151190000052],[88.66381649000004,23.839925143000073],[88.66945701800006,23.843700891000026],[88.67137015700007,23.84058875900007],[88.67367852600006,23.840838933000043],[88.67480345400008,23.843540388000065],[88.67185926000008,23.843475527000066],[88.67123247700005,23.847112397000046],[88.67493136600007,23.848312065000073],[88.67483821000008,23.849718390000078],[88.67010040900004,23.850317060000066],[88.66843555000008,23.852385990000073],[88.67139557100006,23.852091519000055],[88.67464176700008,23.855788287000053],[88.68836870300004,23.85298091100003],[88.69453056900005,23.85379355500004],[88.69456466600008,23.848001054000065],[88.69810493500006,23.84566264500006],[88.69916465700004,23.84250172700007],[88.69725542600008,23.842583242000046],[88.69800137800007,23.840363979000074],[88.69706486500007,23.841726511000047],[88.69523706200005,23.840049348000036],[88.69411446400005,23.841485920000025],[88.69327176100006,23.839484062000054],[88.69479104000004,23.839244072000042],[88.69556533300005,23.834653866000053],[88.70046970000004,23.829834937000044],[88.69963239200007,23.822640902000046],[88.70207105100008,23.821579988000053],[88.70157387600005,23.81728438400006],[88.70412965700007,23.814951047000022],[88.69896413600009,23.806093858000054],[88.69572418400008,23.806086252000057],[88.69300160400007,23.807926415000054],[88.69543146800004,23.800844666000046],[88.69370554900007,23.788850429000036],[88.70339128500007,23.785845745000074],[88.70065177400005,23.78040352000005],[88.70401925500005,23.776391560000036],[88.70471068500007,23.773305352000023],[88.70230125200004,23.771237331000066],[88.70582328200004,23.765645047000078],[88.70292087200005,23.759589076000054],[88.70602448300008,23.76086534500007],[88.70851457600008,23.759843658000023],[88.71086729500007,23.76196247200005],[88.71235101800005,23.758011327000077],[88.71777382600004,23.75861748500006],[88.72896328300004,23.750931320000063],[88.73655350800004,23.75494864800004],[88.73977397000004,23.755037602000073],[88.74238208400004,23.74622467100005],[88.74469854100005,23.74525289500008],[88.74524920400006,23.74643480800006],[88.74675735500006,23.744961415000034],[88.75418658100006,23.747525377000045],[88.75770345000007,23.74618376600006],[88.76058635000004,23.742041260000065],[88.76061238700004,23.73698849500005],[88.76643421700004,23.737483799000074],[88.77060609100005,23.74026535400003],[88.77519602500007,23.739342219000036],[88.77662295200008,23.73631223900003],[88.77992207200003,23.736372741000025],[88.78088502800006,23.738547281000024],[88.78374627000005,23.738457491000077],[88.78650174900008,23.742338329000063],[88.78511401600008,23.75236287100006],[88.78742201900008,23.757613493000065],[88.78843191700008,23.767397765000055],[88.79170221900006,23.772058681000033],[88.79478595400008,23.77226396900005],[88.79496690700006,23.76986475500007],[88.79696409100006,23.768638526000075],[88.81376557500005,23.773586695000063],[88.81589815500007,23.77090834300003],[88.81770110100007,23.77096618400003],[88.82333791300005,23.792867863000026],[88.83074396500007,23.806316473000038],[88.83211689100006,23.814279507000037],[88.84365117000004,23.820447331000025],[88.84579580100007,23.828777299000024],[88.84900757300005,23.83181382500004],[88.85896465900004,23.832656085000053]]]}},{"type":"Feature","id":"meherpur-meherpur-sadar","properties":{"canonical_id":"meherpur-meherpur-sadar","name_en":"Meherpur Sadar","name_bn":"মেহেরপুর সদর","district_id":"meherpur","division_id":"khulna","pcode":"BD-D-39-259","parent_pcode":"BD4057","source_name":"Meherpur Sadar","match_method":"exact_name_or_alias","boundary_reference_year":"2020","boundary_source":"geoBoundaries gbOpen BGD ADM3 / BBS, OCHA ROAP","source_dataset_updated":"2026-08-09"},"geometry":{"type":"Polygon","coordinates":[[[88.77992207200003,23.736372741000025],[88.77662295200008,23.73631223900003],[88.77519602500007,23.739342219000036],[88.77060609100005,23.74026535400003],[88.76643421700004,23.737483799000074],[88.76061238700004,23.73698849500005],[88.76058635000004,23.742041260000065],[88.75770345000007,23.74618376600006],[88.75418658100006,23.747525377000045],[88.74675735500006,23.744961415000034],[88.74524920400006,23.74643480800006],[88.74469854100005,23.74525289500008],[88.74238208400004,23.74622467100005],[88.73977397000004,23.755037602000073],[88.73655350800004,23.75494864800004],[88.72896328300004,23.750931320000063],[88.71777382600004,23.75861748500006],[88.71235101800005,23.758011327000077],[88.71086729500007,23.76196247200005],[88.70851457600008,23.759843658000023],[88.70602448300008,23.76086534500007],[88.70292087200005,23.759589076000054],[88.70582328200004,23.765645047000078],[88.70230125200004,23.771237331000066],[88.70471068500007,23.773305352000023],[88.70401925500005,23.776391560000036],[88.70065177400005,23.78040352000005],[88.70339128500007,23.785845745000074],[88.69370554900007,23.788850429000036],[88.69543146800004,23.800844666000046],[88.69300160400007,23.807926415000054],[88.69572418400008,23.806086252000057],[88.69896413600009,23.806093858000054],[88.70412965700007,23.814951047000022],[88.70157387600005,23.81728438400006],[88.70207105100008,23.821579988000053],[88.69963239200007,23.822640902000046],[88.70046970000004,23.829834937000044],[88.69556533300005,23.834653866000053],[88.69479104000004,23.839244072000042],[88.69327176100006,23.839484062000054],[88.69411446400005,23.841485920000025],[88.69523706200005,23.840049348000036],[88.69706486500007,23.841726511000047],[88.69800137800007,23.840363979000074],[88.69725542600008,23.842583242000046],[88.69916465700004,23.84250172700007],[88.69810493500006,23.84566264500006],[88.69456466600008,23.848001054000065],[88.69453056900005,23.85379355500004],[88.68836870300004,23.85298091100003],[88.67464176700008,23.855788287000053],[88.67139557100006,23.852091519000055],[88.66843555000008,23.852385990000073],[88.67010040900004,23.850317060000066],[88.67483821000008,23.849718390000078],[88.67493136600007,23.848312065000073],[88.67123247700005,23.847112397000046],[88.67185926000008,23.843475527000066],[88.67480345400008,23.843540388000065],[88.67367852600006,23.840838933000043],[88.67137015700007,23.84058875900007],[88.66945701800006,23.843700891000026],[88.66381649000004,23.839925143000073],[88.66536582900005,23.839151190000052],[88.66238894100007,23.83875511100007],[88.66141546600005,23.836242282000057],[88.65874850800003,23.840441027000054],[88.65706285000005,23.83827022500003],[88.65305186800003,23.837894866000056],[88.64524982100005,23.841380108000067],[88.64983315300003,23.84965703100005],[88.65016990700008,23.858763629000066],[88.64215105100004,23.868804367000052],[88.63737576700004,23.871642634000068],[88.63161120900008,23.866358761000072],[88.62593264300006,23.865280752000047],[88.62413856900008,23.867869146000032],[88.62536235100004,23.875000406000026],[88.62212202600006,23.876739565000037],[88.61671696200005,23.876786652000078],[88.60872997000007,23.872867788000065],[88.60987500800007,23.865399430000025],[88.60847014300003,23.86308260100003],[88.60585280800007,23.863434591000043],[88.59902544700003,23.869588880000038],[88.59465515600004,23.869139532000077],[88.58744316000008,23.87157320600005],[88.58619958000008,23.869425010000043],[88.58400651200003,23.869704800000022],[88.58501706700008,23.867077142000028],[88.58235127600005,23.86660108500007],[88.58245571100008,23.862618895000026],[88.57533647200006,23.862436425000055],[88.57795522400005,23.85779526700003],[88.57641454900005,23.855027286000052],[88.57805282800007,23.85117672900003],[88.58405320400004,23.85506295600004],[88.58809799900007,23.854812972000047],[88.59120877900006,23.852858221000076],[88.58718524500006,23.84404489800005],[88.58698482600005,23.829541905000042],[88.60091037000007,23.82062099600006],[88.60203343000006,23.816513701000076],[88.59833106900004,23.810602239000048],[88.59502866500009,23.81080159800007],[88.59417627600004,23.809048441000073],[88.59399166200006,23.811274619000073],[88.59007240400007,23.81096161800008],[88.58945197200006,23.813723808000077],[88.58507117200008,23.813737354000068],[88.58469577300008,23.812409222000042],[88.58666359800009,23.811188924000078],[88.58609490600008,23.812864793000074],[88.58773348400007,23.81287923800005],[88.58758035900007,23.810599593000063],[88.59612063900005,23.805560783000033],[88.59222133700007,23.80430902200004],[88.59304705100004,23.799980309000034],[88.59156285300008,23.797637989000066],[88.58128491300005,23.797161523000057],[88.58251372400008,23.791605598000046],[88.57748147100006,23.786408901000073],[88.57136134100006,23.783283357000073],[88.55935846500006,23.78630184900004],[88.55576976700007,23.78445240600007],[88.56069094600008,23.784170464000056],[88.55947926300007,23.781428584000025],[88.56498554300003,23.77743163400004],[88.57159050000007,23.775214401000028],[88.57875272200005,23.77529697800003],[88.57969306300004,23.773091176000037],[88.58037374800006,23.758036333000064],[88.57776137600007,23.757964655000023],[88.57413525100009,23.74969782100004],[88.56965865100005,23.747043930000075],[88.57245280100005,23.747705191000023],[88.57427286300003,23.739788031000046],[88.57215011900007,23.73955856300006],[88.57199407500008,23.733867789000044],[88.57425324700006,23.733817694000038],[88.57365343000004,23.73822890200006],[88.57526128000006,23.738388753000038],[88.57657250700004,23.733086510000078],[88.57366628900007,23.73307777800005],[88.57422223000003,23.728997092000043],[88.56962581000005,23.72860310300007],[88.56873745300004,23.724104148000038],[88.57152285700005,23.723973659000023],[88.57376837700008,23.721533495000074],[88.57628291200007,23.722369998000033],[88.57941622100003,23.71928713500006],[88.58134358900008,23.719233143000054],[88.58100657300008,23.721116360000053],[88.57782536500008,23.72239717100007],[88.57933160700009,23.722965844000043],[88.57814084300009,23.725726226000063],[88.58082797400004,23.72917583800006],[88.58421119800005,23.728617029000077],[88.58411865000005,23.72745120600007],[88.58239248200005,23.72785193800007],[88.58276787600005,23.72474426800005],[88.58518839100003,23.725470834000078],[88.58566487700006,23.729208303000064],[88.58632846100005,23.726061489000074],[88.58759956900008,23.726127289000033],[88.58875175000009,23.73014974800003],[88.59001049100004,23.729802256000028],[88.58892388900006,23.72697416500006],[88.59048330100006,23.726940975000048],[88.58966922200005,23.725992654000038],[88.59119096500007,23.72444362600004],[88.59333838900005,23.724200152000037],[88.59302987100006,23.72621291400003],[88.59419322200006,23.72489426800007],[88.59525240900007,23.726085239000042],[88.59721338200006,23.725535790000038],[88.59766624800005,23.72664278800005],[88.59574035800006,23.72717788500006],[88.59690794900007,23.72915551400007],[88.59603299600008,23.73156614100003],[88.59808393400004,23.732472031000043],[88.59881009200006,23.728521413000067],[88.59930059100003,23.73330825100004],[88.60340193100006,23.735355282000057],[88.60225280600008,23.736144126000056],[88.59942255000004,23.734574801000065],[88.60023672400007,23.737218616000064],[88.60288330900005,23.738021468000056],[88.59859812000008,23.742263856000022],[88.60014018600003,23.74318260700005],[88.59912006500008,23.74514434200006],[88.60075211100008,23.745449805000078],[88.60142391300008,23.742370729000072],[88.60642470300007,23.740735596000036],[88.60643882600004,23.73249111900003],[88.60306064600007,23.729151955000077],[88.60924992800005,23.72720402300007],[88.60935184800007,23.72525427100004],[88.61146229700006,23.724015120000047],[88.61502537400008,23.725356548000036],[88.61921926800005,23.72417770100003],[88.62059138000006,23.722890059000065],[88.61965525900007,23.718869728000072],[88.62206510300007,23.719777372000067],[88.62124238900003,23.716803953000067],[88.62796774100008,23.716653778000023],[88.62937593800007,23.71905325000006],[88.63233888600007,23.71493032500007],[88.63323108100008,23.710260178000055],[88.62970580100006,23.70355794900007],[88.63504638600006,23.695627414000057],[88.63292394800004,23.695728909000024],[88.63431376400007,23.692313924000075],[88.62961825500008,23.692657376000057],[88.63284564500003,23.690799566000067],[88.63130553100007,23.68943357200004],[88.63453010900008,23.686893294000072],[88.63391780300003,23.685334001000058],[88.62722189000004,23.685195762000035],[88.62628424900004,23.683840704000033],[88.63114661700007,23.682305600000063],[88.63311153500007,23.68368607000008],[88.63403026100008,23.682211402000064],[88.63259106200007,23.681314792000023],[88.63747895700004,23.681055335000053],[88.63880808700009,23.674507695000045],[88.63665839100008,23.673607137000033],[88.63654159900005,23.671071785000038],[88.63837823500006,23.670657836000032],[88.63727612600007,23.667993030000048],[88.63962745400005,23.667610685000056],[88.63977859300007,23.66943853400005],[88.64374254200004,23.669147606000024],[88.64739531200007,23.671343599000068],[88.64925074700005,23.66888923500005],[88.65347406300003,23.679764943000066],[88.65525936900008,23.68078064200006],[88.65874471600006,23.677935606000062],[88.66311013900008,23.678084543000068],[88.66670197100007,23.67976028700008],[88.67473693700003,23.688423457000056],[88.66689287600008,23.69262103500006],[88.64660064200007,23.698745221000024],[88.64535904200005,23.70133415600003],[88.64957077800005,23.70505335300004],[88.66006119100007,23.70519647100008],[88.66554174800007,23.707232350000027],[88.66880714300004,23.70291710600003],[88.66711968500005,23.695818288000055],[88.67054944700004,23.696390776000044],[88.67749141200005,23.701469261000057],[88.68576114800004,23.702254855000035],[88.69406929100006,23.699007943000026],[88.69615134000009,23.69554061100007],[88.69475221500005,23.691725587000064],[88.70095075400008,23.687547195000036],[88.70278586600006,23.687883188000058],[88.70488904300004,23.692081651000024],[88.70800433700003,23.691235047000077],[88.70864233500004,23.68747098700004],[88.70220881600005,23.67780240600007],[88.70389557600004,23.671822658000053],[88.70311149600008,23.66774981100008],[88.70720564900006,23.668476605000023],[88.72742173300009,23.678551791000075],[88.73453038200006,23.683968942000035],[88.73798383400003,23.684026476000042],[88.74651512300005,23.694878519000042],[88.77377880000006,23.699766628000077],[88.77600753900003,23.70529393000004],[88.78104194100007,23.709442350000074],[88.78004677600006,23.710718646000032],[88.78183157800004,23.711581651000074],[88.78120762400005,23.71417493100006],[88.78411403600006,23.71738811000006],[88.78213571200007,23.71860532200003],[88.78271421700003,23.721371196000064],[88.77897387200005,23.721791021000058],[88.77992207200003,23.736372741000025]]]}},{"type":"Feature","id":"meherpur-mujibnagar","properties":{"canonical_id":"meherpur-mujibnagar","name_en":"Mujibnagar","name_bn":"মুজিবনগর","district_id":"meherpur","division_id":"khulna","pcode":"BD-D-39-258","parent_pcode":"BD4057","source_name":"Mujibnagar","match_method":"exact_name_or_alias","boundary_reference_year":"2020","boundary_source":"geoBoundaries gbOpen BGD ADM3 / BBS, OCHA ROAP","source_dataset_updated":"2026-08-09"},"geometry":{"type":"Polygon","coordinates":[[[88.70311149600008,23.66774981100008],[88.70389557600004,23.671822658000053],[88.70220881600005,23.67780240600007],[88.70864233500004,23.68747098700004],[88.70800433700003,23.691235047000077],[88.70488904300004,23.692081651000024],[88.70278586600006,23.687883188000058],[88.70095075400008,23.687547195000036],[88.69475221500005,23.691725587000064],[88.69615134000009,23.69554061100007],[88.69406929100006,23.699007943000026],[88.68576114800004,23.702254855000035],[88.67749141200005,23.701469261000057],[88.67054944700004,23.696390776000044],[88.66711968500005,23.695818288000055],[88.66880714300004,23.70291710600003],[88.66554174800007,23.707232350000027],[88.66006119100007,23.70519647100008],[88.64957077800005,23.70505335300004],[88.64535904200005,23.70133415600003],[88.64660064200007,23.698745221000024],[88.66689287600008,23.69262103500006],[88.67473693700003,23.688423457000056],[88.66670197100007,23.67976028700008],[88.66311013900008,23.678084543000068],[88.65874471600006,23.677935606000062],[88.65525936900008,23.68078064200006],[88.65347406300003,23.679764943000066],[88.64925074700005,23.66888923500005],[88.64739531200007,23.671343599000068],[88.64374254200004,23.669147606000024],[88.63977859300007,23.66943853400005],[88.63962745400005,23.667610685000056],[88.63727612600007,23.667993030000048],[88.63837823500006,23.670657836000032],[88.63654159900005,23.671071785000038],[88.63665839100008,23.673607137000033],[88.63880808700009,23.674507695000045],[88.63747895700004,23.681055335000053],[88.63259106200007,23.681314792000023],[88.63403026100008,23.682211402000064],[88.63311153500007,23.68368607000008],[88.63114661700007,23.682305600000063],[88.62628424900004,23.683840704000033],[88.62722189000004,23.685195762000035],[88.63391780300003,23.685334001000058],[88.63453010900008,23.686893294000072],[88.63130553100007,23.68943357200004],[88.63284564500003,23.690799566000067],[88.62961825500008,23.692657376000057],[88.63431376400007,23.692313924000075],[88.63292394800004,23.695728909000024],[88.63504638600006,23.695627414000057],[88.62970580100006,23.70355794900007],[88.63323108100008,23.710260178000055],[88.63233888600007,23.71493032500007],[88.62937593800007,23.71905325000006],[88.62796774100008,23.716653778000023],[88.62124238900003,23.716803953000067],[88.62206510300007,23.719777372000067],[88.61965525900007,23.718869728000072],[88.62059138000006,23.722890059000065],[88.61921926800005,23.72417770100003],[88.61502537400008,23.725356548000036],[88.61146229700006,23.724015120000047],[88.60935184800007,23.72525427100004],[88.60924992800005,23.72720402300007],[88.60306064600007,23.729151955000077],[88.60643882600004,23.73249111900003],[88.60642470300007,23.740735596000036],[88.60142391300008,23.742370729000072],[88.60075211100008,23.745449805000078],[88.59912006500008,23.74514434200006],[88.60014018600003,23.74318260700005],[88.59859812000008,23.742263856000022],[88.60288330900005,23.738021468000056],[88.60023672400007,23.737218616000064],[88.59942255000004,23.734574801000065],[88.60225280600008,23.736144126000056],[88.60340193100006,23.735355282000057],[88.59930059100003,23.73330825100004],[88.59881009200006,23.728521413000067],[88.59808393400004,23.732472031000043],[88.59603299600008,23.73156614100003],[88.59690794900007,23.72915551400007],[88.59574035800006,23.72717788500006],[88.59766624800005,23.72664278800005],[88.59721338200006,23.725535790000038],[88.59525240900007,23.726085239000042],[88.59419322200006,23.72489426800007],[88.59302987100006,23.72621291400003],[88.59333838900005,23.724200152000037],[88.59119096500007,23.72444362600004],[88.58966922200005,23.725992654000038],[88.59048330100006,23.726940975000048],[88.58892388900006,23.72697416500006],[88.59001049100004,23.729802256000028],[88.58875175000009,23.73014974800003],[88.58759956900008,23.726127289000033],[88.58632846100005,23.726061489000074],[88.58566487700006,23.729208303000064],[88.58518839100003,23.725470834000078],[88.58276787600005,23.72474426800005],[88.58239248200005,23.72785193800007],[88.58411865000005,23.72745120600007],[88.58421119800005,23.728617029000077],[88.58082797400004,23.72917583800006],[88.57814084300009,23.725726226000063],[88.57933160700009,23.722965844000043],[88.57782536500008,23.72239717100007],[88.58100657300008,23.721116360000053],[88.58134358900008,23.719233143000054],[88.57941622100003,23.71928713500006],[88.57628291200007,23.722369998000033],[88.57376837700008,23.721533495000074],[88.57152285700005,23.723973659000023],[88.56873745300004,23.724104148000038],[88.56843961700008,23.718964197000048],[88.56717168600005,23.718781729000057],[88.56780417300007,23.714853058000074],[88.56471330800008,23.71317108100004],[88.56817422200004,23.698362876000033],[88.56752632400008,23.686252504000038],[88.57288656000009,23.685139853000067],[88.57490647400004,23.67698879900007],[88.57224212000006,23.673881945000062],[88.57382417900004,23.666752230000043],[88.56890075700005,23.665935486000024],[88.57029009100006,23.661317177000058],[88.56623396300006,23.656993125000042],[88.56275054400004,23.65777543300004],[88.55819021100007,23.64924749900007],[88.56319773600006,23.645579118000057],[88.56215880100007,23.637184456000057],[88.57102437100008,23.636139628000024],[88.57608182300004,23.638791823000076],[88.59371318000007,23.64091393900003],[88.59302944500007,23.633949303000065],[88.59418379500005,23.631429350000076],[88.59276685200007,23.62931367500005],[88.59493256900004,23.62840767000006],[88.59254228200007,23.627522506000048],[88.59378296100004,23.616988825000078],[88.58527356700006,23.616560443000026],[88.58128239300004,23.609917327000062],[88.58003167000004,23.603060975000062],[88.59243724400005,23.603252061000035],[88.59715928300005,23.602070690000062],[88.59785795100004,23.606401611000024],[88.60623393000003,23.610501056000032],[88.60145512600008,23.606980016000023],[88.60835349300004,23.605103749000023],[88.60835291200004,23.601972314000022],[88.60613446200006,23.60292387900006],[88.60490533400008,23.600394340000037],[88.60927298200005,23.600505526000063],[88.61377170500003,23.603475676000073],[88.61811753300003,23.60186830200007],[88.62100028500004,23.602755298000034],[88.62260426100005,23.60526503500006],[88.62509011100008,23.607023493000042],[88.62767456700004,23.606665904000067],[88.62984649600008,23.60908156000005],[88.63176705800004,23.608336503000032],[88.63310651300009,23.609367406000047],[88.63705290400009,23.60687644500007],[88.63806716100004,23.61041096100007],[88.63492499800003,23.615164506000042],[88.63724676000004,23.616927341000064],[88.63897301000009,23.615502035000077],[88.63877804300006,23.61780155400004],[88.64392352700008,23.618710201000056],[88.64848684200007,23.623259347000044],[88.64704831200004,23.624525272000028],[88.64255429300005,23.62457689300004],[88.64269976100007,23.630761059000065],[88.64547236700008,23.630839482000056],[88.64404905000004,23.632728651000036],[88.64903528700006,23.636529651000046],[88.64792835200006,23.639198845000067],[88.64480488800007,23.639351073000057],[88.64773271700005,23.64258661100007],[88.65188607900006,23.643253258000072],[88.65418057200009,23.650387418000037],[88.66000633900006,23.64934286700003],[88.66818638000007,23.645487081000056],[88.67168020200006,23.649842394000075],[88.67442983300003,23.64762282500004],[88.67974139600005,23.648032215000057],[88.68309373900007,23.651049472000068],[88.68650331200007,23.65967153500003],[88.69346840000009,23.65468368300003],[88.69287459400005,23.65801738500005],[88.69363852200007,23.659240209000075],[88.69615047600007,23.658728525000072],[88.69657445500007,23.664916180000034],[88.70311149600008,23.66774981100008]]]}},{"type":"Feature","id":"narail-kalia","properties":{"canonical_id":"narail-kalia","name_en":"Kalia","name_bn":"কালিয়া","district_id":"narail","division_id":"khulna","pcode":"BD-D-43-263","parent_pcode":"BD4065","source_name":"Kalia","match_method":"exact_name_or_alias","boundary_reference_year":"2020","boundary_source":"geoBoundaries gbOpen BGD ADM3 / BBS, OCHA ROAP","source_dataset_updated":"2026-08-09"},"geometry":{"type":"Polygon","coordinates":[[[89.56054539100006,22.983848007000063],[89.56345380500005,22.98971812800005],[89.56677209600008,22.99153559900003],[89.58693179500005,22.985446745000047],[89.58475449300005,22.977575242000057],[89.59396592500008,22.97131637900003],[89.60590889900004,22.95737746700007],[89.61242205600007,22.955967362000024],[89.61586319300005,22.963454847000037],[89.62102194700003,22.964293251000072],[89.62345852300007,22.970382501000074],[89.62585151900004,22.962474885000063],[89.62844469700008,22.961415036000062],[89.64988440800005,22.968527403000053],[89.65133235900004,22.974287150000066],[89.64790488800008,22.979024950000053],[89.65178773600007,22.98348926500006],[89.66361052900004,22.976636402000054],[89.66948298200003,22.97719414900007],[89.67550605700006,22.97036149400003],[89.67621397700003,22.967534905000036],[89.68186589700008,22.96943264400005],[89.68241311800006,22.975048034000054],[89.68931684700004,22.976734599000054],[89.70288038900009,22.97435148900007],[89.70976952700005,22.971269721000056],[89.72290051800007,22.973362445000078],[89.72966975900005,22.970686106000073],[89.73646044900005,22.973165374000075],[89.73618223400007,22.969639593000068],[89.74171009600008,22.965122346000044],[89.74410846600006,22.963786454000058],[89.74916269300007,22.96390688200006],[89.76084705300008,22.964791585000057],[89.76658110300008,22.976666202000047],[89.77330137700005,22.981737535000036],[89.77979655800004,22.983402080000076],[89.78761220700005,22.982084823000037],[89.78832641200006,22.979839258000027],[89.78382620000008,22.972396351000043],[89.78636094400008,22.962090287000024],[89.79330613400003,22.95619438500006],[89.79609295100005,22.945204740000065],[89.80104671600003,22.94125997900005],[89.80640402100005,22.959191977000046],[89.80552010700006,22.964431473000047],[89.80177989100008,22.971510817000024],[89.79462561500009,22.97647974100005],[89.79266372400008,22.979463890000034],[89.79335319300009,22.988607822000063],[89.79705894200004,22.996026851000067],[89.79033265600003,22.999936929000057],[89.76873853600006,23.004547819000038],[89.76127812900006,23.008681414000023],[89.75701446400006,23.01521514800004],[89.75425430600006,23.03333196400007],[89.74677037700008,23.048638012000026],[89.74442839200003,23.05066845400006],[89.73382218800003,23.051295715000037],[89.72900846400006,23.054526010000075],[89.72874895900009,23.059958583000025],[89.73647440100007,23.071917168000027],[89.73163820700006,23.077520444000072],[89.72448314900004,23.08095322500003],[89.71563988600008,23.07955375800003],[89.70391640600008,23.081161610000038],[89.69819876400004,23.084206882000046],[89.68616434700004,23.083722731000023],[89.68335496700007,23.087427563000062],[89.67839764300004,23.087894619000053],[89.67922370700006,23.09287591700007],[89.67587122700007,23.09537638100005],[89.67323685800005,23.094759509000028],[89.66590812900006,23.08910230400005],[89.66613276300006,23.08697882200005],[89.66382433300004,23.086912385000062],[89.66160989700006,23.083670906000066],[89.65841863200006,23.082226610000077],[89.65409530500006,23.089669684000057],[89.64890045700008,23.089650316000075],[89.64638593400008,23.09113463500006],[89.64293577000007,23.095055226000056],[89.64327470700005,23.09947778800006],[89.64173243700003,23.102129517000037],[89.63733104900007,23.104987532000052],[89.62517173200007,23.096926852000024],[89.62160081500008,23.09836535200003],[89.62059606900004,23.09658338400004],[89.61907336400003,23.097129620000032],[89.61448963000004,23.08977783000006],[89.60369145500005,23.09138555800007],[89.60194702000007,23.08888855400005],[89.59528494500006,23.08659806000003],[89.59024212400004,23.08257767500004],[89.58521401800004,23.085892181000077],[89.58203964600006,23.091671305000034],[89.57768301800007,23.091636565000044],[89.57577018400008,23.089575246000038],[89.57353271600005,23.091876649000028],[89.57531461100007,23.095696303000068],[89.57150549200009,23.09704043200003],[89.56886220900003,23.101658816000054],[89.56412223000007,23.104859366000028],[89.55624490400004,23.10674399100003],[89.55198699200008,23.104500194000025],[89.55034393800008,23.111113475000025],[89.54929838300006,23.106453311000053],[89.54832536000004,23.108047713000076],[89.54753325700005,23.106553272000042],[89.54907706000006,23.10455683400005],[89.54313397500005,23.10058884600005],[89.54206233500008,23.089494649000073],[89.53949726400003,23.088104543000043],[89.53510222800008,23.088721733000057],[89.53397867800004,23.092015545000038],[89.52779255700005,23.099031207000053],[89.51774958500005,23.102318850000074],[89.51611035600007,23.098206558000072],[89.52577793500006,23.090166423000028],[89.52970844400005,23.078818910000052],[89.53833498000006,23.074805370000036],[89.54171654300006,23.071692538000036],[89.54116148300005,23.066684818000056],[89.54331711100008,23.06245333800007],[89.53892706200008,23.055855352000037],[89.53828732700003,23.047367303000044],[89.53046663400005,23.047162483000022],[89.52630076300005,23.04856207000006],[89.52301248200007,23.045524353000076],[89.52146870500007,23.040348152000035],[89.51853696800003,23.04031893000007],[89.50899727000007,23.034072474000027],[89.50259922800007,23.035725898000067],[89.50107435000007,23.03319686900005],[89.50566051300007,23.027635488000044],[89.50971584700005,23.01585799700007],[89.52195813700007,23.01244415700006],[89.52224542200008,23.01070724500005],[89.52012447300007,23.00984718500007],[89.52086360900006,23.00839675700007],[89.52954178500005,23.006815980000056],[89.52808601200007,23.00277376100007],[89.53082438400008,23.00143311100004],[89.53026352500007,22.996259877000057],[89.53290954900007,22.998142114000075],[89.53472791800004,22.99668745500003],[89.53710762500003,22.984311993000063],[89.54353173400006,22.98140664600004],[89.54525527800007,22.977301993000026],[89.54901147600003,22.976260337000042],[89.55208401600004,22.97727739800007],[89.56054539100006,22.983848007000063]]]}},{"type":"Feature","id":"narail-lohagara","properties":{"canonical_id":"narail-lohagara","name_en":"Lohagara","name_bn":"লোহাগড়া","district_id":"narail","division_id":"khulna","pcode":"BD-D-43-262","parent_pcode":"BD4065","source_name":"Lohagara","match_method":"exact_name_or_alias","boundary_reference_year":"2020","boundary_source":"geoBoundaries gbOpen BGD ADM3 / BBS, OCHA ROAP","source_dataset_updated":"2026-08-09"},"geometry":{"type":"Polygon","coordinates":[[[89.61765238800007,23.30443874900004],[89.61422115500005,23.308476576000032],[89.60447304900003,23.312213975000077],[89.60464167000003,23.32103005400006],[89.59267903300008,23.319558656000027],[89.58968117500007,23.32164931400007],[89.58147409300005,23.321986108000033],[89.57849527800005,23.323394043000064],[89.57701876800007,23.320835989000045],[89.57000712500007,23.319372195000028],[89.56014033200006,23.320393202000048],[89.55939317500008,23.313108268000065],[89.55599850400006,23.308487919000072],[89.54493785900007,23.306861885000046],[89.54369853900005,23.30453681000006],[89.54127514600003,23.305202130000055],[89.53435092200004,23.303297781000026],[89.53263354400008,23.29624639000008],[89.52837517200004,23.291953144000047],[89.52743034300005,23.284493010000062],[89.52360319600007,23.278009304000022],[89.51663051800006,23.28008645700004],[89.51660443700007,23.284432932000072],[89.51044730100006,23.28807219400005],[89.50361744600008,23.288110575000076],[89.49814602100008,23.295287348000045],[89.49319304300008,23.294689362000042],[89.49023069200007,23.296673218000024],[89.48541602400007,23.296263999000075],[89.48465251300007,23.29796363400004],[89.48042776700004,23.29956489400007],[89.47756277200006,23.298063815000035],[89.47679891000007,23.294588111000053],[89.48029334100005,23.284915858000033],[89.48599691700008,23.27550255400007],[89.49515645500009,23.271356230000038],[89.50191782000007,23.26542848400004],[89.51412223200003,23.26254116700005],[89.51782742200004,23.257495800000072],[89.51993568600005,23.251113660000044],[89.52972637900007,23.23921967700005],[89.53036988100007,23.236373936000064],[89.53418050100004,23.236823380000033],[89.54466956200008,23.23393305700006],[89.55542521100006,23.221058975000062],[89.55989738800008,23.22037996000006],[89.56790323000007,23.216114831000027],[89.57798844400008,23.21727982500005],[89.58409298600003,23.213007619000052],[89.58681081600008,23.209043034000047],[89.59581643200005,23.204605195000056],[89.59463313700007,23.20052086800007],[89.59249063700008,23.199994798000034],[89.59011542800005,23.194467690000067],[89.58637440400008,23.193159388000026],[89.58605177400005,23.191823329000044],[89.59096056800007,23.18677647100003],[89.59201072200005,23.18102056200007],[89.59790996000004,23.17996869600006],[89.59176227900008,23.160042641000075],[89.60462360400004,23.160248203000037],[89.60444977100008,23.15665086100006],[89.61312842200005,23.152597306000075],[89.61257340100008,23.144537754000055],[89.61008635900004,23.13887795900007],[89.60531743100006,23.13734964100007],[89.60800463600003,23.136449071000072],[89.60908886600004,23.13201814400003],[89.60700436800005,23.129955082000038],[89.60378930700006,23.12958796500004],[89.60197502700004,23.126289659000065],[89.60302995400008,23.124179670000046],[89.60103919000005,23.121763904000034],[89.59866209300009,23.122844120000025],[89.59672997700005,23.120036635000076],[89.59003060300006,23.096686514000055],[89.58203964600006,23.091671305000034],[89.58521401800004,23.085892181000077],[89.59024212400004,23.08257767500004],[89.59528494500006,23.08659806000003],[89.60194702000007,23.08888855400005],[89.60369145500005,23.09138555800007],[89.61448963000004,23.08977783000006],[89.61907336400003,23.097129620000032],[89.62059606900004,23.09658338400004],[89.62160081500008,23.09836535200003],[89.62517173200007,23.096926852000024],[89.63733104900007,23.104987532000052],[89.64173243700003,23.102129517000037],[89.64327470700005,23.09947778800006],[89.64293577000007,23.095055226000056],[89.64638593400008,23.09113463500006],[89.64890045700008,23.089650316000075],[89.65409530500006,23.089669684000057],[89.65841863200006,23.082226610000077],[89.66160989700006,23.083670906000066],[89.66382433300004,23.086912385000062],[89.66613276300006,23.08697882200005],[89.66590812900006,23.08910230400005],[89.67323685800005,23.094759509000028],[89.67587122700007,23.09537638100005],[89.67922370700006,23.09287591700007],[89.67839764300004,23.087894619000053],[89.68335496700007,23.087427563000062],[89.68616434700004,23.083722731000023],[89.69819876400004,23.084206882000046],[89.70391640600008,23.081161610000038],[89.71563988600008,23.07955375800003],[89.72448314900004,23.08095322500003],[89.70488888000006,23.089515884000036],[89.69063522400006,23.09867944800004],[89.67607677100006,23.11527829700003],[89.67269371800006,23.122703450000074],[89.67282053600007,23.127925512000047],[89.67836092700009,23.133163222000064],[89.68742584400007,23.132320466000067],[89.69506199300008,23.127104580000037],[89.69943727000003,23.11506199400003],[89.70485967400003,23.113499869000066],[89.71322797600004,23.11607172600003],[89.72802936200009,23.125583477000077],[89.73950048200004,23.130552529000056],[89.74166769600004,23.14229374200005],[89.73017671700006,23.158450278000032],[89.73227879500007,23.168203581000057],[89.73851751500007,23.17325631700004],[89.76236581100005,23.174985587000037],[89.76485380900004,23.178377925000063],[89.76441161900004,23.180680748000043],[89.75974468900006,23.185348970000064],[89.75365441800005,23.187694978000025],[89.73346390800003,23.186453890000053],[89.71328860600005,23.17768724900003],[89.70259025400009,23.170114488000024],[89.69655326400004,23.162240663000034],[89.69107289300007,23.162620700000048],[89.68621770500005,23.168260831000055],[89.67903090900006,23.183265213000027],[89.68419401600005,23.207316398000046],[89.68801293900003,23.210391351000055],[89.68429186000003,23.212206937000076],[89.68838505000008,23.219686670000044],[89.68735919000005,23.224114843000052],[89.67036065000008,23.244245501000023],[89.66497106300005,23.24446105900006],[89.66499304400008,23.245934070000033],[89.66373648800004,23.24596695500003],[89.66388694400007,23.242735108000034],[89.65495638400006,23.240649420000068],[89.64745806600007,23.234644375000073],[89.64183393300004,23.232456367000054],[89.63743968200004,23.233341702000075],[89.63324789700005,23.237132664000058],[89.63203440200004,23.24911564200005],[89.63682950500004,23.261615068000026],[89.64884393200003,23.27303200500006],[89.65804931000008,23.276470790000076],[89.66562583900009,23.276502922000077],[89.66905637500008,23.278343349000068],[89.66571514700007,23.282835314000067],[89.65286412700004,23.288798601000053],[89.63028753900005,23.289994148000062],[89.62215398900008,23.29584851000004],[89.61765238800007,23.30443874900004]]]}},{"type":"Feature","id":"narail-narail-sadar","properties":{"canonical_id":"narail-narail-sadar","name_en":"Narail Sadar","name_bn":"নড়াইল সদর","district_id":"narail","division_id":"khulna","pcode":"BD-D-43-261","parent_pcode":"BD4065","source_name":"Narail Sadar","match_method":"exact_name_or_alias","boundary_reference_year":"2020","boundary_source":"geoBoundaries gbOpen BGD ADM3 / BBS, OCHA ROAP","source_dataset_updated":"2026-08-09"},"geometry":{"type":"Polygon","coordinates":[[[89.50107435000007,23.03319686900005],[89.50259922800007,23.035725898000067],[89.50899727000007,23.034072474000027],[89.51853696800003,23.04031893000007],[89.52146870500007,23.040348152000035],[89.52301248200007,23.045524353000076],[89.52630076300005,23.04856207000006],[89.53046663400005,23.047162483000022],[89.53828732700003,23.047367303000044],[89.53892706200008,23.055855352000037],[89.54331711100008,23.06245333800007],[89.54116148300005,23.066684818000056],[89.54171654300006,23.071692538000036],[89.53833498000006,23.074805370000036],[89.52970844400005,23.078818910000052],[89.52577793500006,23.090166423000028],[89.51611035600007,23.098206558000072],[89.51774958500005,23.102318850000074],[89.52779255700005,23.099031207000053],[89.53397867800004,23.092015545000038],[89.53510222800008,23.088721733000057],[89.53949726400003,23.088104543000043],[89.54206233500008,23.089494649000073],[89.54313397500005,23.10058884600005],[89.54907706000006,23.10455683400005],[89.54753325700005,23.106553272000042],[89.54832536000004,23.108047713000076],[89.54929838300006,23.106453311000053],[89.55034393800008,23.111113475000025],[89.55198699200008,23.104500194000025],[89.55624490400004,23.10674399100003],[89.56412223000007,23.104859366000028],[89.56886220900003,23.101658816000054],[89.57150549200009,23.09704043200003],[89.57531461100007,23.095696303000068],[89.57353271600005,23.091876649000028],[89.57577018400008,23.089575246000038],[89.57768301800007,23.091636565000044],[89.58203964600006,23.091671305000034],[89.59003060300006,23.096686514000055],[89.59672997700005,23.120036635000076],[89.59866209300009,23.122844120000025],[89.60103919000005,23.121763904000034],[89.60302995400008,23.124179670000046],[89.60197502700004,23.126289659000065],[89.60378930700006,23.12958796500004],[89.60700436800005,23.129955082000038],[89.60908886600004,23.13201814400003],[89.60800463600003,23.136449071000072],[89.60531743100006,23.13734964100007],[89.61008635900004,23.13887795900007],[89.61257340100008,23.144537754000055],[89.61312842200005,23.152597306000075],[89.60444977100008,23.15665086100006],[89.60462360400004,23.160248203000037],[89.59176227900008,23.160042641000075],[89.59790996000004,23.17996869600006],[89.59201072200005,23.18102056200007],[89.59096056800007,23.18677647100003],[89.58605177400005,23.191823329000044],[89.58637440400008,23.193159388000026],[89.59011542800005,23.194467690000067],[89.59249063700008,23.199994798000034],[89.59463313700007,23.20052086800007],[89.59581643200005,23.204605195000056],[89.58681081600008,23.209043034000047],[89.58409298600003,23.213007619000052],[89.57798844400008,23.21727982500005],[89.56790323000007,23.216114831000027],[89.55989738800008,23.22037996000006],[89.55542521100006,23.221058975000062],[89.54466956200008,23.23393305700006],[89.53418050100004,23.236823380000033],[89.53036988100007,23.236373936000064],[89.52972637900007,23.23921967700005],[89.51993568600005,23.251113660000044],[89.51782742200004,23.257495800000072],[89.51412223200003,23.26254116700005],[89.50191782000007,23.26542848400004],[89.49515645500009,23.271356230000038],[89.48599691700008,23.27550255400007],[89.48029334100005,23.284915858000033],[89.47170843100008,23.287748368000052],[89.46365350800005,23.283982538000032],[89.46130586100008,23.272880932000078],[89.46261049700007,23.26786196000006],[89.45838309200008,23.26719593300004],[89.45776477000004,23.26325148500007],[89.45635413000008,23.26469413500007],[89.45508096800006,23.26387732200004],[89.45505150900004,23.257219943000052],[89.44804127800006,23.257529115000068],[89.44034189900003,23.26183710500004],[89.43527485200008,23.258799144000022],[89.42557494000005,23.258715976000076],[89.42257882000007,23.252256053000053],[89.42431186400006,23.243508948000056],[89.42612863000005,23.239056712000036],[89.43356386000005,23.233365270000036],[89.43097633900004,23.23207493800004],[89.42768836200008,23.233105742000077],[89.42642029200005,23.230779088000077],[89.42073875800008,23.23168130600004],[89.41775743600004,23.229742886000054],[89.41711911800007,23.224241156000062],[89.41912718300006,23.225828789000047],[89.42096945400004,23.224863414000026],[89.42019417500006,23.223964600000045],[89.42346891400007,23.216088052000032],[89.41966137700007,23.21855133500003],[89.42247788500003,23.20776618800005],[89.42232825400004,23.201510307000035],[89.42037622500004,23.197765735000075],[89.42078551000003,23.190726599000072],[89.42334531200004,23.18367276300006],[89.42190715700008,23.183816534000073],[89.42211158800006,23.180651219000026],[89.41976632400008,23.179660820000038],[89.41927944500009,23.175740397000027],[89.41599047900007,23.173991641000043],[89.41864517900007,23.169262523000043],[89.41803115400006,23.167579553000053],[89.41208097700007,23.16760996000005],[89.41294188200004,23.163349028000027],[89.41470487100008,23.16463150100003],[89.41504425500005,23.15853999500007],[89.40974066000007,23.158245274000024],[89.40882914300005,23.153432907000024],[89.42014296600007,23.14643595700005],[89.41929580000004,23.140360944000065],[89.41306831100007,23.14007140800004],[89.40849522400003,23.141875601000038],[89.40236618800003,23.138992404000078],[89.40137399800005,23.14061176100006],[89.39880941400008,23.140326495000068],[89.39889703800009,23.142923821000068],[89.39735156000006,23.14210777200003],[89.39266747000005,23.14470880300007],[89.39157623600005,23.143551193000064],[89.39375862100007,23.142766391000066],[89.39207612100006,23.140732566000054],[89.39052031800009,23.14187826700004],[89.38816768600003,23.139886974000035],[89.38637949500009,23.140244731000053],[89.38653777500008,23.138665137000032],[89.37822307100004,23.13557094300006],[89.38274662500004,23.128953972000033],[89.38959592300006,23.106483866000076],[89.38459733800005,23.086521176000076],[89.38534010600006,23.08508781200004],[89.39663391200008,23.07983007000007],[89.39981995400007,23.076839835000044],[89.40045309300007,23.077857897000058],[89.39709609700003,23.082372389000057],[89.39915538300005,23.08427097200007],[89.41663414600004,23.083067910000068],[89.41920220500003,23.08919052300007],[89.42502340500005,23.09349012800004],[89.42675618500004,23.09667495000008],[89.42803605500006,23.096434569000053],[89.43132624700007,23.10430073300006],[89.43600169800004,23.106544167000038],[89.43867994100003,23.11187646600007],[89.44230690500007,23.114552960000026],[89.44351120900006,23.112097951000067],[89.44242692900008,23.103446059000078],[89.44364324600008,23.091007234000074],[89.44049363100004,23.073546925000073],[89.44556042300007,23.070906217000072],[89.45196647300008,23.070034846000055],[89.45326197200006,23.06811866000004],[89.44388694600008,23.066547489000072],[89.44383710100004,23.054920511000034],[89.44907632700006,23.050270398000066],[89.45441845100004,23.05398574900005],[89.45742523700005,23.040905313000053],[89.46214682800007,23.03485733900004],[89.46745072200008,23.032718601000056],[89.47199516400008,23.033046606000028],[89.47511434400008,23.03558289800003],[89.48265551500003,23.035215923000067],[89.48961516300005,23.037721538000028],[89.50107435000007,23.03319686900005]]]}},{"type":"Feature","id":"satkhira-assasuni","properties":{"canonical_id":"satkhira-assasuni","name_en":"Assasuni","name_bn":"আশাশুনি","district_id":"satkhira","division_id":"khulna","pcode":"BD-D-58-251","parent_pcode":"BD4087","source_name":"Assasuni","match_method":"exact_name_or_alias","boundary_reference_year":"2020","boundary_source":"geoBoundaries gbOpen BGD ADM3 / BBS, OCHA ROAP","source_dataset_updated":"2026-08-09"},"geometry":{"type":"Polygon","coordinates":[[[89.24523817800008,22.640672120000033],[89.24093813600007,22.644015339000077],[89.23399730300008,22.641126093000025],[89.22858302600008,22.630732101000035],[89.21919642700004,22.624235741000064],[89.21536892600005,22.632226256000024],[89.21147007000008,22.63089730100006],[89.21106794400004,22.63528524000003],[89.20676098200005,22.63442643600007],[89.20384338200006,22.639606419000074],[89.19792523400008,22.643605496000077],[89.19683722200006,22.645935721000058],[89.18845323400006,22.648027611000032],[89.18316684000007,22.65429836000004],[89.17908989700004,22.653563056000053],[89.17538406800008,22.647477351000077],[89.17280150100004,22.648679583000046],[89.17086685000004,22.651882320000027],[89.16749261600006,22.648623305000058],[89.16479660100003,22.64946038200003],[89.15941429800006,22.646323121000023],[89.15347597000004,22.649245454000038],[89.14584878800008,22.646617825000078],[89.14360971000008,22.643888012000048],[89.14523160100003,22.641918111000052],[89.14392383900008,22.63868994300003],[89.13911095100008,22.634797115000026],[89.13870990100008,22.63146989300003],[89.13549243200004,22.630234509000047],[89.13603182600008,22.624502450000023],[89.13954954200005,22.62193615900003],[89.13683197000006,22.619807224000056],[89.13923122500006,22.61758128200006],[89.13698586400005,22.614538289000052],[89.13865972300005,22.61404396200004],[89.13991516900006,22.610912490000032],[89.13830136100006,22.602307573000076],[89.13166582500008,22.58725235600008],[89.12503149700007,22.58642792300003],[89.11149762800005,22.59867663600005],[89.10485482000007,22.599619279000024],[89.10324950600005,22.594939311000076],[89.09733288900009,22.594237708000037],[89.09621483400008,22.592501283000047],[89.09324782600004,22.592815964000067],[89.09213041700008,22.595395680000024],[89.08484912600005,22.59658455500005],[89.07729704000008,22.59993385100006],[89.06162903900008,22.60949972700007],[89.05634094800007,22.608867460000056],[89.05570364100004,22.600853608000023],[89.04592270700005,22.594901694000043],[89.05116534400008,22.588904287000048],[89.05986559400003,22.589268781000044],[89.06593226800004,22.586225286000058],[89.06909129500008,22.582156688000055],[89.07017169500006,22.577708753000024],[89.07831419800004,22.573129266000024],[89.07920875000008,22.570613008000066],[89.07814741400006,22.568819203000032],[89.07238766000006,22.56698592200007],[89.07334537700007,22.560211199000037],[89.07828768900004,22.55891878700004],[89.07912252200003,22.553754041000047],[89.08381863200003,22.55099665700004],[89.08964530400004,22.549828324000032],[89.08362030800004,22.54370487700004],[89.08720675900008,22.54039708700003],[89.08663180600007,22.533605068000043],[89.08824803500005,22.52903409700008],[89.10064727300005,22.525741221000033],[89.10227405700005,22.521378196000057],[89.10655954000003,22.518210745000033],[89.11102855600006,22.51900076900006],[89.11252497000004,22.51800406900003],[89.11411078600008,22.520281854000075],[89.11596922000007,22.51916601000005],[89.11829942900005,22.520359046000067],[89.12360987800008,22.518172900000025],[89.12782156100008,22.527303330000052],[89.12763030700006,22.530032894000044],[89.14294015500008,22.537023386000044],[89.15212522000007,22.538643282000066],[89.15993025700004,22.536441409000076],[89.15023570900007,22.522985298000037],[89.14850035100005,22.51788498600007],[89.13705073800008,22.51811309800007],[89.13402209100008,22.516006468000057],[89.13312330500008,22.513136936000024],[89.14359128300003,22.50474364400003],[89.15714065800006,22.50070773400006],[89.15427393800007,22.491711543000065],[89.14587891000008,22.487388270000054],[89.14372241000007,22.483090205000053],[89.14567599400004,22.473177381000028],[89.15353639500006,22.463416436000045],[89.15356147000006,22.451283536000062],[89.15048033900007,22.448410525000043],[89.13890326800004,22.44743454500008],[89.13820751300005,22.44576416600006],[89.14112260900004,22.436634764000075],[89.15196718500005,22.43417654600006],[89.14661073700006,22.42451894900006],[89.15037787100005,22.408065701000055],[89.15189201300007,22.406553487000053],[89.15872801600005,22.406885901000066],[89.16043031900006,22.40238646800003],[89.16350436800008,22.40032751700005],[89.16953889900003,22.402250583000068],[89.17335182100004,22.40166826600006],[89.18384163400003,22.397384610000074],[89.18908551500004,22.39312767200005],[89.19213426700009,22.38388323600003],[89.19305912800007,22.37104858600003],[89.19532850800005,22.366309623000063],[89.20152339700007,22.36564837900005],[89.21530466200005,22.368815150000046],[89.21490785000003,22.37370578200006],[89.21752900400008,22.37682914900006],[89.23109747000007,22.37236776700007],[89.23798383400003,22.368379508000032],[89.24244143600004,22.361352471000032],[89.24596683000004,22.359688945000073],[89.24691772300008,22.351103456000033],[89.25132152400005,22.344413239000062],[89.25504563600003,22.34557204300006],[89.26818687200006,22.342453758000033],[89.27208558400008,22.344546541000057],[89.27310376300005,22.347876941000038],[89.26392058400006,22.378002980000076],[89.26116762200007,22.37796756800003],[89.25571646500003,22.373249870000052],[89.24740345800006,22.369998543000065],[89.24316853900007,22.37035736400003],[89.24034727600008,22.373430274000043],[89.24210564500004,22.379428965000045],[89.25382787800004,22.39374196400007],[89.25493138600007,22.400236606000078],[89.25313761200005,22.406003938000026],[89.24283811500004,22.422084995000034],[89.24074634400006,22.42856271900007],[89.24129477400004,22.437327322000044],[89.24714758600004,22.450077407000038],[89.25599289100006,22.45047186100004],[89.25872169500008,22.452634979000038],[89.25886906500006,22.45559246700003],[89.25519276600005,22.463125364000064],[89.25842319300006,22.466785583000046],[89.27838799100005,22.472044200000028],[89.28410661300006,22.474955925000074],[89.28513977900008,22.477128295000057],[89.28233107600005,22.480041296000024],[89.26604716600008,22.48762197800005],[89.25751038600004,22.494430602000023],[89.25460527600006,22.49786970100007],[89.25144873600004,22.507073512000034],[89.24824471100004,22.52997294900007],[89.23675488800006,22.54407461900007],[89.23419306700004,22.551767140000038],[89.24204854800007,22.567730062000066],[89.24564166400006,22.569343909000054],[89.25577410300008,22.570383977000063],[89.25875292400008,22.57254911800004],[89.26180878700006,22.579043288000037],[89.26491787500004,22.59509306900003],[89.26497331000007,22.600685877000046],[89.26193774700005,22.60458512500003],[89.25405841800006,22.607829536000054],[89.24519875000004,22.608624277000047],[89.24327276500009,22.61015258200007],[89.24320856000008,22.614163957000073],[89.24512042400005,22.618075392000037],[89.25844908600004,22.619185982000033],[89.26008933200006,22.622352427000067],[89.25711713100009,22.62617083500004],[89.24587052900006,22.633913328000062],[89.24317786900008,22.637768906000076],[89.24523817800008,22.640672120000033]]]}},{"type":"Feature","id":"satkhira-debhata","properties":{"canonical_id":"satkhira-debhata","name_en":"Debhata","name_bn":"দেবহাটা","district_id":"satkhira","division_id":"khulna","pcode":"BD-D-58-252","parent_pcode":"BD4087","source_name":"Debhata","match_method":"exact_name_or_alias","boundary_reference_year":"2020","boundary_source":"geoBoundaries gbOpen BGD ADM3 / BBS, OCHA ROAP","source_dataset_updated":"2026-08-09"},"geometry":{"type":"Polygon","coordinates":[[[89.10485482000007,22.599619279000024],[89.10042988500004,22.601011348000043],[89.10086938100005,22.60304260600003],[89.09463827300004,22.61290511800007],[89.09572155700005,22.620492023000054],[89.09258392400005,22.628366173000074],[89.09333997900006,22.63799130500007],[89.09104028100006,22.64262357100006],[89.08266569300008,22.648837509000032],[89.07788518900009,22.66116762300004],[89.07280892500006,22.667541361000076],[89.06607674700007,22.67078294500004],[89.06252812400004,22.669369432000053],[89.05809913000007,22.66263585400003],[89.04148122800007,22.663960278000047],[89.03912505100004,22.655902832000038],[89.03999423900007,22.65398457300006],[89.03815147200004,22.650755512000046],[89.03231517800003,22.65345653600008],[89.02492461300005,22.653559092000023],[89.02324687100008,22.65491144600003],[89.01663180600008,22.653559234000056],[89.02024460500007,22.664999041000044],[89.00025325600006,22.666714297000055],[88.99724356100006,22.66956315400006],[88.99251106500003,22.667475083000056],[88.98767835500007,22.667251256000043],[88.98718007100007,22.665147391000062],[88.99169538200005,22.661470402000077],[88.99107199800005,22.65512932100006],[88.98672759700008,22.64702535200007],[88.98122622200003,22.64507494000003],[88.98056588900005,22.641834136000057],[88.97704367000006,22.63979087100006],[88.97545860600007,22.62766281100005],[88.97360858700006,22.62369484900006],[88.96921461900007,22.625521246000062],[88.96624531000003,22.62927309400004],[88.96260081200006,22.638973751000037],[88.95892872000007,22.63806106000004],[88.95615553300007,22.639971831000025],[88.95125565000006,22.63960281800007],[88.94894422100003,22.640799214000026],[88.94720430900009,22.639422427000056],[88.94585461900004,22.632939262000036],[88.95137257800008,22.63012528400003],[88.95227684200006,22.625760411000044],[88.95651432500006,22.62051444800005],[88.95953601300005,22.618769652000026],[88.96074543500004,22.616151353000078],[88.95796903900003,22.608149965000052],[88.93865572200008,22.591496738000046],[88.94226929400008,22.57603825600006],[88.93820604200005,22.56136257600008],[88.94219998300008,22.556657355000027],[88.96066578100005,22.55114942800003],[88.96714905500005,22.53785168400003],[88.97262297500004,22.518038802000035],[88.97682383700004,22.517356762000077],[88.99706181500005,22.52606862300007],[89.00056402300004,22.52522266400007],[89.00390014100003,22.52219326100004],[89.00644850400005,22.525079557000026],[89.01150489100007,22.52196010700004],[89.01684862200005,22.52457601800006],[89.02264059400005,22.52056133900004],[89.03181029300004,22.519375813000067],[89.03164030200008,22.523189885000022],[89.02673427400003,22.524159025000074],[89.02786010800008,22.530011112000068],[89.03858006600007,22.539407307000033],[89.03759741000005,22.544126610000035],[89.03982169800008,22.541785640000057],[89.04187497300006,22.542593079000028],[89.04050078800003,22.553097200000025],[89.04473250600006,22.558567679000078],[89.05119269000005,22.562976838000054],[89.06126755200006,22.565899493000074],[89.07043696100004,22.55940909000003],[89.07334537700007,22.560211199000037],[89.07238766000006,22.56698592200007],[89.07814741400006,22.568819203000032],[89.07920875000008,22.570613008000066],[89.07831419800004,22.573129266000024],[89.07017169500006,22.577708753000024],[89.06909129500008,22.582156688000055],[89.06593226800004,22.586225286000058],[89.05986559400003,22.589268781000044],[89.05116534400008,22.588904287000048],[89.04592270700005,22.594901694000043],[89.05570364100004,22.600853608000023],[89.05634094800007,22.608867460000056],[89.06162903900008,22.60949972700007],[89.07729704000008,22.59993385100006],[89.08484912600005,22.59658455500005],[89.09213041700008,22.595395680000024],[89.09324782600004,22.592815964000067],[89.09621483400008,22.592501283000047],[89.09733288900009,22.594237708000037],[89.10324950600005,22.594939311000076],[89.10485482000007,22.599619279000024]]]}},{"type":"Feature","id":"satkhira-kalaroa","properties":{"canonical_id":"satkhira-kalaroa","name_en":"Kalaroa","name_bn":"কলারোয়া","district_id":"satkhira","division_id":"khulna","pcode":"BD-D-58-253","parent_pcode":"BD4087","source_name":"Kalaroa","match_method":"exact_name_or_alias","boundary_reference_year":"2020","boundary_source":"geoBoundaries gbOpen BGD ADM3 / BBS, OCHA ROAP","source_dataset_updated":"2026-08-09"},"geometry":{"type":"Polygon","coordinates":[[[88.98962982300009,22.945447281000042],[88.98531997100008,22.940454110000076],[88.99096619900007,22.932999249000034],[88.98915946400007,22.927519069000027],[88.99198186100006,22.922014127000068],[88.98903258500007,22.92149689000007],[88.98836145200005,22.920036104000076],[88.99112530900004,22.91921026400007],[88.99199568100005,22.916067352000027],[88.98233820100006,22.921273479000035],[88.97563644600007,22.922075504000077],[88.97426471800009,22.916266026000073],[88.97019124400003,22.92127477400004],[88.96313923500009,22.919122603000062],[88.96078690300004,22.915472746000034],[88.95544646700006,22.913414984000042],[88.95436022500007,22.914641913000025],[88.95617921700006,22.91700460100003],[88.95256104100008,22.917996381000023],[88.94882155800008,22.922303346000035],[88.94426596800008,22.91993652000008],[88.94513608800008,22.917831508000063],[88.94186823700005,22.912465330000032],[88.93910070600003,22.914881704000038],[88.93596070300003,22.91195222600004],[88.93633238700005,22.915317075000075],[88.93415191400004,22.914145165000036],[88.92913892700005,22.91615731400003],[88.93134021600008,22.917781621000074],[88.92898483800008,22.91990646000005],[88.92474723600003,22.914754704000075],[88.91803266300008,22.91318769700007],[88.91780283700007,22.915308767000056],[88.91577487700005,22.916321253000035],[88.91946474200006,22.92206904300008],[88.91862423700007,22.924727904000065],[88.90858508300005,22.919159680000064],[88.90537594100005,22.914443430000063],[88.89598683600008,22.914586361000033],[88.89532435100006,22.913248236000072],[88.90123837000004,22.906385055000044],[88.89822443900005,22.89782275600004],[88.90778962400003,22.893712314000027],[88.90538143300006,22.892547871000033],[88.90506304900003,22.88989233800004],[88.90615738200006,22.88745570100008],[88.90808225900008,22.88715295000003],[88.90539910900009,22.885914312000068],[88.90981980000004,22.88482703300008],[88.90921133300003,22.881571364000024],[88.91268303200007,22.881606694000027],[88.90961948000006,22.881017549000035],[88.90979343100008,22.879802134000045],[88.91306989100008,22.878390660000036],[88.91352747500008,22.87980082100006],[88.91880841800008,22.877387600000077],[88.92251787700008,22.880243243000052],[88.92793276200007,22.872648996000066],[88.93987618700004,22.874942806000035],[88.94196582400008,22.87987550200006],[88.94608466400007,22.880080406000047],[88.94944391700005,22.877422086000024],[88.94967685600005,22.873055183000076],[88.95332274700007,22.868420466000032],[88.95296538900004,22.86442758800007],[88.95595301500003,22.863725439000063],[88.95850021200005,22.86065597000004],[88.95802787200006,22.85631287500007],[88.96111408600007,22.854688818000056],[88.96813812000005,22.845175006000034],[88.96283382800004,22.818885555000065],[88.96041484200003,22.815084729000034],[88.95542702000006,22.811581084000068],[88.95534558600008,22.80893069900003],[88.95904434900007,22.808078201000058],[88.96253090900007,22.80997869500004],[88.96842682800008,22.80827421200007],[88.97430465100007,22.81884936600005],[88.97851856100004,22.81770867000006],[88.98016525100007,22.818937223000034],[88.98063618800006,22.81760339300007],[88.98215220600008,22.81896319300006],[88.98552561300005,22.816142779000074],[88.98620848600007,22.817678456000067],[88.98801400700006,22.816830976000062],[88.99099658700004,22.818432874000052],[88.99275241700008,22.816473149000046],[88.99732664300006,22.817160820000026],[88.99733649500007,22.815274730000056],[88.99857827600005,22.815139706000025],[88.99872749700006,22.81755267400007],[89.00218514500006,22.81854143000004],[88.99606554300004,22.82885650000003],[88.99993123900003,22.83029951900005],[89.00694164500004,22.827701859000058],[89.01900326500004,22.825500326000054],[89.02684806500008,22.82589930300003],[89.03088117700008,22.824120711000035],[89.03343694500006,22.827010082000072],[89.04345175000003,22.828564897000035],[89.04495086600008,22.82726243700006],[89.04816381500007,22.82888838100007],[89.05398133400007,22.82520149900006],[89.05644360600007,22.81893261400006],[89.05948385600004,22.81825251500004],[89.06390904300008,22.818626618000053],[89.06823755900007,22.824261687000046],[89.07550353800008,22.82332112200004],[89.07549320800007,22.817724897000062],[89.07998298400008,22.81927857100004],[89.08199693300008,22.823327050000046],[89.08520594000004,22.824915256000054],[89.09733142600004,22.822757231000026],[89.09782904100007,22.82709529300007],[89.11322576700007,22.830378274000054],[89.11691337300005,22.830371660000026],[89.11785462300008,22.82792329600005],[89.12521008600004,22.82707354200005],[89.12807681400005,22.824835809000035],[89.13368361200008,22.82555967600007],[89.13675533500003,22.82772987000004],[89.12707599700008,22.838517830000058],[89.12320651900006,22.848997951000058],[89.12283060200008,22.853424847000042],[89.12892721100008,22.867844990000037],[89.12817007400008,22.872644672000035],[89.12466173900003,22.877296557000022],[89.11170620100006,22.887877896000077],[89.11035638800007,22.891596978000052],[89.11198814500005,22.897314318000042],[89.11733514400004,22.90387995800006],[89.13402384100004,22.893812577000062],[89.13610526900004,22.89127774800005],[89.13834293300005,22.890428376000045],[89.14047842500008,22.891527276000033],[89.14135299900005,22.899390650000043],[89.13007153900008,22.920381027000076],[89.12506241100004,22.92824880300003],[89.11712301300008,22.929387028000065],[89.11157883300007,22.933192235000035],[89.10944646000007,22.937521126000036],[89.11447269000007,22.941883881000024],[89.11473558600005,22.94401257800007],[89.11101391800008,22.94400419300007],[89.10075937100004,22.938388979000024],[89.10757504200006,22.930798094000068],[89.10683234700008,22.92615160500003],[89.10155055000007,22.922728285000062],[89.09681580200004,22.923059917000046],[89.08542816700003,22.929452628000035],[89.08063197000007,22.933883172000037],[89.07889090700007,22.938474150000047],[89.07539618000004,22.937656123000068],[89.07162984800004,22.932740636000062],[89.06193185900008,22.933718441000053],[89.05747167400006,22.93592706000004],[89.05245023900005,22.93411094000004],[89.04977941200008,22.930256065000037],[89.04511848000004,22.93418104500006],[89.04555523000005,22.941263062000075],[89.04245890400006,22.94193089600003],[89.04017034100008,22.940591522000034],[89.04065305700004,22.937526707000075],[89.03526580200008,22.93011603100007],[89.02234667900007,22.938681271000064],[89.01459452600005,22.94669553700004],[88.99249382100004,22.944667799000058],[88.98962982300009,22.945447281000042]]]}},{"type":"Feature","id":"satkhira-kaliganj","properties":{"canonical_id":"satkhira-kaliganj","name_en":"Kaliganj","name_bn":"কালিগঞ্জ","district_id":"satkhira","division_id":"khulna","pcode":"BD-D-58-257","parent_pcode":"BD4087","source_name":"Kaliganj","match_method":"exact_name_or_alias","boundary_reference_year":"2020","boundary_source":"geoBoundaries gbOpen BGD ADM3 / BBS, OCHA ROAP","source_dataset_updated":"2026-08-09"},"geometry":{"type":"Polygon","coordinates":[[[89.36769452200008,26.009557364000045],[89.36662421700004,26.010341924000045],[89.36426313700008,26.00834825800007],[89.36298418400008,26.009473240000034],[89.36244691000007,26.008384830000068],[89.36039580000005,26.009288213000048],[89.35964099700004,26.007937833000028],[89.35949953300008,26.00924168000006],[89.35710712500008,26.00799239500003],[89.35627095700005,26.009970406000036],[89.35530302500007,26.008433138000044],[89.35319819100005,26.01197363700004],[89.35171619800008,26.009953412000073],[89.35099784400006,26.011566480000056],[89.34848562700006,26.010480664000056],[89.34902824600005,26.011747245000038],[89.34643384500004,26.01160606600007],[89.34420663800006,26.013298037000027],[89.34689364700006,26.01360131100006],[89.34916665400004,26.016241750000063],[89.34535907100008,26.014488442000072],[89.34368317700006,26.01713514900007],[89.34342602400005,26.01468581000006],[89.34003236800004,26.015347097000074],[89.33971476400006,26.017873059000067],[89.33727523000005,26.018076102000066],[89.33903581400006,26.018280210000057],[89.33727787900006,26.01894768300008],[89.33717823600006,26.020075348000034],[89.33869104300004,26.019460690000074],[89.33731649400005,26.022237870000026],[89.33447323900003,26.02008785000004],[89.33858348200005,26.023406469000065],[89.33633628400008,26.023499798000046],[89.33661423300003,26.026527180000073],[89.33480486000008,26.025720226000033],[89.33159792600009,26.029544308000027],[89.33073215000007,26.027278695000064],[89.32884969300005,26.028341969000053],[89.33002785600007,26.02895869300005],[89.32758687000006,26.030381781000074],[89.32894629500004,26.031534071000067],[89.32597034600008,26.032548872000064],[89.32789474700007,26.033317082000053],[89.32550755800008,26.034866065000074],[89.32586242400004,26.036634781000032],[89.32427657500006,26.036049485000035],[89.31917689500006,26.039261621000037],[89.31550397200004,26.037263289000066],[89.31688309600008,26.039021536000064],[89.31089865500007,26.040997607000065],[89.30732294100005,26.045356948000062],[89.30641191900008,26.044404021000048],[89.30615165400008,26.04660849000004],[89.30510181800008,26.045408655000074],[89.30371295900005,26.045665201000077],[89.30459805000004,26.047070293000047],[89.29994086500005,26.04768752800004],[89.30037224100005,26.050521811000067],[89.29834588900007,26.050293714000077],[89.29657701900004,26.045418924000046],[89.29161850600008,26.046520798000074],[89.29091256200007,26.04536434700003],[89.28920695100004,26.048250104000033],[89.27877107400008,26.04863867800003],[89.27823048400006,26.037052808000055],[89.28035719900004,26.035419494000053],[89.27785798600007,26.029023769000048],[89.27608815200006,26.02819492800006],[89.27485318200007,26.03069384300005],[89.26203252700003,26.030096766000042],[89.25999993800008,26.034674450000068],[89.25585155600004,26.035061160000055],[89.25337096300007,26.03314033600003],[89.25126809600005,26.02210904800006],[89.24896404400005,26.020962773000065],[89.24754494500007,26.023022001000072],[89.24102829000003,26.022749213000054],[89.23748054700008,26.024969268000063],[89.23783872400008,26.03082446700006],[89.23235346700005,26.042132953000078],[89.22582923400006,26.045999951000056],[89.21748609400004,26.047914364000064],[89.21697046200006,26.051238883000053],[89.21395756600003,26.05442567500006],[89.21531229200008,26.05720674300005],[89.21210444500008,26.060224822000066],[89.20717558100006,26.05819954100008],[89.20338080900007,26.053964221000058],[89.19922733100003,26.053002199000048],[89.19389279100005,26.05839067100004],[89.18862908500006,26.059819422000032],[89.18444349400005,26.058115264000037],[89.17857068600006,26.059027228000048],[89.17254173700007,26.046040296000058],[89.16786515500007,26.04593837500005],[89.16380834100005,26.042353460000072],[89.15732225500005,26.039790957000037],[89.16216805000005,26.02425941100006],[89.15742958300007,26.02546831500007],[89.13285371900008,26.025327463000053],[89.13422411400006,26.015196941000056],[89.14065640700005,25.999067242000024],[89.13789901700005,25.99894417200005],[89.13549639200005,25.99343719500007],[89.13208225500006,25.99195061900008],[89.12696416300008,25.986701451000044],[89.11964342500005,25.989958423000076],[89.12095793300006,25.984614304000047],[89.12364838100007,25.98133831900003],[89.12908423800008,25.978536500000075],[89.14184304200006,25.964174249000052],[89.15635647300007,25.953581756000062],[89.17270473700006,25.95073813600004],[89.17604767200004,25.95294513400006],[89.17949723600003,25.952711333000025],[89.19205077600003,25.942613077000033],[89.19671620200006,25.946338841000056],[89.20057687200006,25.945598906000043],[89.202761,25.939377230000048],[89.20476280400004,25.939220625000075],[89.20667695600008,25.93584224700004],[89.21080093600006,25.93327387200003],[89.21165733100008,25.927680253000062],[89.21764065400004,25.92034460700006],[89.22016860600007,25.92003260300004],[89.22231323600005,25.92302217200006],[89.22335832700008,25.91734426100004],[89.23012318400004,25.911599756000044],[89.23483397800004,25.904672511000058],[89.24739885800005,25.90082959700004],[89.25217127800005,25.897161751000056],[89.25890721200005,25.89753888900003],[89.26407722800008,25.890397405000044],[89.27221666400004,25.89224495800005],[89.27579122400005,25.896263532000035],[89.27930514200006,25.896643348000055],[89.28177467400008,25.89623741500003],[89.28511733600004,25.89143944500006],[89.29136335500004,25.889979639000046],[89.29184370000007,25.892813904000036],[89.28764056600005,25.900151339000047],[89.28304288000004,25.902890052000032],[89.27680704400007,25.90393304400004],[89.27457825600004,25.919424591000052],[89.27630802200008,25.91924305200007],[89.27706026700008,25.91633702200005],[89.27944054300008,25.91595157100005],[89.27803154500003,25.92577100500006],[89.27678698600005,25.926556017000053],[89.27964476200003,25.92881184400005],[89.27771599300007,25.928445010000075],[89.27505140300008,25.932515891000037],[89.28342285500008,25.933967840000037],[89.28516742500005,25.931831369000065],[89.28835258100008,25.933820576000073],[89.29060071700007,25.930801047000045],[89.29574785100004,25.932747765000045],[89.29866966500003,25.930177779000076],[89.30205180300004,25.930968961000076],[89.30183134500004,25.934063923000053],[89.29969353000007,25.93514110800004],[89.30302530500006,25.938523521000036],[89.29973957300007,25.941710357000034],[89.30824854000008,25.942655329000047],[89.31156394200008,25.94436925100007],[89.31426308400006,25.949576895000064],[89.32120606900008,25.95446978500007],[89.31885113100003,25.955328388000055],[89.32112142300008,25.95709192000004],[89.32071260000004,25.959200105000036],[89.32296617700007,25.959647466000035],[89.32114402900004,25.960387825000055],[89.32164946600005,25.962007055000072],[89.32471518000006,25.963351558000056],[89.32129198800004,25.966698506000057],[89.32250923300006,25.96852705400005],[89.32151352400007,25.96981700500004],[89.32689964100007,25.97382194000005],[89.32410361200004,25.977073664000045],[89.32354173600004,25.980282743000032],[89.32506085500006,25.981926445000056],[89.32781493100003,25.981237217000057],[89.32827213000007,25.986705614000073],[89.33503542900007,25.98833960500008],[89.33379610700007,25.98991464100004],[89.33740749300006,25.988812689000042],[89.34417294200006,25.991624064000064],[89.35738380900005,25.989616703000024],[89.36608624100006,25.99132105800004],[89.36890315500005,25.995233599000073],[89.36723194700005,25.99968691600003],[89.36846156700005,26.000155622000023],[89.36769452200008,26.009557364000045]]]}},{"type":"Feature","id":"satkhira-satkhira-sadar","properties":{"canonical_id":"satkhira-satkhira-sadar","name_en":"Satkhira Sadar","name_bn":"সাতক্ষীরা সদর","district_id":"satkhira","division_id":"khulna","pcode":"BD-D-58-254","parent_pcode":"BD4087","source_name":"Satkhira Sadar","match_method":"exact_name_or_alias","boundary_reference_year":"2020","boundary_source":"geoBoundaries gbOpen BGD ADM3 / BBS, OCHA ROAP","source_dataset_updated":"2026-08-09"},"geometry":{"type":"Polygon","coordinates":[[[89.17086685000004,22.651882320000027],[89.16984606200003,22.656046443000037],[89.17229151000004,22.659174997000036],[89.17066648800005,22.668525026000054],[89.17189320900007,22.673189696000065],[89.16594329000009,22.674405406000062],[89.16020407100007,22.681665490000057],[89.15550338100007,22.683276902000046],[89.15259036500004,22.68737302200003],[89.15360935700005,22.689920968000024],[89.15201010700008,22.693869034000045],[89.15631246000004,22.697657196000023],[89.15365523900005,22.70765840200005],[89.14917284600006,22.70859806800007],[89.14660618400006,22.707109734000028],[89.14405332500007,22.710311046000072],[89.14938292500005,22.715667057000076],[89.15058765200007,22.72201246700007],[89.14926656500006,22.72449802400007],[89.14588073900006,22.726639171000045],[89.14010253000004,22.72641511200004],[89.13751427100004,22.721734438000055],[89.12970448200008,22.716660397000055],[89.12234410000008,22.72875725700004],[89.12036060600008,22.729713460000028],[89.11758854600004,22.72764541500004],[89.11321120700006,22.729477486000064],[89.11048976300003,22.72792928700005],[89.10256875100004,22.734086484000045],[89.11014091600003,22.733544214000062],[89.11978386900006,22.735335914000075],[89.12044008300006,22.738460171000042],[89.11889784700008,22.74110485500006],[89.12080469600005,22.741453534000073],[89.12310929100005,22.745957608000026],[89.12211914500006,22.74735737800006],[89.11426351400007,22.748795716000075],[89.11159306500008,22.75224534000006],[89.10777132800007,22.753452812000035],[89.10355920600006,22.763073951000024],[89.09625619200006,22.768625617000055],[89.09786006200005,22.78144939500004],[89.09327624100007,22.784098303000064],[89.09309065600007,22.788961502000063],[89.10003475800005,22.798767447000046],[89.08822814800004,22.80325016200004],[89.08759065200007,22.806350741000074],[89.08835642100007,22.807218332000048],[89.09435929200004,22.80439446300005],[89.09772547300008,22.805652475000045],[89.09824208900005,22.80728358700003],[89.10215204200006,22.805867440000043],[89.10424270200008,22.80691855400005],[89.09825566400008,22.81021768000005],[89.09775903900004,22.815396961000033],[89.09610741200004,22.816371627000024],[89.09857868900008,22.819476302000055],[89.09733142600004,22.822757231000026],[89.08520594000004,22.824915256000054],[89.08199693300008,22.823327050000046],[89.07998298400008,22.81927857100004],[89.07549320800007,22.817724897000062],[89.07550353800008,22.82332112200004],[89.06823755900007,22.824261687000046],[89.06390904300008,22.818626618000053],[89.05948385600004,22.81825251500004],[89.05644360600007,22.81893261400006],[89.05398133400007,22.82520149900006],[89.04816381500007,22.82888838100007],[89.04495086600008,22.82726243700006],[89.04345175000003,22.828564897000035],[89.03343694500006,22.827010082000072],[89.03088117700008,22.824120711000035],[89.02684806500008,22.82589930300003],[89.01900326500004,22.825500326000054],[89.00694164500004,22.827701859000058],[88.99993123900003,22.83029951900005],[88.99606554300004,22.82885650000003],[89.00218514500006,22.81854143000004],[88.99872749700006,22.81755267400007],[88.99857827600005,22.815139706000025],[88.99733649500007,22.815274730000056],[88.99732664300006,22.817160820000026],[88.99275241700008,22.816473149000046],[88.99099658700004,22.818432874000052],[88.98801400700006,22.816830976000062],[88.98620848600007,22.817678456000067],[88.98552561300005,22.816142779000074],[88.98215220600008,22.81896319300006],[88.98063618800006,22.81760339300007],[88.98016525100007,22.818937223000034],[88.97851856100004,22.81770867000006],[88.97430465100007,22.81884936600005],[88.96842682800008,22.80827421200007],[88.96253090900007,22.80997869500004],[88.95904434900007,22.808078201000058],[88.95783217600007,22.79600289700005],[88.94954008100007,22.797421041000064],[88.94172557000007,22.790355576000024],[88.93804696000007,22.793099019000067],[88.93563258800003,22.79024423900006],[88.93563254700007,22.781980678000025],[88.92856662100007,22.783344364000072],[88.92933501400006,22.780364903000077],[88.92387164600007,22.77969026100004],[88.92471849900005,22.77510746100006],[88.92665629400005,22.774385368000026],[88.92576929800003,22.77001066100007],[88.91892507200004,22.771053797000036],[88.91098367300003,22.75786114300007],[88.91222763900004,22.75471897500006],[88.91760171600004,22.755337842000074],[88.92091529600003,22.752799949000064],[88.92107777600006,22.749831157000074],[88.91812522700008,22.74784837800007],[88.91661934300004,22.74419810200004],[88.91566233000003,22.736669708000022],[88.91817193200006,22.73038256800004],[88.92517902200007,22.728036617000043],[88.92791871900005,22.718121702000076],[88.94070366000005,22.711386893000054],[88.94836379200007,22.705523800000037],[88.95112200700004,22.70710509500003],[88.95608058600004,22.704125517000023],[88.96231911100006,22.695107756000027],[88.96054950700005,22.687350497000068],[88.96161114100005,22.685350690000064],[88.95554992500007,22.68609574000004],[88.94782094400006,22.677452161000076],[88.94820626800004,22.674204406000058],[88.94485909400004,22.662322424000024],[88.94305804200008,22.66204192500004],[88.94198852500006,22.659716407000076],[88.93925893500005,22.660558730000048],[88.93520340500004,22.658864864000066],[88.93553847000004,22.655485360000057],[88.93320270000004,22.65202237400007],[88.93050294600005,22.651687827000046],[88.93114619200009,22.653037836000067],[88.92939986800008,22.653979889000027],[88.92851994200004,22.65235639100007],[88.93394653700005,22.63638677700004],[88.93474818700008,22.61823111600006],[88.93799190800007,22.617379234000055],[88.95242947500003,22.62100332400007],[88.95651432500006,22.62051444800005],[88.95227684200006,22.625760411000044],[88.95137257800008,22.63012528400003],[88.94585461900004,22.632939262000036],[88.94720430900009,22.639422427000056],[88.94894422100003,22.640799214000026],[88.95125565000006,22.63960281800007],[88.95615553300007,22.639971831000025],[88.95892872000007,22.63806106000004],[88.96260081200006,22.638973751000037],[88.96624531000003,22.62927309400004],[88.96921461900007,22.625521246000062],[88.97360858700006,22.62369484900006],[88.97545860600007,22.62766281100005],[88.97704367000006,22.63979087100006],[88.98056588900005,22.641834136000057],[88.98122622200003,22.64507494000003],[88.98672759700008,22.64702535200007],[88.99107199800005,22.65512932100006],[88.99169538200005,22.661470402000077],[88.98718007100007,22.665147391000062],[88.98767835500007,22.667251256000043],[88.99251106500003,22.667475083000056],[88.99724356100006,22.66956315400006],[89.00025325600006,22.666714297000055],[89.02024460500007,22.664999041000044],[89.01663180600008,22.653559234000056],[89.02324687100008,22.65491144600003],[89.02492461300005,22.653559092000023],[89.03231517800003,22.65345653600008],[89.03815147200004,22.650755512000046],[89.03999423900007,22.65398457300006],[89.03912505100004,22.655902832000038],[89.04148122800007,22.663960278000047],[89.05809913000007,22.66263585400003],[89.06252812400004,22.669369432000053],[89.06607674700007,22.67078294500004],[89.07280892500006,22.667541361000076],[89.07788518900009,22.66116762300004],[89.08266569300008,22.648837509000032],[89.09104028100006,22.64262357100006],[89.09333997900006,22.63799130500007],[89.09258392400005,22.628366173000074],[89.09572155700005,22.620492023000054],[89.09463827300004,22.61290511800007],[89.10086938100005,22.60304260600003],[89.10042988500004,22.601011348000043],[89.10485482000007,22.599619279000024],[89.11149762800005,22.59867663600005],[89.12503149700007,22.58642792300003],[89.13166582500008,22.58725235600008],[89.13830136100006,22.602307573000076],[89.13991516900006,22.610912490000032],[89.13865972300005,22.61404396200004],[89.13698586400005,22.614538289000052],[89.13923122500006,22.61758128200006],[89.13683197000006,22.619807224000056],[89.13954954200005,22.62193615900003],[89.13603182600008,22.624502450000023],[89.13549243200004,22.630234509000047],[89.13870990100008,22.63146989300003],[89.13911095100008,22.634797115000026],[89.14392383900008,22.63868994300003],[89.14523160100003,22.641918111000052],[89.14360971000008,22.643888012000048],[89.14584878800008,22.646617825000078],[89.15347597000004,22.649245454000038],[89.15941429800006,22.646323121000023],[89.16479660100003,22.64946038200003],[89.16749261600006,22.648623305000058],[89.17086685000004,22.651882320000027]]]}},{"type":"Feature","id":"satkhira-shyamnagar","properties":{"canonical_id":"satkhira-shyamnagar","name_en":"Shyamnagar","name_bn":"শ্যামনগর","district_id":"satkhira","division_id":"khulna","pcode":"BD-D-58-255","parent_pcode":"BD4087","source_name":"Shyamnagar","match_method":"exact_name_or_alias","boundary_reference_year":"2020","boundary_source":"geoBoundaries gbOpen BGD ADM3 / BBS, OCHA ROAP","source_dataset_updated":"2026-08-09"},"geometry":{"type":"MultiPolygon","coordinates":[[[[89.24622997900008,21.689139599000043],[89.23441203500005,21.693148978000067],[89.23021603400008,21.700599578000038],[89.22415209700006,21.698599280000053],[89.21729922600008,21.68285037800007],[89.21719372300004,21.67872653300003],[89.20905593500004,21.66440572500005],[89.20816687400009,21.65746929100004],[89.21100571600005,21.652702195000074],[89.21910591400007,21.656027306000055],[89.22180127200005,21.65406791500004],[89.23858553400004,21.65330889200004],[89.24777149500005,21.656996150000055],[89.25866414100005,21.658300074000067],[89.26286376500008,21.662143456000024],[89.26021666400004,21.667270880000046],[89.26193818500008,21.668174932000056],[89.26322395900007,21.666746422000074],[89.26968639000006,21.665699309000047],[89.27738,21.66770503400005],[89.28854875900004,21.67809184200007],[89.29191324600004,21.68306616800004],[89.29188375600006,21.689101642000026],[89.29043561000003,21.691007940000077],[89.27455441000006,21.695779732000062],[89.25699707100006,21.696717808000074],[89.25006443000007,21.689515533000076],[89.24622997900008,21.689139599000043]]],[[[89.27571773900007,21.755517859000065],[89.26326227200008,21.758152007000035],[89.25195429500008,21.75529243400007],[89.24517017900007,21.75591915600006],[89.23792438100008,21.753136967000046],[89.23050786700009,21.752445400000056],[89.22138918100006,21.747084080000036],[89.22281834000006,21.743027331000064],[89.22023900100004,21.74098332600005],[89.21974324200005,21.737993172000074],[89.22373237000005,21.733649470000046],[89.22257030900005,21.729699967000045],[89.22488521700006,21.72738023900007],[89.22317448100006,21.724384400000076],[89.22542555800004,21.722004507000065],[89.22466357200005,21.720985144000053],[89.22825737800008,21.712695396000072],[89.22567684300003,21.70491465500004],[89.23360899000005,21.704413687000056],[89.23585592300003,21.696715187000052],[89.23752554000004,21.695348514000045],[89.24780562700005,21.691989205000027],[89.25467422300005,21.69919128400005],[89.26406686800004,21.70066745200006],[89.26638936300003,21.702888922000056],[89.27751487800003,21.703117056000053],[89.28056880200006,21.70623762100007],[89.27942450200004,21.71131226600005],[89.28189863500006,21.71532695700006],[89.28380657900004,21.72394051300006],[89.28850147600008,21.731669659000033],[89.28480155500006,21.749043564000033],[89.27571773900007,21.755517859000065]]],[[[89.21205330800007,21.821773274000066],[89.19930802000005,21.825823350000064],[89.19291787700007,21.826043206000065],[89.18861036500005,21.822675488000073],[89.18454890600003,21.81663193600008],[89.19016161900004,21.81087513700004],[89.18883150700003,21.797052774000065],[89.19224535600006,21.78621742400003],[89.19714484400004,21.77956640600007],[89.20546164100006,21.775017182000056],[89.20899130800007,21.770731537000074],[89.20984122200008,21.765046547000054],[89.21477321600008,21.761579975000075],[89.21548825000008,21.75713736700004],[89.21863643400008,21.752228286000047],[89.22349794700006,21.752251168000043],[89.23054044100007,21.755917270000054],[89.23757457300007,21.756428086000028],[89.24426371800007,21.75923147000003],[89.25273684000007,21.75860056600004],[89.26198507700008,21.761462772000073],[89.27558110100006,21.75980181700004],[89.28660910900004,21.754782283000054],[89.28723001300006,21.758609336000063],[89.28427198800006,21.766867270000034],[89.28696145100008,21.781890361000023],[89.28179020900006,21.792799270000046],[89.26978212000006,21.792611411000053],[89.25783524300005,21.794518634000042],[89.25341322300005,21.79778353100005],[89.24884117400006,21.804098675000034],[89.24223844000005,21.80819520700004],[89.23924676900003,21.81371607600005],[89.23690152500006,21.810065292000047],[89.23479833600004,21.81100867400005],[89.23297783400005,21.814045621000048],[89.23348207800007,21.819791774000066],[89.23235932600005,21.820721603000038],[89.22897416500007,21.821853176000047],[89.21205330800007,21.821773274000066]]],[[[89.27092820900003,21.817502089000072],[89.26650277800007,21.831967857000052],[89.25866598200008,21.832506512000066],[89.25662883000007,21.830346059000078],[89.25465661700008,21.820680365000044],[89.25206144500004,21.817609109000045],[89.24715335100007,21.816296029000057],[89.23449130400007,21.81917055300005],[89.23364865900004,21.816500690000055],[89.23582684400003,21.811128059000055],[89.23938151700008,21.81516472100003],[89.24280811500006,21.809328235000066],[89.25025115500006,21.805151083000055],[89.25734206500005,21.79712451300003],[89.26981482500008,21.793793358000073],[89.27787371100004,21.795381553000027],[89.28117802700007,21.794138774000032],[89.28188472400007,21.79694560300004],[89.28053627600008,21.800429536000024],[89.27092820900003,21.817502089000072]]],[[[89.10431609800008,21.781131251000033],[89.08428695400005,21.795793299000024],[89.07701968900005,21.81157648900006],[89.07553331600008,21.819790518000048],[89.07627139500005,21.82844751300007],[89.08133434600006,21.841383076000056],[89.08361590600003,21.85697993100007],[89.06830260700008,21.87300441000008],[89.06144511300005,21.883912597000062],[89.05726928100006,21.898936079000066],[89.05901614900006,21.919913101000077],[89.04990883200009,21.92263328300004],[89.03725871900008,21.920188344000053],[89.03353396000006,21.914905155000042],[89.03381171900008,21.895112848000053],[89.05264894000004,21.87798230900006],[89.05887403300005,21.862051416000043],[89.06059545100004,21.853313014000037],[89.05926057900007,21.834279098000025],[89.04612583600004,21.795864221000045],[89.04493248400007,21.786726816000055],[89.06761663600008,21.773375334000036],[89.07756666800003,21.762101031000043],[89.09203426400006,21.74009497700007],[89.09814946200004,21.73592160900006],[89.10204387200008,21.734986566000032],[89.10138731300003,21.729485458000056],[89.10642976200006,21.72492339300004],[89.10710892800006,21.722632383000075],[89.11277765000006,21.720176750000064],[89.12132959600007,21.718836143000033],[89.12352734900008,21.71923004100006],[89.12438644700006,21.720955597000057],[89.12771658800006,21.72020836200005],[89.13576405000003,21.721971549000045],[89.14501384200008,21.732441352000023],[89.14700561600006,21.737423540000066],[89.14714162500007,21.740388023000037],[89.14368203200007,21.74562891200003],[89.14524218100007,21.75008292600006],[89.14409326900005,21.753949265000074],[89.14242061700008,21.75556590800005],[89.13396534100008,21.757482003000064],[89.13195118000004,21.760530920000065],[89.13035948900006,21.769892662000075],[89.12255100200008,21.77467987500006],[89.10431609800008,21.781131251000033]]],[[[89.30097646900003,21.838060115000076],[89.30226542300005,21.846814194000046],[89.30633905500008,21.856870772000036],[89.32303257600006,21.878979138000034],[89.33862811400007,21.890277251000043],[89.35594034500008,21.896369528000037],[89.35981695100008,21.900065580000046],[89.35836961200005,21.914401954000027],[89.34820114100006,21.942281078000065],[89.33709739400007,21.960929116000045],[89.31396242800008,21.98609883200004],[89.30635731400008,21.998039681000023],[89.30269184800005,21.996181169000067],[89.29978700600003,21.99233097000007],[89.28879125400005,21.988282387000027],[89.30154868200003,21.982959314000027],[89.30108045500003,21.976889739000057],[89.30348783000005,21.972832892000042],[89.29869264300004,21.965900477000048],[89.29341089300004,21.96338806800003],[89.29822240800007,21.955894788000023],[89.29037355600008,21.951352160000056],[89.29142689300005,21.944292242000074],[89.29000943200003,21.940513214000077],[89.29203076300007,21.93588484000003],[89.29692363300006,21.93074277900007],[89.30332244800007,21.92670630200007],[89.31851682300004,21.920794369000077],[89.32114788200005,21.91698064600007],[89.29082632200004,21.878990160000058],[89.29155032900007,21.877606795000077],[89.30470818500004,21.873455979000028],[89.30805574300007,21.869597741000064],[89.30720073600008,21.86639092000007],[89.29892218700007,21.85736847100003],[89.29630313400008,21.843158756000037],[89.29406828200007,21.839420008000047],[89.28844757500008,21.83705343200006],[89.28352964500004,21.837510119000058],[89.28123455400004,21.83568367500004],[89.29723143900009,21.81853906500004],[89.29742429700008,21.821025744000053],[89.30172597900008,21.82606370700006],[89.30097646900003,21.838060115000076]]],[[[89.18530093000004,22.021908103000044],[89.16499238900008,22.020700073000057],[89.17154775100005,22.001210977000028],[89.17129881300008,21.995703518000028],[89.16728674800004,21.98820392400006],[89.15661315600005,21.97493018800003],[89.14307612500005,21.96174899600004],[89.14046478400007,21.950242462000062],[89.14278872100004,21.938308867000046],[89.14941537100003,21.928416906000052],[89.15492321000005,21.92512812900003],[89.17695758800005,21.92627823600003],[89.18179289300008,21.931538448000026],[89.18119392900007,21.93574222700005],[89.16802441700008,21.941011541000023],[89.16449507000004,21.94465241100005],[89.16511353900006,21.94865564400004],[89.16918178900005,21.954985674000056],[89.16551629000008,21.944564437000054],[89.17145339600006,21.940353850000065],[89.18258824200007,21.936119561000055],[89.18353156600006,21.933178304000023],[89.18093196400008,21.925628993000032],[89.20161537600006,21.923914013000058],[89.21071457000005,21.91836469200007],[89.21343469100003,21.912832182000045],[89.21361015800005,21.908865346000027],[89.21245807700006,21.90407908800006],[89.20154435300003,21.886051700000053],[89.19936709700005,21.849374055000055],[89.19397661200009,21.828982513000028],[89.21281973900005,21.824101548000044],[89.23148407200006,21.823711536000076],[89.23641559600009,21.820626923000077],[89.24920239000005,21.818199736000054],[89.25337883100008,21.822377835000054],[89.25462554400008,21.834557724000035],[89.25895703100008,21.840104516000054],[89.25578652400009,21.846334613000067],[89.25692945900005,21.850812572000052],[89.25400196500004,21.854558449000024],[89.25726094500004,21.85934691700004],[89.25079477700007,21.858263473000022],[89.24486900200003,21.86549346000004],[89.23963856600005,21.866045909000036],[89.24501151700008,21.866516958000034],[89.25072481500007,21.85961631500004],[89.25842560200005,21.860405497000045],[89.25491416800008,21.855416311000056],[89.25815627600008,21.851826263000078],[89.25679391800008,21.84579427700004],[89.26023341800004,21.840109116000065],[89.25564037500004,21.834200934000023],[89.26306473400007,21.835567947000072],[89.26773289600004,21.84395504400004],[89.26963057100005,21.843341786000053],[89.27191594100003,21.847080791000053],[89.27377626000003,21.85392540500004],[89.26763530300008,21.868144709000035],[89.26894925900007,21.88315106400006],[89.24732689600006,21.88731442900007],[89.24261758100005,21.88532592400003],[89.23780794200007,21.879812920000063],[89.23169392300008,21.876655865000032],[89.22857798400008,21.878547516000026],[89.22937431200006,21.886673819000066],[89.23342248100005,21.889915375000044],[89.22965325900003,21.88469296900007],[89.22937450300003,21.878697485000032],[89.23078226700005,21.877560393000067],[89.23530642600008,21.879533689000027],[89.24508989700007,21.88807209600003],[89.25388933100004,21.887814072000026],[89.26941741300004,21.88429823100006],[89.280118,21.896405225000024],[89.28504241800005,21.905366635000064],[89.26431539300006,21.906279209000047],[89.25384919400005,21.90924386200004],[89.24564565200006,21.915421122000055],[89.24073384900004,21.928688616000045],[89.22220742400003,21.92941481400004],[89.21071426800006,21.935157677000063],[89.20409110900005,21.943534215000057],[89.20185233400008,21.948968077000075],[89.20463111800007,21.962328816000024],[89.21153804000005,21.96817384700006],[89.23537816000004,21.978144486000076],[89.24158261500008,21.98275976800005],[89.24272692900007,21.985589336000032],[89.24199171400005,21.987632162000068],[89.23520127400008,21.99070837200003],[89.19491090900004,22.002581365000026],[89.18913534400008,22.009552271000075],[89.18530093000004,22.021908103000044]]],[[[89.12373056100006,22.046168710000074],[89.12838490900003,22.05927567200007],[89.13146713300006,22.06337534900007],[89.13612148900006,22.066318763000027],[89.13483036200006,22.07029952700003],[89.12855153000004,22.07275501400005],[89.12092593400007,22.069566782000038],[89.11474706300004,22.06041469200005],[89.11202552900005,22.053347373000065],[89.10566382400003,22.050502101000063],[89.10480531300004,22.04525244200005],[89.09574630900005,22.049322068000038],[89.09353394900006,22.040652932000057],[89.09573415100004,22.021630884000047],[89.09080622900007,22.01423372900007],[89.09428486900003,21.98634749100006],[89.09701128900008,21.979689325000038],[89.09482220600006,21.976313850000054],[89.09345714100004,21.961292041000036],[89.09374007300005,21.95375652900003],[89.09715396100006,21.940245381000068],[89.10789624000006,21.94508919200007],[89.11551539500005,21.95207407600003],[89.11537807700006,21.954262932000063],[89.10646412600005,21.959159053000064],[89.10930060700008,21.967582191000076],[89.10616494600004,21.975875476000056],[89.10801789900006,21.978155034000054],[89.11882591600005,21.979486063000024],[89.11437377600004,21.987827476000064],[89.11539135000004,21.99072493500006],[89.13021215600008,21.998121637000054],[89.12838133800005,22.00415728300004],[89.13152635000006,22.008051202000047],[89.12719542500008,22.016535572000066],[89.12736104800007,22.026172764000023],[89.11694359200004,22.02738705200005],[89.115608,22.029680935000044],[89.11943724200006,22.04032535300007],[89.12373056100006,22.046168710000074]]],[[[89.14955491300003,22.028113460000043],[89.14724687800003,22.033151408000037],[89.14694004200004,22.03968751700006],[89.15118991800006,22.050312833000078],[89.15702014400006,22.05628273600007],[89.17350489000006,22.062253240000075],[89.16933578400005,22.06654214300005],[89.14949235100005,22.07666933200005],[89.14128372000005,22.067546591000053],[89.13407886500005,22.06399530400006],[89.13033345900004,22.059820726000055],[89.12760304900007,22.055012904000023],[89.12597823600004,22.047530437000034],[89.12129522700008,22.04131719700007],[89.11750260300005,22.031968525000025],[89.11716854300005,22.028317902000026],[89.12791918100004,22.02694643600006],[89.12873199600006,22.01637746700004],[89.13338327300005,22.007769402000065],[89.12915270000008,22.00316680800006],[89.13139172600006,21.99884043700007],[89.13059957000007,21.996394547000023],[89.12040654200007,21.99220438100008],[89.11601889300005,21.98793402700005],[89.12027634200007,21.98224127800006],[89.12085021000007,21.97900203200004],[89.10777864600004,21.975706400000036],[89.11206939700008,21.966788657000052],[89.10832122500005,21.95982043300006],[89.11598083300004,21.957016157000055],[89.11749549800004,21.95481381600007],[89.11693451900004,21.951074428000027],[89.11039440700006,21.944922055000063],[89.09743994000007,21.938035342000035],[89.09461696300008,21.93914905200006],[89.09222521100008,21.948452618000033],[89.08439204500007,21.926842468000075],[89.08995790500006,21.92692051100005],[89.09620336400008,21.92134037900007],[89.10550925200005,21.923210743000027],[89.11039133400004,21.92580173300007],[89.11161780800006,21.931479135000075],[89.11759947900003,21.933055307000075],[89.12995448300006,21.946805622000056],[89.12949476700004,21.944973813000047],[89.11802624500007,21.93185692700007],[89.11269248000008,21.931152378000036],[89.11157895000008,21.926039648000028],[89.10767939700008,21.92284395400003],[89.09577446900005,21.920552917000066],[89.08902045400004,21.92574627700003],[89.08372469800008,21.924318295000035],[89.08154653200006,21.92035833600005],[89.07980212000007,21.90366664800007],[89.09402433000008,21.886503150000067],[89.09846031200004,21.87749240200003],[89.10491377000005,21.846717153000043],[89.10299419600005,21.826054955000075],[89.11614782500004,21.817116705000046],[89.11823628600007,21.81984712700006],[89.11903377500005,21.82470352400003],[89.11480613200007,21.83248632300007],[89.11363917100005,21.837999010000033],[89.11448994500006,21.84126119600006],[89.11774200700006,21.845570919000068],[89.12997285400007,21.848518607000074],[89.12978432200003,21.853634553000063],[89.11872699300005,21.875873470000045],[89.12652244500003,21.88729050300003],[89.12544711100008,21.890463918000023],[89.12236178800003,21.891779169000074],[89.12633279300007,21.89106317100004],[89.12777937200008,21.888469047000058],[89.12376337400008,21.880073202000062],[89.12075005800006,21.87821223000003],[89.12064245500005,21.875237774000027],[89.12943287500008,21.858931165000058],[89.13245033800007,21.84944212000005],[89.12906415800006,21.847116071000073],[89.11883365200003,21.84429109900003],[89.11667202200005,21.842190981000044],[89.11716113500006,21.832661553000037],[89.11965311100005,21.82928088600005],[89.12080287000003,21.82400829900007],[89.11848973800005,21.81731527200003],[89.11539449400004,21.815969016000054],[89.10264810700005,21.822061443000052],[89.09909054900004,21.81372397900003],[89.12764734000007,21.802738568000052],[89.13469687100007,21.80219012300006],[89.13350220900008,21.79956622700007],[89.13763622300007,21.79734118600004],[89.15172760000007,21.794928052000046],[89.15515226700006,21.79575839000006],[89.15709242100007,21.801027022000028],[89.16755676400004,21.803076072000067],[89.16967083200007,21.816866636000043],[89.17183630000005,21.822472478000066],[89.17847722100004,21.830200792000028],[89.17922646300008,21.838790071000062],[89.17358758900008,21.842409170000053],[89.17066912900003,21.84708125700007],[89.16252415200006,21.849260795000077],[89.16210336100005,21.851515207000034],[89.16523929500005,21.856269502000032],[89.16252893400008,21.862344740000026],[89.15774025300004,21.862223786000072],[89.15345749500005,21.859137599000064],[89.15149288600009,21.859807596000053],[89.14971442900008,21.865965033000066],[89.15416121300007,21.870132015000024],[89.15445213200007,21.87250128200003],[89.14567715300007,21.87546153200003],[89.14324285000004,21.872737830000062],[89.14221803200007,21.87513188400004],[89.14544694000006,21.880141106000053],[89.14325174900006,21.87367939300003],[89.14547276000008,21.876617961000022],[89.15245779900005,21.873410816000046],[89.15557768400004,21.87346014900004],[89.15566016400004,21.870133209000073],[89.15104416200006,21.865779633000045],[89.15180696700008,21.861522016000038],[89.15305936500005,21.860852876000024],[89.15903698400007,21.86389635100005],[89.16407800800005,21.862242499000047],[89.16621196300008,21.856101083000055],[89.16350275900004,21.850194298000076],[89.17193631500004,21.848374989000035],[89.17408307500006,21.844276071000024],[89.18048179900006,21.840094688000022],[89.18112342500007,21.833943358000056],[89.18234548600003,21.834235687000046],[89.18486261800007,21.837307618000068],[89.18294681900005,21.859097532000078],[89.18503868000005,21.873975520000045],[89.20113582900007,21.912681452000072],[89.18505770300004,21.91570975600007],[89.16870069500004,21.913715800000034],[89.15407430100004,21.913688954000065],[89.14432968800008,21.916821637000055],[89.13938521600005,21.922390990000054],[89.13501635200004,21.94064239000005],[89.13107456400007,21.950174154000024],[89.13286561100006,21.962872637000032],[89.13906637400004,21.973701669000036],[89.16082295200005,21.991476573000057],[89.16308255400008,21.995162394000033],[89.16063613800009,21.997246618000077],[89.16252486800005,21.998940256000026],[89.16247277000008,22.002347481000072],[89.15660822900008,22.017392226000027],[89.14955491300003,22.028113460000043]]],[[[89.26135267100005,22.08076314400006],[89.25704006100005,22.082645267000032],[89.25139531800005,22.092478150000034],[89.24800737500004,22.095047445000034],[89.23075482500008,22.10010098500004],[89.22550665500006,22.09598466600005],[89.22662717500003,22.09154357700004],[89.24032878700007,22.08198664100007],[89.24837186500008,22.07397282100004],[89.25237178100008,22.068282503000034],[89.25361242200006,22.060369003000062],[89.25066635200005,22.049818195000057],[89.24479762000004,22.040349820000074],[89.23810533400007,22.032768917000055],[89.23387624400004,22.024749560000032],[89.21934211800004,22.00820206000003],[89.22358361300007,22.004979828000046],[89.23867615000006,21.99921007100005],[89.24866756500006,21.99131800500004],[89.25069080800006,21.986955602000023],[89.25077437000004,21.981012390000046],[89.24878911200005,21.976332682000077],[89.24223829700009,21.970145831000025],[89.23527634600003,21.966011223000066],[89.21747728300005,21.959427350000055],[89.20990473800003,21.952047811000057],[89.21973070200005,21.944857332000026],[89.23604259400008,21.941675192000048],[89.23062830000003,21.94803705700008],[89.23039518600007,21.950191447000066],[89.24718952600006,21.95362543500005],[89.25768911700004,21.961494806000076],[89.26118018400007,21.965829996000025],[89.25571257100006,21.97298461200006],[89.26507841300008,21.977309835000028],[89.26096307500006,21.983864528000026],[89.26304717500005,21.99763568000003],[89.26223924000004,21.983398801000078],[89.26588249600007,21.979576484000063],[89.26580699900006,21.97765836800005],[89.26463580900008,21.975796611000078],[89.25667433100006,21.973361063000027],[89.26247137600006,21.965822248000052],[89.25927143200005,21.962068559000045],[89.24535226900008,21.95178392400004],[89.23196070700004,21.949170577000075],[89.23858871500005,21.941168393000055],[89.25388290100005,21.928733561000058],[89.26006850300007,21.916570728000067],[89.27900926100006,21.919979987000033],[89.27664547100005,21.925460714000053],[89.27080033800007,21.926940224000077],[89.26869703900007,21.929086385000062],[89.26918374100006,21.93936747600003],[89.26121315000006,21.94393305600005],[89.26661645800004,21.942433306000055],[89.27068639800007,21.939205324000056],[89.26947782200006,21.930308624000077],[89.27065840000006,21.928727235000053],[89.27787365700004,21.925935044000028],[89.28178385100006,21.919000339000036],[89.28935234900007,21.91579161800007],[89.29442495000006,21.910459251000077],[89.29623417300007,21.901957295000045],[89.29264531500007,21.892141716000026],[89.28585460600004,21.882551050000075],[89.27779810400006,21.875297268000054],[89.28374294300005,21.859212280000065],[89.28420942200006,21.842673353000066],[89.29307468400003,21.84137309500005],[89.29606950300007,21.857209789000024],[89.30643035800006,21.869778934000067],[89.29293546500008,21.874884677000068],[89.28987459800004,21.87754876300005],[89.28980881100006,21.880512569000075],[89.31949011700004,21.91845287800004],[89.29910628600004,21.92745036900004],[89.29241805700008,21.933015039000054],[89.28874774400003,21.939501010000072],[89.28866325300004,21.949432337000076],[89.29122859200004,21.952552882000077],[89.29607747000006,21.954689425000026],[89.29224352400007,21.96290310100005],[89.29870418200005,21.967495906000067],[89.30217027600008,21.972460566000052],[89.29963618400006,21.97667410300005],[89.29986806500006,21.98234855800007],[89.28848339800004,21.986278293000055],[89.28722166900008,21.988168013000063],[89.29007486000006,21.99057104700006],[89.29857386500004,21.993222993000074],[89.30560736900009,22.00060559900004],[89.29660047400006,22.022669242000063],[89.29442021700004,22.02625911900003],[89.28626293700006,22.032986665000067],[89.29435325900005,22.02742875100006],[89.29160466400003,22.034031836000054],[89.28095545900004,22.04747784400007],[89.27781409400006,22.053872563000027],[89.27727103900008,22.05930528400006],[89.28145070200009,22.072030942000026],[89.29562478700007,22.085320155000034],[89.29144600200004,22.087455872000078],[89.28598545200003,22.087716689000047],[89.27185767600008,22.08248861000004],[89.26135267100005,22.08076314400006]]],[[[89.16350436800008,22.40032751700005],[89.15827715600005,22.39170952300003],[89.14900051500007,22.392589170000065],[89.14431381700007,22.389393686000062],[89.13969775600003,22.379187891000072],[89.14046431400004,22.372001298000043],[89.13462203000006,22.36518064300003],[89.11814689800008,22.367932197000073],[89.11410285300008,22.37191560900004],[89.11088711900004,22.37820868800003],[89.10511582600003,22.377851950000036],[89.10282123200005,22.38109777300008],[89.10316372800008,22.384018600000047],[89.10110444900005,22.38647555400007],[89.10054140800008,22.39066929300003],[89.09673886200005,22.391908826000076],[89.09733573100004,22.40121092000004],[89.09607097100007,22.402669522000053],[89.09193160700005,22.402611885000056],[89.09076526500007,22.399710694000078],[89.08630084700008,22.399143524000067],[89.08177482100007,22.391599291000034],[89.07660104000007,22.395390104000057],[89.07620282200008,22.39312807500005],[89.07426585200005,22.392701184000032],[89.06622562000007,22.39606335600007],[89.06341991900007,22.395622281000044],[89.06714059900008,22.39105597300005],[89.06199685100006,22.38578857400006],[89.06564390500006,22.383804275000045],[89.06186494200006,22.37644110800005],[89.06346656700003,22.375776270000074],[89.06697003800008,22.377440017000026],[89.06816459800007,22.375956960000053],[89.06663651100007,22.373653395000076],[89.06385975000006,22.37335393500007],[89.06469283000007,22.36496194500006],[89.06177852700006,22.362522160000026],[89.05558154800008,22.349618656000075],[89.05804889500007,22.346935994000034],[89.05951365100003,22.341745222000043],[89.06325496000005,22.341334140000072],[89.06629448600006,22.338899679000065],[89.06506897500003,22.335695633000057],[89.06349666200003,22.335677238000073],[89.06444538500006,22.33315082200005],[89.06233222800006,22.333880760000056],[89.06081562900005,22.339456315000064],[89.05776235500008,22.34044440100007],[89.05787770500007,22.341928807000045],[89.05028695700008,22.342575260000046],[89.04448506900007,22.340499887000078],[89.04294041100007,22.338067851000062],[89.04034199200004,22.343257109000035],[89.03195142600003,22.34180589300007],[89.02941629400004,22.34453601200005],[89.02784961500004,22.343561745000045],[89.02645613800007,22.33840522500003],[89.02450945800007,22.338460138000073],[89.01998567600003,22.33316499800003],[89.01337830500006,22.331152823000025],[89.00500867000005,22.319856042000026],[89.01101444700004,22.31495009300005],[89.01586474100003,22.307504023000035],[89.02400237000006,22.29923337500003],[89.02522193800007,22.294820326000035],[89.02253910500008,22.29331964100004],[89.01234966600003,22.296772746000045],[88.99962357700008,22.29621654700003],[88.99522316000008,22.29228697800005],[88.99578782400005,22.285595743000044],[88.99848107000008,22.282388097000023],[89.01939641700005,22.26896928800005],[89.02016012100006,22.264624498000046],[89.01481479400007,22.257528785000034],[89.01602045600004,22.253513872000042],[89.01870912100009,22.253235677000077],[89.03015383900004,22.259429407000027],[89.03455071000008,22.257978127000058],[89.03599574900005,22.254359326000042],[89.03735305300006,22.235615731000053],[89.04179729500004,22.225074670000026],[89.07019189000005,22.197057894000068],[89.07275053300003,22.19881109800008],[89.07539686800004,22.19424865900004],[89.07651829000008,22.190568188000043],[89.07555734700009,22.185753198000043],[89.06737102800008,22.17293304800006],[89.07143151000008,22.154239439000037],[89.07603319800006,22.149017033000064],[89.08499912500008,22.160008443000038],[89.09161412000003,22.162558475000026],[89.09651308100007,22.162064566000026],[89.10189563600005,22.156091428000025],[89.10243783200008,22.149683889000073],[89.09878786000007,22.143227270000068],[89.08080889900003,22.13233740100003],[89.05626858400007,22.109212985000056],[89.04777484600004,22.09699708900007],[89.05573293100008,22.064666588000023],[89.06538300900007,22.05816098100007],[89.07217755400006,22.058271065000042],[89.08692481800006,22.055516279000074],[89.09024895700009,22.062452106000023],[89.09698051000004,22.09419587600007],[89.07965108800005,22.097844812000062],[89.07664381500007,22.102325497000038],[89.08120291700004,22.108618884000066],[89.08226538800005,22.114329629000054],[89.09091551300008,22.11095705400004],[89.09437905300007,22.11132126800004],[89.09424086000007,22.11915441700006],[89.08658897100008,22.11843088100005],[89.08419086000004,22.12228556100007],[89.08533223300003,22.124956895000025],[89.09173669000006,22.125027088000024],[89.09238951800006,22.12618053800003],[89.09228277200003,22.124539483000035],[89.08607346300005,22.12456271600007],[89.08501291100004,22.12246463100007],[89.08733433500004,22.11894178400007],[89.09461345900007,22.12001835600006],[89.09539375300005,22.110596007000026],[89.09174857000005,22.11002387700006],[89.08302840500005,22.112995235000028],[89.08271293000007,22.108839660000058],[89.07719815000007,22.102193123000063],[89.08001837500007,22.099179351000032],[89.09360724200008,22.097216205000052],[89.09754226500007,22.09579540900006],[89.09834486400007,22.09415118100003],[89.09081165500004,22.058901297000034],[89.08734279400005,22.054280985000048],[89.07628719800005,22.05640428600003],[89.06768099400006,22.054420578000077],[89.07179282500005,22.046268419000057],[89.08710525000004,22.024695183000063],[89.08962170800004,22.018569589000037],[89.09315987400004,22.01979521800007],[89.09416771500008,22.02480552000003],[89.09167719800007,22.037033649000023],[89.09389386800007,22.050326432000077],[89.09791524300005,22.05126923800003],[89.10378921100005,22.047341878000054],[89.10524095500006,22.052253475000043],[89.11089901800005,22.054163334000066],[89.11920005000007,22.070170947000065],[89.12481116800006,22.07326070000005],[89.12909487600007,22.073747110000056],[89.13585161900005,22.071501907000027],[89.13713480200005,22.06827795600003],[89.13893156300009,22.068007375000036],[89.14809179400004,22.077930452000032],[89.14423997400007,22.08500810700008],[89.12572830000005,22.10199220900006],[89.11580230000004,22.120520370000065],[89.11592793100004,22.12665834200004],[89.11990500200005,22.129837121000037],[89.12560517600008,22.13031323000007],[89.13899970900007,22.12708258600003],[89.14087020800008,22.12816661200003],[89.14053706500005,22.129539686000044],[89.12976892700004,22.13580993100004],[89.12579852700009,22.15112262100007],[89.10703404100008,22.15632177300006],[89.10179472900006,22.165255530000024],[89.08734802000004,22.176847597000062],[89.08517358000006,22.180733694000025],[89.09570194900004,22.17454908900004],[89.10210371300008,22.168860533000043],[89.10901778100003,22.158404159000042],[89.12633602000005,22.154086585000073],[89.13073389000004,22.14684244700004],[89.13213235500007,22.136864221000053],[89.13968361300005,22.134063083000058],[89.14381324800007,22.13022286000006],[89.14354250300005,22.12638914400003],[89.13803404100008,22.123896758000058],[89.12347115200004,22.127173286000072],[89.11937616200004,22.126001425000027],[89.12251020600007,22.117162404000055],[89.13123810300004,22.101617616000055],[89.14221245400006,22.094109780000053],[89.14812973300008,22.08695798900004],[89.15395962600007,22.08918884800005],[89.15984527100005,22.08940100800004],[89.17489846600006,22.08164079000005],[89.17771582000006,22.086757995000028],[89.17856495900008,22.101298891000056],[89.19144247900005,22.11528968600004],[89.19180525900003,22.120053177000045],[89.18798825400006,22.12206234300004],[89.17631650800007,22.121226973000034],[89.17153755800007,22.123548769000024],[89.16668999800004,22.13060774300004],[89.16946719500004,22.141334021000034],[89.16589632700004,22.147141757000043],[89.16072427200004,22.15067539100005],[89.14375693300008,22.15186746100005],[89.13888064300005,22.16420163400005],[89.14618134200003,22.182894688000033],[89.15721589300006,22.191813386000035],[89.15886881700004,22.199157316000026],[89.15802147200003,22.207042198000067],[89.16036891700008,22.207959670000037],[89.15858774500003,22.191125727000042],[89.14924557100005,22.184000127000047],[89.14214283300004,22.16907079400005],[89.14122140200004,22.16378657300004],[89.14316548500005,22.15585444900006],[89.14706885200007,22.15264251800005],[89.16429547000007,22.151383117000023],[89.16999811200003,22.145054979000065],[89.17096772000008,22.14124425400007],[89.16902047700006,22.131167017000053],[89.17366879600007,22.124381649000043],[89.17777140400005,22.122123293000072],[89.18357234700005,22.123664723000047],[89.18932939500007,22.12320896600005],[89.19194707700007,22.12201592200006],[89.19409344200005,22.118500779000044],[89.19194215100003,22.11304526500004],[89.18074279600006,22.101042197000027],[89.17984165000007,22.08807237600007],[89.17772114300004,22.08081570400003],[89.17274777300008,22.080302791000065],[89.16169743300009,22.087122975000057],[89.15033741100007,22.08492416100006],[89.17417334600003,22.072307670000043],[89.17865357300008,22.06486737700004],[89.17734694500007,22.060062118000076],[89.17266325300005,22.053505018000067],[89.16516934000003,22.048048609000034],[89.15575656800007,22.04420413300005],[89.15490592500004,22.037933896000027],[89.15786547100004,22.032832282000072],[89.16329255300008,22.027877888000035],[89.17513589600009,22.02519360200006],[89.17957812900005,22.027066733000026],[89.18702767000008,22.025249363000057],[89.19146159600007,22.021307084000057],[89.19540387900008,22.01050123400006],[89.20187449800005,22.002732],[89.20562344200005,22.00243118900005],[89.20952971800006,22.00514841300003],[89.21405935100006,22.017885566000075],[89.22207884400007,22.023699387000022],[89.22928493200004,22.032730480000055],[89.23142029000007,22.03856378300003],[89.24100642000008,22.05095178700003],[89.24538255300007,22.059212735000074],[89.24214449900006,22.068340186000057],[89.23822768400004,22.07359615100006],[89.21644922000007,22.088842800000066],[89.21054952400004,22.09985104900005],[89.20587126800007,22.119748126000047],[89.20330910900003,22.123110648000022],[89.19567663300006,22.128253305000044],[89.19147138000005,22.13370083600006],[89.18912008400008,22.150301549000062],[89.19153634200006,22.154910634000032],[89.19555597300007,22.155151836000073],[89.20131865000008,22.148765283000046],[89.20546455900006,22.147160280000037],[89.20877322100006,22.151168480000024],[89.20999307200003,22.16456538400007],[89.21971853200006,22.17162249200004],[89.21736428900005,22.173609379000027],[89.20229566400008,22.17805973000003],[89.19701223500005,22.169399147000036],[89.18120214800007,22.164836071000025],[89.17985066200004,22.16740588400006],[89.18046716700007,22.17252662900006],[89.18647090200005,22.176375177000068],[89.18725517000007,22.184153798000068],[89.18881040400004,22.182796317000054],[89.18772668800005,22.174894535000078],[89.18145153000006,22.171181871000044],[89.18140690400008,22.16663849400004],[89.19568958500008,22.170191274000047],[89.19871334100009,22.174346195000055],[89.19878973300007,22.179531981000025],[89.19629291600006,22.182263421000073],[89.19409454600003,22.18866825200007],[89.19824633700006,22.194634955000026],[89.19643578700004,22.201696663000064],[89.19994368600004,22.21500997100003],[89.19108522200008,22.219166879000056],[89.19017398900007,22.22193458000004],[89.19156947200008,22.228152222000062],[89.18638326200005,22.22746605800006],[89.18104698100007,22.229344550000064],[89.18218506300008,22.231575115000055],[89.18430770200007,22.229833511000038],[89.19289736800005,22.229563565000035],[89.19355466900004,22.224911903000077],[89.19164450200003,22.219928494000044],[89.19865346600005,22.218933314000026],[89.20155359700004,22.21651466000003],[89.20168369400005,22.211686744000076],[89.19823646300006,22.202514912000026],[89.20002684300005,22.195040068000026],[89.19561787300006,22.187534983000035],[89.19834579300004,22.182396338000046],[89.20198080800003,22.180247759000054],[89.21786974100007,22.17620649500003],[89.22207122100008,22.17260572300006],[89.22091646000007,22.16830545600004],[89.21171271400004,22.16212553500003],[89.21181883400004,22.151561799000035],[89.20854050100007,22.145580755000026],[89.20506142900007,22.144152018000057],[89.20225343700008,22.144644209000035],[89.19552803300007,22.14998999100004],[89.19190584200004,22.150864462000072],[89.19572689000006,22.133599055000047],[89.20440408200005,22.128408147000073],[89.21031597100006,22.131348583000033],[89.21999612300004,22.132199144000026],[89.22431845100004,22.134219622000046],[89.21059354700003,22.138795535000042],[89.20986497000007,22.14457086400006],[89.21280283500005,22.148840017000055],[89.22091009300004,22.15250971000006],[89.22633529300003,22.157797768000023],[89.23928135200003,22.159454002000075],[89.24230363900006,22.161199193000073],[89.23712055400006,22.16881938800003],[89.23080090100007,22.185342552000066],[89.22384646900008,22.19567674700005],[89.22362318400008,22.199953203000064],[89.22592651500008,22.203780959000028],[89.23619923100006,22.20917750900003],[89.24906252000005,22.22729065300007],[89.25259002500007,22.22491377500006],[89.24007594500006,22.20901497600005],[89.23613188500008,22.20565569000007],[89.23024810400005,22.203290190000075],[89.22727791600005,22.19986923700003],[89.22884305800005,22.193940578000024],[89.23914721100004,22.176108474000046],[89.24130593300004,22.168371981000064],[89.24658387000005,22.163895602000025],[89.24607395700008,22.16039345400003],[89.24171139500004,22.15713372600004],[89.22770155200004,22.156237713000053],[89.21354031100003,22.144773816000054],[89.21327080300006,22.140538452000044],[89.22608797000004,22.13706748900006],[89.22707337200006,22.134184980000043],[89.22316937700003,22.13068839500005],[89.21091764800008,22.128646693000064],[89.20772554000007,22.126795379000043],[89.21852372000006,22.097463764000054],[89.22152658900006,22.101193867000063],[89.23284151700005,22.104694676000065],[89.24093714800006,22.103832759000056],[89.24876247500004,22.100735832000055],[89.25112839200006,22.101386409000042],[89.26446417700004,22.112553423000065],[89.26555597000004,22.11795868200005],[89.26451451400004,22.134442965000062],[89.26134402300005,22.141066627000043],[89.26223515000004,22.147366472000044],[89.25932922400006,22.15269603200005],[89.26288075900004,22.158400675000053],[89.25822597400008,22.161679776000028],[89.25747367300005,22.164405441000042],[89.26090077300006,22.167976708000026],[89.26282508900005,22.166874248000056],[89.26277289300003,22.165142323000055],[89.25850038800007,22.163332254000068],[89.26361472600007,22.159229749000076],[89.26360293500005,22.15660364400003],[89.26061963200004,22.15293140500006],[89.26364103900005,22.149104519000048],[89.26301726300005,22.14097227800005],[89.26548478500007,22.137131269000065],[89.27173470000008,22.149328024000056],[89.28058535300005,22.160654383000065],[89.30101647300006,22.174316791000024],[89.31006478700004,22.18370438100004],[89.31164688600006,22.18748473200003],[89.31150661300006,22.19381327800005],[89.30569042400003,22.21445768500007],[89.30275141900006,22.216635848000067],[89.31085295200006,22.228659510000057],[89.31138014100009,22.231602001000056],[89.29694435700009,22.246899838000047],[89.29200238100003,22.25661436400003],[89.29533502400005,22.261308675000066],[89.31235243300006,22.275735576000045],[89.31437548900004,22.28366429500005],[89.31268387700004,22.285871567000072],[89.30841785200005,22.287176345000034],[89.28710856400005,22.28619518000005],[89.28160762300007,22.287391626000044],[89.27790744400005,22.296883856000022],[89.27565117300009,22.309790993000036],[89.26065384500004,22.324846680000064],[89.25358049600004,22.33473471600007],[89.25102147700005,22.33939785900003],[89.25132152400005,22.344413239000062],[89.24691772300008,22.351103456000033],[89.24596683000004,22.359688945000073],[89.24244143600004,22.361352471000032],[89.23798383400003,22.368379508000032],[89.23109747000007,22.37236776700007],[89.21752900400008,22.37682914900006],[89.21490785000003,22.37370578200006],[89.21530466200005,22.368815150000046],[89.20152339700007,22.36564837900005],[89.19532850800005,22.366309623000063],[89.19305912800007,22.37104858600003],[89.19213426700009,22.38388323600003],[89.18908551500004,22.39312767200005],[89.18384163400003,22.397384610000074],[89.17335182100004,22.40166826600006],[89.16953889900003,22.402250583000068],[89.16350436800008,22.40032751700005]]]]}},{"type":"Feature","id":"satkhira-tala","properties":{"canonical_id":"satkhira-tala","name_en":"Tala","name_bn":"তালা","district_id":"satkhira","division_id":"khulna","pcode":"BD-D-58-256","parent_pcode":"BD4087","source_name":"Tala","match_method":"exact_name_or_alias","boundary_reference_year":"2020","boundary_source":"geoBoundaries gbOpen BGD ADM3 / BBS, OCHA ROAP","source_dataset_updated":"2026-08-09"},"geometry":{"type":"Polygon","coordinates":[[[89.24523817800008,22.640672120000033],[89.24990227800004,22.64719747500004],[89.25139322600006,22.657726912000044],[89.25472587500008,22.659133019000024],[89.25956190500006,22.658243914000025],[89.26439350600003,22.651611100000025],[89.26583620400004,22.64574770100006],[89.26354661600004,22.632130070000073],[89.27170627600003,22.625772227000027],[89.28763031400007,22.62065062000005],[89.29051832500005,22.62410770400004],[89.27713311600007,22.628890725000076],[89.27635461500006,22.63139286200004],[89.28071930600004,22.63566611300007],[89.30169869200006,22.64695354400004],[89.29075890700005,22.656088563000026],[89.27846002000007,22.65966283100005],[89.26229616400008,22.668849005000027],[89.26345729000008,22.682222032000027],[89.25948247700006,22.695585466000068],[89.26031003500003,22.717955240000038],[89.26238043200004,22.71766867900004],[89.26413707000006,22.71482676000005],[89.26544334500005,22.70581750300005],[89.26833234000009,22.70077320100006],[89.27584973800003,22.696384441000077],[89.28250793100005,22.698165775000064],[89.28644616500009,22.697095427000022],[89.30037076400004,22.68296487500004],[89.30586957800006,22.686137235000047],[89.30953441900004,22.69502502200004],[89.30865818600006,22.699030658000027],[89.30447899400008,22.703915704000053],[89.30621367900005,22.705828998000072],[89.30574195100007,22.71381782700007],[89.31085392200004,22.71770142500003],[89.31149998900008,22.715500062000046],[89.32133716500005,22.713482492000026],[89.32282720500007,22.71546825200005],[89.32958844100006,22.716095766000024],[89.32948753300008,22.717695668000033],[89.32635076200006,22.71722544900007],[89.32591608100006,22.718561693000026],[89.33160318000006,22.729366930000026],[89.32538981400006,22.733733313000073],[89.32161847900005,22.741899329000034],[89.31854077400004,22.742486387000042],[89.31063858600004,22.750161890000072],[89.31013522300003,22.762213013000064],[89.30754634300007,22.765844496000057],[89.29887788100007,22.772012266000047],[89.29908910300009,22.781437466000057],[89.29681996100004,22.78510233700007],[89.29874704900004,22.787903800000038],[89.29236402100008,22.789796034000062],[89.28978967500007,22.794836167000028],[89.28381930800003,22.79085120900004],[89.27078532100006,22.790644239000073],[89.26528993300008,22.79650728100006],[89.26762363300008,22.803689835000057],[89.26738106800008,22.80600574300007],[89.26494344400004,22.807580135000023],[89.26499351900009,22.813173337000023],[89.25749636600005,22.81245263200003],[89.25512682000004,22.809361258000024],[89.24837636400008,22.811060558000065],[89.24560798900006,22.816351652000037],[89.25196464900006,22.821131378000075],[89.25354066500006,22.827808927000035],[89.25635821600008,22.831337139000027],[89.25303630700006,22.836969588000045],[89.24674362300004,22.835644822000063],[89.23584621500004,22.833904279000024],[89.23479609200007,22.83173466900007],[89.23144393300004,22.830394047000027],[89.23359832300008,22.827004857000077],[89.23241019200003,22.824969502000044],[89.22767020700007,22.82524892300006],[89.22397056100004,22.821428559000026],[89.21986689400006,22.82271127100006],[89.21784006600006,22.820676219000063],[89.21449493300008,22.821373099000027],[89.21147344700006,22.817525873000022],[89.20660656600006,22.818251185000065],[89.20145849800008,22.81240899200003],[89.19681920300008,22.811007006000068],[89.19042532300006,22.81247641500005],[89.18635361300005,22.815962782000042],[89.18190540500007,22.81576471300008],[89.18056037500008,22.812310835000062],[89.17875654400007,22.812616862000027],[89.17504863500005,22.818848037000066],[89.17206095100005,22.820182987000067],[89.16829082500004,22.816768617000037],[89.16320227300008,22.80226029100004],[89.14914385600008,22.79526121400005],[89.14398762200005,22.797844737000048],[89.14173210300004,22.80369223200006],[89.14393366200005,22.806630489000042],[89.15312807500004,22.808102863000045],[89.15742975400008,22.810737338000024],[89.15896374100004,22.815206355000043],[89.15778253000008,22.827345603000026],[89.15424341400006,22.83201330000003],[89.14771700500006,22.836004978000062],[89.14574154100006,22.834961245000045],[89.14515432300004,22.826730153000028],[89.13675533500003,22.82772987000004],[89.13368361200008,22.82555967600007],[89.12807681400005,22.824835809000035],[89.12521008600004,22.82707354200005],[89.11785462300008,22.82792329600005],[89.11691337300005,22.830371660000026],[89.11322576700007,22.830378274000054],[89.09782904100007,22.82709529300007],[89.09733142600004,22.822757231000026],[89.09857868900008,22.819476302000055],[89.09610741200004,22.816371627000024],[89.09775903900004,22.815396961000033],[89.09825566400008,22.81021768000005],[89.10424270200008,22.80691855400005],[89.10215204200006,22.805867440000043],[89.09824208900005,22.80728358700003],[89.09772547300008,22.805652475000045],[89.09435929200004,22.80439446300005],[89.08835642100007,22.807218332000048],[89.08759065200007,22.806350741000074],[89.08822814800004,22.80325016200004],[89.10003475800005,22.798767447000046],[89.09309065600007,22.788961502000063],[89.09327624100007,22.784098303000064],[89.09786006200005,22.78144939500004],[89.09625619200006,22.768625617000055],[89.10355920600006,22.763073951000024],[89.10777132800007,22.753452812000035],[89.11159306500008,22.75224534000006],[89.11426351400007,22.748795716000075],[89.12211914500006,22.74735737800006],[89.12310929100005,22.745957608000026],[89.12080469600005,22.741453534000073],[89.11889784700008,22.74110485500006],[89.12044008300006,22.738460171000042],[89.11978386900006,22.735335914000075],[89.11014091600003,22.733544214000062],[89.10256875100004,22.734086484000045],[89.11048976300003,22.72792928700005],[89.11321120700006,22.729477486000064],[89.11758854600004,22.72764541500004],[89.12036060600008,22.729713460000028],[89.12234410000008,22.72875725700004],[89.12970448200008,22.716660397000055],[89.13751427100004,22.721734438000055],[89.14010253000004,22.72641511200004],[89.14588073900006,22.726639171000045],[89.14926656500006,22.72449802400007],[89.15058765200007,22.72201246700007],[89.14938292500005,22.715667057000076],[89.14405332500007,22.710311046000072],[89.14660618400006,22.707109734000028],[89.14917284600006,22.70859806800007],[89.15365523900005,22.70765840200005],[89.15631246000004,22.697657196000023],[89.15201010700008,22.693869034000045],[89.15360935700005,22.689920968000024],[89.15259036500004,22.68737302200003],[89.15550338100007,22.683276902000046],[89.16020407100007,22.681665490000057],[89.16594329000009,22.674405406000062],[89.17189320900007,22.673189696000065],[89.17066648800005,22.668525026000054],[89.17229151000004,22.659174997000036],[89.16984606200003,22.656046443000037],[89.17086685000004,22.651882320000027],[89.17280150100004,22.648679583000046],[89.17538406800008,22.647477351000077],[89.17908989700004,22.653563056000053],[89.18316684000007,22.65429836000004],[89.18845323400006,22.648027611000032],[89.19683722200006,22.645935721000058],[89.19792523400008,22.643605496000077],[89.20384338200006,22.639606419000074],[89.20676098200005,22.63442643600007],[89.21106794400004,22.63528524000003],[89.21147007000008,22.63089730100006],[89.21536892600005,22.632226256000024],[89.21919642700004,22.624235741000064],[89.22858302600008,22.630732101000035],[89.23399730300008,22.641126093000025],[89.24093813600007,22.644015339000077],[89.24523817800008,22.640672120000033]]]}}]}