{"type":"FeatureCollection","metadata":{"source":"User-provided bd_district_map(1).html","boundary_provenance":"Not independently verified","reconciliation":"Boundaries with verified parent P-code, exact or uniquely matched canonical SQL taxonomy; unmapped source features are non-filterable references","source_total":498,"excluded_invalid_parent_records":2,"matched_geometry_total":492,"canonical_taxonomy_at_validation":601,"division":"khulna"},"features":[{"type":"Feature","properties":{"district_id":"bagerhat","upazila_id":"bagerhat-bagerhat-sadar","source_name":"Bagerhat Sadar","source_pcode":"400108","match_method":"exact"},"geometry":{"type":"Polygon","coordinates":[[[89.84528,22.74504],[89.8455,22.73503],[89.84854,22.72478],[89.84892,22.71948],[89.84791,22.71497],[89.85099,22.71264],[89.84867,22.70075],[89.84944,22.69803],[89.85426,22.6987],[89.85566,22.69809],[89.85503,22.69213],[89.85648,22.68962],[89.86134,22.6854],[89.86536,22.68409],[89.86466,22.67618],[89.86546,22.6742],[89.86449,22.67095],[89.86038,22.66618],[89.85808,22.66545],[89.85641,22.66312],[89.85757,22.66108],[89.85782,22.6559],[89.85881,22.65421],[89.85787,22.65188],[89.85172,22.6498],[89.84722,22.64998],[89.8453,22.65124],[89.84182,22.65019],[89.83819,22.63557],[89.83404,22.62918],[89.82851,22.61072],[89.83079,22.60537],[89.83246,22.60389],[89.83372,22.60122],[89.82933,22.59478],[89.82534,22.59518],[89.82146,22.59292],[89.81976,22.58648],[89.81617,22.58375],[89.81417,22.581],[89.81042,22.58098],[89.80551,22.57957],[89.79938,22.58013],[89.79178,22.58619],[89.79139,22.58495],[89.7911,22.58694],[89.79111,22.58974],[89.7925,22.59444],[89.7925,22.59972],[89.79056,22.605],[89.79056,22.60944],[89.7925,22.61111],[89.79778,22.61333],[89.8025,22.6175],[89.80556,22.62166],[89.80441,22.62456],[89.79972,22.62972],[89.79889,22.63167],[89.80099,22.63694],[89.80167,22.64278],[89.80639,22.65],[89.80611,22.6525],[89.80527,22.65417],[89.80045,22.65817],[89.79333,22.66639],[89.78457,22.68047],[89.78028,22.68278],[89.77538,22.68399],[89.77556,22.68556],[89.77944,22.69056],[89.77885,22.69338],[89.77069,22.69743],[89.76806,22.69695],[89.76389,22.69203],[89.76167,22.69389],[89.76361,22.69639],[89.7711,22.70265],[89.77722,22.70611],[89.77889,22.70944],[89.77722,22.71139],[89.76533,22.71154],[89.76298,22.71202],[89.76255,22.71316],[89.77084,22.71445],[89.77722,22.71667],[89.77917,22.71778],[89.77917,22.71917],[89.77604,22.71731],[89.76667,22.715],[89.76361,22.715],[89.76195,22.71361],[89.76196,22.71187],[89.76389,22.71056],[89.77417,22.71081],[89.77695,22.71028],[89.77778,22.70889],[89.77444,22.70555],[89.77084,22.70397],[89.76305,22.69778],[89.76083,22.69555],[89.76028,22.69361],[89.76417,22.69083],[89.76945,22.69639],[89.77028,22.69639],[89.7776,22.69227],[89.77805,22.69111],[89.77389,22.68528],[89.77417,22.68361],[89.77556,22.68222],[89.78369,22.68013],[89.78833,22.67111],[89.79166,22.66639],[89.805,22.65139],[89.80473,22.64944],[89.80014,22.6425],[89.79916,22.63583],[89.79723,22.63167],[89.79806,22.62722],[89.80139,22.62417],[89.79366,22.62339],[89.79031,22.62434],[89.78867,22.62111],[89.78564,22.62113],[89.78429,22.62312],[89.78206,22.62439],[89.7779,22.62151],[89.77455,22.62034],[89.77191,22.62288],[89.76756,22.62324],[89.76305,22.62473],[89.76115,22.62684],[89.76052,22.63063],[89.75778,22.63291],[89.74442,22.6347],[89.71776,22.6419],[89.71343,22.6415],[89.71005,22.63969],[89.69965,22.6437],[89.69171,22.64925],[89.68686,22.65547],[89.67814,22.65461],[89.67051,22.65239],[89.6684,22.6498],[89.66595,22.65045],[89.66535,22.6527],[89.66682,22.65835],[89.66691,22.66294],[89.66305,22.66747],[89.66225,22.6714],[89.66357,22.68182],[89.65746,22.68124],[89.64826,22.67871],[89.6463,22.67911],[89.649,22.68657],[89.64876,22.69244],[89.64722,22.69828],[89.64692,22.70651],[89.65151,22.71535],[89.65739,22.71802],[89.6606,22.71822],[89.66757,22.72057],[89.67522,22.72083],[89.68022,22.71955],[89.68251,22.71978],[89.68301,22.72178],[89.68579,22.72228],[89.69091,22.72065],[89.69758,22.71726],[89.70279,22.71638],[89.70514,22.71861],[89.71162,22.7189],[89.71281,22.7218],[89.71653,22.72613],[89.72956,22.72728],[89.73114,22.72839],[89.73784,22.73005],[89.73992,22.73161],[89.74106,22.73617],[89.74033,22.73838],[89.74094,22.74187],[89.7463,22.74943],[89.74472,22.75401],[89.74204,22.75695],[89.74474,22.76401],[89.7472,22.77745],[89.75216,22.78577],[89.7589,22.79203],[89.762,22.79654],[89.76593,22.79437],[89.77123,22.78876],[89.77246,22.78672],[89.77223,22.78339],[89.77306,22.78263],[89.77198,22.78133],[89.77292,22.78003],[89.77466,22.78045],[89.78081,22.77966],[89.7831,22.78046],[89.78494,22.78587],[89.79406,22.78356],[89.79518,22.7787],[89.79979,22.7726],[89.81845,22.761],[89.8231,22.75644],[89.82474,22.7537],[89.82874,22.75181],[89.83078,22.75187],[89.83566,22.75599],[89.83802,22.75489],[89.84095,22.75027],[89.84128,22.74699],[89.84528,22.74504]]]}},{"type":"Feature","properties":{"district_id":"bagerhat","upazila_id":"bagerhat-chitalmari","source_name":"Chitalmari","source_pcode":"400114","match_method":"exact"},"geometry":{"type":"Polygon","coordinates":[[[89.76965,22.81922],[89.77049,22.82269],[89.77846,22.82306],[89.78429,22.82624],[89.79137,22.82381],[89.79562,22.82546],[89.79796,22.82553],[89.82142,22.82156],[89.82642,22.82326],[89.82896,22.82531],[89.83143,22.82916],[89.8392,22.8328],[89.84289,22.83633],[89.84447,22.83921],[89.85052,22.83985],[89.85503,22.84387],[89.86614,22.8477],[89.87318,22.84786],[89.88112,22.84385],[89.89016,22.83756],[89.89857,22.8367],[89.91299,22.83641],[89.91872,22.83838],[89.92598,22.84491],[89.93281,22.82994],[89.93349,22.82653],[89.93729,22.82023],[89.93735,22.81794],[89.93248,22.81135],[89.93135,22.8115],[89.92467,22.80368],[89.92026,22.80029],[89.9206,22.7996],[89.91697,22.79595],[89.9208,22.79505],[89.93418,22.79514],[89.9365,22.79378],[89.93781,22.79147],[89.93808,22.78735],[89.93943,22.78721],[89.94168,22.78059],[89.94163,22.77825],[89.9402,22.77818],[89.94028,22.77634],[89.938,22.77462],[89.93457,22.77349],[89.9228,22.77272],[89.92245,22.77175],[89.91427,22.77129],[89.91069,22.77171],[89.90982,22.77308],[89.90545,22.77234],[89.90618,22.77018],[89.91223,22.76642],[89.91494,22.76345],[89.91354,22.76232],[89.91421,22.76124],[89.91384,22.75657],[89.91245,22.75283],[89.9137,22.74957],[89.9188,22.74932],[89.92664,22.75064],[89.92751,22.74925],[89.93208,22.75104],[89.93382,22.75089],[89.93381,22.73984],[89.93484,22.73928],[89.93391,22.7345],[89.93417,22.72993],[89.93236,22.72954],[89.93086,22.72143],[89.92608,22.72067],[89.92121,22.72216],[89.91972,22.72098],[89.91727,22.72157],[89.91477,22.72668],[89.9164,22.73349],[89.91174,22.73574],[89.90197,22.7382],[89.90087,22.74125],[89.90247,22.74773],[89.9021,22.7494],[89.8993,22.75034],[89.89016,22.75146],[89.8807,22.75057],[89.87308,22.74744],[89.86868,22.74308],[89.86583,22.74281],[89.85299,22.74368],[89.84528,22.74504],[89.84128,22.74699],[89.84095,22.75027],[89.83802,22.75489],[89.83566,22.75599],[89.83078,22.75187],[89.82874,22.75181],[89.82474,22.7537],[89.8231,22.75644],[89.81845,22.761],[89.79979,22.7726],[89.79518,22.7787],[89.79406,22.78356],[89.78494,22.78587],[89.78304,22.78971],[89.78249,22.79347],[89.78048,22.79635],[89.78081,22.80041],[89.78235,22.80249],[89.78273,22.80478],[89.78214,22.81129],[89.78029,22.81301],[89.77486,22.81097],[89.77222,22.81133],[89.77115,22.8163],[89.76965,22.81922]]]}},{"type":"Feature","properties":{"district_id":"bagerhat","upazila_id":"bagerhat-fakirhat","source_name":"Fakirhat","source_pcode":"400134","match_method":"exact"},"geometry":{"type":"Polygon","coordinates":[[[89.68191,22.81871],[89.68717,22.81742],[89.70021,22.82042],[89.70177,22.82101],[89.70425,22.82364],[89.7086,22.82473],[89.71148,22.82392],[89.71515,22.82117],[89.71452,22.81504],[89.71569,22.81306],[89.72082,22.81143],[89.72798,22.80618],[89.73272,22.80404],[89.74166,22.80237],[89.74538,22.80101],[89.75256,22.7961],[89.7563,22.79577],[89.75772,22.79964],[89.75768,22.80229],[89.75661,22.80347],[89.75582,22.80757],[89.75613,22.80923],[89.76175,22.80965],[89.76263,22.81394],[89.76411,22.81597],[89.76965,22.81922],[89.77115,22.8163],[89.77222,22.81133],[89.77486,22.81097],[89.78029,22.81301],[89.78214,22.81129],[89.78273,22.80478],[89.7803,22.79835],[89.78048,22.79635],[89.78249,22.79347],[89.78304,22.78971],[89.78494,22.78587],[89.78461,22.78341],[89.7831,22.78046],[89.78081,22.77966],[89.77466,22.78045],[89.77292,22.78003],[89.77198,22.78133],[89.77306,22.78263],[89.77223,22.78339],[89.77246,22.78672],[89.77123,22.78876],[89.76593,22.79437],[89.762,22.79654],[89.7589,22.79203],[89.75216,22.78577],[89.7472,22.77745],[89.74474,22.76401],[89.74204,22.75695],[89.74472,22.75401],[89.7463,22.74943],[89.74094,22.74187],[89.74033,22.73838],[89.74106,22.73617],[89.73992,22.73161],[89.73784,22.73005],[89.73114,22.72839],[89.72956,22.72728],[89.71653,22.72613],[89.71281,22.7218],[89.71162,22.7189],[89.70514,22.71861],[89.70279,22.71638],[89.69758,22.71726],[89.69091,22.72065],[89.68579,22.72228],[89.68301,22.72178],[89.68251,22.71978],[89.68022,22.71955],[89.67522,22.72083],[89.66757,22.72057],[89.6606,22.71822],[89.65739,22.71802],[89.65151,22.71535],[89.64692,22.70651],[89.64722,22.69828],[89.64876,22.69244],[89.649,22.68657],[89.6463,22.67911],[89.64341,22.67712],[89.63821,22.67621],[89.63402,22.67621],[89.62952,22.67805],[89.62672,22.67513],[89.62531,22.66942],[89.62557,22.66414],[89.62493,22.66133],[89.62051,22.6538],[89.60197,22.64749],[89.59624,22.64752],[89.59296,22.64669],[89.58565,22.64911],[89.5827,22.65351],[89.57996,22.66018],[89.57991,22.66455],[89.58231,22.66839],[89.57893,22.67854],[89.58258,22.68316],[89.57615,22.69021],[89.57455,22.69439],[89.58486,22.69511],[89.58886,22.69288],[89.5972,22.69767],[89.60309,22.70292],[89.60278,22.70672],[89.59813,22.70983],[89.59593,22.7104],[89.59301,22.71363],[89.59274,22.71847],[89.58826,22.72117],[89.58944,22.7235],[89.59359,22.72408],[89.59718,22.72266],[89.59867,22.7174],[89.60038,22.71673],[89.60381,22.71836],[89.60576,22.72142],[89.60113,22.72291],[89.60103,22.7278],[89.59944,22.73405],[89.60662,22.7391],[89.61532,22.76899],[89.61594,22.77507],[89.62093,22.77514],[89.63571,22.76697],[89.63929,22.76723],[89.64445,22.7748],[89.64732,22.77575],[89.64868,22.77181],[89.64899,22.76031],[89.64824,22.75791],[89.65253,22.75487],[89.66054,22.75719],[89.65892,22.76068],[89.65858,22.76747],[89.65683,22.7743],[89.66605,22.78716],[89.66852,22.79492],[89.67107,22.7975],[89.67861,22.79638],[89.68,22.79951],[89.68032,22.81488],[89.68191,22.81871]]]}},{"type":"Feature","properties":{"district_id":"bagerhat","upazila_id":"bagerhat-kachua","source_name":"Kachua","source_pcode":"400138","match_method":"exact"},"geometry":{"type":"Polygon","coordinates":[[[89.91477,22.72668],[89.90841,22.72653],[89.90635,22.72578],[89.89817,22.7206],[89.8765,22.70982],[89.86767,22.70357],[89.86407,22.69723],[89.8656,22.69401],[89.86499,22.69341],[89.87376,22.68873],[89.87602,22.69084],[89.88976,22.69275],[89.89126,22.6909],[89.90214,22.69204],[89.90348,22.69405],[89.91105,22.69329],[89.92915,22.68618],[89.93742,22.67729],[89.9301,22.6723],[89.92366,22.66581],[89.91423,22.66178],[89.91341,22.66472],[89.9087,22.67307],[89.90546,22.67241],[89.9036,22.67522],[89.89971,22.67682],[89.89593,22.67583],[89.89335,22.67102],[89.89287,22.66065],[89.89082,22.65977],[89.89558,22.65482],[89.90198,22.65072],[89.92529,22.64236],[89.92309,22.63555],[89.92268,22.62482],[89.92133,22.61728],[89.91924,22.61345],[89.91569,22.61563],[89.91146,22.61638],[89.90759,22.61654],[89.90017,22.61537],[89.89414,22.60818],[89.89014,22.59341],[89.89056,22.58949],[89.89341,22.58636],[89.89581,22.57917],[89.88815,22.57266],[89.88115,22.57319],[89.87707,22.57233],[89.87135,22.56697],[89.86206,22.56332],[89.85641,22.56347],[89.8482,22.56634],[89.84469,22.57178],[89.83843,22.57425],[89.83562,22.57657],[89.83742,22.58629],[89.83932,22.58819],[89.8391,22.59233],[89.83795,22.59489],[89.83662,22.59585],[89.82933,22.59478],[89.83372,22.60122],[89.83246,22.60389],[89.83079,22.60537],[89.82851,22.61072],[89.83404,22.62918],[89.83819,22.63557],[89.84182,22.65019],[89.8453,22.65124],[89.84722,22.64998],[89.85172,22.6498],[89.85787,22.65188],[89.85881,22.65421],[89.85782,22.6559],[89.85757,22.66108],[89.85641,22.66312],[89.85808,22.66545],[89.86038,22.66618],[89.86449,22.67095],[89.86546,22.6742],[89.86466,22.67618],[89.86536,22.68409],[89.86134,22.6854],[89.85648,22.68962],[89.85503,22.69213],[89.85566,22.69809],[89.85426,22.6987],[89.84944,22.69803],[89.84867,22.70075],[89.85099,22.71264],[89.84791,22.71497],[89.84892,22.71948],[89.84854,22.72478],[89.8455,22.73503],[89.84528,22.74504],[89.85299,22.74368],[89.86868,22.74308],[89.87308,22.74744],[89.8807,22.75057],[89.89016,22.75146],[89.8993,22.75034],[89.9021,22.7494],[89.90247,22.74773],[89.90087,22.74125],[89.90197,22.7382],[89.91174,22.73574],[89.9164,22.73349],[89.91579,22.73172],[89.91477,22.72668]]]}},{"type":"Feature","properties":{"district_id":"bagerhat","upazila_id":"bagerhat-mollahat","source_name":"Mollahat","source_pcode":"400156","match_method":"exact"},"geometry":{"type":"Polygon","coordinates":[[[89.79166,22.982],[89.79173,22.9794],[89.78871,22.97218],[89.789,22.96965],[89.79102,22.9689],[89.80183,22.97126],[89.80865,22.97027],[89.81352,22.96657],[89.81554,22.96387],[89.81592,22.96243],[89.81517,22.96045],[89.81287,22.95987],[89.80833,22.95102],[89.80416,22.93722],[89.80596,22.93562],[89.80903,22.93508],[89.81632,22.93534],[89.82559,22.934],[89.83405,22.93061],[89.84015,22.92452],[89.84718,22.91134],[89.85064,22.90802],[89.85758,22.90347],[89.86429,22.89915],[89.86824,22.8976],[89.86851,22.8926],[89.86724,22.89153],[89.85643,22.89476],[89.8521,22.89449],[89.85118,22.891],[89.85382,22.88881],[89.85671,22.88291],[89.85218,22.8801],[89.8489,22.87979],[89.84648,22.8829],[89.84162,22.88355],[89.83907,22.88108],[89.83081,22.87936],[89.82806,22.8799],[89.82944,22.87325],[89.82816,22.87006],[89.825,22.8732],[89.82067,22.87481],[89.81859,22.87325],[89.81821,22.87114],[89.81934,22.86835],[89.82462,22.86384],[89.82996,22.85564],[89.83929,22.85258],[89.84571,22.84337],[89.84863,22.84209],[89.85503,22.84387],[89.85052,22.83985],[89.84447,22.83921],[89.84289,22.83633],[89.8392,22.8328],[89.83143,22.82916],[89.82896,22.82531],[89.82642,22.82326],[89.82142,22.82156],[89.79796,22.82553],[89.79562,22.82546],[89.79137,22.82381],[89.78429,22.82624],[89.77846,22.82306],[89.77049,22.82269],[89.76965,22.81922],[89.76411,22.81597],[89.76263,22.81394],[89.76175,22.80965],[89.75613,22.80923],[89.75582,22.80757],[89.75661,22.80347],[89.75768,22.80229],[89.75772,22.79964],[89.7563,22.79577],[89.75256,22.7961],[89.74538,22.80101],[89.74166,22.80237],[89.73272,22.80404],[89.72798,22.80618],[89.72082,22.81143],[89.71569,22.81306],[89.71452,22.81504],[89.71515,22.82117],[89.71148,22.82392],[89.7086,22.82473],[89.70425,22.82364],[89.70177,22.82101],[89.70021,22.82042],[89.68717,22.81742],[89.68191,22.81871],[89.68068,22.8361],[89.68275,22.84881],[89.68024,22.85525],[89.66615,22.86602],[89.6659,22.86959],[89.66842,22.87528],[89.67231,22.87719],[89.6727,22.87994],[89.67555,22.88044],[89.6834,22.88064],[89.68608,22.87982],[89.68909,22.8775],[89.69167,22.87904],[89.69314,22.88693],[89.69425,22.88857],[89.69656,22.88753],[89.69805,22.88382],[89.70171,22.8805],[89.70229,22.87572],[89.7055,22.87557],[89.71063,22.88004],[89.71126,22.88416],[89.71475,22.88349],[89.71613,22.88236],[89.71884,22.88413],[89.72659,22.88659],[89.7225,22.8903],[89.71636,22.89121],[89.71677,22.89459],[89.72814,22.89694],[89.73278,22.89544],[89.73629,22.89915],[89.73735,22.90135],[89.73282,22.90411],[89.72735,22.9011],[89.72539,22.90138],[89.72272,22.90317],[89.72402,22.90705],[89.7271,22.90697],[89.7306,22.90802],[89.73671,22.912],[89.7369,22.91596],[89.74216,22.92232],[89.74165,22.9236],[89.73813,22.92403],[89.73617,22.92196],[89.73225,22.92091],[89.7342,22.92471],[89.73416,22.92862],[89.73669,22.93241],[89.74138,22.93608],[89.74566,22.93683],[89.74722,22.93943],[89.75301,22.9429],[89.75157,22.9461],[89.75891,22.95734],[89.7572,22.96181],[89.75819,22.96809],[89.75958,22.96783],[89.7621,22.96427],[89.76601,22.96313],[89.7685,22.96381],[89.76773,22.9657],[89.76845,22.96584],[89.77026,22.9705],[89.77149,22.97558],[89.77526,22.97812],[89.79013,22.98331],[89.79166,22.982]]]}},{"type":"Feature","properties":{"district_id":"bagerhat","upazila_id":"bagerhat-mongla","source_name":"Mongla","source_pcode":"400158","match_method":"exact"},"geometry":{"type":"MultiPolygon","coordinates":[[[[89.71635,21.74797],[89.71485,21.74789],[89.71572,21.74972],[89.72043,21.75388],[89.71957,21.75105],[89.71678,21.74843],[89.71635,21.74797]]],[[[89.64034,21.75302],[89.64038,21.75188],[89.63594,21.75215],[89.6363,21.75316],[89.63873,21.75316],[89.63866,21.75416],[89.64031,21.75356],[89.64034,21.75302]]],[[[89.64535,21.75843],[89.6465,21.75536],[89.64896,21.75315],[89.64481,21.75173],[89.64452,21.75762],[89.64522,21.75844],[89.64535,21.75843]]],[[[89.54671,21.77777],[89.54435,21.7771],[89.54034,21.7775],[89.53583,21.77501],[89.5354,21.77622],[89.53661,21.78402],[89.53819,21.78759],[89.53977,21.78812],[89.54242,21.78718],[89.54457,21.7814],[89.54643,21.77992],[89.54686,21.77804],[89.54671,21.77777]]],[[[89.60395,21.80134],[89.60551,21.79513],[89.60496,21.78701],[89.60249,21.77759],[89.6005,21.77448],[89.59269,21.77114],[89.59047,21.76946],[89.58861,21.76718],[89.58798,21.76037],[89.58582,21.76083],[89.58546,21.76029],[89.58765,21.75874],[89.5892,21.74979],[89.59335,21.74121],[89.60195,21.73181],[89.6075,21.72698],[89.6075,21.72516],[89.60836,21.72436],[89.60779,21.72032],[89.60699,21.71877],[89.60471,21.71736],[89.60084,21.71723],[89.59734,21.71555],[89.59525,21.71608],[89.59366,21.71356],[89.58965,21.71289],[89.58005,21.71307],[89.57788,21.71551],[89.57638,21.71511],[89.57566,21.71336],[89.56891,21.7142],[89.56349,21.71681],[89.55461,21.72439],[89.55389,21.72888],[89.55194,21.73361],[89.54806,21.73972],[89.54236,21.74585],[89.54288,21.74737],[89.53941,21.75388],[89.53819,21.7582],[89.53848,21.76035],[89.53683,21.76383],[89.53612,21.76841],[89.53339,21.76914],[89.53605,21.77266],[89.53827,21.77414],[89.53999,21.77407],[89.54156,21.77232],[89.54556,21.77083],[89.54855,21.76691],[89.5502,21.75331],[89.55369,21.74994],[89.55372,21.75091],[89.55158,21.75276],[89.55056,21.75498],[89.55028,21.76472],[89.54916,21.77111],[89.54764,21.77416],[89.5489,21.77471],[89.55264,21.77367],[89.54816,21.77675],[89.54766,21.77964],[89.54479,21.78287],[89.54386,21.78657],[89.54522,21.78858],[89.54886,21.78693],[89.54802,21.79067],[89.54952,21.79242],[89.54785,21.79763],[89.5466,21.7978],[89.54718,21.7992],[89.55385,21.79998],[89.55607,21.80099],[89.54784,21.80032],[89.54262,21.80143],[89.53584,21.81098],[89.53563,21.81426],[89.53019,21.82286],[89.53366,21.83705],[89.54061,21.851],[89.54243,21.85135],[89.54798,21.84953],[89.55269,21.84177],[89.55743,21.83621],[89.57967,21.82079],[89.59652,21.80722],[89.60278,21.80333],[89.6038,21.80176],[89.60395,21.80134]]],[[[89.6468,21.89436],[89.64899,21.89253],[89.64866,21.892],[89.65038,21.88976],[89.65176,21.88395],[89.65147,21.88201],[89.65895,21.87561],[89.66094,21.87258],[89.66153,21.86786],[89.66091,21.86387],[89.65761,21.86005],[89.65675,21.85786],[89.65067,21.85557],[89.64732,21.85777],[89.63625,21.86788],[89.634,21.87082],[89.63435,21.87138],[89.6334,21.87197],[89.63371,21.87279],[89.63258,21.87448],[89.63223,21.88166],[89.63288,21.88168],[89.63424,21.88589],[89.63481,21.88556],[89.63508,21.88697],[89.63954,21.89118],[89.64008,21.89085],[89.64341,21.89283],[89.64401,21.89425],[89.6448,21.89392],[89.64565,21.89504],[89.6468,21.8945],[89.6468,21.89436]]],[[[89.60671,21.94754],[89.61879,21.94635],[89.62215,21.94467],[89.62713,21.93317],[89.64635,21.91088],[89.64606,21.90917],[89.64362,21.90562],[89.63196,21.89321],[89.62588,21.88326],[89.62389,21.8703],[89.62645,21.86273],[89.65746,21.82852],[89.65945,21.82569],[89.65948,21.82403],[89.66084,21.82174],[89.67811,21.80739],[89.69453,21.7985],[89.69796,21.79568],[89.70033,21.79238],[89.70018,21.78956],[89.69875,21.78855],[89.69997,21.7864],[89.69954,21.7831],[89.70068,21.77745],[89.69861,21.77154],[89.68797,21.76344],[89.6864,21.76377],[89.68533,21.76613],[89.68447,21.76646],[89.68454,21.76431],[89.68268,21.76061],[89.67831,21.75773],[89.66891,21.75415],[89.65905,21.7525],[89.65141,21.75373],[89.64832,21.75642],[89.64796,21.75835],[89.64568,21.75952],[89.65065,21.76603],[89.64264,21.76087],[89.63892,21.75751],[89.63591,21.75671],[89.63344,21.75699],[89.62742,21.76062],[89.62026,21.76143],[89.61797,21.76344],[89.61195,21.76331],[89.60935,21.76446],[89.60899,21.76589],[89.61496,21.77499],[89.61819,21.78621],[89.61662,21.79613],[89.61404,21.80194],[89.60778,21.80944],[89.60778,21.81056],[89.59769,21.81697],[89.58591,21.8264],[89.5852,21.8282],[89.58639,21.82972],[89.58619,21.83063],[89.58444,21.82889],[89.58305,21.82917],[89.56234,21.84409],[89.55474,21.85433],[89.55392,21.8571],[89.55525,21.85827],[89.56448,21.85899],[89.57945,21.8623],[89.58724,21.86613],[89.59348,21.87064],[89.59461,21.87381],[89.59215,21.87903],[89.589,21.88279],[89.58144,21.88767],[89.57974,21.88961],[89.58141,21.89168],[89.59019,21.89666],[89.59144,21.89683],[89.59279,21.89569],[89.59251,21.89746],[89.591,21.8979],[89.58868,21.89719],[89.5798,21.89179],[89.57889,21.89],[89.58018,21.88755],[89.58968,21.87998],[89.59333,21.87413],[89.59192,21.87071],[89.58332,21.86531],[89.57286,21.86171],[89.55707,21.85991],[89.55322,21.86169],[89.55213,21.86982],[89.55056,21.86975],[89.54712,21.87593],[89.54865,21.88296],[89.55419,21.89816],[89.56667,21.91945],[89.57111,21.92889],[89.57417,21.93194],[89.57333,21.93417],[89.5741,21.93534],[89.58096,21.93981],[89.58755,21.94615],[89.60621,21.94772],[89.60671,21.94754]]],[[[89.5451,21.96072],[89.54679,21.96004],[89.54846,21.95668],[89.54983,21.95584],[89.55038,21.95336],[89.55289,21.95032],[89.55402,21.95004],[89.55404,21.9492],[89.55956,21.94365],[89.56097,21.94334],[89.56316,21.94032],[89.56736,21.93754],[89.5682,21.93469],[89.56621,21.9247],[89.56017,21.91472],[89.55934,21.9117],[89.55673,21.90891],[89.55457,21.90331],[89.55265,21.90143],[89.55044,21.89609],[89.55046,21.89447],[89.54985,21.89446],[89.5504,21.89393],[89.54957,21.89315],[89.54984,21.89222],[89.54785,21.88892],[89.54819,21.88728],[89.54569,21.88167],[89.54572,21.8789],[89.54289,21.87779],[89.54343,21.88032],[89.54289,21.88167],[89.54405,21.88617],[89.54349,21.88896],[89.54425,21.89063],[89.54315,21.89808],[89.54375,21.89809],[89.54399,21.89946],[89.54399,21.90675],[89.54462,21.90706],[89.54397,21.90777],[89.54401,21.91368],[89.5434,21.91422],[89.54483,21.91559],[89.54401,21.9164],[89.54427,21.9203],[89.54348,21.92087],[89.5438,21.92498],[89.54292,21.927],[89.54349,21.92886],[89.5426,21.93029],[89.5432,21.93058],[89.54292,21.93281],[89.54206,21.9339],[89.54185,21.93885],[89.54012,21.94358],[89.54066,21.9453],[89.53957,21.94834],[89.54015,21.94893],[89.53954,21.94946],[89.53933,21.95475],[89.54258,21.96055],[89.54348,21.96143],[89.54509,21.96086],[89.5451,21.96072]]],[[[89.71139,21.97833],[89.71463,21.97672],[89.72001,21.97778],[89.72163,21.9766],[89.72172,21.97002],[89.71394,21.96599],[89.71169,21.96244],[89.71113,21.95852],[89.71365,21.94908],[89.71612,21.94357],[89.72195,21.93586],[89.72527,21.93278],[89.72721,21.92928],[89.72386,21.92254],[89.71725,21.91733],[89.71232,21.91132],[89.71115,21.90769],[89.71143,21.90274],[89.71308,21.89821],[89.71532,21.8953],[89.72897,21.88934],[89.73307,21.87638],[89.73543,21.87226],[89.74077,21.8667],[89.73982,21.85769],[89.74416,21.84833],[89.74306,21.83945],[89.74111,21.8375],[89.72392,21.83196],[89.70812,21.83368],[89.70021,21.83746],[89.70042,21.83995],[89.699,21.84286],[89.70778,21.84444],[89.70861,21.84555],[89.70772,21.84728],[89.70536,21.84919],[89.70135,21.85077],[89.69221,21.85204],[89.68959,21.85344],[89.69605,21.855],[89.69812,21.85647],[89.69822,21.85869],[89.69554,21.86203],[89.69549,21.86346],[89.69714,21.86331],[89.70018,21.86149],[89.70219,21.86275],[89.7045,21.87176],[89.70491,21.8768],[89.70416,21.87992],[89.70505,21.88121],[89.70667,21.88131],[89.70583,21.8825],[89.70321,21.88032],[89.703,21.87208],[89.70126,21.86347],[89.70005,21.86281],[89.69659,21.86473],[89.6945,21.86437],[89.69406,21.86218],[89.69687,21.85858],[89.69694,21.85691],[89.69502,21.85589],[89.68954,21.85522],[89.68825,21.85337],[89.68915,21.85206],[89.69104,21.85127],[89.7017,21.84946],[89.70579,21.84771],[89.70702,21.84619],[89.69163,21.84306],[89.68522,21.84477],[89.682,21.84275],[89.67718,21.83749],[89.67281,21.83649],[89.66929,21.84006],[89.66588,21.84843],[89.66586,21.85143],[89.66972,21.8625],[89.66859,21.87148],[89.6669,21.8758],[89.66361,21.88059],[89.66029,21.88388],[89.65818,21.88474],[89.65783,21.88578],[89.65879,21.88803],[89.67281,21.89836],[89.6786,21.90548],[89.68223,21.91361],[89.6834,21.92294],[89.69302,21.94326],[89.69461,21.94941],[89.69444,21.96114],[89.6911,21.97222],[89.68699,21.97911],[89.68723,21.98619],[89.68643,21.99194],[89.68826,21.99571],[89.69054,21.9975],[89.69621,22.00546],[89.70366,22.0074],[89.70473,22.00646],[89.70474,21.99933],[89.70722,21.99219],[89.70446,21.98879],[89.70399,21.98643],[89.70558,21.98451],[89.70943,21.98286],[89.71139,21.97944],[89.71139,21.97833]]],[[[89.6354,22.09683],[89.64778,22.0985],[89.64881,22.09771],[89.6497,22.08197],[89.64591,22.07402],[89.64589,22.07073],[89.64742,22.06895],[89.64932,22.06861],[89.65696,22.07166],[89.65901,22.07134],[89.66383,22.0621],[89.66627,22.0554],[89.66521,22.05339],[89.66168,22.05416],[89.65932,22.05381],[89.65615,22.05163],[89.65193,22.03721],[89.65271,22.03088],[89.65887,22.02237],[89.65994,22.01836],[89.6597,22.01595],[89.65643,22.01116],[89.65611,22.00665],[89.65444,22.00414],[89.65246,22.00203],[89.6462,21.99828],[89.6404,21.99236],[89.63754,21.99346],[89.63225,22.00139],[89.62733,22.00399],[89.62346,22.00402],[89.62028,22],[89.61955,21.99592],[89.62027,21.98912],[89.62212,21.98322],[89.62463,21.97929],[89.63118,21.97852],[89.63528,21.97944],[89.64345,21.98312],[89.6443,21.98286],[89.64493,21.9685],[89.64335,21.9623],[89.63534,21.95521],[89.6288,21.95139],[89.62558,21.94856],[89.62408,21.94829],[89.61761,21.95068],[89.60806,21.95242],[89.58775,21.95002],[89.58577,21.9514],[89.5836,21.9555],[89.58018,21.95953],[89.56284,21.97389],[89.56332,21.97517],[89.58884,21.98649],[89.59799,21.99423],[89.60472,22.00222],[89.60778,22.00861],[89.60833,22.01194],[89.60778,22.01833],[89.60667,22.02056],[89.60222,22.025],[89.60028,22.02583],[89.59805,22.02861],[89.59639,22.02695],[89.60555,22.02028],[89.60694,22.01556],[89.60611,22.00805],[89.60112,21.9996],[89.59602,21.99405],[89.58713,21.98722],[89.56908,21.97996],[89.56399,21.97707],[89.56172,21.9748],[89.56232,21.97188],[89.56519,21.96791],[89.57722,21.95919],[89.58107,21.95515],[89.5825,21.95218],[89.5822,21.94887],[89.57528,21.94194],[89.5675,21.94194],[89.55917,21.94917],[89.54764,21.96149],[89.54945,21.96778],[89.55085,21.98638],[89.56294,22.01764],[89.56803,22.03613],[89.56805,22.03888],[89.56997,22.04419],[89.57111,22.04528],[89.57308,22.05304],[89.58949,22.07965],[89.59511,22.08736],[89.59872,22.08532],[89.6018,22.0873],[89.61081,22.09055],[89.62263,22.09439],[89.62714,22.0948],[89.62902,22.09615],[89.62822,22.09952],[89.62878,22.10017],[89.63482,22.09692],[89.6354,22.09683]]],[[[89.74702,22.13348],[89.75249,22.13387],[89.75468,22.13291],[89.76386,22.11822],[89.76717,22.11038],[89.76922,22.09805],[89.7733,22.09139],[89.77357,22.08727],[89.76958,22.07934],[89.76104,22.07527],[89.75745,22.07031],[89.75242,22.06773],[89.75032,22.0653],[89.7497,22.06325],[89.75023,22.05781],[89.74956,22.05653],[89.74277,22.05579],[89.74094,22.05466],[89.73921,22.05219],[89.73924,22.04857],[89.74172,22.03852],[89.74347,22.03531],[89.74767,22.03314],[89.75582,22.03441],[89.75747,22.03338],[89.75772,22.03094],[89.75509,22.02392],[89.74503,22.02111],[89.74291,22.01958],[89.74203,22.01771],[89.74199,22.01525],[89.74319,22.01209],[89.74913,22.00417],[89.74892,21.99931],[89.74679,21.99728],[89.73672,21.995],[89.73365,21.99104],[89.73496,21.98672],[89.73703,21.98425],[89.7454,21.97818],[89.74565,21.97556],[89.73463,21.9703],[89.72868,21.96865],[89.727,21.96907],[89.7256,21.97063],[89.72444,21.975],[89.72472,21.97916],[89.72361,21.98083],[89.72105,21.98134],[89.71474,21.979],[89.71326,21.9801],[89.7108,21.98414],[89.70736,21.98638],[89.70912,21.99277],[89.70736,21.99775],[89.70658,22.00672],[89.7025,22.01],[89.69886,22.00838],[89.6976,22.00909],[89.69877,22.0134],[89.7033,22.0217],[89.70497,22.0264],[89.7054,22.02961],[89.70414,22.03429],[89.69926,22.0408],[89.6821,22.04724],[89.6786,22.05004],[89.67779,22.0516],[89.68026,22.05606],[89.68531,22.05944],[89.69039,22.06161],[89.70011,22.0631],[89.70312,22.0645],[89.70545,22.06639],[89.70983,22.07286],[89.71082,22.07557],[89.71079,22.07907],[89.70811,22.09142],[89.71236,22.10162],[89.71362,22.11007],[89.71085,22.11644],[89.71077,22.12015],[89.71234,22.12842],[89.72355,22.13224],[89.73332,22.13202],[89.74239,22.13445],[89.74662,22.13359],[89.74702,22.13348]]],[[[89.61594,22.16584],[89.62482,22.16581],[89.63334,22.16412],[89.63691,22.16242],[89.64542,22.15524],[89.64757,22.14748],[89.65003,22.14645],[89.65521,22.14774],[89.65867,22.14741],[89.65885,22.14591],[89.65619,22.14331],[89.65506,22.14075],[89.65583,22.13806],[89.65767,22.13625],[89.66004,22.13557],[89.6646,22.13672],[89.67109,22.14269],[89.67305,22.14251],[89.67492,22.14061],[89.67939,22.13266],[89.67964,22.13045],[89.67763,22.128],[89.67657,22.12019],[89.67006,22.11541],[89.66892,22.11282],[89.6683,22.10697],[89.66445,22.10225],[89.66338,22.09966],[89.66449,22.097],[89.66809,22.09531],[89.67957,22.09694],[89.68233,22.09564],[89.67992,22.0928],[89.66846,22.08993],[89.66644,22.08753],[89.66755,22.08261],[89.67013,22.07808],[89.67503,22.07202],[89.68106,22.06683],[89.68083,22.06528],[89.67389,22.05889],[89.67223,22.055],[89.67194,22.05167],[89.67416,22.04583],[89.67889,22.04111],[89.68629,22.03753],[89.69662,22.03482],[89.69886,22.0326],[89.69833,22.03028],[89.69083,22.01806],[89.68584,22.00639],[89.6785,21.99432],[89.6761,21.98722],[89.67611,21.9825],[89.67778,21.9775],[89.68305,21.97056],[89.68472,21.96667],[89.68604,21.95558],[89.68506,21.94839],[89.67805,21.93056],[89.67667,21.92194],[89.6686,21.90759],[89.66415,21.9045],[89.66144,21.90457],[89.65707,21.90268],[89.65591,21.90305],[89.65225,21.90738],[89.6491,21.91623],[89.63917,21.93278],[89.62843,21.94522],[89.6293,21.94664],[89.64069,21.95481],[89.64528,21.96046],[89.64861,21.96917],[89.64787,21.98196],[89.64602,21.98519],[89.6409,21.9857],[89.63311,21.98362],[89.62821,21.9811],[89.62637,21.98164],[89.62391,21.98806],[89.62334,22],[89.62428,22.00149],[89.6258,22.00128],[89.63318,21.99295],[89.63544,21.99134],[89.63826,21.99084],[89.64197,21.99115],[89.64558,21.99366],[89.64967,21.99804],[89.65334,22.00028],[89.65664,22.00502],[89.6576,22.01015],[89.66084,22.01568],[89.66144,22.01884],[89.66045,22.02221],[89.6542,22.03245],[89.65361,22.03563],[89.65404,22.0386],[89.65742,22.05125],[89.65922,22.05222],[89.66572,22.05202],[89.66711,22.05314],[89.66769,22.05529],[89.66527,22.06268],[89.65991,22.07241],[89.65752,22.07328],[89.6483,22.07018],[89.64699,22.07136],[89.64709,22.07292],[89.65072,22.07944],[89.65137,22.08249],[89.65051,22.09694],[89.64885,22.09943],[89.64615,22.09991],[89.6384,22.0981],[89.63553,22.09813],[89.62843,22.10142],[89.62677,22.09956],[89.6274,22.0975],[89.62679,22.09613],[89.6218,22.09548],[89.61014,22.09162],[89.59924,22.08691],[89.59719,22.08748],[89.60331,22.11508],[89.60333,22.12443],[89.60839,22.12867],[89.60973,22.13111],[89.60944,22.13556],[89.60764,22.1415],[89.61301,22.14749],[89.61266,22.15124],[89.61053,22.15599],[89.61045,22.15914],[89.61321,22.16622],[89.61524,22.16589],[89.61594,22.16584]]],[[[89.70805,22.18611],[89.70667,22.18611],[89.69611,22.19111],[89.69722,22.19278],[89.70361,22.19639],[89.70667,22.19944],[89.70944,22.19944],[89.71,22.19834],[89.70917,22.19611],[89.70944,22.1875],[89.70805,22.1864],[89.70805,22.18611]]],[[[89.57619,22.22656],[89.57655,22.22871],[89.57842,22.22871],[89.57842,22.22797],[89.57648,22.2267],[89.57619,22.22656]]],[[[89.7646,22.33043],[89.76444,22.32921],[89.76444,22.33028],[89.7646,22.33043]]],[[[89.66563,22.36397],[89.66969,22.35781],[89.67142,22.34786],[89.67806,22.33297],[89.68098,22.33055],[89.6876,22.32766],[89.68873,22.31921],[89.69336,22.31297],[89.69646,22.31057],[89.70376,22.30787],[89.70514,22.30607],[89.70502,22.2989],[89.70226,22.2872],[89.70032,22.28241],[89.69923,22.27753],[89.69964,22.27496],[89.70212,22.27262],[89.70587,22.27171],[89.71731,22.27431],[89.72999,22.27857],[89.73376,22.2788],[89.73444,22.27756],[89.73158,22.27019],[89.72339,22.25825],[89.71776,22.24489],[89.70431,22.22903],[89.69442,22.2146],[89.69334,22.21389],[89.68777,22.21738],[89.68555,22.2175],[89.67911,22.21077],[89.68015,22.21095],[89.68639,22.21667],[89.69167,22.21361],[89.69278,22.21194],[89.68695,22.19842],[89.68726,22.19555],[89.68887,22.19251],[89.69083,22.19111],[89.69527,22.19056],[89.69527,22.18944],[89.69196,22.18695],[89.69004,22.18418],[89.68952,22.17648],[89.69113,22.17057],[89.6983,22.15775],[89.70012,22.14517],[89.7083,22.12896],[89.70667,22.12205],[89.70787,22.11407],[89.71021,22.10571],[89.7094,22.10274],[89.70578,22.09768],[89.70438,22.09255],[89.70399,22.08972],[89.7057,22.08134],[89.70438,22.0713],[89.70329,22.07031],[89.69727,22.06876],[89.68657,22.067],[89.68483,22.06729],[89.67475,22.07556],[89.67225,22.0786],[89.66833,22.08677],[89.6694,22.08826],[89.67755,22.08975],[89.68163,22.09167],[89.68324,22.09356],[89.68386,22.0967],[89.67992,22.09862],[89.67287,22.09726],[89.66685,22.09728],[89.66521,22.09924],[89.6655,22.10075],[89.66768,22.10285],[89.66989,22.10675],[89.67017,22.11091],[89.67197,22.11493],[89.67686,22.11865],[89.67846,22.12098],[89.679,22.1271],[89.68105,22.13222],[89.67991,22.13577],[89.67638,22.14177],[89.6731,22.14391],[89.67097,22.14408],[89.66828,22.14276],[89.66328,22.13761],[89.6579,22.1381],[89.65671,22.14011],[89.65741,22.14212],[89.6608,22.14629],[89.6599,22.14854],[89.65675,22.14944],[89.65083,22.14778],[89.64919,22.14807],[89.64812,22.14937],[89.64673,22.15548],[89.63853,22.16295],[89.63573,22.1647],[89.62961,22.1666],[89.61454,22.16765],[89.61228,22.1694],[89.60968,22.17391],[89.60651,22.17748],[89.60696,22.17996],[89.61443,22.1874],[89.6172,22.19172],[89.61883,22.19607],[89.61888,22.19852],[89.61694,22.20194],[89.61215,22.20339],[89.6081,22.20576],[89.60389,22.21015],[89.60197,22.21679],[89.60146,22.22385],[89.602,22.22828],[89.60366,22.2285],[89.60768,22.22254],[89.61674,22.21396],[89.61928,22.21313],[89.62134,22.21557],[89.61839,22.22359],[89.61496,22.23895],[89.61236,22.24347],[89.60639,22.24583],[89.60445,22.245],[89.60639,22.24361],[89.61139,22.2425],[89.6125,22.24139],[89.61417,22.23667],[89.615,22.22889],[89.62,22.21611],[89.61972,22.215],[89.61861,22.21445],[89.61667,22.21556],[89.60361,22.23028],[89.60222,22.23028],[89.60056,22.22861],[89.59972,22.22556],[89.59972,22.21972],[89.6025,22.20972],[89.60778,22.20389],[89.61584,22.20111],[89.6175,22.19861],[89.61694,22.19528],[89.61417,22.19],[89.60667,22.18222],[89.60472,22.17861],[89.60722,22.17333],[89.6125,22.16694],[89.60944,22.15833],[89.61237,22.1481],[89.60722,22.14278],[89.60666,22.1411],[89.60861,22.13333],[89.60861,22.13111],[89.60667,22.12861],[89.60416,22.1275],[89.60306,22.12834],[89.59333,22.14722],[89.57389,22.17139],[89.57195,22.175],[89.55917,22.18778],[89.55666,22.19222],[89.55305,22.20306],[89.55305,22.20778],[89.55527,22.21057],[89.56028,22.21167],[89.56167,22.21305],[89.56306,22.21222],[89.56667,22.2125],[89.56834,22.21361],[89.57611,22.215],[89.5825,22.21833],[89.58667,22.22222],[89.58916,22.22583],[89.59583,22.24],[89.59778,22.24722],[89.59722,22.24861],[89.59805,22.24945],[89.59834,22.25278],[89.5975,22.26194],[89.59278,22.27528],[89.61028,22.29528],[89.61385,22.2981],[89.61742,22.30779],[89.62839,22.32286],[89.63271,22.33178],[89.63607,22.34194],[89.63565,22.34861],[89.63885,22.352],[89.64008,22.36373],[89.642,22.36444],[89.65099,22.36393],[89.65936,22.36722],[89.66103,22.36716],[89.66518,22.36459],[89.66563,22.36397]]],[[[89.65644,22.51719],[89.66409,22.51779],[89.6671,22.51973],[89.66811,22.52419],[89.67253,22.5243],[89.67464,22.5231],[89.6832,22.52345],[89.68728,22.52201],[89.69919,22.5139],[89.69775,22.50934],[89.6983,22.5072],[89.70221,22.50451],[89.70734,22.50357],[89.7113,22.50025],[89.7159,22.49995],[89.71556,22.49519],[89.72103,22.47988],[89.7187,22.4781],[89.71327,22.47738],[89.7107,22.47779],[89.70286,22.48248],[89.69985,22.48273],[89.69834,22.48157],[89.69881,22.47891],[89.70585,22.47591],[89.70592,22.47441],[89.70264,22.47375],[89.70117,22.4719],[89.70084,22.4657],[89.70257,22.46393],[89.71247,22.47177],[89.71545,22.47244],[89.71684,22.46982],[89.71815,22.46685],[89.71945,22.45556],[89.72057,22.45392],[89.71784,22.45139],[89.71177,22.44984],[89.70969,22.44835],[89.70774,22.44495],[89.70866,22.43929],[89.72034,22.42801],[89.72345,22.42707],[89.72834,22.42256],[89.72833,22.42039],[89.72571,22.41891],[89.71869,22.41857],[89.71317,22.41315],[89.7142,22.40513],[89.7245,22.40256],[89.73171,22.40513],[89.7374,22.39877],[89.73898,22.39597],[89.73588,22.39152],[89.7367,22.38856],[89.74126,22.38327],[89.74364,22.3885],[89.75173,22.39736],[89.75877,22.39464],[89.75764,22.39197],[89.75845,22.38873],[89.76009,22.38616],[89.76581,22.38601],[89.76798,22.38141],[89.77595,22.3732],[89.77729,22.36737],[89.77695,22.36433],[89.77566,22.36247],[89.77156,22.36464],[89.7661,22.36101],[89.76075,22.35909],[89.76138,22.35205],[89.76523,22.34207],[89.76513,22.34029],[89.76458,22.34068],[89.76431,22.34],[89.76389,22.33222],[89.76053,22.32097],[89.76049,22.31361],[89.76315,22.30979],[89.78323,22.2876],[89.79089,22.28226],[89.79929,22.28],[89.79942,22.27679],[89.79749,22.26901],[89.79585,22.25245],[89.80051,22.235],[89.80187,22.2262],[89.80111,22.21938],[89.80199,22.21507],[89.8075,22.20594],[89.81499,22.19642],[89.82364,22.1783],[89.82944,22.17031],[89.83401,22.16566],[89.83403,22.16315],[89.82908,22.15867],[89.8175,22.15194],[89.81234,22.14739],[89.81,22.14028],[89.81029,22.13906],[89.81132,22.13895],[89.81481,22.13504],[89.82313,22.12952],[89.83553,22.12553],[89.83637,22.12259],[89.83443,22.11832],[89.82964,22.1113],[89.80772,22.08615],[89.80282,22.07689],[89.80183,22.07278],[89.798,22.07326],[89.78972,22.08333],[89.77704,22.0904],[89.77445,22.09335],[89.77183,22.10134],[89.76964,22.11409],[89.75786,22.13345],[89.75293,22.13604],[89.74501,22.13726],[89.74285,22.13862],[89.74389,22.151],[89.74184,22.15829],[89.74198,22.16108],[89.74355,22.16676],[89.74406,22.17398],[89.74683,22.182],[89.7466,22.186],[89.74348,22.1904],[89.73167,22.19611],[89.73045,22.19855],[89.73524,22.20826],[89.73625,22.20889],[89.73874,22.20764],[89.74451,22.1983],[89.74651,22.19629],[89.74889,22.19564],[89.75082,22.19749],[89.75375,22.20425],[89.75606,22.21345],[89.75631,22.21624],[89.755,22.22472],[89.75611,22.23305],[89.75394,22.22566],[89.75427,22.21322],[89.74976,22.19795],[89.74842,22.197],[89.74715,22.19742],[89.74176,22.20627],[89.7375,22.21111],[89.735,22.21028],[89.73222,22.20806],[89.72889,22.2],[89.72945,22.19611],[89.7307,22.19389],[89.73444,22.19111],[89.7425,22.18778],[89.74472,22.18583],[89.74487,22.18443],[89.74084,22.17389],[89.74084,22.16472],[89.73972,22.16083],[89.7407,22.15129],[89.73972,22.14361],[89.74024,22.13495],[89.73402,22.13285],[89.72278,22.13305],[89.71222,22.12972],[89.70583,22.14195],[89.70389,22.15361],[89.7025,22.15778],[89.69583,22.17],[89.69334,22.18306],[89.69611,22.18583],[89.69889,22.18583],[89.70556,22.18334],[89.70972,22.18417],[89.71333,22.18861],[89.71416,22.19333],[89.71361,22.1975],[89.71167,22.20083],[89.70691,22.20306],[89.70167,22.20139],[89.69473,22.19555],[89.69222,22.19583],[89.69139,22.19722],[89.69444,22.20667],[89.70592,22.22466],[89.71688,22.23684],[89.72158,22.24334],[89.72663,22.2555],[89.73222,22.26283],[89.73776,22.27537],[89.73766,22.27843],[89.73613,22.28105],[89.73083,22.28222],[89.72833,22.28222],[89.72063,22.27919],[89.70773,22.2757],[89.70373,22.27547],[89.70255,22.27666],[89.70309,22.27991],[89.70747,22.2914],[89.70917,22.30069],[89.7084,22.30555],[89.70423,22.31167],[89.70611,22.3275],[89.70639,22.33972],[89.70829,22.34385],[89.71259,22.3474],[89.71333,22.34917],[89.71222,22.35028],[89.71249,22.34854],[89.70785,22.34477],[89.70576,22.34096],[89.70489,22.33708],[89.70486,22.3281],[89.70306,22.31192],[89.70059,22.31111],[89.69337,22.31544],[89.69059,22.32163],[89.68993,22.32686],[89.68804,22.32999],[89.68583,22.33165],[89.68132,22.33279],[89.67976,22.33402],[89.67715,22.34143],[89.67369,22.34762],[89.67274,22.35499],[89.67109,22.35955],[89.66749,22.36521],[89.6638,22.36793],[89.6582,22.36916],[89.65018,22.36589],[89.64489,22.36684],[89.64055,22.36636],[89.6375,22.36333],[89.63647,22.35856],[89.63659,22.35354],[89.6358,22.35216],[89.63457,22.35221],[89.63311,22.3551],[89.63216,22.36198],[89.6292,22.36857],[89.62719,22.38682],[89.6225,22.40861],[89.61657,22.41952],[89.60416,22.43547],[89.59953,22.44625],[89.59938,22.44961],[89.59576,22.45552],[89.59551,22.4582],[89.59306,22.46445],[89.59333,22.46583],[89.60344,22.47252],[89.60588,22.47507],[89.60768,22.47942],[89.60957,22.48873],[89.61219,22.49389],[89.61389,22.49972],[89.61723,22.50583],[89.6225,22.51028],[89.63322,22.51198],[89.63636,22.51358],[89.63889,22.51611],[89.64056,22.52194],[89.63686,22.53042],[89.64054,22.5308],[89.64249,22.53318],[89.65332,22.5275],[89.65424,22.51961],[89.65644,22.51719]]],[[[89.58302,22.56057],[89.5882,22.55894],[89.59203,22.56155],[89.59421,22.56034],[89.60113,22.55321],[89.60443,22.54508],[89.6085,22.53934],[89.61633,22.53415],[89.62023,22.53307],[89.62545,22.53293],[89.62892,22.53371],[89.63279,22.53218],[89.63688,22.51982],[89.63682,22.51795],[89.63567,22.51696],[89.63055,22.51478],[89.62256,22.51354],[89.61472,22.50859],[89.61305,22.50639],[89.61092,22.4987],[89.60724,22.49159],[89.6038,22.47852],[89.60011,22.4737],[89.59723,22.47175],[89.5941,22.47211],[89.59229,22.47417],[89.59111,22.4833],[89.58984,22.48686],[89.59061,22.49223],[89.58928,22.49324],[89.58944,22.50023],[89.58773,22.50871],[89.58528,22.51167],[89.58334,22.51639],[89.58369,22.51881],[89.58046,22.53325],[89.57578,22.54849],[89.56974,22.56024],[89.56451,22.56788],[89.57306,22.57271],[89.57544,22.57208],[89.58105,22.56274],[89.58302,22.56057]]]]}},{"type":"Feature","properties":{"district_id":"bagerhat","upazila_id":"bagerhat-morrelganj","source_name":"Morelganj","source_pcode":"400160","match_method":"unique-near"},"geometry":{"type":"MultiPolygon","coordinates":[[[[89.76167,22.52889],[89.76597,22.52583],[89.76772,22.52058],[89.77144,22.5171],[89.77391,22.51613],[89.77927,22.51606],[89.78083,22.515],[89.78365,22.50617],[89.79827,22.48723],[89.80526,22.48529],[89.80826,22.48614],[89.81224,22.48885],[89.81705,22.48995],[89.822,22.48648],[89.82545,22.48541],[89.83027,22.4853],[89.83537,22.48692],[89.83684,22.48662],[89.83667,22.48583],[89.84245,22.47727],[89.84926,22.47215],[89.85237,22.47083],[89.8558,22.46771],[89.85717,22.46469],[89.85783,22.45766],[89.86169,22.45041],[89.86788,22.44462],[89.87517,22.44024],[89.87605,22.43836],[89.87607,22.43522],[89.87305,22.42717],[89.86777,22.42139],[89.86584,22.41694],[89.86704,22.40938],[89.87144,22.39996],[89.87837,22.39176],[89.88291,22.38765],[89.88889,22.37917],[89.88944,22.37389],[89.88834,22.36944],[89.88861,22.3625],[89.88667,22.35528],[89.8822,22.34665],[89.88226,22.34959],[89.88019,22.35727],[89.87564,22.36188],[89.87151,22.3588],[89.86781,22.35842],[89.85583,22.36187],[89.85252,22.36224],[89.84632,22.36147],[89.84592,22.36377],[89.84798,22.36493],[89.85004,22.36801],[89.85045,22.37108],[89.8459,22.37185],[89.83971,22.37069],[89.83021,22.37259],[89.82607,22.37567],[89.81987,22.38488],[89.8174,22.3868],[89.81368,22.38525],[89.81079,22.38294],[89.80418,22.38294],[89.79923,22.38178],[89.79593,22.3787],[89.79469,22.37639],[89.79057,22.37486],[89.77595,22.3732],[89.76798,22.38141],[89.76581,22.38601],[89.76009,22.38616],[89.75845,22.38873],[89.75764,22.39197],[89.75877,22.39464],[89.75173,22.39736],[89.74364,22.3885],[89.74126,22.38327],[89.7367,22.38856],[89.73588,22.39152],[89.73898,22.39597],[89.7374,22.39877],[89.73171,22.40513],[89.7245,22.40256],[89.7142,22.40513],[89.71317,22.41315],[89.71869,22.41857],[89.72571,22.41891],[89.72833,22.42039],[89.72834,22.42256],[89.72345,22.42707],[89.72034,22.42801],[89.70866,22.43929],[89.70774,22.44495],[89.70969,22.44835],[89.71177,22.44984],[89.71784,22.45139],[89.72057,22.45392],[89.71945,22.45556],[89.71815,22.46685],[89.71684,22.46982],[89.71545,22.47244],[89.71247,22.47177],[89.70257,22.46393],[89.70084,22.4657],[89.70117,22.4719],[89.70264,22.47375],[89.70592,22.47441],[89.70585,22.47591],[89.69881,22.47891],[89.69834,22.48157],[89.69985,22.48273],[89.70286,22.48248],[89.7107,22.47779],[89.71584,22.47737],[89.7187,22.4781],[89.72103,22.47988],[89.71556,22.49519],[89.7159,22.49995],[89.72145,22.50435],[89.72657,22.503],[89.73551,22.50765],[89.76084,22.52889],[89.76167,22.52889]]],[[[89.91583,22.60389],[89.91888,22.60282],[89.92383,22.60274],[89.95184,22.59853],[89.95259,22.59719],[89.95965,22.59475],[89.96129,22.59324],[89.96193,22.58694],[89.95948,22.57192],[89.95083,22.54624],[89.9424,22.53487],[89.93599,22.52965],[89.92751,22.52098],[89.9215,22.513],[89.91998,22.50981],[89.92145,22.50787],[89.92791,22.50611],[89.9403,22.50777],[89.96253,22.50742],[89.9642,22.50662],[89.965,22.50464],[89.96445,22.49806],[89.96361,22.49399],[89.95909,22.49386],[89.93542,22.49894],[89.9284,22.50252],[89.9153,22.50582],[89.90647,22.50529],[89.90123,22.50632],[89.89497,22.50502],[89.89037,22.50507],[89.88476,22.50126],[89.88324,22.48923],[89.88566,22.481],[89.88969,22.47652],[89.89855,22.47241],[89.91144,22.47054],[89.91801,22.47189],[89.92518,22.47465],[89.93468,22.47439],[89.94205,22.46983],[89.94612,22.46278],[89.93747,22.45095],[89.92709,22.4474],[89.91404,22.44649],[89.9025,22.44165],[89.88784,22.43159],[89.88165,22.42837],[89.88362,22.434],[89.88266,22.44018],[89.88068,22.44055],[89.87659,22.44527],[89.8716,22.44808],[89.86681,22.45238],[89.8625,22.45917],[89.85914,22.47068],[89.85407,22.47544],[89.84805,22.47781],[89.84516,22.48001],[89.84338,22.48285],[89.84361,22.48639],[89.84111,22.48889],[89.83892,22.4902],[89.83505,22.49084],[89.82604,22.48837],[89.81692,22.49333],[89.81208,22.49246],[89.80607,22.48898],[89.80285,22.4897],[89.79739,22.49434],[89.78765,22.50503],[89.78667,22.5077],[89.78751,22.51264],[89.78631,22.51733],[89.78168,22.5194],[89.77351,22.51921],[89.77167,22.52083],[89.77,22.52361],[89.76924,22.52889],[89.77472,22.53687],[89.77221,22.55056],[89.77363,22.5539],[89.78416,22.56528],[89.7861,22.57139],[89.785,22.57444],[89.78972,22.57889],[89.79139,22.5825],[89.79178,22.58619],[89.79938,22.58013],[89.80551,22.57957],[89.81042,22.58098],[89.81417,22.581],[89.81617,22.58375],[89.81976,22.58648],[89.82146,22.59292],[89.82534,22.59518],[89.82933,22.59478],[89.83662,22.59585],[89.83795,22.59489],[89.8391,22.59233],[89.83932,22.58819],[89.83742,22.58629],[89.83562,22.57657],[89.83843,22.57425],[89.84469,22.57178],[89.8482,22.56634],[89.85641,22.56347],[89.86206,22.56332],[89.87135,22.56697],[89.87707,22.57233],[89.88115,22.57319],[89.88815,22.57266],[89.89581,22.57917],[89.89341,22.58636],[89.89056,22.58949],[89.89014,22.59341],[89.89414,22.60818],[89.90017,22.61537],[89.90759,22.61654],[89.91146,22.61638],[89.91569,22.61563],[89.91924,22.61345],[89.91556,22.605],[89.91583,22.60417],[89.91583,22.60389]]]]}},{"type":"Feature","properties":{"district_id":"bagerhat","upazila_id":"bagerhat-rampal","source_name":"Rampal","source_pcode":"400173","match_method":"exact"},"geometry":{"type":"MultiPolygon","coordinates":[[[[89.68694,22.57028],[89.69111,22.56944],[89.69222,22.56722],[89.68229,22.55828],[89.68,22.555],[89.67973,22.55083],[89.68361,22.54694],[89.68111,22.54],[89.68105,22.53559],[89.68263,22.54137],[89.68555,22.54694],[89.69112,22.54667],[89.6966,22.54781],[89.70244,22.55107],[89.70805,22.55611],[89.71056,22.55667],[89.7199,22.55115],[89.74213,22.54082],[89.75168,22.53446],[89.75676,22.53249],[89.76084,22.52889],[89.73551,22.50765],[89.72657,22.503],[89.72145,22.50435],[89.7159,22.49995],[89.7113,22.50025],[89.70734,22.50357],[89.70221,22.50451],[89.6983,22.5072],[89.69775,22.50934],[89.69919,22.5139],[89.68728,22.52201],[89.6832,22.52345],[89.67464,22.5231],[89.67253,22.5243],[89.66811,22.52419],[89.6671,22.51973],[89.66409,22.51779],[89.65644,22.51719],[89.65373,22.52112],[89.65332,22.5275],[89.64249,22.53318],[89.64054,22.5308],[89.63686,22.53042],[89.63556,22.53555],[89.63611,22.54055],[89.64061,22.55414],[89.6418,22.55464],[89.64472,22.55389],[89.65011,22.54961],[89.65472,22.54754],[89.65913,22.54741],[89.66315,22.54612],[89.66601,22.54641],[89.673,22.55168],[89.68111,22.56722],[89.6825,22.56861],[89.68667,22.57028],[89.68694,22.57028]]],[[[89.80441,22.62456],[89.80442,22.62391],[89.80389,22.62444],[89.80441,22.62456]]],[[[89.66329,22.68009],[89.66225,22.6714],[89.66305,22.66747],[89.66706,22.66191],[89.66535,22.6527],[89.66595,22.65045],[89.6684,22.6498],[89.67051,22.65239],[89.67814,22.65461],[89.68686,22.65547],[89.69171,22.64925],[89.69965,22.6437],[89.71005,22.63969],[89.71343,22.6415],[89.71776,22.6419],[89.74442,22.6347],[89.75778,22.63291],[89.76052,22.63063],[89.76115,22.62684],[89.76305,22.62473],[89.76756,22.62324],[89.77191,22.62288],[89.77455,22.62034],[89.7779,22.62151],[89.78206,22.62439],[89.78429,22.62312],[89.78564,22.62113],[89.78867,22.62111],[89.79031,22.62434],[89.79366,22.62339],[89.80167,22.6242],[89.80334,22.6225],[89.80334,22.62111],[89.79694,22.61472],[89.79056,22.61167],[89.78833,22.60806],[89.79083,22.5975],[89.79083,22.59444],[89.78902,22.58879],[89.78958,22.5825],[89.78389,22.57583],[89.78306,22.57334],[89.78361,22.56833],[89.77139,22.55583],[89.76945,22.55222],[89.76917,22.54611],[89.77167,22.53778],[89.77028,22.53555],[89.76511,22.53417],[89.75405,22.53559],[89.74571,22.54101],[89.73518,22.54553],[89.71395,22.55734],[89.71333,22.55806],[89.71361,22.55972],[89.71722,22.56194],[89.71874,22.56472],[89.71402,22.57021],[89.71097,22.57197],[89.70861,22.57472],[89.71304,22.58069],[89.71722,22.58444],[89.71754,22.58755],[89.7075,22.57556],[89.70805,22.57306],[89.71726,22.56537],[89.71778,22.56444],[89.71639,22.56278],[89.70761,22.55891],[89.70429,22.55637],[89.70267,22.55402],[89.69531,22.54949],[89.68455,22.54893],[89.68205,22.55049],[89.68111,22.55333],[89.68295,22.55614],[89.6908,22.56258],[89.69361,22.56778],[89.69167,22.57055],[89.69,22.57139],[89.68472,22.57139],[89.67985,22.568],[89.67661,22.56382],[89.67193,22.55385],[89.66908,22.5501],[89.66621,22.54812],[89.6616,22.54846],[89.66131,22.54961],[89.66276,22.55406],[89.66611,22.56111],[89.66861,22.56361],[89.67389,22.56584],[89.67536,22.56896],[89.67416,22.57083],[89.67083,22.57139],[89.66778,22.57],[89.66194,22.56889],[89.66117,22.56993],[89.66093,22.57678],[89.65945,22.58032],[89.6543,22.58619],[89.65083,22.58892],[89.6498,22.59213],[89.64915,22.59113],[89.64992,22.58823],[89.65806,22.58028],[89.65981,22.57121],[89.66109,22.56837],[89.6646,22.56741],[89.66861,22.56944],[89.67278,22.57],[89.67389,22.56805],[89.67167,22.56611],[89.66778,22.56444],[89.66423,22.56101],[89.66195,22.55688],[89.66077,22.55211],[89.65818,22.54902],[89.65427,22.5505],[89.6463,22.55552],[89.64217,22.55662],[89.63889,22.55611],[89.63532,22.54932],[89.63537,22.54483],[89.63282,22.53738],[89.63279,22.53218],[89.62892,22.53371],[89.62545,22.53293],[89.62023,22.53307],[89.61633,22.53415],[89.6085,22.53934],[89.60443,22.54508],[89.60113,22.55321],[89.59421,22.56034],[89.59203,22.56155],[89.5882,22.55894],[89.58302,22.56057],[89.57544,22.57208],[89.57306,22.57271],[89.56451,22.56788],[89.56067,22.57256],[89.56,22.575],[89.55401,22.58347],[89.54309,22.5932],[89.53583,22.60306],[89.53339,22.60832],[89.53222,22.61472],[89.5375,22.62472],[89.54064,22.6287],[89.54436,22.6278],[89.55749,22.63828],[89.55806,22.64079],[89.55762,22.64442],[89.55358,22.66125],[89.55917,22.67271],[89.56033,22.67662],[89.56238,22.67706],[89.56837,22.67277],[89.56822,22.67076],[89.57369,22.66654],[89.57991,22.66455],[89.57996,22.66018],[89.58411,22.65099],[89.58565,22.64911],[89.59296,22.64669],[89.59624,22.64752],[89.60197,22.64749],[89.62051,22.6538],[89.62493,22.66133],[89.62557,22.66414],[89.62531,22.66942],[89.62672,22.67513],[89.62952,22.67805],[89.63402,22.67621],[89.63821,22.67621],[89.64341,22.67712],[89.6463,22.67911],[89.64826,22.67871],[89.65746,22.68124],[89.66357,22.68182],[89.66329,22.68009]]]]}},{"type":"Feature","properties":{"district_id":"chuadanga","upazila_id":"chuadanga-alamdanga","source_name":"Alamdanga","source_pcode":"401807","match_method":"exact"},"geometry":{"type":"Polygon","coordinates":[[[88.86477,23.83644],[88.86884,23.83195],[88.87361,23.83196],[88.88147,23.83588],[88.88474,23.83543],[88.8948,23.83051],[88.90054,23.82928],[88.90263,23.82968],[88.90794,23.83563],[88.91284,23.83958],[88.91522,23.83762],[88.91763,23.83061],[88.92037,23.82811],[88.92381,23.82702],[88.9268,23.82441],[88.92839,23.81983],[88.92751,23.81522],[88.9229,23.80651],[88.92081,23.79724],[88.91632,23.78851],[88.91735,23.7862],[88.9183,23.78508],[88.92357,23.78553],[88.93262,23.79015],[88.93565,23.79342],[88.93815,23.79826],[88.94044,23.79859],[88.94618,23.79377],[88.94704,23.79069],[88.94475,23.78052],[88.94624,23.77715],[88.95082,23.77076],[88.96024,23.75458],[88.96335,23.75259],[88.96644,23.7522],[88.97045,23.75521],[88.97684,23.77033],[88.9825,23.77844],[88.98512,23.7795],[88.98918,23.77873],[88.99538,23.77268],[88.99873,23.77056],[89.00079,23.77101],[89.00264,23.77409],[89.00441,23.78027],[89.00805,23.7861],[89.01028,23.78643],[89.01165,23.7834],[89.00792,23.77225],[88.99622,23.75439],[88.99802,23.75187],[89.00916,23.74908],[89.01165,23.74671],[89.01431,23.73711],[89.01404,23.72218],[89.01549,23.71687],[89.0196,23.70871],[89.01299,23.692],[89.01398,23.67593],[89.0112,23.66899],[89.01237,23.66272],[89.01667,23.66119],[89.01867,23.65906],[89.01962,23.65628],[89.01501,23.64453],[89.01334,23.64155],[89.01116,23.64065],[89.01168,23.63846],[89.01456,23.63378],[89.01642,23.62759],[89.01502,23.62226],[89.00982,23.62479],[89.00667,23.62787],[89.00205,23.62557],[88.99116,23.61764],[88.98801,23.61735],[88.98594,23.61902],[88.98439,23.62211],[88.98209,23.62436],[88.97337,23.62351],[88.96759,23.6252],[88.95616,23.62507],[88.95167,23.62579],[88.94776,23.62518],[88.94569,23.62359],[88.94471,23.627],[88.94254,23.62931],[88.93974,23.62883],[88.93945,23.62604],[88.93748,23.62364],[88.93508,23.62406],[88.93106,23.63055],[88.92432,23.63375],[88.92381,23.63618],[88.92067,23.64023],[88.91914,23.64452],[88.92155,23.65131],[88.91538,23.66245],[88.91522,23.66715],[88.91197,23.66846],[88.91134,23.67111],[88.90839,23.67253],[88.91235,23.68596],[88.90563,23.69081],[88.90188,23.69175],[88.89491,23.68912],[88.89184,23.68979],[88.88746,23.69412],[88.88374,23.68984],[88.88049,23.68788],[88.87081,23.68529],[88.86458,23.68555],[88.86042,23.68483],[88.8576,23.68223],[88.86039,23.67957],[88.85844,23.67717],[88.85399,23.67743],[88.85249,23.68006],[88.8541,23.68361],[88.85303,23.69326],[88.84366,23.69134],[88.84452,23.68725],[88.84328,23.68666],[88.84055,23.6864],[88.83227,23.68948],[88.82555,23.69068],[88.82276,23.68997],[88.81918,23.68689],[88.81485,23.68622],[88.81379,23.68923],[88.81148,23.69131],[88.80371,23.70364],[88.80187,23.70473],[88.79818,23.70571],[88.7921,23.70408],[88.78641,23.70369],[88.78056,23.70497],[88.78818,23.71412],[88.78778,23.71573],[88.78889,23.71901],[88.79084,23.72089],[88.78902,23.72353],[88.78628,23.72551],[88.78559,23.72914],[88.78797,23.74188],[88.79293,23.7463],[88.79344,23.75011],[88.79234,23.75856],[88.79684,23.77622],[88.79908,23.77741],[88.80059,23.77518],[88.80389,23.77347],[88.81071,23.77445],[88.81745,23.77819],[88.82169,23.77649],[88.82362,23.77683],[88.82514,23.7793],[88.82845,23.79562],[88.83453,23.80733],[88.83759,23.81656],[88.84033,23.82139],[88.84705,23.82357],[88.85149,23.83024],[88.85262,23.83455],[88.85556,23.83646],[88.86477,23.83644]]]}},{"type":"Feature","properties":{"district_id":"chuadanga","upazila_id":"chuadanga-chuadanga-sadar","source_name":"Chuadanga S.","source_pcode":"401823","match_method":"exact"},"geometry":{"type":"Polygon","coordinates":[[[88.81485,23.68622],[88.81918,23.68689],[88.82276,23.68997],[88.82555,23.69068],[88.83227,23.68948],[88.84055,23.6864],[88.84328,23.68666],[88.84452,23.68725],[88.84366,23.69134],[88.85303,23.69326],[88.8541,23.68361],[88.85249,23.68006],[88.85399,23.67743],[88.85844,23.67717],[88.86039,23.67957],[88.8576,23.68223],[88.86042,23.68483],[88.86458,23.68555],[88.87081,23.68529],[88.88049,23.68788],[88.88374,23.68984],[88.88746,23.69412],[88.89184,23.68979],[88.89491,23.68912],[88.90188,23.69175],[88.90563,23.69081],[88.91235,23.68596],[88.90839,23.67253],[88.91134,23.67111],[88.91197,23.66846],[88.91522,23.66715],[88.91538,23.66245],[88.92155,23.65131],[88.91914,23.64452],[88.92067,23.64023],[88.92381,23.63618],[88.92432,23.63375],[88.93106,23.63055],[88.93508,23.62406],[88.93748,23.62364],[88.93945,23.62604],[88.93974,23.62883],[88.94254,23.62931],[88.94471,23.627],[88.94569,23.62359],[88.94776,23.62518],[88.95167,23.62579],[88.95616,23.62507],[88.96759,23.6252],[88.97337,23.62351],[88.98209,23.62436],[88.98439,23.62211],[88.98594,23.61902],[88.98801,23.61735],[88.99116,23.61764],[89.00205,23.62557],[89.00667,23.62787],[89.00982,23.62479],[89.01502,23.62226],[89.01151,23.61569],[89.0089,23.60461],[89.00519,23.59781],[89.00358,23.60085],[89.00108,23.59938],[88.9936,23.58905],[88.99003,23.58249],[88.98943,23.57964],[88.98987,23.57384],[88.98109,23.55989],[88.98059,23.55269],[88.9787,23.55064],[88.95978,23.5557],[88.95496,23.55539],[88.95097,23.55306],[88.94482,23.54698],[88.94141,23.53994],[88.94083,23.53532],[88.94308,23.52935],[88.94746,23.52571],[88.9499,23.52094],[88.95044,23.51663],[88.94953,23.50378],[88.94711,23.51027],[88.94429,23.51431],[88.94077,23.51066],[88.94083,23.50699],[88.94317,23.50331],[88.94403,23.50006],[88.94231,23.49721],[88.93823,23.49666],[88.92871,23.50231],[88.92593,23.50246],[88.92405,23.50372],[88.92229,23.50613],[88.92192,23.50889],[88.92278,23.51224],[88.9206,23.51826],[88.9185,23.51845],[88.91622,23.51148],[88.91428,23.50972],[88.90617,23.50781],[88.90135,23.50414],[88.89714,23.50325],[88.88388,23.50358],[88.87801,23.50619],[88.87209,23.50615],[88.87045,23.50471],[88.86706,23.50443],[88.86183,23.50586],[88.85988,23.5069],[88.85905,23.50858],[88.85623,23.50977],[88.85577,23.512],[88.8507,23.51865],[88.84669,23.51826],[88.84418,23.51646],[88.83392,23.51548],[88.82829,23.51035],[88.8288,23.50776],[88.8349,23.5],[88.83765,23.49464],[88.83521,23.49249],[88.83241,23.49105],[88.82913,23.49092],[88.82602,23.49302],[88.82295,23.49387],[88.81642,23.49105],[88.81104,23.49369],[88.81023,23.50024],[88.80746,23.50474],[88.80944,23.50885],[88.80933,23.51297],[88.80765,23.5195],[88.81034,23.52158],[88.81379,23.52135],[88.81486,23.52246],[88.81869,23.53362],[88.82174,23.53512],[88.82282,23.53359],[88.82504,23.53306],[88.8266,23.53438],[88.8288,23.53689],[88.82841,23.53919],[88.82935,23.54339],[88.83321,23.54601],[88.83361,23.54766],[88.82456,23.54882],[88.82368,23.55159],[88.82156,23.55355],[88.8203,23.55651],[88.82102,23.55872],[88.82499,23.56306],[88.82608,23.56548],[88.82602,23.56926],[88.82336,23.57633],[88.82415,23.5794],[88.82391,23.58284],[88.82887,23.58817],[88.83046,23.59458],[88.83531,23.59643],[88.83792,23.60464],[88.84096,23.60535],[88.84971,23.61169],[88.84956,23.61341],[88.84686,23.61556],[88.84418,23.61662],[88.841,23.6153],[88.83717,23.61857],[88.83305,23.6194],[88.83022,23.61691],[88.8297,23.61498],[88.82658,23.61308],[88.82405,23.60939],[88.82174,23.61181],[88.8261,23.62106],[88.82475,23.62534],[88.82592,23.62902],[88.82546,23.63075],[88.81797,23.6334],[88.8137,23.6328],[88.81181,23.63429],[88.80902,23.63329],[88.80876,23.62947],[88.80678,23.62902],[88.8018,23.63399],[88.79982,23.63772],[88.79735,23.63745],[88.79465,23.63543],[88.79251,23.63635],[88.79182,23.63907],[88.7944,23.64248],[88.80476,23.65187],[88.80824,23.65685],[88.81084,23.66792],[88.81152,23.6762],[88.81389,23.67709],[88.81445,23.68074],[88.81485,23.68622]]]}},{"type":"Feature","properties":{"district_id":"chuadanga","upazila_id":"chuadanga-damurhuda","source_name":"Damurhuda","source_pcode":"401831","match_method":"exact"},"geometry":{"type":"Polygon","coordinates":[[[88.81485,23.68622],[88.81389,23.67709],[88.81152,23.6762],[88.81084,23.66792],[88.80824,23.65685],[88.80476,23.65187],[88.7944,23.64248],[88.79182,23.63907],[88.79251,23.63635],[88.79379,23.63557],[88.79465,23.63543],[88.79735,23.63745],[88.79982,23.63772],[88.8018,23.63399],[88.80678,23.62902],[88.80876,23.62947],[88.80902,23.63329],[88.81181,23.63429],[88.8137,23.6328],[88.81797,23.6334],[88.82546,23.63075],[88.82592,23.62902],[88.82475,23.62534],[88.8261,23.62106],[88.82174,23.61181],[88.82405,23.60939],[88.82658,23.61308],[88.8297,23.61498],[88.83022,23.61691],[88.83305,23.6194],[88.83717,23.61857],[88.841,23.6153],[88.84418,23.61662],[88.84956,23.61341],[88.84971,23.61169],[88.84096,23.60535],[88.83792,23.60464],[88.83531,23.59643],[88.83046,23.59458],[88.82887,23.58817],[88.82391,23.58284],[88.82415,23.5794],[88.82336,23.57633],[88.82602,23.56926],[88.82608,23.56548],[88.82499,23.56306],[88.82102,23.55872],[88.8203,23.55651],[88.82156,23.55355],[88.82368,23.55159],[88.82456,23.54882],[88.83361,23.54766],[88.83321,23.54601],[88.82935,23.54339],[88.82841,23.53919],[88.8288,23.53689],[88.8266,23.53438],[88.82504,23.53306],[88.82282,23.53359],[88.82174,23.53512],[88.81869,23.53362],[88.81486,23.52246],[88.81379,23.52135],[88.81034,23.52158],[88.80765,23.5195],[88.80933,23.51297],[88.80944,23.50885],[88.80746,23.50474],[88.79118,23.49581],[88.7868,23.49567],[88.78263,23.49814],[88.77944,23.49767],[88.77074,23.49266],[88.77015,23.48925],[88.77177,23.48517],[88.76656,23.48232],[88.75962,23.48604],[88.75681,23.48537],[88.75621,23.47903],[88.75497,23.47811],[88.74957,23.47967],[88.74614,23.47943],[88.74292,23.48078],[88.73994,23.49073],[88.73085,23.49679],[88.72736,23.50832],[88.72517,23.50923],[88.71853,23.50739],[88.71647,23.50791],[88.71213,23.50987],[88.71088,23.51234],[88.70867,23.51391],[88.69862,23.51547],[88.6954,23.51748],[88.69242,23.52561],[88.68677,23.52922],[88.68624,23.53534],[88.68427,23.53897],[88.67723,23.54326],[88.67442,23.54591],[88.66162,23.54973],[88.66161,23.55062],[88.65919,23.55266],[88.65744,23.55603],[88.65546,23.55761],[88.65247,23.56551],[88.64845,23.58431],[88.64474,23.58747],[88.64181,23.5881],[88.63872,23.59331],[88.63931,23.59716],[88.64494,23.60217],[88.64492,23.60806],[88.64368,23.60849],[88.63779,23.60598],[88.62748,23.60547],[88.62424,23.60398],[88.64452,23.61511],[88.64705,23.61505],[88.64732,23.61664],[88.64313,23.62124],[88.64521,23.62399],[88.65314,23.6263],[88.65726,23.62886],[88.65748,23.63086],[88.65229,23.63085],[88.65129,23.6338],[88.65711,23.64295],[88.65491,23.64851],[88.65828,23.65052],[88.66121,23.6561],[88.66696,23.65683],[88.67058,23.65879],[88.67346,23.65702],[88.67961,23.65585],[88.68192,23.65349],[88.69006,23.65592],[88.6922,23.65866],[88.693,23.66241],[88.69559,23.66588],[88.69854,23.66532],[88.70123,23.66329],[88.70297,23.66432],[88.70525,23.67112],[88.73092,23.68082],[88.74799,23.69332],[88.75608,23.70073],[88.78056,23.70497],[88.78641,23.70369],[88.7921,23.70408],[88.79818,23.70571],[88.80371,23.70364],[88.81148,23.69131],[88.81379,23.68923],[88.81485,23.68622]]]}},{"type":"Feature","properties":{"district_id":"chuadanga","upazila_id":"chuadanga-jibannagar","source_name":"Jibannagar","source_pcode":"401855","match_method":"exact"},"geometry":{"type":"MultiPolygon","coordinates":[[[[88.77202,23.48131],[88.77046,23.47978],[88.76656,23.48232],[88.77177,23.48517],[88.77213,23.48428],[88.77202,23.48131]]],[[[88.86183,23.50586],[88.86706,23.50443],[88.87045,23.50471],[88.87209,23.50615],[88.87801,23.50619],[88.88388,23.50358],[88.89714,23.50325],[88.90135,23.50414],[88.90617,23.50781],[88.91428,23.50972],[88.91622,23.51148],[88.9185,23.51845],[88.9206,23.51826],[88.92278,23.51224],[88.92192,23.50889],[88.92229,23.50613],[88.92405,23.50372],[88.92593,23.50246],[88.92871,23.50231],[88.93823,23.49666],[88.94231,23.49721],[88.94403,23.50006],[88.94317,23.50331],[88.94083,23.50699],[88.94077,23.51066],[88.94429,23.51431],[88.94711,23.51027],[88.94953,23.50378],[88.94815,23.49598],[88.94833,23.49168],[88.95051,23.48302],[88.94924,23.47763],[88.94627,23.47367],[88.94178,23.4709],[88.94048,23.46711],[88.94183,23.46283],[88.94024,23.46071],[88.93797,23.4613],[88.93401,23.46086],[88.93335,23.45808],[88.93587,23.45113],[88.92961,23.44882],[88.92599,23.44649],[88.92436,23.44173],[88.93752,23.44689],[88.94049,23.44685],[88.94211,23.44422],[88.94936,23.43974],[88.9502,23.4353],[88.94875,23.42973],[88.94151,23.43142],[88.93964,23.43074],[88.93901,23.4267],[88.94027,23.4211],[88.93996,23.4175],[88.93452,23.41695],[88.92638,23.42369],[88.92245,23.42468],[88.91887,23.42423],[88.91737,23.42318],[88.91783,23.42111],[88.92276,23.42101],[88.92629,23.41871],[88.92779,23.41574],[88.92474,23.41487],[88.92365,23.41193],[88.91804,23.41189],[88.91473,23.40909],[88.90113,23.41464],[88.89445,23.41022],[88.88788,23.41119],[88.8857,23.40972],[88.88328,23.40487],[88.88223,23.39833],[88.87972,23.3924],[88.87778,23.39069],[88.87095,23.38736],[88.86772,23.38273],[88.86598,23.38216],[88.86362,23.38372],[88.86349,23.38733],[88.86253,23.38867],[88.86059,23.38736],[88.85956,23.38466],[88.85799,23.38328],[88.85287,23.38666],[88.84954,23.38637],[88.84673,23.38732],[88.84245,23.3937],[88.83986,23.3931],[88.83641,23.38629],[88.83429,23.3847],[88.82732,23.39157],[88.82414,23.39339],[88.81595,23.39011],[88.81113,23.38569],[88.80509,23.38137],[88.80347,23.38097],[88.80026,23.38073],[88.79697,23.38621],[88.79043,23.38597],[88.78847,23.38294],[88.78613,23.37598],[88.78206,23.37165],[88.77991,23.37235],[88.78235,23.37816],[88.78208,23.38058],[88.78024,23.38138],[88.76115,23.37084],[88.76035,23.37124],[88.75868,23.37938],[88.75348,23.38744],[88.75293,23.38957],[88.75308,23.39772],[88.75821,23.40158],[88.76005,23.40589],[88.76043,23.40973],[88.75943,23.41018],[88.75841,23.41292],[88.75741,23.41901],[88.76036,23.42356],[88.76299,23.43781],[88.7653,23.44281],[88.76986,23.44352],[88.77304,23.43966],[88.77798,23.43587],[88.7809,23.4363],[88.78359,23.43971],[88.78996,23.44065],[88.79142,23.44224],[88.7914,23.44496],[88.78943,23.4488],[88.78841,23.46487],[88.79059,23.47054],[88.79792,23.47533],[88.79963,23.47716],[88.80015,23.48054],[88.79606,23.48149],[88.79613,23.48287],[88.79478,23.48307],[88.7953,23.48528],[88.79873,23.48879],[88.79935,23.49156],[88.79851,23.49489],[88.79641,23.49638],[88.79118,23.49581],[88.80746,23.50474],[88.81023,23.50024],[88.81104,23.49369],[88.81642,23.49105],[88.82295,23.49387],[88.82602,23.49302],[88.82913,23.49092],[88.83241,23.49105],[88.83765,23.49464],[88.8349,23.5],[88.8288,23.50776],[88.82829,23.51035],[88.83392,23.51548],[88.84418,23.51646],[88.84669,23.51826],[88.8507,23.51865],[88.85577,23.512],[88.85623,23.50977],[88.85905,23.50858],[88.85988,23.5069],[88.86183,23.50586]]]]}},{"type":"Feature","properties":{"district_id":"jashore","upazila_id":"jashore-bagherpara","source_name":"Bagherpara","source_pcode":"404109","match_method":"exact"},"geometry":{"type":"Polygon","coordinates":[[[89.25995,23.36752],[89.26778,23.36741],[89.27191,23.36474],[89.27705,23.36301],[89.27886,23.36117],[89.27541,23.35826],[89.27558,23.35436],[89.27863,23.35025],[89.28312,23.34619],[89.28608,23.34672],[89.28621,23.3379],[89.29042,23.33316],[89.29523,23.3303],[89.30129,23.32848],[89.30317,23.32394],[89.30825,23.31683],[89.31214,23.31703],[89.3156,23.32051],[89.31763,23.3205],[89.32041,23.31805],[89.32143,23.314],[89.3242,23.31076],[89.32528,23.30625],[89.32494,23.29596],[89.32689,23.29519],[89.33672,23.30001],[89.33965,23.29846],[89.34466,23.28786],[89.34356,23.2824],[89.34438,23.28077],[89.3474,23.281],[89.35208,23.28352],[89.36117,23.29091],[89.36466,23.29262],[89.36894,23.29727],[89.37147,23.29712],[89.37558,23.28472],[89.38401,23.282],[89.39425,23.27681],[89.40257,23.26861],[89.40929,23.26624],[89.41027,23.2634],[89.41351,23.26242],[89.41709,23.26257],[89.42163,23.25891],[89.4269,23.25242],[89.42136,23.24708],[89.41975,23.24319],[89.42342,23.23939],[89.42403,23.23633],[89.43106,23.23086],[89.42815,23.22759],[89.41814,23.22361],[89.41624,23.22088],[89.42199,23.21368],[89.41994,23.20729],[89.42072,23.20372],[89.41811,23.18796],[89.42027,23.18015],[89.41524,23.16947],[89.41508,23.16529],[89.40894,23.15991],[89.41076,23.15859],[89.41333,23.15826],[89.41309,23.15581],[89.40953,23.15314],[89.40762,23.15023],[89.40701,23.14762],[89.40827,23.14632],[89.41341,23.14498],[89.41676,23.14291],[89.41849,23.14062],[89.41622,23.13544],[89.4122,23.13444],[89.40855,23.13618],[89.40608,23.13587],[89.40302,23.13381],[89.40069,23.13396],[89.39799,23.13703],[89.39037,23.13795],[89.38772,23.13724],[89.377,23.13071],[89.37225,23.12986],[89.37073,23.13089],[89.3671,23.13125],[89.36098,23.12941],[89.35677,23.13117],[89.35432,23.12834],[89.35282,23.12491],[89.35617,23.12318],[89.3584,23.11801],[89.35834,23.11509],[89.35612,23.11494],[89.34991,23.11809],[89.34471,23.12189],[89.34173,23.12085],[89.33846,23.12315],[89.33774,23.12712],[89.33908,23.12948],[89.34238,23.12838],[89.34608,23.12876],[89.35022,23.12981],[89.35076,23.13202],[89.34348,23.13664],[89.33882,23.13755],[89.3353,23.13957],[89.33099,23.13962],[89.32526,23.14171],[89.32169,23.14162],[89.32125,23.1445],[89.32418,23.14879],[89.32396,23.1504],[89.32547,23.15184],[89.32576,23.154],[89.32207,23.16014],[89.32336,23.16261],[89.32542,23.16391],[89.33022,23.16105],[89.33366,23.16092],[89.33759,23.16318],[89.33693,23.16446],[89.32902,23.16847],[89.32697,23.17061],[89.32809,23.17692],[89.32598,23.17625],[89.31936,23.17134],[89.31538,23.16623],[89.31499,23.16292],[89.30815,23.1626],[89.30428,23.17098],[89.30213,23.17134],[89.30771,23.18825],[89.30578,23.18987],[89.30113,23.18843],[89.29896,23.19321],[89.29595,23.19692],[89.29149,23.19823],[89.2919,23.20325],[89.28974,23.20608],[89.29072,23.2085],[89.29633,23.21459],[89.29793,23.22066],[89.30223,23.2292],[89.29956,23.23101],[89.29649,23.22872],[89.2939,23.22819],[89.28519,23.22952],[89.27091,23.23285],[89.26801,23.23514],[89.26853,23.24559],[89.26558,23.24587],[89.2637,23.24731],[89.26347,23.26008],[89.26235,23.26556],[89.25571,23.26591],[89.25633,23.27213],[89.25458,23.27637],[89.25159,23.27808],[89.24778,23.2757],[89.24209,23.27447],[89.24432,23.278],[89.24418,23.28041],[89.24679,23.2842],[89.24886,23.28928],[89.25167,23.29078],[89.25034,23.29524],[89.24612,23.30037],[89.24238,23.30074],[89.23499,23.30706],[89.22799,23.31098],[89.22229,23.31233],[89.21894,23.3113],[89.21131,23.32096],[89.2119,23.323],[89.21503,23.32169],[89.21838,23.31722],[89.2203,23.31738],[89.22599,23.32181],[89.23206,23.32314],[89.2354,23.32136],[89.24444,23.32595],[89.24706,23.32804],[89.24805,23.33109],[89.24737,23.33392],[89.23866,23.33893],[89.23883,23.34104],[89.24057,23.34189],[89.24345,23.34076],[89.25422,23.34031],[89.25591,23.3414],[89.25487,23.357],[89.2573,23.36166],[89.25995,23.36752]]]}},{"type":"Feature","properties":{"district_id":"jashore","upazila_id":"jashore-chougachha","source_name":"Chaugachha","source_pcode":"404111","match_method":"unique-near"},"geometry":{"type":"Polygon","coordinates":[[[89.04636,23.37146],[89.04612,23.36489],[89.04337,23.36246],[89.04462,23.36048],[89.05849,23.35759],[89.06929,23.36168],[89.07058,23.36146],[89.07069,23.35705],[89.0728,23.35486],[89.07294,23.35246],[89.07126,23.34806],[89.06868,23.3455],[89.06322,23.34386],[89.05996,23.3406],[89.05693,23.33366],[89.05966,23.33162],[89.06352,23.33023],[89.06617,23.32699],[89.0671,23.32433],[89.06541,23.31946],[89.0686,23.31563],[89.06851,23.31094],[89.06694,23.30905],[89.0587,23.30316],[89.05624,23.30381],[89.04904,23.29731],[89.0487,23.29579],[89.05025,23.29292],[89.05708,23.29909],[89.06027,23.29847],[89.06976,23.30838],[89.07354,23.30985],[89.08157,23.31048],[89.08391,23.30755],[89.09696,23.30097],[89.10381,23.29478],[89.10596,23.29493],[89.10622,23.29841],[89.10846,23.29656],[89.10986,23.29239],[89.10792,23.28759],[89.10948,23.28558],[89.12373,23.27765],[89.13364,23.27421],[89.13148,23.26794],[89.13135,23.26073],[89.12696,23.26008],[89.12358,23.25711],[89.1213,23.25673],[89.11755,23.25795],[89.11425,23.25555],[89.10726,23.24429],[89.10999,23.24168],[89.10929,23.23787],[89.11235,23.23347],[89.11283,23.22968],[89.11461,23.22606],[89.11864,23.22489],[89.11949,23.22395],[89.11607,23.22224],[89.1151,23.21958],[89.11815,23.21827],[89.11874,23.21373],[89.11783,23.21124],[89.11546,23.20984],[89.11462,23.20123],[89.11213,23.19359],[89.11358,23.19188],[89.11118,23.18859],[89.1048,23.18389],[89.10217,23.1845],[89.09686,23.18937],[89.09912,23.19519],[89.09609,23.19472],[89.09248,23.18913],[89.08631,23.18843],[89.08185,23.18023],[89.07928,23.1782],[89.07719,23.17764],[89.06979,23.18099],[89.05766,23.17312],[89.04258,23.17644],[89.03978,23.17768],[89.03761,23.18022],[89.04405,23.18246],[89.047,23.18584],[89.05109,23.18742],[89.05286,23.18999],[89.05292,23.19268],[89.05654,23.19587],[89.0466,23.20366],[89.04176,23.20136],[89.03334,23.20228],[89.03111,23.2042],[89.03246,23.20792],[89.02982,23.21145],[89.02472,23.21489],[89.02319,23.21528],[89.01978,23.21105],[89.01051,23.21234],[89.00742,23.21485],[89.00464,23.21415],[88.99746,23.20878],[88.99203,23.2076],[88.98879,23.20771],[88.99412,23.20942],[88.9947,23.21236],[88.99016,23.21734],[88.97964,23.22205],[88.97583,23.22049],[88.96813,23.21185],[88.95715,23.20705],[88.95567,23.20432],[88.95176,23.20251],[88.93973,23.20519],[88.92871,23.21261],[88.92432,23.21239],[88.92086,23.20899],[88.91916,23.20831],[88.91428,23.21055],[88.9145,23.21326],[88.91766,23.21486],[88.91939,23.22053],[88.91925,23.22485],[88.91347,23.23],[88.90687,23.22934],[88.90149,23.22726],[88.88847,23.22712],[88.90028,23.23657],[88.90214,23.24418],[88.9009,23.24702],[88.90234,23.24932],[88.91068,23.25065],[88.91444,23.25],[88.91853,23.25158],[88.92068,23.25488],[88.91797,23.25869],[88.91403,23.25871],[88.91652,23.26349],[88.91959,23.26373],[88.92359,23.26663],[88.92654,23.27357],[88.92365,23.27367],[88.92124,23.27667],[88.91694,23.2771],[88.91711,23.28001],[88.90884,23.27875],[88.90993,23.28111],[88.91211,23.28235],[88.91889,23.28287],[88.92834,23.28101],[88.93934,23.28275],[88.94103,23.28458],[88.94628,23.28234],[88.95132,23.28132],[88.9595,23.28104],[88.96068,23.27801],[88.96745,23.2747],[88.97047,23.27477],[88.97519,23.2801],[88.97785,23.28104],[88.98506,23.28045],[88.98815,23.28172],[88.99244,23.2806],[88.9954,23.28388],[88.99661,23.2867],[88.99446,23.29335],[88.99061,23.2949],[88.98746,23.29159],[88.98657,23.29311],[88.98727,23.298],[88.98308,23.29757],[88.97507,23.30048],[88.97289,23.29947],[88.97272,23.30348],[88.96915,23.30394],[88.97038,23.30654],[88.97281,23.30846],[88.97404,23.31156],[88.97362,23.31884],[88.97009,23.32177],[88.96905,23.32535],[88.97079,23.32941],[88.97778,23.3345],[88.98669,23.34341],[88.99165,23.34164],[88.99955,23.34257],[89.00953,23.3424],[89.01552,23.33984],[89.02099,23.3424],[89.02101,23.34669],[89.02321,23.34902],[89.03461,23.35298],[89.03947,23.35241],[89.0391,23.3554],[89.03606,23.35756],[89.03175,23.35743],[89.02441,23.36375],[89.02074,23.36868],[89.02641,23.37209],[89.02805,23.37049],[89.03035,23.37173],[89.033,23.37535],[89.03546,23.37516],[89.0384,23.37374],[89.03902,23.3712],[89.04081,23.37102],[89.04387,23.37309],[89.04636,23.37146]]]}},{"type":"Feature","properties":{"district_id":"jashore","upazila_id":"jashore-jashore-sadar","source_name":"Jessore S.","source_pcode":"404191","match_method":"unique-near"},"geometry":{"type":"Polygon","coordinates":[[[89.21131,23.32096],[89.21894,23.3113],[89.22229,23.31233],[89.22799,23.31098],[89.23499,23.30706],[89.24238,23.30074],[89.24612,23.30037],[89.25034,23.29524],[89.25167,23.29078],[89.24886,23.28928],[89.24679,23.2842],[89.24418,23.28041],[89.24432,23.278],[89.24209,23.27447],[89.24778,23.2757],[89.25159,23.27808],[89.25458,23.27637],[89.25633,23.27213],[89.25571,23.26591],[89.26235,23.26556],[89.26347,23.26008],[89.2637,23.24731],[89.26558,23.24587],[89.26853,23.24559],[89.26801,23.23514],[89.27091,23.23285],[89.28519,23.22952],[89.2939,23.22819],[89.29649,23.22872],[89.29956,23.23101],[89.30223,23.2292],[89.29793,23.22066],[89.29633,23.21459],[89.29072,23.2085],[89.28974,23.20608],[89.2919,23.20325],[89.29149,23.19823],[89.29595,23.19692],[89.29896,23.19321],[89.30113,23.18843],[89.30578,23.18987],[89.30771,23.18825],[89.30213,23.17134],[89.30428,23.17098],[89.30815,23.1626],[89.31499,23.16292],[89.31538,23.16623],[89.31936,23.17134],[89.32598,23.17625],[89.32809,23.17692],[89.32697,23.17061],[89.32902,23.16847],[89.33693,23.16446],[89.33759,23.16318],[89.33366,23.16092],[89.33022,23.16105],[89.32542,23.16391],[89.32336,23.16261],[89.32207,23.16014],[89.32576,23.154],[89.32547,23.15184],[89.32396,23.1504],[89.32418,23.14879],[89.32125,23.1445],[89.32169,23.14162],[89.32526,23.14171],[89.33099,23.13962],[89.3353,23.13957],[89.33882,23.13755],[89.34348,23.13664],[89.35076,23.13202],[89.35022,23.12981],[89.34608,23.12876],[89.34238,23.12838],[89.33908,23.12948],[89.33774,23.12712],[89.33846,23.12315],[89.34173,23.12085],[89.34471,23.12189],[89.34991,23.11809],[89.35612,23.11494],[89.35834,23.11509],[89.3584,23.11801],[89.35617,23.12318],[89.35282,23.12491],[89.35432,23.12834],[89.35677,23.13117],[89.36098,23.12941],[89.3671,23.13125],[89.37073,23.13089],[89.37225,23.12986],[89.377,23.13071],[89.38294,23.12116],[89.38862,23.10218],[89.38793,23.09585],[89.38247,23.08209],[89.37914,23.08182],[89.37602,23.08497],[89.37912,23.0893],[89.37951,23.09268],[89.37542,23.09472],[89.36945,23.09436],[89.3641,23.10561],[89.36211,23.1074],[89.35804,23.1072],[89.3537,23.10822],[89.34987,23.10762],[89.34789,23.09802],[89.34478,23.09361],[89.34119,23.09236],[89.33825,23.09323],[89.32401,23.09409],[89.32086,23.09363],[89.31536,23.09515],[89.31232,23.09412],[89.31012,23.0946],[89.3069,23.09369],[89.30526,23.09168],[89.3058,23.08817],[89.29834,23.08415],[89.29455,23.08498],[89.29021,23.0892],[89.28693,23.09115],[89.27903,23.09264],[89.27682,23.09581],[89.27509,23.10119],[89.27232,23.10433],[89.26914,23.10439],[89.26284,23.09781],[89.26254,23.09514],[89.2606,23.09342],[89.24852,23.08928],[89.2406,23.08975],[89.23866,23.09134],[89.23528,23.09085],[89.2337,23.0857],[89.23051,23.08621],[89.229,23.08787],[89.22672,23.08749],[89.21996,23.08121],[89.21931,23.07654],[89.21478,23.07115],[89.21146,23.0715],[89.21156,23.0739],[89.2086,23.07607],[89.21065,23.08027],[89.21103,23.08416],[89.20949,23.08673],[89.20713,23.08882],[89.2056,23.09208],[89.20363,23.09209],[89.20064,23.0898],[89.2002,23.09279],[89.19894,23.09375],[89.18945,23.09334],[89.18659,23.09184],[89.18523,23.08812],[89.18349,23.08726],[89.1769,23.09299],[89.17693,23.09762],[89.17371,23.09619],[89.17162,23.09318],[89.16809,23.09405],[89.15951,23.08691],[89.15232,23.08419],[89.1566,23.0924],[89.15622,23.09464],[89.15229,23.0981],[89.1516,23.10104],[89.15066,23.10594],[89.15312,23.10934],[89.1528,23.1117],[89.14666,23.11214],[89.13625,23.11429],[89.131,23.12305],[89.13351,23.1252],[89.13883,23.12713],[89.13974,23.12944],[89.1372,23.13142],[89.13052,23.13286],[89.12509,23.13202],[89.12119,23.13387],[89.11755,23.13949],[89.11241,23.1379],[89.11064,23.14185],[89.10934,23.15104],[89.10761,23.15701],[89.10786,23.16032],[89.10351,23.16425],[89.10592,23.17132],[89.10389,23.17442],[89.1048,23.18389],[89.11118,23.18859],[89.11358,23.19188],[89.11213,23.19359],[89.11462,23.20123],[89.11546,23.20984],[89.11783,23.21124],[89.11874,23.21373],[89.11815,23.21827],[89.1151,23.21958],[89.11607,23.22224],[89.11949,23.22395],[89.11864,23.22489],[89.11461,23.22606],[89.11283,23.22968],[89.11235,23.23347],[89.10929,23.23787],[89.10999,23.24168],[89.10726,23.24429],[89.11425,23.25555],[89.11755,23.25795],[89.1213,23.25673],[89.12358,23.25711],[89.12696,23.26008],[89.13135,23.26073],[89.13148,23.26794],[89.13364,23.27421],[89.13667,23.27744],[89.14676,23.27427],[89.14826,23.28188],[89.15333,23.28558],[89.1563,23.28331],[89.16404,23.28218],[89.16879,23.28276],[89.17352,23.28831],[89.17588,23.2896],[89.18263,23.28839],[89.20008,23.28914],[89.20228,23.29113],[89.20487,23.29464],[89.2058,23.29752],[89.20926,23.30145],[89.21018,23.30451],[89.20768,23.30924],[89.20946,23.31457],[89.21131,23.32096]]]}},{"type":"Feature","properties":{"district_id":"jashore","upazila_id":"jashore-jhikargacha","source_name":"Jhikargachha","source_pcode":"404123","match_method":"unique-near"},"geometry":{"type":"Polygon","coordinates":[[[89.1048,23.18389],[89.10389,23.17442],[89.10592,23.17132],[89.10351,23.16425],[89.10786,23.16032],[89.10761,23.15701],[89.10934,23.15104],[89.11064,23.14185],[89.11241,23.1379],[89.11755,23.13949],[89.12119,23.13387],[89.12509,23.13202],[89.13052,23.13286],[89.1372,23.13142],[89.13974,23.12944],[89.13883,23.12713],[89.13351,23.1252],[89.131,23.12305],[89.13159,23.12143],[89.13625,23.11429],[89.14666,23.11214],[89.1528,23.1117],[89.15312,23.10934],[89.15066,23.10594],[89.1516,23.10104],[89.15229,23.0981],[89.15622,23.09464],[89.1566,23.0924],[89.15232,23.08419],[89.14863,23.0901],[89.14636,23.09053],[89.13802,23.0887],[89.12914,23.09032],[89.12622,23.08895],[89.12266,23.08867],[89.11646,23.08963],[89.11507,23.08808],[89.11427,23.08433],[89.11502,23.07881],[89.11398,23.06632],[89.11226,23.063],[89.10517,23.05593],[89.09944,23.04846],[89.09928,23.04372],[89.1032,23.03597],[89.1028,23.03461],[89.09623,23.03181],[89.0901,23.02332],[89.08318,23.01813],[89.07301,23.00349],[89.0712,22.99206],[89.07318,22.98318],[89.07682,22.98059],[89.07969,22.9798],[89.08519,22.98126],[89.10501,22.99322],[89.10908,22.99388],[89.11121,22.99323],[89.11405,22.9905],[89.11802,22.98928],[89.12153,22.98978],[89.12177,22.9765],[89.12013,22.97461],[89.11247,22.97551],[89.11046,22.97306],[89.11035,22.96734],[89.10553,22.96591],[89.0983,22.96708],[89.09523,22.96679],[89.09469,22.96457],[89.09587,22.9616],[89.09518,22.95798],[89.09027,22.9546],[89.08849,22.9518],[89.08451,22.94879],[89.08274,22.94634],[89.08116,22.94027],[89.08025,22.94123],[89.07683,22.93899],[89.07349,22.93488],[89.06003,22.93723],[89.05431,22.93343],[89.04909,22.93309],[89.04727,22.93493],[89.04826,22.94474],[89.04547,22.9438],[89.03963,22.93291],[89.03557,22.93641],[89.02605,22.93973],[89.01567,22.94907],[89.00443,22.94917],[88.99588,22.94832],[88.98985,22.96082],[88.98893,22.96761],[88.98543,22.97803],[88.98547,22.98037],[88.98676,22.98347],[88.99133,22.98818],[88.99186,22.99016],[88.9904,22.99817],[88.99326,22.99979],[88.99815,22.9991],[89.00089,23.00027],[89.00365,23.0036],[89.0042,23.00633],[89.00256,23.01091],[89.0042,23.01371],[89.00566,23.01926],[89.00828,23.02141],[89.01006,23.02415],[89.01049,23.02814],[89.00597,23.03271],[89.0043,23.03557],[89.00542,23.04314],[89.00518,23.04658],[89.00673,23.0507],[89.00677,23.05306],[89.00352,23.06014],[89.00359,23.06391],[89.00607,23.06497],[89.00268,23.07752],[89.00363,23.07913],[89.00414,23.08341],[89.00366,23.09092],[89.00642,23.09363],[89.00726,23.09572],[89.00388,23.09578],[89.00069,23.09692],[88.99763,23.10057],[88.9986,23.10357],[89.00113,23.10703],[89.00368,23.10883],[89.00983,23.10897],[89.01196,23.11078],[89.01012,23.11811],[89.01134,23.1203],[89.01086,23.12438],[89.00649,23.13454],[89.00739,23.13674],[89.01537,23.14196],[89.0097,23.14862],[89.00661,23.14793],[89.00403,23.14418],[89.00176,23.1446],[88.99655,23.15251],[88.99837,23.15427],[88.99796,23.15583],[89.00072,23.15826],[88.99969,23.16304],[89.00308,23.16659],[89.00381,23.16953],[89.00798,23.17168],[89.00956,23.17426],[89.00588,23.18744],[89.00621,23.19275],[89.00842,23.1957],[89.00779,23.19818],[89.00423,23.19848],[88.99924,23.20494],[88.99203,23.2076],[88.99746,23.20878],[89.00464,23.21415],[89.00742,23.21485],[89.01051,23.21234],[89.01978,23.21105],[89.02319,23.21528],[89.02982,23.21145],[89.03246,23.20792],[89.03111,23.2042],[89.03334,23.20228],[89.04176,23.20136],[89.0466,23.20366],[89.05654,23.19587],[89.05292,23.19268],[89.05286,23.18999],[89.05109,23.18742],[89.047,23.18584],[89.04405,23.18246],[89.03761,23.18022],[89.03978,23.17768],[89.04258,23.17644],[89.05766,23.17312],[89.06979,23.18099],[89.07719,23.17764],[89.07928,23.1782],[89.08185,23.18023],[89.08631,23.18843],[89.09248,23.18913],[89.09609,23.19472],[89.09912,23.19519],[89.09686,23.18937],[89.10217,23.1845],[89.1048,23.18389]]]}},{"type":"Feature","properties":{"district_id":"jashore","upazila_id":"jashore-keshabpur","source_name":"Keshabpur","source_pcode":"404138","match_method":"exact"},"geometry":{"type":"Polygon","coordinates":[[[89.34661,22.91862],[89.34534,22.91714],[89.34477,22.9148],[89.34675,22.90831],[89.35036,22.90541],[89.35227,22.90157],[89.35352,22.89682],[89.3606,22.88022],[89.36055,22.87844],[89.35862,22.87584],[89.35521,22.87407],[89.3523,22.87061],[89.35153,22.86757],[89.35381,22.86563],[89.35869,22.86337],[89.36013,22.85805],[89.35835,22.85483],[89.35822,22.8516],[89.35599,22.84879],[89.35408,22.84229],[89.35506,22.83574],[89.35393,22.83337],[89.35072,22.8312],[89.34016,22.82639],[89.33048,22.82416],[89.32761,22.82508],[89.32585,22.82811],[89.32868,22.83046],[89.33118,22.83467],[89.32844,22.83793],[89.31056,22.84088],[89.30231,22.84114],[89.29994,22.8424],[89.29854,22.84335],[89.30007,22.84571],[89.30711,22.84746],[89.31111,22.85127],[89.30397,22.85281],[89.3014,22.8523],[89.29794,22.8544],[89.29498,22.85838],[89.29216,22.85988],[89.29074,22.85911],[89.28918,22.85453],[89.28893,22.84966],[89.28754,22.84838],[89.28561,22.84802],[89.28281,22.84912],[89.28211,22.8505],[89.2795,22.85195],[89.27731,22.85132],[89.27642,22.8495],[89.27162,22.8484],[89.27026,22.84659],[89.27133,22.84427],[89.27126,22.83956],[89.26861,22.83962],[89.25949,22.84436],[89.25729,22.84459],[89.25393,22.84174],[89.25225,22.83655],[89.25063,22.83599],[89.24979,22.83465],[89.23942,22.83201],[89.23698,22.82879],[89.23582,22.82485],[89.22366,22.81956],[89.21804,22.81923],[89.21535,22.81561],[89.21204,22.81648],[89.20382,22.81104],[89.19781,22.81004],[89.1921,22.81308],[89.18958,22.81343],[89.18388,22.81201],[89.18049,22.81474],[89.17533,22.81496],[89.17287,22.81277],[89.17219,22.81049],[89.16984,22.81009],[89.16547,22.80191],[89.16216,22.8001],[89.16256,22.79674],[89.15518,22.79277],[89.14993,22.79254],[89.14838,22.79792],[89.14573,22.7985],[89.14538,22.80385],[89.15576,22.80914],[89.1589,22.81142],[89.16142,22.81585],[89.16254,22.81582],[89.16301,22.82179],[89.16144,22.82545],[89.15894,22.82602],[89.1526,22.83076],[89.15147,22.83049],[89.15107,22.82924],[89.15111,22.82608],[89.14758,22.82591],[89.14671,22.82514],[89.14246,22.82546],[89.14103,22.82657],[89.13908,22.83119],[89.13064,22.8387],[89.12695,22.84495],[89.12373,22.85307],[89.12409,22.85586],[89.12973,22.87105],[89.12997,22.87431],[89.12747,22.87817],[89.12308,22.88244],[89.11235,22.88946],[89.11137,22.89264],[89.11555,22.90268],[89.11819,22.90579],[89.12144,22.90607],[89.12321,22.9051],[89.12664,22.90143],[89.13506,22.89587],[89.13957,22.89428],[89.1423,22.89551],[89.14133,22.9028],[89.13219,22.92217],[89.14545,22.92193],[89.15138,22.9236],[89.15117,22.92517],[89.14917,22.92678],[89.15076,22.9297],[89.14931,22.93404],[89.15257,22.93427],[89.15638,22.93116],[89.15974,22.93035],[89.15856,22.93589],[89.15919,22.93701],[89.16207,22.93622],[89.16518,22.93222],[89.16999,22.93005],[89.17249,22.93196],[89.17552,22.93643],[89.18134,22.93519],[89.18559,22.93338],[89.1892,22.9356],[89.19341,22.93413],[89.19873,22.93623],[89.20181,22.93641],[89.20319,22.93853],[89.2056,22.93896],[89.20957,22.9379],[89.2121,22.93535],[89.21442,22.9351],[89.22209,22.94386],[89.22389,22.94448],[89.22704,22.94237],[89.229,22.93932],[89.229,22.93583],[89.22996,22.93539],[89.23161,22.93768],[89.23332,22.93733],[89.23536,22.93474],[89.24148,22.93069],[89.24667,22.93216],[89.24461,22.93693],[89.24568,22.93815],[89.25375,22.93951],[89.25828,22.94124],[89.27409,22.94278],[89.27723,22.94015],[89.28115,22.93406],[89.28374,22.93179],[89.28984,22.93237],[89.29385,22.93044],[89.29925,22.93025],[89.30254,22.92927],[89.30885,22.92235],[89.31964,22.91869],[89.32626,22.91547],[89.33352,22.91864],[89.34661,22.91862]]]}},{"type":"Feature","properties":{"district_id":"jashore","upazila_id":"jashore-manirampur","source_name":"Manirampur","source_pcode":"404161","match_method":"exact"},"geometry":{"type":"Polygon","coordinates":[[[89.3058,23.08817],[89.31351,23.08309],[89.31134,23.07647],[89.31217,23.07232],[89.31736,23.06772],[89.31403,23.06733],[89.31627,23.05958],[89.3197,23.05333],[89.32614,23.04949],[89.32605,23.04223],[89.32961,23.03918],[89.33084,23.03644],[89.32925,23.03095],[89.32792,23.02905],[89.33143,23.02641],[89.33219,23.02432],[89.33511,23.02295],[89.33711,23.01899],[89.33554,22.99622],[89.336,22.99247],[89.33724,22.99032],[89.33905,22.99174],[89.33989,23.00543],[89.34215,23.00719],[89.34545,23.00678],[89.34646,23.00749],[89.34783,23.0115],[89.35064,23.01351],[89.35432,23.01258],[89.35632,23.00907],[89.35488,22.99922],[89.3569,22.97832],[89.35992,22.97312],[89.36544,22.96736],[89.36752,22.9638],[89.3683,22.95993],[89.36568,22.95539],[89.36427,22.95012],[89.36044,22.94552],[89.35907,22.94219],[89.3604,22.93808],[89.35928,22.93486],[89.35341,22.93284],[89.35349,22.92855],[89.35759,22.92063],[89.34661,22.91862],[89.33352,22.91864],[89.32626,22.91547],[89.31964,22.91869],[89.30885,22.92235],[89.30254,22.92927],[89.29925,22.93025],[89.29385,22.93044],[89.28984,22.93237],[89.28374,22.93179],[89.28115,22.93406],[89.27723,22.94015],[89.27409,22.94278],[89.25828,22.94124],[89.25375,22.93951],[89.24568,22.93815],[89.24461,22.93693],[89.24667,22.93216],[89.24148,22.93069],[89.23536,22.93474],[89.23332,22.93733],[89.23161,22.93768],[89.22996,22.93539],[89.229,22.93583],[89.229,22.93932],[89.22704,22.94237],[89.22389,22.94448],[89.22209,22.94386],[89.21442,22.9351],[89.2121,22.93535],[89.20957,22.9379],[89.2056,22.93896],[89.20319,22.93853],[89.20181,22.93641],[89.19873,22.93623],[89.19341,22.93413],[89.1892,22.9356],[89.18559,22.93338],[89.18134,22.93519],[89.17552,22.93643],[89.17249,22.93196],[89.16999,22.93005],[89.16518,22.93222],[89.16207,22.93622],[89.15919,22.93701],[89.15856,22.93589],[89.15974,22.93035],[89.15638,22.93116],[89.15257,22.93427],[89.14931,22.93404],[89.15076,22.9297],[89.14917,22.92678],[89.15117,22.92517],[89.15138,22.9236],[89.14545,22.92193],[89.13219,22.92217],[89.12796,22.92862],[89.12257,22.93207],[89.11363,22.93587],[89.11187,22.93805],[89.11161,22.94046],[89.11314,22.94281],[89.11636,22.94453],[89.11695,22.94674],[89.11599,22.94786],[89.1105,22.94674],[89.10613,22.94295],[89.10164,22.94225],[89.1013,22.94077],[89.10864,22.93588],[89.10928,22.93385],[89.10834,22.92976],[89.10583,22.92751],[89.09566,22.92821],[89.08866,22.93177],[89.08116,22.94027],[89.08274,22.94634],[89.08451,22.94879],[89.08849,22.9518],[89.09027,22.9546],[89.09518,22.95798],[89.09587,22.9616],[89.09469,22.96457],[89.09523,22.96679],[89.0983,22.96708],[89.10553,22.96591],[89.11035,22.96734],[89.11046,22.97306],[89.11247,22.97551],[89.12013,22.97461],[89.12177,22.9765],[89.12153,22.98978],[89.11802,22.98928],[89.11405,22.9905],[89.11121,22.99323],[89.10908,22.99388],[89.10501,22.99322],[89.08519,22.98126],[89.07969,22.9798],[89.07682,22.98059],[89.07318,22.98318],[89.0712,22.99206],[89.07301,23.00349],[89.08318,23.01813],[89.0901,23.02332],[89.09623,23.03181],[89.1028,23.03461],[89.1032,23.03597],[89.09928,23.04372],[89.09944,23.04846],[89.10517,23.05593],[89.11226,23.063],[89.11398,23.06632],[89.11502,23.07881],[89.11427,23.08433],[89.11507,23.08808],[89.11646,23.08963],[89.12266,23.08867],[89.12622,23.08895],[89.12914,23.09032],[89.13802,23.0887],[89.14636,23.09053],[89.14863,23.0901],[89.15232,23.08419],[89.15951,23.08691],[89.16809,23.09405],[89.17162,23.09318],[89.17371,23.09619],[89.17693,23.09762],[89.1769,23.09299],[89.18349,23.08726],[89.18523,23.08812],[89.18659,23.09184],[89.18945,23.09334],[89.19894,23.09375],[89.2002,23.09279],[89.20064,23.0898],[89.20363,23.09209],[89.2056,23.09208],[89.20713,23.08882],[89.20949,23.08673],[89.21103,23.08416],[89.21065,23.08027],[89.2086,23.07607],[89.21156,23.0739],[89.21146,23.0715],[89.21478,23.07115],[89.21931,23.07654],[89.21996,23.08121],[89.22672,23.08749],[89.229,23.08787],[89.23051,23.08621],[89.2337,23.0857],[89.23528,23.09085],[89.23866,23.09134],[89.2406,23.08975],[89.24852,23.08928],[89.2606,23.09342],[89.26254,23.09514],[89.26284,23.09781],[89.26914,23.10439],[89.27232,23.10433],[89.27509,23.10119],[89.27682,23.09581],[89.27903,23.09264],[89.28693,23.09115],[89.29021,23.0892],[89.29455,23.08498],[89.29834,23.08415],[89.3058,23.08817]]]}},{"type":"Feature","properties":{"district_id":"jashore","upazila_id":"jashore-sharsha","source_name":"Sharsha","source_pcode":"404190","match_method":"exact"},"geometry":{"type":"Polygon","coordinates":[[[88.99203,23.2076],[88.99924,23.20494],[89.00423,23.19848],[89.00779,23.19818],[89.00842,23.1957],[89.00621,23.19275],[89.00588,23.18744],[89.00956,23.17426],[89.00798,23.17168],[89.00381,23.16953],[89.00308,23.16659],[88.99969,23.16304],[89.00072,23.15826],[88.99796,23.15583],[88.99837,23.15427],[88.99655,23.15251],[89.00176,23.1446],[89.00403,23.14418],[89.00661,23.14793],[89.0097,23.14862],[89.01537,23.14196],[89.00739,23.13674],[89.00649,23.13454],[89.01086,23.12438],[89.01134,23.1203],[89.01012,23.11811],[89.01196,23.11078],[89.00983,23.10897],[89.00368,23.10883],[89.00113,23.10703],[88.9986,23.10357],[88.99763,23.10057],[89.00069,23.09692],[89.00388,23.09578],[89.00726,23.09572],[89.00642,23.09363],[89.00366,23.09092],[89.00414,23.08341],[89.00363,23.07913],[89.00268,23.07752],[89.00607,23.06497],[89.00359,23.06391],[89.00352,23.06014],[89.00677,23.05306],[89.00673,23.0507],[89.00518,23.04658],[89.00542,23.04314],[89.0043,23.03557],[89.00597,23.03271],[89.01049,23.02814],[89.01006,23.02415],[89.00828,23.02141],[89.00566,23.01926],[89.0042,23.01371],[89.00256,23.01091],[89.0042,23.00633],[89.00365,23.0036],[89.00089,23.00027],[88.99815,22.9991],[88.99326,22.99979],[88.9904,22.99817],[88.99186,22.99016],[88.99133,22.98818],[88.98676,22.98347],[88.98547,22.98037],[88.98543,22.97803],[88.98893,22.96761],[88.98985,22.96082],[88.99588,22.94832],[88.98923,22.947],[88.98865,22.9456],[88.98862,22.94433],[88.99276,22.93641],[88.99218,22.93065],[88.99367,22.92791],[88.9938,22.9223],[88.99086,22.9223],[88.98326,22.92626],[88.98035,22.92545],[88.97884,22.92287],[88.97692,22.92196],[88.96999,22.92609],[88.96857,22.92557],[88.9653,22.91795],[88.96328,22.91791],[88.96017,22.91944],[88.95458,22.92604],[88.95181,22.92596],[88.94804,22.92398],[88.94677,22.92196],[88.94479,22.92105],[88.94215,22.92109],[88.93892,22.91897],[88.93735,22.92022],[88.93359,22.92664],[88.93102,22.92678],[88.92859,22.92498],[88.9268,22.92149],[88.92415,22.92054],[88.92049,22.92172],[88.9195,22.92494],[88.92209,22.92892],[88.9222,22.93166],[88.91944,22.93175],[88.91666,22.93082],[88.91291,22.92711],[88.91046,22.92884],[88.90772,22.92803],[88.90621,22.92717],[88.90601,22.92588],[88.90326,22.9233],[88.89699,22.92674],[88.89625,22.93306],[88.89768,22.94167],[88.89729,22.94849],[88.89545,22.95051],[88.89178,22.95208],[88.88811,22.95215],[88.8754,22.95044],[88.8652,22.95296],[88.86147,22.95515],[88.86218,22.96035],[88.8673,22.96512],[88.8678,22.96786],[88.86874,22.96878],[88.8692,22.98053],[88.86797,22.9896],[88.86208,22.99411],[88.86136,22.99569],[88.84832,23.00108],[88.84673,23.00243],[88.84778,23.00549],[88.85323,23.00699],[88.86497,23.00272],[88.87035,23.00162],[88.87341,23.00434],[88.87375,23.00978],[88.87176,23.01474],[88.872,23.01838],[88.87348,23.02223],[88.87846,23.02905],[88.8793,23.03945],[88.87474,23.04579],[88.87409,23.05642],[88.87312,23.06049],[88.86868,23.06457],[88.86648,23.06886],[88.86646,23.0788],[88.86812,23.08223],[88.87108,23.08451],[88.87145,23.08586],[88.87082,23.08947],[88.86934,23.09151],[88.86957,23.09536],[88.87421,23.09765],[88.8791,23.09744],[88.88107,23.09833],[88.88422,23.1047],[88.8858,23.1056],[88.89132,23.10291],[88.89745,23.10608],[88.905,23.1154],[88.90804,23.12153],[88.91133,23.12356],[88.91821,23.12451],[88.92087,23.1261],[88.92269,23.13948],[88.92571,23.14015],[88.92867,23.13857],[88.93135,23.13858],[88.9306,23.14536],[88.93115,23.15239],[88.93731,23.16826],[88.94553,23.17366],[88.94889,23.17508],[88.95405,23.17578],[88.9555,23.17717],[88.9566,23.18168],[88.95966,23.18374],[88.96157,23.18987],[88.96342,23.19099],[88.96869,23.19214],[88.97427,23.18901],[88.97482,23.18739],[88.97605,23.18673],[88.97752,23.1822],[88.98,23.18107],[88.98196,23.18129],[88.98239,23.19038],[88.98569,23.19492],[88.98972,23.19809],[88.98947,23.19967],[88.98677,23.20239],[88.98674,23.20475],[88.98757,23.20692],[88.98879,23.20771],[88.99203,23.2076]]]}},{"type":"Feature","properties":{"district_id":"jhenaidah","upazila_id":"jhenaidah-harinakundu","source_name":"Harinakunda","source_pcode":"404414","match_method":"unique-near"},"geometry":{"type":"Polygon","coordinates":[[[89.1245,23.69117],[89.12782,23.68664],[89.12875,23.68088],[89.12505,23.67798],[89.11698,23.67575],[89.11427,23.67315],[89.1131,23.66695],[89.11494,23.66277],[89.11834,23.66041],[89.12524,23.65931],[89.12988,23.65297],[89.13461,23.64919],[89.14479,23.64414],[89.15222,23.64239],[89.15334,23.64028],[89.14891,23.63146],[89.14816,23.6276],[89.15008,23.62495],[89.15748,23.62126],[89.16067,23.61084],[89.16183,23.60972],[89.1653,23.61406],[89.1662,23.61242],[89.16643,23.60531],[89.1672,23.60414],[89.17324,23.60353],[89.18108,23.60674],[89.1818,23.60546],[89.17941,23.60291],[89.17335,23.59963],[89.17188,23.59367],[89.17372,23.59017],[89.17664,23.58766],[89.18336,23.58485],[89.18211,23.57482],[89.18136,23.57376],[89.17429,23.57212],[89.17366,23.57478],[89.1746,23.57858],[89.1745,23.58265],[89.16549,23.58634],[89.16119,23.58707],[89.1587,23.5863],[89.15472,23.57882],[89.15234,23.57673],[89.14835,23.5751],[89.14762,23.57238],[89.14861,23.56925],[89.14844,23.56685],[89.146,23.5619],[89.14696,23.55837],[89.14196,23.55443],[89.13631,23.55268],[89.133,23.5595],[89.1321,23.56485],[89.13,23.56744],[89.12992,23.5734],[89.12826,23.57346],[89.12595,23.56593],[89.12614,23.5567],[89.12807,23.55395],[89.12798,23.54948],[89.1257,23.54727],[89.12113,23.5464],[89.1172,23.55032],[89.11548,23.55736],[89.1113,23.55808],[89.10632,23.56232],[89.10811,23.56581],[89.11088,23.56851],[89.10942,23.5696],[89.10186,23.56831],[89.10514,23.57804],[89.10519,23.58068],[89.10229,23.58095],[89.0994,23.57825],[89.09293,23.5755],[89.09243,23.5786],[89.08979,23.58259],[89.08422,23.58507],[89.08051,23.58486],[89.07582,23.58822],[89.07088,23.58794],[89.06721,23.58995],[89.06218,23.58835],[89.05853,23.58436],[89.05996,23.58173],[89.05785,23.57494],[89.05495,23.57126],[89.05216,23.57445],[89.04343,23.57635],[89.04058,23.58223],[89.04735,23.58773],[89.05242,23.588],[89.05425,23.59349],[89.05103,23.59612],[89.04811,23.59542],[89.0448,23.5933],[89.03684,23.58368],[89.03449,23.57683],[89.03545,23.56833],[89.03468,23.56681],[89.02737,23.56591],[89.01724,23.56895],[89.01773,23.57186],[89.01344,23.58024],[89.00884,23.57863],[89.00355,23.57881],[88.9987,23.57766],[88.99564,23.57879],[88.98987,23.57384],[88.98943,23.57964],[88.99003,23.58249],[88.9936,23.58905],[89.00108,23.59938],[89.00358,23.60085],[89.00519,23.59781],[89.0089,23.60461],[89.01151,23.61569],[89.01502,23.62226],[89.01642,23.62759],[89.01456,23.63378],[89.01168,23.63846],[89.01116,23.64065],[89.01334,23.64155],[89.01501,23.64453],[89.01962,23.65628],[89.01867,23.65906],[89.01667,23.66119],[89.01237,23.66272],[89.0112,23.66899],[89.01398,23.67593],[89.01299,23.692],[89.0196,23.70871],[89.02325,23.70212],[89.03114,23.69469],[89.03811,23.69056],[89.04119,23.69045],[89.04619,23.69343],[89.04871,23.69603],[89.05424,23.70718],[89.05701,23.71006],[89.0585,23.71361],[89.05675,23.7155],[89.04784,23.71856],[89.0446,23.72085],[89.04464,23.72239],[89.04652,23.72404],[89.05266,23.72481],[89.05627,23.72273],[89.06191,23.71739],[89.06487,23.71718],[89.07232,23.71891],[89.08015,23.72408],[89.08001,23.72655],[89.07814,23.72879],[89.06919,23.73282],[89.06606,23.73739],[89.06023,23.75597],[89.05974,23.75955],[89.06031,23.76364],[89.06235,23.76666],[89.0692,23.76923],[89.0771,23.76844],[89.07874,23.76678],[89.07806,23.76354],[89.07496,23.75672],[89.07595,23.75377],[89.07947,23.7533],[89.08797,23.75467],[89.08957,23.75432],[89.09083,23.75251],[89.0877,23.74449],[89.0881,23.74218],[89.09837,23.73936],[89.1013,23.73766],[89.1028,23.73532],[89.10196,23.73008],[89.10232,23.7264],[89.10438,23.72421],[89.10726,23.72308],[89.11079,23.72319],[89.11694,23.73116],[89.12115,23.73141],[89.1239,23.72702],[89.12351,23.72292],[89.12234,23.71695],[89.11781,23.70583],[89.11915,23.69857],[89.12185,23.69458],[89.1245,23.69117]]]}},{"type":"Feature","properties":{"district_id":"jhenaidah","upazila_id":"jhenaidah-jhenaidah-sadar","source_name":"Jhenaidaha S.","source_pcode":"404419","match_method":"unique-near"},"geometry":{"type":"Polygon","coordinates":[[[89.18336,23.58485],[89.18777,23.5855],[89.19434,23.58068],[89.19601,23.58142],[89.19316,23.59315],[89.19447,23.59665],[89.20645,23.58781],[89.20954,23.58174],[89.21828,23.58642],[89.22203,23.58576],[89.23193,23.58049],[89.23515,23.57808],[89.23247,23.57354],[89.23277,23.57044],[89.23648,23.56756],[89.24004,23.5668],[89.25565,23.56887],[89.25838,23.56969],[89.26264,23.57297],[89.27168,23.57413],[89.27343,23.57539],[89.27446,23.57741],[89.27052,23.58076],[89.27043,23.58225],[89.27341,23.58357],[89.27551,23.58361],[89.27814,23.58775],[89.28055,23.58818],[89.2938,23.58386],[89.29881,23.58134],[89.30141,23.58187],[89.30405,23.58097],[89.30492,23.5786],[89.30238,23.57525],[89.30273,23.57438],[89.3048,23.57317],[89.30724,23.57456],[89.3098,23.56995],[89.31303,23.56794],[89.31638,23.56885],[89.31699,23.56522],[89.31898,23.5632],[89.32515,23.55989],[89.32028,23.55165],[89.31576,23.54781],[89.31589,23.53927],[89.3086,23.53313],[89.30831,23.5308],[89.30562,23.52654],[89.30511,23.51969],[89.30795,23.51695],[89.30962,23.51357],[89.3056,23.50759],[89.30883,23.50581],[89.31116,23.50556],[89.31248,23.50059],[89.31,23.49678],[89.30283,23.49601],[89.30264,23.49344],[89.30586,23.49098],[89.30939,23.48312],[89.30902,23.46804],[89.30647,23.46131],[89.3062,23.45113],[89.30245,23.45212],[89.30058,23.45122],[89.30207,23.44853],[89.29922,23.44766],[89.29529,23.4426],[89.28931,23.43955],[89.28474,23.43348],[89.28337,23.43301],[89.28181,23.43507],[89.27539,23.43176],[89.2692,23.4361],[89.26194,23.43728],[89.2599,23.43661],[89.26013,23.43019],[89.25507,23.42722],[89.24873,23.42751],[89.2449,23.43011],[89.24381,23.43398],[89.24475,23.43801],[89.24424,23.43975],[89.23846,23.44076],[89.23571,23.44206],[89.2336,23.44448],[89.2312,23.44456],[89.22837,23.44146],[89.22748,23.43852],[89.21804,23.43416],[89.21216,23.43614],[89.21078,23.43528],[89.20947,23.43166],[89.20773,23.4303],[89.20444,23.43304],[89.20069,23.43381],[89.19859,23.43262],[89.19525,23.4325],[89.19066,23.43394],[89.18355,23.4331],[89.18008,23.43563],[89.17685,23.43408],[89.1739,23.43522],[89.16851,23.44028],[89.16172,23.43943],[89.15642,23.44248],[89.14851,23.44213],[89.14002,23.44615],[89.13395,23.45414],[89.13403,23.4582],[89.13227,23.46251],[89.1293,23.46571],[89.12304,23.46695],[89.12363,23.4628],[89.11723,23.45696],[89.11681,23.45457],[89.11762,23.4514],[89.11706,23.44804],[89.11565,23.44569],[89.11027,23.44546],[89.11053,23.44192],[89.10657,23.44142],[89.09676,23.44394],[89.0915,23.4435],[89.08296,23.45164],[89.08437,23.45439],[89.08156,23.45867],[89.07681,23.45918],[89.07465,23.46188],[89.0725,23.46235],[89.06273,23.46109],[89.06063,23.46397],[89.05841,23.46416],[89.05514,23.46742],[89.05391,23.47056],[89.05055,23.47268],[89.04499,23.47859],[89.04227,23.48212],[89.04195,23.48396],[89.03185,23.4854],[89.02928,23.48291],[89.02668,23.48272],[89.02133,23.49006],[89.02232,23.49345],[89.02074,23.49809],[89.01656,23.50241],[89.01218,23.50239],[89.00776,23.5042],[89.00089,23.50873],[88.99174,23.51161],[88.99111,23.51056],[88.99161,23.50687],[88.98895,23.50336],[88.98626,23.5019],[88.98338,23.50595],[88.98638,23.50819],[88.98484,23.51546],[88.98167,23.51762],[88.9777,23.51616],[88.97626,23.5185],[88.97527,23.525],[88.9777,23.52629],[88.97694,23.53227],[88.97318,23.53566],[88.97044,23.5342],[88.96176,23.53834],[88.96299,23.54184],[88.95563,23.54524],[88.95309,23.54395],[88.95296,23.54029],[88.95115,23.5391],[88.94881,23.5394],[88.94482,23.54698],[88.95097,23.55306],[88.95496,23.55539],[88.95978,23.5557],[88.9787,23.55064],[88.98059,23.55269],[88.98109,23.55989],[88.98319,23.56365],[88.98987,23.57384],[88.99564,23.57879],[88.9987,23.57766],[89.00355,23.57881],[89.00884,23.57863],[89.01344,23.58024],[89.01773,23.57186],[89.01724,23.56895],[89.02737,23.56591],[89.03468,23.56681],[89.03545,23.56833],[89.03449,23.57683],[89.03684,23.58368],[89.0448,23.5933],[89.04811,23.59542],[89.05103,23.59612],[89.05425,23.59349],[89.05242,23.588],[89.04735,23.58773],[89.04058,23.58223],[89.04343,23.57635],[89.05216,23.57445],[89.05495,23.57126],[89.05785,23.57494],[89.05996,23.58173],[89.05853,23.58436],[89.06218,23.58835],[89.06721,23.58995],[89.07088,23.58794],[89.07582,23.58822],[89.08051,23.58486],[89.08422,23.58507],[89.08979,23.58259],[89.09243,23.5786],[89.09293,23.5755],[89.0994,23.57825],[89.10229,23.58095],[89.10519,23.58068],[89.10514,23.57804],[89.10186,23.56831],[89.10942,23.5696],[89.11088,23.56851],[89.10811,23.56581],[89.10632,23.56232],[89.1113,23.55808],[89.11548,23.55736],[89.1172,23.55032],[89.12113,23.5464],[89.1257,23.54727],[89.12798,23.54948],[89.12807,23.55395],[89.12614,23.5567],[89.12595,23.56593],[89.12826,23.57346],[89.12992,23.5734],[89.13,23.56744],[89.1321,23.56485],[89.133,23.5595],[89.13631,23.55268],[89.14196,23.55443],[89.14696,23.55837],[89.146,23.5619],[89.14844,23.56685],[89.14861,23.56925],[89.14762,23.57238],[89.14835,23.5751],[89.15234,23.57673],[89.15472,23.57882],[89.1587,23.5863],[89.16119,23.58707],[89.16549,23.58634],[89.1745,23.58265],[89.1746,23.57858],[89.17366,23.57478],[89.17429,23.57212],[89.18136,23.57376],[89.18277,23.57983],[89.18336,23.58485]]]}},{"type":"Feature","properties":{"district_id":"jhenaidah","upazila_id":"jhenaidah-kaliganj","source_name":"Kaliganj","source_pcode":"404433","match_method":"exact"},"geometry":{"type":"Polygon","coordinates":[[[89.26013,23.43019],[89.2672,23.42908],[89.26856,23.42565],[89.27488,23.42467],[89.26024,23.41135],[89.26001,23.40913],[89.26468,23.40536],[89.26199,23.40334],[89.25548,23.40162],[89.2532,23.39907],[89.25298,23.39656],[89.25605,23.39347],[89.2557,23.39149],[89.25046,23.38854],[89.25333,23.38155],[89.25167,23.37789],[89.24876,23.37473],[89.24877,23.37256],[89.25352,23.37245],[89.25658,23.37102],[89.25995,23.36752],[89.25487,23.357],[89.25591,23.3414],[89.25422,23.34031],[89.24345,23.34076],[89.24057,23.34189],[89.23883,23.34104],[89.23866,23.33893],[89.24737,23.33392],[89.24805,23.33109],[89.24706,23.32804],[89.24444,23.32595],[89.2354,23.32136],[89.23206,23.32314],[89.22872,23.32263],[89.22599,23.32181],[89.2203,23.31738],[89.21838,23.31722],[89.21503,23.32169],[89.2119,23.323],[89.20768,23.30924],[89.21018,23.30451],[89.20926,23.30145],[89.2058,23.29752],[89.20487,23.29464],[89.20228,23.29113],[89.20008,23.28914],[89.18263,23.28839],[89.17588,23.2896],[89.17352,23.28831],[89.16879,23.28276],[89.16404,23.28218],[89.1563,23.28331],[89.15333,23.28558],[89.14826,23.28188],[89.14676,23.27427],[89.13667,23.27744],[89.13364,23.27421],[89.12373,23.27765],[89.10948,23.28558],[89.10792,23.28759],[89.10986,23.29239],[89.10846,23.29656],[89.10622,23.29841],[89.10596,23.29493],[89.10381,23.29478],[89.09696,23.30097],[89.08391,23.30755],[89.08157,23.31048],[89.07354,23.30985],[89.06976,23.30838],[89.06027,23.29847],[89.05708,23.29909],[89.05025,23.29292],[89.0487,23.29579],[89.04904,23.29731],[89.05624,23.30381],[89.0587,23.30316],[89.06694,23.30905],[89.06851,23.31094],[89.0686,23.31563],[89.06541,23.31946],[89.0671,23.32433],[89.06617,23.32699],[89.06352,23.33023],[89.05966,23.33162],[89.05693,23.33366],[89.05996,23.3406],[89.06322,23.34386],[89.06868,23.3455],[89.07126,23.34806],[89.07294,23.35246],[89.0728,23.35486],[89.07069,23.35705],[89.07058,23.36146],[89.06929,23.36168],[89.05849,23.35759],[89.04462,23.36048],[89.04337,23.36246],[89.04612,23.36489],[89.04636,23.37146],[89.05365,23.37853],[89.05634,23.38417],[89.05446,23.39207],[89.05543,23.39451],[89.05891,23.39615],[89.062,23.3965],[89.0636,23.39971],[89.06355,23.40372],[89.06538,23.4056],[89.06831,23.40435],[89.07103,23.40466],[89.06977,23.40957],[89.07216,23.412],[89.07682,23.41419],[89.07601,23.41044],[89.07823,23.41059],[89.08012,23.41236],[89.08279,23.41318],[89.08624,23.41679],[89.08584,23.41828],[89.0825,23.42097],[89.07619,23.42297],[89.07532,23.42935],[89.07639,23.43349],[89.08293,23.43074],[89.08554,23.43146],[89.08797,23.43308],[89.0915,23.4435],[89.09676,23.44394],[89.10393,23.44163],[89.11053,23.44192],[89.11027,23.44546],[89.11565,23.44569],[89.11706,23.44804],[89.11723,23.45696],[89.12363,23.4628],[89.12304,23.46695],[89.1293,23.46571],[89.13227,23.46251],[89.13403,23.4582],[89.13395,23.45414],[89.13725,23.44905],[89.14002,23.44615],[89.14851,23.44213],[89.15642,23.44248],[89.16172,23.43943],[89.16851,23.44028],[89.1739,23.43522],[89.17685,23.43408],[89.18008,23.43563],[89.18355,23.4331],[89.19066,23.43394],[89.19525,23.4325],[89.19859,23.43262],[89.20069,23.43381],[89.20444,23.43304],[89.20773,23.4303],[89.20947,23.43166],[89.21078,23.43528],[89.21216,23.43614],[89.21804,23.43416],[89.22748,23.43852],[89.22837,23.44146],[89.2312,23.44456],[89.2336,23.44448],[89.23571,23.44206],[89.23846,23.44076],[89.24424,23.43975],[89.24475,23.43801],[89.24381,23.43398],[89.2449,23.43011],[89.24873,23.42751],[89.25507,23.42722],[89.26013,23.43019]]]}},{"type":"Feature","properties":{"district_id":"jhenaidah","upazila_id":"jhenaidah-kotchandpur","source_name":"Kotchandpur","source_pcode":"404442","match_method":"exact"},"geometry":{"type":"Polygon","coordinates":[[[88.94482,23.54698],[88.94881,23.5394],[88.95115,23.5391],[88.95296,23.54029],[88.95309,23.54395],[88.95563,23.54524],[88.96299,23.54184],[88.96176,23.53834],[88.97044,23.5342],[88.97318,23.53566],[88.97694,23.53227],[88.9777,23.52629],[88.97527,23.525],[88.97626,23.5185],[88.9777,23.51616],[88.98167,23.51762],[88.98484,23.51546],[88.98638,23.50819],[88.98338,23.50595],[88.98626,23.5019],[88.98895,23.50336],[88.99161,23.50687],[88.99111,23.51056],[88.99174,23.51161],[89.00089,23.50873],[89.00776,23.5042],[89.01218,23.50239],[89.01656,23.50241],[89.02074,23.49809],[89.02232,23.49345],[89.02133,23.49006],[89.02668,23.48272],[89.02928,23.48291],[89.03185,23.4854],[89.04195,23.48396],[89.04227,23.48212],[89.04499,23.47859],[89.05055,23.47268],[89.05391,23.47056],[89.05514,23.46742],[89.05841,23.46416],[89.06063,23.46397],[89.06273,23.46109],[89.0725,23.46235],[89.07465,23.46188],[89.07681,23.45918],[89.08156,23.45867],[89.08437,23.45439],[89.08296,23.45164],[89.0915,23.4435],[89.08797,23.43308],[89.08293,23.43074],[89.07639,23.43349],[89.07532,23.42935],[89.07619,23.42297],[89.0825,23.42097],[89.08584,23.41828],[89.08624,23.41679],[89.08279,23.41318],[89.08012,23.41236],[89.07823,23.41059],[89.07601,23.41044],[89.07682,23.41419],[89.07216,23.412],[89.06977,23.40957],[89.07103,23.40466],[89.06831,23.40435],[89.06538,23.4056],[89.06355,23.40372],[89.0636,23.39971],[89.062,23.3965],[89.05891,23.39615],[89.05543,23.39451],[89.05446,23.39207],[89.05634,23.38417],[89.05365,23.37853],[89.04636,23.37146],[89.04387,23.37309],[89.04081,23.37102],[89.03902,23.3712],[89.0384,23.37374],[89.03546,23.37516],[89.033,23.37535],[89.03035,23.37173],[89.02805,23.37049],[89.02641,23.37209],[89.02574,23.37602],[89.0221,23.37922],[89.0168,23.38175],[89.01456,23.38429],[89.01698,23.3889],[89.01677,23.39062],[89.01407,23.391],[89.01269,23.39304],[89.01252,23.40399],[89.01058,23.406],[89.00513,23.40464],[89.00343,23.396],[89.0055,23.39439],[89.00423,23.38596],[89.00094,23.38081],[88.99717,23.37704],[88.99402,23.37675],[88.98827,23.38267],[88.98944,23.38601],[88.99388,23.39278],[88.99594,23.39752],[88.99574,23.39976],[88.99446,23.40095],[88.98775,23.40152],[88.97943,23.3982],[88.97474,23.39738],[88.96635,23.39733],[88.96421,23.39815],[88.96065,23.40244],[88.95642,23.40052],[88.95194,23.40148],[88.95048,23.40588],[88.94803,23.40676],[88.94511,23.41207],[88.93996,23.4175],[88.94027,23.4211],[88.93901,23.4267],[88.93964,23.43074],[88.94151,23.43142],[88.94875,23.42973],[88.9502,23.4353],[88.94936,23.43974],[88.94211,23.44422],[88.94049,23.44685],[88.93752,23.44689],[88.92436,23.44173],[88.92599,23.44649],[88.92961,23.44882],[88.93587,23.45113],[88.93335,23.45808],[88.93401,23.46086],[88.93797,23.4613],[88.94024,23.46071],[88.94183,23.46283],[88.94048,23.46711],[88.94178,23.4709],[88.94627,23.47367],[88.94924,23.47763],[88.95051,23.48302],[88.94833,23.49168],[88.94815,23.49598],[88.94953,23.50378],[88.95044,23.51663],[88.9499,23.52094],[88.94746,23.52571],[88.94308,23.52935],[88.94083,23.53532],[88.94141,23.53994],[88.94482,23.54698]]]}},{"type":"Feature","properties":{"district_id":"jhenaidah","upazila_id":"jhenaidah-moheshpur","source_name":"Maheshpur","source_pcode":"404471","match_method":"unique-near"},"geometry":{"type":"Polygon","coordinates":[[[89.02641,23.37209],[89.02074,23.36868],[89.02441,23.36375],[89.03175,23.35743],[89.03606,23.35756],[89.0391,23.3554],[89.03947,23.35241],[89.03461,23.35298],[89.02321,23.34902],[89.02101,23.34669],[89.02099,23.3424],[89.01552,23.33984],[89.00953,23.3424],[88.99955,23.34257],[88.99165,23.34164],[88.98669,23.34341],[88.97778,23.3345],[88.97079,23.32941],[88.96905,23.32535],[88.97009,23.32177],[88.97362,23.31884],[88.97404,23.31156],[88.97281,23.30846],[88.97038,23.30654],[88.96915,23.30394],[88.97272,23.30348],[88.97289,23.29947],[88.97507,23.30048],[88.98308,23.29757],[88.98727,23.298],[88.98657,23.29311],[88.98746,23.29159],[88.99061,23.2949],[88.99446,23.29335],[88.99661,23.2867],[88.9954,23.28388],[88.99244,23.2806],[88.98815,23.28172],[88.98506,23.28045],[88.97785,23.28104],[88.97519,23.2801],[88.97047,23.27477],[88.96745,23.2747],[88.96068,23.27801],[88.9595,23.28104],[88.95132,23.28132],[88.94628,23.28234],[88.94103,23.28458],[88.93934,23.28275],[88.92834,23.28101],[88.91889,23.28287],[88.91211,23.28235],[88.90993,23.28111],[88.90884,23.27875],[88.91711,23.28001],[88.91694,23.2771],[88.92124,23.27667],[88.92365,23.27367],[88.92654,23.27357],[88.92359,23.26663],[88.91959,23.26373],[88.91652,23.26349],[88.91403,23.25871],[88.91797,23.25869],[88.92068,23.25488],[88.91853,23.25158],[88.91444,23.25],[88.91068,23.25065],[88.90234,23.24932],[88.9009,23.24702],[88.90214,23.24418],[88.90028,23.23657],[88.88847,23.22712],[88.88091,23.2263],[88.87209,23.22762],[88.86669,23.22963],[88.85715,23.2275],[88.85567,23.22577],[88.85276,23.22461],[88.84197,23.2307],[88.84047,23.23545],[88.83654,23.23815],[88.83434,23.23791],[88.83041,23.23405],[88.82432,23.23199],[88.8226,23.23265],[88.82248,23.23446],[88.82368,23.23742],[88.82804,23.24058],[88.83093,23.24469],[88.82501,23.2449],[88.82107,23.24626],[88.8196,23.24964],[88.81788,23.25099],[88.80904,23.24981],[88.80804,23.24341],[88.80788,23.23827],[88.81036,23.22763],[88.8149,23.22289],[88.81409,23.21656],[88.81259,23.21562],[88.80795,23.21699],[88.80039,23.21512],[88.79671,23.21557],[88.79057,23.21782],[88.78543,23.21757],[88.77804,23.22343],[88.77802,23.22978],[88.7768,23.23274],[88.7682,23.23948],[88.76414,23.23923],[88.7621,23.23674],[88.75742,23.2349],[88.74712,23.23737],[88.73205,23.24739],[88.72527,23.24926],[88.72112,23.25196],[88.71886,23.25626],[88.71886,23.25987],[88.71959,23.26123],[88.72376,23.26396],[88.72372,23.26963],[88.71587,23.27368],[88.70824,23.28791],[88.70651,23.2888],[88.70354,23.28813],[88.69938,23.28968],[88.69678,23.29285],[88.6974,23.29648],[88.69993,23.30148],[88.70969,23.30863],[88.71449,23.30067],[88.72107,23.29895],[88.72276,23.29902],[88.72544,23.30103],[88.72578,23.30362],[88.72749,23.30633],[88.72772,23.30928],[88.72525,23.31132],[88.72562,23.3147],[88.72696,23.31676],[88.73087,23.31678],[88.73237,23.31563],[88.73582,23.30842],[88.74,23.30662],[88.74365,23.30663],[88.74608,23.3098],[88.74731,23.31436],[88.74693,23.31798],[88.74483,23.32113],[88.73673,23.32632],[88.73659,23.32835],[88.73804,23.33151],[88.73789,23.33762],[88.73418,23.34125],[88.73356,23.3463],[88.73645,23.34862],[88.74046,23.34923],[88.74243,23.34877],[88.74692,23.35011],[88.7497,23.35806],[88.753,23.35943],[88.75791,23.35832],[88.75937,23.359],[88.76231,23.36175],[88.76279,23.36763],[88.76115,23.37084],[88.78024,23.38138],[88.78208,23.38058],[88.78235,23.37816],[88.77991,23.37235],[88.78206,23.37165],[88.78613,23.37598],[88.78847,23.38294],[88.79043,23.38597],[88.79697,23.38621],[88.80026,23.38073],[88.80347,23.38097],[88.80509,23.38137],[88.81113,23.38569],[88.81595,23.39011],[88.82414,23.39339],[88.82732,23.39157],[88.83429,23.3847],[88.83641,23.38629],[88.83986,23.3931],[88.84245,23.3937],[88.84673,23.38732],[88.84954,23.38637],[88.85287,23.38666],[88.85799,23.38328],[88.85956,23.38466],[88.86059,23.38736],[88.86253,23.38867],[88.86349,23.38733],[88.86362,23.38372],[88.86598,23.38216],[88.86772,23.38273],[88.87095,23.38736],[88.87778,23.39069],[88.87972,23.3924],[88.88223,23.39833],[88.88328,23.40487],[88.8857,23.40972],[88.88788,23.41119],[88.89445,23.41022],[88.90113,23.41464],[88.91473,23.40909],[88.91804,23.41189],[88.92365,23.41193],[88.92474,23.41487],[88.92779,23.41574],[88.92629,23.41871],[88.92276,23.42101],[88.91783,23.42111],[88.91737,23.42318],[88.91887,23.42423],[88.92245,23.42468],[88.92638,23.42369],[88.93452,23.41695],[88.93996,23.4175],[88.94511,23.41207],[88.94803,23.40676],[88.95048,23.40588],[88.95194,23.40148],[88.95642,23.40052],[88.96065,23.40244],[88.96421,23.39815],[88.96635,23.39733],[88.97474,23.39738],[88.97943,23.3982],[88.98775,23.40152],[88.99446,23.40095],[88.99574,23.39976],[88.99594,23.39752],[88.98827,23.38267],[88.99402,23.37675],[88.99717,23.37704],[89.00094,23.38081],[89.00423,23.38596],[89.0055,23.39439],[89.00343,23.396],[89.00513,23.40464],[89.01058,23.406],[89.01252,23.40399],[89.01269,23.39304],[89.01407,23.391],[89.01677,23.39062],[89.01698,23.3889],[89.01456,23.38429],[89.0168,23.38175],[89.0221,23.37922],[89.02574,23.37602],[89.02641,23.37209]]]}},{"type":"Feature","properties":{"district_id":"jhenaidah","upazila_id":"jhenaidah-shailkupa","source_name":"Shailkupa","source_pcode":"404480","match_method":"exact"},"geometry":{"type":"Polygon","coordinates":[[[89.2484,23.76057],[89.25329,23.76067],[89.25798,23.7573],[89.26087,23.75365],[89.26868,23.73951],[89.27159,23.73694],[89.27998,23.73578],[89.28836,23.73193],[89.29872,23.73092],[89.30648,23.72933],[89.30984,23.72766],[89.31256,23.72447],[89.31415,23.71491],[89.32328,23.70519],[89.32644,23.69689],[89.33555,23.68642],[89.34581,23.67809],[89.35065,23.67562],[89.35272,23.67148],[89.35268,23.66713],[89.35413,23.66525],[89.35882,23.66576],[89.36296,23.66505],[89.37119,23.6601],[89.37877,23.6597],[89.37132,23.64893],[89.36768,23.64614],[89.36707,23.64095],[89.36414,23.64227],[89.36152,23.64127],[89.35972,23.6351],[89.35767,23.63134],[89.35835,23.62839],[89.35458,23.61119],[89.35137,23.60856],[89.34895,23.60527],[89.34721,23.59274],[89.34187,23.58315],[89.34676,23.58062],[89.3439,23.57088],[89.33875,23.56413],[89.33224,23.56272],[89.32515,23.55989],[89.31898,23.5632],[89.31699,23.56522],[89.31638,23.56885],[89.31303,23.56794],[89.3098,23.56995],[89.30724,23.57456],[89.3048,23.57317],[89.30273,23.57438],[89.30238,23.57525],[89.30492,23.5786],[89.30405,23.58097],[89.30141,23.58187],[89.29881,23.58134],[89.2938,23.58386],[89.28055,23.58818],[89.27814,23.58775],[89.27551,23.58361],[89.27341,23.58357],[89.27043,23.58225],[89.27052,23.58076],[89.27446,23.57741],[89.27343,23.57539],[89.27168,23.57413],[89.26264,23.57297],[89.25838,23.56969],[89.25565,23.56887],[89.24004,23.5668],[89.23648,23.56756],[89.23277,23.57044],[89.23247,23.57354],[89.23515,23.57808],[89.23193,23.58049],[89.22203,23.58576],[89.21828,23.58642],[89.20954,23.58174],[89.20645,23.58781],[89.19447,23.59665],[89.19316,23.59315],[89.19601,23.58142],[89.19434,23.58068],[89.18777,23.5855],[89.18336,23.58485],[89.17925,23.58608],[89.17372,23.59017],[89.17188,23.59367],[89.17219,23.59692],[89.17335,23.59963],[89.17941,23.60291],[89.1818,23.60546],[89.18108,23.60674],[89.17324,23.60353],[89.1672,23.60414],[89.16643,23.60531],[89.1662,23.61242],[89.1653,23.61406],[89.16183,23.60972],[89.16067,23.61084],[89.15748,23.62126],[89.15008,23.62495],[89.14816,23.6276],[89.14891,23.63146],[89.15334,23.64028],[89.15222,23.64239],[89.14479,23.64414],[89.13461,23.64919],[89.12988,23.65297],[89.12524,23.65931],[89.11834,23.66041],[89.11494,23.66277],[89.1131,23.66695],[89.11427,23.67315],[89.11698,23.67575],[89.12505,23.67798],[89.12875,23.68088],[89.12782,23.68664],[89.1245,23.69117],[89.12928,23.69838],[89.12635,23.70661],[89.12634,23.70913],[89.13222,23.71271],[89.13395,23.71591],[89.13595,23.71721],[89.13904,23.71704],[89.14351,23.72113],[89.14728,23.72116],[89.15523,23.71682],[89.16013,23.71751],[89.16216,23.72018],[89.1635,23.72878],[89.16533,23.73101],[89.17225,23.73368],[89.17447,23.73646],[89.17577,23.73676],[89.17819,23.7436],[89.18144,23.74509],[89.1854,23.74558],[89.19527,23.74088],[89.19878,23.74041],[89.20563,23.74303],[89.20864,23.7451],[89.21137,23.74878],[89.21377,23.75098],[89.21645,23.75203],[89.21931,23.75571],[89.22315,23.75631],[89.23703,23.7517],[89.24084,23.75671],[89.24353,23.75839],[89.2484,23.76057]]]}},{"type":"Feature","properties":{"district_id":"khulna","upazila_id":"khulna-botiaghata","source_name":"Batiaghata","source_pcode":"404712","match_method":"unique-near"},"geometry":{"type":"MultiPolygon","coordinates":[[[[89.48648,22.76989],[89.49492,22.76534],[89.50134,22.76718],[89.50396,22.76659],[89.50551,22.76292],[89.50553,22.75352],[89.50723,22.74944],[89.51277,22.74587],[89.52051,22.74422],[89.52167,22.7425],[89.52167,22.73833],[89.51976,22.73343],[89.51947,22.72905],[89.52579,22.71635],[89.53022,22.69842],[89.52944,22.67899],[89.53051,22.66681],[89.52746,22.65201],[89.52174,22.63782],[89.52028,22.63025],[89.51892,22.62918],[89.51075,22.63416],[89.5025,22.63778],[89.4946,22.645],[89.48583,22.64781],[89.48151,22.65007],[89.48002,22.6499],[89.4757,22.64544],[89.47403,22.64473],[89.47015,22.64583],[89.45773,22.646],[89.45615,22.64368],[89.45619,22.6389],[89.44431,22.64648],[89.4368,22.64862],[89.43185,22.64869],[89.43091,22.65514],[89.43213,22.65667],[89.43861,22.65771],[89.43988,22.65912],[89.44032,22.66129],[89.44067,22.66516],[89.44001,22.66762],[89.437,22.66982],[89.4362,22.67191],[89.43559,22.67428],[89.43597,22.67796],[89.43893,22.68075],[89.44109,22.68081],[89.44434,22.68464],[89.44835,22.69093],[89.44754,22.69383],[89.45562,22.70333],[89.45881,22.70314],[89.46233,22.70535],[89.4671,22.70503],[89.47025,22.70866],[89.4718,22.71345],[89.46969,22.71885],[89.47199,22.71959],[89.47205,22.72333],[89.46852,22.7291],[89.46539,22.73119],[89.46548,22.73452],[89.46434,22.7376],[89.46457,22.74136],[89.46848,22.74152],[89.47004,22.74263],[89.47276,22.74699],[89.47379,22.75076],[89.47276,22.75308],[89.4761,22.75978],[89.47603,22.76359],[89.47982,22.76469],[89.47952,22.76688],[89.4803,22.7683],[89.47956,22.7697],[89.48572,22.76995],[89.48648,22.76989]]],[[[89.51019,22.80664],[89.51424,22.80608],[89.51628,22.80666],[89.51989,22.80973],[89.52635,22.8113],[89.53842,22.80893],[89.54074,22.81025],[89.54323,22.80547],[89.54359,22.80293],[89.55198,22.79893],[89.5537,22.79699],[89.5556,22.79614],[89.5618,22.79661],[89.56405,22.79874],[89.56658,22.79846],[89.56924,22.797],[89.5701,22.79526],[89.5705,22.78823],[89.56991,22.77888],[89.57215,22.77762],[89.57582,22.77298],[89.5759,22.76902],[89.5806,22.772],[89.58414,22.78099],[89.58468,22.78843],[89.59647,22.79281],[89.59997,22.79628],[89.60291,22.79557],[89.60518,22.79339],[89.61211,22.78252],[89.61282,22.7779],[89.61594,22.77507],[89.61532,22.76899],[89.60662,22.7391],[89.59944,22.73405],[89.60103,22.7278],[89.60113,22.72291],[89.60576,22.72142],[89.60381,22.71836],[89.60038,22.71673],[89.59867,22.7174],[89.59718,22.72266],[89.59359,22.72408],[89.58944,22.7235],[89.58826,22.72117],[89.59274,22.71847],[89.59301,22.71363],[89.59593,22.7104],[89.59813,22.70983],[89.60278,22.70672],[89.60309,22.70292],[89.5972,22.69767],[89.58886,22.69288],[89.58486,22.69511],[89.57455,22.69439],[89.57615,22.69021],[89.58258,22.68316],[89.57893,22.67854],[89.58231,22.66839],[89.57991,22.66455],[89.57369,22.66654],[89.56822,22.67076],[89.56837,22.67277],[89.56238,22.67706],[89.56033,22.67662],[89.55917,22.67271],[89.55358,22.66125],[89.55762,22.64442],[89.55806,22.64079],[89.55749,22.63828],[89.54436,22.6278],[89.54064,22.6287],[89.54361,22.63139],[89.55317,22.63555],[89.55496,22.6373],[89.55608,22.63999],[89.54972,22.65583],[89.54833,22.66333],[89.54778,22.66417],[89.54667,22.66361],[89.54861,22.65111],[89.555,22.63972],[89.55334,22.63806],[89.54111,22.63194],[89.53472,22.62583],[89.5325,22.61889],[89.52944,22.61333],[89.52834,22.61333],[89.52666,22.61583],[89.525,22.62306],[89.525,22.62667],[89.5275,22.63417],[89.52805,22.63861],[89.53306,22.65111],[89.53528,22.66139],[89.53611,22.67083],[89.53584,22.68028],[89.53833,22.69472],[89.53667,22.70444],[89.53374,22.71179],[89.53251,22.71265],[89.53167,22.71583],[89.52583,22.72389],[89.52417,22.72861],[89.525,22.73306],[89.52639,22.73583],[89.53222,22.73861],[89.53075,22.7429],[89.52917,22.74472],[89.52528,22.74111],[89.52444,22.74111],[89.52179,22.74553],[89.51759,22.74604],[89.51231,22.74807],[89.50735,22.75159],[89.5068,22.75503],[89.50748,22.76241],[89.50624,22.76631],[89.50437,22.76811],[89.5023,22.769],[89.49486,22.76695],[89.48814,22.771],[89.47995,22.77117],[89.48103,22.77225],[89.48004,22.77612],[89.48173,22.78079],[89.48602,22.78609],[89.48948,22.78658],[89.49037,22.78753],[89.48875,22.79476],[89.49129,22.80171],[89.49459,22.80663],[89.51103,22.81208],[89.51282,22.81014],[89.51085,22.80795],[89.51019,22.80664]]]]}},{"type":"Feature","properties":{"district_id":"khulna","upazila_id":"khulna-dakop","source_name":"Dacope","source_pcode":"404717","match_method":"unique-near"},"geometry":{"type":"MultiPolygon","coordinates":[[[[89.49665,22.56696],[89.4958,22.55963],[89.49416,22.55598],[89.48941,22.55001],[89.48109,22.54288],[89.48003,22.54064],[89.48117,22.53827],[89.48649,22.53429],[89.49012,22.53027],[89.49305,22.52309],[89.49272,22.51281],[89.49075,22.49921],[89.4897,22.4987],[89.48875,22.49922],[89.48403,22.50393],[89.48215,22.50389],[89.48067,22.50193],[89.48132,22.48893],[89.48389,22.48],[89.47882,22.47813],[89.46935,22.47763],[89.46445,22.47389],[89.4604,22.47216],[89.45979,22.47092],[89.4606,22.46818],[89.4664,22.463],[89.46679,22.46148],[89.45639,22.44833],[89.45347,22.43788],[89.45389,22.43528],[89.45528,22.43333],[89.45778,22.43167],[89.46139,22.43083],[89.46222,22.42972],[89.45944,22.42611],[89.45389,22.42694],[89.45222,22.42639],[89.45028,22.42444],[89.45028,22.42278],[89.45639,22.41278],[89.46111,22.4075],[89.46194,22.40528],[89.46111,22.40472],[89.45139,22.41361],[89.44695,22.41389],[89.44417,22.41139],[89.43528,22.41972],[89.43553,22.4284],[89.43361,22.43639],[89.43305,22.44722],[89.43389,22.45833],[89.43195,22.47028],[89.43142,22.4791],[89.42722,22.49778],[89.42306,22.50557],[89.42255,22.50889],[89.42432,22.51041],[89.43056,22.51056],[89.43389,22.51194],[89.44333,22.52169],[89.44456,22.52716],[89.44366,22.53251],[89.44404,22.53427],[89.45194,22.54472],[89.45181,22.55022],[89.4576,22.55641],[89.45911,22.55935],[89.45884,22.56175],[89.45611,22.56472],[89.45722,22.56639],[89.46429,22.56772],[89.46947,22.56641],[89.47218,22.56671],[89.47629,22.5686],[89.48452,22.57479],[89.49061,22.57694],[89.49271,22.57527],[89.49419,22.56995],[89.49657,22.56762],[89.49665,22.56696]]],[[[89.52889,22.59778],[89.53889,22.58917],[89.54806,22.57889],[89.55972,22.56333],[89.56416,22.55528],[89.56722,22.54667],[89.57027,22.5325],[89.57833,22.51194],[89.58083,22.50139],[89.58195,22.49389],[89.5825,22.47697],[89.585,22.46694],[89.58444,22.46472],[89.58556,22.4614],[89.58528,22.45806],[89.58611,22.45694],[89.585,22.45417],[89.58584,22.44194],[89.58833,22.44],[89.59194,22.43111],[89.59583,22.42528],[89.59722,22.42083],[89.60973,22.40167],[89.61472,22.39167],[89.61584,22.38583],[89.61555,22.37278],[89.61639,22.36889],[89.6175,22.3675],[89.61777,22.365],[89.62028,22.35917],[89.62028,22.35722],[89.62473,22.34694],[89.62473,22.34472],[89.62305,22.33971],[89.61166,22.31722],[89.60528,22.30667],[89.58701,22.28939],[89.58083,22.2775],[89.57833,22.2675],[89.57833,22.26111],[89.57917,22.25417],[89.58472,22.24222],[89.58305,22.24111],[89.57726,22.23968],[89.57417,22.24528],[89.57417,22.24972],[89.57269,22.25287],[89.56695,22.25556],[89.55889,22.25583],[89.55527,22.25944],[89.55278,22.27361],[89.55305,22.28528],[89.55055,22.29083],[89.55055,22.29306],[89.55334,22.2975],[89.55389,22.3],[89.55278,22.30305],[89.55083,22.305],[89.53884,22.31238],[89.53416,22.31861],[89.52972,22.32861],[89.52805,22.33028],[89.52333,22.33139],[89.515,22.32611],[89.51334,22.32639],[89.51195,22.32805],[89.51167,22.33222],[89.51444,22.33583],[89.52084,22.33694],[89.53,22.33694],[89.53416,22.33805],[89.53584,22.34056],[89.53445,22.34472],[89.52666,22.35333],[89.52583,22.3525],[89.53222,22.34556],[89.53416,22.3425],[89.53445,22.34028],[89.53222,22.33861],[89.5225,22.33861],[89.51389,22.33694],[89.51111,22.33444],[89.51,22.33167],[89.51111,22.32694],[89.51444,22.32472],[89.51945,22.32611],[89.52389,22.32972],[89.5266,22.32987],[89.53028,22.32083],[89.53445,22.31472],[89.54139,22.30778],[89.55188,22.30152],[89.55222,22.29944],[89.54945,22.29472],[89.54916,22.29056],[89.55083,22.28444],[89.55055,22.27083],[89.55297,22.25994],[89.555,22.25667],[89.55833,22.25444],[89.56917,22.25306],[89.57139,22.25111],[89.5725,22.24055],[89.57111,22.23501],[89.55055,22.21667],[89.54389,22.20889],[89.54195,22.205],[89.53944,22.2025],[89.53944,22.20138],[89.54079,22.19976],[89.54115,22.19483],[89.54389,22.18549],[89.56021,22.16546],[89.57169,22.14627],[89.57989,22.13442],[89.58305,22.1248],[89.58107,22.1142],[89.57747,22.10209],[89.56662,22.08153],[89.56005,22.07081],[89.5531,22.05454],[89.54896,22.04239],[89.54414,22.01665],[89.54221,22.01081],[89.53528,22],[89.53505,21.99674],[89.53195,21.99304],[89.52952,21.99391],[89.52737,21.99788],[89.52005,22.00131],[89.51747,22.00668],[89.51353,22.01129],[89.5104,22.01313],[89.50909,22.01613],[89.52763,22.04534],[89.53072,22.05155],[89.53131,22.05568],[89.53328,22.0588],[89.53471,22.06676],[89.53436,22.06987],[89.53528,22.07229],[89.53384,22.08347],[89.53113,22.0897],[89.52687,22.09363],[89.52646,22.09492],[89.53151,22.09556],[89.54005,22.0945],[89.54328,22.0949],[89.54524,22.09809],[89.5493,22.11013],[89.54916,22.1125],[89.54778,22.11444],[89.54505,22.11528],[89.54507,22.11438],[89.54681,22.11346],[89.54806,22.11111],[89.54417,22.10139],[89.54389,22.09805],[89.54083,22.09611],[89.53056,22.0975],[89.52361,22.09611],[89.51639,22.1025],[89.51583,22.10861],[89.51083,22.13111],[89.50777,22.13667],[89.50195,22.15361],[89.50027,22.16139],[89.4975,22.16694],[89.49667,22.17139],[89.49167,22.18306],[89.48805,22.19778],[89.47722,22.22361],[89.47749,22.22555],[89.47528,22.23028],[89.48083,22.23917],[89.48333,22.24556],[89.48695,22.25056],[89.48861,22.25583],[89.49361,22.26417],[89.49639,22.27528],[89.49667,22.28722],[89.49639,22.28806],[89.49528,22.28778],[89.495,22.27583],[89.49333,22.26778],[89.49194,22.26583],[89.49111,22.26694],[89.49084,22.27611],[89.48889,22.28194],[89.48722,22.285],[89.47861,22.29389],[89.47528,22.3],[89.47556,22.30305],[89.48222,22.31],[89.4825,22.31472],[89.48111,22.3175],[89.47611,22.3225],[89.45917,22.33389],[89.45695,22.33805],[89.4575,22.34],[89.45917,22.34139],[89.46321,22.34207],[89.47083,22.34056],[89.48333,22.33611],[89.48833,22.3375],[89.48861,22.33861],[89.48695,22.33861],[89.48611,22.34028],[89.48528,22.35333],[89.48547,22.35972],[89.48861,22.36861],[89.48666,22.36639],[89.48444,22.35939],[89.48417,22.34833],[89.48556,22.33917],[89.48444,22.3375],[89.47056,22.34222],[89.46167,22.34361],[89.45778,22.3425],[89.45583,22.33944],[89.45556,22.33722],[89.45965,22.33138],[89.47444,22.32167],[89.48,22.31611],[89.48111,22.31361],[89.48055,22.31],[89.47833,22.30806],[89.47417,22.30611],[89.47222,22.30727],[89.46917,22.31444],[89.465,22.32],[89.44639,22.3375],[89.44111,22.34694],[89.43333,22.3567],[89.44305,22.36695],[89.44611,22.37306],[89.44611,22.37722],[89.44778,22.38056],[89.44751,22.38222],[89.44833,22.38417],[89.44755,22.39059],[89.44805,22.39667],[89.44695,22.40167],[89.44751,22.4025],[89.44722,22.40833],[89.44806,22.41055],[89.44917,22.41111],[89.45333,22.40917],[89.45695,22.40389],[89.45917,22.40195],[89.46278,22.40167],[89.46472,22.40306],[89.465,22.40417],[89.46361,22.40722],[89.46389,22.40944],[89.46194,22.40972],[89.45778,22.41389],[89.45222,22.42361],[89.45333,22.42528],[89.45667,22.42444],[89.45944,22.42472],[89.46278,22.42722],[89.46361,22.42917],[89.46306,22.43111],[89.46139,22.43278],[89.45611,22.43472],[89.455,22.43611],[89.45695,22.44139],[89.45722,22.44528],[89.45917,22.44972],[89.46667,22.45861],[89.46833,22.45945],[89.4675,22.46389],[89.46083,22.47],[89.46889,22.47611],[89.47305,22.47694],[89.48,22.47694],[89.48417,22.47861],[89.485,22.48111],[89.4825,22.48722],[89.48186,22.50216],[89.48389,22.50222],[89.49,22.49722],[89.49139,22.4975],[89.49277,22.5],[89.49472,22.51722],[89.49389,22.52611],[89.48917,22.53389],[89.48306,22.53833],[89.48167,22.54055],[89.49028,22.54889],[89.49528,22.55556],[89.4975,22.56056],[89.49805,22.56833],[89.49889,22.56972],[89.50611,22.57278],[89.51028,22.57861],[89.51611,22.58167],[89.51778,22.58333],[89.51889,22.58694],[89.51945,22.59583],[89.52368,22.59889],[89.5275,22.59945],[89.52889,22.59833],[89.52889,22.59778]]],[[[89.46611,22.64555],[89.46362,22.64588],[89.46827,22.64575],[89.46659,22.64555],[89.46611,22.64555]]],[[[89.49561,22.64253],[89.50195,22.63615],[89.51281,22.63114],[89.51849,22.6266],[89.52144,22.61518],[89.52522,22.60649],[89.52538,22.60202],[89.51975,22.59903],[89.51767,22.59683],[89.51675,22.59476],[89.51643,22.58782],[89.51471,22.58449],[89.5081,22.57957],[89.50527,22.575],[89.50159,22.57366],[89.4985,22.57147],[89.49619,22.57089],[89.49299,22.5775],[89.49033,22.57935],[89.47894,22.57301],[89.47528,22.56972],[89.47195,22.56889],[89.46167,22.56889],[89.4575,22.56805],[89.45583,22.56694],[89.45444,22.56472],[89.45805,22.56083],[89.45805,22.55972],[89.45028,22.55083],[89.44945,22.54889],[89.45028,22.54389],[89.44195,22.53417],[89.44139,22.53],[89.4425,22.52694],[89.44195,22.52444],[89.43723,22.51805],[89.43333,22.51444],[89.42973,22.51417],[89.42361,22.51556],[89.42083,22.51528],[89.41833,22.51694],[89.41194,22.52389],[89.41556,22.52944],[89.42528,22.5375],[89.42667,22.53945],[89.42778,22.5425],[89.42722,22.55056],[89.42528,22.55556],[89.41994,22.56139],[89.41458,22.56389],[89.40361,22.57389],[89.40309,22.57541],[89.40361,22.57722],[89.4104,22.58198],[89.41467,22.58366],[89.41695,22.58588],[89.41917,22.59056],[89.4206,22.5919],[89.425,22.59333],[89.43111,22.59889],[89.43555,22.59972],[89.43833,22.60111],[89.44277,22.60617],[89.44726,22.6132],[89.45138,22.6169],[89.45727,22.62062],[89.46044,22.62415],[89.46134,22.62561],[89.46139,22.62944],[89.4567,22.63552],[89.45844,22.64444],[89.46958,22.64433],[89.47462,22.64224],[89.47577,22.64275],[89.47883,22.64713],[89.48161,22.64827],[89.49138,22.64496],[89.49524,22.64288],[89.49561,22.64253]]]]}},{"type":"Feature","properties":{"district_id":"khulna","upazila_id":"khulna-digholia","source_name":"Dighalia","source_pcode":"404740","match_method":"unique-near"},"geometry":{"type":"Polygon","coordinates":[[[89.56177,22.95806],[89.57133,22.95427],[89.57403,22.95],[89.5743,22.94011],[89.57133,22.92035],[89.56837,22.91256],[89.56689,22.9046],[89.5703,22.89101],[89.56776,22.87693],[89.57001,22.8717],[89.56965,22.86786],[89.56793,22.8598],[89.56475,22.85464],[89.55871,22.85123],[89.55548,22.84644],[89.5549,22.84174],[89.5574,22.8321],[89.55484,22.83174],[89.55119,22.83321],[89.55032,22.83691],[89.54571,22.83945],[89.54281,22.83945],[89.53673,22.8361],[89.5341,22.82898],[89.52998,22.83299],[89.52528,22.8346],[89.52134,22.83487],[89.51962,22.83733],[89.51755,22.84365],[89.51863,22.84684],[89.51745,22.85273],[89.51477,22.85596],[89.51234,22.85487],[89.50206,22.86386],[89.49574,22.8527],[89.49527,22.84931],[89.49309,22.84667],[89.49014,22.84473],[89.48736,22.84451],[89.4894,22.85078],[89.49233,22.856],[89.49458,22.86698],[89.49117,22.87246],[89.48846,22.87489],[89.48943,22.87883],[89.48811,22.88133],[89.48355,22.88576],[89.48366,22.88937],[89.48244,22.89377],[89.4785,22.90025],[89.47783,22.91067],[89.48693,22.9097],[89.48837,22.91024],[89.49403,22.90809],[89.4976,22.90932],[89.49867,22.91245],[89.50063,22.91413],[89.50462,22.91553],[89.51411,22.91098],[89.51817,22.91071],[89.52401,22.912],[89.52435,22.91504],[89.52288,22.91944],[89.52103,22.92184],[89.51903,22.9227],[89.51752,22.92769],[89.52362,22.92966],[89.52794,22.93944],[89.53406,22.94388],[89.54308,22.9463],[89.54991,22.94987],[89.55596,22.95391],[89.56039,22.95759],[89.56039,22.95835],[89.56177,22.95806]]]}},{"type":"Feature","properties":{"district_id":"khulna","upazila_id":"khulna-dumuria","source_name":"Dumuria","source_pcode":"404730","match_method":"exact"},"geometry":{"type":"MultiPolygon","coordinates":[[[[89.43084,22.65302],[89.43185,22.64869],[89.42916,22.65443],[89.42986,22.65608],[89.43213,22.65667],[89.43091,22.65514],[89.43084,22.65302]]],[[[89.43988,22.65912],[89.43861,22.65771],[89.43733,22.65784],[89.43815,22.65929],[89.43769,22.662],[89.43261,22.67006],[89.43266,22.67326],[89.43581,22.67762],[89.43559,22.67428],[89.437,22.66982],[89.44001,22.66762],[89.44067,22.66516],[89.44032,22.66129],[89.43988,22.65912]]],[[[89.43893,22.68075],[89.4369,22.67886],[89.44754,22.69383],[89.44835,22.69093],[89.44109,22.68081],[89.43893,22.68075]]],[[[89.46064,22.70453],[89.45881,22.70314],[89.45562,22.70333],[89.4584,22.70639],[89.46013,22.70674],[89.46425,22.70552],[89.46233,22.70535],[89.46064,22.70453]]],[[[89.46852,22.7291],[89.47205,22.72333],[89.47199,22.71959],[89.46969,22.71885],[89.4718,22.71345],[89.46928,22.70765],[89.46912,22.71447],[89.4671,22.72288],[89.46438,22.72865],[89.46415,22.73262],[89.46152,22.7384],[89.46258,22.74046],[89.46457,22.74136],[89.46434,22.7376],[89.46548,22.73452],[89.46539,22.73119],[89.46852,22.7291]]],[[[89.47709,22.76946],[89.47956,22.7697],[89.4803,22.7683],[89.47952,22.76688],[89.47982,22.76469],[89.47603,22.76359],[89.4761,22.75978],[89.47276,22.75308],[89.47379,22.75076],[89.47276,22.74699],[89.47004,22.74263],[89.46848,22.74152],[89.46487,22.7415],[89.46771,22.74411],[89.46849,22.74983],[89.47237,22.75545],[89.47385,22.75975],[89.4724,22.76833],[89.47364,22.76943],[89.47656,22.76956],[89.47709,22.76946]]],[[[89.38762,22.92217],[89.38901,22.92127],[89.39637,22.9261],[89.4019,22.92758],[89.41132,22.92085],[89.41589,22.91873],[89.42505,22.9196],[89.44151,22.92357],[89.44778,22.92279],[89.45993,22.92463],[89.46362,22.92447],[89.46674,22.92324],[89.46467,22.92031],[89.46465,22.91748],[89.46866,22.91343],[89.47783,22.91067],[89.4785,22.90025],[89.48244,22.89377],[89.48366,22.88937],[89.48355,22.88576],[89.48811,22.88133],[89.48943,22.87883],[89.48846,22.87489],[89.49117,22.87246],[89.49458,22.86698],[89.49233,22.856],[89.4894,22.85078],[89.48736,22.84451],[89.49014,22.84473],[89.49309,22.84667],[89.49527,22.84931],[89.49574,22.8527],[89.50206,22.86386],[89.51234,22.85487],[89.51477,22.85596],[89.51745,22.85273],[89.51863,22.84684],[89.51755,22.84365],[89.51962,22.83733],[89.52134,22.83487],[89.52528,22.8346],[89.52998,22.83299],[89.5341,22.82898],[89.53456,22.8238],[89.53596,22.82134],[89.53875,22.81961],[89.54074,22.81025],[89.53842,22.80893],[89.52635,22.8113],[89.51989,22.80973],[89.51628,22.80666],[89.51424,22.80608],[89.51019,22.80664],[89.51282,22.81014],[89.51103,22.81208],[89.49765,22.80793],[89.49459,22.80663],[89.49324,22.80482],[89.49129,22.80171],[89.48875,22.79476],[89.49037,22.78753],[89.48948,22.78658],[89.48602,22.78609],[89.48173,22.78079],[89.48004,22.77612],[89.48103,22.77225],[89.47995,22.77117],[89.47585,22.7716],[89.47234,22.77085],[89.47036,22.76941],[89.46958,22.76682],[89.47213,22.76047],[89.47205,22.75739],[89.46703,22.74976],[89.4663,22.74432],[89.46204,22.74184],[89.46035,22.73943],[89.46029,22.73723],[89.46578,22.72282],[89.46805,22.71093],[89.46758,22.70792],[89.46572,22.70672],[89.45882,22.70912],[89.45693,22.70794],[89.44751,22.69688],[89.43097,22.67497],[89.42864,22.67091],[89.42811,22.66541],[89.42955,22.66168],[89.43159,22.65937],[89.42778,22.65694],[89.42694,22.65528],[89.42722,22.65167],[89.42865,22.64835],[89.4228,22.64596],[89.41687,22.64682],[89.4131,22.64577],[89.40828,22.65414],[89.40524,22.66352],[89.4054,22.66893],[89.40083,22.67306],[89.4025,22.67639],[89.40972,22.68222],[89.41111,22.68639],[89.41084,22.68972],[89.405,22.69722],[89.40222,22.7025],[89.40327,22.71284],[89.3992,22.72474],[89.39278,22.72917],[89.38223,22.73056],[89.37917,22.73195],[89.37889,22.73278],[89.38111,22.73583],[89.3825,22.73972],[89.38167,22.74361],[89.38055,22.745],[89.37889,22.74556],[89.37083,22.745],[89.36812,22.74605],[89.36584,22.75334],[89.36361,22.75611],[89.36139,22.7575],[89.36,22.75694],[89.36432,22.75351],[89.36608,22.74813],[89.36842,22.74475],[89.37444,22.74333],[89.37611,22.74417],[89.37917,22.74417],[89.38084,22.74306],[89.38084,22.73917],[89.37778,22.7325],[89.37934,22.72988],[89.39361,22.7275],[89.39667,22.725],[89.3975,22.72333],[89.40053,22.71384],[89.4,22.70262],[89.40084,22.69856],[89.40269,22.695],[89.40945,22.68722],[89.40879,22.68528],[89.39919,22.67533],[89.39854,22.67644],[89.38889,22.67897],[89.38126,22.67513],[89.3782,22.6775],[89.37322,22.6844],[89.37495,22.69097],[89.37116,22.69399],[89.366,22.69624],[89.35744,22.69202],[89.35231,22.70197],[89.3552,22.70828],[89.34982,22.71157],[89.34737,22.71416],[89.3403,22.71271],[89.33159,22.72229],[89.32999,22.7268],[89.33299,22.7303],[89.33419,22.7332],[89.33132,22.73637],[89.32,22.73888],[89.31358,22.74248],[89.31277,22.74664],[89.3194,22.75407],[89.3191,22.76109],[89.30971,22.76205],[89.30889,22.76351],[89.30487,22.76527],[89.30151,22.76828],[89.30879,22.77304],[89.30763,22.78204],[89.2972,22.78562],[89.29565,22.78945],[89.29126,22.79122],[89.2832,22.78951],[89.27116,22.79284],[89.27031,22.79785],[89.27145,22.80128],[89.27156,22.80501],[89.27063,22.80687],[89.26994,22.81281],[89.26732,22.8139],[89.26401,22.81237],[89.26094,22.80859],[89.25237,22.80832],[89.25119,22.81036],[89.24876,22.81174],[89.25069,22.81647],[89.25375,22.81795],[89.25547,22.82063],[89.25867,22.82864],[89.25858,22.83186],[89.2562,22.83473],[89.25476,22.83539],[89.24979,22.83465],[89.25063,22.83599],[89.25225,22.83655],[89.25393,22.84174],[89.25729,22.84459],[89.25949,22.84436],[89.26861,22.83962],[89.27126,22.83956],[89.27133,22.84427],[89.27026,22.84659],[89.27075,22.84791],[89.27642,22.8495],[89.27731,22.85132],[89.2795,22.85195],[89.28211,22.8505],[89.28281,22.84912],[89.28561,22.84802],[89.28754,22.84838],[89.28893,22.84966],[89.28918,22.85453],[89.29074,22.85911],[89.29216,22.85988],[89.29498,22.85838],[89.29794,22.8544],[89.3014,22.8523],[89.30397,22.85281],[89.31111,22.85127],[89.30711,22.84746],[89.30007,22.84571],[89.29854,22.84335],[89.29994,22.8424],[89.30231,22.84114],[89.31056,22.84088],[89.32844,22.83793],[89.33118,22.83467],[89.32868,22.83046],[89.32585,22.82811],[89.32761,22.82508],[89.33048,22.82416],[89.34016,22.82639],[89.3479,22.8296],[89.35393,22.83337],[89.35506,22.83574],[89.35408,22.84229],[89.35599,22.84879],[89.35822,22.8516],[89.35835,22.85483],[89.36013,22.85805],[89.35869,22.86337],[89.35381,22.86563],[89.35153,22.86757],[89.3523,22.87061],[89.35521,22.87407],[89.35862,22.87584],[89.36055,22.87844],[89.3606,22.88022],[89.35352,22.89682],[89.35227,22.90157],[89.35036,22.90541],[89.34675,22.90831],[89.34477,22.9148],[89.34534,22.91714],[89.34661,22.91862],[89.36217,22.92123],[89.3661,22.92286],[89.37251,22.93171],[89.3791,22.93301],[89.38881,22.93134],[89.38863,22.92514],[89.38762,22.92217]]]]}},{"type":"Feature","properties":{"district_id":"khulna","upazila_id":"khulna-koyra","source_name":"Koyra","source_pcode":"404753","match_method":"exact"},"geometry":{"type":"MultiPolygon","coordinates":[[[[89.34728,21.7004],[89.34538,21.69816],[89.34204,21.69643],[89.33673,21.69516],[89.3309,21.69834],[89.32996,21.70036],[89.32881,21.70036],[89.33168,21.7068],[89.33395,21.71647],[89.33636,21.71915],[89.3378,21.71958],[89.33875,21.71874],[89.34198,21.71243],[89.34608,21.70912],[89.34946,21.70433],[89.34946,21.70325],[89.34766,21.70096],[89.34728,21.7004]]],[[[89.44909,21.75867],[89.45019,21.75809],[89.44984,21.75672],[89.44847,21.75701],[89.44819,21.75928],[89.44934,21.75928],[89.44934,21.75867],[89.44909,21.75867]]],[[[89.45291,21.7598],[89.45207,21.7598],[89.45241,21.76146],[89.45378,21.76225],[89.45291,21.76091],[89.45291,21.7598]]],[[[89.33054,21.8656],[89.32731,21.86526],[89.32716,21.86406],[89.32545,21.86325],[89.32122,21.86231],[89.32022,21.86278],[89.32373,21.86742],[89.32731,21.87058],[89.33498,21.86836],[89.33103,21.86594],[89.33054,21.8656]]],[[[89.33794,21.86967],[89.33558,21.86893],[89.3287,21.87196],[89.33594,21.87653],[89.35083,21.88164],[89.35141,21.8807],[89.35033,21.87875],[89.34361,21.87256],[89.34031,21.87061],[89.33794,21.86967]]],[[[89.33583,21.78695],[89.33339,21.788],[89.33052,21.79117],[89.32945,21.79614],[89.32616,21.8024],[89.32379,21.81074],[89.3205,21.81511],[89.32043,21.81793],[89.31871,21.82224],[89.31541,21.82566],[89.31348,21.8293],[89.31269,21.83488],[89.30946,21.84012],[89.30911,21.84711],[89.30997,21.85102],[89.31241,21.85552],[89.31448,21.8572],[89.33396,21.86399],[89.35344,21.87704],[89.35673,21.88054],[89.36053,21.88296],[89.36568,21.88356],[89.36662,21.8808],[89.3664,21.87657],[89.36404,21.87462],[89.35909,21.8681],[89.35616,21.86117],[89.35072,21.83259],[89.34835,21.82883],[89.34105,21.82264],[89.33718,21.81618],[89.33567,21.80764],[89.33411,21.80603],[89.33618,21.80334],[89.3375,21.79556],[89.33778,21.79028],[89.33639,21.78722],[89.33583,21.78695]]],[[[89.41399,21.98607],[89.42255,21.98631],[89.42432,21.98462],[89.42319,21.98256],[89.4219,21.98195],[89.41823,21.97525],[89.41728,21.96866],[89.41893,21.96443],[89.42438,21.95967],[89.42715,21.95127],[89.42951,21.94817],[89.43288,21.94448],[89.44007,21.9405],[89.45573,21.93524],[89.45718,21.93394],[89.45743,21.93273],[89.44753,21.92087],[89.44531,21.91572],[89.44511,21.91236],[89.44721,21.90712],[89.45,21.9045],[89.456,21.90191],[89.46101,21.90164],[89.46983,21.90297],[89.47154,21.90223],[89.47033,21.90008],[89.46861,21.89981],[89.46431,21.89598],[89.46306,21.89255],[89.46028,21.89083],[89.45889,21.88889],[89.46,21.88642],[89.45778,21.88221],[89.45551,21.8814],[89.45679,21.87817],[89.45565,21.87494],[89.45589,21.8728],[89.4545,21.8705],[89.45379,21.86714],[89.45393,21.86405],[89.45528,21.86122],[89.45527,21.85638],[89.45184,21.85139],[89.4475,21.85056],[89.42555,21.84917],[89.42203,21.85107],[89.42102,21.85336],[89.42059,21.85974],[89.42203,21.8625],[89.42411,21.86348],[89.43584,21.86444],[89.44509,21.86719],[89.44896,21.8692],[89.45111,21.87176],[89.45139,21.87357],[89.45104,21.87539],[89.44882,21.87761],[89.44424,21.8807],[89.4307,21.88601],[89.42154,21.89126],[89.41911,21.89502],[89.41746,21.89489],[89.41903,21.892],[89.42791,21.88494],[89.44538,21.87754],[89.44875,21.87579],[89.45054,21.87364],[89.44975,21.87156],[89.4451,21.86887],[89.43984,21.86742],[89.42774,21.86594],[89.42216,21.86413],[89.41894,21.86043],[89.41851,21.85626],[89.41908,21.85371],[89.42309,21.84806],[89.4256,21.84698],[89.43526,21.84637],[89.44736,21.84792],[89.44958,21.84745],[89.45417,21.84436],[89.45617,21.84147],[89.45654,21.83743],[89.45932,21.83158],[89.45674,21.82957],[89.45989,21.82775],[89.46104,21.8262],[89.4624,21.82109],[89.46362,21.81995],[89.46369,21.81773],[89.46835,21.81625],[89.46885,21.8143],[89.47171,21.81222],[89.47293,21.8102],[89.47321,21.8071],[89.47221,21.80509],[89.47314,21.80186],[89.47157,21.79937],[89.47372,21.79655],[89.4745,21.79251],[89.46992,21.78411],[89.46097,21.77227],[89.45395,21.76494],[89.45094,21.76481],[89.44643,21.76945],[89.44601,21.76743],[89.44331,21.76503],[89.44339,21.76423],[89.44601,21.76595],[89.44707,21.76441],[89.44407,21.75573],[89.43705,21.7484],[89.43476,21.74753],[89.43262,21.74531],[89.42803,21.74477],[89.42588,21.74315],[89.4213,21.74571],[89.4203,21.74558],[89.42516,21.74262],[89.42624,21.7406],[89.42667,21.73717],[89.42617,21.73515],[89.41879,21.72783],[89.41228,21.72372],[89.40942,21.72392],[89.40826,21.72487],[89.40627,21.72184],[89.4049,21.72124],[89.3981,21.72063],[89.39423,21.7213],[89.38667,21.72584],[89.38156,21.72735],[89.37469,21.7322],[89.37304,21.73469],[89.37175,21.74195],[89.37083,21.7425],[89.36909,21.74107],[89.36581,21.74181],[89.35993,21.74867],[89.3595,21.75257],[89.36387,21.75398],[89.35986,21.75445],[89.35771,21.75729],[89.35735,21.76911],[89.35628,21.7716],[89.35671,21.77987],[89.35578,21.78169],[89.35549,21.7866],[89.35406,21.78888],[89.3542,21.79272],[89.35335,21.7942],[89.35356,21.79602],[89.35492,21.79729],[89.35428,21.79803],[89.3522,21.79742],[89.3512,21.79789],[89.34876,21.8022],[89.34762,21.80623],[89.34811,21.81047],[89.34998,21.81369],[89.35313,21.81854],[89.36015,21.8266],[89.36294,21.83239],[89.36437,21.85028],[89.37232,21.86022],[89.37752,21.86818],[89.38213,21.88027],[89.38413,21.88793],[89.38478,21.90737],[89.38335,21.91571],[89.37972,21.92583],[89.38421,21.92108],[89.38664,21.92095],[89.38857,21.92189],[89.39287,21.92619],[89.39247,21.92778],[89.38896,21.93024],[89.38873,21.93172],[89.39917,21.93778],[89.39794,21.9412],[89.39349,21.94473],[89.37495,21.95115],[89.37325,21.95248],[89.37318,21.95424],[89.37685,21.96037],[89.38034,21.96328],[89.38208,21.96296],[89.38472,21.96028],[89.38895,21.95867],[89.39431,21.95982],[89.40062,21.96303],[89.40185,21.96472],[89.40285,21.96893],[89.40045,21.98039],[89.40337,21.98321],[89.40873,21.98628],[89.41147,21.98683],[89.41357,21.9863],[89.41399,21.98607]]],[[[89.46457,22.04557],[89.46929,22.04579],[89.47107,22.04412],[89.47111,22.03722],[89.47278,22.03111],[89.47662,22.02423],[89.48274,22.01655],[89.48707,22.0094],[89.48965,22.00338],[89.48946,21.99742],[89.49303,21.98639],[89.49633,21.97953],[89.50127,21.97288],[89.50443,21.96662],[89.50115,21.96752],[89.47721,21.98695],[89.47124,21.98921],[89.46902,21.99332],[89.46486,21.99758],[89.46484,21.99451],[89.46637,21.99404],[89.47147,21.98734],[89.47688,21.98565],[89.48059,21.98282],[89.48213,21.98065],[89.49252,21.97339],[89.49852,21.96788],[89.50592,21.96385],[89.50721,21.96122],[89.509,21.96031],[89.51235,21.95003],[89.51028,21.94139],[89.51111,21.93889],[89.51083,21.93381],[89.50806,21.93333],[89.50278,21.92945],[89.49722,21.93028],[89.49091,21.93358],[89.48718,21.93466],[89.47664,21.93587],[89.47793,21.93714],[89.48209,21.93809],[89.48351,21.93998],[89.47571,21.93654],[89.47227,21.93829],[89.47048,21.93788],[89.47771,21.93418],[89.4848,21.93418],[89.4874,21.93345],[89.49917,21.92805],[89.50242,21.92791],[89.50797,21.92999],[89.51139,21.92972],[89.51222,21.92889],[89.51195,21.92611],[89.50945,21.91639],[89.50667,21.90972],[89.50472,21.90861],[89.50195,21.90889],[89.5,21.90778],[89.49722,21.90778],[89.49583,21.90861],[89.48639,21.9075],[89.48451,21.90763],[89.47878,21.91039],[89.4752,21.9108],[89.46775,21.90999],[89.46532,21.91066],[89.46083,21.90833],[89.45695,21.90833],[89.45222,21.91],[89.45167,21.91055],[89.4519,21.91372],[89.45361,21.91654],[89.46156,21.92528],[89.46239,21.93264],[89.46035,21.93689],[89.45999,21.93999],[89.4568,21.94239],[89.45651,21.94373],[89.45306,21.94583],[89.44527,21.94806],[89.44167,21.94806],[89.43756,21.95007],[89.43083,21.95722],[89.42827,21.9616],[89.42416,21.96583],[89.42183,21.97017],[89.42333,21.97502],[89.42828,21.97919],[89.43347,21.98182],[89.43742,21.98699],[89.43899,21.99089],[89.43584,22.00472],[89.43554,22.00995],[89.43426,22.01354],[89.43414,22.01797],[89.43227,22.02403],[89.43135,22.03398],[89.42879,22.0408],[89.42947,22.04576],[89.43176,22.05186],[89.4377,22.05854],[89.44124,22.06115],[89.44933,22.05225],[89.45782,22.04724],[89.46406,22.04568],[89.46457,22.04557]]],[[[89.51495,22.07528],[89.51694,22.07417],[89.51942,22.0691],[89.51775,22.06201],[89.51461,22.0549],[89.50529,22.04087],[89.50201,22.03789],[89.5007,22.03501],[89.4959,22.02925],[89.49265,22.02959],[89.48517,22.03638],[89.48017,22.03901],[89.47786,22.04328],[89.47755,22.04862],[89.48112,22.05222],[89.48801,22.05419],[89.49712,22.05923],[89.51137,22.07057],[89.51486,22.07518],[89.51495,22.07528]]],[[[89.49323,22.08892],[89.50369,22.08639],[89.51125,22.08052],[89.51248,22.07842],[89.51206,22.07627],[89.50636,22.07166],[89.48911,22.06133],[89.48083,22.05445],[89.47704,22.05286],[89.47111,22.04726],[89.46085,22.04838],[89.45603,22.05059],[89.44695,22.05775],[89.44346,22.06252],[89.44312,22.06411],[89.45004,22.07029],[89.46825,22.07421],[89.47758,22.08109],[89.4855,22.08545],[89.48738,22.08908],[89.49269,22.08908],[89.49323,22.08892]]],[[[89.27937,22.11199],[89.28889,22.11056],[89.295,22.11056],[89.30039,22.10868],[89.31055,22.1075],[89.31747,22.10572],[89.31885,22.10325],[89.32169,22.08688],[89.32391,22.08224],[89.34135,22.06323],[89.34298,22.06065],[89.34268,22.05895],[89.33869,22.05585],[89.33485,22.05626],[89.32914,22.05838],[89.32372,22.06174],[89.31623,22.06885],[89.30817,22.07394],[89.30473,22.07833],[89.30473,22.07944],[89.30695,22.08167],[89.30773,22.08447],[89.30665,22.09043],[89.30515,22.09122],[89.30241,22.09551],[89.29882,22.09778],[89.29243,22.09936],[89.28577,22.09887],[89.27925,22.09632],[89.26855,22.09056],[89.26324,22.08944],[89.26284,22.08998],[89.26386,22.09194],[89.2711,22.10001],[89.27369,22.10482],[89.27621,22.11242],[89.27717,22.11298],[89.27888,22.11222],[89.27937,22.11199]]],[[[89.47028,22.11153],[89.4697,22.11112],[89.46588,22.11426],[89.46236,22.11833],[89.45923,22.1236],[89.45921,22.12554],[89.46055,22.12848],[89.46492,22.13227],[89.46857,22.12306],[89.47051,22.11193],[89.47028,22.11153]]],[[[89.49944,22.10946],[89.4995,22.10654],[89.50201,22.09845],[89.50742,22.08877],[89.50678,22.08755],[89.49959,22.09041],[89.49629,22.09061],[89.48715,22.09336],[89.48452,22.09605],[89.47729,22.10796],[89.47444,22.10951],[89.47389,22.11278],[89.47089,22.12024],[89.46975,22.12794],[89.47003,22.13583],[89.47162,22.13966],[89.48009,22.14287],[89.48489,22.14012],[89.49167,22.13305],[89.49472,22.12944],[89.49689,22.12508],[89.49852,22.11895],[89.49943,22.10988],[89.49944,22.10946]]],[[[89.47111,22.15778],[89.47298,22.15784],[89.47557,22.15442],[89.47722,22.14958],[89.47655,22.14839],[89.47077,22.14694],[89.4687,22.14727],[89.46722,22.14861],[89.46584,22.15167],[89.46561,22.15472],[89.4675,22.15694],[89.47083,22.15806],[89.47111,22.15778]]],[[[89.43639,22.16278],[89.44167,22.16055],[89.45528,22.14722],[89.46222,22.14305],[89.46249,22.14173],[89.46139,22.13972],[89.46111,22.13694],[89.45722,22.12667],[89.45805,22.12],[89.46111,22.11472],[89.47056,22.10444],[89.47361,22.09972],[89.48333,22.09167],[89.48473,22.08917],[89.48111,22.08583],[89.46694,22.07833],[89.44945,22.07472],[89.43972,22.08528],[89.4375,22.08917],[89.43777,22.09222],[89.43723,22.09278],[89.43639,22.09194],[89.43611,22.08972],[89.43806,22.08472],[89.44778,22.07472],[89.44833,22.07334],[89.43056,22.05722],[89.4275,22.05305],[89.42555,22.04778],[89.42555,22.04083],[89.42744,22.03389],[89.4275,22.03028],[89.42639,22.02729],[89.42718,22.02555],[89.42727,22.01584],[89.43166,21.99867],[89.43301,21.99027],[89.4315,21.98761],[89.42767,21.98559],[89.42366,21.98776],[89.41547,21.98757],[89.41084,21.98861],[89.40504,21.98655],[89.39803,21.98122],[89.39346,21.98461],[89.39234,21.98638],[89.39231,21.98825],[89.39442,21.99322],[89.39346,21.99476],[89.39333,21.99306],[89.39111,21.98917],[89.39056,21.98861],[89.39,21.98917],[89.38944,21.98806],[89.39314,21.98313],[89.39937,21.9784],[89.40158,21.96975],[89.40065,21.9649],[89.39362,21.96091],[89.389,21.95996],[89.38725,21.96037],[89.38243,21.96415],[89.37978,21.96492],[89.37622,21.9619],[89.37303,21.95753],[89.37189,21.95423],[89.37189,21.95228],[89.3744,21.94999],[89.39079,21.94441],[89.39788,21.93971],[89.39745,21.93756],[89.388,21.93386],[89.38707,21.93211],[89.38743,21.92955],[89.39144,21.92545],[89.38614,21.92216],[89.38442,21.92229],[89.38248,21.92498],[89.3812,21.92935],[89.37812,21.93258],[89.37468,21.93917],[89.37038,21.94489],[89.36687,21.95269],[89.36287,21.95847],[89.36215,21.96271],[89.36222,21.96639],[89.36361,21.97167],[89.36306,21.98],[89.36025,21.99279],[89.35504,22.00669],[89.35197,22.02518],[89.35402,22.03299],[89.36081,22.03905],[89.36861,22.04833],[89.37223,22.05449],[89.375,22.06171],[89.37722,22.06361],[89.37673,22.06549],[89.38834,22.07615],[89.39056,22.08],[89.39167,22.08333],[89.39167,22.08917],[89.38944,22.09417],[89.38722,22.09583],[89.38306,22.10111],[89.38223,22.11139],[89.38306,22.11667],[89.38445,22.11833],[89.38778,22.11889],[89.39361,22.12167],[89.40361,22.12361],[89.4075,22.12644],[89.41,22.13083],[89.41111,22.13917],[89.40723,22.14868],[89.40778,22.15055],[89.41111,22.15389],[89.41861,22.15944],[89.42472,22.15889],[89.43,22.16],[89.43528,22.16278],[89.43639,22.16278]]],[[[89.32446,22.18338],[89.32973,22.18193],[89.33159,22.18005],[89.33356,22.17085],[89.33444,22.15889],[89.33666,22.15176],[89.33465,22.14783],[89.32639,22.14028],[89.325,22.13444],[89.32557,22.12844],[89.32742,22.12592],[89.32938,22.12473],[89.3343,22.12379],[89.34045,22.12643],[89.34595,22.13148],[89.34772,22.13176],[89.34851,22.13083],[89.34561,22.11968],[89.34643,22.11535],[89.34808,22.11248],[89.35093,22.11007],[89.35889,22.1073],[89.36254,22.10151],[89.36752,22.09594],[89.37312,22.0937],[89.38012,22.09246],[89.38368,22.09053],[89.38464,22.08899],[89.38155,22.08296],[89.36954,22.07035],[89.36448,22.06025],[89.36156,22.0514],[89.35284,22.04542],[89.34592,22.03895],[89.34087,22.02883],[89.33972,22.02056],[89.34,22.01694],[89.34541,22.00649],[89.34586,22.00137],[89.34764,21.99757],[89.34759,21.99202],[89.34999,21.9849],[89.34912,21.97548],[89.3473,21.97164],[89.34316,21.97399],[89.33621,21.98081],[89.3331,21.9826],[89.32393,21.99423],[89.32172,21.99816],[89.32139,22.00111],[89.31778,22.00667],[89.31074,22.02244],[89.30639,22.02944],[89.30639,22.0325],[89.28867,22.06108],[89.2905,22.06381],[89.29731,22.0688],[89.30201,22.07126],[89.30453,22.07164],[89.30795,22.06968],[89.31657,22.06195],[89.32591,22.05643],[89.33068,22.05449],[89.33784,22.05418],[89.34203,22.05554],[89.34376,22.05738],[89.34467,22.06043],[89.34331,22.06491],[89.33547,22.07466],[89.33028,22.07917],[89.3253,22.08596],[89.3225,22.09361],[89.32128,22.10231],[89.31778,22.1075],[89.30432,22.11104],[89.28102,22.114],[89.27791,22.11514],[89.27703,22.11622],[89.27779,22.1201],[89.28385,22.132],[89.28662,22.14226],[89.28701,22.1473],[89.28891,22.15123],[89.2934,22.15504],[89.30347,22.1607],[89.30996,22.16622],[89.31805,22.17555],[89.32222,22.18344],[89.32402,22.18359],[89.32446,22.18338]]],[[[89.45628,22.21859],[89.45535,22.21135],[89.45695,22.20056],[89.45834,22.19778],[89.45778,22.19583],[89.46178,22.1894],[89.47028,22.16833],[89.47166,22.16265],[89.47025,22.16027],[89.46534,22.15693],[89.46278,22.15194],[89.46243,22.1482],[89.46066,22.147],[89.45502,22.15038],[89.45103,22.15397],[89.44694,22.16043],[89.44395,22.16333],[89.43962,22.16496],[89.43366,22.16552],[89.42941,22.17302],[89.41715,22.18229],[89.41612,22.18481],[89.41581,22.19183],[89.41418,22.19526],[89.41244,22.19695],[89.40753,22.19884],[89.39922,22.20052],[89.39484,22.2006],[89.39378,22.20132],[89.3971,22.20389],[89.40265,22.2056],[89.4052,22.2091],[89.40355,22.21245],[89.39435,22.21869],[89.39423,22.22027],[89.40116,22.22189],[89.40819,22.21819],[89.41041,22.21876],[89.41309,22.22248],[89.41767,22.22383],[89.41912,22.2251],[89.41967,22.22677],[89.41825,22.23018],[89.41894,22.23077],[89.43504,22.23535],[89.44933,22.24296],[89.45719,22.24611],[89.45951,22.24499],[89.46027,22.24304],[89.45969,22.23458],[89.45616,22.21918],[89.45628,22.21859]]],[[[89.36355,22.267],[89.36744,22.26846],[89.36973,22.26773],[89.37338,22.26051],[89.37585,22.25787],[89.37762,22.25714],[89.37959,22.25782],[89.38055,22.25944],[89.38306,22.26805],[89.38403,22.26921],[89.38515,22.26908],[89.39085,22.26307],[89.39426,22.26144],[89.40102,22.25924],[89.41188,22.25795],[89.40763,22.24735],[89.40758,22.24233],[89.41034,22.23467],[89.41312,22.23204],[89.41708,22.22995],[89.4183,22.22611],[89.41724,22.22509],[89.41274,22.22386],[89.41026,22.22007],[89.40879,22.2195],[89.40166,22.22361],[89.39481,22.22298],[89.39167,22.22139],[89.3925,22.21793],[89.39952,22.21361],[89.40106,22.21203],[89.40221,22.20879],[89.40115,22.20757],[89.39136,22.20273],[89.39027,22.19917],[89.39111,22.19778],[89.39333,22.1975],[89.39806,22.19861],[89.40111,22.19806],[89.41055,22.19472],[89.4125,22.19278],[89.41389,22.18444],[89.41528,22.18139],[89.41721,22.17889],[89.42416,22.17333],[89.42583,22.17006],[89.42805,22.16806],[89.42778,22.16444],[89.42667,22.1625],[89.42,22.16195],[89.41361,22.15972],[89.40694,22.15389],[89.405,22.15111],[89.40472,22.14806],[89.40806,22.13944],[89.40527,22.13361],[89.40195,22.13361],[89.38528,22.13806],[89.38306,22.13722],[89.37833,22.1375],[89.37695,22.13944],[89.37611,22.13917],[89.37583,22.13806],[89.37805,22.13611],[89.38972,22.13556],[89.40166,22.13194],[89.40417,22.13083],[89.40528,22.12944],[89.39694,22.12583],[89.38667,22.12361],[89.38194,22.12029],[89.37945,22.1175],[89.37861,22.11528],[89.37945,22.10028],[89.37861,22.09945],[89.37473,22.09861],[89.36945,22.09917],[89.36639,22.10556],[89.36139,22.11167],[89.35249,22.11584],[89.35,22.11806],[89.35389,22.1275],[89.35361,22.13223],[89.35078,22.13584],[89.34944,22.13667],[89.34611,22.13667],[89.34278,22.13529],[89.33444,22.1275],[89.33195,22.12834],[89.33028,22.13028],[89.32889,22.13529],[89.33028,22.13806],[89.33889,22.1475],[89.34,22.15195],[89.33972,22.15639],[89.33806,22.15972],[89.33612,22.18056],[89.33273,22.18472],[89.32361,22.19],[89.32361,22.19361],[89.325,22.19528],[89.33111,22.19695],[89.33222,22.19833],[89.33167,22.20278],[89.33278,22.20722],[89.33096,22.21262],[89.33972,22.21361],[89.3425,22.21472],[89.34472,22.21667],[89.34695,22.22056],[89.34666,22.23083],[89.34835,22.23583],[89.35,22.23806],[89.35472,22.24055],[89.35693,22.24368],[89.35687,22.24781],[89.35482,22.25051],[89.34592,22.2517],[89.34104,22.2531],[89.33988,22.25426],[89.34142,22.25579],[89.34888,22.25828],[89.3511,22.26079],[89.35213,22.26392],[89.35943,22.26938],[89.3632,22.26721],[89.36355,22.267]]],[[[89.45084,22.25],[89.44751,22.24861],[89.445,22.24889],[89.44281,22.24668],[89.43427,22.24167],[89.4204,22.2356],[89.41637,22.23589],[89.41339,22.23822],[89.41349,22.24172],[89.4196,22.25838],[89.43074,22.27077],[89.43304,22.27671],[89.43164,22.28423],[89.42634,22.29132],[89.41451,22.2989],[89.4089,22.30352],[89.40953,22.30547],[89.41737,22.31451],[89.42028,22.32139],[89.42358,22.32377],[89.42464,22.32622],[89.42495,22.33311],[89.42068,22.34336],[89.42099,22.34541],[89.42234,22.34658],[89.42459,22.3454],[89.42899,22.33945],[89.44502,22.32691],[89.44981,22.31992],[89.45694,22.31299],[89.46132,22.30128],[89.46278,22.29524],[89.46772,22.28668],[89.47385,22.27912],[89.47829,22.27169],[89.47736,22.26839],[89.46756,22.26013],[89.46165,22.25287],[89.46,22.25169],[89.45306,22.25],[89.45084,22.25]]],[[[89.34389,22.46389],[89.34639,22.45889],[89.34722,22.455],[89.35028,22.4525],[89.35361,22.45139],[89.35833,22.45361],[89.36195,22.45778],[89.36723,22.45722],[89.36861,22.45583],[89.36528,22.44833],[89.36472,22.44417],[89.36333,22.44111],[89.365,22.43111],[89.36139,22.42778],[89.36056,22.4225],[89.35611,22.41722],[89.35667,22.415],[89.36083,22.41444],[89.36195,22.41361],[89.36166,22.40944],[89.3625,22.40444],[89.36694,22.39],[89.36667,22.38667],[89.36222,22.37806],[89.3625,22.37417],[89.36361,22.37278],[89.36333,22.37083],[89.38167,22.37278],[89.3825,22.37167],[89.38055,22.36194],[89.38028,22.35389],[89.38194,22.34972],[89.3875,22.34667],[89.39361,22.34778],[89.39889,22.34778],[89.39972,22.34694],[89.39944,22.34472],[89.3975,22.34278],[89.39555,22.33889],[89.39528,22.33472],[89.39917,22.33028],[89.40778,22.32667],[89.41611,22.32111],[89.41584,22.32004],[89.40583,22.30973],[89.40556,22.30556],[89.40806,22.29866],[89.41861,22.29028],[89.41695,22.29],[89.41333,22.2925],[89.41055,22.29333],[89.40667,22.28917],[89.40556,22.28917],[89.40166,22.29417],[89.3975,22.29556],[89.39667,22.29667],[89.39278,22.29833],[89.39,22.29833],[89.38639,22.29667],[89.38416,22.29667],[89.38306,22.29833],[89.38361,22.3],[89.38277,22.30194],[89.38167,22.30305],[89.37848,22.30347],[89.3768,22.30471],[89.37833,22.31528],[89.37389,22.316],[89.37339,22.31547],[89.37555,22.31513],[89.37695,22.31333],[89.37583,22.30445],[89.3775,22.30278],[89.38139,22.30111],[89.38223,22.29667],[89.38472,22.295],[89.39027,22.29667],[89.39417,22.29667],[89.40056,22.29333],[89.40278,22.29111],[89.40305,22.28972],[89.40611,22.28778],[89.40806,22.28833],[89.41055,22.29167],[89.41278,22.29167],[89.41583,22.28944],[89.42278,22.28667],[89.42611,22.28306],[89.42667,22.28],[89.4264,22.27682],[89.42014,22.2739],[89.42173,22.27361],[89.42389,22.27472],[89.42528,22.27417],[89.42416,22.27],[89.41639,22.26306],[89.415,22.26083],[89.41194,22.25889],[89.40361,22.26],[89.39528,22.26222],[89.38979,22.26514],[89.38542,22.2696],[89.38389,22.27],[89.38167,22.26778],[89.37972,22.26],[89.37833,22.25833],[89.37666,22.25853],[89.37334,22.26222],[89.37173,22.26577],[89.37186,22.26751],[89.37305,22.26833],[89.37256,22.26902],[89.37111,22.26828],[89.36972,22.26917],[89.36618,22.26917],[89.36354,22.26813],[89.36111,22.27021],[89.35944,22.27028],[89.35389,22.26737],[89.35052,22.26355],[89.34194,22.2675],[89.33639,22.27139],[89.32917,22.27444],[89.32806,22.27555],[89.32833,22.27639],[89.33444,22.28389],[89.33389,22.2875],[89.32528,22.2925],[89.31445,22.29722],[89.31167,22.30028],[89.31277,22.30139],[89.32555,22.30028],[89.32806,22.30083],[89.34111,22.30778],[89.35139,22.31111],[89.35306,22.31333],[89.35222,22.31667],[89.34369,22.33069],[89.34182,22.33258],[89.32833,22.33722],[89.33195,22.34194],[89.33305,22.34556],[89.3311,22.34976],[89.33111,22.35806],[89.33277,22.36806],[89.33444,22.37028],[89.34189,22.37292],[89.33792,22.37278],[89.33377,22.37071],[89.33195,22.36833],[89.33035,22.36195],[89.32999,22.35178],[89.33167,22.34528],[89.32826,22.34027],[89.3273,22.33722],[89.33011,22.33477],[89.33931,22.3329],[89.34179,22.33121],[89.35035,22.31608],[89.35126,22.31315],[89.34999,22.31199],[89.34039,22.30966],[89.32859,22.30255],[89.31236,22.30273],[89.31054,22.30139],[89.31007,22.29885],[89.31035,22.29783],[89.31409,22.29535],[89.3322,22.2861],[89.33245,22.28423],[89.32709,22.2783],[89.32716,22.27398],[89.32951,22.27172],[89.34763,22.26261],[89.3485,22.26146],[89.34177,22.25898],[89.33862,22.2569],[89.33727,22.2552],[89.3375,22.25278],[89.34139,22.24945],[89.35049,22.24853],[89.35379,22.24668],[89.35218,22.24344],[89.34614,22.23773],[89.3427,22.23227],[89.34199,22.22515],[89.34305,22.21967],[89.34217,22.21766],[89.33971,22.21646],[89.33214,22.21684],[89.32759,22.21367],[89.32583,22.20866],[89.32777,22.20028],[89.32503,22.19895],[89.32279,22.19955],[89.31985,22.20578],[89.31715,22.20931],[89.31303,22.21303],[89.309,22.21532],[89.30802,22.2168],[89.31303,22.22376],[89.3144,22.22742],[89.31439,22.23196],[89.31194,22.23889],[89.30773,22.24306],[89.29916,22.24806],[89.295,22.25361],[89.295,22.25556],[89.29667,22.25972],[89.30028,22.26333],[89.30805,22.26694],[89.31181,22.26764],[89.31743,22.27085],[89.32139,22.27416],[89.32418,22.27972],[89.32333,22.28389],[89.31884,22.28877],[89.31255,22.29104],[89.30788,22.29166],[89.29195,22.28695],[89.28722,22.28667],[89.28389,22.28778],[89.28361,22.295],[89.28194,22.3036],[89.27689,22.31483],[89.27197,22.31997],[89.26534,22.32403],[89.26042,22.32834],[89.25259,22.33915],[89.2523,22.34237],[89.25459,22.34384],[89.26517,22.3404],[89.26945,22.34028],[89.27444,22.3425],[89.27633,22.34545],[89.2761,22.35032],[89.27444,22.35667],[89.26987,22.36716],[89.26861,22.37278],[89.26556,22.37639],[89.25919,22.37857],[89.25388,22.37778],[89.24596,22.37144],[89.24084,22.37028],[89.23889,22.37083],[89.23778,22.37222],[89.23696,22.3775],[89.23917,22.38028],[89.24861,22.38361],[89.25394,22.38804],[89.2558,22.3905],[89.25777,22.39611],[89.25777,22.39944],[89.25611,22.40472],[89.24361,22.42],[89.24084,22.42722],[89.24254,22.43794],[89.24639,22.4475],[89.24834,22.44972],[89.24973,22.45028],[89.25723,22.44972],[89.26124,22.45173],[89.26823,22.4501],[89.28111,22.45583],[89.3,22.46159],[89.32306,22.4636],[89.32944,22.46194],[89.33361,22.45945],[89.33591,22.45909],[89.34361,22.46395],[89.34389,22.46389]]],[[[89.33529,22.49758],[89.34502,22.49223],[89.35049,22.4921],[89.35085,22.48939],[89.35001,22.48614],[89.34135,22.47772],[89.34036,22.47344],[89.34343,22.46894],[89.34815,22.47475],[89.35338,22.47491],[89.35926,22.47264],[89.36252,22.47228],[89.36705,22.46959],[89.37145,22.47086],[89.37384,22.47063],[89.37735,22.46664],[89.38477,22.46617],[89.39069,22.46908],[89.39116,22.47217],[89.38986,22.47433],[89.39125,22.47538],[89.39719,22.47444],[89.40031,22.47631],[89.41639,22.47605],[89.41805,22.4575],[89.41611,22.45583],[89.41833,22.45528],[89.42027,22.44833],[89.42194,22.43333],[89.42361,22.42667],[89.42389,22.41195],[89.42715,22.40107],[89.42667,22.39972],[89.43083,22.39361],[89.43806,22.38611],[89.43833,22.385],[89.43695,22.38254],[89.4314,22.37723],[89.42639,22.36889],[89.42333,22.36167],[89.42194,22.35444],[89.41972,22.35444],[89.41639,22.35667],[89.40889,22.36417],[89.40806,22.36806],[89.40945,22.37444],[89.40916,22.37778],[89.40334,22.38333],[89.39972,22.39278],[89.39889,22.3925],[89.39944,22.39056],[89.39889,22.38889],[89.40278,22.3825],[89.40806,22.37778],[89.40833,22.37472],[89.40611,22.36639],[89.41306,22.35806],[89.41944,22.35361],[89.4225,22.34973],[89.42278,22.34805],[89.41972,22.34528],[89.41972,22.34139],[89.42334,22.3339],[89.42416,22.32833],[89.42083,22.32306],[89.41972,22.32278],[89.41139,22.32778],[89.39778,22.33417],[89.3975,22.33694],[89.40222,22.34583],[89.39972,22.34972],[89.39555,22.35028],[89.39167,22.34889],[89.38583,22.34889],[89.38277,22.35111],[89.38223,22.35583],[89.38306,22.35639],[89.38389,22.36167],[89.38445,22.37056],[89.3825,22.37389],[89.37945,22.37472],[89.37334,22.37472],[89.36528,22.37333],[89.36361,22.37472],[89.36777,22.38278],[89.36861,22.38861],[89.36361,22.40528],[89.36305,22.41444],[89.36111,22.41583],[89.35806,22.41583],[89.3575,22.41694],[89.36166,22.42222],[89.36222,22.42694],[89.36611,22.43056],[89.36584,22.43611],[89.36436,22.44072],[89.36971,22.45542],[89.36861,22.45778],[89.36417,22.45889],[89.36083,22.45861],[89.35694,22.45389],[89.35278,22.45306],[89.35056,22.45361],[89.34805,22.45555],[89.34583,22.46333],[89.34444,22.465],[89.34194,22.46472],[89.33833,22.46139],[89.33528,22.46],[89.32528,22.46445],[89.31849,22.46452],[89.29778,22.46222],[89.28222,22.4575],[89.26806,22.45111],[89.26389,22.45167],[89.26112,22.45331],[89.26281,22.45423],[89.25794,22.46255],[89.26254,22.46664],[89.27556,22.46861],[89.28389,22.47167],[89.28528,22.47305],[89.28703,22.47831],[89.26759,22.48839],[89.27191,22.49325],[89.27491,22.49509],[89.28023,22.49622],[89.28743,22.49652],[89.29308,22.49858],[89.29748,22.50157],[89.30008,22.50444],[89.30114,22.50734],[89.30867,22.5082],[89.31934,22.51157],[89.32383,22.51583],[89.32629,22.51589],[89.32751,22.51155],[89.32681,22.5022],[89.32867,22.5006],[89.334,22.49973],[89.33529,22.49758]]]]}},{"type":"Feature","properties":{"district_id":"khulna","upazila_id":"khulna-paikgasa","source_name":"Paikgachha","source_pcode":"404764","match_method":"reviewed-alias"},"geometry":{"type":"MultiPolygon","coordinates":[[[[89.33722,22.60167],[89.34167,22.59889],[89.34528,22.59778],[89.35944,22.59472],[89.36833,22.59444],[89.375,22.59139],[89.38333,22.58361],[89.38972,22.58],[89.39944,22.57028],[89.40139,22.56584],[89.40639,22.56],[89.42,22.54833],[89.42028,22.54722],[89.41861,22.54472],[89.40916,22.53417],[89.40611,22.5275],[89.40583,22.52222],[89.40472,22.52028],[89.38667,22.51805],[89.38277,22.51944],[89.37527,22.52528],[89.37305,22.52611],[89.36639,22.52611],[89.365,22.52722],[89.36444,22.53],[89.36528,22.53389],[89.36417,22.5375],[89.36444,22.54306],[89.36278,22.54917],[89.36472,22.56167],[89.36222,22.56472],[89.36056,22.565],[89.35139,22.56278],[89.33667,22.56333],[89.32777,22.56],[89.31859,22.56371],[89.31826,22.56785],[89.3162,22.56995],[89.31374,22.56944],[89.30917,22.56611],[89.30791,22.5664],[89.30639,22.57667],[89.30695,22.57972],[89.3125,22.58444],[89.31472,22.58444],[89.31944,22.58278],[89.32417,22.58444],[89.32611,22.58611],[89.32694,22.58833],[89.327,22.59022],[89.32472,22.59361],[89.32472,22.595],[89.32667,22.59639],[89.33111,22.59694],[89.33611,22.60167],[89.33722,22.60167]]],[[[89.28722,22.63167],[89.28944,22.63056],[89.29027,22.62749],[89.28194,22.62944],[89.28306,22.63056],[89.28555,22.62972],[89.28694,22.63167],[89.28722,22.63167]]],[[[89.40987,22.63717],[89.41444,22.63614],[89.41626,22.63469],[89.41782,22.62785],[89.41998,22.62342],[89.41991,22.62119],[89.41623,22.61601],[89.41301,22.60687],[89.40783,22.5996],[89.40708,22.59295],[89.40306,22.58287],[89.40028,22.57833],[89.39889,22.57806],[89.39366,22.58028],[89.38972,22.58389],[89.39139,22.58945],[89.39081,22.59722],[89.3889,22.6019],[89.38521,22.60705],[89.385,22.60861],[89.39326,22.61625],[89.39889,22.61695],[89.40139,22.61889],[89.40417,22.63389],[89.40588,22.6367],[89.40936,22.63724],[89.40987,22.63717]]],[[[89.29111,22.63889],[89.29021,22.63868],[89.29111,22.63926],[89.29111,22.63889]]],[[[89.42861,22.64584],[89.4228,22.64596],[89.42865,22.64835],[89.42871,22.64588],[89.42861,22.64584]]],[[[89.44908,22.64355],[89.45619,22.6389],[89.45528,22.63528],[89.45665,22.63169],[89.45985,22.62693],[89.4596,22.62564],[89.44573,22.61612],[89.44063,22.60993],[89.43759,22.60311],[89.42878,22.59972],[89.42513,22.59563],[89.42031,22.59388],[89.41805,22.59194],[89.41417,22.58528],[89.41222,22.58444],[89.41139,22.58556],[89.40833,22.58583],[89.40722,22.58722],[89.40939,22.59298],[89.41,22.59972],[89.41583,22.60806],[89.41805,22.61512],[89.42111,22.61833],[89.42223,22.62111],[89.42196,22.62565],[89.41833,22.63528],[89.41434,22.63895],[89.41434,22.64181],[89.41647,22.64275],[89.4277,22.64251],[89.42947,22.64312],[89.43073,22.64395],[89.43166,22.64611],[89.43162,22.64878],[89.4368,22.64862],[89.44431,22.64648],[89.44908,22.64355]]],[[[89.26889,22.62667],[89.27386,22.62428],[89.28358,22.62175],[89.28667,22.62164],[89.28694,22.61667],[89.28833,22.61389],[89.28694,22.60778],[89.2875,22.60333],[89.2975,22.59306],[89.295,22.59],[89.295,22.58667],[89.29833,22.58361],[89.30334,22.58111],[89.30499,22.57942],[89.30639,22.5725],[89.30611,22.56778],[89.30805,22.56472],[89.30945,22.56444],[89.31555,22.56876],[89.3168,22.56751],[89.31722,22.56417],[89.31889,22.56222],[89.32777,22.55889],[89.33667,22.56222],[89.35167,22.56167],[89.35861,22.56333],[89.36195,22.56333],[89.36333,22.56222],[89.36333,22.55889],[89.36083,22.55167],[89.36278,22.545],[89.36278,22.53806],[89.36389,22.535],[89.36305,22.52944],[89.36389,22.52667],[89.36555,22.525],[89.36938,22.52452],[89.36972,22.52389],[89.36611,22.52167],[89.36111,22.52028],[89.35416,22.52417],[89.34972,22.52417],[89.34639,22.52139],[89.3425,22.51556],[89.3412,22.51489],[89.34156,22.51395],[89.34355,22.51503],[89.34639,22.51917],[89.35152,22.5236],[89.36028,22.51944],[89.36166,22.51805],[89.36111,22.51639],[89.35861,22.51472],[89.35722,22.5125],[89.36,22.51028],[89.36139,22.51028],[89.36667,22.5075],[89.37722,22.5075],[89.37972,22.51167],[89.38028,22.51528],[89.37805,22.51778],[89.37666,22.51722],[89.3725,22.52],[89.3675,22.51917],[89.36777,22.52056],[89.37286,22.52362],[89.37556,22.52333],[89.38055,22.51805],[89.38556,22.51639],[89.39445,22.51639],[89.39917,22.51722],[89.40111,22.51833],[89.40417,22.51778],[89.40556,22.51667],[89.40694,22.51306],[89.40694,22.50805],[89.40833,22.50389],[89.41472,22.49694],[89.41639,22.49306],[89.41639,22.47605],[89.40031,22.47631],[89.39719,22.47444],[89.39125,22.47538],[89.38986,22.47433],[89.39116,22.47217],[89.39069,22.46908],[89.38477,22.46617],[89.37735,22.46664],[89.37384,22.47063],[89.37145,22.47086],[89.36705,22.46959],[89.36252,22.47228],[89.35926,22.47264],[89.35338,22.47491],[89.34815,22.47475],[89.34343,22.46894],[89.34036,22.47344],[89.34135,22.47772],[89.35001,22.48614],[89.35085,22.48939],[89.35049,22.4921],[89.34502,22.49223],[89.33529,22.49758],[89.334,22.49973],[89.32867,22.5006],[89.32681,22.5022],[89.32751,22.51155],[89.32629,22.51589],[89.32383,22.51583],[89.31934,22.51157],[89.31362,22.50946],[89.30114,22.50734],[89.30008,22.50444],[89.29748,22.50157],[89.28991,22.49727],[89.27491,22.49509],[89.27191,22.49325],[89.26759,22.48839],[89.26516,22.48945],[89.2608,22.49386],[89.25469,22.51468],[89.25114,22.53717],[89.24403,22.54429],[89.24072,22.54873],[89.23864,22.55395],[89.24426,22.56118],[89.24599,22.56691],[89.24992,22.56887],[89.25498,22.56826],[89.25735,22.56873],[89.25743,22.56959],[89.25316,22.56961],[89.26035,22.57115],[89.26285,22.57241],[89.26534,22.57569],[89.26628,22.58056],[89.2682,22.59435],[89.26511,22.60638],[89.26049,22.6085],[89.25133,22.60877],[89.24756,22.61017],[89.24634,22.61491],[89.25759,22.61696],[89.26428,22.62065],[89.26476,22.62271],[89.26306,22.62556],[89.25742,22.63046],[89.24861,22.63601],[89.24992,22.64144],[89.25335,22.6455],[89.25493,22.65109],[89.25485,22.65483],[89.25611,22.65639],[89.26206,22.65512],[89.2661,22.64767],[89.27291,22.64533],[89.27081,22.63601],[89.26398,22.63376],[89.26889,22.62694],[89.26889,22.62667]]],[[[89.41155,22.64502],[89.40979,22.64583],[89.4069,22.64923],[89.40305,22.65694],[89.40083,22.66667],[89.40111,22.67263],[89.4054,22.66893],[89.40524,22.66352],[89.40828,22.65414],[89.4131,22.64577],[89.4119,22.64518],[89.41155,22.64502]]],[[[89.27165,22.698],[89.27389,22.69639],[89.2675,22.69695],[89.26556,22.69917],[89.26583,22.70833],[89.26694,22.71517],[89.26936,22.70196],[89.27165,22.698]]],[[[89.29388,22.64084],[89.30457,22.64603],[89.30417,22.65083],[89.29919,22.65564],[89.29544,22.65785],[89.2851,22.65999],[89.26925,22.66771],[89.26793,22.67102],[89.26947,22.67966],[89.26611,22.69639],[89.26945,22.69472],[89.27695,22.69444],[89.2877,22.69717],[89.29179,22.69368],[89.2981,22.68388],[89.30079,22.68129],[89.30386,22.68087],[89.30684,22.68247],[89.31124,22.68731],[89.31332,22.69094],[89.31269,22.69682],[89.31509,22.69923],[89.313,22.70106],[89.31042,22.7056],[89.31113,22.71201],[89.31595,22.71481],[89.32535,22.71289],[89.3286,22.71448],[89.33183,22.71998],[89.33159,22.72229],[89.3403,22.71271],[89.34737,22.71416],[89.34982,22.71157],[89.3552,22.70828],[89.35231,22.70197],[89.35744,22.69202],[89.366,22.69624],[89.37116,22.69399],[89.37495,22.69097],[89.37322,22.6844],[89.3782,22.6775],[89.38126,22.67513],[89.38889,22.67897],[89.39854,22.67644],[89.39919,22.67533],[89.39778,22.6725],[89.39778,22.67028],[89.39977,22.65536],[89.40361,22.64556],[89.40756,22.64056],[89.40444,22.63722],[89.40222,22.63194],[89.40056,22.61945],[89.39861,22.61806],[89.39278,22.61722],[89.38805,22.61306],[89.38111,22.60917],[89.38333,22.6075],[89.38934,22.59607],[89.38967,22.5904],[89.38743,22.58493],[89.38663,22.58456],[89.38277,22.58583],[89.37805,22.59167],[89.37139,22.59556],[89.35472,22.59805],[89.34306,22.60083],[89.33889,22.60278],[89.33556,22.60278],[89.33361,22.60167],[89.33056,22.59778],[89.32639,22.5975],[89.32389,22.59639],[89.32339,22.59383],[89.3258,22.58966],[89.32407,22.58649],[89.32184,22.5848],[89.31999,22.58401],[89.31272,22.58578],[89.30573,22.58109],[89.29667,22.58778],[89.29916,22.59333],[89.29583,22.59778],[89.28944,22.60361],[89.28861,22.60556],[89.29,22.61139],[89.28889,22.6175],[89.28917,22.62231],[89.29228,22.62316],[89.29723,22.63139],[89.29723,22.63333],[89.29639,22.63445],[89.29333,22.63445],[89.2925,22.63528],[89.29444,22.63972],[89.29417,22.64083],[89.29388,22.64084]]]]}},{"type":"Feature","properties":{"district_id":"khulna","upazila_id":"khulna-fultola","source_name":"Phultala","source_pcode":"404769","match_method":"reviewed-alias"},"geometry":{"type":"Polygon","coordinates":[[[89.51752,22.92769],[89.51903,22.9227],[89.52103,22.92184],[89.52288,22.91944],[89.52435,22.91504],[89.52401,22.912],[89.51817,22.91071],[89.51411,22.91098],[89.50462,22.91553],[89.50063,22.91413],[89.49867,22.91245],[89.4976,22.90932],[89.49403,22.90809],[89.48837,22.91024],[89.48693,22.9097],[89.47783,22.91067],[89.46866,22.91343],[89.46465,22.91748],[89.46467,22.92031],[89.46674,22.92324],[89.46362,22.92447],[89.45993,22.92463],[89.44778,22.92279],[89.44151,22.92357],[89.42505,22.9196],[89.41589,22.91873],[89.41132,22.92085],[89.4019,22.92758],[89.39637,22.9261],[89.38901,22.92127],[89.38762,22.92217],[89.38886,22.92686],[89.38881,22.93134],[89.39642,22.93196],[89.39719,22.93392],[89.39796,22.93411],[89.39805,22.93615],[89.39986,22.93998],[89.40669,22.94338],[89.40685,22.94851],[89.40993,22.95486],[89.41442,22.95659],[89.42284,22.95731],[89.42915,22.95974],[89.43114,22.96245],[89.43198,22.96594],[89.4333,22.98024],[89.43583,22.99163],[89.44461,23.00615],[89.45409,23.0088],[89.45714,23.00832],[89.46151,23.00574],[89.46661,22.9948],[89.47979,22.97747],[89.48205,22.96846],[89.48178,22.96167],[89.48336,22.9582],[89.48674,22.95395],[89.48698,22.95195],[89.49509,22.94266],[89.5071,22.93219],[89.51244,22.92907],[89.51752,22.92769]]]}},{"type":"Feature","properties":{"district_id":"khulna","upazila_id":"khulna-rupsha","source_name":"Rupsa","source_pcode":"404775","match_method":"unique-near"},"geometry":{"type":"Polygon","coordinates":[[[89.66615,22.86602],[89.68024,22.85525],[89.68275,22.84881],[89.68068,22.8361],[89.68191,22.81871],[89.67984,22.81371],[89.68,22.79951],[89.67861,22.79638],[89.67107,22.7975],[89.66852,22.79492],[89.66605,22.78716],[89.65683,22.7743],[89.65858,22.76747],[89.65892,22.76068],[89.66054,22.75719],[89.65823,22.7561],[89.65253,22.75487],[89.64824,22.75791],[89.64899,22.76031],[89.64868,22.77181],[89.64732,22.77575],[89.64445,22.7748],[89.63929,22.76723],[89.63571,22.76697],[89.62093,22.77514],[89.61594,22.77507],[89.61282,22.7779],[89.61211,22.78252],[89.60948,22.78724],[89.60518,22.79339],[89.60133,22.79642],[89.59997,22.79628],[89.59647,22.79281],[89.58621,22.78888],[89.5853,22.80155],[89.58383,22.80933],[89.57802,22.81709],[89.57049,22.82083],[89.56584,22.82457],[89.5574,22.8321],[89.55635,22.83469],[89.5549,22.84174],[89.55548,22.84644],[89.55871,22.85123],[89.56475,22.85464],[89.58084,22.85712],[89.58579,22.85579],[89.59077,22.85336],[89.59606,22.85288],[89.60346,22.8485],[89.60559,22.84804],[89.61034,22.84992],[89.61436,22.8485],[89.61561,22.84698],[89.61194,22.83994],[89.61281,22.83642],[89.61681,22.83625],[89.62532,22.83822],[89.62827,22.83774],[89.63152,22.83554],[89.6341,22.83725],[89.63544,22.84038],[89.64149,22.84453],[89.64227,22.84779],[89.64458,22.85083],[89.6489,22.85296],[89.6512,22.8552],[89.65344,22.85618],[89.65773,22.85308],[89.65986,22.85222],[89.66117,22.85287],[89.66098,22.85662],[89.66267,22.86491],[89.66615,22.86602]]]}},{"type":"Feature","properties":{"district_id":"khulna","upazila_id":"khulna-terokhada","source_name":"Terokhada","source_pcode":"404794","match_method":"exact"},"geometry":{"type":"Polygon","coordinates":[[[89.56822,22.98291],[89.57061,22.98637],[89.57451,22.98885],[89.57815,22.98859],[89.58852,22.98477],[89.59204,22.98283],[89.59404,22.97565],[89.60136,22.96523],[89.60519,22.96118],[89.61249,22.95587],[89.61625,22.95566],[89.62181,22.95402],[89.62252,22.95895],[89.62651,22.96224],[89.62788,22.9645],[89.62842,22.96799],[89.63169,22.96837],[89.63348,22.96039],[89.63447,22.96013],[89.65003,22.9645],[89.65391,22.96601],[89.65671,22.96864],[89.66031,22.9789],[89.66386,22.98024],[89.66948,22.98011],[89.67812,22.9782],[89.68597,22.97063],[89.69086,22.97351],[89.69244,22.97634],[89.69564,22.97804],[89.71828,22.97187],[89.7257,22.9742],[89.73317,22.97234],[89.737,22.97241],[89.74196,22.97492],[89.74697,22.96582],[89.74995,22.96431],[89.75294,22.96906],[89.75819,22.96809],[89.7572,22.96181],[89.75891,22.95734],[89.75157,22.9461],[89.75301,22.9429],[89.74722,22.93943],[89.74566,22.93683],[89.74138,22.93608],[89.73669,22.93241],[89.73416,22.92862],[89.7342,22.92471],[89.73225,22.92091],[89.73617,22.92196],[89.73813,22.92403],[89.74165,22.9236],[89.74216,22.92232],[89.7369,22.91596],[89.73671,22.912],[89.7306,22.90802],[89.7271,22.90697],[89.72402,22.90705],[89.72272,22.90317],[89.72539,22.90138],[89.72735,22.9011],[89.73282,22.90411],[89.73735,22.90135],[89.73629,22.89915],[89.73278,22.89544],[89.72814,22.89694],[89.71677,22.89459],[89.71636,22.89121],[89.7225,22.8903],[89.72659,22.88659],[89.71884,22.88413],[89.71613,22.88236],[89.71475,22.88349],[89.71126,22.88416],[89.71063,22.88004],[89.7055,22.87557],[89.70229,22.87572],[89.70171,22.8805],[89.69805,22.88382],[89.69656,22.88753],[89.69425,22.88857],[89.69314,22.88693],[89.69167,22.87904],[89.68909,22.8775],[89.68608,22.87982],[89.6834,22.88064],[89.6727,22.87994],[89.67231,22.87719],[89.66842,22.87528],[89.66678,22.8721],[89.6659,22.86959],[89.66615,22.86602],[89.66267,22.86491],[89.66098,22.85662],[89.66117,22.85287],[89.65986,22.85222],[89.65773,22.85308],[89.65344,22.85618],[89.6512,22.8552],[89.6489,22.85296],[89.64458,22.85083],[89.64227,22.84779],[89.64149,22.84453],[89.63544,22.84038],[89.6341,22.83725],[89.63152,22.83554],[89.62827,22.83774],[89.62532,22.83822],[89.61681,22.83625],[89.61281,22.83642],[89.61194,22.83994],[89.61561,22.84698],[89.61436,22.8485],[89.61034,22.84992],[89.60559,22.84804],[89.60346,22.8485],[89.59606,22.85288],[89.59077,22.85336],[89.58579,22.85579],[89.58084,22.85712],[89.56475,22.85464],[89.56793,22.8598],[89.57001,22.8717],[89.56776,22.87693],[89.5703,22.89101],[89.56689,22.9046],[89.56837,22.91256],[89.57133,22.92035],[89.5743,22.94011],[89.57403,22.95],[89.57133,22.95427],[89.56177,22.95806],[89.56942,22.96989],[89.56926,22.97674],[89.56774,22.98155],[89.56822,22.98291]]]}},{"type":"Feature","properties":{"district_id":"kushtia","upazila_id":"kushtia-bheramara","source_name":"Bheramara","source_pcode":"405015","match_method":"exact"},"geometry":{"type":"Polygon","coordinates":[[[88.92995,24.12622],[88.93868,24.13122],[88.94703,24.12719],[88.9557,24.12526],[88.97555,24.1233],[88.99063,24.12299],[88.99802,24.12198],[89.00438,24.11968],[89.0081,24.11946],[89.00896,24.12049],[89.01091,24.11989],[89.01511,24.11591],[89.03088,24.0769],[89.04029,24.04686],[89.04349,24.04251],[89.04971,24.02375],[89.05109,24.01477],[89.05448,24.00772],[89.05812,23.99717],[89.05259,23.99285],[89.04462,23.99049],[89.03625,23.9902],[89.02348,23.99344],[89.01877,23.98943],[89.01306,23.98928],[89.01099,23.9874],[89.00661,23.98813],[88.99346,23.98783],[88.98866,23.99269],[88.98495,24.00008],[88.98169,24.00443],[88.97866,24.00505],[88.97519,24.00797],[88.96579,24.0127],[88.96281,24.01526],[88.94625,24.01794],[88.94342,24.01912],[88.94307,24.02366],[88.93641,24.0256],[88.92447,24.02703],[88.92103,24.02829],[88.92122,24.03177],[88.92876,24.04436],[88.91519,24.05179],[88.9126,24.05588],[88.91302,24.05861],[88.91887,24.06346],[88.92297,24.07128],[88.92938,24.0761],[88.92999,24.08191],[88.9273,24.0843],[88.92793,24.09544],[88.93044,24.09702],[88.93137,24.10718],[88.92897,24.10841],[88.92944,24.11057],[88.93209,24.11288],[88.93345,24.11616],[88.93264,24.11899],[88.93048,24.12015],[88.92966,24.12281],[88.92995,24.12622]]]}},{"type":"Feature","properties":{"district_id":"kushtia","upazila_id":"kushtia-daulatpur","source_name":"Daulatpur","source_pcode":"405039","match_method":"exact"},"geometry":{"type":"Polygon","coordinates":[[[88.73285,24.20972],[88.73779,24.20937],[88.74194,24.19328],[88.7458,24.18442],[88.75323,24.17299],[88.76161,24.16291],[88.78209,24.14399],[88.79575,24.13458],[88.80038,24.1326],[88.81062,24.12889],[88.82047,24.1273],[88.83225,24.12699],[88.85097,24.12312],[88.85748,24.12106],[88.86302,24.11594],[88.86736,24.11527],[88.87689,24.11968],[88.88105,24.12026],[88.88271,24.11859],[88.88324,24.11421],[88.8818,24.11168],[88.8763,24.1076],[88.87572,24.10556],[88.87808,24.10548],[88.90205,24.11488],[88.91058,24.11739],[88.91189,24.11873],[88.91224,24.12582],[88.9114,24.12748],[88.90991,24.12829],[88.90981,24.12977],[88.91212,24.13156],[88.92194,24.13433],[88.923,24.1338],[88.92063,24.12481],[88.92105,24.12321],[88.92378,24.12306],[88.92995,24.12622],[88.92966,24.12281],[88.93048,24.12015],[88.93264,24.11899],[88.93345,24.11616],[88.93209,24.11288],[88.92944,24.11057],[88.92897,24.10841],[88.93137,24.10718],[88.93044,24.09702],[88.92793,24.09544],[88.9273,24.0843],[88.92999,24.08191],[88.92938,24.0761],[88.92297,24.07128],[88.91887,24.06346],[88.91302,24.05861],[88.9126,24.05588],[88.91519,24.05179],[88.92876,24.04436],[88.92122,24.03177],[88.92103,24.02829],[88.92447,24.02703],[88.93641,24.0256],[88.94307,24.02366],[88.94342,24.01912],[88.94625,24.01794],[88.96281,24.01526],[88.96579,24.0127],[88.96709,24.00212],[88.96867,23.9972],[88.97037,23.99508],[88.97356,23.99343],[88.97456,23.99053],[88.97386,23.98626],[88.96664,23.98439],[88.95598,23.97387],[88.95306,23.96985],[88.95201,23.96662],[88.95471,23.95479],[88.95822,23.95049],[88.96166,23.94225],[88.96159,23.93149],[88.95885,23.927],[88.95052,23.91887],[88.94627,23.91655],[88.93484,23.91373],[88.92436,23.90978],[88.91615,23.91092],[88.91342,23.9105],[88.9088,23.90825],[88.89886,23.90594],[88.89449,23.90374],[88.89299,23.90001],[88.89309,23.8948],[88.88825,23.88752],[88.88509,23.8799],[88.87849,23.88097],[88.87421,23.88049],[88.86935,23.87853],[88.86139,23.8729],[88.85736,23.8716],[88.85426,23.8717],[88.84741,23.87708],[88.84466,23.88221],[88.84562,23.8843],[88.84843,23.88552],[88.85841,23.88336],[88.8643,23.88357],[88.87289,23.88636],[88.87617,23.89016],[88.87875,23.89585],[88.88058,23.90535],[88.87973,23.90979],[88.878,23.91339],[88.86728,23.92709],[88.8569,23.93482],[88.84207,23.94017],[88.83379,23.94159],[88.83054,23.93958],[88.8271,23.93065],[88.82499,23.93015],[88.82072,23.93429],[88.81686,23.93969],[88.81529,23.95016],[88.81576,23.95896],[88.81485,23.96775],[88.80934,23.97514],[88.8048,23.97775],[88.79794,23.97837],[88.79062,23.97421],[88.78744,23.96544],[88.7872,23.95874],[88.78523,23.95205],[88.78214,23.95181],[88.77747,23.9542],[88.77335,23.95994],[88.76986,23.9699],[88.76694,23.9724],[88.7616,23.97269],[88.75034,23.96847],[88.74356,23.96732],[88.73514,23.96787],[88.73496,23.97817],[88.73618,23.98023],[88.74108,23.98457],[88.7534,23.98619],[88.7689,23.98183],[88.77099,23.98478],[88.77132,23.98752],[88.76988,23.99078],[88.76569,23.99417],[88.76241,24.00525],[88.75874,24.00818],[88.74603,24.00388],[88.74215,24.00079],[88.73037,23.99469],[88.72719,23.9945],[88.72945,24.00511],[88.73176,24.00896],[88.73506,24.01079],[88.73777,24.01375],[88.73746,24.02325],[88.73917,24.03459],[88.73542,24.04656],[88.73343,24.04816],[88.72657,24.04893],[88.72329,24.0525],[88.7366,24.05563],[88.73734,24.05633],[88.73763,24.05943],[88.73561,24.06332],[88.73091,24.06242],[88.72424,24.06396],[88.72238,24.06577],[88.72222,24.07166],[88.72382,24.07345],[88.72438,24.07719],[88.72461,24.0891],[88.72596,24.09454],[88.72559,24.09589],[88.72161,24.09951],[88.71028,24.09809],[88.70389,24.09377],[88.69996,24.09487],[88.69787,24.09714],[88.69817,24.10753],[88.69469,24.1134],[88.69469,24.11615],[88.69763,24.11817],[88.7038,24.11959],[88.7102,24.11892],[88.70822,24.12459],[88.70758,24.13886],[88.70657,24.14476],[88.70535,24.14727],[88.69891,24.15445],[88.69952,24.16603],[88.70406,24.16721],[88.71101,24.17669],[88.71625,24.18899],[88.71725,24.20022],[88.71989,24.19774],[88.72444,24.19706],[88.73198,24.1974],[88.7322,24.20974],[88.73285,24.20972]]]}},{"type":"Feature","properties":{"district_id":"kushtia","upazila_id":"kushtia-khoksa","source_name":"Khoksa","source_pcode":"405063","match_method":"exact"},"geometry":{"type":"Polygon","coordinates":[[[89.2484,23.76057],[89.25167,23.76863],[89.25183,23.77115],[89.25002,23.77281],[89.24832,23.7778],[89.24994,23.78129],[89.25132,23.7884],[89.2516,23.79606],[89.25359,23.79616],[89.25505,23.7984],[89.25449,23.80116],[89.25207,23.80367],[89.258,23.8094],[89.26304,23.82256],[89.26324,23.82673],[89.26601,23.82897],[89.26849,23.82911],[89.27098,23.82393],[89.27576,23.82456],[89.28067,23.82266],[89.28255,23.82403],[89.28503,23.82399],[89.28834,23.82256],[89.29035,23.82432],[89.29385,23.83478],[89.29932,23.83865],[89.29372,23.84601],[89.29781,23.8497],[89.2922,23.85333],[89.29155,23.85496],[89.29333,23.85719],[89.29533,23.8582],[89.30118,23.85982],[89.3044,23.86577],[89.30389,23.86791],[89.30598,23.8699],[89.31419,23.86914],[89.31763,23.86782],[89.32566,23.86145],[89.33072,23.86379],[89.33219,23.86253],[89.3325,23.85702],[89.33575,23.85553],[89.33971,23.85556],[89.3416,23.85755],[89.34078,23.86497],[89.34111,23.86936],[89.34363,23.87105],[89.34528,23.87065],[89.34788,23.8674],[89.34979,23.86704],[89.35328,23.86806],[89.35567,23.86723],[89.35658,23.86067],[89.35924,23.86034],[89.35529,23.85488],[89.35426,23.85028],[89.35471,23.83972],[89.35299,23.83721],[89.34305,23.82967],[89.34378,23.82604],[89.34025,23.82308],[89.34064,23.81831],[89.33983,23.81221],[89.33543,23.80608],[89.32809,23.78969],[89.33234,23.78283],[89.33273,23.78037],[89.33031,23.77443],[89.32766,23.77235],[89.31527,23.7708],[89.31355,23.76548],[89.3158,23.76392],[89.32462,23.76285],[89.3244,23.76115],[89.31725,23.75058],[89.3183,23.7475],[89.31824,23.74487],[89.30968,23.74066],[89.30128,23.73513],[89.29872,23.73092],[89.28836,23.73193],[89.27998,23.73578],[89.27159,23.73694],[89.26868,23.73951],[89.26087,23.75365],[89.25798,23.7573],[89.25329,23.76067],[89.2484,23.76057]]]}},{"type":"Feature","properties":{"district_id":"kushtia","upazila_id":"kushtia-kumarkhali","source_name":"Kumarkhali","source_pcode":"405071","match_method":"exact"},"geometry":{"type":"Polygon","coordinates":[[[89.36909,23.90472],[89.36854,23.89853],[89.37036,23.894],[89.36992,23.89075],[89.3675,23.88781],[89.36613,23.88734],[89.36408,23.8924],[89.36193,23.89339],[89.36126,23.8909],[89.36134,23.88368],[89.35951,23.87895],[89.3624,23.87774],[89.36409,23.87585],[89.3634,23.87273],[89.36694,23.86739],[89.36652,23.86546],[89.35924,23.86034],[89.35658,23.86067],[89.35567,23.86723],[89.35328,23.86806],[89.34979,23.86704],[89.34788,23.8674],[89.34528,23.87065],[89.34363,23.87105],[89.34111,23.86936],[89.34078,23.86497],[89.3416,23.85755],[89.33971,23.85556],[89.33575,23.85553],[89.3325,23.85702],[89.33219,23.86253],[89.33072,23.86379],[89.32566,23.86145],[89.31763,23.86782],[89.31419,23.86914],[89.30598,23.8699],[89.30389,23.86791],[89.3044,23.86577],[89.30118,23.85982],[89.29533,23.8582],[89.29333,23.85719],[89.29155,23.85496],[89.2922,23.85333],[89.29781,23.8497],[89.29372,23.84601],[89.29932,23.83865],[89.29385,23.83478],[89.29035,23.82432],[89.28834,23.82256],[89.28503,23.82399],[89.28255,23.82403],[89.28067,23.82266],[89.27576,23.82456],[89.27098,23.82393],[89.26849,23.82911],[89.26601,23.82897],[89.26324,23.82673],[89.26304,23.82256],[89.258,23.8094],[89.25207,23.80367],[89.25449,23.80116],[89.25505,23.7984],[89.25359,23.79616],[89.2516,23.79606],[89.25132,23.7884],[89.24994,23.78129],[89.24832,23.7778],[89.25002,23.77281],[89.25183,23.77115],[89.25167,23.76863],[89.2484,23.76057],[89.24084,23.75671],[89.23703,23.7517],[89.22315,23.75631],[89.21931,23.75571],[89.21645,23.75203],[89.21377,23.75098],[89.20864,23.7451],[89.20563,23.74303],[89.19878,23.74041],[89.19527,23.74088],[89.1854,23.74558],[89.18144,23.74509],[89.17819,23.7436],[89.17577,23.73676],[89.17447,23.73646],[89.16901,23.74146],[89.16205,23.74601],[89.15276,23.75429],[89.14832,23.75496],[89.1455,23.75661],[89.14421,23.76261],[89.14499,23.77139],[89.14596,23.77674],[89.14823,23.78244],[89.15701,23.78219],[89.16289,23.78525],[89.16355,23.78751],[89.16696,23.7914],[89.16711,23.79283],[89.16385,23.79368],[89.16071,23.79712],[89.15934,23.80003],[89.15542,23.80154],[89.15511,23.80447],[89.15752,23.81108],[89.15532,23.81855],[89.15041,23.81729],[89.14814,23.81834],[89.148,23.82081],[89.1568,23.82479],[89.1596,23.82853],[89.16325,23.83149],[89.16385,23.83387],[89.16241,23.83622],[89.15979,23.83837],[89.16243,23.84343],[89.16168,23.84586],[89.1544,23.85007],[89.15302,23.85269],[89.1564,23.86396],[89.15417,23.86679],[89.15212,23.86652],[89.15253,23.86851],[89.15704,23.87425],[89.16008,23.87494],[89.16056,23.87693],[89.16042,23.87911],[89.15423,23.88854],[89.15401,23.89302],[89.15617,23.90256],[89.15275,23.90456],[89.14644,23.90456],[89.13953,23.90956],[89.13995,23.91132],[89.14261,23.91409],[89.14617,23.91642],[89.15415,23.91941],[89.15656,23.92207],[89.15938,23.92374],[89.16367,23.92462],[89.16679,23.92617],[89.16833,23.92858],[89.16873,23.93641],[89.18224,23.93971],[89.18707,23.94287],[89.19083,23.94823],[89.19321,23.94991],[89.19676,23.9479],[89.19824,23.94121],[89.20284,23.92999],[89.2066,23.92625],[89.20981,23.9254],[89.2128,23.9262],[89.22444,23.93524],[89.23367,23.9388],[89.23859,23.94933],[89.24206,23.96409],[89.24659,23.97378],[89.24924,23.97591],[89.2575,23.97403],[89.26717,23.9688],[89.28063,23.96385],[89.30373,23.95798],[89.31274,23.95336],[89.31895,23.94506],[89.3242,23.93571],[89.32899,23.93118],[89.3429,23.92701],[89.34704,23.92354],[89.35052,23.91837],[89.3596,23.90871],[89.36615,23.90543],[89.36909,23.90472]]]}},{"type":"Feature","properties":{"district_id":"kushtia","upazila_id":"kushtia-kushtia-sadar","source_name":"Kushtia S.","source_pcode":"405079","match_method":"exact"},"geometry":{"type":"Polygon","coordinates":[[[89.15796,23.94948],[89.16471,23.94881],[89.17081,23.95071],[89.17564,23.95346],[89.18543,23.96926],[89.1884,23.96915],[89.19071,23.96717],[89.19291,23.96258],[89.19676,23.9479],[89.19321,23.94991],[89.19083,23.94823],[89.18707,23.94287],[89.18224,23.93971],[89.16873,23.93641],[89.16833,23.92858],[89.16679,23.92617],[89.16367,23.92462],[89.15938,23.92374],[89.15656,23.92207],[89.15415,23.91941],[89.14617,23.91642],[89.14261,23.91409],[89.13995,23.91132],[89.13953,23.90956],[89.14644,23.90456],[89.15275,23.90456],[89.15617,23.90256],[89.15401,23.89302],[89.15423,23.88854],[89.16042,23.87911],[89.16056,23.87693],[89.16008,23.87494],[89.15704,23.87425],[89.15253,23.86851],[89.15212,23.86652],[89.15417,23.86679],[89.1564,23.86396],[89.15302,23.85269],[89.1544,23.85007],[89.16168,23.84586],[89.16243,23.84343],[89.15979,23.83837],[89.16241,23.83622],[89.16385,23.83387],[89.16325,23.83149],[89.1596,23.82853],[89.1568,23.82479],[89.148,23.82081],[89.14814,23.81834],[89.15041,23.81729],[89.15532,23.81855],[89.15752,23.81108],[89.15511,23.80447],[89.15542,23.80154],[89.15934,23.80003],[89.16071,23.79712],[89.16385,23.79368],[89.16711,23.79283],[89.16696,23.7914],[89.16355,23.78751],[89.16289,23.78525],[89.15701,23.78219],[89.14823,23.78244],[89.14596,23.77674],[89.14421,23.76261],[89.1455,23.75661],[89.14832,23.75496],[89.15276,23.75429],[89.16205,23.74601],[89.16901,23.74146],[89.17447,23.73646],[89.17225,23.73368],[89.16533,23.73101],[89.1635,23.72878],[89.16216,23.72018],[89.16013,23.71751],[89.15523,23.71682],[89.14728,23.72116],[89.14351,23.72113],[89.13904,23.71704],[89.13595,23.71721],[89.13395,23.71591],[89.13222,23.71271],[89.12634,23.70913],[89.12635,23.70661],[89.12928,23.69838],[89.1245,23.69117],[89.11915,23.69857],[89.11781,23.70583],[89.12234,23.71695],[89.12351,23.72292],[89.1239,23.72702],[89.12115,23.73141],[89.11694,23.73116],[89.11079,23.72319],[89.10726,23.72308],[89.10438,23.72421],[89.10232,23.7264],[89.10196,23.73008],[89.1028,23.73532],[89.1013,23.73766],[89.09837,23.73936],[89.0881,23.74218],[89.0877,23.74449],[89.09083,23.75251],[89.08957,23.75432],[89.08797,23.75467],[89.07947,23.7533],[89.07595,23.75377],[89.07496,23.75672],[89.07806,23.76354],[89.07874,23.76678],[89.0771,23.76844],[89.07372,23.76907],[89.0692,23.76923],[89.06554,23.76833],[89.06235,23.76666],[89.06031,23.76364],[89.05974,23.75955],[89.06023,23.75597],[89.06606,23.73739],[89.06919,23.73282],[89.07814,23.72879],[89.08001,23.72655],[89.08015,23.72408],[89.07232,23.71891],[89.06487,23.71718],[89.06191,23.71739],[89.05627,23.72273],[89.05266,23.72481],[89.04652,23.72404],[89.04464,23.72239],[89.0446,23.72085],[89.04784,23.71856],[89.05675,23.7155],[89.0585,23.71361],[89.05701,23.71006],[89.05424,23.70718],[89.04871,23.69603],[89.04619,23.69343],[89.04119,23.69045],[89.03811,23.69056],[89.03114,23.69469],[89.02325,23.70212],[89.01549,23.71687],[89.01379,23.72534],[89.01455,23.72989],[89.01431,23.73711],[89.01165,23.74671],[89.00916,23.74908],[88.99802,23.75187],[88.99622,23.75439],[89.00792,23.77225],[89.01165,23.7834],[89.01028,23.78643],[89.00805,23.7861],[89.00441,23.78027],[88.99104,23.79264],[88.99183,23.79477],[88.99377,23.79668],[88.99509,23.80383],[89.00198,23.81573],[89.00491,23.82331],[89.00679,23.82479],[89.00977,23.82543],[89.01416,23.82522],[89.01525,23.82747],[89.01373,23.83268],[89.01456,23.83391],[89.02076,23.83427],[89.02328,23.85004],[89.03911,23.86232],[89.04476,23.86304],[89.04945,23.86603],[89.05534,23.86359],[89.06178,23.86761],[89.06138,23.86854],[89.05788,23.87015],[89.05783,23.8772],[89.05981,23.88038],[89.06369,23.87911],[89.06974,23.88187],[89.07264,23.88149],[89.07415,23.87966],[89.07691,23.87835],[89.08089,23.87903],[89.08495,23.88135],[89.08805,23.88141],[89.09144,23.88374],[89.09074,23.88573],[89.08927,23.88704],[89.07899,23.89318],[89.07626,23.89607],[89.07637,23.89876],[89.08804,23.90712],[89.09278,23.90873],[89.09475,23.91118],[89.09412,23.91332],[89.08758,23.91801],[89.08376,23.9194],[89.0827,23.92179],[89.08602,23.94354],[89.08828,23.94547],[89.09141,23.94667],[89.10094,23.94612],[89.10461,23.94742],[89.10501,23.95519],[89.09734,23.95574],[89.09534,23.95765],[89.09662,23.96287],[89.09814,23.96207],[89.11039,23.9609],[89.12279,23.9623],[89.12829,23.96091],[89.13258,23.95898],[89.13575,23.95646],[89.14916,23.9513],[89.15796,23.94948]]]}},{"type":"Feature","properties":{"district_id":"kushtia","upazila_id":"kushtia-mirpur","source_name":"Mirpur","source_pcode":"405094","match_method":"exact"},"geometry":{"type":"Polygon","coordinates":[[[89.05812,23.99717],[89.0632,23.98406],[89.0668,23.98102],[89.07257,23.97779],[89.08008,23.97564],[89.09534,23.97374],[89.09662,23.96287],[89.09534,23.95765],[89.09734,23.95574],[89.10501,23.95519],[89.10461,23.94742],[89.10094,23.94612],[89.09141,23.94667],[89.08828,23.94547],[89.08602,23.94354],[89.0827,23.92179],[89.08376,23.9194],[89.08758,23.91801],[89.09412,23.91332],[89.09475,23.91118],[89.09278,23.90873],[89.08804,23.90712],[89.07637,23.89876],[89.07626,23.89607],[89.07899,23.89318],[89.08927,23.88704],[89.09074,23.88573],[89.09144,23.88374],[89.08805,23.88141],[89.08495,23.88135],[89.08089,23.87903],[89.07691,23.87835],[89.07415,23.87966],[89.07264,23.88149],[89.06974,23.88187],[89.06369,23.87911],[89.05981,23.88038],[89.05783,23.8772],[89.05788,23.87015],[89.06138,23.86854],[89.06178,23.86761],[89.05534,23.86359],[89.04945,23.86603],[89.04476,23.86304],[89.03911,23.86232],[89.02328,23.85004],[89.02076,23.83427],[89.01456,23.83391],[89.01373,23.83268],[89.01525,23.82747],[89.01416,23.82522],[89.00977,23.82543],[89.00679,23.82479],[89.00491,23.82331],[89.00198,23.81573],[88.99509,23.80383],[88.99377,23.79668],[88.99183,23.79477],[88.99104,23.79264],[89.00441,23.78027],[89.00264,23.77409],[89.00079,23.77101],[88.99873,23.77056],[88.99538,23.77268],[88.98918,23.77873],[88.98512,23.7795],[88.9825,23.77844],[88.97684,23.77033],[88.97045,23.75521],[88.96644,23.7522],[88.96335,23.75259],[88.96024,23.75458],[88.95082,23.77076],[88.94624,23.77715],[88.94475,23.78052],[88.94704,23.79069],[88.94618,23.79377],[88.94044,23.79859],[88.93815,23.79826],[88.93565,23.79342],[88.93262,23.79015],[88.92357,23.78553],[88.9183,23.78508],[88.91735,23.7862],[88.91632,23.78851],[88.92081,23.79724],[88.9229,23.80651],[88.92751,23.81522],[88.92839,23.81983],[88.9268,23.82441],[88.92381,23.82702],[88.92037,23.82811],[88.91763,23.83061],[88.91522,23.83762],[88.91284,23.83958],[88.90794,23.83563],[88.90263,23.82968],[88.90054,23.82928],[88.8948,23.83051],[88.88474,23.83543],[88.88147,23.83588],[88.87361,23.83196],[88.86884,23.83195],[88.86477,23.83644],[88.86787,23.84652],[88.8679,23.85236],[88.87003,23.85676],[88.87278,23.8589],[88.88013,23.86209],[88.88466,23.86572],[88.88889,23.87061],[88.88957,23.87454],[88.8881,23.8786],[88.88509,23.8799],[88.88825,23.88752],[88.89309,23.8948],[88.89299,23.90001],[88.89449,23.90374],[88.89886,23.90594],[88.9088,23.90825],[88.91342,23.9105],[88.91615,23.91092],[88.92436,23.90978],[88.93484,23.91373],[88.94627,23.91655],[88.95052,23.91887],[88.95885,23.927],[88.96159,23.93149],[88.96166,23.94225],[88.95822,23.95049],[88.95471,23.95479],[88.95201,23.96662],[88.95306,23.96985],[88.95598,23.97387],[88.96664,23.98439],[88.97386,23.98626],[88.97456,23.99053],[88.97356,23.99343],[88.97037,23.99508],[88.96867,23.9972],[88.96709,24.00212],[88.96579,24.0127],[88.97519,24.00797],[88.97866,24.00505],[88.98169,24.00443],[88.98495,24.00008],[88.98866,23.99269],[88.99346,23.98783],[89.00661,23.98813],[89.01099,23.9874],[89.01306,23.98928],[89.01877,23.98943],[89.02348,23.99344],[89.03625,23.9902],[89.04462,23.99049],[89.05259,23.99285],[89.05812,23.99717]]]}},{"type":"Feature","properties":{"district_id":"magura","upazila_id":"magura-magura-sadar","source_name":"Magura S.","source_pcode":"405557","match_method":"exact"},"geometry":{"type":"Polygon","coordinates":[[[89.32515,23.55989],[89.33224,23.56272],[89.33875,23.56413],[89.34119,23.55964],[89.35567,23.55556],[89.35828,23.55615],[89.3608,23.55881],[89.36359,23.55911],[89.37402,23.55379],[89.38229,23.55304],[89.38543,23.55578],[89.38851,23.55006],[89.39746,23.55293],[89.40109,23.55251],[89.41051,23.54867],[89.41485,23.54359],[89.41785,23.53432],[89.42478,23.53251],[89.4269,23.53009],[89.43974,23.52778],[89.44926,23.53424],[89.45219,23.53521],[89.46332,23.52764],[89.46403,23.52641],[89.46365,23.52339],[89.46447,23.5213],[89.45691,23.51134],[89.45758,23.50828],[89.45992,23.5083],[89.464,23.51107],[89.47037,23.52228],[89.47217,23.5233],[89.48253,23.5177],[89.48562,23.5177],[89.48799,23.51899],[89.49396,23.52597],[89.49667,23.52639],[89.50798,23.51875],[89.49854,23.51355],[89.49358,23.50979],[89.48935,23.49976],[89.49114,23.497],[89.48997,23.48617],[89.49063,23.47996],[89.4938,23.47028],[89.49671,23.46782],[89.50711,23.46663],[89.51034,23.4649],[89.51156,23.46154],[89.5083,23.45657],[89.50066,23.45148],[89.49487,23.44391],[89.49128,23.43758],[89.49254,23.43587],[89.49793,23.43458],[89.49918,23.43275],[89.49816,23.43113],[89.49199,23.43079],[89.49005,23.42966],[89.49325,23.4209],[89.49323,23.41684],[89.49181,23.41214],[89.49203,23.41047],[89.5029,23.40862],[89.50276,23.40532],[89.50053,23.40185],[89.50059,23.39922],[89.50488,23.39304],[89.50481,23.38944],[89.50596,23.38585],[89.50801,23.38405],[89.51491,23.38362],[89.51984,23.37542],[89.52435,23.37084],[89.52377,23.3692],[89.51571,23.35915],[89.51439,23.35536],[89.51502,23.35076],[89.51717,23.34472],[89.51801,23.33817],[89.51665,23.33301],[89.51493,23.32981],[89.51318,23.32931],[89.5027,23.33446],[89.50102,23.33383],[89.49836,23.33038],[89.49724,23.32699],[89.49915,23.31599],[89.49895,23.31336],[89.49651,23.31122],[89.49249,23.31023],[89.48766,23.31247],[89.48619,23.31539],[89.48435,23.31563],[89.48157,23.31304],[89.47565,23.3151],[89.4731,23.31119],[89.46948,23.30915],[89.46832,23.30679],[89.46531,23.3045],[89.46185,23.30366],[89.45177,23.30483],[89.45052,23.30935],[89.45103,23.31305],[89.44928,23.31769],[89.45002,23.3203],[89.45409,23.32066],[89.45083,23.32925],[89.44882,23.32957],[89.44569,23.32795],[89.44182,23.32833],[89.44032,23.33056],[89.43339,23.33471],[89.42767,23.34065],[89.42197,23.34471],[89.42178,23.34716],[89.42371,23.35419],[89.42216,23.35619],[89.41418,23.35523],[89.41105,23.35832],[89.40527,23.35882],[89.40231,23.3618],[89.40031,23.36628],[89.3962,23.36974],[89.39856,23.37642],[89.39909,23.38058],[89.3973,23.38659],[89.39537,23.38833],[89.39315,23.38835],[89.39207,23.38656],[89.39249,23.38374],[89.39139,23.38092],[89.3868,23.37702],[89.38084,23.37775],[89.37886,23.37743],[89.37682,23.37459],[89.37128,23.37479],[89.36797,23.37818],[89.36822,23.38418],[89.36723,23.38702],[89.36354,23.39014],[89.35938,23.39114],[89.35715,23.39397],[89.35496,23.40373],[89.3532,23.40527],[89.34373,23.40648],[89.34081,23.40814],[89.33295,23.40969],[89.33052,23.41155],[89.32874,23.41436],[89.32861,23.42295],[89.32549,23.42707],[89.31757,23.42622],[89.30562,23.43512],[89.29597,23.43084],[89.29512,23.43173],[89.29755,23.43541],[89.29538,23.43801],[89.28931,23.43955],[89.29529,23.4426],[89.29922,23.44766],[89.30207,23.44853],[89.30058,23.45122],[89.30245,23.45212],[89.3062,23.45113],[89.30647,23.46131],[89.30902,23.46804],[89.30939,23.48312],[89.30586,23.49098],[89.30264,23.49344],[89.30283,23.49601],[89.31,23.49678],[89.31248,23.50059],[89.31116,23.50556],[89.30883,23.50581],[89.3056,23.50759],[89.30962,23.51357],[89.30795,23.51695],[89.30511,23.51969],[89.30562,23.52654],[89.30831,23.5308],[89.3086,23.53313],[89.31589,23.53927],[89.31576,23.54781],[89.32028,23.55165],[89.32251,23.55483],[89.32515,23.55989]]]}},{"type":"Feature","properties":{"district_id":"magura","upazila_id":"magura-mohammadpur","source_name":"Mohammadpur","source_pcode":"405566","match_method":"exact"},"geometry":{"type":"Polygon","coordinates":[[[89.60699,23.4587],[89.60475,23.43531],[89.60621,23.41574],[89.60964,23.40187],[89.61945,23.38351],[89.61834,23.38109],[89.61578,23.3793],[89.61197,23.38031],[89.60785,23.38305],[89.60278,23.38502],[89.59785,23.38532],[89.59438,23.3843],[89.5939,23.38232],[89.59451,23.37949],[89.59909,23.37165],[89.60031,23.36656],[89.60178,23.35557],[89.60044,23.34309],[89.60124,23.33791],[89.60841,23.32538],[89.61276,23.30907],[89.6166,23.30474],[89.62962,23.29783],[89.63697,23.28816],[89.63283,23.28752],[89.62621,23.29132],[89.62211,23.29532],[89.61652,23.2957],[89.61292,23.29716],[89.61161,23.29928],[89.60516,23.30267],[89.60332,23.30577],[89.60488,23.3092],[89.60008,23.31214],[89.5946,23.30971],[89.59141,23.30995],[89.58855,23.31183],[89.57784,23.31448],[89.5759,23.31089],[89.57262,23.30964],[89.56878,23.30905],[89.5618,23.31097],[89.55865,23.30274],[89.5552,23.29989],[89.55041,23.30013],[89.5468,23.29941],[89.54391,23.2962],[89.5366,23.29436],[89.53457,23.29186],[89.53255,23.28702],[89.52969,23.28581],[89.52824,23.27911],[89.52179,23.27151],[89.51945,23.27172],[89.51733,23.27329],[89.51527,23.2772],[89.51086,23.28091],[89.50436,23.28242],[89.5007,23.2841],[89.49902,23.28881],[89.49249,23.28825],[89.49026,23.29098],[89.48729,23.29022],[89.48283,23.29193],[89.48521,23.30232],[89.48737,23.30509],[89.48776,23.30875],[89.49651,23.31122],[89.49895,23.31336],[89.49915,23.31599],[89.49724,23.32699],[89.49836,23.33038],[89.50102,23.33383],[89.5027,23.33446],[89.51318,23.32931],[89.51493,23.32981],[89.51665,23.33301],[89.51801,23.33817],[89.51717,23.34472],[89.51502,23.35076],[89.51439,23.35536],[89.51571,23.35915],[89.52377,23.3692],[89.52435,23.37084],[89.51984,23.37542],[89.51491,23.38362],[89.50801,23.38405],[89.50596,23.38585],[89.50481,23.38944],[89.50488,23.39304],[89.50059,23.39922],[89.50053,23.40185],[89.50276,23.40532],[89.5029,23.40862],[89.49203,23.41047],[89.49325,23.4209],[89.49005,23.42966],[89.49199,23.43079],[89.49816,23.43113],[89.49918,23.43275],[89.49793,23.43458],[89.49254,23.43587],[89.49128,23.43758],[89.49487,23.44391],[89.50066,23.45148],[89.5083,23.45657],[89.51156,23.46154],[89.51034,23.4649],[89.50711,23.46663],[89.49671,23.46782],[89.4938,23.47028],[89.49181,23.47476],[89.48997,23.48617],[89.49114,23.497],[89.49711,23.49649],[89.50095,23.49749],[89.51592,23.50459],[89.52251,23.50658],[89.52783,23.507],[89.53218,23.50581],[89.54131,23.50266],[89.54581,23.49985],[89.55102,23.49845],[89.56304,23.49284],[89.56815,23.4895],[89.57682,23.48596],[89.59938,23.47187],[89.60684,23.4638],[89.60719,23.46001],[89.60699,23.4587]]]}},{"type":"Feature","properties":{"district_id":"magura","upazila_id":"magura-shalikha","source_name":"Shalikha","source_pcode":"405585","match_method":"exact"},"geometry":{"type":"Polygon","coordinates":[[[89.28931,23.43955],[89.29538,23.43801],[89.29755,23.43541],[89.29512,23.43173],[89.29597,23.43084],[89.30562,23.43512],[89.31757,23.42622],[89.32549,23.42707],[89.32861,23.42295],[89.32874,23.41436],[89.33052,23.41155],[89.33295,23.40969],[89.34081,23.40814],[89.34373,23.40648],[89.3532,23.40527],[89.35496,23.40373],[89.35715,23.39397],[89.35938,23.39114],[89.36354,23.39014],[89.36723,23.38702],[89.36822,23.38418],[89.36797,23.37818],[89.37128,23.37479],[89.37682,23.37459],[89.37886,23.37743],[89.38084,23.37775],[89.3868,23.37702],[89.39139,23.38092],[89.39249,23.38374],[89.39207,23.38656],[89.39315,23.38835],[89.39537,23.38833],[89.3973,23.38659],[89.39909,23.38058],[89.39856,23.37642],[89.3962,23.36974],[89.40031,23.36628],[89.40231,23.3618],[89.40527,23.35882],[89.41105,23.35832],[89.41418,23.35523],[89.42216,23.35619],[89.42371,23.35419],[89.42178,23.34716],[89.42197,23.34471],[89.42767,23.34065],[89.43339,23.33471],[89.44032,23.33056],[89.44182,23.32833],[89.44569,23.32795],[89.44882,23.32957],[89.45083,23.32925],[89.45409,23.32066],[89.45002,23.3203],[89.44928,23.31769],[89.45103,23.31305],[89.45052,23.30935],[89.45177,23.30483],[89.46185,23.30366],[89.46531,23.3045],[89.46832,23.30679],[89.46948,23.30915],[89.4731,23.31119],[89.47565,23.3151],[89.48157,23.31304],[89.48435,23.31563],[89.48619,23.31539],[89.48766,23.31247],[89.49249,23.31023],[89.48776,23.30875],[89.48737,23.30509],[89.48521,23.30232],[89.48283,23.29193],[89.48101,23.29046],[89.47952,23.27849],[89.47203,23.27975],[89.46906,23.27952],[89.46631,23.27727],[89.4634,23.27401],[89.46083,23.26912],[89.46095,23.26026],[89.45895,23.25935],[89.45785,23.25693],[89.45479,23.25716],[89.45442,23.25231],[89.45219,23.25187],[89.44778,23.25256],[89.43899,23.25042],[89.43508,23.252],[89.4269,23.25242],[89.42163,23.25891],[89.41709,23.26257],[89.41351,23.26242],[89.41027,23.2634],[89.40929,23.26624],[89.40257,23.26861],[89.39425,23.27681],[89.38401,23.282],[89.37558,23.28472],[89.37147,23.29712],[89.36894,23.29727],[89.36466,23.29262],[89.36117,23.29091],[89.35208,23.28352],[89.3474,23.281],[89.34438,23.28077],[89.34356,23.2824],[89.34466,23.28786],[89.33965,23.29846],[89.33672,23.30001],[89.32689,23.29519],[89.32494,23.29596],[89.32528,23.30625],[89.3242,23.31076],[89.32143,23.314],[89.32041,23.31805],[89.31763,23.3205],[89.3156,23.32051],[89.31214,23.31703],[89.30825,23.31683],[89.30317,23.32394],[89.30129,23.32848],[89.29523,23.3303],[89.29042,23.33316],[89.28621,23.3379],[89.28608,23.34672],[89.28312,23.34619],[89.27863,23.35025],[89.27558,23.35436],[89.27541,23.35826],[89.27886,23.36117],[89.27705,23.36301],[89.27191,23.36474],[89.26778,23.36741],[89.25995,23.36752],[89.25658,23.37102],[89.25352,23.37245],[89.24877,23.37256],[89.24876,23.37473],[89.25167,23.37789],[89.25333,23.38155],[89.25046,23.38854],[89.2557,23.39149],[89.25605,23.39347],[89.25298,23.39656],[89.2532,23.39907],[89.25548,23.40162],[89.26199,23.40334],[89.26468,23.40536],[89.26001,23.40913],[89.26024,23.41135],[89.27488,23.42467],[89.26856,23.42565],[89.2672,23.42908],[89.26013,23.43019],[89.2599,23.43661],[89.26194,23.43728],[89.2692,23.4361],[89.27539,23.43176],[89.28181,23.43507],[89.28337,23.43301],[89.28474,23.43348],[89.28931,23.43955]]]}},{"type":"Feature","properties":{"district_id":"magura","upazila_id":"magura-sreepur","source_name":"Sreepur","source_pcode":"405595","match_method":"exact"},"geometry":{"type":"Polygon","coordinates":[[[89.37877,23.6597],[89.38284,23.66167],[89.38732,23.6662],[89.40209,23.67476],[89.40686,23.67544],[89.4118,23.67508],[89.41539,23.67249],[89.42096,23.66473],[89.44086,23.6507],[89.44167,23.64852],[89.43934,23.64436],[89.43874,23.64115],[89.44141,23.6374],[89.44393,23.63537],[89.44921,23.63447],[89.46448,23.63395],[89.47023,23.63138],[89.48438,23.62799],[89.48709,23.62642],[89.49028,23.62346],[89.49184,23.62035],[89.49239,23.61322],[89.49007,23.60934],[89.4761,23.59883],[89.47309,23.5942],[89.47419,23.59252],[89.49006,23.58826],[89.49383,23.58329],[89.50307,23.57443],[89.50552,23.56569],[89.50614,23.55224],[89.50812,23.54786],[89.51061,23.54468],[89.51502,23.54086],[89.51891,23.53899],[89.53518,23.53627],[89.53716,23.53499],[89.53811,23.53286],[89.53769,23.53062],[89.53416,23.52824],[89.51955,23.52635],[89.50496,23.52099],[89.4993,23.5252],[89.49667,23.52639],[89.49396,23.52597],[89.48799,23.51899],[89.48562,23.5177],[89.48253,23.5177],[89.47217,23.5233],[89.47037,23.52228],[89.464,23.51107],[89.45992,23.5083],[89.45758,23.50828],[89.45691,23.51134],[89.46447,23.5213],[89.46365,23.52339],[89.46403,23.52641],[89.46332,23.52764],[89.45219,23.53521],[89.44926,23.53424],[89.43974,23.52778],[89.4269,23.53009],[89.42478,23.53251],[89.41785,23.53432],[89.41485,23.54359],[89.41051,23.54867],[89.40109,23.55251],[89.39746,23.55293],[89.38851,23.55006],[89.38543,23.55578],[89.38229,23.55304],[89.37631,23.55354],[89.37402,23.55379],[89.36359,23.55911],[89.3608,23.55881],[89.35828,23.55615],[89.35567,23.55556],[89.34119,23.55964],[89.33875,23.56413],[89.3439,23.57088],[89.34676,23.58062],[89.34187,23.58315],[89.34721,23.59274],[89.34895,23.60527],[89.35137,23.60856],[89.35458,23.61119],[89.35835,23.62839],[89.35767,23.63134],[89.35972,23.6351],[89.36152,23.64127],[89.36414,23.64227],[89.36707,23.64095],[89.36768,23.64614],[89.37132,23.64893],[89.3735,23.65285],[89.37877,23.6597]]]}},{"type":"Feature","properties":{"district_id":"meherpur","upazila_id":"meherpur-gangni","source_name":"Gangni","source_pcode":"405747","match_method":"exact"},"geometry":{"type":"Polygon","coordinates":[[[88.88509,23.8799],[88.8881,23.8786],[88.88957,23.87454],[88.88889,23.87061],[88.88466,23.86572],[88.88013,23.86209],[88.87278,23.8589],[88.87003,23.85676],[88.8679,23.85236],[88.86787,23.84652],[88.86477,23.83644],[88.85556,23.83646],[88.85262,23.83455],[88.85149,23.83024],[88.84705,23.82357],[88.84033,23.82139],[88.83759,23.81656],[88.83453,23.80733],[88.82845,23.79562],[88.82514,23.7793],[88.82362,23.77683],[88.82169,23.77649],[88.81745,23.77819],[88.81071,23.77445],[88.80389,23.77347],[88.80059,23.77518],[88.79908,23.77741],[88.79684,23.77622],[88.79234,23.75856],[88.79344,23.75011],[88.79293,23.7463],[88.78797,23.74188],[88.78401,23.74544],[88.77953,23.74742],[88.77583,23.74777],[88.76814,23.74275],[88.76398,23.74094],[88.76199,23.74106],[88.75934,23.74476],[88.75818,23.74943],[88.75644,23.75275],[88.75424,23.75442],[88.747,23.75409],[88.744,23.75539],[88.74188,23.75854],[88.74053,23.75922],[88.73736,23.758],[88.73527,23.75492],[88.7326,23.75381],[88.72964,23.75476],[88.72512,23.76166],[88.719,23.76564],[88.71616,23.76601],[88.71042,23.76259],[88.70882,23.76316],[88.70867,23.76552],[88.71316,23.77155],[88.7114,23.78122],[88.71279,23.78329],[88.71197,23.78607],[88.70986,23.78894],[88.71154,23.79404],[88.71101,23.796],[88.70619,23.79604],[88.70061,23.79845],[88.69988,23.79974],[88.70056,23.80349],[88.69991,23.80929],[88.69752,23.81401],[88.69811,23.81645],[88.70399,23.8126],[88.70541,23.81267],[88.7077,23.82444],[88.70684,23.8287],[88.70343,23.83591],[88.69911,23.84063],[88.69907,23.84241],[88.70027,23.84357],[88.70219,23.84328],[88.70446,23.85025],[88.70438,23.85248],[88.69929,23.85545],[88.69846,23.86133],[88.67888,23.86372],[88.67643,23.86162],[88.67613,23.85819],[88.67696,23.85622],[88.68314,23.8519],[88.68402,23.84878],[88.68352,23.84817],[88.67968,23.84795],[88.67451,23.85023],[88.67004,23.84505],[88.66315,23.8471],[88.6609,23.84597],[88.65681,23.8457],[88.65417,23.84693],[88.65197,23.85209],[88.65432,23.85614],[88.65812,23.85773],[88.65878,23.86046],[88.6569,23.86716],[88.65376,23.86749],[88.65334,23.86824],[88.65862,23.86806],[88.66356,23.86992],[88.66475,23.87216],[88.66448,23.88076],[88.66631,23.88351],[88.67948,23.88652],[88.68536,23.88902],[88.69208,23.89967],[88.69788,23.90062],[88.70378,23.89883],[88.70493,23.90003],[88.70559,23.90158],[88.7045,23.90562],[88.70066,23.90967],[88.70103,23.91172],[88.70212,23.91288],[88.70446,23.91399],[88.71308,23.91402],[88.72097,23.91567],[88.73106,23.91277],[88.73326,23.91434],[88.73374,23.92159],[88.73248,23.92658],[88.73297,23.92973],[88.73588,23.93224],[88.7408,23.93273],[88.74229,23.93588],[88.74227,23.9386],[88.73978,23.9447],[88.73975,23.94742],[88.74086,23.94901],[88.74047,23.95287],[88.73382,23.96009],[88.73527,23.96507],[88.73514,23.96787],[88.74356,23.96732],[88.75034,23.96847],[88.7616,23.97269],[88.76694,23.9724],[88.76986,23.9699],[88.77335,23.95994],[88.77747,23.9542],[88.78214,23.95181],[88.78523,23.95205],[88.7872,23.95874],[88.78744,23.96544],[88.79062,23.97421],[88.79794,23.97837],[88.8048,23.97775],[88.80934,23.97514],[88.81485,23.96775],[88.81576,23.95896],[88.81529,23.95016],[88.81686,23.93969],[88.82072,23.93429],[88.82499,23.93015],[88.8271,23.93065],[88.83054,23.93958],[88.83379,23.94159],[88.84207,23.94017],[88.8569,23.93482],[88.86246,23.93074],[88.86728,23.92709],[88.878,23.91339],[88.87973,23.90979],[88.88058,23.90535],[88.87875,23.89585],[88.87617,23.89016],[88.87289,23.88636],[88.8643,23.88357],[88.85841,23.88336],[88.84843,23.88552],[88.84562,23.8843],[88.84466,23.88221],[88.84741,23.87708],[88.85426,23.8717],[88.85736,23.8716],[88.86558,23.87528],[88.86935,23.87853],[88.87421,23.88049],[88.87849,23.88097],[88.88509,23.8799]]]}},{"type":"Feature","properties":{"district_id":"meherpur","upazila_id":"meherpur-meherpur-sadar","source_name":"Meherpur S.","source_pcode":"405787","match_method":"exact"},"geometry":{"type":"Polygon","coordinates":[[[88.65334,23.86824],[88.65376,23.86749],[88.6569,23.86716],[88.65878,23.86046],[88.65812,23.85773],[88.65432,23.85614],[88.65197,23.85209],[88.65417,23.84693],[88.65681,23.8457],[88.6609,23.84597],[88.66315,23.8471],[88.67004,23.84505],[88.67451,23.85023],[88.67968,23.84795],[88.68352,23.84817],[88.68402,23.84878],[88.68314,23.8519],[88.67696,23.85622],[88.67613,23.85819],[88.67643,23.86162],[88.67888,23.86372],[88.69846,23.86133],[88.69929,23.85545],[88.70438,23.85248],[88.7036,23.84638],[88.70219,23.84328],[88.70027,23.84357],[88.69907,23.84241],[88.69911,23.84063],[88.70343,23.83591],[88.70684,23.8287],[88.7077,23.82444],[88.7068,23.81835],[88.70541,23.81267],[88.70399,23.8126],[88.69811,23.81645],[88.69752,23.81401],[88.69991,23.80929],[88.70056,23.80349],[88.69988,23.79974],[88.70061,23.79845],[88.70619,23.79604],[88.71101,23.796],[88.71154,23.79404],[88.70986,23.78894],[88.71197,23.78607],[88.71279,23.78329],[88.7114,23.78122],[88.71316,23.77155],[88.70867,23.76552],[88.70882,23.76316],[88.71042,23.76259],[88.71616,23.76601],[88.719,23.76564],[88.72512,23.76166],[88.72964,23.75476],[88.7326,23.75381],[88.73527,23.75492],[88.73736,23.758],[88.74053,23.75922],[88.74188,23.75854],[88.744,23.75539],[88.747,23.75409],[88.75424,23.75442],[88.75644,23.75275],[88.75818,23.74943],[88.75934,23.74476],[88.76199,23.74106],[88.76398,23.74094],[88.76814,23.74275],[88.77583,23.74777],[88.77953,23.74742],[88.78401,23.74544],[88.78797,23.74188],[88.78559,23.72914],[88.78628,23.72551],[88.78902,23.72353],[88.79084,23.72089],[88.78889,23.71901],[88.78778,23.71573],[88.78818,23.71412],[88.78056,23.70497],[88.75608,23.70073],[88.74799,23.69332],[88.73092,23.68082],[88.70525,23.67112],[88.70297,23.66432],[88.70123,23.66329],[88.69854,23.66532],[88.69559,23.66588],[88.693,23.66241],[88.6922,23.65866],[88.69006,23.65592],[88.68192,23.65349],[88.67961,23.65585],[88.67346,23.65702],[88.67058,23.65879],[88.66696,23.65683],[88.66121,23.6561],[88.65828,23.65052],[88.65491,23.64851],[88.65711,23.64295],[88.65129,23.6338],[88.65229,23.63085],[88.65748,23.63086],[88.65726,23.62886],[88.65314,23.6263],[88.64521,23.62399],[88.64313,23.62124],[88.64732,23.61664],[88.64705,23.61505],[88.64452,23.61511],[88.62424,23.60398],[88.62085,23.60273],[88.60712,23.60087],[88.6022,23.59812],[88.60073,23.59858],[88.60072,23.60263],[88.599,23.60354],[88.59238,23.60259],[88.58743,23.59995],[88.58086,23.60074],[88.58167,23.60261],[88.5818,23.60663],[88.58283,23.60822],[88.58474,23.61095],[88.59035,23.6148],[88.59323,23.62638],[88.59242,23.63657],[88.58975,23.63768],[88.57807,23.63629],[88.56854,23.63756],[88.56245,23.64005],[88.56168,23.64207],[88.56168,23.64571],[88.56838,23.65796],[88.56795,23.66428],[88.56895,23.66588],[88.57383,23.66774],[88.57078,23.68832],[88.56584,23.7042],[88.56422,23.71478],[88.57133,23.72456],[88.5747,23.73633],[88.5739,23.74856],[88.57582,23.75287],[88.57864,23.75673],[88.5788,23.76534],[88.57786,23.76602],[88.57622,23.77009],[88.57302,23.77278],[88.56021,23.78065],[88.55928,23.78413],[88.55957,23.78537],[88.56359,23.78657],[88.57517,23.7865],[88.58032,23.788],[88.58197,23.79615],[88.58397,23.79773],[88.58844,23.79861],[88.59218,23.80074],[88.59203,23.80435],[88.58733,23.8084],[88.58672,23.81226],[88.58928,23.8134],[88.59588,23.81382],[88.60173,23.81685],[88.59949,23.82179],[88.59142,23.82632],[88.58767,23.83444],[88.58811,23.84486],[88.58689,23.85075],[88.58095,23.85208],[88.57553,23.85434],[88.57598,23.85975],[88.58115,23.86204],[88.58337,23.8641],[88.58479,23.86794],[88.58727,23.86976],[88.5912,23.8707],[88.60009,23.86484],[88.60376,23.86441],[88.60745,23.86691],[88.61221,23.87419],[88.61798,23.87558],[88.62243,23.87356],[88.62408,23.86678],[88.62592,23.86364],[88.62938,23.86181],[88.63308,23.86136],[88.63797,23.86323],[88.64141,23.86665],[88.64558,23.86811],[88.65334,23.86824]]]}},{"type":"Feature","properties":{"district_id":"narail","upazila_id":"narail-kalia","source_name":"Kalia","source_pcode":"406528","match_method":"exact"},"geometry":{"type":"Polygon","coordinates":[[[89.72257,23.07048],[89.73169,23.06632],[89.73514,23.06396],[89.73593,23.06136],[89.73483,23.05899],[89.72958,23.05559],[89.726,23.04961],[89.7258,23.04665],[89.72719,23.04292],[89.73101,23.04037],[89.74609,23.03668],[89.74867,23.03435],[89.75015,23.03205],[89.7508,23.02843],[89.75275,23.00774],[89.75364,23.00393],[89.75548,23.00134],[89.7607,22.99661],[89.76691,22.99368],[89.78766,22.98821],[89.7925,22.98504],[89.79166,22.982],[89.79013,22.98331],[89.77526,22.97812],[89.77149,22.97558],[89.77026,22.9705],[89.76845,22.96584],[89.76773,22.9657],[89.7685,22.96381],[89.76601,22.96313],[89.7621,22.96427],[89.75958,22.96783],[89.75294,22.96906],[89.74995,22.96431],[89.74697,22.96582],[89.74196,22.97492],[89.737,22.97241],[89.73317,22.97234],[89.7257,22.9742],[89.71828,22.97187],[89.69564,22.97804],[89.69244,22.97634],[89.69086,22.97351],[89.68597,22.97063],[89.67812,22.9782],[89.66948,22.98011],[89.66386,22.98024],[89.66031,22.9789],[89.65671,22.96864],[89.65391,22.96601],[89.65003,22.9645],[89.63447,22.96013],[89.63348,22.96039],[89.63169,22.96837],[89.62842,22.96799],[89.62788,22.9645],[89.62651,22.96224],[89.62252,22.95895],[89.62181,22.95402],[89.61625,22.95566],[89.61249,22.95587],[89.60519,22.96118],[89.60136,22.96523],[89.59404,22.97565],[89.59204,22.98283],[89.57815,22.98859],[89.57451,22.98885],[89.57061,22.98637],[89.56822,22.98291],[89.56597,22.9823],[89.5634,22.98022],[89.55995,22.97412],[89.55415,22.97006],[89.54491,22.96715],[89.54281,22.96865],[89.54145,22.97379],[89.53703,22.97625],[89.53447,22.98299],[89.53408,22.98735],[89.53146,22.98791],[89.53001,22.99232],[89.52735,22.99407],[89.52448,22.99436],[89.52509,22.99988],[89.51804,23.00084],[89.51611,23.00211],[89.51645,23.00376],[89.51809,23.00541],[89.50778,23.00918],[89.50433,23.01355],[89.50292,23.01955],[89.49852,23.0259],[89.50083,23.0277],[89.50882,23.0278],[89.51224,23.0295],[89.51266,23.03137],[89.51678,23.03225],[89.52022,23.03418],[89.52048,23.0376],[89.52633,23.04087],[89.53525,23.0411],[89.53709,23.04401],[89.53818,23.05083],[89.54083,23.05434],[89.54076,23.05686],[89.53576,23.06632],[89.5325,23.06885],[89.52962,23.0693],[89.52438,23.07162],[89.5227,23.07586],[89.52231,23.08022],[89.52043,23.0843],[89.51563,23.08929],[89.5098,23.09283],[89.50905,23.09486],[89.51174,23.09722],[89.52478,23.09175],[89.52496,23.08911],[89.5291,23.08713],[89.53233,23.08064],[89.53806,23.08088],[89.5391,23.08262],[89.53945,23.09061],[89.54086,23.09285],[89.54779,23.09785],[89.55734,23.10115],[89.56429,23.09888],[89.57411,23.09261],[89.5751,23.09005],[89.57746,23.08853],[89.58858,23.09073],[89.58839,23.08759],[89.58441,23.08569],[89.58189,23.08327],[89.58253,23.07912],[89.5876,23.07492],[89.58992,23.07414],[89.59317,23.07648],[89.59932,23.07922],[89.60216,23.08226],[89.61313,23.08069],[89.61506,23.08164],[89.616,23.08527],[89.61864,23.08774],[89.62368,23.08789],[89.63238,23.09396],[89.63609,23.09456],[89.63926,23.09381],[89.64227,23.09118],[89.64238,23.0878],[89.64513,23.08214],[89.64796,23.07951],[89.65302,23.07994],[89.65871,23.0736],[89.66035,23.07336],[89.66303,23.07709],[89.66566,23.07922],[89.67515,23.07982],[89.68317,23.0764],[89.68466,23.0739],[89.68887,23.07287],[89.69791,23.07309],[89.70802,23.06897],[89.717,23.06868],[89.72162,23.07176],[89.72257,23.07048]]]}},{"type":"Feature","properties":{"district_id":"narail","upazila_id":"narail-lohagara","source_name":"Lohagara","source_pcode":"406552","match_method":"exact"},"geometry":{"type":"Polygon","coordinates":[[[89.63733,23.28647],[89.63838,23.28149],[89.64269,23.27025],[89.63818,23.26225],[89.63101,23.25468],[89.62344,23.24258],[89.62144,23.23593],[89.62181,23.23249],[89.62364,23.23063],[89.63745,23.23172],[89.64999,23.23424],[89.66686,23.23913],[89.67377,23.23965],[89.67924,23.23977],[89.68267,23.23704],[89.68337,23.23514],[89.67976,23.22805],[89.67838,23.22129],[89.6785,23.21807],[89.6819,23.20501],[89.68707,23.20093],[89.68644,23.19672],[89.68166,23.18999],[89.68003,23.18629],[89.6791,23.1833],[89.67892,23.1771],[89.68166,23.17134],[89.68911,23.16202],[89.69425,23.15841],[89.69698,23.15839],[89.70126,23.16139],[89.71519,23.17458],[89.72461,23.17937],[89.73442,23.18232],[89.74631,23.18335],[89.75815,23.18231],[89.76353,23.17864],[89.76492,23.17639],[89.76524,23.17386],[89.76432,23.17146],[89.75993,23.16961],[89.73526,23.16858],[89.73194,23.16753],[89.72533,23.16282],[89.72376,23.15911],[89.72468,23.15554],[89.72709,23.1519],[89.73797,23.14348],[89.74237,23.137],[89.74269,23.12884],[89.74054,23.12387],[89.73721,23.1216],[89.72985,23.12334],[89.71101,23.11864],[89.70304,23.1143],[89.69927,23.10859],[89.69286,23.11112],[89.69099,23.11429],[89.68534,23.11997],[89.6852,23.12267],[89.68762,23.13057],[89.6871,23.13305],[89.68545,23.1345],[89.68304,23.13492],[89.68047,23.1342],[89.67533,23.12856],[89.67371,23.1249],[89.6729,23.12158],[89.67339,23.11825],[89.67569,23.11254],[89.68865,23.09669],[89.69634,23.09065],[89.71017,23.08333],[89.71503,23.08117],[89.72541,23.07912],[89.72257,23.07048],[89.72162,23.07176],[89.717,23.06868],[89.70802,23.06897],[89.69791,23.07309],[89.68887,23.07287],[89.68466,23.0739],[89.68317,23.0764],[89.67515,23.07982],[89.66566,23.07922],[89.66303,23.07709],[89.66035,23.07336],[89.65871,23.0736],[89.65302,23.07994],[89.64796,23.07951],[89.64513,23.08214],[89.64238,23.0878],[89.64227,23.09118],[89.63926,23.09381],[89.63609,23.09456],[89.63238,23.09396],[89.62368,23.08789],[89.61864,23.08774],[89.616,23.08527],[89.61506,23.08164],[89.61313,23.08069],[89.60216,23.08226],[89.59932,23.07922],[89.59317,23.07648],[89.58992,23.07414],[89.5876,23.07492],[89.58253,23.07912],[89.58189,23.08327],[89.58441,23.08569],[89.58839,23.08759],[89.59062,23.09907],[89.59772,23.11316],[89.5997,23.11407],[89.6006,23.1158],[89.59956,23.11818],[89.60516,23.12094],[89.6073,23.12326],[89.60706,23.12591],[89.6037,23.12718],[89.60331,23.1288],[89.61391,23.13005],[89.61411,23.13296],[89.61271,23.13616],[89.60904,23.13974],[89.6108,23.14162],[89.61086,23.14379],[89.60252,23.15006],[89.60036,23.15284],[89.6032,23.15811],[89.6005,23.16152],[89.59689,23.16213],[89.59478,23.16404],[89.59678,23.17049],[89.59497,23.17233],[89.58968,23.17213],[89.58855,23.17378],[89.58917,23.1769],[89.58584,23.18396],[89.58704,23.1858],[89.59053,23.1879],[89.59239,23.19052],[89.59395,23.1943],[89.59272,23.19721],[89.58691,23.20109],[89.58329,23.20466],[89.58399,23.2083],[89.58045,23.21221],[89.57507,23.21339],[89.57307,23.20969],[89.56947,23.20868],[89.56449,23.20893],[89.56182,23.21035],[89.55876,23.21367],[89.55403,23.21437],[89.55212,23.21644],[89.55108,23.2198],[89.54405,23.22722],[89.53042,23.23152],[89.52491,23.23843],[89.52019,23.25011],[89.51799,23.25352],[89.51435,23.25611],[89.50287,23.2601],[89.49775,23.2651],[89.49355,23.26732],[89.48468,23.26977],[89.48203,23.27256],[89.47952,23.27849],[89.48101,23.29046],[89.48283,23.29193],[89.48729,23.29022],[89.49026,23.29098],[89.49249,23.28825],[89.49902,23.28881],[89.5007,23.2841],[89.50436,23.28242],[89.51086,23.28091],[89.51527,23.2772],[89.51733,23.27329],[89.51945,23.27172],[89.52179,23.27151],[89.52824,23.27911],[89.52969,23.28581],[89.53255,23.28702],[89.53457,23.29186],[89.5366,23.29436],[89.54391,23.2962],[89.5468,23.29941],[89.55041,23.30013],[89.5552,23.29989],[89.55865,23.30274],[89.5618,23.31097],[89.56878,23.30905],[89.57262,23.30964],[89.5759,23.31089],[89.57784,23.31448],[89.58855,23.31183],[89.59141,23.30995],[89.5946,23.30971],[89.60008,23.31214],[89.60488,23.3092],[89.60332,23.30577],[89.60516,23.30267],[89.61161,23.29928],[89.61292,23.29716],[89.61652,23.2957],[89.62211,23.29532],[89.62621,23.29132],[89.63283,23.28752],[89.63697,23.28816],[89.63733,23.28647]]]}},{"type":"Feature","properties":{"district_id":"narail","upazila_id":"narail-narail-sadar","source_name":"Narail S.","source_pcode":"406576","match_method":"exact"},"geometry":{"type":"Polygon","coordinates":[[[89.47952,23.27849],[89.48203,23.27256],[89.48468,23.26977],[89.49355,23.26732],[89.49775,23.2651],[89.50287,23.2601],[89.51435,23.25611],[89.51799,23.25352],[89.52019,23.25011],[89.52491,23.23843],[89.53042,23.23152],[89.54405,23.22722],[89.55108,23.2198],[89.55212,23.21644],[89.55403,23.21437],[89.55876,23.21367],[89.56182,23.21035],[89.56449,23.20893],[89.56947,23.20868],[89.57307,23.20969],[89.57507,23.21339],[89.58045,23.21221],[89.58399,23.2083],[89.58329,23.20466],[89.58691,23.20109],[89.59272,23.19721],[89.59395,23.1943],[89.59053,23.1879],[89.58704,23.1858],[89.58584,23.18396],[89.58917,23.1769],[89.58855,23.17378],[89.58968,23.17213],[89.59497,23.17233],[89.59678,23.17049],[89.59478,23.16404],[89.59689,23.16213],[89.6005,23.16152],[89.6032,23.15811],[89.60036,23.15284],[89.60252,23.15006],[89.61086,23.14379],[89.6108,23.14162],[89.60904,23.13974],[89.61271,23.13616],[89.61411,23.13296],[89.61391,23.13005],[89.60331,23.1288],[89.6037,23.12718],[89.60706,23.12591],[89.6073,23.12326],[89.60516,23.12094],[89.59956,23.11818],[89.6006,23.1158],[89.5997,23.11407],[89.59772,23.11316],[89.59334,23.10486],[89.59062,23.09907],[89.58858,23.09073],[89.57746,23.08853],[89.5751,23.09005],[89.57411,23.09261],[89.56429,23.09888],[89.55734,23.10115],[89.54779,23.09785],[89.54086,23.09285],[89.53945,23.09061],[89.5391,23.08262],[89.53806,23.08088],[89.53485,23.08042],[89.53233,23.08064],[89.5291,23.08713],[89.52496,23.08911],[89.52478,23.09175],[89.51174,23.09722],[89.50905,23.09486],[89.5098,23.09283],[89.51563,23.08929],[89.52043,23.0843],[89.52231,23.08022],[89.5227,23.07586],[89.52438,23.07162],[89.52962,23.0693],[89.5325,23.06885],[89.53576,23.06632],[89.54076,23.05686],[89.54083,23.05434],[89.53818,23.05083],[89.53709,23.04401],[89.53525,23.0411],[89.52633,23.04087],[89.52316,23.03939],[89.52048,23.0376],[89.52022,23.03418],[89.51678,23.03225],[89.51266,23.03137],[89.51224,23.0295],[89.50882,23.0278],[89.50083,23.0277],[89.49852,23.0259],[89.49333,23.02776],[89.49105,23.02979],[89.48656,23.03013],[89.48001,23.02843],[89.47504,23.02839],[89.46934,23.02649],[89.46623,23.02787],[89.46264,23.02423],[89.46101,23.02485],[89.46235,23.02996],[89.45445,23.03701],[89.45264,23.04125],[89.45383,23.04819],[89.45068,23.04728],[89.44815,23.04394],[89.44543,23.0462],[89.44379,23.04971],[89.44201,23.06071],[89.44358,23.06242],[89.44769,23.06175],[89.45138,23.06213],[89.45132,23.06476],[89.44785,23.06632],[89.44258,23.06709],[89.43905,23.06906],[89.43925,23.07826],[89.44143,23.08464],[89.44154,23.08928],[89.43978,23.09936],[89.44129,23.10664],[89.44092,23.10876],[89.43884,23.1097],[89.43247,23.10238],[89.42805,23.09974],[89.42494,23.09219],[89.41704,23.08293],[89.41573,23.0792],[89.41262,23.07743],[89.40783,23.07765],[89.39807,23.08146],[89.39639,23.08049],[89.39668,23.07458],[89.39585,23.07244],[89.39378,23.07343],[89.39252,23.07789],[89.38967,23.0796],[89.38459,23.08059],[89.38247,23.08209],[89.38793,23.09585],[89.38862,23.10218],[89.38294,23.12116],[89.377,23.13071],[89.38772,23.13724],[89.39037,23.13795],[89.39799,23.13703],[89.40069,23.13396],[89.40302,23.13381],[89.40608,23.13587],[89.40855,23.13618],[89.4122,23.13444],[89.41622,23.13544],[89.41849,23.14062],[89.41676,23.14291],[89.41341,23.14498],[89.40827,23.14632],[89.40701,23.14762],[89.40762,23.15023],[89.40953,23.15314],[89.41309,23.15581],[89.41333,23.15826],[89.41076,23.15859],[89.40894,23.15991],[89.41508,23.16529],[89.41524,23.16947],[89.42027,23.18015],[89.41811,23.18796],[89.42072,23.20372],[89.41994,23.20729],[89.42199,23.21368],[89.41624,23.22088],[89.41814,23.22361],[89.42815,23.22759],[89.43106,23.23086],[89.42403,23.23633],[89.42342,23.23939],[89.41975,23.24319],[89.42136,23.24708],[89.4269,23.25242],[89.43508,23.252],[89.43899,23.25042],[89.44778,23.25256],[89.45219,23.25187],[89.45442,23.25231],[89.45479,23.25716],[89.45785,23.25693],[89.45895,23.25935],[89.46095,23.26026],[89.46083,23.26912],[89.4634,23.27401],[89.46906,23.27952],[89.47203,23.27975],[89.47952,23.27849]]]}},{"type":"Feature","properties":{"district_id":"satkhira","upazila_id":"satkhira-assasuni","source_name":"Assasuni","source_pcode":"408704","match_method":"exact"},"geometry":{"type":"MultiPolygon","coordinates":[[[[89.26281,22.45423],[89.26112,22.45331],[89.26,22.4575],[89.25723,22.46278],[89.25723,22.46472],[89.26028,22.46667],[89.26707,22.4675],[89.26254,22.46664],[89.25794,22.46255],[89.2606,22.45847],[89.26281,22.45423]]],[[[89.18263,22.55294],[89.18031,22.55214],[89.18195,22.55568],[89.18417,22.55667],[89.18555,22.55419],[89.18321,22.55314],[89.18263,22.55294]]],[[[89.28607,22.47587],[89.28416,22.47917],[89.28194,22.48111],[89.27278,22.48389],[89.26195,22.48944],[89.25611,22.495],[89.25305,22.5],[89.25,22.50945],[89.25056,22.52639],[89.24973,22.53083],[89.24695,22.53639],[89.23695,22.54583],[89.23556,22.54833],[89.23556,22.55139],[89.23666,22.55472],[89.24028,22.55917],[89.24389,22.56667],[89.24611,22.56833],[89.24983,22.56882],[89.24599,22.56691],[89.24426,22.56118],[89.23864,22.55395],[89.24072,22.54873],[89.24403,22.54429],[89.25114,22.53717],[89.25469,22.51468],[89.2608,22.49386],[89.26516,22.48945],[89.27402,22.48557],[89.28703,22.47831],[89.28607,22.47587]]],[[[89.10799,22.66871],[89.11069,22.66112],[89.11948,22.6565],[89.12211,22.64215],[89.12398,22.63623],[89.12852,22.62711],[89.13064,22.63235],[89.13218,22.63232],[89.13415,22.63021],[89.13616,22.62936],[89.15006,22.64612],[89.1547,22.64791],[89.16943,22.6462],[89.1776,22.65055],[89.18522,22.65211],[89.18974,22.65102],[89.19491,22.64844],[89.19922,22.64409],[89.20576,22.64038],[89.21006,22.63367],[89.21345,22.63359],[89.21492,22.63126],[89.21793,22.63107],[89.22176,22.62726],[89.22342,22.62693],[89.22549,22.62666],[89.23119,22.63009],[89.23775,22.63982],[89.24203,22.64334],[89.25105,22.64278],[89.24992,22.64144],[89.24861,22.63601],[89.25742,22.63046],[89.26306,22.62556],[89.26476,22.62271],[89.26428,22.62065],[89.25759,22.61696],[89.24634,22.61491],[89.24756,22.61017],[89.25133,22.60877],[89.26049,22.6085],[89.26511,22.60638],[89.2682,22.59435],[89.26534,22.57569],[89.26285,22.57241],[89.26035,22.57115],[89.25316,22.56961],[89.24693,22.56964],[89.243,22.56751],[89.23771,22.55817],[89.2349,22.55511],[89.23417,22.54944],[89.23583,22.54472],[89.24695,22.53417],[89.24834,22.53083],[89.24889,22.52167],[89.24805,22.51194],[89.24861,22.50778],[89.24973,22.50333],[89.255,22.49417],[89.26195,22.48694],[89.26806,22.48333],[89.28222,22.47889],[89.28445,22.47667],[89.28472,22.475],[89.28111,22.47222],[89.25833,22.46778],[89.25611,22.46556],[89.25472,22.46166],[89.25639,22.45667],[89.25667,22.45306],[89.25584,22.45222],[89.24778,22.45111],[89.24416,22.4475],[89.23944,22.43472],[89.23972,22.42444],[89.2425,22.4175],[89.25389,22.405],[89.25584,22.39944],[89.25611,22.39611],[89.25417,22.39056],[89.25222,22.38861],[89.23695,22.38111],[89.235,22.37861],[89.23444,22.37528],[89.23639,22.37111],[89.23889,22.36889],[89.24472,22.36833],[89.24834,22.36944],[89.25639,22.37444],[89.26139,22.37556],[89.26361,22.37278],[89.26417,22.3675],[89.26722,22.36083],[89.27361,22.35028],[89.27389,22.34667],[89.27167,22.34361],[89.26861,22.34417],[89.2625,22.34861],[89.26139,22.34833],[89.25972,22.34945],[89.25534,22.34917],[89.25236,22.35023],[89.24182,22.35946],[89.23027,22.3723],[89.22533,22.37546],[89.22095,22.37447],[89.21844,22.3754],[89.20331,22.37246],[89.19674,22.37209],[89.19503,22.37483],[89.1954,22.38562],[89.19401,22.39111],[89.19099,22.3971],[89.19778,22.40055],[89.20084,22.40083],[89.205,22.4025],[89.21389,22.41055],[89.21416,22.4125],[89.21362,22.41807],[89.20989,22.42108],[89.20544,22.42222],[89.20115,22.42484],[89.19945,22.42902],[89.20027,22.43222],[89.2,22.43889],[89.20722,22.445],[89.21024,22.45331],[89.20876,22.45748],[89.19817,22.46743],[89.19289,22.48133],[89.18989,22.49272],[89.19141,22.50538],[89.19063,22.5104],[89.19472,22.52312],[89.18843,22.52637],[89.1885,22.53102],[89.1907,22.53499],[89.19288,22.54477],[89.19188,22.54924],[89.18777,22.55364],[89.18694,22.55778],[89.19028,22.56222],[89.19278,22.5675],[89.19139,22.56778],[89.18773,22.56219],[89.18083,22.55799],[89.17966,22.55386],[89.17706,22.55104],[89.17227,22.55339],[89.16718,22.55339],[89.16264,22.55194],[89.15627,22.55288],[89.15221,22.55121],[89.14819,22.55203],[89.14578,22.55858],[89.14331,22.56254],[89.14174,22.55907],[89.13822,22.55639],[89.13453,22.55418],[89.13011,22.55456],[89.12745,22.56117],[89.12312,22.58017],[89.12672,22.58388],[89.12432,22.58784],[89.11221,22.59937],[89.09773,22.60649],[89.09515,22.60555],[89.09377,22.60673],[89.0923,22.61406],[89.10051,22.61756],[89.09962,22.62568],[89.09088,22.62524],[89.08848,22.63196],[89.08917,22.63441],[89.09576,22.63754],[89.09621,22.64018],[89.09492,22.64256],[89.09482,22.64584],[89.09225,22.6486],[89.07978,22.64502],[89.07728,22.64806],[89.07672,22.6502],[89.07656,22.65342],[89.0862,22.65476],[89.08819,22.65771],[89.08317,22.66333],[89.08081,22.66494],[89.0798,22.66869],[89.08504,22.67139],[89.09102,22.67149],[89.0968,22.66671],[89.09944,22.66643],[89.10079,22.66864],[89.10171,22.67298],[89.10466,22.67275],[89.10681,22.67046],[89.10799,22.66871]]]]}},{"type":"Feature","properties":{"district_id":"satkhira","upazila_id":"satkhira-debhata","source_name":"Debhata","source_pcode":"408725","match_method":"exact"},"geometry":{"type":"Polygon","coordinates":[[[89.0798,22.66869],[89.08081,22.66494],[89.08317,22.66333],[89.08819,22.65771],[89.0862,22.65476],[89.07656,22.65342],[89.07728,22.64806],[89.07978,22.64502],[89.09225,22.6486],[89.09482,22.64584],[89.09492,22.64256],[89.09621,22.64018],[89.09576,22.63754],[89.08917,22.63441],[89.08848,22.63196],[89.08971,22.62728],[89.09088,22.62524],[89.09962,22.62568],[89.10051,22.61756],[89.0923,22.61406],[89.09377,22.60673],[89.09515,22.60555],[89.09773,22.60649],[89.11074,22.6],[89.1103,22.59712],[89.10831,22.59618],[89.10657,22.58893],[89.10497,22.58643],[89.0898,22.59205],[89.08761,22.59532],[89.07949,22.60211],[89.06452,22.6107],[89.06014,22.61041],[89.05492,22.60143],[89.0483,22.59542],[89.04971,22.59011],[89.05383,22.58824],[89.05635,22.58801],[89.06105,22.594],[89.06581,22.59223],[89.06998,22.58972],[89.06683,22.58204],[89.06896,22.57906],[89.07174,22.57699],[89.08168,22.5785],[89.08428,22.57676],[89.08602,22.57513],[89.08621,22.573],[89.08513,22.57181],[89.08042,22.57066],[89.0791,22.56718],[89.08,22.56187],[89.07781,22.56278],[89.07269,22.56226],[89.06915,22.55406],[89.06664,22.55429],[89.061,22.55976],[89.05581,22.55681],[89.05299,22.55901],[89.04531,22.55693],[89.0408,22.55393],[89.03336,22.55397],[89.03195,22.55194],[89.03255,22.54876],[89.03675,22.54471],[89.03549,22.54152],[89.03477,22.53574],[89.03259,22.5321],[89.03332,22.52921],[89.03693,22.52615],[89.03662,22.52403],[89.034,22.52224],[89.02334,22.52615],[89.01695,22.52577],[89.00656,22.51933],[89.00421,22.51909],[89.00248,22.52097],[89.00191,22.52483],[88.99941,22.52586],[88.98147,22.51905],[88.97892,22.51882],[88.97904,22.51996],[88.97474,22.51759],[88.97311,22.52335],[88.97353,22.52492],[88.97119,22.529],[88.96858,22.53852],[88.96262,22.54978],[88.95966,22.55326],[88.95752,22.55457],[88.94876,22.55614],[88.94417,22.55778],[88.94139,22.56222],[88.94444,22.57889],[88.94141,22.58653],[88.94078,22.5913],[88.95164,22.59888],[88.95718,22.60426],[88.96194,22.615],[88.96194,22.61667],[88.95767,22.62143],[88.95583,22.62194],[88.95415,22.62541],[88.95342,22.62795],[88.95645,22.63087],[88.9564,22.63352],[88.95796,22.63492],[88.96278,22.63523],[88.96281,22.64126],[88.97537,22.6322],[88.97667,22.62976],[88.98129,22.62782],[88.9827,22.63475],[88.98597,22.64192],[88.98842,22.64618],[88.98999,22.64511],[88.99253,22.64592],[88.99674,22.65841],[88.99571,22.66105],[88.991,22.66256],[88.99319,22.66377],[88.99637,22.66313],[89.00131,22.66372],[89.00491,22.66255],[89.02041,22.66187],[89.0203,22.66032],[89.01457,22.65079],[89.02412,22.65116],[89.0355,22.64839],[89.03764,22.64594],[89.04036,22.64599],[89.04922,22.6647],[89.05434,22.66701],[89.06078,22.66158],[89.06263,22.66188],[89.06464,22.66552],[89.06828,22.66584],[89.0735,22.67021],[89.07514,22.66925],[89.0798,22.66869]]]}},{"type":"Feature","properties":{"district_id":"satkhira","upazila_id":"satkhira-kalaroa","source_name":"Kalaroa","source_pcode":"408743","match_method":"exact"},"geometry":{"type":"Polygon","coordinates":[[[89.08116,22.94027],[89.08866,22.93177],[89.09566,22.92821],[89.10583,22.92751],[89.10834,22.92976],[89.10928,22.93385],[89.10864,22.93588],[89.1013,22.94077],[89.10164,22.94225],[89.10613,22.94295],[89.1105,22.94674],[89.11599,22.94786],[89.11695,22.94674],[89.11636,22.94453],[89.11314,22.94281],[89.11161,22.94046],[89.11187,22.93805],[89.11363,22.93587],[89.12494,22.93084],[89.12796,22.92862],[89.13144,22.92409],[89.14133,22.9028],[89.1423,22.89551],[89.13957,22.89428],[89.13506,22.89587],[89.12664,22.90143],[89.12321,22.9051],[89.12144,22.90607],[89.11819,22.90579],[89.11555,22.90268],[89.11137,22.89264],[89.11235,22.88946],[89.12308,22.88244],[89.12747,22.87817],[89.12997,22.87431],[89.12973,22.87105],[89.12409,22.85586],[89.12373,22.85307],[89.12695,22.84495],[89.13064,22.8387],[89.13908,22.83119],[89.14103,22.82657],[89.13985,22.82449],[89.13309,22.82291],[89.11914,22.82706],[89.10957,22.82649],[89.10713,22.82728],[89.10252,22.82554],[89.1014,22.82264],[89.09361,22.82211],[89.08816,22.82304],[89.08566,22.82172],[89.08472,22.81921],[89.08147,22.81624],[89.07861,22.81659],[89.07899,22.8214],[89.07336,22.82296],[89.0704,22.8228],[89.06602,22.81829],[89.0584,22.8188],[89.05773,22.82399],[89.05643,22.82626],[89.05032,22.82789],[89.03899,22.82589],[89.03604,22.82417],[89.02113,22.82454],[89.01132,22.82625],[89.00828,22.82528],[89.00014,22.82562],[89.00155,22.82272],[89.00517,22.81966],[89.00284,22.81781],[88.99912,22.8172],[88.98347,22.81948],[88.97866,22.81716],[88.97158,22.8115],[88.965,22.80832],[88.96352,22.80356],[88.95863,22.80184],[88.95911,22.80599],[88.96108,22.80984],[88.96201,22.81686],[88.96642,22.82889],[88.96722,22.84361],[88.96316,22.85014],[88.95974,22.85241],[88.95854,22.85514],[88.95631,22.85693],[88.9519,22.86644],[88.95068,22.8671],[88.94822,22.87435],[88.94601,22.87744],[88.9377,22.86911],[88.93257,22.86795],[88.91476,22.87401],[88.90933,22.8774],[88.90736,22.88918],[88.9033,22.89665],[88.9034,22.90387],[88.90878,22.90796],[88.90974,22.91023],[88.91342,22.9141],[88.91426,22.91681],[88.91388,22.91862],[88.91019,22.92179],[88.90326,22.9233],[88.90601,22.92588],[88.90621,22.92717],[88.91046,22.92884],[88.91291,22.92711],[88.91666,22.93082],[88.91944,22.93175],[88.9222,22.93166],[88.92209,22.92892],[88.9195,22.92494],[88.92049,22.92172],[88.92415,22.92054],[88.9268,22.92149],[88.92859,22.92498],[88.93102,22.92678],[88.93359,22.92664],[88.93735,22.92022],[88.93892,22.91897],[88.94215,22.92109],[88.94479,22.92105],[88.94677,22.92196],[88.94804,22.92398],[88.95181,22.92596],[88.95458,22.92604],[88.96017,22.91944],[88.96328,22.91791],[88.9653,22.91795],[88.96857,22.92557],[88.96999,22.92609],[88.97692,22.92196],[88.97884,22.92287],[88.98035,22.92545],[88.98326,22.92626],[88.99086,22.9223],[88.9938,22.9223],[88.99367,22.92791],[88.99218,22.93065],[88.99276,22.93641],[88.98862,22.94433],[88.98865,22.9456],[88.98923,22.947],[89.00443,22.94917],[89.01567,22.94907],[89.02605,22.93973],[89.03557,22.93641],[89.03963,22.93291],[89.04547,22.9438],[89.04826,22.94474],[89.04727,22.93493],[89.04909,22.93309],[89.05431,22.93343],[89.06003,22.93723],[89.07349,22.93488],[89.07683,22.93899],[89.08025,22.94123],[89.08116,22.94027]]]}},{"type":"Feature","properties":{"district_id":"satkhira","upazila_id":"satkhira-satkhira-sadar","source_name":"Satkhira S.","source_pcode":"408782","match_method":"exact"},"geometry":{"type":"Polygon","coordinates":[[[88.95863,22.80184],[88.96352,22.80356],[88.965,22.80832],[88.97158,22.8115],[88.97866,22.81716],[88.98347,22.81948],[88.99912,22.8172],[89.00284,22.81781],[89.00517,22.81966],[89.00155,22.82272],[89.00014,22.82562],[89.00828,22.82528],[89.01132,22.82625],[89.02113,22.82454],[89.03604,22.82417],[89.03899,22.82589],[89.05032,22.82789],[89.05643,22.82626],[89.05773,22.82399],[89.0584,22.8188],[89.06602,22.81829],[89.0704,22.8228],[89.07336,22.82296],[89.07899,22.8214],[89.07861,22.81659],[89.08147,22.81624],[89.08472,22.81921],[89.08566,22.82172],[89.08816,22.82304],[89.09361,22.82211],[89.1014,22.82264],[89.10128,22.8185],[89.10342,22.81075],[89.10546,22.80904],[89.10568,22.80565],[89.10179,22.80303],[89.09953,22.8063],[89.09547,22.80869],[89.0943,22.81331],[89.09224,22.81445],[89.08786,22.81219],[89.08863,22.80624],[89.09097,22.80384],[89.09832,22.80023],[89.1014,22.79522],[89.09723,22.78945],[89.09731,22.78531],[89.10098,22.78112],[89.10142,22.77792],[89.10017,22.77082],[89.10071,22.76782],[89.10528,22.76347],[89.10692,22.75861],[89.11674,22.75247],[89.1192,22.75001],[89.12378,22.74859],[89.12368,22.74692],[89.1252,22.74424],[89.12495,22.74195],[89.12308,22.73906],[89.12457,22.73449],[89.12337,22.73348],[89.10622,22.73272],[89.10587,22.73083],[89.10703,22.72815],[89.11025,22.72687],[89.11722,22.72695],[89.12421,22.7284],[89.12885,22.72204],[89.12943,22.71875],[89.13301,22.71683],[89.13708,22.71697],[89.14091,22.71941],[89.14246,22.72403],[89.14479,22.7257],[89.14841,22.72562],[89.15244,22.72438],[89.15218,22.71732],[89.14876,22.7047],[89.1522,22.70249],[89.15717,22.70158],[89.16311,22.69846],[89.16472,22.69653],[89.16388,22.6885],[89.16247,22.68629],[89.1619,22.68326],[89.1655,22.68019],[89.16632,22.67655],[89.16769,22.67485],[89.17475,22.672],[89.17568,22.66772],[89.17528,22.6599],[89.17473,22.6555],[89.17206,22.64798],[89.16943,22.6462],[89.1547,22.64791],[89.15006,22.64612],[89.13616,22.62936],[89.13415,22.63021],[89.13218,22.63232],[89.13064,22.63235],[89.12852,22.62711],[89.12398,22.63623],[89.12211,22.64215],[89.11948,22.6565],[89.11069,22.66112],[89.10799,22.66871],[89.10466,22.67275],[89.10171,22.67298],[89.10079,22.66864],[89.09944,22.66643],[89.0968,22.66671],[89.09102,22.67149],[89.08504,22.67139],[89.0798,22.66869],[89.07514,22.66925],[89.0735,22.67021],[89.06828,22.66584],[89.06464,22.66552],[89.06263,22.66188],[89.06078,22.66158],[89.05434,22.66701],[89.04922,22.6647],[89.04036,22.64599],[89.03764,22.64594],[89.0355,22.64839],[89.02412,22.65116],[89.01457,22.65079],[89.0203,22.66032],[89.02041,22.66187],[89.00491,22.66255],[89.00131,22.66372],[88.99637,22.66313],[88.99319,22.66377],[88.991,22.66256],[88.99571,22.66105],[88.99674,22.65841],[88.99253,22.64592],[88.98999,22.64511],[88.98842,22.64618],[88.98597,22.64192],[88.9827,22.63475],[88.98129,22.62782],[88.97667,22.62976],[88.97537,22.6322],[88.96281,22.64126],[88.96278,22.63523],[88.95796,22.63492],[88.9564,22.63352],[88.95645,22.63087],[88.95342,22.62795],[88.95563,22.62226],[88.95417,22.62278],[88.94541,22.62033],[88.93651,22.61914],[88.93605,22.62157],[88.93457,22.62149],[88.93528,22.63303],[88.93445,22.64111],[88.93195,22.64555],[88.93308,22.64736],[88.93879,22.65055],[88.94728,22.65985],[88.94875,22.67028],[88.95309,22.68003],[88.958,22.68573],[88.95944,22.68889],[88.95931,22.69071],[88.94768,22.7004],[88.94599,22.70106],[88.94573,22.70245],[88.9389,22.70875],[88.93472,22.71441],[88.93102,22.72459],[88.92077,22.73385],[88.9195,22.73746],[88.92125,22.74223],[88.92122,22.74653],[88.91922,22.75285],[88.91919,22.76171],[88.92068,22.76532],[88.92969,22.77397],[88.93259,22.78122],[88.93659,22.78457],[88.93917,22.78667],[88.9477,22.791],[88.95844,22.79421],[88.9585,22.80068],[88.95863,22.80184]]]}},{"type":"Feature","properties":{"district_id":"satkhira","upazila_id":"satkhira-shyamnagar","source_name":"Shyamnagar","source_pcode":"408786","match_method":"exact"},"geometry":{"type":"MultiPolygon","coordinates":[[[[89.23109,21.70012],[89.23195,21.6971],[89.23486,21.69387],[89.24619,21.68896],[89.24852,21.68951],[89.25313,21.69279],[89.25646,21.69685],[89.27,21.69666],[89.27747,21.69588],[89.28857,21.69291],[89.29415,21.6888],[89.29501,21.68571],[89.29171,21.67858],[89.28689,21.67616],[89.28416,21.67192],[89.27868,21.66735],[89.27667,21.66648],[89.27317,21.66653],[89.27081,21.66486],[89.26849,21.66444],[89.26338,21.66656],[89.2601,21.66889],[89.25834,21.66881],[89.26379,21.66265],[89.26292,21.66016],[89.25935,21.65751],[89.25256,21.65692],[89.24776,21.65558],[89.2434,21.65282],[89.24111,21.65302],[89.23712,21.6516],[89.23413,21.65196],[89.23026,21.65083],[89.2289,21.65205],[89.22559,21.65177],[89.21944,21.65306],[89.21876,21.65395],[89.21221,21.65073],[89.20959,21.65264],[89.20673,21.65675],[89.20631,21.66252],[89.20728,21.6658],[89.21034,21.66865],[89.21352,21.67439],[89.21611,21.67998],[89.21705,21.68613],[89.22031,21.69092],[89.22025,21.69264],[89.22326,21.69634],[89.22371,21.69883],[89.22548,21.69989],[89.2307,21.70062],[89.23109,21.70012]]],[[[89.26401,21.75827],[89.27391,21.75637],[89.28424,21.75048],[89.28653,21.74375],[89.28796,21.74173],[89.2881,21.73595],[89.28925,21.7303],[89.28539,21.72533],[89.2841,21.71981],[89.2808,21.71215],[89.28005,21.70921],[89.28134,21.70605],[89.28091,21.70504],[89.27744,21.7027],[89.26809,21.70226],[89.26099,21.70465],[89.25911,21.70448],[89.25596,21.70602],[89.25614,21.70804],[89.25822,21.71087],[89.26034,21.71651],[89.25796,21.72671],[89.25768,21.72969],[89.25862,21.73344],[89.25799,21.73564],[89.25698,21.73571],[89.25677,21.72461],[89.25884,21.71688],[89.25784,21.71278],[89.25455,21.70787],[89.25476,21.70511],[89.25727,21.70336],[89.26414,21.70168],[89.26235,21.69973],[89.25641,21.69946],[89.25182,21.69745],[89.25011,21.69516],[89.24925,21.69227],[89.24739,21.69213],[89.2375,21.69543],[89.23342,21.7037],[89.22691,21.70464],[89.22476,21.70363],[89.22404,21.70431],[89.22433,21.70659],[89.22655,21.71009],[89.22684,21.71466],[89.22605,21.71493],[89.22526,21.71258],[89.22383,21.71338],[89.22483,21.71849],[89.22204,21.72401],[89.22354,21.72676],[89.22096,21.73092],[89.2224,21.73335],[89.21975,21.7351],[89.2181,21.73752],[89.21939,21.73982],[89.2191,21.74244],[89.22347,21.74155],[89.22068,21.74346],[89.2198,21.74629],[89.22095,21.74783],[89.23103,21.75267],[89.23909,21.75363],[89.24418,21.75655],[89.2524,21.75557],[89.26074,21.75828],[89.26344,21.75833],[89.26401,21.75827]]],[[[89.28771,21.77153],[89.28671,21.77187],[89.28678,21.77308],[89.28793,21.77268],[89.288,21.77187],[89.28771,21.77153]]],[[[89.29051,21.77517],[89.28771,21.77886],[89.28736,21.78505],[89.28593,21.78848],[89.28879,21.78565],[89.28944,21.779],[89.29051,21.77779],[89.29065,21.77557],[89.29051,21.77517]]],[[[89.27209,21.81636],[89.2728,21.81401],[89.28319,21.7976],[89.28354,21.7935],[89.2809,21.7933],[89.27667,21.79451],[89.27159,21.79309],[89.26336,21.79363],[89.27198,21.79187],[89.27615,21.79371],[89.28385,21.79144],[89.28635,21.7833],[89.28621,21.78021],[89.28472,21.77597],[89.28621,21.76824],[89.28506,21.76501],[89.28826,21.75783],[89.28781,21.75374],[89.28062,21.75602],[89.275,21.76],[89.25942,21.76105],[89.25373,21.75867],[89.25111,21.75836],[89.24473,21.75938],[89.2366,21.75588],[89.22878,21.75516],[89.22629,21.75314],[89.21857,21.75026],[89.21635,21.75206],[89.21174,21.76122],[89.20845,21.76411],[89.20752,21.76721],[89.20795,21.77097],[89.20515,21.7738],[89.20222,21.77467],[89.20122,21.77581],[89.19807,21.77595],[89.19143,21.78008],[89.19001,21.7833],[89.1913,21.78599],[89.18935,21.78853],[89.18866,21.79704],[89.18711,21.79895],[89.18518,21.79955],[89.18525,21.8017],[89.18418,21.80352],[89.18432,21.8046],[89.18618,21.80527],[89.18633,21.80641],[89.18554,21.8087],[89.18207,21.81257],[89.18345,21.81339],[89.18335,21.81583],[89.18929,21.82464],[89.19133,21.82607],[89.19703,21.82664],[89.21309,21.82168],[89.23038,21.8219],[89.23328,21.81984],[89.23185,21.81539],[89.23443,21.81905],[89.24596,21.81629],[89.24953,21.81629],[89.25211,21.81764],[89.25491,21.82107],[89.25662,21.83015],[89.25755,21.83162],[89.2587,21.8325],[89.2645,21.8329],[89.26686,21.8321],[89.26872,21.82934],[89.26908,21.82443],[89.27166,21.81703],[89.27209,21.81636]]],[[[89.28914,21.84103],[89.291,21.84063],[89.28785,21.84002],[89.28577,21.84083],[89.28706,21.8415],[89.28864,21.8411],[89.28914,21.84103]]],[[[89.0486,21.92285],[89.05602,21.92163],[89.05856,21.91964],[89.05891,21.91666],[89.05728,21.90473],[89.05736,21.89699],[89.06024,21.88706],[89.0683,21.87339],[89.0754,21.86528],[89.08411,21.85697],[89.08311,21.85236],[89.08202,21.85144],[89.08279,21.84922],[89.08243,21.8427],[89.08085,21.84021],[89.07969,21.83456],[89.07729,21.834],[89.07854,21.8328],[89.07731,21.82164],[89.07624,21.81983],[89.07696,21.81895],[89.07696,21.81492],[89.07878,21.80849],[89.08128,21.8015],[89.08389,21.79755],[89.08396,21.79567],[89.0844,21.7952],[89.08553,21.79584],[89.10035,21.78382],[89.10502,21.78143],[89.12137,21.77579],[89.12491,21.77402],[89.12745,21.77162],[89.13267,21.76925],[89.13058,21.76673],[89.13271,21.76049],[89.13464,21.75955],[89.13529,21.75753],[89.1373,21.75822],[89.13831,21.75702],[89.14297,21.75627],[89.14569,21.75183],[89.1459,21.74994],[89.14383,21.74611],[89.14655,21.74268],[89.14805,21.73905],[89.14774,21.73417],[89.14304,21.72737],[89.13851,21.72231],[89.13572,21.7206],[89.12641,21.71936],[89.12576,21.71793],[89.12305,21.71664],[89.11308,21.71782],[89.10805,21.72087],[89.10432,21.72571],[89.10254,21.72645],[89.10095,21.73001],[89.10168,21.73297],[89.1047,21.73467],[89.10493,21.73655],[89.09992,21.74083],[89.09361,21.74472],[89.09243,21.74654],[89.09319,21.74946],[89.09827,21.7533],[89.09862,21.75531],[89.09311,21.75034],[89.09158,21.74678],[89.09417,21.74306],[89.10369,21.73645],[89.10368,21.73511],[89.09936,21.73476],[89.09162,21.73967],[89.0899,21.74203],[89.08912,21.74485],[89.08639,21.74741],[89.08482,21.7507],[89.08052,21.75575],[89.07981,21.7581],[89.07029,21.76969],[89.05629,21.77934],[89.05085,21.78096],[89.04942,21.78338],[89.04554,21.78531],[89.04403,21.78702],[89.04423,21.79109],[89.0493,21.80734],[89.05739,21.82754],[89.05985,21.83849],[89.06064,21.84589],[89.06021,21.85377],[89.05898,21.86042],[89.05315,21.87647],[89.04101,21.88854],[89.03531,21.89287],[89.03308,21.89591],[89.03242,21.9112],[89.03304,21.91691],[89.03482,21.91937],[89.04039,21.92168],[89.04807,21.92286],[89.0486,21.92285]]],[[[89.34856,21.92076],[89.35147,21.92281],[89.35443,21.92667],[89.35627,21.92485],[89.35756,21.91793],[89.35934,21.91481],[89.3592,21.91027],[89.36051,21.90745],[89.35992,21.90569],[89.36094,21.9035],[89.36035,21.90245],[89.36091,21.90026],[89.35909,21.89818],[89.35306,21.89455],[89.35154,21.8946],[89.3373,21.88917],[89.32898,21.88426],[89.32222,21.87806],[89.31087,21.86364],[89.30533,21.85428],[89.30201,21.84499],[89.30119,21.8382],[89.30199,21.82413],[89.29814,21.81772],[89.29516,21.8188],[89.28073,21.83469],[89.28325,21.838],[89.28693,21.83726],[89.28992,21.83758],[89.29364,21.83966],[89.29575,21.84203],[89.29782,21.85553],[89.30085,21.86029],[89.30659,21.86604],[89.30775,21.86806],[89.30771,21.87005],[89.30525,21.87316],[89.29455,21.87608],[89.29177,21.87775],[89.29098,21.87921],[89.29462,21.88462],[89.29827,21.88789],[89.30928,21.90112],[89.31194,21.90556],[89.31801,21.91221],[89.321,21.91726],[89.32013,21.91963],[89.31632,21.92211],[89.30564,21.9257],[89.29964,21.92874],[89.29166,21.93611],[89.29,21.93944],[89.29028,21.94278],[89.29139,21.94417],[89.28961,21.9483],[89.28978,21.94979],[89.29227,21.95188],[89.29597,21.95344],[89.29721,21.95505],[89.29272,21.96226],[89.29388,21.96358],[89.2979,21.96541],[89.29936,21.96815],[89.30227,21.97107],[89.30256,21.97272],[89.30037,21.97672],[89.30055,21.98209],[89.29233,21.98602],[89.28814,21.9869],[89.28812,21.98849],[89.2973,21.99128],[89.30412,21.9976],[89.30538,21.99766],[89.30656,21.99664],[89.32309,21.97568],[89.33302,21.96489],[89.3372,21.96154],[89.34831,21.94335],[89.34937,21.94049],[89.34906,21.93868],[89.35085,21.93674],[89.35091,21.93417],[89.35374,21.9282],[89.35027,21.92261],[89.34859,21.92127],[89.34856,21.92076]]],[[[89.17446,22.0214],[89.17856,22.0206],[89.18322,22.02147],[89.18485,22.02108],[89.1869,22.01652],[89.1889,22.0087],[89.19228,22.00398],[89.19586,22.00169],[89.20526,21.9981],[89.21545,21.9969],[89.21986,21.9951],[89.22278,21.99483],[89.22358,21.99396],[89.22465,21.9942],[89.22538,21.99301],[89.2271,21.99314],[89.22977,21.99108],[89.24039,21.98694],[89.24189,21.98509],[89.24178,21.98318],[89.2354,21.97807],[89.22435,21.97227],[89.21752,21.97079],[89.21123,21.96832],[89.2034,21.96173],[89.20199,21.95672],[89.20232,21.95214],[89.20172,21.95012],[89.20406,21.94486],[89.20948,21.9367],[89.21346,21.9335],[89.22089,21.9303],[89.22068,21.92818],[89.2219,21.92946],[89.22412,21.92973],[89.2408,21.92906],[89.24631,21.91413],[89.25648,21.90835],[89.26186,21.90667],[89.28248,21.90654],[89.28534,21.90579],[89.28527,21.90418],[89.28033,21.89624],[89.27782,21.89342],[89.27553,21.89214],[89.27417,21.88972],[89.27016,21.88609],[89.26958,21.88428],[89.26651,21.88407],[89.25548,21.88703],[89.24953,21.88757],[89.2476,21.88703],[89.26237,21.88441],[89.26794,21.88233],[89.26917,21.8793],[89.26809,21.86869],[89.27028,21.86304],[89.27385,21.85946],[89.27417,21.85564],[89.2739,21.84837],[89.26997,21.84202],[89.26688,21.84092],[89.26705,21.83875],[89.26562,21.83648],[89.25867,21.8349],[89.2561,21.83345],[89.25537,21.83457],[89.25706,21.83735],[89.25433,21.83554],[89.25426,21.83326],[89.25533,21.83204],[89.25412,21.82989],[89.2534,21.82236],[89.25133,21.81907],[89.24882,21.81805],[89.23593,21.82068],[89.23278,21.82317],[89.22862,21.82397],[89.21323,21.82404],[89.19325,21.82929],[89.1954,21.83594],[89.19633,21.83581],[89.19905,21.84791],[89.20006,21.86049],[89.19955,21.87111],[89.19962,21.87172],[89.20148,21.87205],[89.19945,21.87357],[89.20075,21.88679],[89.20399,21.89264],[89.20993,21.89994],[89.21276,21.9059],[89.21298,21.91366],[89.21053,21.91777],[89.20467,21.92222],[89.19836,21.92441],[89.19391,21.925],[89.18758,21.92449],[89.18158,21.92539],[89.18037,21.92705],[89.18249,21.93075],[89.1828,21.93351],[89.18155,21.93603],[89.17757,21.93854],[89.16769,21.94086],[89.17901,21.93689],[89.18123,21.93461],[89.18151,21.93037],[89.17672,21.92573],[89.16003,21.92431],[89.15179,21.92647],[89.14815,21.92869],[89.1432,21.93447],[89.14163,21.93756],[89.13984,21.94536],[89.1402,21.95814],[89.14463,21.9648],[89.15874,21.97811],[89.16917,21.99195],[89.17105,21.9991],[89.17053,22.005],[89.16558,22.01559],[89.16448,22.02029],[89.16582,22.02138],[89.174,22.02154],[89.17446,22.0214]]],[[[89.12284,22.0459],[89.11897,22.04133],[89.11472,22.02909],[89.11667,22.02722],[89.12178,22.02754],[89.12659,22.02609],[89.127,22.01545],[89.13107,22.00814],[89.13081,22.00682],[89.12761,22.00352],[89.12779,22.00142],[89.12969,21.99836],[89.1283,21.99694],[89.1254,21.99612],[89.1218,21.99789],[89.12318,21.99568],[89.11775,21.99271],[89.11454,21.98941],[89.11428,21.98634],[89.11803,21.98149],[89.11823,21.97942],[89.11393,21.97834],[89.10749,21.97826],[89.10526,21.97593],[89.10906,21.96838],[89.10855,21.96526],[89.1062,21.96158],[89.10616,21.96001],[89.10821,21.9574],[89.11473,21.95474],[89.11546,21.95274],[89.11094,21.94763],[89.10672,21.94449],[89.09671,21.94],[89.09544,21.94175],[89.09294,21.95556],[89.09444,21.97743],[89.09612,21.98041],[89.09383,21.98579],[89.09164,22.00733],[89.09003,22.01371],[89.09499,22.02133],[89.09495,22.02886],[89.0925,22.03732],[89.09263,22.03999],[89.09459,22.0443],[89.09448,22.04874],[89.09621,22.04941],[89.10034,22.04616],[89.10345,22.04616],[89.10497,22.04815],[89.10526,22.05003],[89.10938,22.05167],[89.11153,22.05391],[89.11561,22.06281],[89.11975,22.06918],[89.12502,22.07257],[89.12781,22.073],[89.13303,22.07105],[89.13545,22.06691],[89.13257,22.06533],[89.12761,22.05951],[89.12545,22.05478],[89.12434,22.04822],[89.12325,22.04637],[89.12284,22.0459]]],[[[89.16856,22.06643],[89.17171,22.06383],[89.17241,22.06206],[89.1601,22.05776],[89.15295,22.0539],[89.14861,22.04793],[89.14584,22.03882],[89.14674,22.03265],[89.14919,22.02759],[89.15526,22.01885],[89.16136,22.00362],[89.16247,21.99369],[89.15636,21.98767],[89.14306,21.97806],[89.13695,21.97167],[89.13361,21.96611],[89.13167,21.96056],[89.13055,21.95583],[89.13055,21.94861],[89.13269,21.94256],[89.13462,21.93954],[89.13842,21.92427],[89.14486,21.91627],[89.15431,21.91382],[89.16431,21.9136],[89.18808,21.91569],[89.19975,21.91374],[89.20111,21.913],[89.20147,21.91152],[89.20054,21.90748],[89.19617,21.89793],[89.1928,21.89316],[89.19267,21.89134],[89.1855,21.8758],[89.18336,21.8588],[89.18543,21.83782],[89.185,21.8358],[89.18256,21.83338],[89.18027,21.83318],[89.17899,21.84051],[89.17297,21.84434],[89.17068,21.84804],[89.16316,21.84932],[89.1628,21.8514],[89.16517,21.85436],[89.16553,21.85631],[89.16445,21.86008],[89.16238,21.8627],[89.15865,21.86357],[89.15464,21.86196],[89.15299,21.86048],[89.15077,21.86129],[89.1502,21.86579],[89.15464,21.86936],[89.15471,21.87319],[89.15077,21.87366],[89.14905,21.87504],[89.14668,21.87511],[89.14482,21.87612],[89.14317,21.87336],[89.14239,21.87343],[89.14389,21.87834],[89.14861,21.8823],[89.1479,21.88278],[89.14368,21.88022],[89.14153,21.8747],[89.14159,21.87296],[89.14389,21.87316],[89.14497,21.87518],[89.1541,21.87196],[89.15403,21.87007],[89.15102,21.86799],[89.14894,21.86476],[89.14923,21.8622],[89.15088,21.85918],[89.1531,21.85945],[89.15811,21.86254],[89.1619,21.86207],[89.1637,21.85918],[89.16448,21.85541],[89.16148,21.85158],[89.16177,21.84969],[89.16441,21.84775],[89.17064,21.84701],[89.17315,21.8425],[89.17773,21.84001],[89.17867,21.83833],[89.17902,21.83033],[89.17823,21.82744],[89.17329,21.82246],[89.17193,21.81916],[89.16964,21.81244],[89.16964,21.80747],[89.1685,21.80343],[89.16634,21.80175],[89.15746,21.80061],[89.15596,21.79799],[89.15668,21.7957],[89.15366,21.79402],[89.14894,21.79429],[89.14429,21.79617],[89.13484,21.79792],[89.13262,21.7996],[89.13419,21.80101],[89.13741,21.80182],[89.13684,21.80283],[89.13212,21.80141],[89.12711,21.80168],[89.12123,21.80518],[89.11708,21.80585],[89.1067,21.81044],[89.10247,21.8109],[89.09904,21.81339],[89.09911,21.81568],[89.1029,21.82179],[89.10412,21.82186],[89.11314,21.81619],[89.11607,21.81594],[89.11781,21.81729],[89.12031,21.82253],[89.11852,21.82959],[89.11543,21.83396],[89.11522,21.84136],[89.11643,21.84311],[89.11922,21.84452],[89.12703,21.84627],[89.1304,21.84775],[89.13097,21.84869],[89.13097,21.85165],[89.12939,21.8577],[89.12173,21.86967],[89.11973,21.87491],[89.12023,21.87841],[89.12517,21.88298],[89.12717,21.88668],[89.12703,21.88863],[89.12474,21.89132],[89.12453,21.89347],[89.12331,21.89179],[89.12582,21.8895],[89.12596,21.88661],[89.12353,21.88251],[89.1208,21.8807],[89.11844,21.87579],[89.12066,21.86933],[89.12911,21.85461],[89.12961,21.84889],[89.12639,21.84748],[89.11829,21.84633],[89.11364,21.84163],[89.11292,21.83685],[89.11372,21.8341],[89.11772,21.82757],[89.11865,21.82468],[89.118,21.81997],[89.11679,21.81802],[89.11479,21.81715],[89.10263,21.8254],[89.10433,21.84385],[89.1037,21.85155],[89.09968,21.87234],[89.09718,21.88008],[89.09344,21.88675],[89.08887,21.8924],[89.08457,21.89616],[89.08319,21.89837],[89.08456,21.90025],[89.08248,21.89924],[89.08112,21.90032],[89.08005,21.90194],[89.07933,21.90577],[89.08076,21.92004],[89.08298,21.92462],[89.08858,21.92588],[89.0913,21.92434],[89.09417,21.92083],[89.09537,21.92079],[89.09019,21.92638],[89.08316,21.92696],[89.08515,21.93146],[89.08826,21.94338],[89.0906,21.94757],[89.09154,21.94772],[89.09271,21.94615],[89.09502,21.93912],[89.09708,21.93837],[89.102,21.93979],[89.10583,21.94195],[89.11359,21.94785],[89.11655,21.95159],[89.11687,21.95398],[89.11552,21.9561],[89.10786,21.95982],[89.11082,21.96748],[89.1097,21.97159],[89.1071,21.97583],[89.10821,21.97687],[89.11664,21.9773],[89.12054,21.97944],[89.12055,21.98033],[89.11561,21.98666],[89.11588,21.98907],[89.1226,21.99386],[89.12911,21.99591],[89.13085,21.99816],[89.12838,22.003],[89.12874,22.00407],[89.13252,22.00672],[89.13262,22.00825],[89.12793,22.01568],[89.12735,22.0272],[89.12402,22.02832],[89.11694,22.02833],[89.11611,22.02917],[89.11972,22.04056],[89.12527,22.04778],[89.12605,22.054],[89.12888,22.05947],[89.13241,22.06416],[89.13996,22.06741],[89.14332,22.07167],[89.1489,22.07658],[89.16816,22.06668],[89.16856,22.06643]]],[[[89.23326,22.09976],[89.23824,22.09889],[89.2419,22.09641],[89.25056,22.09333],[89.25528,22.08528],[89.25833,22.08222],[89.26096,22.08087],[89.27148,22.08196],[89.28123,22.0869],[89.28445,22.08746],[89.28834,22.08774],[89.2927,22.08665],[89.29434,22.08524],[89.29331,22.08314],[89.28395,22.07513],[89.28056,22.07031],[89.27717,22.0627],[89.27666,22.05841],[89.27671,22.05556],[89.27977,22.04724],[89.29111,22.03305],[89.29333,22.02806],[89.2925,22.02667],[89.29774,22.01884],[89.3055,21.99929],[89.302,21.99773],[89.29884,21.99332],[89.28843,21.98965],[89.28621,21.98701],[89.29926,21.98177],[89.29993,21.98027],[89.29915,21.97808],[89.29952,21.97556],[89.30137,21.9725],[89.2973,21.96637],[89.29264,21.96454],[89.29163,21.96324],[89.29166,21.96108],[89.29534,21.95498],[89.29011,21.95226],[89.28835,21.95032],[89.28822,21.94875],[89.28997,21.94496],[89.28917,21.93896],[89.29172,21.93402],[89.29873,21.92773],[89.30592,21.92391],[89.31828,21.91934],[89.31947,21.91755],[89.31867,21.91564],[89.3118,21.9086],[89.30965,21.9049],[89.30185,21.89549],[89.29508,21.88861],[89.29003,21.8806],[89.28978,21.87845],[89.29139,21.87612],[89.29707,21.87337],[89.30595,21.87079],[89.30653,21.86957],[89.29901,21.8616],[89.29613,21.85748],[89.29476,21.85109],[89.29471,21.84477],[89.29395,21.84207],[89.29272,21.84137],[89.285,21.8423],[89.28361,21.84344],[89.28466,21.84896],[89.28385,21.85672],[89.28105,21.86754],[89.27674,21.87473],[89.28,21.87902],[89.28159,21.87947],[89.28629,21.88319],[89.2936,21.89444],[89.29562,21.89993],[89.29611,21.9039],[89.29333,21.91167],[89.28949,21.91522],[89.28458,21.91801],[89.28031,21.91926],[89.27715,21.92578],[89.26963,21.92847],[89.26917,21.92997],[89.27016,21.93642],[89.26949,21.939],[89.26813,21.94043],[89.26228,21.94319],[89.26166,21.94249],[89.26757,21.93932],[89.26864,21.93778],[89.26803,21.92829],[89.2702,21.92669],[89.27608,21.92486],[89.27843,21.92044],[89.27566,21.91893],[89.26881,21.91823],[89.26478,21.91625],[89.26039,21.91611],[89.25866,21.91796],[89.25304,21.92911],[89.24111,21.93917],[89.23656,21.94198],[89.23135,21.94801],[89.23239,21.94947],[89.24169,21.95037],[89.24958,21.95348],[89.26099,21.96364],[89.25889,21.96278],[89.25043,21.95555],[89.24632,21.95313],[89.24052,21.95139],[89.23056,21.95021],[89.2303,21.9475],[89.23423,21.94284],[89.23431,21.94151],[89.23042,21.94274],[89.21965,21.94422],[89.21553,21.94629],[89.20962,21.95186],[89.2114,21.95538],[89.21535,21.95862],[89.22087,21.96129],[89.23286,21.96474],[89.24329,21.97112],[89.24747,21.97569],[89.25051,21.98233],[89.24744,21.99001],[89.24138,21.99677],[89.23481,22.00095],[89.22142,22.00508],[89.21825,22.00788],[89.22066,22.01163],[89.23194,22.02351],[89.23653,22.03082],[89.24696,22.04423],[89.24936,22.04789],[89.25246,22.05664],[89.25242,22.06465],[89.25107,22.06962],[89.24777,22.07421],[89.24362,22.07882],[89.23212,22.08678],[89.22495,22.09312],[89.22453,22.0949],[89.22674,22.09853],[89.23046,22.09996],[89.23263,22.09994],[89.23326,22.09976]]],[[[89.08139,22.18],[89.0975,22.16917],[89.10167,22.165],[89.10445,22.15861],[89.10728,22.15597],[89.12106,22.15357],[89.12557,22.151],[89.12691,22.14663],[89.12756,22.13989],[89.1289,22.1368],[89.13249,22.13348],[89.13911,22.12991],[89.13966,22.12793],[89.1385,22.12712],[89.1365,22.12726],[89.12761,22.13022],[89.12195,22.13028],[89.11584,22.12806],[89.11472,22.12306],[89.115,22.12111],[89.12055,22.11194],[89.12611,22.10028],[89.14083,22.08805],[89.14584,22.08222],[89.14722,22.07806],[89.13834,22.06861],[89.13723,22.06868],[89.13548,22.07102],[89.12972,22.07417],[89.12611,22.07472],[89.12334,22.07389],[89.1175,22.06972],[89.11667,22.06639],[89.11389,22.06306],[89.10973,22.05417],[89.10472,22.05278],[89.10194,22.04861],[89.09666,22.05194],[89.095,22.05194],[89.09278,22.05028],[89.09278,22.04444],[89.09111,22.04056],[89.09084,22.03667],[89.09306,22.03056],[89.09333,22.02278],[89.09278,22.02111],[89.08972,22.01889],[89.08889,22.01917],[89.08556,22.02667],[89.08139,22.03111],[89.07722,22.03861],[89.07389,22.04222],[89.07056,22.0475],[89.06722,22.05528],[89.06861,22.05639],[89.07528,22.05667],[89.08528,22.05417],[89.08806,22.05556],[89.09111,22.06139],[89.09084,22.06278],[89.09306,22.07],[89.09444,22.08417],[89.0975,22.09278],[89.0975,22.09528],[89.09666,22.09639],[89.09278,22.09778],[89.08083,22.09889],[89.07724,22.10038],[89.07703,22.10393],[89.08126,22.10909],[89.08227,22.11338],[89.08392,22.11338],[89.08126,22.11425],[89.08061,22.10942],[89.07623,22.10453],[89.07587,22.10098],[89.07645,22.09991],[89.07961,22.09803],[89.0938,22.09662],[89.09574,22.09555],[89.0961,22.09374],[89.09312,22.08391],[89.09022,22.065],[89.08772,22.05791],[89.08462,22.05586],[89.07618,22.05828],[89.06725,22.05835],[89.06222,22.05921],[89.0545,22.0656],[89.05283,22.07054],[89.05334,22.07556],[89.05194,22.07805],[89.04722,22.09694],[89.05002,22.10318],[89.05756,22.11215],[89.07248,22.12505],[89.08004,22.13268],[89.09458,22.14028],[89.09971,22.14585],[89.1008,22.14916],[89.10111,22.15611],[89.10028,22.15833],[89.09722,22.16139],[89.09417,22.1625],[89.08861,22.1625],[89.085,22.16083],[89.07528,22.15],[89.07361,22.15055],[89.07083,22.15389],[89.06667,22.16417],[89.06611,22.1725],[89.06667,22.17472],[89.07389,22.18389],[89.07528,22.18861],[89.07528,22.19305],[89.07611,22.19444],[89.07694,22.19444],[89.07806,22.19278],[89.07944,22.18889],[89.08,22.18361],[89.08139,22.18056],[89.08139,22.18]]],[[[89.24639,22.21611],[89.2525,22.21361],[89.26861,22.21445],[89.30167,22.21417],[89.30389,22.21305],[89.30583,22.21056],[89.31277,22.18833],[89.30945,22.18278],[89.30111,22.17444],[89.29082,22.16917],[89.28111,22.16195],[89.27778,22.15833],[89.275,22.15306],[89.27139,22.14944],[89.26527,22.13806],[89.26334,22.13583],[89.265,22.12086],[89.26468,22.11386],[89.25382,22.10318],[89.24999,22.10059],[89.24657,22.1003],[89.23889,22.10389],[89.23341,22.1047],[89.22222,22.10222],[89.21694,22.09861],[89.21461,22.10399],[89.21194,22.11639],[89.207,22.12605],[89.21168,22.1283],[89.2226,22.12977],[89.22523,22.13085],[89.22655,22.13267],[89.22632,22.13537],[89.22464,22.1375],[89.21278,22.14101],[89.21201,22.14262],[89.21313,22.14476],[89.22078,22.14978],[89.22821,22.15611],[89.24098,22.15699],[89.24379,22.15808],[89.24524,22.15976],[89.24525,22.16344],[89.24002,22.16974],[89.23657,22.18093],[89.23263,22.18748],[89.22785,22.19315],[89.22639,22.19847],[89.22855,22.20272],[89.24167,22.20917],[89.24416,22.21194],[89.24611,22.21583],[89.24639,22.21611]]],[[[89.18002,22.22769],[89.18108,22.22708],[89.18334,22.22826],[89.19144,22.22848],[89.19165,22.22694],[89.18977,22.22217],[89.19027,22.21925],[89.19278,22.21755],[89.19872,22.21624],[89.19956,22.21508],[89.1977,22.2095],[89.19597,22.20696],[89.19587,22.20157],[89.19748,22.19498],[89.19675,22.19288],[89.19392,22.18997],[89.19353,22.18829],[89.19393,22.18536],[89.19602,22.18164],[89.19861,22.17917],[89.19917,22.1775],[89.20293,22.17771],[89.21541,22.17386],[89.21889,22.1712],[89.20946,22.16446],[89.20807,22.1599],[89.20851,22.15394],[89.20706,22.14931],[89.20466,22.14667],[89.2028,22.14703],[89.1972,22.15237],[89.19387,22.1544],[89.19197,22.15434],[89.18923,22.15254],[89.1881,22.1493],[89.18837,22.14596],[89.19097,22.13487],[89.19407,22.129],[89.20145,22.12267],[89.20609,22.11648],[89.21088,22.09679],[89.21555,22.0875],[89.22444,22.08111],[89.23361,22.07694],[89.23666,22.07417],[89.24167,22.0675],[89.24528,22.05722],[89.24472,22.05556],[89.23444,22.04333],[89.22916,22.03416],[89.22334,22.02778],[89.22111,22.02361],[89.21279,22.01694],[89.21028,22.01194],[89.21028,22.00889],[89.20834,22.00417],[89.205,22.00222],[89.20222,22.0025],[89.19443,22.01],[89.1925,22.01389],[89.19139,22.01861],[89.18694,22.02444],[89.17889,22.02722],[89.1725,22.02583],[89.16222,22.0275],[89.15556,22.03305],[89.15278,22.03806],[89.15305,22.04139],[89.15611,22.04528],[89.17083,22.05222],[89.17416,22.05556],[89.17611,22.05889],[89.17722,22.06389],[89.17639,22.06833],[89.17333,22.07222],[89.15276,22.08226],[89.15006,22.08504],[89.15147,22.08603],[89.15827,22.08737],[89.16233,22.08626],[89.16818,22.08171],[89.17176,22.08008],[89.17397,22.07982],[89.17708,22.0814],[89.17939,22.08569],[89.1797,22.08927],[89.1787,22.09633],[89.17946,22.09944],[89.18159,22.10324],[89.18664,22.10759],[89.19216,22.11411],[89.19352,22.1183],[89.1919,22.12143],[89.18984,22.12303],[89.18551,22.12377],[89.17654,22.12224],[89.17464,22.12283],[89.17175,22.12522],[89.16861,22.12867],[89.16781,22.1307],[89.17049,22.13988],[89.16884,22.14602],[89.16167,22.15222],[89.14807,22.1525],[89.1435,22.15343],[89.14233,22.15498],[89.14068,22.1627],[89.1409,22.16666],[89.14723,22.18221],[89.14987,22.18521],[89.15642,22.1894],[89.15803,22.19187],[89.1594,22.19685],[89.16009,22.20641],[89.16866,22.20753],[89.171,22.21047],[89.17113,22.21231],[89.16987,22.21437],[89.16515,22.2166],[89.16048,22.21752],[89.15639,22.22053],[89.15544,22.22296],[89.15688,22.22688],[89.1603,22.22856],[89.16937,22.22778],[89.17128,22.22854],[89.17596,22.23271],[89.17729,22.23213],[89.17968,22.22794],[89.18002,22.22769]]],[[[89.20475,22.26533],[89.20991,22.26659],[89.21462,22.26646],[89.21662,22.26423],[89.2183,22.2596],[89.21759,22.25839],[89.20531,22.25446],[89.20328,22.25154],[89.20451,22.2495],[89.20715,22.24897],[89.21613,22.24995],[89.22858,22.25377],[89.22951,22.25344],[89.23318,22.24792],[89.23969,22.24546],[89.23911,22.2428],[89.23672,22.23845],[89.23601,22.23114],[89.23726,22.22679],[89.24129,22.2194],[89.24163,22.21712],[89.23421,22.20841],[89.22556,22.205],[89.22222,22.20028],[89.22388,22.1939],[89.23081,22.18461],[89.23524,22.17519],[89.23781,22.1669],[89.24139,22.16163],[89.24052,22.16043],[89.23769,22.15952],[89.23163,22.15912],[89.22515,22.15732],[89.22111,22.15361],[89.21161,22.14828],[89.20893,22.14388],[89.2096,22.14013],[89.21403,22.13668],[89.22097,22.13523],[89.22301,22.13379],[89.21811,22.13202],[89.20834,22.13163],[89.20531,22.13016],[89.2034,22.12811],[89.19763,22.13066],[89.19475,22.13365],[89.19088,22.14688],[89.19103,22.14996],[89.19186,22.15072],[89.19358,22.15054],[89.19958,22.14587],[89.20312,22.14448],[89.20742,22.14549],[89.21001,22.1485],[89.21107,22.15141],[89.21111,22.16271],[89.21368,22.16523],[89.21967,22.16791],[89.2211,22.17221],[89.22018,22.17398],[89.21611,22.17611],[89.19961,22.18069],[89.19587,22.18443],[89.19506,22.18788],[89.1991,22.19367],[89.19782,22.20323],[89.20079,22.21197],[89.20106,22.21493],[89.19854,22.2183],[89.19097,22.21991],[89.19296,22.22664],[89.19174,22.22907],[89.1887,22.23026],[89.18426,22.22979],[89.18337,22.23085],[89.18455,22.23403],[89.18707,22.23549],[89.19664,22.23421],[89.19945,22.23472],[89.20084,22.23611],[89.20071,22.23888],[89.19827,22.24283],[89.1961,22.2495],[89.19308,22.25424],[89.19247,22.25706],[89.19489,22.25984],[89.19787,22.26764],[89.19942,22.26969],[89.20113,22.2695],[89.2029,22.26618],[89.20423,22.26547],[89.20475,22.26533]]],[[[89.19083,22.39641],[89.19401,22.39111],[89.1954,22.38562],[89.19503,22.37483],[89.19674,22.37209],[89.20331,22.37246],[89.21844,22.3754],[89.22095,22.37447],[89.22533,22.37546],[89.23027,22.3723],[89.24541,22.35604],[89.25236,22.35023],[89.25534,22.34917],[89.25139,22.34778],[89.24861,22.34472],[89.24861,22.33778],[89.25027,22.335],[89.25361,22.33194],[89.25833,22.32444],[89.27389,22.30889],[89.27472,22.30667],[89.27472,22.2975],[89.27639,22.29083],[89.28222,22.28389],[89.28722,22.28167],[89.2925,22.28167],[89.30305,22.28528],[89.30833,22.28555],[89.31139,22.28417],[89.31416,22.28167],[89.31389,22.27861],[89.31028,22.27389],[89.30527,22.27028],[89.29472,22.26667],[89.29028,22.26306],[89.28807,22.25862],[89.28806,22.25333],[89.29111,22.24778],[89.29444,22.24444],[89.29861,22.24195],[89.30917,22.23167],[89.30278,22.21917],[89.29806,22.22056],[89.2575,22.22111],[89.25196,22.22222],[89.25,22.22333],[89.24834,22.22278],[89.24639,22.22417],[89.24695,22.22611],[89.24583,22.22917],[89.24583,22.23194],[89.25027,22.255],[89.25027,22.2675],[89.25417,22.27195],[89.26639,22.27695],[89.26945,22.28028],[89.27028,22.28555],[89.26583,22.29056],[89.26083,22.29194],[89.2575,22.29194],[89.24695,22.28944],[89.2375,22.29083],[89.23222,22.29333],[89.22472,22.29944],[89.21639,22.32889],[89.20722,22.34472],[89.2075,22.34639],[89.20917,22.34805],[89.21611,22.35139],[89.22111,22.35611],[89.22417,22.36194],[89.22361,22.36778],[89.22028,22.37194],[89.21778,22.37307],[89.2125,22.37278],[89.20834,22.37111],[89.20528,22.36889],[89.20139,22.36778],[89.19778,22.3675],[89.19472,22.36861],[89.1925,22.37528],[89.19083,22.39528],[89.19083,22.39641]]],[[[89.1043,22.39304],[89.10674,22.39134],[89.10918,22.38812],[89.11717,22.37284],[89.12458,22.36969],[89.13332,22.36817],[89.13783,22.36905],[89.14044,22.37048],[89.14193,22.37315],[89.14346,22.37955],[89.14395,22.38643],[89.14827,22.3938],[89.152,22.39562],[89.15932,22.39396],[89.16186,22.39448],[89.16533,22.39997],[89.16508,22.40193],[89.16145,22.40359],[89.17355,22.40444],[89.18484,22.39803],[89.18777,22.39806],[89.18667,22.39639],[89.18728,22.3794],[89.18977,22.37137],[89.19305,22.36555],[89.19806,22.36306],[89.20167,22.36278],[89.21472,22.36695],[89.21944,22.36639],[89.21891,22.36415],[89.21694,22.36528],[89.21555,22.36528],[89.21416,22.36417],[89.21306,22.365],[89.21167,22.36389],[89.20861,22.36389],[89.20444,22.36083],[89.20472,22.35861],[89.20778,22.35556],[89.20917,22.35639],[89.21111,22.35944],[89.21361,22.36028],[89.21694,22.36306],[89.2175,22.36278],[89.20556,22.35139],[89.20297,22.34512],[89.20529,22.33792],[89.20897,22.33243],[89.21306,22.31861],[89.21716,22.30947],[89.21758,22.30543],[89.22028,22.29972],[89.22361,22.295],[89.23,22.28889],[89.23722,22.28639],[89.25426,22.28527],[89.26083,22.28389],[89.25833,22.28083],[89.25027,22.27583],[89.24667,22.27139],[89.24306,22.26361],[89.24314,22.26122],[89.24523,22.25509],[89.24181,22.24758],[89.23558,22.24775],[89.22871,22.25465],[89.21104,22.2501],[89.20564,22.25034],[89.20441,22.25145],[89.20506,22.25313],[89.21864,22.25775],[89.21957,22.25896],[89.21943,22.26077],[89.21784,22.26465],[89.21593,22.26697],[89.21033,22.26786],[89.20481,22.2665],[89.20306,22.26778],[89.20194,22.27083],[89.2,22.27167],[89.19702,22.27004],[89.19434,22.26161],[89.19119,22.25584],[89.19497,22.24786],[89.19648,22.24273],[89.19909,22.23838],[89.19917,22.2362],[89.19641,22.23589],[89.18951,22.23712],[89.18575,22.2366],[89.18275,22.23386],[89.18185,22.22917],[89.18109,22.2285],[89.17802,22.23334],[89.17628,22.23392],[89.17352,22.23293],[89.1699,22.22933],[89.16085,22.22991],[89.15707,22.22859],[89.15536,22.22668],[89.15407,22.22229],[89.15541,22.21924],[89.15879,22.21685],[89.16873,22.21358],[89.16969,22.21245],[89.16961,22.21095],[89.16771,22.20909],[89.16103,22.20848],[89.15833,22.20667],[89.15721,22.19373],[89.1533,22.18882],[89.1475,22.18556],[89.14555,22.18333],[89.13944,22.16639],[89.13805,22.16444],[89.13944,22.1625],[89.14056,22.155],[89.14222,22.15278],[89.14639,22.15111],[89.15389,22.15028],[89.16167,22.15055],[89.16528,22.14722],[89.16917,22.14167],[89.16889,22.13861],[89.16611,22.13305],[89.16611,22.12944],[89.16805,22.12639],[89.1725,22.12194],[89.17722,22.12056],[89.18806,22.12194],[89.19,22.12139],[89.19195,22.11889],[89.19083,22.11472],[89.17861,22.1025],[89.17778,22.10083],[89.17694,22.09667],[89.1775,22.08694],[89.17583,22.08278],[89.17416,22.08139],[89.17223,22.08194],[89.16778,22.08583],[89.16139,22.08972],[89.15389,22.08972],[89.1475,22.0875],[89.13944,22.09583],[89.13583,22.09778],[89.12917,22.10333],[89.12444,22.11305],[89.11889,22.12167],[89.11833,22.12555],[89.12,22.12694],[89.12278,22.12694],[89.13389,22.12389],[89.13805,22.12389],[89.1425,22.12694],[89.14306,22.12778],[89.1425,22.13056],[89.13944,22.13361],[89.13194,22.13667],[89.13028,22.13833],[89.12945,22.14889],[89.12834,22.15167],[89.12528,22.155],[89.11945,22.15694],[89.11222,22.15694],[89.10833,22.15806],[89.10555,22.16055],[89.10278,22.16722],[89.09889,22.1714],[89.0925,22.17611],[89.085,22.18],[89.08195,22.18306],[89.08195,22.19],[89.08056,22.19389],[89.08083,22.19528],[89.08195,22.19611],[89.08389,22.1925],[89.08611,22.19111],[89.09244,22.19378],[89.0923,22.19431],[89.08602,22.19211],[89.0825,22.19693],[89.07932,22.19697],[89.07569,22.19919],[89.07422,22.20375],[89.07497,22.20876],[89.08401,22.21902],[89.08733,22.22147],[89.09143,22.22228],[89.09675,22.22095],[89.10024,22.22147],[89.08918,22.22296],[89.08245,22.21932],[89.07627,22.2129],[89.07372,22.20902],[89.07281,22.20457],[89.07389,22.2],[89.07306,22.19972],[89.05051,22.2206],[89.04423,22.22816],[89.03861,22.23838],[89.03721,22.25401],[89.03574,22.25888],[89.03207,22.26105],[89.02911,22.26109],[89.01711,22.25564],[89.01644,22.25641],[89.02079,22.2619],[89.02217,22.26522],[89.02053,22.27097],[89.01826,22.273],[89.00861,22.27722],[88.99684,22.28553],[88.99555,22.28984],[88.9962,22.29284],[89,22.29556],[89.00349,22.29639],[89.01125,22.29577],[89.01691,22.29252],[89.02161,22.29213],[89.02444,22.29306],[89.02612,22.295],[89.02639,22.2975],[89.02556,22.3],[89.01694,22.30722],[89.01139,22.31556],[89,22.32528],[88.99487,22.32493],[88.98915,22.32346],[88.98737,22.32424],[88.98583,22.32639],[88.98655,22.33496],[88.98954,22.34667],[88.98937,22.35112],[88.98722,22.3575],[88.99063,22.36146],[88.99281,22.35106],[88.98978,22.33625],[88.99249,22.32941],[88.99693,22.33052],[89.00313,22.3301],[89.0108,22.32445],[89.01111,22.32586],[89.01402,22.32884],[89.01582,22.33207],[89.01846,22.33437],[89.02449,22.33723],[89.02695,22.34424],[89.02885,22.34644],[89.03132,22.34696],[89.03352,22.34669],[89.03687,22.34121],[89.0385,22.34003],[89.04483,22.34249],[89.04767,22.3427],[89.05338,22.34562],[89.05702,22.34624],[89.0586,22.34574],[89.05966,22.344],[89.06142,22.34298],[89.06548,22.34341],[89.06825,22.33686],[89.0712,22.33674],[89.07272,22.33877],[89.07265,22.34096],[89.07148,22.34276],[89.06624,22.34661],[89.06184,22.354],[89.06154,22.35677],[89.06306,22.36081],[89.0674,22.36681],[89.06862,22.37126],[89.07139,22.37424],[89.07144,22.37562],[89.07047,22.37616],[89.06717,22.37434],[89.06576,22.3746],[89.06458,22.37629],[89.06518,22.38036],[89.06794,22.38501],[89.06741,22.38599],[89.06516,22.38633],[89.06619,22.39067],[89.0645,22.39628],[89.06653,22.39859],[89.06895,22.39957],[89.07249,22.39897],[89.07905,22.39608],[89.08249,22.39848],[89.0849,22.39888],[89.08718,22.39682],[89.08898,22.39316],[89.0915,22.39282],[89.09373,22.39415],[89.09664,22.3992],[89.09718,22.40533],[89.09954,22.40436],[89.10046,22.39774],[89.10207,22.39598],[89.10275,22.39355],[89.1043,22.39304]]]]}}]}
