{"type":"FeatureCollection","metadata":{"source":"User-provided bd_district_map(1).html","boundary_provenance":"Not independently verified","reconciliation":"Boundaries with verified parent P-code, exact or uniquely matched canonical SQL taxonomy; unmapped source features are non-filterable references","source_total":498,"excluded_invalid_parent_records":2,"matched_geometry_total":492,"canonical_taxonomy_at_validation":601,"division":"rajshahi"},"features":[{"type":"Feature","properties":{"district_id":"bogra","upazila_id":"bogra-adamdighi","source_name":"Adamdighi","source_pcode":"501006","match_method":"exact"},"geometry":{"type":"Polygon","coordinates":[[[89.08644,24.87681],[89.08973,24.86891],[89.08788,24.86556],[89.08487,24.86496],[89.08439,24.86028],[89.08749,24.85843],[89.09347,24.86179],[89.09552,24.86041],[89.09595,24.85356],[89.0988,24.85132],[89.09814,24.84834],[89.09894,24.8464],[89.0983,24.84503],[89.09429,24.84501],[89.08795,24.84284],[89.08586,24.84046],[89.08425,24.83591],[89.08459,24.83254],[89.08857,24.83148],[89.09161,24.82854],[89.09537,24.82246],[89.09793,24.82255],[89.10178,24.82571],[89.10415,24.82518],[89.10779,24.81573],[89.11324,24.81551],[89.1206,24.81373],[89.12737,24.81527],[89.12828,24.81349],[89.13077,24.81221],[89.13184,24.81329],[89.13472,24.81354],[89.13937,24.80945],[89.14543,24.80956],[89.1478,24.80874],[89.14924,24.80285],[89.15414,24.80013],[89.15441,24.79618],[89.15788,24.79381],[89.1591,24.78998],[89.16187,24.78653],[89.16622,24.78455],[89.16929,24.78429],[89.16899,24.77493],[89.1671,24.77369],[89.16041,24.77901],[89.15635,24.77899],[89.15608,24.77745],[89.15743,24.77538],[89.15612,24.77003],[89.14156,24.75904],[89.13902,24.75581],[89.13903,24.75016],[89.14579,24.7353],[89.14142,24.73319],[89.13937,24.73327],[89.13795,24.73466],[89.13693,24.7395],[89.13612,24.74053],[89.13444,24.74084],[89.13253,24.73604],[89.12711,24.73021],[89.12727,24.72816],[89.13174,24.72617],[89.13358,24.72177],[89.1308,24.72022],[89.11868,24.7238],[89.11486,24.72238],[89.11852,24.71949],[89.12342,24.71732],[89.12315,24.71533],[89.11964,24.71396],[89.11517,24.71516],[89.10533,24.7228],[89.10159,24.72415],[89.09785,24.72421],[89.09026,24.71943],[89.08697,24.72107],[89.08605,24.72363],[89.08827,24.72735],[89.09217,24.73025],[89.09643,24.73149],[89.09787,24.73306],[89.09591,24.73655],[89.08864,24.73932],[89.08891,24.7417],[89.092,24.74581],[89.09641,24.74972],[89.09756,24.75203],[89.09177,24.7545],[89.08968,24.75657],[89.08948,24.76236],[89.08429,24.76783],[89.08488,24.77072],[89.08791,24.77453],[89.09007,24.77899],[89.09085,24.78182],[89.08944,24.78445],[89.08603,24.78694],[89.08035,24.78736],[89.07648,24.78628],[89.06651,24.78079],[89.06419,24.78133],[89.06247,24.78369],[89.05842,24.78442],[89.05048,24.78924],[89.04786,24.78985],[89.03992,24.78115],[89.03535,24.78059],[89.02831,24.78108],[89.02586,24.78021],[89.02379,24.77837],[89.02239,24.77566],[89.0228,24.77304],[89.02122,24.77113],[89.01609,24.76859],[89.01381,24.76498],[89.00272,24.76712],[89.00027,24.76624],[88.99742,24.76037],[88.99516,24.7587],[88.99319,24.75572],[88.99217,24.75284],[88.99209,24.74319],[88.98959,24.7431],[88.98506,24.74578],[88.982,24.74536],[88.97918,24.74393],[88.97608,24.73954],[88.9719,24.73908],[88.96873,24.73986],[88.96668,24.74153],[88.96577,24.74427],[88.96619,24.74943],[88.96983,24.75944],[88.97636,24.77127],[88.97796,24.77585],[88.97762,24.7813],[88.97462,24.78793],[88.97795,24.78942],[88.97941,24.79207],[88.97901,24.7973],[88.97978,24.79927],[88.98438,24.8034],[88.98402,24.80546],[88.97836,24.80701],[88.97649,24.80897],[88.97427,24.81246],[88.97404,24.81507],[88.97618,24.82158],[88.97969,24.82545],[88.98479,24.82203],[88.98704,24.82245],[88.98912,24.82511],[88.98933,24.82731],[88.98766,24.82875],[88.98143,24.83099],[88.97732,24.84695],[88.97778,24.84983],[88.97968,24.85213],[88.9825,24.85363],[88.98518,24.85376],[88.98888,24.85525],[88.99294,24.8647],[88.99734,24.86279],[89.01398,24.86322],[89.01509,24.8619],[89.01311,24.85815],[89.01703,24.85538],[89.01941,24.85576],[89.0205,24.85866],[89.02473,24.86205],[89.03655,24.86229],[89.03938,24.86318],[89.04114,24.86431],[89.04161,24.86732],[89.0425,24.8684],[89.0502,24.86977],[89.05339,24.86911],[89.05548,24.86595],[89.05806,24.86713],[89.06161,24.87172],[89.06733,24.87356],[89.06809,24.87577],[89.06935,24.87611],[89.07184,24.87494],[89.07716,24.8745],[89.08644,24.87681]]]}},{"type":"Feature","properties":{"district_id":"bogra","upazila_id":"bogra-bogura-sadar","source_name":"Bogura Sadar","source_pcode":"501020","match_method":"exact"},"geometry":{"type":"Polygon","coordinates":[[[89.37437,24.98886],[89.38163,24.98359],[89.3828,24.98186],[89.38158,24.97937],[89.38306,24.97758],[89.38605,24.97669],[89.38652,24.9748],[89.38519,24.96763],[89.38638,24.96408],[89.39037,24.96215],[89.399,24.96182],[89.40078,24.95918],[89.4025,24.95146],[89.39995,24.94395],[89.39983,24.94007],[89.4081,24.93513],[89.40974,24.92695],[89.41166,24.92567],[89.41399,24.92165],[89.41811,24.92595],[89.41966,24.92473],[89.41879,24.92046],[89.41459,24.91525],[89.41375,24.9131],[89.41363,24.90899],[89.40806,24.90432],[89.40703,24.90187],[89.40699,24.89885],[89.40903,24.89751],[89.41049,24.89407],[89.41258,24.89153],[89.41261,24.884],[89.41652,24.88653],[89.41927,24.88113],[89.41949,24.87936],[89.41611,24.8742],[89.41612,24.87061],[89.41744,24.86637],[89.4268,24.8597],[89.42924,24.85967],[89.43446,24.86218],[89.43456,24.86007],[89.43232,24.85622],[89.43635,24.8536],[89.43648,24.84949],[89.4357,24.84773],[89.43243,24.84606],[89.43109,24.84446],[89.4317,24.84315],[89.43518,24.84157],[89.43795,24.83829],[89.43732,24.83283],[89.44246,24.82911],[89.44405,24.82709],[89.44735,24.82637],[89.44866,24.81636],[89.44964,24.81487],[89.45151,24.81405],[89.45481,24.79963],[89.4576,24.79304],[89.45769,24.79098],[89.45487,24.78622],[89.45305,24.78059],[89.45629,24.766],[89.45862,24.76255],[89.46332,24.76375],[89.46632,24.75881],[89.46677,24.75607],[89.46856,24.75393],[89.47173,24.75264],[89.47379,24.748],[89.48083,24.74586],[89.48142,24.74397],[89.48495,24.7417],[89.48878,24.74314],[89.49131,24.74049],[89.49312,24.74012],[89.49351,24.73732],[89.49656,24.73135],[89.4951,24.73034],[89.49197,24.72992],[89.48436,24.73058],[89.48084,24.73005],[89.47858,24.72825],[89.47785,24.72575],[89.47843,24.72237],[89.47337,24.72169],[89.46832,24.72249],[89.46506,24.7219],[89.46204,24.72062],[89.46024,24.71711],[89.45835,24.71616],[89.45348,24.71605],[89.44257,24.71788],[89.43449,24.72145],[89.42559,24.7236],[89.42197,24.71942],[89.41386,24.7202],[89.41116,24.71943],[89.40837,24.71643],[89.40087,24.71635],[89.40003,24.71419],[89.40234,24.70851],[89.39674,24.71046],[89.3936,24.70941],[89.39163,24.70686],[89.3896,24.69998],[89.38313,24.6972],[89.3827,24.69361],[89.38075,24.6922],[89.37888,24.69268],[89.37801,24.69759],[89.37641,24.69938],[89.3728,24.69989],[89.3689,24.70283],[89.36534,24.70321],[89.35495,24.70144],[89.35065,24.698],[89.34627,24.69679],[89.34272,24.69278],[89.33965,24.69207],[89.33365,24.70138],[89.32671,24.70157],[89.32599,24.69884],[89.32609,24.6917],[89.32457,24.68984],[89.32151,24.68997],[89.31872,24.69172],[89.31506,24.69867],[89.31283,24.70012],[89.30608,24.70041],[89.30496,24.69985],[89.30196,24.69543],[89.29829,24.69616],[89.29433,24.69346],[89.29111,24.6972],[89.28473,24.69641],[89.27934,24.70047],[89.27834,24.70509],[89.27895,24.70828],[89.28108,24.709],[89.28341,24.71103],[89.28452,24.71474],[89.28344,24.71822],[89.2778,24.72215],[89.28046,24.72984],[89.2783,24.73289],[89.27796,24.73534],[89.28197,24.74175],[89.28036,24.74759],[89.28197,24.75083],[89.28443,24.7532],[89.28853,24.75093],[89.29086,24.7521],[89.29222,24.7566],[89.29947,24.76651],[89.31137,24.7685],[89.31608,24.77039],[89.31642,24.77284],[89.31409,24.77669],[89.31728,24.78105],[89.31699,24.78271],[89.3133,24.788],[89.31334,24.79125],[89.32047,24.80179],[89.32182,24.8044],[89.3216,24.80646],[89.31986,24.81269],[89.31694,24.81374],[89.30707,24.81985],[89.30819,24.82463],[89.30785,24.82669],[89.31156,24.83407],[89.3121,24.83669],[89.31195,24.84457],[89.31004,24.84761],[89.31075,24.84949],[89.31513,24.85418],[89.31738,24.85906],[89.31508,24.86028],[89.31438,24.86423],[89.32055,24.87215],[89.32054,24.87524],[89.31605,24.87751],[89.31505,24.88248],[89.31297,24.88165],[89.31167,24.88275],[89.30684,24.88263],[89.30674,24.88366],[89.30345,24.88574],[89.30479,24.89292],[89.30168,24.89461],[89.30017,24.89851],[89.30095,24.90068],[89.30329,24.90281],[89.30389,24.90578],[89.30039,24.90649],[89.29443,24.90992],[89.29736,24.91896],[89.2944,24.92259],[89.29412,24.92579],[89.29698,24.92935],[89.29311,24.93505],[89.29303,24.93847],[89.28683,24.93905],[89.28385,24.94022],[89.2813,24.94236],[89.27562,24.94287],[89.2674,24.94655],[89.26875,24.94962],[89.26794,24.95465],[89.27017,24.96336],[89.27705,24.96295],[89.28334,24.96488],[89.29379,24.96426],[89.29909,24.96289],[89.30713,24.96475],[89.31169,24.96424],[89.31391,24.96651],[89.31593,24.96734],[89.31894,24.96714],[89.32101,24.96837],[89.32511,24.96622],[89.32758,24.96767],[89.32792,24.97012],[89.32944,24.97136],[89.33337,24.97087],[89.33797,24.96734],[89.33788,24.96568],[89.33628,24.96324],[89.33649,24.95964],[89.33884,24.95277],[89.34134,24.95184],[89.34704,24.95194],[89.35002,24.95083],[89.3546,24.95141],[89.3585,24.94754],[89.36015,24.94952],[89.3606,24.96042],[89.3585,24.96221],[89.3574,24.96456],[89.35732,24.96741],[89.36144,24.97302],[89.36636,24.9744],[89.37093,24.98011],[89.37395,24.98116],[89.37416,24.98241],[89.37437,24.98886]]]}},{"type":"Feature","properties":{"district_id":"bogra","upazila_id":"bogra-dhunot","source_name":"Dhunat","source_pcode":"501027","match_method":"unique-near"},"geometry":{"type":"Polygon","coordinates":[[[89.53742,24.78782],[89.54423,24.78694],[89.55067,24.7827],[89.55564,24.78093],[89.55585,24.78246],[89.55402,24.78551],[89.54916,24.79133],[89.54901,24.79362],[89.55215,24.79466],[89.55797,24.79945],[89.55998,24.79988],[89.5703,24.79633],[89.57648,24.79095],[89.57743,24.78774],[89.5772,24.78483],[89.5806,24.77782],[89.57801,24.76793],[89.57536,24.76122],[89.57796,24.75988],[89.58096,24.75979],[89.58692,24.76154],[89.58848,24.76119],[89.5905,24.75796],[89.5933,24.74919],[89.59502,24.74723],[89.60164,24.7468],[89.60429,24.74836],[89.60468,24.75384],[89.60625,24.75451],[89.60937,24.75373],[89.61404,24.75664],[89.61729,24.75688],[89.61949,24.75794],[89.62412,24.76267],[89.62701,24.76287],[89.6316,24.76092],[89.63246,24.75966],[89.6324,24.75606],[89.63397,24.75244],[89.63201,24.74659],[89.63504,24.74507],[89.649,24.7421],[89.65341,24.74455],[89.6563,24.74497],[89.66,24.73756],[89.66129,24.73258],[89.65944,24.72981],[89.64933,24.72263],[89.64744,24.72169],[89.64458,24.72286],[89.64018,24.72081],[89.63574,24.71675],[89.63554,24.71602],[89.63928,24.71431],[89.64376,24.71397],[89.64598,24.71212],[89.647,24.70942],[89.64697,24.70685],[89.64607,24.70561],[89.63508,24.70164],[89.63311,24.69967],[89.63226,24.69723],[89.63241,24.69471],[89.62932,24.68864],[89.62761,24.6869],[89.62061,24.69115],[89.61687,24.69205],[89.61263,24.69148],[89.61098,24.68659],[89.60862,24.68696],[89.60566,24.6898],[89.6041,24.69358],[89.60404,24.69855],[89.6023,24.6992],[89.59634,24.70544],[89.59023,24.70237],[89.58516,24.70164],[89.58173,24.70162],[89.57715,24.70482],[89.57514,24.7044],[89.5677,24.69974],[89.56606,24.70689],[89.56383,24.71229],[89.55814,24.70848],[89.55649,24.70598],[89.55608,24.70336],[89.55796,24.69957],[89.56245,24.69535],[89.56146,24.69171],[89.55789,24.69084],[89.55624,24.68424],[89.55416,24.68318],[89.55244,24.68086],[89.55119,24.67637],[89.55368,24.67195],[89.55352,24.66927],[89.54916,24.65734],[89.55077,24.656],[89.56244,24.65575],[89.55258,24.64782],[89.5523,24.64583],[89.55331,24.64165],[89.5571,24.63219],[89.55553,24.6269],[89.55221,24.6266],[89.55087,24.62433],[89.55121,24.62187],[89.55355,24.62024],[89.5593,24.6208],[89.56308,24.61847],[89.56589,24.61838],[89.57092,24.62106],[89.57721,24.61956],[89.58304,24.6216],[89.584,24.61879],[89.5881,24.618],[89.59181,24.61487],[89.59939,24.61261],[89.59866,24.60948],[89.60111,24.60665],[89.60064,24.60038],[89.60294,24.59521],[89.60468,24.5868],[89.60201,24.57953],[89.60249,24.56908],[89.59541,24.56289],[89.59425,24.56091],[89.59396,24.55755],[89.58498,24.55475],[89.57964,24.55145],[89.57041,24.54791],[89.56799,24.54828],[89.56464,24.55385],[89.56211,24.55623],[89.55537,24.55671],[89.55328,24.55416],[89.55537,24.5515],[89.55266,24.55],[89.54985,24.54987],[89.54722,24.5535],[89.54102,24.55597],[89.53403,24.56491],[89.53009,24.56415],[89.52745,24.56697],[89.52811,24.56925],[89.53213,24.57159],[89.5345,24.5759],[89.53415,24.57756],[89.52929,24.57791],[89.52843,24.57895],[89.52997,24.58172],[89.52982,24.58429],[89.52721,24.58528],[89.52348,24.5822],[89.52072,24.58115],[89.51742,24.58113],[89.51406,24.58676],[89.50594,24.59114],[89.49924,24.59327],[89.49783,24.5954],[89.49837,24.59808],[89.50671,24.60511],[89.50874,24.60788],[89.51022,24.61494],[89.50951,24.62214],[89.51129,24.62452],[89.51148,24.62948],[89.5124,24.63198],[89.50632,24.6393],[89.50366,24.63722],[89.49974,24.63812],[89.49195,24.6438],[89.49043,24.64685],[89.49544,24.65615],[89.49443,24.66449],[89.49612,24.66533],[89.49866,24.66832],[89.49784,24.67141],[89.49511,24.67356],[89.49197,24.67177],[89.49149,24.66898],[89.48799,24.66411],[89.48656,24.66494],[89.48581,24.66859],[89.49115,24.67577],[89.49005,24.68206],[89.49041,24.68508],[89.49372,24.69412],[89.49158,24.69712],[89.49281,24.70497],[89.49255,24.70903],[89.48719,24.70966],[89.47915,24.70656],[89.47871,24.71472],[89.48134,24.71544],[89.47843,24.72237],[89.47785,24.72575],[89.47858,24.72825],[89.48084,24.73005],[89.48436,24.73058],[89.49197,24.72992],[89.4951,24.73034],[89.49656,24.73135],[89.49351,24.73732],[89.49312,24.74012],[89.49131,24.74049],[89.48878,24.74314],[89.48495,24.7417],[89.48142,24.74397],[89.48083,24.74586],[89.47379,24.748],[89.47173,24.75264],[89.46856,24.75393],[89.46677,24.75607],[89.46632,24.75881],[89.46332,24.76375],[89.46609,24.76521],[89.47072,24.76515],[89.4747,24.76379],[89.4772,24.76411],[89.47874,24.7666],[89.48432,24.7683],[89.49338,24.76689],[89.49551,24.76806],[89.4958,24.77074],[89.49276,24.77728],[89.4981,24.78338],[89.50255,24.78447],[89.50598,24.78403],[89.51173,24.77962],[89.51416,24.77868],[89.52421,24.78193],[89.52524,24.78374],[89.52933,24.78119],[89.53201,24.78549],[89.53396,24.78598],[89.53513,24.7854],[89.53742,24.78782]]]}},{"type":"Feature","properties":{"district_id":"bogra","upazila_id":"bogra-dupchanchia","source_name":"Dupchachia","source_pcode":"501033","match_method":"unique-near"},"geometry":{"type":"Polygon","coordinates":[[[89.18659,24.94717],[89.187,24.94454],[89.18521,24.94136],[89.18677,24.92982],[89.18921,24.92997],[89.18977,24.93071],[89.19533,24.923],[89.19809,24.92401],[89.19995,24.92205],[89.20163,24.9214],[89.2032,24.92202],[89.20462,24.92109],[89.20509,24.91795],[89.2066,24.91833],[89.20776,24.92066],[89.20983,24.92184],[89.21233,24.91559],[89.21043,24.91453],[89.21247,24.91177],[89.20819,24.90964],[89.20918,24.90832],[89.20896,24.9062],[89.20437,24.90414],[89.20237,24.90405],[89.20079,24.90303],[89.19906,24.89934],[89.19523,24.89847],[89.1937,24.89665],[89.19278,24.89193],[89.19044,24.88967],[89.18887,24.88934],[89.18375,24.89064],[89.18204,24.88816],[89.18194,24.8849],[89.18425,24.87945],[89.18409,24.87152],[89.18664,24.86938],[89.19405,24.86686],[89.19491,24.86486],[89.19367,24.86087],[89.19472,24.85487],[89.19331,24.8514],[89.19483,24.84734],[89.19303,24.84307],[89.18814,24.84204],[89.18761,24.83913],[89.18773,24.83416],[89.18942,24.82884],[89.18407,24.82587],[89.18114,24.82618],[89.17837,24.82421],[89.18458,24.82072],[89.18385,24.81754],[89.18061,24.81711],[89.1748,24.81882],[89.17186,24.81833],[89.16768,24.81929],[89.16354,24.81858],[89.16344,24.81476],[89.16131,24.80862],[89.16332,24.8042],[89.16068,24.80332],[89.15769,24.80432],[89.15612,24.80325],[89.15414,24.80013],[89.14924,24.80285],[89.1478,24.80874],[89.14543,24.80956],[89.13937,24.80945],[89.13472,24.81354],[89.13184,24.81329],[89.13077,24.81221],[89.12828,24.81349],[89.12737,24.81527],[89.1206,24.81373],[89.11324,24.81551],[89.10779,24.81573],[89.10415,24.82518],[89.10178,24.82571],[89.09793,24.82255],[89.09537,24.82246],[89.09161,24.82854],[89.08857,24.83148],[89.08459,24.83254],[89.08425,24.83591],[89.08586,24.84046],[89.08795,24.84284],[89.09429,24.84501],[89.0983,24.84503],[89.09894,24.8464],[89.09814,24.84834],[89.0988,24.85132],[89.09595,24.85356],[89.09552,24.86041],[89.09347,24.86179],[89.08749,24.85843],[89.08439,24.86028],[89.08487,24.86496],[89.08788,24.86556],[89.08973,24.86891],[89.08644,24.87681],[89.09084,24.87917],[89.0913,24.88128],[89.08912,24.88153],[89.0866,24.88041],[89.08485,24.88093],[89.08337,24.88215],[89.08134,24.88616],[89.07793,24.88836],[89.08042,24.89353],[89.0834,24.89716],[89.08453,24.89704],[89.08936,24.89225],[89.09512,24.89231],[89.09912,24.89873],[89.10121,24.90647],[89.09978,24.9078],[89.09715,24.90759],[89.09541,24.9144],[89.0935,24.91721],[89.09194,24.91751],[89.09039,24.91918],[89.08954,24.92695],[89.08574,24.92852],[89.08634,24.93833],[89.09217,24.94513],[89.096,24.94641],[89.09641,24.94914],[89.09269,24.95289],[89.09342,24.95636],[89.09215,24.96038],[89.09011,24.96301],[89.09189,24.96551],[89.09627,24.96517],[89.10035,24.96635],[89.10243,24.9681],[89.10396,24.97561],[89.10897,24.97471],[89.11287,24.97194],[89.11831,24.9712],[89.12054,24.9693],[89.12733,24.96616],[89.12805,24.9637],[89.12189,24.95572],[89.12244,24.95462],[89.13577,24.95427],[89.16033,24.95575],[89.1694,24.95504],[89.17639,24.95703],[89.17875,24.95626],[89.17881,24.95101],[89.1831,24.94795],[89.18659,24.94717]]]}},{"type":"Feature","properties":{"district_id":"bogra","upazila_id":"bogra-gabtali","source_name":"Gabtali","source_pcode":"501040","match_method":"exact"},"geometry":{"type":"Polygon","coordinates":[[[89.44098,25.02853],[89.44614,25.02105],[89.44494,25.01599],[89.44521,25.01302],[89.44575,25.01187],[89.44905,25.00995],[89.45039,25.00714],[89.4506,25.00417],[89.45014,25.00246],[89.44335,24.9962],[89.44205,24.99291],[89.4429,24.99073],[89.44711,24.98634],[89.45128,24.97602],[89.45352,24.97486],[89.45887,24.97594],[89.46085,24.97471],[89.46126,24.97311],[89.45926,24.9684],[89.45739,24.96009],[89.459,24.95567],[89.46158,24.9597],[89.46355,24.95762],[89.46622,24.95194],[89.46796,24.95089],[89.47048,24.95172],[89.47704,24.95067],[89.48147,24.94486],[89.48371,24.94409],[89.4876,24.94473],[89.49015,24.94384],[89.49302,24.93838],[89.49433,24.93814],[89.49549,24.94498],[89.49739,24.94678],[89.49953,24.94693],[89.50227,24.94582],[89.50877,24.94094],[89.51465,24.9318],[89.51926,24.92661],[89.52242,24.92423],[89.52626,24.92538],[89.53121,24.92178],[89.53417,24.92267],[89.53597,24.9219],[89.53165,24.91722],[89.53093,24.91545],[89.53323,24.90903],[89.53284,24.90407],[89.52724,24.89763],[89.52443,24.89818],[89.5239,24.8959],[89.52512,24.89361],[89.52441,24.89185],[89.51844,24.89078],[89.51578,24.89222],[89.51451,24.89151],[89.51409,24.88816],[89.51813,24.88599],[89.51896,24.88301],[89.51819,24.88165],[89.5157,24.88259],[89.514,24.8817],[89.51356,24.87697],[89.51238,24.87367],[89.51344,24.87287],[89.51606,24.87271],[89.51661,24.87162],[89.51537,24.86833],[89.5161,24.86678],[89.5209,24.86598],[89.52169,24.86426],[89.52306,24.8635],[89.53014,24.86393],[89.53741,24.86047],[89.53898,24.86125],[89.54223,24.86543],[89.54478,24.86415],[89.54915,24.86399],[89.55257,24.85361],[89.55187,24.8486],[89.5468,24.84478],[89.54478,24.83779],[89.53687,24.83206],[89.53475,24.82849],[89.53024,24.82769],[89.52889,24.82588],[89.52939,24.82068],[89.53316,24.80882],[89.53838,24.80699],[89.5373,24.80523],[89.5329,24.80374],[89.52972,24.79579],[89.53366,24.79609],[89.53588,24.79395],[89.53716,24.79175],[89.53742,24.78782],[89.53513,24.7854],[89.53396,24.78598],[89.53201,24.78549],[89.52933,24.78119],[89.52524,24.78374],[89.52421,24.78193],[89.51416,24.77868],[89.51173,24.77962],[89.50598,24.78403],[89.50255,24.78447],[89.4981,24.78338],[89.49276,24.77728],[89.4958,24.77074],[89.49551,24.76806],[89.49338,24.76689],[89.48432,24.7683],[89.47874,24.7666],[89.4772,24.76411],[89.4747,24.76379],[89.47072,24.76515],[89.46609,24.76521],[89.46043,24.76265],[89.45862,24.76255],[89.45629,24.766],[89.45305,24.78059],[89.45487,24.78622],[89.45769,24.79098],[89.4576,24.79304],[89.45481,24.79963],[89.45151,24.81405],[89.44964,24.81487],[89.44866,24.81636],[89.44735,24.82637],[89.44405,24.82709],[89.44246,24.82911],[89.43732,24.83283],[89.43795,24.83829],[89.43518,24.84157],[89.4317,24.84315],[89.43109,24.84446],[89.43243,24.84606],[89.4357,24.84773],[89.43648,24.84949],[89.43635,24.8536],[89.43232,24.85622],[89.43456,24.86007],[89.43446,24.86218],[89.42924,24.85967],[89.4268,24.8597],[89.41744,24.86637],[89.41612,24.87061],[89.41611,24.8742],[89.41949,24.87936],[89.41927,24.88113],[89.41652,24.88653],[89.41261,24.884],[89.41258,24.89153],[89.41049,24.89407],[89.40903,24.89751],[89.40699,24.89885],[89.40703,24.90187],[89.40806,24.90432],[89.41363,24.90899],[89.41375,24.9131],[89.41459,24.91525],[89.41879,24.92046],[89.41966,24.92473],[89.41811,24.92595],[89.41399,24.92165],[89.41166,24.92567],[89.40974,24.92695],[89.4081,24.93513],[89.39983,24.94007],[89.39995,24.94395],[89.4025,24.95146],[89.40078,24.95918],[89.399,24.96182],[89.39037,24.96215],[89.38638,24.96408],[89.38519,24.96763],[89.38652,24.9748],[89.38605,24.97669],[89.38306,24.97758],[89.38158,24.97937],[89.3828,24.98186],[89.38163,24.98359],[89.37437,24.98886],[89.37138,24.98965],[89.37057,24.99084],[89.37092,24.99295],[89.37554,24.99684],[89.37717,25.00184],[89.37864,25.00325],[89.38108,25.00421],[89.38161,25.00591],[89.38719,25.0067],[89.39412,25.00958],[89.39992,25.01735],[89.40192,25.01744],[89.40498,25.01598],[89.40792,25.01606],[89.41135,25.01893],[89.42311,25.01829],[89.4255,25.019],[89.42815,25.02503],[89.43366,25.0249],[89.43526,25.02751],[89.43777,25.02822],[89.44098,25.02853]]]}},{"type":"Feature","properties":{"district_id":"bogra","upazila_id":"bogra-kahaloo","source_name":"Kahaloo","source_pcode":"501054","match_method":"exact"},"geometry":{"type":"Polygon","coordinates":[[[89.2674,24.94655],[89.27562,24.94287],[89.2813,24.94236],[89.28385,24.94022],[89.28683,24.93905],[89.29303,24.93847],[89.29311,24.93505],[89.29698,24.92935],[89.29412,24.92579],[89.2944,24.92259],[89.29736,24.91896],[89.29443,24.90992],[89.30039,24.90649],[89.30389,24.90578],[89.30329,24.90281],[89.30095,24.90068],[89.30017,24.89851],[89.30168,24.89461],[89.30479,24.89292],[89.30345,24.88574],[89.30674,24.88366],[89.30684,24.88263],[89.31167,24.88275],[89.31297,24.88165],[89.31505,24.88248],[89.31605,24.87751],[89.32054,24.87524],[89.32055,24.87215],[89.31438,24.86423],[89.31508,24.86028],[89.31738,24.85906],[89.31513,24.85418],[89.31075,24.84949],[89.31004,24.84761],[89.31195,24.84457],[89.3121,24.83669],[89.31156,24.83407],[89.30785,24.82669],[89.30819,24.82463],[89.30707,24.81985],[89.31694,24.81374],[89.31986,24.81269],[89.32182,24.8044],[89.31334,24.79125],[89.3133,24.788],[89.31699,24.78271],[89.31728,24.78105],[89.31409,24.77669],[89.31642,24.77284],[89.31608,24.77039],[89.31137,24.7685],[89.29947,24.76651],[89.29222,24.7566],[89.29086,24.7521],[89.28853,24.75093],[89.28443,24.7532],[89.28197,24.75083],[89.28036,24.74759],[89.28197,24.74175],[89.27796,24.73534],[89.2783,24.73289],[89.28046,24.72984],[89.2778,24.72215],[89.27637,24.72275],[89.27505,24.72225],[89.27167,24.71618],[89.26971,24.71574],[89.26636,24.72234],[89.26635,24.72593],[89.26324,24.72733],[89.25968,24.72765],[89.25833,24.72914],[89.25812,24.73236],[89.2572,24.7339],[89.25237,24.73298],[89.25121,24.73407],[89.24981,24.7378],[89.24472,24.74081],[89.23717,24.74215],[89.23474,24.74782],[89.22849,24.74788],[89.22683,24.75006],[89.22781,24.75291],[89.22701,24.75491],[89.22302,24.75552],[89.22186,24.75759],[89.21585,24.7621],[89.21614,24.76535],[89.2178,24.76864],[89.21814,24.77132],[89.21604,24.77323],[89.20895,24.7713],[89.20439,24.77688],[89.2028,24.7802],[89.20449,24.7843],[89.20339,24.78773],[89.19574,24.79111],[89.19346,24.79387],[89.19082,24.79236],[89.18077,24.79383],[89.1797,24.79845],[89.17615,24.79975],[89.17202,24.79944],[89.1673,24.79709],[89.1645,24.79774],[89.16174,24.79697],[89.15788,24.79381],[89.15441,24.79618],[89.15414,24.80013],[89.15612,24.80325],[89.15769,24.80432],[89.16068,24.80332],[89.16332,24.8042],[89.16131,24.80862],[89.16344,24.81476],[89.16354,24.81858],[89.16768,24.81929],[89.17186,24.81833],[89.1748,24.81882],[89.18061,24.81711],[89.18385,24.81754],[89.18458,24.82072],[89.17837,24.82421],[89.18114,24.82618],[89.18407,24.82587],[89.18942,24.82884],[89.18773,24.83416],[89.18761,24.83913],[89.18814,24.84204],[89.19303,24.84307],[89.19483,24.84734],[89.19331,24.8514],[89.19472,24.85487],[89.19367,24.86087],[89.19491,24.86486],[89.19405,24.86686],[89.18664,24.86938],[89.18409,24.87152],[89.18425,24.87945],[89.18194,24.8849],[89.18204,24.88816],[89.18375,24.89064],[89.18887,24.88934],[89.19044,24.88967],[89.19278,24.89193],[89.1937,24.89665],[89.19523,24.89847],[89.19906,24.89934],[89.20079,24.90303],[89.20237,24.90405],[89.20437,24.90414],[89.20896,24.9062],[89.20918,24.90832],[89.20819,24.90964],[89.21247,24.91177],[89.21043,24.91453],[89.21233,24.91559],[89.2238,24.91714],[89.23398,24.92052],[89.24318,24.92607],[89.24874,24.93047],[89.25056,24.93091],[89.26347,24.94231],[89.2674,24.94655]]]}},{"type":"Feature","properties":{"district_id":"bogra","upazila_id":"bogra-nondigram","source_name":"Nandigram","source_pcode":"501067","match_method":"unique-near"},"geometry":{"type":"Polygon","coordinates":[[[89.15788,24.79381],[89.16174,24.79697],[89.1645,24.79774],[89.1673,24.79709],[89.17202,24.79944],[89.17615,24.79975],[89.1797,24.79845],[89.18077,24.79383],[89.19082,24.79236],[89.19346,24.79387],[89.19574,24.79111],[89.20339,24.78773],[89.20449,24.7843],[89.2028,24.7802],[89.20439,24.77688],[89.20895,24.7713],[89.21604,24.77323],[89.21814,24.77132],[89.2178,24.76864],[89.21614,24.76535],[89.21585,24.7621],[89.22186,24.75759],[89.22302,24.75552],[89.22701,24.75491],[89.22781,24.75291],[89.22683,24.75006],[89.22849,24.74788],[89.23474,24.74782],[89.23717,24.74215],[89.24472,24.74081],[89.24981,24.7378],[89.25121,24.73407],[89.25237,24.73298],[89.2572,24.7339],[89.25812,24.73236],[89.25833,24.72914],[89.25968,24.72765],[89.26324,24.72733],[89.26635,24.72593],[89.26636,24.72234],[89.26971,24.71574],[89.27167,24.71618],[89.27505,24.72225],[89.27637,24.72275],[89.28344,24.71822],[89.28452,24.71474],[89.28341,24.71103],[89.28108,24.709],[89.27895,24.70828],[89.27834,24.70509],[89.27934,24.70047],[89.28473,24.69641],[89.29111,24.6972],[89.29433,24.69346],[89.29829,24.69616],[89.30196,24.69543],[89.30496,24.69985],[89.30608,24.70041],[89.31283,24.70012],[89.31506,24.69867],[89.31872,24.69172],[89.32151,24.68997],[89.32457,24.68984],[89.32609,24.6917],[89.32599,24.69884],[89.32671,24.70157],[89.33365,24.70138],[89.33965,24.69207],[89.33202,24.68599],[89.33598,24.68332],[89.33646,24.68189],[89.33432,24.68036],[89.33323,24.67827],[89.33456,24.67523],[89.34157,24.67128],[89.34442,24.66897],[89.34459,24.66777],[89.34275,24.66602],[89.34216,24.66374],[89.34389,24.66241],[89.34399,24.66052],[89.3405,24.65588],[89.34085,24.65382],[89.33877,24.64768],[89.34135,24.64463],[89.3417,24.64177],[89.34565,24.63888],[89.34714,24.63287],[89.34737,24.62728],[89.3443,24.61584],[89.34378,24.60968],[89.34203,24.60462],[89.33804,24.60032],[89.3363,24.60052],[89.33327,24.60317],[89.33139,24.60228],[89.32148,24.60335],[89.31161,24.60283],[89.31007,24.6045],[89.3093,24.60748],[89.31001,24.61454],[89.30946,24.6166],[89.30793,24.61799],[89.30336,24.6169],[89.30087,24.61733],[89.30078,24.62057],[89.29841,24.62454],[89.29567,24.62628],[89.29256,24.62739],[89.28558,24.62786],[89.28285,24.62972],[89.28104,24.62957],[89.27846,24.62777],[89.27447,24.62803],[89.2672,24.63136],[89.2639,24.63134],[89.2612,24.63058],[89.2551,24.62224],[89.25198,24.62239],[89.24997,24.62103],[89.25757,24.61445],[89.25701,24.60927],[89.25467,24.60695],[89.24815,24.6045],[89.24682,24.60292],[89.2437,24.59736],[89.24168,24.59019],[89.2404,24.58815],[89.23294,24.58531],[89.22882,24.58507],[89.22622,24.5868],[89.225,24.58938],[89.21976,24.59497],[89.21826,24.59995],[89.21782,24.60503],[89.21844,24.61068],[89.21659,24.61731],[89.21323,24.6174],[89.21146,24.61644],[89.20795,24.60958],[89.20641,24.61063],[89.20544,24.61326],[89.20553,24.61594],[89.20392,24.61709],[89.19775,24.61835],[89.19653,24.62008],[89.2018,24.62294],[89.20258,24.6304],[89.20922,24.6332],[89.21207,24.63659],[89.21141,24.63882],[89.20972,24.63918],[89.20772,24.63806],[89.20515,24.63797],[89.20647,24.64406],[89.20455,24.64477],[89.20203,24.64331],[89.19562,24.64439],[89.19299,24.65463],[89.19017,24.65421],[89.18318,24.64925],[89.1777,24.65039],[89.17681,24.64982],[89.17313,24.64381],[89.17534,24.64002],[89.17744,24.63828],[89.17754,24.63566],[89.17314,24.63417],[89.17257,24.62727],[89.1703,24.62523],[89.16122,24.62355],[89.15682,24.62045],[89.15408,24.62065],[89.15266,24.62168],[89.15414,24.62613],[89.15316,24.62779],[89.14547,24.63271],[89.14313,24.64061],[89.13883,24.64784],[89.14045,24.65251],[89.14015,24.65565],[89.14483,24.65581],[89.14664,24.65692],[89.14764,24.66201],[89.14588,24.66772],[89.15337,24.66931],[89.16195,24.66561],[89.16439,24.66677],[89.16708,24.67303],[89.16728,24.67536],[89.16474,24.68141],[89.15952,24.68484],[89.15704,24.68521],[89.15559,24.68416],[89.15412,24.68071],[89.14935,24.67721],[89.14703,24.6765],[89.14381,24.67802],[89.13842,24.68253],[89.13565,24.68632],[89.13463,24.68945],[89.1346,24.69314],[89.13493,24.69569],[89.13762,24.70167],[89.13849,24.70842],[89.147,24.71636],[89.15297,24.7277],[89.15293,24.737],[89.15152,24.73838],[89.14579,24.7353],[89.13903,24.75016],[89.13902,24.75581],[89.14156,24.75904],[89.15612,24.77003],[89.15743,24.77538],[89.15608,24.77745],[89.15635,24.77899],[89.16041,24.77901],[89.1671,24.77369],[89.16899,24.77493],[89.16929,24.78429],[89.16622,24.78455],[89.16187,24.78653],[89.1591,24.78998],[89.15788,24.79381]]]}},{"type":"Feature","properties":{"district_id":"bogra","upazila_id":"bogra-shariakandi","source_name":"Sariakandi","source_pcode":"501081","match_method":"unique-near"},"geometry":{"type":"Polygon","coordinates":[[[89.65246,25.04387],[89.65664,25.02325],[89.66222,25.01131],[89.66355,25.00438],[89.66303,24.99914],[89.66453,24.99067],[89.66669,24.98494],[89.67694,24.97117],[89.68107,24.95867],[89.68178,24.95307],[89.68071,24.94812],[89.67927,24.94391],[89.67683,24.94087],[89.67554,24.93734],[89.67572,24.92513],[89.67924,24.92165],[89.68605,24.91706],[89.68778,24.90813],[89.68602,24.90673],[89.68125,24.90668],[89.67487,24.90305],[89.67204,24.89698],[89.66665,24.89682],[89.66319,24.89584],[89.66367,24.89018],[89.66824,24.8823],[89.66972,24.8772],[89.67,24.87109],[89.67102,24.868],[89.68231,24.85027],[89.68385,24.84101],[89.68597,24.83636],[89.69376,24.83026],[89.69532,24.82676],[89.6989,24.82301],[89.70767,24.81627],[89.72939,24.80577],[89.73436,24.80364],[89.74563,24.80492],[89.7493,24.8035],[89.74975,24.80036],[89.74841,24.79923],[89.73257,24.79728],[89.72713,24.7937],[89.72357,24.7865],[89.71996,24.78295],[89.71581,24.78129],[89.70273,24.78054],[89.68436,24.78547],[89.67872,24.78463],[89.67587,24.78216],[89.67501,24.77892],[89.67568,24.77303],[89.67493,24.7699],[89.67268,24.76571],[89.66666,24.7603],[89.66547,24.75678],[89.66631,24.75437],[89.66822,24.75229],[89.66743,24.74962],[89.66553,24.74839],[89.65827,24.74768],[89.6563,24.74497],[89.65341,24.74455],[89.649,24.7421],[89.63504,24.74507],[89.63201,24.74659],[89.63397,24.75244],[89.6324,24.75606],[89.63246,24.75966],[89.6316,24.76092],[89.62701,24.76287],[89.62412,24.76267],[89.61949,24.75794],[89.61729,24.75688],[89.61404,24.75664],[89.60937,24.75373],[89.60625,24.75451],[89.60468,24.75384],[89.60429,24.74836],[89.60164,24.7468],[89.59502,24.74723],[89.5933,24.74919],[89.5905,24.75796],[89.58848,24.76119],[89.58692,24.76154],[89.58096,24.75979],[89.57796,24.75988],[89.57536,24.76122],[89.57801,24.76793],[89.5806,24.77782],[89.5772,24.78483],[89.57743,24.78774],[89.57648,24.79095],[89.5703,24.79633],[89.55998,24.79988],[89.55797,24.79945],[89.55215,24.79466],[89.54901,24.79362],[89.54916,24.79133],[89.55402,24.78551],[89.55585,24.78246],[89.55564,24.78093],[89.55067,24.7827],[89.54423,24.78694],[89.53742,24.78782],[89.53716,24.79175],[89.53588,24.79395],[89.53366,24.79609],[89.52972,24.79579],[89.5329,24.80374],[89.5373,24.80523],[89.53838,24.80699],[89.53316,24.80882],[89.52939,24.82068],[89.52889,24.82588],[89.53024,24.82769],[89.53475,24.82849],[89.53687,24.83206],[89.54478,24.83779],[89.5468,24.84478],[89.55187,24.8486],[89.55257,24.85361],[89.54915,24.86399],[89.54478,24.86415],[89.54223,24.86543],[89.53898,24.86125],[89.53741,24.86047],[89.53014,24.86393],[89.52306,24.8635],[89.52169,24.86426],[89.5209,24.86598],[89.5161,24.86678],[89.51537,24.86833],[89.51661,24.87162],[89.51606,24.87271],[89.51344,24.87287],[89.51238,24.87367],[89.51356,24.87697],[89.514,24.8817],[89.5157,24.88259],[89.51819,24.88165],[89.51896,24.88301],[89.51813,24.88599],[89.51409,24.88816],[89.51399,24.89014],[89.51578,24.89222],[89.51844,24.89078],[89.52441,24.89185],[89.52512,24.89361],[89.5239,24.8959],[89.52443,24.89818],[89.52724,24.89763],[89.53284,24.90407],[89.53323,24.90903],[89.53093,24.91545],[89.53165,24.91722],[89.53597,24.9219],[89.53619,24.9319],[89.54103,24.93332],[89.53816,24.93838],[89.53923,24.93912],[89.55135,24.94102],[89.55186,24.9417],[89.55053,24.94485],[89.54829,24.94579],[89.54353,24.94545],[89.54141,24.95073],[89.54355,24.95179],[89.54559,24.95461],[89.53882,24.95801],[89.53803,24.95984],[89.53918,24.96114],[89.54431,24.96102],[89.54596,24.96249],[89.54668,24.96419],[89.54536,24.96854],[89.54718,24.97326],[89.54684,24.97543],[89.54292,24.97268],[89.54105,24.96928],[89.53857,24.97079],[89.53642,24.9735],[89.53235,24.98262],[89.53609,24.9864],[89.5365,24.98783],[89.53476,24.98933],[89.53132,24.98937],[89.51844,24.98667],[89.51671,24.988],[89.51595,24.99144],[89.51726,24.99593],[89.51994,24.99892],[89.52333,24.99974],[89.52689,24.99913],[89.53191,24.99986],[89.53855,24.99579],[89.54494,24.99994],[89.55235,24.99631],[89.55716,24.99186],[89.56028,24.99148],[89.56217,24.9922],[89.56618,24.99665],[89.56863,24.99697],[89.57249,24.99562],[89.57727,24.99658],[89.5795,24.99489],[89.58169,24.9908],[89.58105,24.98557],[89.58285,24.98424],[89.58543,24.985],[89.58699,24.98989],[89.58718,24.994],[89.58675,24.99806],[89.58489,24.99974],[89.58454,25.00151],[89.59233,25.00706],[89.59323,25.00871],[89.59294,25.01042],[89.59055,25.01405],[89.59103,25.01655],[89.59317,25.01744],[89.59872,25.01572],[89.60136,25.01625],[89.60221,25.02281],[89.60382,25.02605],[89.60273,25.02777],[89.60042,25.02865],[89.59426,25.02753],[89.5921,25.02898],[89.59108,25.03254],[89.59287,25.03502],[89.59711,25.03782],[89.59707,25.03948],[89.59108,25.043],[89.59711,25.04351],[89.60348,25.04791],[89.60912,25.0492],[89.61442,25.04878],[89.62341,25.04506],[89.63938,25.03619],[89.64156,25.03593],[89.64389,25.03726],[89.64721,25.04159],[89.65167,25.04368],[89.65246,25.04387]]]}},{"type":"Feature","properties":{"district_id":"bogra","upazila_id":"bogra-sherpur","source_name":"Sherpur","source_pcode":"501088","match_method":"exact"},"geometry":{"type":"Polygon","coordinates":[[[89.47843,24.72237],[89.48134,24.71544],[89.47871,24.71472],[89.47915,24.70656],[89.48719,24.70966],[89.49255,24.70903],[89.49281,24.70497],[89.49158,24.69712],[89.49372,24.69412],[89.49041,24.68508],[89.49005,24.68206],[89.49115,24.67577],[89.48581,24.66859],[89.48656,24.66494],[89.48799,24.66411],[89.49149,24.66898],[89.49197,24.67177],[89.49511,24.67356],[89.49784,24.67141],[89.49866,24.66832],[89.49612,24.66533],[89.49443,24.66449],[89.49544,24.65615],[89.49043,24.64685],[89.49195,24.6438],[89.49974,24.63812],[89.50366,24.63722],[89.50632,24.6393],[89.5124,24.63198],[89.51148,24.62948],[89.51129,24.62452],[89.50951,24.62214],[89.51022,24.61494],[89.50874,24.60788],[89.50671,24.60511],[89.49837,24.59808],[89.49783,24.5954],[89.49924,24.59327],[89.50594,24.59114],[89.51406,24.58676],[89.51742,24.58113],[89.52072,24.58115],[89.52348,24.5822],[89.52721,24.58528],[89.52982,24.58429],[89.52997,24.58172],[89.52843,24.57895],[89.52929,24.57791],[89.53415,24.57756],[89.5345,24.5759],[89.53213,24.57159],[89.52811,24.56925],[89.52745,24.56697],[89.53009,24.56415],[89.52997,24.56015],[89.53601,24.55055],[89.53486,24.54862],[89.53317,24.54836],[89.53078,24.55153],[89.52716,24.55043],[89.52355,24.5564],[89.52142,24.55609],[89.51964,24.55331],[89.51765,24.55339],[89.50063,24.55947],[89.49751,24.55928],[89.49324,24.55739],[89.48371,24.5587],[89.47462,24.55589],[89.47343,24.55448],[89.47472,24.54922],[89.47283,24.54793],[89.46599,24.54983],[89.45904,24.54786],[89.45354,24.55192],[89.44783,24.55341],[89.43106,24.55377],[89.43031,24.55486],[89.43079,24.55811],[89.42832,24.5603],[89.42002,24.56456],[89.41535,24.56513],[89.41196,24.5638],[89.40958,24.55795],[89.40668,24.55581],[89.40017,24.55457],[89.39762,24.55506],[89.39524,24.55788],[89.39169,24.56003],[89.38833,24.56058],[89.38327,24.55978],[89.38,24.55833],[89.37532,24.55815],[89.37183,24.55887],[89.36726,24.56138],[89.35714,24.56109],[89.35175,24.56377],[89.34905,24.56762],[89.34687,24.56793],[89.34052,24.56378],[89.33878,24.5699],[89.33008,24.58215],[89.32884,24.58804],[89.32922,24.59334],[89.33139,24.60228],[89.33327,24.60317],[89.3363,24.60052],[89.33804,24.60032],[89.34203,24.60462],[89.34378,24.60968],[89.3443,24.61584],[89.34737,24.62728],[89.34714,24.63287],[89.34565,24.63888],[89.3417,24.64177],[89.34135,24.64463],[89.33877,24.64768],[89.34085,24.65382],[89.3405,24.65588],[89.34399,24.66052],[89.34389,24.66241],[89.34216,24.66374],[89.34275,24.66602],[89.34459,24.66777],[89.34442,24.66897],[89.33456,24.67523],[89.33323,24.67827],[89.33432,24.68036],[89.33646,24.68189],[89.33598,24.68332],[89.33202,24.68599],[89.3329,24.68724],[89.33668,24.68908],[89.33965,24.69207],[89.34272,24.69278],[89.34627,24.69679],[89.35065,24.698],[89.35495,24.70144],[89.36534,24.70321],[89.3689,24.70283],[89.3728,24.69989],[89.37641,24.69938],[89.37801,24.69759],[89.37888,24.69268],[89.38075,24.6922],[89.3827,24.69361],[89.38313,24.6972],[89.3896,24.69998],[89.39163,24.70686],[89.3936,24.70941],[89.39674,24.71046],[89.40234,24.70851],[89.40003,24.71419],[89.40087,24.71635],[89.40837,24.71643],[89.41116,24.71943],[89.41386,24.7202],[89.42197,24.71942],[89.42559,24.7236],[89.43449,24.72145],[89.44257,24.71788],[89.45348,24.71605],[89.45835,24.71616],[89.46024,24.71711],[89.46204,24.72062],[89.46506,24.7219],[89.46832,24.72249],[89.47337,24.72169],[89.47843,24.72237]]]}},{"type":"Feature","properties":{"district_id":"bogra","upazila_id":"bogra-shibganj","source_name":"Shibganj","source_pcode":"501094","match_method":"exact"},"geometry":{"type":"Polygon","coordinates":[[[89.45572,25.05567],[89.45483,25.0539],[89.4557,25.05136],[89.45217,25.0453],[89.45137,25.04211],[89.45523,25.03938],[89.45532,25.0379],[89.45366,25.03529],[89.45069,25.03356],[89.44409,25.03175],[89.44098,25.02853],[89.43526,25.02751],[89.43366,25.0249],[89.42815,25.02503],[89.4255,25.019],[89.41904,25.01805],[89.41135,25.01893],[89.40792,25.01606],[89.40498,25.01598],[89.40192,25.01744],[89.39992,25.01735],[89.39412,25.00958],[89.38719,25.0067],[89.38161,25.00591],[89.38108,25.00421],[89.37717,25.00184],[89.37554,24.99684],[89.37092,24.99295],[89.37057,24.99084],[89.37138,24.98965],[89.37437,24.98886],[89.37395,24.98116],[89.37093,24.98011],[89.36636,24.9744],[89.36144,24.97302],[89.35732,24.96741],[89.3574,24.96456],[89.3585,24.96221],[89.3606,24.96042],[89.36015,24.94952],[89.3585,24.94754],[89.3546,24.95141],[89.35002,24.95083],[89.34704,24.95194],[89.34134,24.95184],[89.33884,24.95277],[89.33649,24.95964],[89.33628,24.96324],[89.33788,24.96568],[89.33797,24.96734],[89.33337,24.97087],[89.32944,24.97136],[89.32792,24.97012],[89.32758,24.96767],[89.32511,24.96622],[89.32101,24.96837],[89.31894,24.96714],[89.31593,24.96734],[89.31391,24.96651],[89.31169,24.96424],[89.30713,24.96475],[89.29909,24.96289],[89.29379,24.96426],[89.28334,24.96488],[89.27705,24.96295],[89.27017,24.96336],[89.26794,24.95465],[89.26875,24.94962],[89.2674,24.94655],[89.25966,24.93858],[89.25056,24.93091],[89.24874,24.93047],[89.24318,24.92607],[89.23398,24.92052],[89.22983,24.91885],[89.2238,24.91714],[89.21233,24.91559],[89.20983,24.92184],[89.20776,24.92066],[89.2066,24.91833],[89.20509,24.91795],[89.20462,24.92109],[89.2032,24.92202],[89.20163,24.9214],[89.19995,24.92205],[89.19809,24.92401],[89.19533,24.923],[89.18977,24.93071],[89.18921,24.92997],[89.18677,24.92982],[89.18521,24.94136],[89.187,24.94454],[89.18659,24.94717],[89.18874,24.94818],[89.18907,24.9508],[89.18542,24.96031],[89.18583,24.96259],[89.18485,24.96511],[89.17972,24.97018],[89.17937,24.97292],[89.18071,24.98027],[89.1838,24.98247],[89.18421,24.98509],[89.18618,24.98747],[89.1938,24.98631],[89.19551,24.98744],[89.19217,24.99118],[89.18961,24.992],[89.18961,24.99759],[89.19107,24.99883],[89.19427,24.99926],[89.20052,24.99857],[89.20353,24.99906],[89.20356,25.00111],[89.20264,25.00272],[89.19788,25.00276],[89.19626,25.00392],[89.20212,25.00677],[89.20642,25.01039],[89.20896,25.01379],[89.21103,25.01919],[89.2188,25.02442],[89.21888,25.02596],[89.21365,25.02982],[89.21381,25.03229],[89.2164,25.03323],[89.21845,25.03213],[89.22253,25.02729],[89.22708,25.02582],[89.22775,25.02411],[89.23013,25.02356],[89.23641,25.02527],[89.24075,25.03082],[89.24228,25.03435],[89.24299,25.04627],[89.24449,25.05145],[89.2466,25.05457],[89.24911,25.0558],[89.25098,25.05897],[89.25114,25.0624],[89.24872,25.06978],[89.2495,25.07189],[89.25787,25.07541],[89.26308,25.08088],[89.26681,25.08279],[89.27366,25.08985],[89.27637,25.09165],[89.27801,25.09473],[89.28325,25.10029],[89.29036,25.11254],[89.29659,25.1165],[89.30589,25.12036],[89.30789,25.12056],[89.31947,25.11741],[89.32732,25.12123],[89.33114,25.12158],[89.3345,25.12091],[89.34069,25.11612],[89.34386,25.11471],[89.34521,25.1135],[89.34455,25.11055],[89.3361,25.10452],[89.33319,25.10155],[89.34509,25.0998],[89.3471,25.10046],[89.35046,25.09883],[89.35828,25.09043],[89.36108,25.08994],[89.36527,25.09068],[89.3662,25.08952],[89.36468,25.0879],[89.36173,25.08726],[89.36001,25.08444],[89.35955,25.07796],[89.36266,25.0723],[89.36401,25.07058],[89.37253,25.06819],[89.38097,25.06359],[89.38552,25.05927],[89.38644,25.0538],[89.38804,25.05162],[89.39035,25.05142],[89.39183,25.05464],[89.3927,25.05929],[89.39258,25.06857],[89.39441,25.06984],[89.40356,25.06813],[89.40526,25.06879],[89.40437,25.07215],[89.40209,25.0748],[89.40144,25.07708],[89.40358,25.07847],[89.41161,25.07644],[89.41405,25.07663],[89.41459,25.08077],[89.41567,25.08127],[89.42471,25.07541],[89.42611,25.07244],[89.42558,25.0654],[89.42792,25.06366],[89.42998,25.06369],[89.43206,25.07008],[89.43427,25.07108],[89.4429,25.0721],[89.44538,25.0707],[89.44501,25.06741],[89.44727,25.06755],[89.45077,25.07205],[89.45583,25.07266],[89.45718,25.07094],[89.4557,25.068],[89.45132,25.06272],[89.45091,25.06022],[89.45126,25.05829],[89.45348,25.05627],[89.45572,25.05567]]]}},{"type":"Feature","properties":{"district_id":"bogra","upazila_id":"bogra-sonatala","source_name":"Sonatala","source_pcode":"501095","match_method":"exact"},"geometry":{"type":"Polygon","coordinates":[[[89.52787,25.03967],[89.53767,25.03948],[89.54224,25.04049],[89.55506,25.03764],[89.55888,25.0381],[89.56461,25.03728],[89.56982,25.03862],[89.57223,25.03768],[89.57386,25.038],[89.57804,25.04209],[89.59108,25.043],[89.59707,25.03948],[89.59711,25.03782],[89.59287,25.03502],[89.59108,25.03254],[89.5921,25.02898],[89.59426,25.02753],[89.60042,25.02865],[89.60273,25.02777],[89.60382,25.02605],[89.60221,25.02281],[89.60136,25.01625],[89.59872,25.01572],[89.59317,25.01744],[89.59103,25.01655],[89.59055,25.01405],[89.59294,25.01042],[89.59323,25.00871],[89.59233,25.00706],[89.58454,25.00151],[89.58489,24.99974],[89.58675,24.99806],[89.58718,24.994],[89.58699,24.98989],[89.58543,24.985],[89.58285,24.98424],[89.58105,24.98557],[89.58169,24.9908],[89.5795,24.99489],[89.57727,24.99658],[89.57249,24.99562],[89.56863,24.99697],[89.56618,24.99665],[89.56217,24.9922],[89.56028,24.99148],[89.55716,24.99186],[89.55235,24.99631],[89.54494,24.99994],[89.53855,24.99579],[89.53191,24.99986],[89.52689,24.99913],[89.52333,24.99974],[89.51994,24.99892],[89.51726,24.99593],[89.51595,24.99144],[89.51671,24.988],[89.51844,24.98667],[89.53132,24.98937],[89.53476,24.98933],[89.5365,24.98783],[89.53609,24.9864],[89.53235,24.98262],[89.53507,24.97603],[89.53857,24.97079],[89.54105,24.96928],[89.54292,24.97268],[89.54684,24.97543],[89.54726,24.97468],[89.54536,24.96854],[89.54668,24.96419],[89.54596,24.96249],[89.54431,24.96102],[89.53918,24.96114],[89.53803,24.95984],[89.53882,24.95801],[89.54559,24.95461],[89.54355,24.95179],[89.54141,24.95073],[89.54353,24.94545],[89.54829,24.94579],[89.55053,24.94485],[89.55186,24.9417],[89.55135,24.94102],[89.53923,24.93912],[89.53816,24.93838],[89.54103,24.93332],[89.53619,24.9319],[89.53597,24.9219],[89.53417,24.92267],[89.53121,24.92178],[89.52626,24.92538],[89.52242,24.92423],[89.51926,24.92661],[89.51465,24.9318],[89.50877,24.94094],[89.50227,24.94582],[89.49953,24.94693],[89.49739,24.94678],[89.49549,24.94498],[89.49433,24.93814],[89.49302,24.93838],[89.49015,24.94384],[89.4876,24.94473],[89.48371,24.94409],[89.48147,24.94486],[89.47704,24.95067],[89.47048,24.95172],[89.46796,24.95089],[89.46622,24.95194],[89.46355,24.95762],[89.46158,24.9597],[89.459,24.95567],[89.45739,24.96009],[89.45926,24.9684],[89.46126,24.97311],[89.46085,24.97471],[89.45887,24.97594],[89.45352,24.97486],[89.45128,24.97602],[89.44711,24.98634],[89.4429,24.99073],[89.44205,24.99291],[89.44335,24.9962],[89.45014,25.00246],[89.4506,25.00417],[89.45039,25.00714],[89.44905,25.00995],[89.44575,25.01187],[89.44521,25.01302],[89.44494,25.01599],[89.44614,25.02105],[89.44098,25.02853],[89.44409,25.03175],[89.45069,25.03356],[89.45366,25.03529],[89.45532,25.0379],[89.45523,25.03938],[89.45137,25.04211],[89.45217,25.0453],[89.4557,25.05136],[89.45483,25.0539],[89.45572,25.05567],[89.45715,25.05617],[89.45752,25.05906],[89.4557,25.06283],[89.45876,25.06342],[89.46285,25.0608],[89.46834,25.06028],[89.46913,25.05919],[89.4632,25.055],[89.47337,25.05373],[89.47594,25.05477],[89.47665,25.05613],[89.4762,25.06045],[89.47878,25.0615],[89.48537,25.0593],[89.49027,25.0614],[89.49213,25.06001],[89.49361,25.05481],[89.49655,25.05096],[89.50512,25.04744],[89.50765,25.04473],[89.52423,25.04001],[89.52787,25.03967]]]}},{"type":"Feature","properties":{"district_id":"chapainawabganj","upazila_id":"chapainawabganj-bholahat","source_name":"Bholahat","source_pcode":"507018","match_method":"exact"},"geometry":{"type":"Polygon","coordinates":[[[88.17561,24.86098],[88.17554,24.86189],[88.17373,24.86287],[88.16736,24.86349],[88.16219,24.8679],[88.16126,24.87551],[88.16277,24.87743],[88.16252,24.87941],[88.15478,24.88419],[88.15497,24.88657],[88.15973,24.89091],[88.16179,24.8893],[88.16616,24.8878],[88.16978,24.88822],[88.17059,24.89021],[88.16754,24.8938],[88.16517,24.89498],[88.16248,24.89781],[88.15713,24.89848],[88.15432,24.90486],[88.1517,24.90834],[88.14576,24.91338],[88.1424,24.91495],[88.14059,24.91734],[88.13893,24.93194],[88.13969,24.93613],[88.14287,24.93707],[88.15155,24.93247],[88.15468,24.93336],[88.15755,24.93474],[88.16056,24.93985],[88.16331,24.9409],[88.16789,24.94723],[88.17101,24.9497],[88.17283,24.94991],[88.1772,24.94738],[88.17933,24.94901],[88.18002,24.95389],[88.18977,24.95302],[88.19328,24.95345],[88.20716,24.95891],[88.22311,24.96043],[88.22797,24.95943],[88.23054,24.95798],[88.23439,24.9495],[88.23844,24.94396],[88.24773,24.93542],[88.25491,24.93037],[88.25945,24.92534],[88.26357,24.91826],[88.26727,24.90205],[88.26687,24.89343],[88.26472,24.88464],[88.26158,24.87814],[88.25506,24.86905],[88.25487,24.86673],[88.25835,24.8629],[88.25948,24.85993],[88.25752,24.85581],[88.25806,24.84632],[88.25674,24.84253],[88.2543,24.83976],[88.25087,24.84064],[88.24072,24.85111],[88.24053,24.85349],[88.2383,24.85687],[88.23531,24.85911],[88.23324,24.85833],[88.23061,24.85528],[88.2316,24.85198],[88.23602,24.84616],[88.23811,24.83319],[88.24265,24.82629],[88.24327,24.82351],[88.23956,24.8128],[88.2323,24.80332],[88.23031,24.80714],[88.22732,24.80949],[88.21516,24.81566],[88.21342,24.81806],[88.21725,24.82711],[88.21656,24.82865],[88.21062,24.8267],[88.20869,24.82809],[88.20664,24.83372],[88.20715,24.83707],[88.20978,24.84114],[88.20985,24.84574],[88.20786,24.84791],[88.20187,24.85079],[88.20094,24.85284],[88.20238,24.85658],[88.19745,24.85991],[88.19646,24.86156],[88.19653,24.86361],[88.19447,24.86533],[88.19078,24.86337],[88.18646,24.85937],[88.18289,24.85872],[88.17561,24.86098]]]}},{"type":"Feature","properties":{"district_id":"chapainawabganj","upazila_id":"chapainawabganj-chapainawabganj-sadar","source_name":"Chapainawabganj Sadar","source_pcode":"507066","match_method":"exact"},"geometry":{"type":"Polygon","coordinates":[[[88.42387,24.63204],[88.4197,24.63032],[88.41894,24.62778],[88.42308,24.61865],[88.42319,24.61672],[88.42107,24.61521],[88.41601,24.6135],[88.41333,24.61085],[88.39628,24.60147],[88.38967,24.59983],[88.37547,24.60143],[88.36785,24.59866],[88.36406,24.59994],[88.35689,24.5987],[88.34699,24.58669],[88.34282,24.58503],[88.33915,24.58608],[88.33266,24.5863],[88.33048,24.58451],[88.32998,24.5819],[88.33128,24.57968],[88.32977,24.57697],[88.32696,24.57478],[88.32308,24.5697],[88.31554,24.56857],[88.31031,24.56913],[88.30757,24.56841],[88.30513,24.56571],[88.304,24.5626],[88.30386,24.5593],[88.30544,24.5464],[88.31136,24.52586],[88.31133,24.51138],[88.30541,24.49401],[88.30528,24.49094],[88.30609,24.48611],[88.31114,24.47199],[88.32217,24.45627],[88.33644,24.44289],[88.34189,24.43204],[88.34586,24.42826],[88.35472,24.417],[88.36519,24.40715],[88.36848,24.40445],[88.38494,24.39471],[88.4109,24.38477],[88.41798,24.37926],[88.41399,24.3773],[88.39924,24.37454],[88.39187,24.37211],[88.3848,24.37348],[88.36676,24.3729],[88.34818,24.37647],[88.33301,24.38319],[88.32774,24.38675],[88.31187,24.40176],[88.29572,24.41427],[88.28586,24.42418],[88.2801,24.43518],[88.27085,24.44144],[88.26469,24.44496],[88.26009,24.44647],[88.25045,24.44808],[88.23652,24.45182],[88.21673,24.45414],[88.20546,24.45791],[88.19683,24.46281],[88.19373,24.46624],[88.19175,24.47318],[88.19008,24.4762],[88.18025,24.48519],[88.17578,24.49033],[88.16441,24.49825],[88.16005,24.50061],[88.15507,24.50183],[88.14785,24.50563],[88.14369,24.51049],[88.13722,24.51604],[88.12306,24.53171],[88.11048,24.54252],[88.10993,24.55484],[88.11095,24.56941],[88.11139,24.57067],[88.12148,24.57083],[88.12324,24.57723],[88.12268,24.58172],[88.12318,24.58211],[88.13333,24.58079],[88.14312,24.58146],[88.14661,24.58268],[88.14923,24.58471],[88.15202,24.58429],[88.15807,24.58163],[88.16393,24.58556],[88.16985,24.58484],[88.17135,24.58653],[88.17434,24.5865],[88.184,24.58507],[88.18624,24.58585],[88.18954,24.58565],[88.1939,24.58346],[88.1957,24.58101],[88.20908,24.57398],[88.21133,24.57504],[88.21899,24.57481],[88.22124,24.57593],[88.21887,24.57874],[88.21358,24.58064],[88.21321,24.58263],[88.21378,24.58365],[88.21895,24.5827],[88.2243,24.578],[88.22722,24.57662],[88.22772,24.57985],[88.22923,24.58183],[88.23172,24.58305],[88.23241,24.58487],[88.23154,24.58675],[88.22184,24.59375],[88.21586,24.59442],[88.21174,24.59292],[88.2098,24.59021],[88.20675,24.58921],[88.20482,24.59087],[88.20595,24.59546],[88.20428,24.59871],[88.1973,24.60172],[88.19736,24.60359],[88.19893,24.60545],[88.199,24.60687],[88.19744,24.60853],[88.1977,24.61223],[88.19589,24.61319],[88.19141,24.61862],[88.19073,24.62141],[88.19186,24.62276],[88.19647,24.62188],[88.20163,24.61712],[88.20542,24.61216],[88.20866,24.61178],[88.21178,24.61239],[88.21509,24.61446],[88.2174,24.61745],[88.21766,24.61967],[88.21958,24.62028],[88.22426,24.61842],[88.22726,24.62124],[88.22664,24.62323],[88.22421,24.62603],[88.22397,24.6287],[88.22542,24.63062],[88.23121,24.6312],[88.24241,24.62453],[88.24335,24.62594],[88.23895,24.6317],[88.23869,24.63443],[88.24408,24.64285],[88.23999,24.65298],[88.24036,24.65457],[88.24821,24.65292],[88.25603,24.6591],[88.25715,24.66227],[88.26202,24.6611],[88.26651,24.66327],[88.2728,24.66197],[88.27767,24.66273],[88.28142,24.66423],[88.29221,24.66647],[88.2982,24.66988],[88.29973,24.67873],[88.29768,24.68249],[88.29532,24.68433],[88.29308,24.68502],[88.28702,24.68377],[88.28003,24.68116],[88.27166,24.67618],[88.26766,24.67502],[88.26106,24.67614],[88.25682,24.67828],[88.25222,24.68286],[88.25098,24.6852],[88.25243,24.69143],[88.25462,24.69477],[88.25937,24.69893],[88.26274,24.69958],[88.28268,24.71793],[88.28304,24.71117],[88.28429,24.70945],[88.29102,24.70929],[88.29848,24.70042],[88.30408,24.69674],[88.30595,24.69446],[88.30906,24.6925],[88.31323,24.69172],[88.31735,24.69209],[88.32059,24.69115],[88.33117,24.68431],[88.33546,24.67956],[88.34288,24.67847],[88.3438,24.67562],[88.3438,24.67029],[88.34914,24.66609],[88.35112,24.66262],[88.35167,24.65925],[88.35041,24.65712],[88.34398,24.65344],[88.34372,24.64991],[88.34533,24.64751],[88.3604,24.6446],[88.36222,24.64589],[88.36465,24.64569],[88.36626,24.64125],[88.36726,24.64153],[88.36858,24.64384],[88.37025,24.64451],[88.37668,24.64417],[88.38171,24.6389],[88.38358,24.63968],[88.38403,24.64183],[88.38324,24.64905],[88.39246,24.64862],[88.39533,24.64707],[88.39644,24.64331],[88.3981,24.64176],[88.40616,24.64197],[88.41263,24.63993],[88.41393,24.63844],[88.42085,24.63611],[88.42387,24.63204]]]}},{"type":"Feature","properties":{"district_id":"chapainawabganj","upazila_id":"chapainawabganj-gomostapur","source_name":"Gomastapur","source_pcode":"507037","match_method":"unique-near"},"geometry":{"type":"Polygon","coordinates":[[[88.4942,24.90853],[88.48606,24.90493],[88.48361,24.90195],[88.48298,24.89946],[88.48679,24.89652],[88.48682,24.89238],[88.49078,24.88337],[88.49039,24.88212],[88.48727,24.88045],[88.4831,24.87107],[88.4799,24.86735],[88.47401,24.86383],[88.47269,24.86214],[88.4741,24.85565],[88.47401,24.85003],[88.47281,24.84511],[88.46992,24.84315],[88.46687,24.84323],[88.46222,24.85196],[88.45979,24.85465],[88.45064,24.8594],[88.44427,24.85877],[88.44263,24.85652],[88.44437,24.85372],[88.44893,24.85152],[88.45309,24.84779],[88.45432,24.84437],[88.4505,24.8431],[88.43884,24.84406],[88.43607,24.84063],[88.43381,24.83605],[88.43075,24.83693],[88.42889,24.83911],[88.42632,24.83907],[88.42445,24.8404],[88.42428,24.84352],[88.42167,24.84661],[88.41911,24.84771],[88.41617,24.84331],[88.40806,24.84621],[88.40556,24.84573],[88.40616,24.84069],[88.40527,24.83728],[88.40302,24.83679],[88.39941,24.83744],[88.39846,24.83631],[88.40344,24.83076],[88.40219,24.82941],[88.40361,24.82526],[88.39585,24.82129],[88.39253,24.8186],[88.38847,24.81835],[88.3856,24.81968],[88.38545,24.8127],[88.38619,24.81014],[88.37826,24.8068],[88.37475,24.80309],[88.36594,24.80282],[88.36244,24.8011],[88.35963,24.80209],[88.35671,24.80456],[88.35421,24.80492],[88.34483,24.80034],[88.34028,24.79993],[88.33559,24.79628],[88.33241,24.79676],[88.33052,24.79371],[88.32571,24.79069],[88.3245,24.78417],[88.32455,24.77963],[88.32584,24.77456],[88.33075,24.76703],[88.32973,24.76369],[88.3306,24.76056],[88.33327,24.75758],[88.33594,24.74989],[88.33473,24.74343],[88.33073,24.74023],[88.32542,24.74187],[88.31553,24.74876],[88.30155,24.74922],[88.298,24.75005],[88.29578,24.75688],[88.29328,24.75747],[88.28915,24.75585],[88.28659,24.75343],[88.27116,24.74721],[88.26606,24.75292],[88.26333,24.75777],[88.26461,24.77076],[88.26856,24.77998],[88.26933,24.78372],[88.26163,24.77845],[88.25751,24.77757],[88.24839,24.77231],[88.2457,24.76876],[88.24339,24.76775],[88.24039,24.76811],[88.23576,24.76423],[88.23196,24.7625],[88.22896,24.76298],[88.22691,24.76499],[88.22204,24.76684],[88.2223,24.76894],[88.23081,24.78199],[88.23514,24.79104],[88.23621,24.79529],[88.23566,24.79841],[88.2323,24.80332],[88.23956,24.8128],[88.24327,24.82351],[88.24265,24.82629],[88.23811,24.83319],[88.23602,24.84616],[88.2316,24.85198],[88.23061,24.85528],[88.23324,24.85833],[88.23531,24.85911],[88.2383,24.85687],[88.24053,24.85349],[88.24072,24.85111],[88.24589,24.8463],[88.24831,24.84282],[88.25087,24.84064],[88.2543,24.83976],[88.25674,24.84253],[88.25806,24.84632],[88.25752,24.85581],[88.25948,24.85993],[88.25835,24.8629],[88.25487,24.86673],[88.25506,24.86905],[88.26158,24.87814],[88.26382,24.87546],[88.26538,24.87482],[88.26688,24.87492],[88.26876,24.87706],[88.27104,24.88931],[88.27424,24.8945],[88.27587,24.89568],[88.27743,24.89573],[88.2794,24.88731],[88.2846,24.88868],[88.28796,24.8861],[88.29309,24.88787],[88.2959,24.88791],[88.29758,24.88755],[88.30039,24.8851],[88.30194,24.88224],[88.2998,24.87929],[88.30428,24.87041],[88.31531,24.88076],[88.3215,24.88224],[88.32274,24.88155],[88.32361,24.87916],[88.32303,24.87468],[88.3282,24.86953],[88.32515,24.86589],[88.33445,24.87106],[88.3369,24.87564],[88.34361,24.88211],[88.34789,24.89218],[88.3474,24.89548],[88.34578,24.89821],[88.34315,24.89898],[88.33904,24.8981],[88.33579,24.89847],[88.33586,24.90188],[88.33468,24.90421],[88.32968,24.90386],[88.32633,24.9107],[88.32584,24.91457],[88.32629,24.91587],[88.3276,24.9166],[88.3306,24.91657],[88.3316,24.91809],[88.33616,24.91783],[88.33661,24.91903],[88.33456,24.92427],[88.33531,24.92516],[88.338,24.92513],[88.339,24.92672],[88.3382,24.9286],[88.33877,24.93115],[88.34102,24.93436],[88.34085,24.93692],[88.34173,24.93901],[88.34317,24.93985],[88.35118,24.94353],[88.35349,24.94209],[88.35555,24.94247],[88.36082,24.94935],[88.3634,24.95143],[88.36571,24.95152],[88.36582,24.94806],[88.36849,24.94423],[88.37443,24.94185],[88.37655,24.94263],[88.38154,24.93883],[88.38447,24.93778],[88.38766,24.9385],[88.39092,24.94113],[88.39542,24.94104],[88.39899,24.94299],[88.4015,24.94569],[88.40208,24.94966],[88.39972,24.95406],[88.3991,24.95713],[88.39705,24.95902],[88.40488,24.96475],[88.40993,24.9631],[88.41451,24.96442],[88.41702,24.96724],[88.42882,24.96504],[88.43207,24.96357],[88.43543,24.95986],[88.43685,24.9565],[88.43665,24.95208],[88.4338,24.94375],[88.43315,24.93689],[88.43364,24.93206],[88.43599,24.92812],[88.44508,24.92218],[88.45483,24.92056],[88.45684,24.92293],[88.45299,24.92922],[88.45306,24.93199],[88.45582,24.93389],[88.47209,24.93959],[88.47964,24.93542],[88.48643,24.92985],[88.49165,24.92288],[88.4942,24.90853]]]}},{"type":"Feature","properties":{"district_id":"chapainawabganj","upazila_id":"chapainawabganj-nachol","source_name":"Nachole","source_pcode":"507056","match_method":"unique-near"},"geometry":{"type":"Polygon","coordinates":[[[88.40344,24.83076],[88.40487,24.82956],[88.412,24.83211],[88.41469,24.8343],[88.41633,24.83882],[88.41845,24.83738],[88.41901,24.83603],[88.41806,24.83285],[88.41379,24.8267],[88.41283,24.82194],[88.41402,24.8209],[88.41646,24.81997],[88.42569,24.82119],[88.42829,24.81652],[88.43122,24.81546],[88.43504,24.8156],[88.43585,24.81786],[88.43774,24.81995],[88.44148,24.82076],[88.44517,24.82027],[88.44571,24.81953],[88.44327,24.81507],[88.44256,24.80928],[88.44305,24.8061],[88.43642,24.80458],[88.43498,24.8022],[88.43277,24.79495],[88.43437,24.78705],[88.43273,24.78655],[88.43099,24.78844],[88.42774,24.78779],[88.42512,24.78588],[88.42274,24.78358],[88.42166,24.78035],[88.41571,24.77479],[88.41551,24.77246],[88.41669,24.77052],[88.42,24.7702],[88.43299,24.77412],[88.43719,24.77885],[88.44437,24.7781],[88.45142,24.77922],[88.45809,24.77689],[88.46156,24.77101],[88.46854,24.76964],[88.47233,24.76404],[88.47614,24.76343],[88.47752,24.76569],[88.47861,24.77261],[88.48055,24.77435],[88.48217,24.77354],[88.48428,24.77091],[88.48708,24.76957],[88.49477,24.77075],[88.49538,24.76853],[88.49467,24.76535],[88.4897,24.75587],[88.49274,24.7505],[88.49117,24.74824],[88.48842,24.74725],[88.48679,24.74528],[88.48248,24.74464],[88.47614,24.74873],[88.47477,24.75226],[88.4766,24.75724],[88.47505,24.75964],[88.46895,24.76112],[88.46595,24.76092],[88.45914,24.75764],[88.45744,24.75498],[88.45867,24.75145],[88.46472,24.75031],[88.46546,24.74849],[88.46493,24.74361],[88.46223,24.73744],[88.4634,24.73415],[88.46626,24.73122],[88.47663,24.73544],[88.48,24.73518],[88.48592,24.73302],[88.48885,24.73385],[88.49211,24.73711],[88.49586,24.73747],[88.50582,24.73436],[88.508,24.73332],[88.50855,24.73144],[88.50672,24.72623],[88.50855,24.71719],[88.5005,24.71551],[88.4978,24.7106],[88.4913,24.70668],[88.49167,24.69481],[88.49022,24.69063],[88.48564,24.68494],[88.4814,24.68345],[88.47074,24.68611],[88.464,24.68566],[88.45931,24.68201],[88.4583,24.67856],[88.46053,24.67587],[88.46812,24.67228],[88.47174,24.67094],[88.4761,24.67067],[88.47836,24.67314],[88.47862,24.67592],[88.48056,24.67823],[88.48344,24.67803],[88.48541,24.6766],[88.49034,24.67689],[88.49372,24.67884],[88.49877,24.67908],[88.50203,24.68171],[88.50796,24.68228],[88.51063,24.68169],[88.51156,24.67855],[88.51067,24.67516],[88.50754,24.67308],[88.50174,24.67354],[88.50109,24.66771],[88.4948,24.66833],[88.49167,24.667],[88.48979,24.66446],[88.49294,24.65858],[88.49025,24.65623],[88.48619,24.65677],[88.48051,24.65552],[88.47118,24.65703],[88.47,24.65903],[88.46996,24.66198],[88.4679,24.66223],[88.46083,24.65839],[88.44633,24.66334],[88.44141,24.66685],[88.43848,24.66637],[88.43697,24.66376],[88.43539,24.65555],[88.43337,24.65171],[88.43037,24.64993],[88.42738,24.64938],[88.42445,24.65055],[88.42319,24.64687],[88.42928,24.64148],[88.42864,24.63898],[88.42939,24.63726],[88.4285,24.63467],[88.42387,24.63204],[88.42085,24.63611],[88.41393,24.63844],[88.41263,24.63993],[88.40616,24.64197],[88.3981,24.64176],[88.39644,24.64331],[88.39533,24.64707],[88.39246,24.64862],[88.38324,24.64905],[88.38403,24.64183],[88.38358,24.63968],[88.38171,24.6389],[88.37668,24.64417],[88.37025,24.64451],[88.36858,24.64384],[88.36726,24.64153],[88.36626,24.64125],[88.36465,24.64569],[88.36222,24.64589],[88.3604,24.6446],[88.34533,24.64751],[88.34372,24.64991],[88.34398,24.65344],[88.35041,24.65712],[88.35167,24.65925],[88.35112,24.66262],[88.34914,24.66609],[88.3438,24.67029],[88.3438,24.67562],[88.34288,24.67847],[88.33546,24.67956],[88.33117,24.68431],[88.32059,24.69115],[88.31735,24.69209],[88.31323,24.69172],[88.30906,24.6925],[88.29848,24.70042],[88.29102,24.70929],[88.28429,24.70945],[88.28304,24.71117],[88.28268,24.71793],[88.28544,24.72051],[88.2862,24.72618],[88.28515,24.72943],[88.27881,24.73624],[88.27116,24.74721],[88.28659,24.75343],[88.28915,24.75585],[88.29328,24.75747],[88.29578,24.75688],[88.298,24.75005],[88.30155,24.74922],[88.31553,24.74876],[88.32542,24.74187],[88.33073,24.74023],[88.33473,24.74343],[88.33594,24.74989],[88.33327,24.75758],[88.3306,24.76056],[88.32973,24.76369],[88.33075,24.76703],[88.32584,24.77456],[88.32455,24.77963],[88.3245,24.78417],[88.32571,24.79069],[88.33052,24.79371],[88.33241,24.79676],[88.33559,24.79628],[88.34028,24.79993],[88.34483,24.80034],[88.35421,24.80492],[88.35671,24.80456],[88.35963,24.80209],[88.36244,24.8011],[88.36594,24.80282],[88.37475,24.80309],[88.37826,24.8068],[88.38619,24.81014],[88.38545,24.8127],[88.3856,24.81968],[88.38847,24.81835],[88.39253,24.8186],[88.39585,24.82129],[88.40361,24.82526],[88.40219,24.82941],[88.40344,24.83076]]]}},{"type":"Feature","properties":{"district_id":"chapainawabganj","upazila_id":"chapainawabganj-shibganj","source_name":"Shibganj","source_pcode":"507088","match_method":"exact"},"geometry":{"type":"Polygon","coordinates":[[[88.2323,24.80332],[88.23566,24.79841],[88.23621,24.79529],[88.23514,24.79104],[88.23081,24.78199],[88.2223,24.76894],[88.22204,24.76684],[88.22691,24.76499],[88.22896,24.76298],[88.23196,24.7625],[88.23576,24.76423],[88.24039,24.76811],[88.24339,24.76775],[88.2457,24.76876],[88.24839,24.77231],[88.25751,24.77757],[88.26163,24.77845],[88.26933,24.78372],[88.26856,24.77998],[88.26461,24.77076],[88.26333,24.75777],[88.26606,24.75292],[88.27247,24.74571],[88.27881,24.73624],[88.28515,24.72943],[88.2862,24.72618],[88.28544,24.72051],[88.26274,24.69958],[88.25937,24.69893],[88.25462,24.69477],[88.25243,24.69143],[88.25098,24.6852],[88.25222,24.68286],[88.25682,24.67828],[88.26106,24.67614],[88.26766,24.67502],[88.27166,24.67618],[88.28003,24.68116],[88.28702,24.68377],[88.29308,24.68502],[88.29532,24.68433],[88.29768,24.68249],[88.29973,24.67873],[88.2982,24.66988],[88.29221,24.66647],[88.28142,24.66423],[88.27767,24.66273],[88.2728,24.66197],[88.26651,24.66327],[88.26202,24.6611],[88.25715,24.66227],[88.25603,24.6591],[88.24821,24.65292],[88.24036,24.65457],[88.23999,24.65298],[88.24408,24.64285],[88.23869,24.63443],[88.23895,24.6317],[88.24335,24.62594],[88.24241,24.62453],[88.23121,24.6312],[88.22542,24.63062],[88.22397,24.6287],[88.22421,24.62603],[88.22664,24.62323],[88.22726,24.62124],[88.22426,24.61842],[88.21958,24.62028],[88.21766,24.61967],[88.2174,24.61745],[88.21509,24.61446],[88.21178,24.61239],[88.20866,24.61178],[88.20542,24.61216],[88.20163,24.61712],[88.19647,24.62188],[88.19186,24.62276],[88.19073,24.62141],[88.19141,24.61862],[88.19589,24.61319],[88.1977,24.61223],[88.19744,24.60853],[88.199,24.60687],[88.19893,24.60545],[88.19736,24.60359],[88.1973,24.60172],[88.20428,24.59871],[88.20595,24.59546],[88.20482,24.59087],[88.20675,24.58921],[88.2098,24.59021],[88.21174,24.59292],[88.21586,24.59442],[88.22184,24.59375],[88.23154,24.58675],[88.23241,24.58487],[88.23172,24.58305],[88.22923,24.58183],[88.22772,24.57985],[88.22722,24.57662],[88.2243,24.578],[88.21895,24.5827],[88.21378,24.58365],[88.21321,24.58263],[88.21358,24.58064],[88.21887,24.57874],[88.22124,24.57593],[88.21899,24.57481],[88.21133,24.57504],[88.20908,24.57398],[88.1957,24.58101],[88.1939,24.58346],[88.18954,24.58565],[88.18624,24.58585],[88.184,24.58507],[88.17434,24.5865],[88.17135,24.58653],[88.16985,24.58484],[88.16393,24.58556],[88.15807,24.58163],[88.15202,24.58429],[88.14923,24.58471],[88.14661,24.58268],[88.14312,24.58146],[88.13333,24.58079],[88.12318,24.58211],[88.12268,24.58172],[88.12324,24.57723],[88.12148,24.57083],[88.11139,24.57067],[88.11095,24.56941],[88.10993,24.55484],[88.11048,24.54252],[88.10376,24.54893],[88.09387,24.56216],[88.092,24.56496],[88.08939,24.57275],[88.081,24.58536],[88.07279,24.6],[88.06956,24.60485],[88.05598,24.62033],[88.04789,24.63298],[88.04615,24.63742],[88.03842,24.64406],[88.03182,24.64722],[88.01306,24.66273],[88.01057,24.66666],[88.01132,24.66904],[88.02586,24.68399],[88.0341,24.69365],[88.05987,24.71505],[88.06474,24.72138],[88.06931,24.73259],[88.07381,24.74118],[88.07312,24.74369],[88.0682,24.74701],[88.06733,24.7498],[88.07401,24.75726],[88.07482,24.7594],[88.07445,24.76065],[88.0714,24.76221],[88.07021,24.76414],[88.07059,24.76942],[88.07372,24.77139],[88.0779,24.77],[88.08095,24.77077],[88.08364,24.77342],[88.08983,24.78252],[88.0955,24.78061],[88.10593,24.77945],[88.10736,24.78166],[88.10583,24.79989],[88.10739,24.80448],[88.11202,24.81257],[88.12246,24.82163],[88.12415,24.82134],[88.1257,24.81866],[88.13099,24.80596],[88.13317,24.8039],[88.13742,24.80648],[88.13451,24.82018],[88.13503,24.83176],[88.14021,24.83427],[88.14109,24.83967],[88.14503,24.84286],[88.14584,24.84451],[88.1456,24.84713],[88.14761,24.85023],[88.14986,24.85084],[88.15391,24.849],[88.15917,24.8497],[88.16254,24.84851],[88.16441,24.85045],[88.16422,24.85607],[88.16766,24.85906],[88.17323,24.85941],[88.17561,24.86098],[88.18289,24.85872],[88.18646,24.85937],[88.19078,24.86337],[88.19447,24.86533],[88.19653,24.86361],[88.19646,24.86156],[88.19745,24.85991],[88.20238,24.85658],[88.20094,24.85284],[88.20187,24.85079],[88.20786,24.84791],[88.20985,24.84574],[88.20978,24.84114],[88.20715,24.83707],[88.20664,24.83372],[88.20714,24.831],[88.20869,24.82809],[88.21062,24.8267],[88.21656,24.82865],[88.21725,24.82711],[88.21342,24.81806],[88.21516,24.81566],[88.22732,24.80949],[88.23031,24.80714],[88.2323,24.80332]]]}},{"type":"Feature","properties":{"district_id":"joypurhat","upazila_id":"joypurhat-akkelpur","source_name":"Akkelpur","source_pcode":"503813","match_method":"exact"},"geometry":{"type":"Polygon","coordinates":[[[89.03736,25.02739],[89.04523,25.01853],[89.04561,25.00072],[89.0461,25.00003],[89.05118,25.00057],[89.05211,24.99941],[89.0488,24.9939],[89.05186,24.99365],[89.056,24.99475],[89.05787,24.99926],[89.0593,24.99844],[89.05949,24.98662],[89.06291,24.98477],[89.06853,24.98369],[89.07188,24.98532],[89.08202,24.97992],[89.09687,24.98093],[89.10101,24.98083],[89.103,24.9795],[89.10396,24.97561],[89.10243,24.9681],[89.10035,24.96635],[89.09627,24.96517],[89.09189,24.96551],[89.09011,24.96301],[89.09215,24.96038],[89.09342,24.95636],[89.09269,24.95289],[89.09641,24.94914],[89.096,24.94641],[89.09217,24.94513],[89.08634,24.93833],[89.08574,24.92852],[89.08954,24.92695],[89.09039,24.91918],[89.09194,24.91751],[89.0935,24.91721],[89.09541,24.9144],[89.09715,24.90759],[89.09978,24.9078],[89.10121,24.90647],[89.09912,24.89873],[89.09512,24.89231],[89.08936,24.89225],[89.08453,24.89704],[89.0834,24.89716],[89.08042,24.89353],[89.07793,24.88836],[89.08134,24.88616],[89.08337,24.88215],[89.08485,24.88093],[89.0866,24.88041],[89.08912,24.88153],[89.0913,24.88128],[89.09084,24.87917],[89.08644,24.87681],[89.07716,24.8745],[89.07184,24.87494],[89.06935,24.87611],[89.06809,24.87577],[89.06733,24.87356],[89.06161,24.87172],[89.05806,24.86713],[89.05548,24.86595],[89.05339,24.86911],[89.0502,24.86977],[89.0425,24.8684],[89.04161,24.86732],[89.04114,24.86431],[89.03938,24.86318],[89.03655,24.86229],[89.02473,24.86205],[89.0205,24.85866],[89.01941,24.85576],[89.01703,24.85538],[89.01311,24.85815],[89.01509,24.8619],[89.01398,24.86322],[88.99734,24.86279],[88.99294,24.8647],[88.9938,24.8683],[88.9903,24.87448],[88.99245,24.87848],[88.99993,24.88321],[89.00834,24.89655],[89.0077,24.89963],[89.00553,24.9021],[89.00024,24.91148],[89.00291,24.92325],[89.00415,24.93686],[89.0001,24.95236],[89.00394,24.95583],[89.00484,24.95883],[89.0035,24.96259],[89.00258,24.97084],[89.00098,24.97455],[89.00237,24.9768],[89.01115,24.97867],[89.01225,24.98381],[89.01167,24.98876],[89.00768,24.99598],[89.00684,24.99996],[89.01099,25.01002],[89.01514,25.01297],[89.01652,25.01959],[89.01602,25.02074],[89.0097,25.02003],[89.0089,25.02117],[89.01638,25.02505],[89.01814,25.0269],[89.01772,25.02917],[89.01264,25.03407],[89.01154,25.03607],[89.01142,25.03806],[89.01503,25.04295],[89.01475,25.0454],[89.01706,25.04659],[89.02225,25.04726],[89.02538,25.04539],[89.03049,25.0371],[89.03214,25.03287],[89.03437,25.03063],[89.03736,25.02739]]]}},{"type":"Feature","properties":{"district_id":"joypurhat","upazila_id":"joypurhat-joypurhat-sadar","source_name":"Joypurhat S.","source_pcode":"503847","match_method":"exact"},"geometry":{"type":"Polygon","coordinates":[[[88.92303,25.16713],[88.92665,25.17952],[88.92977,25.18497],[88.93331,25.18729],[88.93626,25.18715],[88.93963,25.18513],[88.94066,25.18192],[88.94334,25.18083],[88.94739,25.18404],[88.9481,25.18603],[88.94775,25.18866],[88.94463,25.18977],[88.94704,25.19403],[88.94592,25.20078],[88.94523,25.20112],[88.94082,25.19921],[88.93782,25.20005],[88.9357,25.20264],[88.93493,25.206],[88.9358,25.21215],[88.93485,25.21815],[88.93837,25.2183],[88.94144,25.21753],[88.9463,25.21441],[88.94357,25.21152],[88.94067,25.21034],[88.94047,25.20829],[88.94189,25.20668],[88.95968,25.20352],[88.96049,25.20277],[88.96012,25.19712],[88.96141,25.19375],[88.96358,25.19173],[88.9677,25.18953],[88.97041,25.19042],[88.97433,25.19363],[88.97817,25.19498],[88.97929,25.19372],[88.97824,25.18973],[88.972,25.17945],[88.97346,25.1759],[88.97672,25.17422],[88.98087,25.17653],[88.98091,25.17383],[88.97929,25.1678],[88.98159,25.16648],[88.98406,25.16948],[88.9871,25.1714],[88.99122,25.16959],[88.99126,25.16708],[88.98998,25.16572],[88.98863,25.16157],[88.9906,25.15133],[88.98994,25.1482],[88.98722,25.14583],[88.98631,25.14287],[88.98748,25.14029],[88.99017,25.13958],[88.99365,25.14132],[88.99657,25.14084],[89.00019,25.13876],[89.00295,25.13862],[89.00667,25.14053],[89.01086,25.13919],[89.0155,25.13972],[89.01702,25.14108],[89.01742,25.14341],[89.01446,25.14983],[89.01466,25.15592],[89.02044,25.15674],[89.02163,25.16289],[89.02694,25.1673],[89.03145,25.16611],[89.03342,25.16292],[89.03835,25.16132],[89.04186,25.1605],[89.05188,25.16035],[89.05595,25.15815],[89.0579,25.15893],[89.06725,25.15919],[89.06928,25.16249],[89.07743,25.16167],[89.0799,25.15754],[89.08077,25.15771],[89.08187,25.16078],[89.0834,25.16236],[89.08495,25.16183],[89.08447,25.15693],[89.08614,25.15555],[89.0911,25.1559],[89.09523,25.15467],[89.09501,25.15171],[89.091,25.14654],[89.09203,25.14277],[89.09383,25.14184],[89.09609,25.1421],[89.09995,25.13865],[89.10134,25.13977],[89.10207,25.14427],[89.11094,25.14625],[89.11375,25.15056],[89.12399,25.14756],[89.12564,25.1488],[89.1263,25.15136],[89.12878,25.15442],[89.13154,25.1549],[89.13322,25.15404],[89.13363,25.15142],[89.13473,25.15003],[89.13723,25.14784],[89.1416,25.14603],[89.14361,25.14601],[89.14439,25.14852],[89.15552,25.14619],[89.15704,25.14235],[89.15488,25.14026],[89.15386,25.13804],[89.15435,25.13678],[89.15816,25.13629],[89.16181,25.13711],[89.1656,25.1405],[89.16755,25.1399],[89.16803,25.13762],[89.16434,25.134],[89.15612,25.13294],[89.14928,25.12684],[89.14507,25.13058],[89.14342,25.1302],[89.13853,25.12334],[89.12929,25.12166],[89.12189,25.10934],[89.12221,25.10563],[89.11877,25.10024],[89.11711,25.09221],[89.11465,25.09],[89.1117,25.08957],[89.10886,25.08806],[89.10177,25.08658],[89.09858,25.08706],[89.09686,25.08514],[89.09772,25.08319],[89.08517,25.06949],[89.08356,25.06597],[89.08353,25.06243],[89.0738,25.05515],[89.07365,25.05328],[89.07487,25.05075],[89.07207,25.04569],[89.06796,25.04259],[89.05089,25.04514],[89.04692,25.04306],[89.04285,25.03841],[89.03802,25.03646],[89.03868,25.03337],[89.04041,25.03164],[89.03736,25.02739],[89.03214,25.03287],[89.03049,25.0371],[89.02538,25.04539],[89.02225,25.04726],[89.01706,25.04659],[89.01475,25.0454],[89.01213,25.04719],[89.00488,25.04825],[89.00188,25.04772],[88.99747,25.04364],[88.99628,25.04405],[88.99517,25.04622],[88.99299,25.04699],[88.98979,25.04675],[88.98456,25.04903],[88.98028,25.05266],[88.97372,25.05457],[88.96973,25.0549],[88.95583,25.05332],[88.95368,25.05102],[88.95663,25.04536],[88.95766,25.04149],[88.95259,25.03877],[88.95669,25.02986],[88.95631,25.02873],[88.95399,25.02797],[88.94965,25.03244],[88.94737,25.03776],[88.94382,25.03968],[88.94303,25.04179],[88.94467,25.05103],[88.94406,25.05325],[88.93828,25.05707],[88.93177,25.07237],[88.93262,25.07707],[88.93459,25.08028],[88.9403,25.09702],[88.94055,25.10507],[88.93723,25.11988],[88.9357,25.12263],[88.92667,25.13006],[88.92422,25.13498],[88.92801,25.13998],[88.92816,25.14316],[88.92686,25.14568],[88.9243,25.14645],[88.92245,25.14846],[88.92403,25.15213],[88.92507,25.162],[88.92303,25.16713]]]}},{"type":"Feature","properties":{"district_id":"joypurhat","upazila_id":"joypurhat-kalai","source_name":"Kalai","source_pcode":"503858","match_method":"exact"},"geometry":{"type":"Polygon","coordinates":[[[89.19741,25.18431],[89.19736,25.17859],[89.19873,25.17542],[89.20291,25.17526],[89.20505,25.1708],[89.2103,25.17154],[89.21143,25.17124],[89.21153,25.16953],[89.21534,25.16898],[89.21714,25.16793],[89.22141,25.16004],[89.22138,25.15759],[89.21782,25.15201],[89.22075,25.14669],[89.22398,25.14546],[89.22958,25.14767],[89.23304,25.14495],[89.23384,25.13914],[89.23507,25.13663],[89.24808,25.118],[89.24872,25.1097],[89.24998,25.10536],[89.25175,25.10267],[89.25492,25.10087],[89.25777,25.10368],[89.26073,25.10131],[89.26618,25.10227],[89.26675,25.09839],[89.27318,25.09764],[89.27801,25.09473],[89.27637,25.09165],[89.27366,25.08985],[89.26681,25.08279],[89.26308,25.08088],[89.25787,25.07541],[89.2495,25.07189],[89.24872,25.06978],[89.25114,25.0624],[89.25098,25.05897],[89.24911,25.0558],[89.2466,25.05457],[89.24449,25.05145],[89.24299,25.04627],[89.24228,25.03435],[89.24075,25.03082],[89.23641,25.02527],[89.23013,25.02356],[89.22775,25.02411],[89.22708,25.02582],[89.22253,25.02729],[89.21845,25.03213],[89.2164,25.03323],[89.21381,25.03229],[89.21365,25.02982],[89.21888,25.02596],[89.2188,25.02442],[89.21103,25.01919],[89.20896,25.01379],[89.20642,25.01039],[89.20212,25.00677],[89.19626,25.00392],[89.19788,25.00276],[89.20264,25.00272],[89.20356,25.00111],[89.20353,24.99906],[89.19107,24.99883],[89.18961,24.99759],[89.18961,24.992],[89.19217,24.99118],[89.19551,24.98744],[89.1938,24.98631],[89.18618,24.98747],[89.18421,24.98509],[89.17661,24.98779],[89.17001,24.9915],[89.16936,24.99533],[89.17426,25.00265],[89.17397,25.00459],[89.16296,25.02233],[89.1583,25.02545],[89.14931,25.02822],[89.14715,25.03127],[89.14705,25.03874],[89.14507,25.04241],[89.14177,25.04273],[89.13737,25.04169],[89.13337,25.04229],[89.13252,25.04538],[89.13311,25.04783],[89.13676,25.05447],[89.13929,25.06244],[89.1417,25.06499],[89.1506,25.07113],[89.16409,25.08304],[89.16952,25.0867],[89.17549,25.0936],[89.17826,25.09524],[89.18169,25.09966],[89.18134,25.10171],[89.17818,25.10397],[89.16845,25.10857],[89.16616,25.11116],[89.1683,25.1172],[89.16787,25.11845],[89.15912,25.12081],[89.15832,25.12339],[89.15926,25.13342],[89.16434,25.134],[89.16688,25.13592],[89.16803,25.13762],[89.16755,25.1399],[89.1656,25.1405],[89.16181,25.13711],[89.15816,25.13629],[89.15435,25.13678],[89.15386,25.13804],[89.15488,25.14026],[89.16091,25.14625],[89.16139,25.14938],[89.15979,25.15248],[89.16157,25.15463],[89.16382,25.1537],[89.1644,25.15483],[89.16558,25.15962],[89.16417,25.16853],[89.16516,25.1736],[89.17063,25.17355],[89.17399,25.17135],[89.17994,25.17015],[89.18367,25.1728],[89.18742,25.1775],[89.18904,25.18262],[89.19741,25.18431]]]}},{"type":"Feature","properties":{"district_id":"joypurhat","upazila_id":"joypurhat-khetlal","source_name":"Khetlal","source_pcode":"503861","match_method":"exact"},"geometry":{"type":"Polygon","coordinates":[[[89.15926,25.13342],[89.15832,25.12339],[89.15912,25.12081],[89.16787,25.11845],[89.1683,25.1172],[89.16616,25.11116],[89.16845,25.10857],[89.17818,25.10397],[89.18134,25.10171],[89.18169,25.09966],[89.17826,25.09524],[89.17549,25.0936],[89.16952,25.0867],[89.16409,25.08304],[89.1506,25.07113],[89.1417,25.06499],[89.13929,25.06244],[89.13676,25.05447],[89.13311,25.04783],[89.13252,25.04538],[89.13337,25.04229],[89.13737,25.04169],[89.14177,25.04273],[89.14507,25.04241],[89.14705,25.03874],[89.14715,25.03127],[89.14931,25.02822],[89.1583,25.02545],[89.16296,25.02233],[89.17397,25.00459],[89.17426,25.00265],[89.16936,24.99533],[89.17001,24.9915],[89.17661,24.98779],[89.18421,24.98509],[89.1838,24.98247],[89.18071,24.98027],[89.17937,24.97292],[89.17972,24.97018],[89.18485,24.96511],[89.18583,24.96259],[89.18542,24.96031],[89.18907,24.9508],[89.18874,24.94818],[89.18659,24.94717],[89.1831,24.94795],[89.17881,24.95101],[89.17875,24.95626],[89.17639,24.95703],[89.1694,24.95504],[89.16033,24.95575],[89.13577,24.95427],[89.12244,24.95462],[89.12189,24.95572],[89.12805,24.9637],[89.12733,24.96616],[89.12054,24.9693],[89.11831,24.9712],[89.11287,24.97194],[89.10897,24.97471],[89.10396,24.97561],[89.103,24.9795],[89.10101,24.98083],[89.08202,24.97992],[89.07188,24.98532],[89.06853,24.98369],[89.06291,24.98477],[89.05949,24.98662],[89.0593,24.99844],[89.05787,24.99926],[89.056,24.99475],[89.05186,24.99365],[89.0488,24.9939],[89.05211,24.99941],[89.05118,25.00057],[89.0461,25.00003],[89.04561,25.00072],[89.04523,25.01853],[89.03736,25.02739],[89.04041,25.03164],[89.03868,25.03337],[89.03802,25.03646],[89.04285,25.03841],[89.04692,25.04306],[89.05089,25.04514],[89.06796,25.04259],[89.07207,25.04569],[89.07487,25.05075],[89.07365,25.05328],[89.0738,25.05515],[89.08353,25.06243],[89.08356,25.06597],[89.08517,25.06949],[89.09772,25.08319],[89.09686,25.08514],[89.09858,25.08706],[89.10177,25.08658],[89.10886,25.08806],[89.1117,25.08957],[89.11465,25.09],[89.11711,25.09221],[89.11877,25.10024],[89.12221,25.10563],[89.12189,25.10934],[89.12929,25.12166],[89.13853,25.12334],[89.14342,25.1302],[89.14507,25.13058],[89.14928,25.12684],[89.15612,25.13294],[89.15926,25.13342]]]}},{"type":"Feature","properties":{"district_id":"joypurhat","upazila_id":"joypurhat-panchbibi","source_name":"Panchbibi","source_pcode":"503874","match_method":"exact"},"geometry":{"type":"Polygon","coordinates":[[[89.14494,25.25721],[89.1487,25.26093],[89.15506,25.26153],[89.15635,25.25947],[89.15985,25.25766],[89.16286,25.25718],[89.16352,25.2554],[89.15994,25.25464],[89.1603,25.25349],[89.16406,25.253],[89.16618,25.25178],[89.16592,25.25036],[89.16879,25.24925],[89.16952,25.24701],[89.1729,25.24647],[89.17664,25.24369],[89.18265,25.24193],[89.18915,25.24563],[89.19096,25.25006],[89.19228,25.25114],[89.19386,25.25084],[89.19616,25.24967],[89.19701,25.2479],[89.19608,25.24231],[89.19781,25.2403],[89.20232,25.23934],[89.2037,25.23996],[89.20557,25.23919],[89.20637,25.23696],[89.20509,25.23509],[89.20593,25.23119],[89.19501,25.22229],[89.19501,25.2159],[89.19193,25.20999],[89.19353,25.20164],[89.19262,25.19902],[89.18731,25.19491],[89.18501,25.19214],[89.18556,25.19048],[89.19639,25.18855],[89.19794,25.18722],[89.19741,25.18431],[89.18904,25.18262],[89.18742,25.1775],[89.18367,25.1728],[89.17994,25.17015],[89.17399,25.17135],[89.17063,25.17355],[89.16516,25.1736],[89.16417,25.16853],[89.16558,25.15962],[89.1644,25.15483],[89.16382,25.1537],[89.16157,25.15463],[89.15979,25.15248],[89.16139,25.14938],[89.16091,25.14625],[89.15704,25.14235],[89.15552,25.14619],[89.1529,25.14718],[89.14439,25.14852],[89.14361,25.14601],[89.1416,25.14603],[89.13723,25.14784],[89.13363,25.15142],[89.13322,25.15404],[89.13154,25.1549],[89.12878,25.15442],[89.1263,25.15136],[89.12564,25.1488],[89.12399,25.14756],[89.11375,25.15056],[89.11094,25.14625],[89.10207,25.14427],[89.10134,25.13977],[89.09995,25.13865],[89.09609,25.1421],[89.09383,25.14184],[89.09203,25.14277],[89.091,25.14654],[89.09501,25.15171],[89.09523,25.15467],[89.0911,25.1559],[89.08614,25.15555],[89.08447,25.15693],[89.08495,25.16183],[89.0834,25.16236],[89.08187,25.16078],[89.08077,25.15771],[89.0799,25.15754],[89.07743,25.16167],[89.06928,25.16249],[89.06725,25.15919],[89.0579,25.15893],[89.05595,25.15815],[89.05188,25.16035],[89.04186,25.1605],[89.03835,25.16132],[89.03342,25.16292],[89.03145,25.16611],[89.02694,25.1673],[89.02163,25.16289],[89.02044,25.15674],[89.01466,25.15592],[89.01446,25.14983],[89.01742,25.14341],[89.01702,25.14108],[89.0155,25.13972],[89.01086,25.13919],[89.00667,25.14053],[89.00295,25.13862],[89.00019,25.13876],[88.99657,25.14084],[88.99365,25.14132],[88.99017,25.13958],[88.98748,25.14029],[88.98631,25.14287],[88.98722,25.14583],[88.98994,25.1482],[88.9906,25.15133],[88.98863,25.16157],[88.98998,25.16572],[88.99126,25.16708],[88.99122,25.16959],[88.9871,25.1714],[88.98406,25.16948],[88.98159,25.16648],[88.97929,25.1678],[88.98091,25.17383],[88.98087,25.17653],[88.97672,25.17422],[88.97346,25.1759],[88.972,25.17945],[88.97824,25.18973],[88.97929,25.19372],[88.97817,25.19498],[88.97433,25.19363],[88.97041,25.19042],[88.9677,25.18953],[88.96141,25.19375],[88.96012,25.19712],[88.96049,25.20277],[88.95968,25.20352],[88.94446,25.20592],[88.94189,25.20668],[88.94047,25.20829],[88.94067,25.21034],[88.94357,25.21152],[88.9463,25.21441],[88.9489,25.2134],[88.9511,25.21367],[88.95532,25.21591],[88.95888,25.2196],[88.9574,25.22298],[88.95634,25.23046],[88.95256,25.23535],[88.95121,25.24134],[88.95259,25.25176],[88.95664,25.25927],[88.95809,25.26088],[88.96424,25.26413],[88.97332,25.2666],[88.98024,25.273],[88.98285,25.27785],[88.98553,25.27939],[88.98832,25.27941],[88.99384,25.27587],[88.99702,25.27604],[89.00098,25.27802],[89.00352,25.27697],[89.00703,25.27533],[89.00863,25.2704],[89.01096,25.26845],[89.02013,25.26396],[89.02229,25.26495],[89.02544,25.26948],[89.02737,25.26908],[89.03062,25.26988],[89.03105,25.27632],[89.03635,25.27541],[89.0389,25.27341],[89.03958,25.27039],[89.0412,25.2693],[89.04874,25.26708],[89.05197,25.26531],[89.05974,25.26491],[89.06156,25.26388],[89.06287,25.25988],[89.0651,25.25959],[89.06922,25.26057],[89.07065,25.26302],[89.07072,25.2669],[89.07496,25.26849],[89.07732,25.26832],[89.07938,25.2669],[89.08758,25.25645],[89.09231,25.25257],[89.09915,25.24886],[89.09958,25.24435],[89.10138,25.24207],[89.10344,25.24099],[89.10829,25.24224],[89.11172,25.2415],[89.1139,25.244],[89.11658,25.2452],[89.12038,25.24491],[89.12249,25.24177],[89.12436,25.24149],[89.12592,25.2428],[89.12649,25.24525],[89.12599,25.25078],[89.12656,25.25346],[89.12781,25.255],[89.13017,25.2542],[89.13421,25.24798],[89.13589,25.2473],[89.13956,25.24809],[89.1445,25.25054],[89.14599,25.25225],[89.14382,25.25636],[89.14494,25.25721]]]}},{"type":"Feature","properties":{"district_id":"naogaon","upazila_id":"naogaon-atrai","source_name":"Atrai","source_pcode":"506403","match_method":"exact"},"geometry":{"type":"Polygon","coordinates":[[[88.84404,24.69476],[88.85495,24.69361],[88.86061,24.69189],[88.87204,24.68573],[88.87453,24.68564],[88.87733,24.68402],[88.879,24.68196],[88.87977,24.67712],[88.88119,24.67517],[88.88498,24.67381],[88.88778,24.67515],[88.88857,24.67764],[88.88809,24.68088],[88.89008,24.68824],[88.88882,24.69398],[88.88971,24.69625],[88.89555,24.7006],[88.90136,24.6949],[88.9108,24.69104],[88.91389,24.68719],[88.91622,24.68206],[88.92403,24.67617],[88.92607,24.6733],[88.92616,24.6687],[88.92327,24.66647],[88.92156,24.66342],[88.92447,24.66276],[88.93206,24.66528],[88.93707,24.66164],[88.93928,24.66445],[88.94071,24.66488],[88.94306,24.66156],[88.94602,24.65914],[88.94796,24.65866],[88.95036,24.66277],[88.94479,24.6759],[88.94384,24.6804],[88.94499,24.68413],[88.9472,24.68643],[88.95169,24.68796],[88.96116,24.68625],[88.97697,24.69081],[88.97796,24.68858],[88.98348,24.6855],[88.98666,24.67808],[88.98816,24.6717],[88.99014,24.6702],[88.99087,24.6674],[88.99366,24.66555],[89.00234,24.66731],[89.00483,24.6666],[89.00858,24.66723],[89.01642,24.66576],[89.01777,24.66336],[89.01747,24.65797],[89.01588,24.65492],[89.01693,24.65298],[89.02418,24.6484],[89.02892,24.64919],[89.03162,24.65057],[89.04626,24.64265],[89.04871,24.64432],[89.05182,24.64412],[89.05318,24.64307],[89.05341,24.64011],[89.0527,24.63802],[89.05399,24.6359],[89.05778,24.63409],[89.06226,24.63346],[89.06613,24.63414],[89.06933,24.6362],[89.07104,24.63862],[89.07366,24.64608],[89.07339,24.65091],[89.07625,24.65621],[89.07667,24.66046],[89.07813,24.66396],[89.08051,24.66574],[89.09268,24.66631],[89.09568,24.65417],[89.09189,24.64872],[89.09232,24.6415],[89.0958,24.64015],[89.09893,24.64163],[89.10097,24.63997],[89.09845,24.63688],[89.09858,24.63142],[89.1016,24.6215],[89.10108,24.61913],[89.09938,24.61694],[89.09907,24.6028],[89.09789,24.59856],[89.09537,24.59518],[89.0959,24.59229],[89.10043,24.58961],[89.10455,24.58462],[89.105,24.57308],[89.10397,24.56958],[89.10468,24.56514],[89.10419,24.56026],[89.09924,24.55687],[89.09822,24.55495],[89.09907,24.55205],[89.09447,24.54025],[89.09203,24.53943],[89.08668,24.54115],[89.07791,24.53435],[89.07454,24.53359],[89.05744,24.53718],[89.05331,24.53531],[89.05151,24.53527],[89.04131,24.54473],[89.03802,24.54569],[89.03536,24.54764],[89.03212,24.55439],[89.02985,24.55737],[89.02718,24.55854],[89.0235,24.55785],[89.01834,24.55247],[89.0159,24.55114],[89.01216,24.55137],[89.00826,24.55323],[89.00661,24.55603],[89.00637,24.55905],[89.00838,24.56118],[89.01169,24.56182],[89.01152,24.56352],[89.00262,24.57113],[88.99427,24.57113],[88.99023,24.57209],[88.98186,24.57777],[88.96778,24.58522],[88.96579,24.58496],[88.96171,24.58166],[88.95956,24.58453],[88.95348,24.58052],[88.94618,24.58544],[88.94073,24.5913],[88.93417,24.58934],[88.93211,24.59579],[88.92901,24.59855],[88.92667,24.60199],[88.92248,24.61555],[88.91337,24.62946],[88.91216,24.63322],[88.91208,24.63907],[88.91029,24.6416],[88.90582,24.64313],[88.90063,24.64285],[88.8927,24.64023],[88.88995,24.64032],[88.88425,24.64459],[88.88239,24.64485],[88.88088,24.64389],[88.88134,24.63918],[88.88014,24.63658],[88.87702,24.63622],[88.87054,24.64516],[88.86754,24.64605],[88.85703,24.65429],[88.85075,24.65709],[88.8437,24.65741],[88.81898,24.65209],[88.81406,24.65425],[88.81085,24.6586],[88.81464,24.66571],[88.81482,24.67235],[88.8236,24.67133],[88.82926,24.67524],[88.83174,24.67606],[88.83469,24.67921],[88.83614,24.67965],[88.84097,24.67635],[88.84403,24.67688],[88.84756,24.68115],[88.84739,24.68308],[88.84473,24.68607],[88.84399,24.68853],[88.84404,24.69476]]]}},{"type":"Feature","properties":{"district_id":"naogaon","upazila_id":"naogaon-badalgachi","source_name":"Badalgachhi","source_pcode":"506406","match_method":"unique-near"},"geometry":{"type":"Polygon","coordinates":[[[89.01475,25.0454],[89.01503,25.04295],[89.01142,25.03806],[89.01154,25.03607],[89.01264,25.03407],[89.01772,25.02917],[89.01814,25.0269],[89.01638,25.02505],[89.0089,25.02117],[89.0097,25.02003],[89.01602,25.02074],[89.01652,25.01959],[89.01514,25.01297],[89.01099,25.01002],[89.00684,24.99996],[89.00768,24.99598],[89.01167,24.98876],[89.01225,24.98381],[89.01115,24.97867],[89.00237,24.9768],[89.00098,24.97455],[89.00258,24.97084],[89.0035,24.96259],[89.00484,24.95883],[89.00394,24.95583],[89.0001,24.95236],[89.00415,24.93686],[89.00291,24.92325],[89.00024,24.91148],[89.00202,24.90827],[88.99534,24.90104],[88.99286,24.89562],[88.99014,24.89311],[88.98317,24.88787],[88.97339,24.88361],[88.96534,24.88491],[88.95563,24.88277],[88.94953,24.8833],[88.94194,24.88044],[88.9377,24.8814],[88.93491,24.88371],[88.93228,24.88386],[88.92934,24.88248],[88.92944,24.87969],[88.92675,24.87905],[88.92277,24.88125],[88.92061,24.88481],[88.91983,24.88879],[88.92162,24.89246],[88.92286,24.89971],[88.92144,24.90256],[88.9192,24.9039],[88.91727,24.90398],[88.91485,24.90611],[88.90918,24.90783],[88.90423,24.908],[88.90246,24.90377],[88.90026,24.90238],[88.89758,24.90309],[88.8942,24.90813],[88.89057,24.90942],[88.88608,24.90993],[88.87881,24.90792],[88.87577,24.9104],[88.87315,24.91129],[88.86516,24.91156],[88.85899,24.91368],[88.85979,24.9198],[88.86217,24.92119],[88.86181,24.92318],[88.8594,24.9265],[88.8539,24.92663],[88.85503,24.93462],[88.85981,24.93978],[88.86084,24.94341],[88.86055,24.9471],[88.85895,24.95064],[88.85152,24.95896],[88.84985,24.96194],[88.85075,24.96539],[88.85041,24.96914],[88.84808,24.97541],[88.85213,24.9824],[88.85445,24.9838],[88.85998,24.98475],[88.86211,24.98711],[88.86373,24.99436],[88.86519,24.99684],[88.86933,24.99906],[88.87837,24.99639],[88.89006,24.99516],[88.89488,24.98829],[88.8967,24.98827],[88.8989,24.98989],[88.90093,24.99418],[88.90627,24.9982],[88.8956,25.01525],[88.89618,25.01854],[88.89977,25.02065],[88.90009,25.02173],[88.89998,25.02423],[88.89727,25.02909],[88.89792,25.03243],[88.89893,25.03372],[88.90419,25.03451],[88.908,25.03344],[88.91086,25.03141],[88.91383,25.02729],[88.91774,25.02383],[88.92083,25.01925],[88.9222,25.01838],[88.92732,25.01814],[88.92834,25.02006],[88.93041,25.02129],[88.93095,25.0252],[88.92929,25.02743],[88.92886,25.03016],[88.93523,25.03621],[88.94303,25.04179],[88.94382,25.03968],[88.94737,25.03776],[88.94849,25.03627],[88.94965,25.03244],[88.95224,25.02929],[88.95399,25.02797],[88.95631,25.02873],[88.95627,25.0318],[88.95259,25.03877],[88.95766,25.04149],[88.95663,25.04536],[88.95368,25.05102],[88.95583,25.05332],[88.96973,25.0549],[88.97372,25.05457],[88.98028,25.05266],[88.98456,25.04903],[88.98979,25.04675],[88.99299,25.04699],[88.99517,25.04622],[88.99628,25.04405],[88.99747,25.04364],[89.00188,25.04772],[89.00488,25.04825],[89.01213,25.04719],[89.01475,25.0454]]]}},{"type":"Feature","properties":{"district_id":"naogaon","upazila_id":"naogaon-dhamoirhat","source_name":"Dhamoirhat","source_pcode":"506428","match_method":"exact"},"geometry":{"type":"Polygon","coordinates":[[[88.6704,25.20066],[88.6763,25.20292],[88.68009,25.20862],[88.68217,25.21007],[88.68487,25.21055],[88.69901,25.20914],[88.70923,25.2096],[88.71266,25.2086],[88.71902,25.20421],[88.72353,25.20268],[88.72808,25.19996],[88.73028,25.20084],[88.73241,25.20059],[88.73463,25.19671],[88.73526,25.1883],[88.74709,25.18544],[88.75204,25.17783],[88.7543,25.17821],[88.75911,25.18626],[88.7625,25.18742],[88.766,25.18609],[88.76768,25.18731],[88.77018,25.18741],[88.77066,25.18925],[88.77299,25.19104],[88.77398,25.19007],[88.77649,25.18124],[88.77779,25.18037],[88.79478,25.17449],[88.80379,25.17229],[88.8147,25.17562],[88.81591,25.17731],[88.81742,25.18717],[88.82246,25.19108],[88.8285,25.19436],[88.82996,25.19644],[88.83159,25.20625],[88.84246,25.21117],[88.84491,25.2112],[88.84784,25.21014],[88.8494,25.20853],[88.85018,25.20499],[88.85335,25.20093],[88.85943,25.20176],[88.86581,25.20123],[88.86655,25.19083],[88.87163,25.19156],[88.8738,25.1908],[88.87505,25.18919],[88.87588,25.18197],[88.87693,25.18105],[88.88988,25.18009],[88.89096,25.18122],[88.89087,25.18542],[88.89368,25.18556],[88.89762,25.18454],[88.90556,25.18075],[88.91274,25.17964],[88.91343,25.17174],[88.91441,25.17008],[88.92303,25.16713],[88.92507,25.162],[88.92403,25.15213],[88.92245,25.14846],[88.9243,25.14645],[88.92686,25.14568],[88.92816,25.14316],[88.92801,25.13998],[88.92422,25.13498],[88.92513,25.13207],[88.9357,25.12263],[88.93723,25.11988],[88.9396,25.11082],[88.94055,25.10507],[88.9403,25.09702],[88.93459,25.08028],[88.93262,25.07707],[88.93177,25.07237],[88.93828,25.05707],[88.94406,25.05325],[88.94467,25.05103],[88.94303,25.04179],[88.93523,25.03621],[88.92886,25.03016],[88.92929,25.02743],[88.93095,25.0252],[88.93041,25.02129],[88.92834,25.02006],[88.92732,25.01814],[88.9222,25.01838],[88.91086,25.03141],[88.908,25.03344],[88.90419,25.03451],[88.89893,25.03372],[88.89792,25.03243],[88.89727,25.02909],[88.89148,25.03296],[88.88463,25.03606],[88.87856,25.04476],[88.87865,25.04851],[88.87693,25.05137],[88.86858,25.05579],[88.85928,25.05942],[88.85572,25.05964],[88.84366,25.05422],[88.83617,25.05522],[88.82703,25.05345],[88.82196,25.05374],[88.81712,25.05124],[88.81525,25.05206],[88.81451,25.05355],[88.8166,25.05602],[88.81413,25.06002],[88.80856,25.06123],[88.80608,25.06387],[88.8073,25.06737],[88.80725,25.06993],[88.80813,25.07247],[88.81237,25.07668],[88.81371,25.07996],[88.82596,25.08799],[88.82579,25.08986],[88.82306,25.09303],[88.8223,25.10007],[88.81887,25.10215],[88.81075,25.10304],[88.80875,25.10557],[88.8084,25.10772],[88.80174,25.11235],[88.79778,25.11047],[88.79197,25.1044],[88.78791,25.10468],[88.77998,25.10693],[88.77779,25.10633],[88.77526,25.10415],[88.77399,25.10166],[88.77373,25.0986],[88.77208,25.09629],[88.76623,25.09096],[88.76466,25.09076],[88.76093,25.09347],[88.7578,25.09384],[88.75733,25.09737],[88.75804,25.10253],[88.75707,25.10748],[88.75259,25.10969],[88.74821,25.11002],[88.74409,25.11263],[88.74152,25.11214],[88.73028,25.11482],[88.72356,25.11246],[88.71999,25.11227],[88.71631,25.11294],[88.71368,25.11416],[88.71146,25.11646],[88.70802,25.11774],[88.70551,25.11743],[88.70023,25.11413],[88.69347,25.11433],[88.68229,25.11769],[88.684,25.12023],[88.68042,25.12918],[88.68396,25.13442],[88.68596,25.15404],[88.68862,25.15924],[88.68669,25.16147],[88.68538,25.16189],[88.68354,25.15856],[88.68205,25.15908],[88.67833,25.16548],[88.67609,25.1675],[88.67184,25.16941],[88.67116,25.17056],[88.67359,25.18098],[88.67204,25.18281],[88.66623,25.18447],[88.66599,25.18663],[88.67142,25.19281],[88.67149,25.19434],[88.6704,25.20066]]]}},{"type":"Feature","properties":{"district_id":"naogaon","upazila_id":"naogaon-mohadevpur","source_name":"Mahadevpur","source_pcode":"506450","match_method":"unique-near"},"geometry":{"type":"Polygon","coordinates":[[[88.86933,24.99906],[88.86519,24.99684],[88.86373,24.99436],[88.86211,24.98711],[88.85998,24.98475],[88.85445,24.9838],[88.85213,24.9824],[88.84808,24.97541],[88.85041,24.96914],[88.85075,24.96539],[88.84985,24.96194],[88.85152,24.95896],[88.85895,24.95064],[88.86055,24.9471],[88.86084,24.94341],[88.85981,24.93978],[88.85503,24.93462],[88.8539,24.92663],[88.8594,24.9265],[88.86181,24.92318],[88.86217,24.92119],[88.85979,24.9198],[88.85899,24.91368],[88.86516,24.91156],[88.85987,24.90623],[88.85819,24.89972],[88.86084,24.89463],[88.86119,24.89116],[88.86042,24.88737],[88.86121,24.88469],[88.86357,24.8841],[88.86809,24.88563],[88.87113,24.88355],[88.8765,24.88399],[88.87742,24.88114],[88.87453,24.88061],[88.87347,24.87938],[88.87572,24.87867],[88.87676,24.87718],[88.87045,24.86897],[88.86795,24.86826],[88.86572,24.863],[88.86584,24.8613],[88.86914,24.86069],[88.87392,24.85758],[88.87675,24.8589],[88.87893,24.85864],[88.87973,24.85687],[88.87749,24.85003],[88.87875,24.84359],[88.87427,24.8373],[88.8731,24.83208],[88.87158,24.82909],[88.85599,24.81407],[88.85241,24.81162],[88.84766,24.81055],[88.83949,24.81149],[88.83368,24.81128],[88.83356,24.81293],[88.83689,24.81532],[88.83698,24.81975],[88.83308,24.82389],[88.82959,24.82478],[88.82358,24.82911],[88.82046,24.83011],[88.81708,24.82925],[88.81308,24.83066],[88.80992,24.83296],[88.80844,24.83514],[88.80821,24.83838],[88.81206,24.84503],[88.81274,24.85082],[88.81578,24.85771],[88.81506,24.8605],[88.8135,24.8616],[88.807,24.86059],[88.80455,24.85881],[88.7998,24.85733],[88.79871,24.85507],[88.79939,24.85347],[88.79082,24.8412],[88.78867,24.8398],[88.78431,24.84008],[88.78058,24.84189],[88.77564,24.84245],[88.76703,24.84193],[88.7636,24.84299],[88.76091,24.8424],[88.75471,24.83077],[88.7524,24.82228],[88.74876,24.81847],[88.745,24.81686],[88.73788,24.81655],[88.73527,24.8176],[88.73297,24.81933],[88.73209,24.82797],[88.73077,24.82747],[88.72895,24.82471],[88.72739,24.81542],[88.73117,24.81072],[88.7304,24.80783],[88.72839,24.80531],[88.72345,24.80473],[88.7201,24.80755],[88.71561,24.80862],[88.71384,24.81574],[88.70441,24.81374],[88.70571,24.82304],[88.70129,24.82457],[88.70099,24.82713],[88.702,24.82893],[88.7067,24.832],[88.7086,24.8355],[88.70982,24.8402],[88.71258,24.8425],[88.72247,24.84574],[88.72391,24.84736],[88.72367,24.84856],[88.7205,24.85053],[88.71839,24.85367],[88.72088,24.86125],[88.71852,24.86406],[88.71249,24.86697],[88.70406,24.86683],[88.69962,24.86779],[88.68929,24.87342],[88.68174,24.87514],[88.67887,24.87438],[88.67397,24.87109],[88.67257,24.86843],[88.67207,24.86475],[88.66843,24.86303],[88.66021,24.86709],[88.65562,24.87169],[88.65193,24.87195],[88.6524,24.87654],[88.65141,24.87871],[88.65186,24.88024],[88.65575,24.88379],[88.65655,24.89268],[88.66144,24.89484],[88.66364,24.89783],[88.66296,24.89966],[88.65814,24.89755],[88.65733,24.89818],[88.65672,24.9012],[88.66232,24.9176],[88.66108,24.91898],[88.65459,24.92058],[88.65487,24.92563],[88.65344,24.92706],[88.65421,24.92961],[88.65366,24.93126],[88.64883,24.92944],[88.64654,24.93316],[88.64674,24.93435],[88.64862,24.9358],[88.64875,24.9379],[88.64513,24.93715],[88.64432,24.93994],[88.64082,24.93895],[88.63667,24.94354],[88.63519,24.94713],[88.6356,24.95218],[88.6394,24.95271],[88.63982,24.96009],[88.64265,24.96318],[88.63975,24.96832],[88.63884,24.97383],[88.63904,24.97616],[88.64288,24.98021],[88.64384,24.98565],[88.64288,24.98991],[88.63851,24.99257],[88.63759,24.99565],[88.63161,25.00031],[88.63325,25.00092],[88.64359,24.9957],[88.64777,24.99269],[88.64927,24.99297],[88.65968,24.98792],[88.67212,24.98869],[88.67697,24.98489],[88.67947,24.9848],[88.68411,24.99713],[88.68669,24.9996],[88.69363,24.99981],[88.69925,24.99742],[88.70313,24.99686],[88.70619,24.99796],[88.70759,25.0013],[88.70638,25.00846],[88.70653,25.01142],[88.7076,25.01271],[88.71121,25.01114],[88.71357,25.00771],[88.71525,25.00661],[88.71783,25.00885],[88.72102,25.00858],[88.72455,25.00605],[88.72667,25.00301],[88.73341,24.99948],[88.73627,24.9999],[88.7499,24.99713],[88.75646,24.99836],[88.75886,25.0006],[88.76025,25.00382],[88.75938,25.01394],[88.76046,25.01591],[88.76463,25.01309],[88.7677,25.01413],[88.77158,25.01322],[88.77518,25.0099],[88.78118,25.01011],[88.78349,25.00878],[88.78686,25.00827],[88.78856,25.00974],[88.79225,25.01026],[88.79549,25.00943],[88.80196,25.00463],[88.81761,25.00445],[88.82858,25.00199],[88.8517,25.00802],[88.85703,25.00841],[88.86501,25.00683],[88.86794,25.00549],[88.8693,25.0028],[88.86933,24.99906]]]}},{"type":"Feature","properties":{"district_id":"naogaon","upazila_id":"naogaon-manda","source_name":"Manda","source_pcode":"506447","match_method":"exact"},"geometry":{"type":"Polygon","coordinates":[[[88.78431,24.84008],[88.78385,24.83749],[88.79089,24.8349],[88.79237,24.83272],[88.79652,24.81927],[88.80043,24.81417],[88.79916,24.80357],[88.79644,24.79804],[88.79834,24.79342],[88.79752,24.79189],[88.7939,24.79206],[88.79201,24.78923],[88.79363,24.78087],[88.79494,24.78006],[88.80036,24.77937],[88.80216,24.77753],[88.80203,24.77526],[88.79874,24.77099],[88.79612,24.77034],[88.79586,24.76937],[88.80146,24.76687],[88.80434,24.76797],[88.80602,24.76761],[88.80704,24.7626],[88.8129,24.76105],[88.81467,24.75518],[88.81831,24.75031],[88.8186,24.74702],[88.81543,24.74831],[88.81387,24.7477],[88.81342,24.74606],[88.81385,24.73742],[88.81619,24.73319],[88.82414,24.73633],[88.82754,24.73198],[88.82932,24.72804],[88.83288,24.72856],[88.83469,24.72803],[88.83723,24.72618],[88.83925,24.72156],[88.84174,24.71937],[88.84525,24.72177],[88.84787,24.72236],[88.84979,24.72132],[88.84956,24.71593],[88.84829,24.71196],[88.84532,24.70741],[88.84635,24.70291],[88.84595,24.70064],[88.84464,24.699],[88.84404,24.69476],[88.84399,24.68853],[88.84473,24.68607],[88.84739,24.68308],[88.84756,24.68115],[88.84403,24.67688],[88.84097,24.67635],[88.83614,24.67965],[88.83469,24.67921],[88.83174,24.67606],[88.82926,24.67524],[88.8236,24.67133],[88.81482,24.67235],[88.80742,24.67431],[88.80412,24.67685],[88.80238,24.68584],[88.80077,24.6879],[88.79673,24.68909],[88.78947,24.68582],[88.78632,24.68132],[88.7825,24.67824],[88.77531,24.6757],[88.77041,24.67026],[88.76822,24.66995],[88.75751,24.67229],[88.74344,24.68431],[88.74119,24.68394],[88.73788,24.68171],[88.73655,24.6794],[88.73627,24.6748],[88.73756,24.67138],[88.73759,24.66809],[88.73534,24.66635],[88.72686,24.66594],[88.72486,24.66431],[88.72229,24.6636],[88.7181,24.67126],[88.71635,24.67122],[88.70966,24.6671],[88.70554,24.66658],[88.70303,24.66513],[88.70183,24.66213],[88.70404,24.65683],[88.7044,24.65364],[88.70104,24.64647],[88.69685,24.64362],[88.6964,24.64187],[88.70232,24.64078],[88.70418,24.63832],[88.70364,24.63225],[88.69784,24.63192],[88.69501,24.62956],[88.69247,24.6301],[88.69467,24.63411],[88.69431,24.63599],[88.68846,24.63742],[88.68753,24.63901],[88.68467,24.63905],[88.67654,24.63545],[88.67393,24.63638],[88.67168,24.63612],[88.65662,24.62862],[88.65315,24.63349],[88.65116,24.63379],[88.64866,24.63234],[88.64694,24.62617],[88.64293,24.62292],[88.63757,24.62156],[88.63415,24.62308],[88.63125,24.62901],[88.62845,24.62961],[88.62402,24.63976],[88.6262,24.64031],[88.62883,24.64261],[88.62522,24.65446],[88.62404,24.65515],[88.62446,24.66372],[88.62553,24.66592],[88.62952,24.66616],[88.62986,24.66985],[88.62963,24.67331],[88.62708,24.67567],[88.62347,24.6761],[88.62255,24.67776],[88.62185,24.68685],[88.62579,24.68982],[88.6244,24.69664],[88.62291,24.69762],[88.61823,24.6975],[88.61668,24.69974],[88.61401,24.70147],[88.60517,24.70184],[88.60159,24.70024],[88.59404,24.69997],[88.59065,24.69501],[88.59025,24.7024],[88.59389,24.70611],[88.5968,24.71458],[88.59663,24.71749],[88.59411,24.72297],[88.59789,24.73036],[88.59964,24.73188],[88.60699,24.73021],[88.60999,24.73069],[88.61306,24.73259],[88.61545,24.73591],[88.62044,24.7383],[88.62359,24.74111],[88.62748,24.7451],[88.62893,24.74826],[88.62945,24.75142],[88.62809,24.7536],[88.6251,24.75619],[88.62332,24.76064],[88.61897,24.76341],[88.61871,24.77114],[88.6216,24.77621],[88.61842,24.77744],[88.61737,24.77892],[88.61757,24.78148],[88.61897,24.78498],[88.6211,24.78667],[88.62597,24.7869],[88.62743,24.79398],[88.62964,24.79515],[88.63344,24.79494],[88.63651,24.79604],[88.63789,24.79801],[88.63803,24.80102],[88.6368,24.80319],[88.63444,24.8056],[88.63065,24.80746],[88.62971,24.80957],[88.63051,24.81756],[88.63254,24.82078],[88.63779,24.8247],[88.63586,24.83676],[88.63715,24.84213],[88.63895,24.84296],[88.64077,24.84232],[88.65388,24.8428],[88.65556,24.84159],[88.65642,24.83784],[88.66063,24.83376],[88.66148,24.82893],[88.66296,24.82732],[88.66534,24.82803],[88.66667,24.8304],[88.66658,24.83562],[88.66365,24.84701],[88.66017,24.85023],[88.65456,24.85171],[88.65226,24.85327],[88.64823,24.8591],[88.64845,24.86501],[88.64987,24.86959],[88.65193,24.87195],[88.65562,24.87169],[88.66021,24.86709],[88.66843,24.86303],[88.67207,24.86475],[88.67257,24.86843],[88.67397,24.87109],[88.67887,24.87438],[88.68174,24.87514],[88.68512,24.87488],[88.69259,24.87196],[88.69962,24.86779],[88.70406,24.86683],[88.71249,24.86697],[88.71852,24.86406],[88.72088,24.86125],[88.71839,24.85367],[88.7205,24.85053],[88.72367,24.84856],[88.72391,24.84736],[88.72247,24.84574],[88.71258,24.8425],[88.70982,24.8402],[88.7086,24.8355],[88.7067,24.832],[88.702,24.82893],[88.70099,24.82713],[88.70129,24.82457],[88.70571,24.82304],[88.70441,24.81374],[88.71384,24.81574],[88.71561,24.80862],[88.7201,24.80755],[88.72345,24.80473],[88.72839,24.80531],[88.7304,24.80783],[88.73117,24.81072],[88.72739,24.81542],[88.72895,24.82471],[88.73077,24.82747],[88.73209,24.82797],[88.73297,24.81933],[88.73527,24.8176],[88.73788,24.81655],[88.745,24.81686],[88.74876,24.81847],[88.7524,24.82228],[88.75471,24.83077],[88.76091,24.8424],[88.7636,24.84299],[88.76703,24.84193],[88.77564,24.84245],[88.78058,24.84189],[88.78431,24.84008]]]}},{"type":"Feature","properties":{"district_id":"naogaon","upazila_id":"naogaon-naogaon-sadar","source_name":"Naogaon S.","source_pcode":"506460","match_method":"exact"},"geometry":{"type":"Polygon","coordinates":[[[89.00202,24.90827],[89.0077,24.89963],[89.00834,24.89655],[88.99993,24.88321],[88.99245,24.87848],[88.99087,24.8764],[88.9903,24.87448],[88.9938,24.8683],[88.992,24.86196],[88.98888,24.85525],[88.98518,24.85376],[88.9825,24.85363],[88.97968,24.85213],[88.97778,24.84983],[88.97732,24.84695],[88.98143,24.83099],[88.98766,24.82875],[88.98933,24.82731],[88.98912,24.82511],[88.98704,24.82245],[88.98479,24.82203],[88.97969,24.82545],[88.97618,24.82158],[88.97404,24.81507],[88.97427,24.81246],[88.97649,24.80897],[88.97836,24.80701],[88.98402,24.80546],[88.98438,24.8034],[88.97978,24.79927],[88.97901,24.7973],[88.97941,24.79207],[88.97795,24.78942],[88.97462,24.78793],[88.97762,24.7813],[88.97796,24.77585],[88.97636,24.77127],[88.96868,24.75661],[88.96619,24.74943],[88.96577,24.74427],[88.95579,24.74501],[88.95291,24.74414],[88.9492,24.7404],[88.94498,24.74255],[88.93871,24.73076],[88.93167,24.72552],[88.92249,24.72388],[88.91314,24.72456],[88.90417,24.72655],[88.9027,24.72271],[88.90114,24.72205],[88.89641,24.72387],[88.89034,24.7282],[88.88357,24.72408],[88.8763,24.72094],[88.87621,24.71747],[88.8737,24.71467],[88.87165,24.71583],[88.86974,24.71841],[88.86824,24.71859],[88.86491,24.71563],[88.86292,24.71599],[88.86443,24.7188],[88.86413,24.71961],[88.86139,24.72016],[88.85912,24.72444],[88.85618,24.7251],[88.85314,24.72491],[88.85031,24.72364],[88.84979,24.72132],[88.84787,24.72236],[88.84525,24.72177],[88.84174,24.71937],[88.83925,24.72156],[88.83723,24.72618],[88.83469,24.72803],[88.83288,24.72856],[88.82932,24.72804],[88.82754,24.73198],[88.82414,24.73633],[88.81619,24.73319],[88.81385,24.73742],[88.81342,24.74606],[88.81387,24.7477],[88.81543,24.74831],[88.8186,24.74702],[88.81831,24.75031],[88.81467,24.75518],[88.8129,24.76105],[88.80704,24.7626],[88.80602,24.76761],[88.80434,24.76797],[88.80146,24.76687],[88.79586,24.76937],[88.79612,24.77034],[88.79874,24.77099],[88.80203,24.77526],[88.80216,24.77753],[88.80036,24.77937],[88.79494,24.78006],[88.79363,24.78087],[88.79242,24.78577],[88.79201,24.78923],[88.79264,24.7906],[88.7939,24.79206],[88.79752,24.79189],[88.79834,24.79342],[88.79644,24.79804],[88.79916,24.80357],[88.80043,24.81417],[88.79652,24.81927],[88.79342,24.83027],[88.79089,24.8349],[88.78385,24.83749],[88.78431,24.84008],[88.78867,24.8398],[88.79082,24.8412],[88.79939,24.85347],[88.79871,24.85507],[88.7998,24.85733],[88.80455,24.85881],[88.807,24.86059],[88.8135,24.8616],[88.81506,24.8605],[88.81578,24.85771],[88.81274,24.85082],[88.81206,24.84503],[88.80821,24.83838],[88.80844,24.83514],[88.80992,24.83296],[88.81308,24.83066],[88.81708,24.82925],[88.82046,24.83011],[88.82358,24.82911],[88.82959,24.82478],[88.83308,24.82389],[88.83698,24.81975],[88.83689,24.81532],[88.83356,24.81293],[88.83368,24.81128],[88.83949,24.81149],[88.84766,24.81055],[88.85241,24.81162],[88.85599,24.81407],[88.87158,24.82909],[88.8731,24.83208],[88.87427,24.8373],[88.87875,24.84359],[88.87749,24.85003],[88.87973,24.85687],[88.87893,24.85864],[88.87675,24.8589],[88.87392,24.85758],[88.86914,24.86069],[88.86584,24.8613],[88.86572,24.863],[88.86795,24.86826],[88.87045,24.86897],[88.87676,24.87718],[88.87572,24.87867],[88.87347,24.87938],[88.87453,24.88061],[88.87742,24.88114],[88.8765,24.88399],[88.87113,24.88355],[88.86809,24.88563],[88.86357,24.8841],[88.86121,24.88469],[88.86042,24.88737],[88.86119,24.89116],[88.86084,24.89463],[88.85819,24.89972],[88.85987,24.90623],[88.86516,24.91156],[88.87315,24.91129],[88.87577,24.9104],[88.87881,24.90792],[88.88608,24.90993],[88.89057,24.90942],[88.8942,24.90813],[88.89758,24.90309],[88.90026,24.90238],[88.90246,24.90377],[88.90423,24.908],[88.90918,24.90783],[88.91485,24.90611],[88.91727,24.90398],[88.9192,24.9039],[88.92144,24.90256],[88.92286,24.89971],[88.92162,24.89246],[88.91983,24.88879],[88.92061,24.88481],[88.92277,24.88125],[88.92675,24.87905],[88.92944,24.87969],[88.92934,24.88248],[88.93228,24.88386],[88.93491,24.88371],[88.9377,24.8814],[88.94194,24.88044],[88.94953,24.8833],[88.95563,24.88277],[88.96534,24.88491],[88.97339,24.88361],[88.98317,24.88787],[88.99014,24.89311],[88.99286,24.89562],[88.99534,24.90104],[89.00202,24.90827]]]}},{"type":"Feature","properties":{"district_id":"naogaon","upazila_id":"naogaon-niamatpur","source_name":"Niamatpur","source_pcode":"506469","match_method":"exact"},"geometry":{"type":"Polygon","coordinates":[[[88.6356,24.95218],[88.63519,24.94713],[88.63667,24.94354],[88.64082,24.93895],[88.64432,24.93994],[88.64513,24.93715],[88.64875,24.9379],[88.64862,24.9358],[88.64674,24.93435],[88.64654,24.93316],[88.64883,24.92944],[88.65366,24.93126],[88.65421,24.92961],[88.65344,24.92706],[88.65487,24.92563],[88.65459,24.92058],[88.66108,24.91898],[88.66232,24.9176],[88.65672,24.9012],[88.65733,24.89818],[88.65814,24.89755],[88.66296,24.89966],[88.66364,24.89783],[88.66144,24.89484],[88.65655,24.89268],[88.65575,24.88379],[88.65186,24.88024],[88.65141,24.87871],[88.6524,24.87654],[88.65193,24.87195],[88.64987,24.86959],[88.64903,24.86716],[88.64823,24.8591],[88.65226,24.85327],[88.65456,24.85171],[88.66017,24.85023],[88.66365,24.84701],[88.66658,24.83562],[88.66667,24.8304],[88.66534,24.82803],[88.66296,24.82732],[88.66148,24.82893],[88.66063,24.83376],[88.65642,24.83784],[88.65556,24.84159],[88.65388,24.8428],[88.64077,24.84232],[88.63895,24.84296],[88.63715,24.84213],[88.63586,24.83676],[88.63779,24.8247],[88.63254,24.82078],[88.63051,24.81756],[88.62971,24.80957],[88.63065,24.80746],[88.63444,24.8056],[88.6368,24.80319],[88.63803,24.80102],[88.63789,24.79801],[88.63651,24.79604],[88.63344,24.79494],[88.62964,24.79515],[88.62743,24.79398],[88.62597,24.7869],[88.6211,24.78667],[88.61897,24.78498],[88.61757,24.78148],[88.61737,24.77892],[88.61842,24.77744],[88.6216,24.77621],[88.61871,24.77114],[88.61897,24.76341],[88.62332,24.76064],[88.6251,24.75619],[88.62809,24.7536],[88.62945,24.75142],[88.62893,24.74826],[88.62748,24.7451],[88.62359,24.74111],[88.62044,24.7383],[88.61545,24.73591],[88.61306,24.73259],[88.60999,24.73069],[88.60699,24.73021],[88.59964,24.73188],[88.59789,24.73036],[88.59411,24.72297],[88.59663,24.71749],[88.5968,24.71458],[88.59389,24.70611],[88.59025,24.7024],[88.59065,24.69501],[88.58962,24.69037],[88.58362,24.68492],[88.57798,24.68129],[88.57436,24.6819],[88.57188,24.68408],[88.5714,24.68647],[88.57467,24.69246],[88.57519,24.69619],[88.56537,24.70311],[88.55858,24.70488],[88.55103,24.70479],[88.54317,24.70293],[88.52019,24.71032],[88.51035,24.71535],[88.50855,24.71719],[88.50703,24.72328],[88.50672,24.72623],[88.50855,24.73144],[88.508,24.73332],[88.50582,24.73436],[88.49586,24.73747],[88.49211,24.73711],[88.48885,24.73385],[88.48592,24.73302],[88.48,24.73518],[88.47663,24.73544],[88.46626,24.73122],[88.4634,24.73415],[88.46223,24.73744],[88.46493,24.74361],[88.46546,24.74849],[88.46472,24.75031],[88.45867,24.75145],[88.45744,24.75498],[88.45914,24.75764],[88.46595,24.76092],[88.46895,24.76112],[88.47505,24.75964],[88.4766,24.75724],[88.47477,24.75226],[88.47614,24.74873],[88.48248,24.74464],[88.48679,24.74528],[88.48842,24.74725],[88.49117,24.74824],[88.49274,24.7505],[88.4897,24.75587],[88.49467,24.76535],[88.49538,24.76853],[88.49477,24.77075],[88.48708,24.76957],[88.48428,24.77091],[88.48217,24.77354],[88.48055,24.77435],[88.47861,24.77261],[88.47752,24.76569],[88.47614,24.76343],[88.47233,24.76404],[88.46854,24.76964],[88.46156,24.77101],[88.45809,24.77689],[88.45142,24.77922],[88.44437,24.7781],[88.43719,24.77885],[88.43299,24.77412],[88.42,24.7702],[88.41669,24.77052],[88.41551,24.77246],[88.41571,24.77479],[88.42166,24.78035],[88.42274,24.78358],[88.42512,24.78588],[88.42774,24.78779],[88.43099,24.78844],[88.43273,24.78655],[88.43437,24.78705],[88.43277,24.79495],[88.43498,24.8022],[88.43642,24.80458],[88.44305,24.8061],[88.44256,24.80928],[88.44327,24.81507],[88.44571,24.81953],[88.44517,24.82027],[88.44148,24.82076],[88.43774,24.81995],[88.43585,24.81786],[88.43504,24.8156],[88.43122,24.81546],[88.42829,24.81652],[88.42569,24.82119],[88.41646,24.81997],[88.41283,24.82194],[88.41379,24.8267],[88.41806,24.83285],[88.41901,24.83603],[88.41845,24.83738],[88.41633,24.83882],[88.41469,24.8343],[88.412,24.83211],[88.40487,24.82956],[88.39846,24.83631],[88.39941,24.83744],[88.40302,24.83679],[88.40527,24.83728],[88.40616,24.84069],[88.40556,24.84573],[88.40806,24.84621],[88.41617,24.84331],[88.41911,24.84771],[88.42167,24.84661],[88.42428,24.84352],[88.42445,24.8404],[88.42632,24.83907],[88.42889,24.83911],[88.43075,24.83693],[88.43381,24.83605],[88.43607,24.84063],[88.43884,24.84406],[88.4505,24.8431],[88.45432,24.84437],[88.45309,24.84779],[88.44893,24.85152],[88.44437,24.85372],[88.44263,24.85652],[88.44427,24.85877],[88.45064,24.8594],[88.45979,24.85465],[88.46222,24.85196],[88.46687,24.84323],[88.46992,24.84315],[88.47281,24.84511],[88.47401,24.85003],[88.4741,24.85565],[88.47269,24.86214],[88.47401,24.86383],[88.4799,24.86735],[88.4831,24.87107],[88.48727,24.88045],[88.49039,24.88212],[88.49078,24.88337],[88.48682,24.89238],[88.48679,24.89652],[88.48298,24.89946],[88.48361,24.90195],[88.48606,24.90493],[88.4942,24.90853],[88.49858,24.90691],[88.50232,24.90727],[88.50924,24.90527],[88.51218,24.90559],[88.51873,24.90331],[88.5203,24.90539],[88.52032,24.90846],[88.51615,24.9123],[88.51572,24.91486],[88.52214,24.92348],[88.5274,24.92565],[88.52778,24.92757],[88.52306,24.93301],[88.52383,24.93829],[88.52122,24.94189],[88.51968,24.94747],[88.51495,24.94854],[88.51433,24.94996],[88.51711,24.95743],[88.51795,24.96202],[88.52122,24.96642],[88.52837,24.97095],[88.52999,24.97076],[88.53186,24.96909],[88.53204,24.96688],[88.53083,24.96399],[88.53053,24.95293],[88.53831,24.94547],[88.54052,24.93694],[88.54201,24.93572],[88.547,24.93532],[88.55016,24.93024],[88.55298,24.93073],[88.55456,24.93343],[88.55656,24.9333],[88.55925,24.93526],[88.56482,24.93595],[88.5675,24.93546],[88.57102,24.939],[88.58102,24.93913],[88.58296,24.94098],[88.58613,24.94725],[88.58744,24.94803],[88.59312,24.94724],[88.59631,24.94805],[88.597,24.94901],[88.59677,24.9506],[88.59435,24.95403],[88.59048,24.95584],[88.59263,24.9603],[88.59213,24.96138],[88.58734,24.96386],[88.58433,24.96453],[88.58234,24.96466],[88.57996,24.96287],[88.57758,24.96226],[88.57565,24.9632],[88.57741,24.96579],[88.57906,24.97054],[88.58368,24.96897],[88.58668,24.96893],[88.58649,24.97047],[88.58358,24.97425],[88.58803,24.97676],[88.59084,24.97587],[88.59342,24.96705],[88.59682,24.96145],[88.60976,24.94979],[88.61413,24.94804],[88.61649,24.94568],[88.61911,24.94446],[88.62254,24.94493],[88.62582,24.94803],[88.6271,24.95425],[88.62917,24.95446],[88.6356,24.95218]]]}},{"type":"Feature","properties":{"district_id":"naogaon","upazila_id":"naogaon-patnitala","source_name":"Patnitala","source_pcode":"506475","match_method":"exact"},"geometry":{"type":"Polygon","coordinates":[[[88.5759,25.17855],[88.58003,25.17942],[88.58243,25.18195],[88.59077,25.18629],[88.59145,25.19395],[88.59302,25.19484],[88.59821,25.19405],[88.60078,25.19464],[88.606,25.1972],[88.61387,25.20535],[88.61707,25.20611],[88.62114,25.20658],[88.63284,25.20504],[88.64119,25.20773],[88.65652,25.20399],[88.6656,25.20313],[88.66845,25.20075],[88.6704,25.20066],[88.67142,25.19281],[88.66599,25.18663],[88.66623,25.18447],[88.67204,25.18281],[88.67359,25.18098],[88.67116,25.17056],[88.67184,25.16941],[88.67609,25.1675],[88.67833,25.16548],[88.68205,25.15908],[88.68354,25.15856],[88.68538,25.16189],[88.68669,25.16147],[88.68862,25.15924],[88.68596,25.15404],[88.68396,25.13442],[88.68042,25.12918],[88.684,25.12023],[88.68229,25.11769],[88.69347,25.11433],[88.70023,25.11413],[88.70551,25.11743],[88.70802,25.11774],[88.71146,25.11646],[88.71368,25.11416],[88.71631,25.11294],[88.71999,25.11227],[88.72356,25.11246],[88.73028,25.11482],[88.74152,25.11214],[88.74409,25.11263],[88.74821,25.11002],[88.75259,25.10969],[88.75707,25.10748],[88.75804,25.10253],[88.75733,25.09737],[88.7578,25.09384],[88.76093,25.09347],[88.76466,25.09076],[88.76623,25.09096],[88.77208,25.09629],[88.77373,25.0986],[88.77399,25.10166],[88.77526,25.10415],[88.77779,25.10633],[88.77998,25.10693],[88.78791,25.10468],[88.79197,25.1044],[88.79778,25.11047],[88.80174,25.11235],[88.8084,25.10772],[88.80875,25.10557],[88.81075,25.10304],[88.81887,25.10215],[88.8223,25.10007],[88.82306,25.09303],[88.82579,25.08986],[88.82596,25.08799],[88.81371,25.07996],[88.81237,25.07668],[88.80813,25.07247],[88.80725,25.06993],[88.8073,25.06737],[88.80608,25.06387],[88.80856,25.06123],[88.81413,25.06002],[88.8166,25.05602],[88.81451,25.05355],[88.81525,25.05206],[88.81712,25.05124],[88.82196,25.05374],[88.82703,25.05345],[88.83617,25.05522],[88.84366,25.05422],[88.85572,25.05964],[88.85928,25.05942],[88.86384,25.05766],[88.87693,25.05137],[88.87865,25.04851],[88.87856,25.04476],[88.88463,25.03606],[88.89148,25.03296],[88.89727,25.02909],[88.89998,25.02423],[88.89977,25.02065],[88.89618,25.01854],[88.8956,25.01525],[88.90627,24.9982],[88.90093,24.99418],[88.8989,24.98989],[88.8967,24.98827],[88.89488,24.98829],[88.89006,24.99516],[88.87837,24.99639],[88.86933,24.99906],[88.8693,25.0028],[88.86794,25.00549],[88.86501,25.00683],[88.85703,25.00841],[88.8517,25.00802],[88.83479,25.00323],[88.82858,25.00199],[88.82521,25.00226],[88.81761,25.00445],[88.80196,25.00463],[88.79549,25.00943],[88.79225,25.01026],[88.78856,25.00974],[88.78686,25.00827],[88.78349,25.00878],[88.78118,25.01011],[88.77518,25.0099],[88.77158,25.01322],[88.7677,25.01413],[88.76463,25.01309],[88.76046,25.01591],[88.75938,25.01394],[88.76025,25.00382],[88.75886,25.0006],[88.75646,24.99836],[88.7522,24.99716],[88.7449,24.9977],[88.73627,24.9999],[88.73341,24.99948],[88.72667,25.00301],[88.72455,25.00605],[88.72102,25.00858],[88.71783,25.00885],[88.71525,25.00661],[88.71357,25.00771],[88.71121,25.01114],[88.7076,25.01271],[88.70653,25.01142],[88.70638,25.00846],[88.70759,25.0013],[88.70619,24.99796],[88.70313,24.99686],[88.69925,24.99742],[88.69363,24.99981],[88.68669,24.9996],[88.68411,24.99713],[88.67947,24.9848],[88.67697,24.98489],[88.67212,24.98869],[88.65968,24.98792],[88.64927,24.99297],[88.64777,24.99269],[88.64359,24.9957],[88.63325,25.00092],[88.63232,25.00388],[88.62543,25.0119],[88.62119,25.01416],[88.61942,25.02213],[88.62093,25.02484],[88.62601,25.02774],[88.62697,25.03068],[88.62295,25.03822],[88.61964,25.0403],[88.61867,25.04525],[88.61208,25.05128],[88.61196,25.05315],[88.61529,25.05505],[88.61604,25.0564],[88.61536,25.05817],[88.61287,25.05979],[88.61126,25.06229],[88.61059,25.06554],[88.61193,25.07035],[88.61757,25.07172],[88.61618,25.08116],[88.60645,25.08604],[88.60521,25.08814],[88.60362,25.09622],[88.60126,25.09829],[88.60165,25.10056],[88.60423,25.1032],[88.61798,25.11094],[88.61893,25.11338],[88.61206,25.11629],[88.61051,25.11892],[88.60384,25.12296],[88.6001,25.12686],[88.59579,25.12866],[88.59538,25.13361],[88.59364,25.1354],[88.59296,25.13761],[88.59649,25.14177],[88.59602,25.14888],[88.59736,25.15181],[88.58786,25.15538],[88.58674,25.15743],[88.58666,25.16629],[88.58123,25.16844],[88.58098,25.17038],[88.57719,25.17348],[88.57614,25.1776],[88.5759,25.17855]]]}},{"type":"Feature","properties":{"district_id":"naogaon","upazila_id":"naogaon-porsha","source_name":"Porsha","source_pcode":"506479","match_method":"exact"},"geometry":{"type":"Polygon","coordinates":[[[88.61964,25.0403],[88.62295,25.03822],[88.62697,25.03068],[88.62601,25.02774],[88.62093,25.02484],[88.61942,25.02213],[88.62119,25.01416],[88.62543,25.0119],[88.63015,25.00669],[88.63232,25.00388],[88.63325,25.00092],[88.63161,25.00031],[88.63198,24.99946],[88.63541,24.99795],[88.63759,24.99565],[88.63851,24.99257],[88.64288,24.98991],[88.64349,24.98758],[88.64377,24.98332],[88.64288,24.98021],[88.63904,24.97616],[88.63895,24.97088],[88.64265,24.96318],[88.63982,24.96009],[88.6394,24.95271],[88.6356,24.95218],[88.62917,24.95446],[88.6271,24.95425],[88.62582,24.94803],[88.62254,24.94493],[88.61911,24.94446],[88.61649,24.94568],[88.61413,24.94804],[88.60976,24.94979],[88.59682,24.96145],[88.59342,24.96705],[88.59084,24.97587],[88.58803,24.97676],[88.58358,24.97425],[88.58649,24.97047],[88.58668,24.96893],[88.58368,24.96897],[88.57906,24.97054],[88.57741,24.96579],[88.57565,24.9632],[88.57758,24.96226],[88.57996,24.96287],[88.58234,24.96466],[88.58433,24.96453],[88.58734,24.96386],[88.59213,24.96138],[88.59263,24.9603],[88.59048,24.95584],[88.59435,24.95403],[88.59677,24.9506],[88.597,24.94901],[88.59631,24.94805],[88.59312,24.94724],[88.58744,24.94803],[88.58613,24.94725],[88.58296,24.94098],[88.58102,24.93913],[88.57102,24.939],[88.5675,24.93546],[88.56482,24.93595],[88.55925,24.93526],[88.55656,24.9333],[88.55456,24.93343],[88.55298,24.93073],[88.55016,24.93024],[88.547,24.93532],[88.54201,24.93572],[88.54052,24.93694],[88.53831,24.94547],[88.53053,24.95293],[88.53083,24.96399],[88.53204,24.96688],[88.53186,24.96909],[88.52999,24.97076],[88.52837,24.97095],[88.52579,24.96978],[88.51958,24.96479],[88.51795,24.96202],[88.51711,24.95743],[88.51433,24.94996],[88.51495,24.94854],[88.51968,24.94747],[88.52122,24.94189],[88.52383,24.93829],[88.52306,24.93301],[88.52778,24.92757],[88.5274,24.92565],[88.52214,24.92348],[88.51572,24.91486],[88.51615,24.9123],[88.52032,24.90846],[88.5203,24.90539],[88.51873,24.90331],[88.51218,24.90559],[88.50924,24.90527],[88.50232,24.90727],[88.49858,24.90691],[88.4942,24.90853],[88.49165,24.92288],[88.48978,24.92596],[88.48643,24.92985],[88.47964,24.93542],[88.47209,24.93959],[88.45582,24.93389],[88.45306,24.93199],[88.45299,24.92922],[88.45684,24.92293],[88.45483,24.92056],[88.44508,24.92218],[88.43599,24.92812],[88.43364,24.93206],[88.43315,24.93689],[88.4338,24.94375],[88.43665,24.95208],[88.43685,24.9565],[88.43543,24.95986],[88.43207,24.96357],[88.42882,24.96504],[88.41702,24.96724],[88.41451,24.96442],[88.40993,24.9631],[88.40488,24.96475],[88.39705,24.95902],[88.39356,24.96189],[88.39746,24.96912],[88.39997,24.9716],[88.40398,24.97258],[88.40849,24.97578],[88.4141,24.97232],[88.41617,24.9727],[88.41736,24.97399],[88.41614,24.98075],[88.41808,24.98341],[88.41353,24.98533],[88.41241,24.98772],[88.41356,24.99356],[88.41544,24.99661],[88.42027,24.99866],[88.42198,25.00438],[88.42436,25.00686],[88.42725,25.00763],[88.43018,25.00732],[88.43399,25.00569],[88.43649,25.00646],[88.44149,25.02094],[88.44621,25.0271],[88.44724,25.03265],[88.45174,25.03374],[88.45381,25.0356],[88.45382,25.03866],[88.4529,25.0409],[88.44176,25.0423],[88.43915,25.04368],[88.4371,25.04677],[88.43654,25.05018],[88.4382,25.0563],[88.44366,25.06118],[88.44544,25.06758],[88.45097,25.07451],[88.4628,25.07401],[88.46674,25.07488],[88.47025,25.07456],[88.47118,25.07285],[88.46689,25.06454],[88.4668,25.06114],[88.47782,25.06188],[88.48088,25.06043],[88.48505,25.05647],[88.48883,25.06171],[88.49134,25.0638],[88.49742,25.06385],[88.503,25.06868],[88.5146,25.07323],[88.51929,25.0734],[88.5261,25.07197],[88.5323,25.07265],[88.53555,25.07211],[88.54198,25.06926],[88.54471,25.06503],[88.54563,25.06207],[88.54536,25.04595],[88.54256,25.03479],[88.54279,25.03042],[88.54413,25.02319],[88.54742,25.01963],[88.55737,25.02044],[88.56176,25.02443],[88.57607,25.0315],[88.57876,25.03198],[88.58662,25.02963],[88.59308,25.02984],[88.59833,25.03104],[88.60542,25.03443],[88.61185,25.03362],[88.616,25.03806],[88.61964,25.0403]]]}},{"type":"Feature","properties":{"district_id":"naogaon","upazila_id":"naogaon-raninagar","source_name":"Raninagar","source_pcode":"506485","match_method":"exact"},"geometry":{"type":"Polygon","coordinates":[[[88.96577,24.74427],[88.96668,24.74153],[88.96873,24.73986],[88.9719,24.73908],[88.97608,24.73954],[88.97918,24.74393],[88.982,24.74536],[88.98506,24.74578],[88.98959,24.7431],[88.99209,24.74319],[88.99217,24.75284],[88.99319,24.75572],[88.99516,24.7587],[88.99742,24.76037],[89.00027,24.76624],[89.00272,24.76712],[89.01381,24.76498],[89.01609,24.76859],[89.02122,24.77113],[89.0228,24.77304],[89.02239,24.77566],[89.02379,24.77837],[89.02586,24.78021],[89.02831,24.78108],[89.03535,24.78059],[89.03992,24.78115],[89.04786,24.78985],[89.05048,24.78924],[89.05842,24.78442],[89.06247,24.78369],[89.06419,24.78133],[89.06651,24.78079],[89.07648,24.78628],[89.08035,24.78736],[89.08603,24.78694],[89.08944,24.78445],[89.09085,24.78182],[89.08791,24.77453],[89.08488,24.77072],[89.08429,24.76783],[89.08948,24.76236],[89.08968,24.75657],[89.09177,24.7545],[89.09756,24.75203],[89.09641,24.74972],[89.092,24.74581],[89.08891,24.7417],[89.08864,24.73932],[89.09591,24.73655],[89.09787,24.73306],[89.09643,24.73149],[89.09217,24.73025],[89.08827,24.72735],[89.08605,24.72363],[89.08697,24.72107],[89.09026,24.71943],[89.09785,24.72421],[89.10159,24.72415],[89.10533,24.7228],[89.11517,24.71516],[89.11964,24.71396],[89.12315,24.71533],[89.12342,24.71732],[89.11852,24.71949],[89.11486,24.72238],[89.11868,24.7238],[89.1308,24.72022],[89.13358,24.72177],[89.13174,24.72617],[89.12727,24.72816],[89.12711,24.73021],[89.13253,24.73604],[89.13444,24.74084],[89.13612,24.74053],[89.13693,24.7395],[89.13795,24.73466],[89.13937,24.73327],[89.14142,24.73319],[89.15152,24.73838],[89.15293,24.737],[89.15297,24.7277],[89.147,24.71636],[89.13849,24.70842],[89.13762,24.70167],[89.13493,24.69569],[89.13463,24.68945],[89.13565,24.68632],[89.13842,24.68253],[89.14381,24.67802],[89.14703,24.6765],[89.15235,24.67887],[89.15412,24.68071],[89.15559,24.68416],[89.15704,24.68521],[89.16251,24.68332],[89.16474,24.68141],[89.1665,24.67838],[89.16728,24.67536],[89.16605,24.6701],[89.16439,24.66677],[89.16195,24.66561],[89.15337,24.66931],[89.14588,24.66772],[89.14764,24.66201],[89.14664,24.65692],[89.14483,24.65581],[89.14015,24.65565],[89.13651,24.65881],[89.13519,24.6589],[89.1324,24.65496],[89.13047,24.65391],[89.1235,24.65486],[89.12068,24.65417],[89.11765,24.6492],[89.11734,24.64377],[89.10826,24.63924],[89.10366,24.64078],[89.10097,24.63997],[89.09893,24.64163],[89.0958,24.64015],[89.09232,24.6415],[89.09189,24.64872],[89.09568,24.65417],[89.09268,24.66631],[89.08051,24.66574],[89.07813,24.66396],[89.07667,24.66046],[89.07625,24.65621],[89.07339,24.65091],[89.07366,24.64608],[89.07104,24.63862],[89.06933,24.6362],[89.06613,24.63414],[89.06226,24.63346],[89.05778,24.63409],[89.05399,24.6359],[89.0527,24.63802],[89.05341,24.64011],[89.05318,24.64307],[89.05182,24.64412],[89.04871,24.64432],[89.04626,24.64265],[89.03162,24.65057],[89.02892,24.64919],[89.02418,24.6484],[89.01693,24.65298],[89.01588,24.65492],[89.01747,24.65797],[89.01777,24.66336],[89.01642,24.66576],[89.00858,24.66723],[89.00483,24.6666],[89.00234,24.66731],[88.99366,24.66555],[88.99087,24.6674],[88.99014,24.6702],[88.98816,24.6717],[88.98666,24.67808],[88.98348,24.6855],[88.97796,24.68858],[88.97697,24.69081],[88.96116,24.68625],[88.95169,24.68796],[88.9472,24.68643],[88.94499,24.68413],[88.94384,24.6804],[88.94479,24.6759],[88.95036,24.66277],[88.94796,24.65866],[88.94602,24.65914],[88.94306,24.66156],[88.94071,24.66488],[88.93928,24.66445],[88.93707,24.66164],[88.93206,24.66528],[88.92447,24.66276],[88.92156,24.66342],[88.92327,24.66647],[88.92616,24.6687],[88.92607,24.6733],[88.92403,24.67617],[88.91622,24.68206],[88.91389,24.68719],[88.9108,24.69104],[88.90136,24.6949],[88.89555,24.7006],[88.88971,24.69625],[88.88882,24.69398],[88.89008,24.68824],[88.88809,24.68088],[88.88857,24.67764],[88.88778,24.67515],[88.88498,24.67381],[88.88119,24.67517],[88.87977,24.67712],[88.879,24.68196],[88.87733,24.68402],[88.87453,24.68564],[88.87204,24.68573],[88.86061,24.69189],[88.85495,24.69361],[88.84404,24.69476],[88.84464,24.699],[88.84595,24.70064],[88.84635,24.70291],[88.84532,24.70741],[88.84829,24.71196],[88.84956,24.71593],[88.85031,24.72364],[88.85314,24.72491],[88.85912,24.72444],[88.86139,24.72016],[88.86413,24.71961],[88.86443,24.7188],[88.86292,24.71599],[88.86491,24.71563],[88.86824,24.71859],[88.86974,24.71841],[88.87165,24.71583],[88.8737,24.71467],[88.87621,24.71747],[88.8763,24.72094],[88.88357,24.72408],[88.89034,24.7282],[88.89641,24.72387],[88.90114,24.72205],[88.9027,24.72271],[88.90417,24.72655],[88.91314,24.72456],[88.92249,24.72388],[88.93167,24.72552],[88.93871,24.73076],[88.94498,24.74255],[88.9492,24.7404],[88.95291,24.74414],[88.95579,24.74501],[88.96577,24.74427]]]}},{"type":"Feature","properties":{"district_id":"naogaon","upazila_id":"naogaon-sapahar","source_name":"Sapahar","source_pcode":"506486","match_method":"exact"},"geometry":{"type":"Polygon","coordinates":[[[88.44555,25.19608],[88.45123,25.19749],[88.46458,25.19617],[88.47153,25.19787],[88.47292,25.19899],[88.47148,25.20116],[88.47156,25.20366],[88.4761,25.21219],[88.47774,25.21331],[88.49245,25.21089],[88.49972,25.21168],[88.50108,25.20985],[88.50088,25.20542],[88.51285,25.20525],[88.52222,25.2026],[88.53674,25.20081],[88.53819,25.19988],[88.5345,25.19669],[88.53345,25.19444],[88.53569,25.19054],[88.53945,25.1909],[88.54511,25.19607],[88.5535,25.19598],[88.55926,25.19405],[88.56137,25.19113],[88.56129,25.1879],[88.55875,25.18348],[88.55864,25.17938],[88.56287,25.17772],[88.5759,25.17855],[88.57719,25.17348],[88.58098,25.17038],[88.58123,25.16844],[88.58666,25.16629],[88.58674,25.15743],[88.58786,25.15538],[88.59736,25.15181],[88.59602,25.14888],[88.59649,25.14177],[88.59296,25.13761],[88.59364,25.1354],[88.59538,25.13361],[88.59579,25.12866],[88.6001,25.12686],[88.60384,25.12296],[88.61051,25.11892],[88.61206,25.11629],[88.61893,25.11338],[88.61798,25.11094],[88.60423,25.1032],[88.60165,25.10056],[88.60126,25.09829],[88.60362,25.09622],[88.60521,25.08814],[88.60645,25.08604],[88.61618,25.08116],[88.61757,25.07172],[88.61193,25.07035],[88.61059,25.06554],[88.61126,25.06229],[88.61287,25.05979],[88.61536,25.05817],[88.61604,25.0564],[88.61529,25.05505],[88.61196,25.05315],[88.61208,25.05128],[88.61867,25.04525],[88.61964,25.0403],[88.61456,25.03706],[88.61185,25.03362],[88.60542,25.03443],[88.59833,25.03104],[88.59308,25.02984],[88.58662,25.02963],[88.57876,25.03198],[88.57607,25.0315],[88.56176,25.02443],[88.55737,25.02044],[88.54742,25.01963],[88.54413,25.02319],[88.54279,25.03042],[88.54256,25.03479],[88.54536,25.04595],[88.54563,25.06207],[88.54471,25.06503],[88.54198,25.06926],[88.53555,25.07211],[88.5323,25.07265],[88.5261,25.07197],[88.51929,25.0734],[88.5146,25.07323],[88.503,25.06868],[88.49742,25.06385],[88.49134,25.0638],[88.48883,25.06171],[88.48505,25.05647],[88.48088,25.06043],[88.47782,25.06188],[88.4668,25.06114],[88.46689,25.06454],[88.47118,25.07285],[88.47025,25.07456],[88.46674,25.07488],[88.4628,25.07401],[88.45097,25.07451],[88.45287,25.07927],[88.44894,25.08197],[88.44795,25.0855],[88.44748,25.093],[88.44545,25.10073],[88.44793,25.11014],[88.44656,25.1135],[88.44421,25.11642],[88.4428,25.12626],[88.45924,25.13507],[88.46239,25.1401],[88.46218,25.1472],[88.463,25.15122],[88.46045,25.15545],[88.46085,25.1593],[88.45843,25.16478],[88.45405,25.16646],[88.45026,25.17263],[88.44569,25.1753],[88.44476,25.17683],[88.44678,25.18067],[88.44461,25.18557],[88.44384,25.19489],[88.44555,25.19608]]]}},{"type":"Feature","properties":{"district_id":"natore","upazila_id":"natore-bagatipara","source_name":"Bagatipara","source_pcode":"506909","match_method":"exact"},"geometry":{"type":"Polygon","coordinates":[[[88.8511,24.3457],[88.85547,24.34169],[88.85839,24.34164],[88.86199,24.34869],[88.86393,24.3497],[88.86652,24.34744],[88.86669,24.34568],[88.86867,24.34367],[88.8737,24.34253],[88.87821,24.33998],[88.88244,24.33958],[88.88489,24.34262],[88.89075,24.34527],[88.89364,24.3479],[88.89581,24.34799],[88.90152,24.3461],[88.90408,24.3472],[88.90729,24.35414],[88.91013,24.35689],[88.9111,24.35455],[88.90989,24.35087],[88.91262,24.35004],[88.91605,24.3517],[88.91954,24.35216],[88.925,24.35006],[88.92939,24.34711],[88.93269,24.34792],[88.93494,24.34953],[88.93501,24.35736],[88.9362,24.359],[88.93888,24.35993],[88.94143,24.35984],[88.9457,24.35666],[88.95122,24.35506],[88.95454,24.35791],[88.95647,24.35851],[88.96049,24.36305],[88.96846,24.36426],[88.97131,24.36303],[88.97103,24.359],[88.97219,24.35671],[88.97485,24.35509],[88.98048,24.35819],[88.98299,24.36168],[88.98562,24.36301],[88.98802,24.36075],[88.98825,24.35866],[88.98529,24.35404],[88.98608,24.35171],[88.9891,24.34797],[88.99577,24.34369],[89.00661,24.33917],[89.01651,24.33302],[89.02471,24.33228],[89.0359,24.32492],[89.03813,24.32451],[89.0435,24.32624],[89.04626,24.32285],[89.04046,24.31396],[89.03802,24.3119],[89.03757,24.31026],[89.04074,24.29693],[89.03698,24.293],[89.03404,24.29117],[89.03211,24.2908],[89.02622,24.29258],[89.02454,24.29187],[89.02359,24.29023],[89.02559,24.28419],[89.02526,24.28249],[89.01532,24.27621],[89.01115,24.27564],[89.00677,24.27258],[88.98859,24.27452],[88.98292,24.27358],[88.97785,24.27688],[88.97196,24.2861],[88.96757,24.29024],[88.96532,24.29396],[88.95736,24.29338],[88.94994,24.29024],[88.94905,24.28844],[88.94888,24.28225],[88.94308,24.28108],[88.9407,24.27879],[88.93833,24.27796],[88.93677,24.27594],[88.93724,24.27343],[88.93994,24.26942],[88.94072,24.2659],[88.93983,24.26403],[88.93993,24.2608],[88.93733,24.2543],[88.93444,24.25008],[88.9325,24.24784],[88.92901,24.24726],[88.9261,24.24843],[88.92278,24.25256],[88.91584,24.25509],[88.91468,24.25766],[88.9088,24.26023],[88.90682,24.26207],[88.90446,24.27084],[88.90245,24.27501],[88.90435,24.28759],[88.90332,24.29124],[88.89831,24.29323],[88.88831,24.29432],[88.8814,24.29344],[88.87967,24.29426],[88.87831,24.29581],[88.87436,24.30733],[88.87234,24.3111],[88.87061,24.31305],[88.86782,24.3141],[88.86285,24.31382],[88.85964,24.30932],[88.85966,24.30421],[88.85716,24.30215],[88.85493,24.30291],[88.85263,24.31151],[88.85072,24.31397],[88.8475,24.3147],[88.84615,24.31681],[88.84586,24.3196],[88.84656,24.32202],[88.85043,24.32499],[88.85101,24.32691],[88.84569,24.33907],[88.84778,24.34438],[88.8511,24.3457]]]}},{"type":"Feature","properties":{"district_id":"natore","upazila_id":"natore-baraigram","source_name":"Baraigram","source_pcode":"506915","match_method":"exact"},"geometry":{"type":"Polygon","coordinates":[[[89.06615,24.34937],[89.06713,24.34675],[89.06917,24.34546],[89.07159,24.34561],[89.08336,24.35351],[89.08585,24.35444],[89.08797,24.35356],[89.08959,24.34899],[89.09152,24.34806],[89.09267,24.35128],[89.09245,24.35474],[89.09422,24.35705],[89.09577,24.35703],[89.09862,24.35596],[89.10002,24.35328],[89.10069,24.35077],[89.09961,24.34851],[89.0971,24.34616],[89.09298,24.34497],[89.08688,24.34466],[89.08133,24.34264],[89.08241,24.33763],[89.08369,24.33636],[89.09127,24.33485],[89.09669,24.33555],[89.09857,24.33763],[89.10326,24.34057],[89.11095,24.34438],[89.11768,24.34043],[89.12321,24.33887],[89.14337,24.33438],[89.14775,24.33716],[89.15481,24.33359],[89.15746,24.33634],[89.16405,24.33749],[89.16074,24.34174],[89.16113,24.34389],[89.15981,24.34897],[89.1612,24.35138],[89.16319,24.35118],[89.17098,24.34704],[89.17767,24.34995],[89.1847,24.35002],[89.18904,24.34922],[89.19195,24.34781],[89.1948,24.34085],[89.20298,24.33823],[89.20524,24.33422],[89.20753,24.33379],[89.20901,24.33179],[89.21912,24.32959],[89.22543,24.32655],[89.22919,24.32349],[89.23201,24.3131],[89.24317,24.30533],[89.24886,24.30314],[89.26187,24.30431],[89.26443,24.30592],[89.26448,24.31534],[89.26563,24.31901],[89.26791,24.3221],[89.27066,24.32365],[89.27174,24.32579],[89.27318,24.32611],[89.27886,24.32301],[89.28859,24.31974],[89.29001,24.30768],[89.28837,24.30544],[89.27879,24.3049],[89.27613,24.30006],[89.27269,24.29859],[89.26973,24.29562],[89.26717,24.28833],[89.2608,24.28099],[89.25828,24.27677],[89.25452,24.27388],[89.24837,24.27391],[89.24468,24.27306],[89.24265,24.26867],[89.23904,24.26747],[89.23651,24.26494],[89.23529,24.26049],[89.23653,24.25928],[89.24358,24.25747],[89.24463,24.25603],[89.2428,24.24743],[89.23973,24.24487],[89.23631,24.24463],[89.23449,24.24335],[89.23225,24.238],[89.23006,24.23638],[89.22422,24.23624],[89.22334,24.2345],[89.22362,24.23205],[89.22533,24.22987],[89.22503,24.22477],[89.22297,24.21758],[89.21712,24.21074],[89.21237,24.20826],[89.20839,24.2077],[89.20515,24.20621],[89.19695,24.2006],[89.19364,24.19917],[89.18894,24.20118],[89.18359,24.19966],[89.17706,24.19953],[89.17148,24.19376],[89.16073,24.17501],[89.15616,24.17127],[89.14837,24.16832],[89.14314,24.16777],[89.13595,24.16816],[89.12482,24.16696],[89.10216,24.16699],[89.09652,24.16156],[89.0934,24.15979],[89.08909,24.16411],[89.08861,24.16587],[89.08549,24.16495],[89.08374,24.16356],[89.06673,24.16459],[89.05695,24.16705],[89.0545,24.17157],[89.05373,24.17476],[89.05102,24.1765],[89.04605,24.17702],[89.0444,24.18681],[89.03965,24.19062],[89.04002,24.19681],[89.03738,24.19927],[89.04505,24.20393],[89.04508,24.20701],[89.04101,24.20967],[89.03981,24.21327],[89.03825,24.21385],[89.03694,24.21279],[89.03096,24.21128],[89.03099,24.20748],[89.02885,24.2053],[89.02674,24.20504],[89.0257,24.20659],[89.02579,24.2088],[89.02011,24.20712],[89.01342,24.20891],[89.01105,24.20786],[89.00453,24.20063],[89.00135,24.19982],[88.999,24.20025],[88.99904,24.20507],[89.00609,24.21502],[89.01009,24.22684],[89.00982,24.23013],[89.00877,24.2314],[88.99986,24.23447],[88.99744,24.23598],[88.99628,24.23803],[88.99563,24.24145],[88.99745,24.24392],[89.00058,24.24581],[89.00109,24.24745],[88.99966,24.25513],[88.99397,24.26537],[88.99789,24.27344],[89.00677,24.27258],[89.01115,24.27564],[89.01532,24.27621],[89.02526,24.28249],[89.02559,24.28419],[89.02359,24.29023],[89.02454,24.29187],[89.02622,24.29258],[89.03211,24.2908],[89.03404,24.29117],[89.03698,24.293],[89.04074,24.29693],[89.03757,24.31026],[89.03802,24.3119],[89.04046,24.31396],[89.04626,24.32285],[89.0435,24.32624],[89.04231,24.33284],[89.04478,24.33752],[89.04948,24.34188],[89.05654,24.34554],[89.05987,24.34855],[89.06615,24.34937]]]}},{"type":"Feature","properties":{"district_id":"natore","upazila_id":"natore-gurudaspur","source_name":"Gurudaspur","source_pcode":"506941","match_method":"exact"},"geometry":{"type":"Polygon","coordinates":[[[89.10957,24.40832],[89.11579,24.40749],[89.11868,24.41064],[89.12014,24.41357],[89.12415,24.41703],[89.12656,24.41467],[89.13033,24.41257],[89.13431,24.41149],[89.13817,24.41161],[89.14272,24.41342],[89.14583,24.41269],[89.14936,24.41105],[89.1528,24.40606],[89.1565,24.40391],[89.15968,24.40347],[89.16243,24.40536],[89.16554,24.40525],[89.17377,24.41263],[89.18241,24.41222],[89.19337,24.40723],[89.20395,24.40736],[89.21094,24.40895],[89.21269,24.4103],[89.2131,24.41307],[89.21101,24.42156],[89.21655,24.42784],[89.2198,24.42955],[89.22389,24.43335],[89.2263,24.43695],[89.22881,24.43862],[89.23702,24.43957],[89.23882,24.43875],[89.23877,24.43381],[89.24018,24.43186],[89.25388,24.43312],[89.25937,24.42987],[89.26212,24.42943],[89.26925,24.43284],[89.27229,24.43257],[89.27477,24.43088],[89.27634,24.42711],[89.2849,24.42397],[89.28687,24.42241],[89.28771,24.41984],[89.28499,24.40967],[89.28539,24.40654],[89.29035,24.40538],[89.28808,24.39713],[89.28745,24.3906],[89.28796,24.3864],[89.29256,24.37475],[89.29556,24.3709],[89.30389,24.36992],[89.30991,24.36301],[89.32011,24.3578],[89.32258,24.35527],[89.32021,24.34565],[89.31721,24.33889],[89.3146,24.33756],[89.30489,24.33777],[89.30062,24.33341],[89.29294,24.3308],[89.29131,24.32918],[89.28971,24.32574],[89.28859,24.31974],[89.27886,24.32301],[89.27318,24.32611],[89.27174,24.32579],[89.27066,24.32365],[89.26791,24.3221],[89.26563,24.31901],[89.26448,24.31534],[89.26443,24.30592],[89.26187,24.30431],[89.24886,24.30314],[89.24317,24.30533],[89.23201,24.3131],[89.22919,24.32349],[89.22543,24.32655],[89.21912,24.32959],[89.20901,24.33179],[89.20753,24.33379],[89.20524,24.33422],[89.20298,24.33823],[89.1948,24.34085],[89.19195,24.34781],[89.18904,24.34922],[89.1847,24.35002],[89.17767,24.34995],[89.17098,24.34704],[89.16319,24.35118],[89.1612,24.35138],[89.15981,24.34897],[89.16113,24.34389],[89.16074,24.34174],[89.16405,24.33749],[89.15746,24.33634],[89.15481,24.33359],[89.14775,24.33716],[89.14337,24.33438],[89.12321,24.33887],[89.11768,24.34043],[89.11095,24.34438],[89.10326,24.34057],[89.09857,24.33763],[89.09669,24.33555],[89.09127,24.33485],[89.08692,24.33529],[89.08369,24.33636],[89.08241,24.33763],[89.08133,24.34264],[89.08688,24.34466],[89.09298,24.34497],[89.0971,24.34616],[89.09961,24.34851],[89.10069,24.35077],[89.09862,24.35596],[89.09422,24.35705],[89.09245,24.35474],[89.09267,24.35128],[89.09152,24.34806],[89.08959,24.34899],[89.08797,24.35356],[89.08585,24.35444],[89.08336,24.35351],[89.07159,24.34561],[89.06917,24.34546],[89.06713,24.34675],[89.06615,24.34937],[89.07027,24.3504],[89.06808,24.35609],[89.07069,24.36123],[89.07375,24.36295],[89.07965,24.36872],[89.08413,24.36888],[89.08483,24.37097],[89.08009,24.37609],[89.0816,24.37658],[89.08379,24.37984],[89.09161,24.38331],[89.08876,24.38528],[89.0899,24.38725],[89.08664,24.39133],[89.0927,24.39431],[89.09206,24.39869],[89.09414,24.40116],[89.10051,24.40385],[89.10957,24.40832]]]}},{"type":"Feature","properties":{"district_id":"natore","upazila_id":"natore-lalpur","source_name":"Lalpur","source_pcode":"506944","match_method":"exact"},"geometry":{"type":"Polygon","coordinates":[[[88.99789,24.27344],[88.99397,24.26537],[88.99966,24.25513],[89.00109,24.24745],[89.00058,24.24581],[88.99745,24.24392],[88.99563,24.24145],[88.99628,24.23803],[88.99744,24.23598],[88.99986,24.23447],[89.00877,24.2314],[89.00982,24.23013],[89.01009,24.22684],[89.00609,24.21502],[88.99904,24.20507],[88.999,24.20025],[89.00135,24.19982],[89.00453,24.20063],[89.01105,24.20786],[89.01342,24.20891],[89.02011,24.20712],[89.02579,24.2088],[89.0257,24.20659],[89.02674,24.20504],[89.02885,24.2053],[89.03099,24.20748],[89.03096,24.21128],[89.03694,24.21279],[89.03825,24.21385],[89.03981,24.21327],[89.04101,24.20967],[89.04508,24.20701],[89.04505,24.20393],[89.03738,24.19927],[89.04002,24.19681],[89.03965,24.19062],[89.0444,24.18681],[89.04605,24.17702],[89.05102,24.1765],[89.05373,24.17476],[89.0545,24.17157],[89.05695,24.16705],[89.06673,24.16459],[89.08374,24.16356],[89.08487,24.15736],[89.08403,24.15457],[89.07811,24.15211],[89.0681,24.15078],[89.05668,24.15076],[89.05356,24.14876],[89.05213,24.14265],[89.05083,24.14199],[89.04481,24.1427],[89.04098,24.14433],[89.03557,24.15117],[89.03394,24.15617],[89.03236,24.16709],[89.02829,24.17034],[89.02631,24.17042],[89.02035,24.16386],[89.01667,24.16238],[89.00816,24.16112],[89.00591,24.15923],[89.00137,24.1573],[89.00072,24.15588],[89.00237,24.15348],[89.01311,24.15215],[89.01557,24.15013],[89.01057,24.14679],[89.00426,24.14801],[89.00177,24.14753],[89.00262,24.14569],[89.00695,24.14365],[89.00861,24.14193],[89.01252,24.1349],[89.01334,24.13011],[89.01288,24.12649],[89.0081,24.11946],[89.00438,24.11968],[88.99802,24.12198],[88.99063,24.12299],[88.97555,24.1233],[88.9557,24.12526],[88.94703,24.12719],[88.93868,24.13122],[88.92795,24.12483],[88.92378,24.12306],[88.92105,24.12321],[88.92063,24.12481],[88.923,24.1338],[88.92194,24.13433],[88.91212,24.13156],[88.90981,24.12977],[88.90991,24.12829],[88.9114,24.12748],[88.91224,24.12582],[88.91189,24.11873],[88.91058,24.11739],[88.90205,24.11488],[88.87808,24.10548],[88.87572,24.10556],[88.8763,24.1076],[88.8818,24.11168],[88.88324,24.11421],[88.88271,24.11859],[88.88105,24.12026],[88.87689,24.11968],[88.86736,24.11527],[88.86302,24.11594],[88.8597,24.11916],[88.86288,24.1215],[88.86592,24.12981],[88.86823,24.13217],[88.87115,24.13326],[88.87942,24.13316],[88.88197,24.13461],[88.89156,24.15367],[88.89069,24.15539],[88.89256,24.16376],[88.89133,24.1652],[88.88879,24.1646],[88.88628,24.16214],[88.88071,24.16527],[88.87718,24.16611],[88.8632,24.16538],[88.86173,24.16715],[88.86233,24.17203],[88.86483,24.17444],[88.86707,24.17458],[88.87019,24.17732],[88.87083,24.17908],[88.8708,24.18339],[88.86685,24.18662],[88.86699,24.18866],[88.87185,24.19093],[88.87231,24.1949],[88.87383,24.19789],[88.87397,24.20072],[88.8701,24.20622],[88.86907,24.20907],[88.8726,24.21624],[88.87168,24.21789],[88.87101,24.22687],[88.87452,24.23097],[88.87618,24.23748],[88.87773,24.23803],[88.87878,24.2362],[88.87904,24.2308],[88.88276,24.22854],[88.89229,24.23268],[88.89714,24.23239],[88.89833,24.2338],[88.89814,24.24021],[88.90038,24.24122],[88.90496,24.2391],[88.91082,24.24147],[88.91401,24.24433],[88.91579,24.24901],[88.91584,24.25509],[88.92278,24.25256],[88.9261,24.24843],[88.92901,24.24726],[88.9325,24.24784],[88.93733,24.2543],[88.93993,24.2608],[88.93983,24.26403],[88.94072,24.2659],[88.93994,24.26942],[88.93724,24.27343],[88.93677,24.27594],[88.93833,24.27796],[88.9407,24.27879],[88.94308,24.28108],[88.94888,24.28225],[88.94905,24.28844],[88.94994,24.29024],[88.95736,24.29338],[88.96532,24.29396],[88.96757,24.29024],[88.97196,24.2861],[88.97785,24.27688],[88.98292,24.27358],[88.98859,24.27452],[88.99206,24.27414],[88.99789,24.27344]]]}},{"type":"Feature","properties":{"district_id":"natore","upazila_id":"natore-natore-sadar","source_name":"Natore S.","source_pcode":"506963","match_method":"exact"},"geometry":{"type":"Polygon","coordinates":[[[89.06757,24.5346],[89.06111,24.53003],[89.06022,24.52698],[89.06537,24.52492],[89.06529,24.52356],[89.05756,24.51668],[89.05916,24.50837],[89.05296,24.50272],[89.05204,24.49797],[89.0535,24.48864],[89.05241,24.48507],[89.04685,24.48243],[89.04546,24.47983],[89.0478,24.47708],[89.04803,24.47526],[89.04202,24.47068],[89.0403,24.4673],[89.04456,24.46401],[89.04831,24.45834],[89.04885,24.45566],[89.05102,24.45381],[89.05481,24.45416],[89.0576,24.45321],[89.06112,24.44993],[89.0632,24.44644],[89.06232,24.44469],[89.05682,24.443],[89.05499,24.43991],[89.05376,24.43561],[89.05439,24.42913],[89.05557,24.42854],[89.05732,24.42932],[89.06469,24.43909],[89.06812,24.44035],[89.07354,24.44028],[89.07494,24.4377],[89.07217,24.42667],[89.07359,24.41916],[89.07075,24.41454],[89.07139,24.41164],[89.07361,24.40797],[89.07553,24.40687],[89.07883,24.40671],[89.08116,24.40974],[89.08303,24.41754],[89.08467,24.41968],[89.08723,24.42039],[89.0906,24.41517],[89.09556,24.41471],[89.10017,24.41328],[89.10957,24.40832],[89.09414,24.40116],[89.09206,24.39869],[89.0927,24.39431],[89.08664,24.39133],[89.0899,24.38725],[89.08876,24.38528],[89.09161,24.38331],[89.08379,24.37984],[89.0816,24.37658],[89.08009,24.37609],[89.08483,24.37097],[89.08413,24.36888],[89.07965,24.36872],[89.07375,24.36295],[89.07069,24.36123],[89.06808,24.35609],[89.07027,24.3504],[89.05987,24.34855],[89.05654,24.34554],[89.04948,24.34188],[89.04478,24.33752],[89.04231,24.33284],[89.0435,24.32624],[89.03813,24.32451],[89.0359,24.32492],[89.02471,24.33228],[89.01651,24.33302],[89.00661,24.33917],[88.99577,24.34369],[88.9891,24.34797],[88.98608,24.35171],[88.98529,24.35404],[88.98825,24.35866],[88.98802,24.36075],[88.98562,24.36301],[88.98299,24.36168],[88.98048,24.35819],[88.97485,24.35509],[88.97219,24.35671],[88.97103,24.359],[88.97131,24.36303],[88.96846,24.36426],[88.96049,24.36305],[88.95647,24.35851],[88.95454,24.35791],[88.95122,24.35506],[88.9457,24.35666],[88.94143,24.35984],[88.93888,24.35993],[88.9362,24.359],[88.93501,24.35736],[88.93494,24.34953],[88.93269,24.34792],[88.92939,24.34711],[88.925,24.35006],[88.91954,24.35216],[88.91605,24.3517],[88.91262,24.35004],[88.90989,24.35087],[88.9111,24.35455],[88.91013,24.35689],[88.90729,24.35414],[88.90408,24.3472],[88.90152,24.3461],[88.89581,24.34799],[88.89364,24.3479],[88.89075,24.34527],[88.88489,24.34262],[88.88244,24.33958],[88.87821,24.33998],[88.8737,24.34253],[88.86867,24.34367],[88.86669,24.34568],[88.86652,24.34744],[88.86393,24.3497],[88.86199,24.34869],[88.85839,24.34164],[88.85547,24.34169],[88.8511,24.3457],[88.85588,24.35546],[88.86277,24.3614],[88.87222,24.36066],[88.87964,24.36261],[88.88367,24.36273],[88.88941,24.36442],[88.89318,24.3679],[88.8945,24.37105],[88.89365,24.38026],[88.88993,24.38348],[88.89167,24.38999],[88.89809,24.39956],[88.90057,24.40782],[88.89899,24.4117],[88.90281,24.42187],[88.90189,24.42426],[88.89785,24.42488],[88.8967,24.42853],[88.89672,24.43159],[88.89983,24.43803],[88.90125,24.44528],[88.90028,24.44773],[88.89391,24.45286],[88.89362,24.45542],[88.89677,24.46174],[88.89558,24.4676],[88.8924,24.47434],[88.89522,24.47777],[88.89695,24.48405],[88.90724,24.48636],[88.90906,24.48804],[88.91285,24.50315],[88.91611,24.50493],[88.92289,24.50399],[88.92316,24.50796],[88.92702,24.51546],[88.92622,24.51689],[88.9248,24.51713],[88.91611,24.51361],[88.90839,24.51286],[88.89865,24.51043],[88.89755,24.51294],[88.89784,24.51844],[88.89349,24.52008],[88.8864,24.52023],[88.88212,24.52244],[88.88409,24.52849],[88.8858,24.53046],[88.88917,24.53183],[88.89353,24.53228],[88.89663,24.53021],[88.89825,24.53019],[88.89711,24.53486],[88.89813,24.53842],[88.89988,24.53993],[88.9148,24.54422],[88.92615,24.54545],[88.9315,24.54436],[88.9365,24.53941],[88.93974,24.53937],[88.9484,24.5476],[88.96071,24.55119],[88.9621,24.55327],[88.96407,24.56574],[88.96124,24.57031],[88.96089,24.57361],[88.96316,24.58301],[88.96579,24.58496],[88.96778,24.58522],[88.98186,24.57777],[88.99023,24.57209],[88.99427,24.57113],[89.00262,24.57113],[89.0069,24.56812],[89.01152,24.56352],[89.01169,24.56182],[89.00838,24.56118],[89.00637,24.55905],[89.00661,24.55603],[89.00826,24.55323],[89.01216,24.55137],[89.0159,24.55114],[89.01834,24.55247],[89.0235,24.55785],[89.02718,24.55854],[89.02985,24.55737],[89.03212,24.55439],[89.03536,24.54764],[89.03802,24.54569],[89.04131,24.54473],[89.05151,24.53527],[89.05331,24.53531],[89.05744,24.53718],[89.06391,24.53613],[89.06757,24.5346]]]}},{"type":"Feature","properties":{"district_id":"natore","upazila_id":"natore-singra","source_name":"Singra","source_pcode":"506991","match_method":"exact"},"geometry":{"type":"Polygon","coordinates":[[[89.14015,24.65565],[89.14045,24.65251],[89.13883,24.64784],[89.14313,24.64061],[89.14547,24.63271],[89.15316,24.62779],[89.15414,24.62613],[89.15266,24.62168],[89.15408,24.62065],[89.15682,24.62045],[89.16122,24.62355],[89.1703,24.62523],[89.17257,24.62727],[89.17314,24.63417],[89.17754,24.63566],[89.17744,24.63828],[89.17534,24.64002],[89.17313,24.64381],[89.1777,24.65039],[89.18318,24.64925],[89.19017,24.65421],[89.19299,24.65463],[89.19562,24.64439],[89.20203,24.64331],[89.20455,24.64477],[89.20647,24.64406],[89.20515,24.63797],[89.20772,24.63806],[89.20972,24.63918],[89.21141,24.63882],[89.21207,24.63659],[89.20922,24.6332],[89.20258,24.6304],[89.2018,24.62294],[89.19653,24.62008],[89.19775,24.61835],[89.20392,24.61709],[89.20553,24.61594],[89.20544,24.61326],[89.20641,24.61063],[89.20795,24.60958],[89.21146,24.61644],[89.21323,24.6174],[89.21659,24.61731],[89.21844,24.61068],[89.21782,24.60503],[89.21826,24.59995],[89.21976,24.59497],[89.225,24.58938],[89.22622,24.5868],[89.22882,24.58507],[89.23294,24.58531],[89.2404,24.58815],[89.24168,24.59019],[89.2437,24.59736],[89.24682,24.60292],[89.24815,24.6045],[89.25467,24.60695],[89.25701,24.60927],[89.25757,24.61445],[89.24997,24.62103],[89.25198,24.62239],[89.2551,24.62224],[89.2612,24.63058],[89.2672,24.63136],[89.27447,24.62803],[89.27846,24.62777],[89.28104,24.62957],[89.28285,24.62972],[89.28558,24.62786],[89.29256,24.62739],[89.29567,24.62628],[89.29841,24.62454],[89.30078,24.62057],[89.30087,24.61733],[89.30336,24.6169],[89.30793,24.61799],[89.30946,24.6166],[89.31001,24.61454],[89.3093,24.60748],[89.31007,24.6045],[89.31161,24.60283],[89.32148,24.60335],[89.33139,24.60228],[89.32922,24.59334],[89.32884,24.58804],[89.33008,24.58215],[89.33878,24.5699],[89.34052,24.56378],[89.33734,24.55936],[89.33682,24.55332],[89.33555,24.55082],[89.33152,24.55297],[89.32924,24.55019],[89.32982,24.54683],[89.3291,24.5445],[89.32581,24.54561],[89.32478,24.54363],[89.32562,24.54054],[89.32514,24.53723],[89.31936,24.53501],[89.31907,24.53171],[89.31424,24.51857],[89.31042,24.5177],[89.31032,24.5141],[89.30837,24.5131],[89.30438,24.50703],[89.29972,24.5048],[89.29641,24.49884],[89.29053,24.49251],[89.28343,24.48825],[89.28187,24.48284],[89.28249,24.47707],[89.28128,24.4756],[89.28328,24.47079],[89.28188,24.46915],[89.28196,24.46481],[89.27773,24.46109],[89.27396,24.45314],[89.27026,24.45123],[89.26094,24.44859],[89.25879,24.44661],[89.25364,24.43788],[89.25388,24.43312],[89.24018,24.43186],[89.23877,24.43381],[89.23882,24.43875],[89.23702,24.43957],[89.22881,24.43862],[89.2263,24.43695],[89.22389,24.43335],[89.2198,24.42955],[89.21655,24.42784],[89.21101,24.42156],[89.2131,24.41307],[89.21269,24.4103],[89.21094,24.40895],[89.20395,24.40736],[89.19337,24.40723],[89.18241,24.41222],[89.17377,24.41263],[89.16554,24.40525],[89.16243,24.40536],[89.15968,24.40347],[89.1565,24.40391],[89.1528,24.40606],[89.14936,24.41105],[89.14583,24.41269],[89.14272,24.41342],[89.13817,24.41161],[89.13431,24.41149],[89.13033,24.41257],[89.12656,24.41467],[89.12415,24.41703],[89.12014,24.41357],[89.11868,24.41064],[89.11579,24.40749],[89.10957,24.40832],[89.10017,24.41328],[89.09556,24.41471],[89.0906,24.41517],[89.08723,24.42039],[89.08467,24.41968],[89.08303,24.41754],[89.08116,24.40974],[89.07883,24.40671],[89.07553,24.40687],[89.07361,24.40797],[89.07139,24.41164],[89.07075,24.41454],[89.07359,24.41916],[89.07217,24.42667],[89.07494,24.4377],[89.07354,24.44028],[89.06812,24.44035],[89.06469,24.43909],[89.05732,24.42932],[89.05557,24.42854],[89.05439,24.42913],[89.05376,24.43561],[89.05499,24.43991],[89.05682,24.443],[89.06232,24.44469],[89.0632,24.44644],[89.06112,24.44993],[89.0576,24.45321],[89.05481,24.45416],[89.05102,24.45381],[89.04885,24.45566],[89.04831,24.45834],[89.04456,24.46401],[89.0403,24.4673],[89.04202,24.47068],[89.04803,24.47526],[89.0478,24.47708],[89.04546,24.47983],[89.04685,24.48243],[89.05241,24.48507],[89.0535,24.48864],[89.05204,24.49797],[89.05296,24.50272],[89.05916,24.50837],[89.05756,24.51668],[89.06529,24.52356],[89.06537,24.52492],[89.06022,24.52698],[89.06111,24.53003],[89.06757,24.5346],[89.07454,24.53359],[89.07791,24.53435],[89.08668,24.54115],[89.09203,24.53943],[89.09447,24.54025],[89.09907,24.55205],[89.09822,24.55495],[89.09924,24.55687],[89.10419,24.56026],[89.10468,24.56514],[89.10397,24.56958],[89.105,24.57308],[89.10455,24.58462],[89.10043,24.58961],[89.0959,24.59229],[89.09537,24.59518],[89.09789,24.59856],[89.09907,24.6028],[89.09938,24.61694],[89.10108,24.61913],[89.1016,24.6215],[89.09858,24.63142],[89.09845,24.63688],[89.10097,24.63997],[89.10366,24.64078],[89.10826,24.63924],[89.11734,24.64377],[89.11765,24.6492],[89.12068,24.65417],[89.1235,24.65486],[89.13047,24.65391],[89.1324,24.65496],[89.13519,24.6589],[89.13651,24.65881],[89.14015,24.65565]]]}},{"type":"Feature","properties":{"district_id":"pabna","upazila_id":"pabna-atghoria","source_name":"Atgharia","source_pcode":"507605","match_method":"unique-near"},"geometry":{"type":"Polygon","coordinates":[[[89.16251,24.1779],[89.16592,24.18499],[89.17148,24.19376],[89.17706,24.19953],[89.18359,24.19966],[89.18894,24.20118],[89.19364,24.19917],[89.19695,24.2006],[89.19933,24.20266],[89.20323,24.19694],[89.20816,24.19228],[89.2096,24.18839],[89.21034,24.17726],[89.21234,24.17313],[89.2142,24.17174],[89.2193,24.17186],[89.22163,24.16904],[89.22467,24.15777],[89.22602,24.15571],[89.2275,24.15518],[89.22901,24.15636],[89.23049,24.16041],[89.23435,24.16127],[89.23444,24.16304],[89.23164,24.16803],[89.23165,24.1698],[89.23304,24.17099],[89.23628,24.17164],[89.24062,24.17114],[89.24702,24.16457],[89.24908,24.16044],[89.2489,24.15497],[89.24706,24.15293],[89.24634,24.14929],[89.24755,24.14659],[89.25021,24.14508],[89.25573,24.14496],[89.26543,24.1544],[89.2683,24.155],[89.27139,24.1536],[89.27352,24.15044],[89.27386,24.14713],[89.27639,24.14059],[89.27665,24.13625],[89.27841,24.13293],[89.28838,24.12381],[89.28972,24.11689],[89.29137,24.11534],[89.29406,24.11565],[89.29987,24.11313],[89.30762,24.11168],[89.3108,24.11245],[89.31361,24.11379],[89.32124,24.12272],[89.32436,24.12326],[89.32758,24.12214],[89.33101,24.1188],[89.33174,24.11685],[89.33044,24.11156],[89.33128,24.11047],[89.33855,24.11022],[89.3425,24.10709],[89.34436,24.10679],[89.34643,24.10848],[89.34727,24.11087],[89.34866,24.11211],[89.35278,24.1095],[89.35921,24.11125],[89.36217,24.11453],[89.36452,24.12306],[89.36868,24.12734],[89.36961,24.12746],[89.37434,24.12758],[89.37695,24.12675],[89.38017,24.12175],[89.38326,24.12018],[89.38694,24.12561],[89.38831,24.12561],[89.39149,24.12237],[89.39561,24.12323],[89.39721,24.12247],[89.40031,24.11691],[89.40357,24.11419],[89.40814,24.11208],[89.40993,24.11201],[89.41102,24.11336],[89.41318,24.12127],[89.41541,24.12102],[89.42066,24.11377],[89.42258,24.10359],[89.41676,24.10098],[89.41622,24.09796],[89.41904,24.09427],[89.4195,24.09239],[89.4184,24.08919],[89.41931,24.08708],[89.42539,24.08182],[89.42691,24.07924],[89.42592,24.07497],[89.42613,24.07177],[89.42823,24.06638],[89.42808,24.06444],[89.4233,24.06039],[89.42303,24.05429],[89.4197,24.05016],[89.41069,24.04644],[89.40656,24.04917],[89.40106,24.05117],[89.39935,24.05313],[89.39944,24.05512],[89.39805,24.05845],[89.39371,24.05907],[89.39212,24.05657],[89.3924,24.04886],[89.39169,24.04694],[89.38811,24.04486],[89.38614,24.04522],[89.38461,24.04662],[89.38432,24.04816],[89.38615,24.05133],[89.38448,24.05672],[89.38275,24.05753],[89.37828,24.05747],[89.36808,24.0521],[89.36641,24.05252],[89.35986,24.06001],[89.35174,24.06164],[89.3499,24.06359],[89.34547,24.07192],[89.34282,24.07331],[89.33921,24.07341],[89.32864,24.06291],[89.31975,24.05741],[89.31815,24.05874],[89.31482,24.06614],[89.31254,24.06764],[89.30462,24.07018],[89.29579,24.06942],[89.29351,24.07143],[89.29211,24.07396],[89.28764,24.07429],[89.28517,24.08025],[89.28394,24.08112],[89.27297,24.08409],[89.26043,24.08518],[89.25259,24.08418],[89.24022,24.0839],[89.2318,24.08673],[89.22792,24.08557],[89.22595,24.08633],[89.22506,24.08982],[89.22344,24.08977],[89.21912,24.08765],[89.21197,24.09188],[89.20892,24.09214],[89.19585,24.0905],[89.1974,24.09551],[89.19765,24.10686],[89.19562,24.10779],[89.18368,24.10762],[89.18208,24.10878],[89.18201,24.11979],[89.17839,24.12348],[89.17891,24.1257],[89.18306,24.12954],[89.18295,24.13114],[89.18636,24.14109],[89.18465,24.14316],[89.18253,24.14279],[89.18198,24.13833],[89.18028,24.13675],[89.17855,24.13739],[89.17697,24.13981],[89.17484,24.14508],[89.17197,24.16012],[89.16548,24.17563],[89.16251,24.1779]]]}},{"type":"Feature","properties":{"district_id":"pabna","upazila_id":"pabna-bera","source_name":"Bera","source_pcode":"507616","match_method":"exact"},"geometry":{"type":"Polygon","coordinates":[[[89.60923,24.10702],[89.61562,24.10614],[89.62138,24.1043],[89.6233,24.09959],[89.62519,24.09763],[89.63008,24.0958],[89.63253,24.09354],[89.63586,24.0923],[89.64525,24.09155],[89.6524,24.08838],[89.66168,24.08569],[89.66481,24.0828],[89.67773,24.0743],[89.68147,24.07123],[89.68382,24.06715],[89.68861,24.06275],[89.68922,24.04203],[89.68995,24.04043],[89.6916,24.03943],[89.69808,24.04431],[89.70094,24.04473],[89.70626,24.04289],[89.70532,24.03873],[89.70671,24.03638],[89.70739,24.03163],[89.7086,24.02962],[89.71208,24.02616],[89.72511,24.02096],[89.73227,24.01638],[89.71061,24.00417],[89.70055,23.99411],[89.69806,23.96735],[89.69843,23.94871],[89.69364,23.94325],[89.69307,23.94012],[89.69353,23.93577],[89.69197,23.93014],[89.69364,23.92719],[89.69668,23.92644],[89.70148,23.92732],[89.70463,23.92589],[89.70589,23.92134],[89.70561,23.91746],[89.70759,23.90622],[89.70737,23.90205],[89.7089,23.89859],[89.70791,23.89609],[89.70563,23.89413],[89.70591,23.88487],[89.70229,23.87864],[89.70154,23.87592],[89.70164,23.86957],[89.70322,23.868],[89.70728,23.87947],[89.70888,23.88103],[89.71049,23.88118],[89.71114,23.87413],[89.715,23.86902],[89.71487,23.86634],[89.71647,23.86305],[89.72232,23.85544],[89.72768,23.85065],[89.73463,23.84211],[89.73973,23.83266],[89.73453,23.83233],[89.73244,23.82867],[89.72924,23.82738],[89.71978,23.82586],[89.71694,23.82451],[89.71223,23.81709],[89.70565,23.8098],[89.70189,23.8088],[89.69274,23.8105],[89.6791,23.80603],[89.66866,23.8052],[89.65598,23.80589],[89.65176,23.81367],[89.64344,23.82576],[89.6324,23.83811],[89.63131,23.8399],[89.63156,23.84337],[89.62815,23.84838],[89.6257,23.85463],[89.62968,23.86366],[89.63055,23.86769],[89.62949,23.87095],[89.62566,23.87654],[89.62648,23.88594],[89.62956,23.89252],[89.62518,23.90302],[89.62179,23.90454],[89.61889,23.90424],[89.61449,23.90133],[89.60809,23.90089],[89.60739,23.90335],[89.60925,23.90761],[89.60749,23.91037],[89.60515,23.91188],[89.59928,23.91372],[89.59203,23.91832],[89.59102,23.92176],[89.59315,23.92339],[89.60091,23.92318],[89.60828,23.92582],[89.61325,23.92256],[89.61927,23.92192],[89.62182,23.92268],[89.62286,23.92525],[89.62079,23.93234],[89.61742,23.93575],[89.61257,23.94357],[89.60963,23.94612],[89.6058,23.94702],[89.59988,23.9504],[89.59332,23.95077],[89.59184,23.95216],[89.59262,23.9542],[89.59476,23.95606],[89.60393,23.95919],[89.60725,23.96172],[89.61791,23.97648],[89.61914,23.98411],[89.62509,23.98346],[89.62827,23.98388],[89.62984,23.98534],[89.62925,23.98723],[89.62486,23.98883],[89.62574,23.99384],[89.62315,24.00682],[89.61924,24.01566],[89.6179,24.02121],[89.61409,24.02439],[89.61569,24.03105],[89.61308,24.03565],[89.61285,24.04101],[89.60537,24.04801],[89.60435,24.05059],[89.60461,24.05589],[89.6064,24.05867],[89.61085,24.06072],[89.61286,24.06292],[89.61362,24.06731],[89.61096,24.0731],[89.61095,24.07578],[89.6146,24.07951],[89.6157,24.08207],[89.61311,24.09213],[89.61634,24.09569],[89.61707,24.09842],[89.61629,24.10111],[89.60923,24.10702]]]}},{"type":"Feature","properties":{"district_id":"pabna","upazila_id":"pabna-bhangura","source_name":"Bhangura","source_pcode":"507619","match_method":"exact"},"geometry":{"type":"Polygon","coordinates":[[[89.397,24.34712],[89.40141,24.34633],[89.40232,24.34455],[89.4014,24.33606],[89.40296,24.3317],[89.40674,24.32949],[89.41035,24.33008],[89.41749,24.33297],[89.41929,24.33278],[89.42254,24.32892],[89.42507,24.32256],[89.42882,24.3188],[89.42892,24.31686],[89.42759,24.31517],[89.42428,24.31458],[89.42239,24.31249],[89.42356,24.30722],[89.4217,24.30342],[89.42236,24.30113],[89.42599,24.29869],[89.42405,24.29262],[89.42919,24.28622],[89.43004,24.2845],[89.42963,24.28188],[89.43355,24.27675],[89.43352,24.27487],[89.42742,24.26513],[89.42711,24.26211],[89.42859,24.25952],[89.43322,24.25719],[89.43726,24.26142],[89.44218,24.26142],[89.44319,24.26255],[89.44377,24.26876],[89.4453,24.2716],[89.44724,24.27186],[89.45046,24.27091],[89.45296,24.27648],[89.45534,24.27696],[89.45737,24.27603],[89.45759,24.27334],[89.46012,24.27166],[89.4628,24.27151],[89.46408,24.27001],[89.4644,24.26562],[89.46445,24.2602],[89.46195,24.25526],[89.46162,24.24956],[89.45931,24.2493],[89.45792,24.24766],[89.45795,24.24509],[89.45693,24.24316],[89.44888,24.24195],[89.44817,24.2395],[89.44933,24.23806],[89.45174,24.23746],[89.45034,24.23474],[89.45135,24.22605],[89.44853,24.22512],[89.43671,24.22548],[89.43232,24.22256],[89.42786,24.2241],[89.42636,24.22405],[89.42416,24.22254],[89.41856,24.20742],[89.41494,24.20233],[89.41461,24.19646],[89.40683,24.18656],[89.40342,24.17775],[89.40345,24.17581],[89.40756,24.17131],[89.40649,24.17007],[89.40213,24.16995],[89.40032,24.16054],[89.39901,24.16046],[89.39736,24.16196],[89.39171,24.16258],[89.38303,24.16959],[89.37682,24.17023],[89.37151,24.17348],[89.36992,24.17989],[89.36164,24.1846],[89.35901,24.18737],[89.35954,24.1897],[89.3633,24.19217],[89.36534,24.1962],[89.36108,24.20806],[89.36373,24.2211],[89.36246,24.23309],[89.35993,24.23557],[89.35616,24.23767],[89.34589,24.23744],[89.34264,24.24032],[89.34368,24.25475],[89.34229,24.2571],[89.3425,24.26395],[89.34418,24.26359],[89.34624,24.26008],[89.34823,24.25949],[89.35704,24.26219],[89.36418,24.26109],[89.36725,24.2622],[89.37105,24.26826],[89.37282,24.26944],[89.38091,24.26918],[89.38422,24.27],[89.38561,24.27192],[89.38631,24.28207],[89.39049,24.28768],[89.38632,24.3021],[89.38466,24.3274],[89.38107,24.33366],[89.38091,24.34091],[89.38266,24.35105],[89.38891,24.34772],[89.39258,24.34723],[89.397,24.34712]]]}},{"type":"Feature","properties":{"district_id":"pabna","upazila_id":"pabna-chatmohar","source_name":"Chatmohar","source_pcode":"507622","match_method":"exact"},"geometry":{"type":"Polygon","coordinates":[[[89.38266,24.35105],[89.38091,24.34091],[89.38107,24.33366],[89.38466,24.3274],[89.38632,24.3021],[89.39049,24.28768],[89.38631,24.28207],[89.38561,24.27192],[89.38422,24.27],[89.38091,24.26918],[89.37282,24.26944],[89.37105,24.26826],[89.36725,24.2622],[89.36418,24.26109],[89.35704,24.26219],[89.34823,24.25949],[89.34624,24.26008],[89.34418,24.26359],[89.3425,24.26395],[89.34209,24.26088],[89.34229,24.2571],[89.34368,24.25475],[89.34264,24.24032],[89.34589,24.23744],[89.35616,24.23767],[89.35993,24.23557],[89.36246,24.23309],[89.36373,24.2211],[89.36108,24.20806],[89.36534,24.1962],[89.3633,24.19217],[89.35954,24.1897],[89.35901,24.18737],[89.36164,24.1846],[89.36992,24.17989],[89.37151,24.17348],[89.37682,24.17023],[89.37593,24.16373],[89.37234,24.16006],[89.36905,24.15103],[89.36958,24.14862],[89.37406,24.14458],[89.37447,24.14281],[89.36961,24.12746],[89.36868,24.12734],[89.36452,24.12306],[89.36217,24.11453],[89.35921,24.11125],[89.35278,24.1095],[89.34866,24.11211],[89.34727,24.11087],[89.34643,24.10848],[89.34436,24.10679],[89.3425,24.10709],[89.33855,24.11022],[89.33128,24.11047],[89.33044,24.11156],[89.33174,24.11685],[89.33101,24.1188],[89.32758,24.12214],[89.32436,24.12326],[89.32124,24.12272],[89.31943,24.1212],[89.31361,24.11379],[89.30762,24.11168],[89.29987,24.11313],[89.29406,24.11565],[89.29137,24.11534],[89.28972,24.11689],[89.28838,24.12381],[89.27841,24.13293],[89.27665,24.13625],[89.27639,24.14059],[89.27386,24.14713],[89.27352,24.15044],[89.27139,24.1536],[89.2683,24.155],[89.26543,24.1544],[89.25573,24.14496],[89.25021,24.14508],[89.24755,24.14659],[89.24634,24.14929],[89.24706,24.15293],[89.2489,24.15497],[89.24908,24.16044],[89.24702,24.16457],[89.24062,24.17114],[89.23628,24.17164],[89.23304,24.17099],[89.23165,24.1698],[89.23164,24.16803],[89.23444,24.16304],[89.23435,24.16127],[89.23049,24.16041],[89.22901,24.15636],[89.2275,24.15518],[89.22602,24.15571],[89.22467,24.15777],[89.22163,24.16904],[89.2193,24.17186],[89.2142,24.17174],[89.21234,24.17313],[89.21034,24.17726],[89.2096,24.18839],[89.20816,24.19228],[89.20323,24.19694],[89.19933,24.20266],[89.20839,24.2077],[89.21237,24.20826],[89.21712,24.21074],[89.2207,24.21438],[89.22297,24.21758],[89.22569,24.22771],[89.22533,24.22987],[89.22362,24.23205],[89.22334,24.2345],[89.22422,24.23624],[89.23006,24.23638],[89.23225,24.238],[89.23449,24.24335],[89.23631,24.24463],[89.23973,24.24487],[89.2428,24.24743],[89.24463,24.25603],[89.24358,24.25747],[89.23653,24.25928],[89.23529,24.26049],[89.23651,24.26494],[89.23904,24.26747],[89.24265,24.26867],[89.24468,24.27306],[89.24837,24.27391],[89.25452,24.27388],[89.25828,24.27677],[89.2608,24.28099],[89.26717,24.28833],[89.26973,24.29562],[89.27269,24.29859],[89.27613,24.30006],[89.27879,24.3049],[89.28837,24.30544],[89.29001,24.30768],[89.28859,24.31974],[89.28971,24.32574],[89.29131,24.32918],[89.29294,24.3308],[89.30062,24.33341],[89.30489,24.33777],[89.3146,24.33756],[89.31721,24.33889],[89.32021,24.34565],[89.32258,24.35527],[89.32121,24.35667],[89.33035,24.35669],[89.33649,24.35947],[89.34202,24.35833],[89.35036,24.35841],[89.35508,24.35671],[89.36161,24.36137],[89.36511,24.36237],[89.37095,24.36042],[89.37729,24.3547],[89.38266,24.35105]]]}},{"type":"Feature","properties":{"district_id":"pabna","upazila_id":"pabna-faridpur","source_name":"Faridpur","source_pcode":"507633","match_method":"exact"},"geometry":{"type":"Polygon","coordinates":[[[89.52211,24.20526],[89.52774,24.20279],[89.52951,24.20094],[89.52911,24.19907],[89.5237,24.19457],[89.52222,24.19139],[89.52224,24.18835],[89.52481,24.18525],[89.53624,24.17964],[89.53794,24.17711],[89.53722,24.17439],[89.52956,24.17338],[89.52834,24.1714],[89.52869,24.16969],[89.53343,24.16592],[89.52839,24.15708],[89.53273,24.13899],[89.52489,24.13806],[89.51915,24.14081],[89.51695,24.14055],[89.51437,24.13745],[89.51263,24.13747],[89.50936,24.13962],[89.50855,24.14385],[89.50549,24.14708],[89.50275,24.14706],[89.49837,24.14551],[89.49334,24.14055],[89.49287,24.13844],[89.48901,24.13335],[89.48651,24.13258],[89.47285,24.13919],[89.47024,24.13848],[89.46644,24.13345],[89.46371,24.13439],[89.46098,24.1395],[89.45939,24.14094],[89.45708,24.13989],[89.45581,24.13813],[89.45434,24.13039],[89.45261,24.12619],[89.44974,24.12656],[89.44817,24.12584],[89.44759,24.12316],[89.45049,24.11765],[89.45296,24.1158],[89.45412,24.11042],[89.45364,24.1066],[89.45004,24.09867],[89.44804,24.09731],[89.44174,24.09567],[89.43661,24.09784],[89.43031,24.09574],[89.42564,24.09608],[89.42339,24.09885],[89.42066,24.11377],[89.41541,24.12102],[89.41318,24.12127],[89.41102,24.11336],[89.40993,24.11201],[89.40814,24.11208],[89.40357,24.11419],[89.40031,24.11691],[89.39721,24.12247],[89.39561,24.12323],[89.39149,24.12237],[89.38831,24.12561],[89.38694,24.12561],[89.38326,24.12018],[89.38017,24.12175],[89.37695,24.12675],[89.37434,24.12758],[89.36961,24.12746],[89.37447,24.14281],[89.37406,24.14458],[89.36958,24.14862],[89.36905,24.15103],[89.37234,24.16006],[89.37593,24.16373],[89.37682,24.17023],[89.38303,24.16959],[89.39171,24.16258],[89.39736,24.16196],[89.39901,24.16046],[89.40032,24.16054],[89.40213,24.16995],[89.40649,24.17007],[89.40756,24.17131],[89.40345,24.17581],[89.40342,24.17775],[89.4058,24.18406],[89.40683,24.18656],[89.41461,24.19646],[89.41558,24.20392],[89.41856,24.20742],[89.42416,24.22254],[89.42636,24.22405],[89.43232,24.22256],[89.43671,24.22548],[89.44853,24.22512],[89.45135,24.22605],[89.45034,24.23474],[89.45174,24.23746],[89.46207,24.23729],[89.471,24.23895],[89.47376,24.24075],[89.47694,24.2415],[89.47916,24.23965],[89.48021,24.2303],[89.47871,24.2291],[89.46963,24.23121],[89.46751,24.23014],[89.46768,24.22832],[89.47043,24.22464],[89.47173,24.21583],[89.47868,24.21393],[89.48065,24.21271],[89.48972,24.21203],[89.4898,24.2219],[89.49065,24.22503],[89.49415,24.22584],[89.49694,24.22495],[89.49959,24.22298],[89.50154,24.22011],[89.50425,24.21848],[89.506,24.21863],[89.50914,24.22104],[89.51112,24.21994],[89.5156,24.21172],[89.51788,24.20924],[89.52211,24.20526]]]}},{"type":"Feature","properties":{"district_id":"pabna","upazila_id":"pabna-ishurdi","source_name":"Ishwardi","source_pcode":"507639","match_method":"exact"},"geometry":{"type":"Polygon","coordinates":[[[89.08374,24.16356],[89.08549,24.16495],[89.08861,24.16587],[89.08909,24.16411],[89.0934,24.15979],[89.09652,24.16156],[89.10216,24.16699],[89.12482,24.16696],[89.13595,24.16816],[89.14837,24.16832],[89.15616,24.17127],[89.16073,24.17501],[89.16251,24.1779],[89.16548,24.17563],[89.17004,24.16543],[89.17197,24.16012],[89.17484,24.14508],[89.17697,24.13981],[89.17855,24.13739],[89.18028,24.13675],[89.18198,24.13833],[89.18253,24.14279],[89.18465,24.14316],[89.18636,24.14109],[89.18295,24.13114],[89.18306,24.12954],[89.17891,24.1257],[89.17839,24.12348],[89.18201,24.11979],[89.18208,24.10878],[89.18368,24.10762],[89.19562,24.10779],[89.19765,24.10686],[89.1974,24.09551],[89.19585,24.0905],[89.18677,24.08928],[89.17858,24.08587],[89.17577,24.08413],[89.17285,24.07891],[89.16861,24.07713],[89.15013,24.07587],[89.14646,24.06986],[89.14599,24.06074],[89.14845,24.05307],[89.15022,24.05037],[89.14969,24.04147],[89.15215,24.02764],[89.15264,24.01725],[89.15128,24.01076],[89.15067,24.00061],[89.15186,23.99022],[89.15414,23.97816],[89.15939,23.96396],[89.15963,23.95768],[89.15796,23.94948],[89.1433,23.95305],[89.13575,23.95646],[89.13258,23.95898],[89.12279,23.9623],[89.11039,23.9609],[89.09814,23.96207],[89.09662,23.96287],[89.09534,23.97374],[89.08008,23.97564],[89.07257,23.97779],[89.0668,23.98102],[89.0632,23.98406],[89.05448,24.00772],[89.05109,24.01477],[89.04971,24.02375],[89.04349,24.04251],[89.04029,24.04686],[89.03088,24.0769],[89.01768,24.11044],[89.01511,24.11591],[89.01091,24.11989],[89.00896,24.12049],[89.01288,24.12649],[89.01334,24.13011],[89.01252,24.1349],[89.00861,24.14193],[89.00695,24.14365],[89.00262,24.14569],[89.00177,24.14753],[89.00426,24.14801],[89.01057,24.14679],[89.01557,24.15013],[89.01311,24.15215],[89.00237,24.15348],[89.00072,24.15588],[89.00137,24.1573],[89.00591,24.15923],[89.00816,24.16112],[89.01667,24.16238],[89.02035,24.16386],[89.02631,24.17042],[89.02829,24.17034],[89.03236,24.16709],[89.03394,24.15617],[89.03557,24.15117],[89.03766,24.14784],[89.04098,24.14433],[89.04481,24.1427],[89.05083,24.14199],[89.05213,24.14265],[89.05356,24.14876],[89.05668,24.15076],[89.0681,24.15078],[89.08216,24.15336],[89.08403,24.15457],[89.08487,24.15736],[89.08379,24.16191],[89.08374,24.16356]]]}},{"type":"Feature","properties":{"district_id":"pabna","upazila_id":"pabna-pabna-sadar","source_name":"Pabna S.","source_pcode":"507655","match_method":"exact"},"geometry":{"type":"Polygon","coordinates":[[[89.41069,24.04644],[89.41366,24.03574],[89.41541,24.03235],[89.4221,24.02594],[89.42297,24.02154],[89.42196,24.01539],[89.42244,24.01442],[89.42122,24.01146],[89.41902,24.00932],[89.41377,24.00694],[89.41325,24.0006],[89.4101,23.99664],[89.40913,23.9938],[89.4155,23.97329],[89.41507,23.96914],[89.41688,23.96022],[89.41579,23.95784],[89.39271,23.93014],[89.39022,23.92543],[89.3884,23.9186],[89.38881,23.90668],[89.38569,23.90798],[89.36909,23.90472],[89.3596,23.90871],[89.35052,23.91837],[89.34704,23.92354],[89.3429,23.92701],[89.32899,23.93118],[89.3242,23.93571],[89.31895,23.94506],[89.31274,23.95336],[89.29925,23.95947],[89.28063,23.96385],[89.27295,23.96642],[89.2575,23.97403],[89.25183,23.97547],[89.24924,23.97591],[89.24659,23.97378],[89.24206,23.96409],[89.23859,23.94933],[89.23367,23.9388],[89.22444,23.93524],[89.2128,23.9262],[89.20981,23.9254],[89.2066,23.92625],[89.20284,23.92999],[89.19824,23.94121],[89.19467,23.95765],[89.19291,23.96258],[89.19071,23.96717],[89.1884,23.96915],[89.18543,23.96926],[89.17564,23.95346],[89.17081,23.95071],[89.16471,23.94881],[89.15796,23.94948],[89.15963,23.95768],[89.15939,23.96396],[89.15534,23.97438],[89.15278,23.98376],[89.15067,24.00061],[89.15128,24.01076],[89.15264,24.01725],[89.15147,24.03353],[89.14969,24.04147],[89.15022,24.05037],[89.14845,24.05307],[89.14599,24.06074],[89.14646,24.06986],[89.15013,24.07587],[89.16861,24.07713],[89.17285,24.07891],[89.17577,24.08413],[89.18677,24.08928],[89.20892,24.09214],[89.21197,24.09188],[89.21912,24.08765],[89.22344,24.08977],[89.22506,24.08982],[89.22595,24.08633],[89.22792,24.08557],[89.2318,24.08673],[89.24022,24.0839],[89.25259,24.08418],[89.26043,24.08518],[89.26571,24.08484],[89.27297,24.08409],[89.28394,24.08112],[89.28517,24.08025],[89.28764,24.07429],[89.29211,24.07396],[89.29351,24.07143],[89.29579,24.06942],[89.30462,24.07018],[89.31254,24.06764],[89.31482,24.06614],[89.31815,24.05874],[89.31975,24.05741],[89.32864,24.06291],[89.33921,24.07341],[89.34282,24.07331],[89.34547,24.07192],[89.3499,24.06359],[89.35174,24.06164],[89.35986,24.06001],[89.36641,24.05252],[89.36808,24.0521],[89.37622,24.05692],[89.38275,24.05753],[89.38448,24.05672],[89.38615,24.05133],[89.38432,24.04816],[89.38461,24.04662],[89.38614,24.04522],[89.38811,24.04486],[89.39169,24.04694],[89.3924,24.04886],[89.39212,24.05657],[89.39371,24.05907],[89.39607,24.05921],[89.39885,24.05753],[89.39935,24.05313],[89.40106,24.05117],[89.40849,24.04806],[89.41069,24.04644]]]}},{"type":"Feature","properties":{"district_id":"pabna","upazila_id":"pabna-santhia","source_name":"Santhia","source_pcode":"507672","match_method":"exact"},"geometry":{"type":"Polygon","coordinates":[[[89.53273,24.13899],[89.53438,24.1363],[89.53625,24.13662],[89.53854,24.1411],[89.5444,24.13755],[89.54833,24.13847],[89.54976,24.13799],[89.55061,24.13256],[89.55242,24.13283],[89.55385,24.13692],[89.55548,24.13838],[89.56529,24.13335],[89.56744,24.13098],[89.56733,24.12865],[89.56558,24.12747],[89.56178,24.12718],[89.55947,24.12578],[89.56322,24.11923],[89.56618,24.11782],[89.56949,24.11807],[89.57084,24.12073],[89.57301,24.12185],[89.57784,24.11985],[89.58131,24.11935],[89.58366,24.11823],[89.58537,24.11633],[89.59375,24.11503],[89.59585,24.11403],[89.59834,24.11035],[89.60118,24.10883],[89.60923,24.10702],[89.61629,24.10111],[89.61707,24.09842],[89.61634,24.09569],[89.61311,24.09213],[89.6157,24.08207],[89.6146,24.07951],[89.61095,24.07578],[89.61096,24.0731],[89.61362,24.06731],[89.61286,24.06292],[89.61085,24.06072],[89.6064,24.05867],[89.60461,24.05589],[89.60435,24.05059],[89.60537,24.04801],[89.61285,24.04101],[89.61308,24.03565],[89.61569,24.03105],[89.61409,24.02439],[89.6179,24.02121],[89.61924,24.01566],[89.62315,24.00682],[89.62574,23.99384],[89.62486,23.98883],[89.62925,23.98723],[89.62984,23.98534],[89.62827,23.98388],[89.62509,23.98346],[89.61914,23.98411],[89.61861,23.97784],[89.61107,23.96738],[89.60762,23.9697],[89.60404,23.97039],[89.5864,23.97025],[89.57321,23.97304],[89.55527,23.97377],[89.54935,23.97219],[89.53614,23.96431],[89.5303,23.96375],[89.52909,23.96617],[89.53093,23.96979],[89.53099,23.97304],[89.52877,23.97455],[89.52561,23.97482],[89.51817,23.97063],[89.51218,23.96921],[89.50833,23.96915],[89.50247,23.97183],[89.49747,23.9788],[89.4942,23.98004],[89.48811,23.9792],[89.47927,23.96892],[89.47578,23.97295],[89.47282,23.97356],[89.47093,23.97204],[89.46776,23.97196],[89.46056,23.97256],[89.45878,23.97349],[89.45819,23.97567],[89.46173,23.98071],[89.46127,23.98335],[89.44483,23.99813],[89.43818,24.00237],[89.43578,24.00325],[89.43198,24.00273],[89.42982,23.99938],[89.428,23.99387],[89.42706,23.99251],[89.42444,23.9918],[89.41758,23.99405],[89.41325,24.0006],[89.41377,24.00694],[89.41902,24.00932],[89.42122,24.01146],[89.42244,24.01442],[89.42196,24.01539],[89.42297,24.02154],[89.4221,24.02594],[89.41541,24.03235],[89.41366,24.03574],[89.41069,24.04644],[89.4197,24.05016],[89.42126,24.0518],[89.42303,24.05429],[89.4233,24.06039],[89.42808,24.06444],[89.42823,24.06638],[89.42613,24.07177],[89.42592,24.07497],[89.42691,24.07924],[89.42539,24.08182],[89.41931,24.08708],[89.4184,24.08919],[89.4195,24.09239],[89.41904,24.09427],[89.41622,24.09796],[89.41676,24.10098],[89.42258,24.10359],[89.42339,24.09885],[89.42564,24.09608],[89.42757,24.09549],[89.43661,24.09784],[89.44174,24.09567],[89.44804,24.09731],[89.45004,24.09867],[89.45364,24.1066],[89.45412,24.11042],[89.45296,24.1158],[89.44872,24.12013],[89.44759,24.12316],[89.44817,24.12584],[89.44974,24.12656],[89.45261,24.12619],[89.45434,24.13039],[89.45581,24.13813],[89.45708,24.13989],[89.45939,24.14094],[89.46098,24.1395],[89.46371,24.13439],[89.46644,24.13345],[89.47024,24.13848],[89.47285,24.13919],[89.48651,24.13258],[89.48901,24.13335],[89.49287,24.13844],[89.49334,24.14055],[89.49837,24.14551],[89.50275,24.14706],[89.50549,24.14708],[89.50855,24.14385],[89.50936,24.13962],[89.51096,24.13823],[89.51437,24.13745],[89.51695,24.14055],[89.51915,24.14081],[89.52489,24.13806],[89.53273,24.13899]]]}},{"type":"Feature","properties":{"district_id":"pabna","upazila_id":"pabna-sujanagar","source_name":"Sujanagar","source_pcode":"507683","match_method":"exact"},"geometry":{"type":"Polygon","coordinates":[[[89.61107,23.96738],[89.60725,23.96172],[89.60393,23.95919],[89.59476,23.95606],[89.59262,23.9542],[89.59184,23.95216],[89.59332,23.95077],[89.59988,23.9504],[89.6058,23.94702],[89.60963,23.94612],[89.61257,23.94357],[89.62199,23.92981],[89.62286,23.92525],[89.62182,23.92268],[89.61548,23.92202],[89.61325,23.92256],[89.60828,23.92582],[89.60091,23.92318],[89.59315,23.92339],[89.59102,23.92176],[89.59203,23.91832],[89.59928,23.91372],[89.60515,23.91188],[89.60749,23.91037],[89.60925,23.90761],[89.60739,23.90335],[89.60809,23.90089],[89.61449,23.90133],[89.61889,23.90424],[89.62179,23.90454],[89.62518,23.90302],[89.62956,23.89252],[89.62648,23.88594],[89.62566,23.87654],[89.62949,23.87095],[89.63055,23.86769],[89.62968,23.86366],[89.6257,23.85463],[89.62815,23.84838],[89.63156,23.84337],[89.63131,23.8399],[89.6324,23.83811],[89.64344,23.82576],[89.65176,23.81367],[89.65598,23.80589],[89.6245,23.80761],[89.62089,23.80443],[89.61409,23.80179],[89.60786,23.80242],[89.59682,23.8059],[89.5927,23.80629],[89.58875,23.80494],[89.58619,23.80203],[89.57932,23.79853],[89.56739,23.79823],[89.56023,23.79914],[89.55577,23.80132],[89.55481,23.80333],[89.55582,23.80717],[89.55328,23.80777],[89.54714,23.80702],[89.54341,23.80762],[89.53417,23.81091],[89.53061,23.811],[89.52148,23.8093],[89.51567,23.80993],[89.51165,23.81185],[89.50719,23.81688],[89.49198,23.82826],[89.48373,23.83125],[89.46058,23.84562],[89.43596,23.86516],[89.40749,23.88358],[89.40358,23.88815],[89.39385,23.90304],[89.38881,23.90668],[89.3884,23.9186],[89.39022,23.92543],[89.39271,23.93014],[89.41579,23.95784],[89.41688,23.96022],[89.41507,23.96914],[89.4155,23.97329],[89.40913,23.9938],[89.4101,23.99664],[89.41325,24.0006],[89.41758,23.99405],[89.42444,23.9918],[89.42706,23.99251],[89.428,23.99387],[89.42982,23.99938],[89.43198,24.00273],[89.43578,24.00325],[89.43818,24.00237],[89.44483,23.99813],[89.46127,23.98335],[89.46173,23.98071],[89.45819,23.97567],[89.45878,23.97349],[89.46056,23.97256],[89.46776,23.97196],[89.47093,23.97204],[89.47282,23.97356],[89.47578,23.97295],[89.47927,23.96892],[89.48811,23.9792],[89.4942,23.98004],[89.49747,23.9788],[89.50247,23.97183],[89.50833,23.96915],[89.51218,23.96921],[89.51817,23.97063],[89.52561,23.97482],[89.52877,23.97455],[89.53099,23.97304],[89.53093,23.96979],[89.52909,23.96617],[89.5303,23.96375],[89.53614,23.96431],[89.54935,23.97219],[89.55527,23.97377],[89.57321,23.97304],[89.5864,23.97025],[89.60404,23.97039],[89.60762,23.9697],[89.61107,23.96738]]]}},{"type":"Feature","properties":{"district_id":"rajshahi","upazila_id":"rajshahi-bagha","source_name":"Bagha","source_pcode":"508110","match_method":"exact"},"geometry":{"type":"Polygon","coordinates":[[[88.91584,24.25509],[88.91579,24.24901],[88.91401,24.24433],[88.91082,24.24147],[88.90496,24.2391],[88.90038,24.24122],[88.89814,24.24021],[88.89833,24.2338],[88.89714,24.23239],[88.89229,24.23268],[88.88276,24.22854],[88.87904,24.2308],[88.87878,24.2362],[88.87773,24.23803],[88.87618,24.23748],[88.87452,24.23097],[88.87101,24.22687],[88.87168,24.21789],[88.8726,24.21624],[88.86907,24.20907],[88.8701,24.20622],[88.87397,24.20072],[88.87383,24.19789],[88.87231,24.1949],[88.87185,24.19093],[88.86699,24.18866],[88.86685,24.18662],[88.8708,24.18339],[88.87019,24.17732],[88.86707,24.17458],[88.86483,24.17444],[88.86233,24.17203],[88.86173,24.16715],[88.8632,24.16538],[88.87718,24.16611],[88.88071,24.16527],[88.88628,24.16214],[88.88879,24.1646],[88.89133,24.1652],[88.89256,24.16376],[88.89069,24.15539],[88.89156,24.15367],[88.88197,24.13461],[88.87942,24.13316],[88.87115,24.13326],[88.86823,24.13217],[88.86592,24.12981],[88.86288,24.1215],[88.8597,24.11916],[88.85748,24.12106],[88.85469,24.122],[88.84062,24.12547],[88.83225,24.12699],[88.82047,24.1273],[88.81062,24.12889],[88.79575,24.13458],[88.78716,24.14007],[88.77703,24.14837],[88.76161,24.16291],[88.75581,24.16956],[88.75034,24.17712],[88.74359,24.18877],[88.7403,24.19857],[88.73779,24.20937],[88.73287,24.20937],[88.73264,24.21501],[88.73474,24.23283],[88.73706,24.23283],[88.73979,24.23502],[88.74483,24.23497],[88.747,24.23579],[88.75099,24.23751],[88.75711,24.24243],[88.76266,24.2443],[88.77002,24.24035],[88.77969,24.23768],[88.78217,24.23606],[88.78333,24.23361],[88.78674,24.23198],[88.79015,24.23143],[88.7942,24.232],[88.79619,24.23346],[88.79884,24.23763],[88.80307,24.23934],[88.80898,24.23183],[88.81091,24.23039],[88.81761,24.23099],[88.81992,24.23272],[88.8232,24.23881],[88.82862,24.24198],[88.83101,24.24519],[88.83322,24.25067],[88.83683,24.27679],[88.83815,24.27842],[88.85054,24.28145],[88.85567,24.28536],[88.86073,24.29626],[88.85964,24.30932],[88.86285,24.31382],[88.86782,24.3141],[88.87061,24.31305],[88.87234,24.3111],[88.87436,24.30733],[88.87831,24.29581],[88.87967,24.29426],[88.8814,24.29344],[88.88831,24.29432],[88.89831,24.29323],[88.90332,24.29124],[88.90435,24.28759],[88.90245,24.27501],[88.90446,24.27084],[88.90566,24.26458],[88.90682,24.26207],[88.9088,24.26023],[88.91468,24.25766],[88.91584,24.25509]]]}},{"type":"Feature","properties":{"district_id":"rajshahi","upazila_id":"rajshahi-bagmara","source_name":"Bagmara","source_pcode":"508112","match_method":"exact"},"geometry":{"type":"Polygon","coordinates":[[[88.81482,24.67235],[88.81464,24.66571],[88.81085,24.6586],[88.81406,24.65425],[88.81898,24.65209],[88.8437,24.65741],[88.85075,24.65709],[88.85703,24.65429],[88.86754,24.64605],[88.87054,24.64516],[88.87702,24.63622],[88.88014,24.63658],[88.88134,24.63918],[88.88088,24.64389],[88.88239,24.64485],[88.88425,24.64459],[88.88995,24.64032],[88.8927,24.64023],[88.90063,24.64285],[88.90582,24.64313],[88.91029,24.6416],[88.91208,24.63907],[88.91216,24.63322],[88.91337,24.62946],[88.92248,24.61555],[88.92667,24.60199],[88.92901,24.59855],[88.93211,24.59579],[88.93417,24.58934],[88.94073,24.5913],[88.94618,24.58544],[88.95348,24.58052],[88.95956,24.58453],[88.96171,24.58166],[88.96316,24.58301],[88.96089,24.57361],[88.96124,24.57031],[88.96407,24.56574],[88.9621,24.55327],[88.96071,24.55119],[88.9484,24.5476],[88.93974,24.53937],[88.9365,24.53941],[88.9315,24.54436],[88.92615,24.54545],[88.9148,24.54422],[88.89988,24.53993],[88.89813,24.53842],[88.89711,24.53486],[88.89825,24.53019],[88.89663,24.53021],[88.89353,24.53228],[88.88917,24.53183],[88.8858,24.53046],[88.88409,24.52849],[88.88212,24.52244],[88.8864,24.52023],[88.87595,24.51422],[88.87135,24.51429],[88.8672,24.5182],[88.85802,24.51542],[88.85087,24.51613],[88.84462,24.5128],[88.83889,24.51332],[88.83524,24.51535],[88.83215,24.51903],[88.81847,24.52402],[88.81385,24.52958],[88.80862,24.53043],[88.80258,24.53005],[88.80038,24.52713],[88.79948,24.5235],[88.79692,24.52308],[88.79051,24.52452],[88.78556,24.52691],[88.78167,24.53138],[88.77905,24.53175],[88.77486,24.52982],[88.76863,24.52858],[88.75301,24.52984],[88.7502,24.52925],[88.74857,24.5279],[88.74618,24.52385],[88.74559,24.52039],[88.7461,24.513],[88.74428,24.50984],[88.73129,24.50397],[88.72911,24.50457],[88.72882,24.5073],[88.73028,24.51148],[88.72963,24.51756],[88.72263,24.52389],[88.71493,24.52596],[88.71149,24.53497],[88.71086,24.54315],[88.70919,24.5443],[88.70639,24.54451],[88.70736,24.55108],[88.71133,24.55745],[88.71141,24.56074],[88.70565,24.56586],[88.69496,24.57052],[88.69435,24.57229],[88.6953,24.57398],[88.69785,24.5752],[88.70081,24.5796],[88.70052,24.58261],[88.69382,24.58751],[88.69309,24.58996],[88.69373,24.59319],[88.69318,24.59552],[88.69052,24.59816],[88.68507,24.60214],[88.67815,24.60381],[88.67543,24.60581],[88.6747,24.60907],[88.67998,24.61644],[88.68066,24.63699],[88.68467,24.63905],[88.68753,24.63901],[88.68846,24.63742],[88.69431,24.63599],[88.69467,24.63411],[88.69247,24.6301],[88.69501,24.62956],[88.69784,24.63192],[88.70364,24.63225],[88.70418,24.63832],[88.70232,24.64078],[88.6964,24.64187],[88.69685,24.64362],[88.70104,24.64647],[88.7044,24.65364],[88.70404,24.65683],[88.70183,24.66213],[88.70303,24.66513],[88.70554,24.66658],[88.70966,24.6671],[88.71635,24.67122],[88.7181,24.67126],[88.72229,24.6636],[88.72486,24.66431],[88.72686,24.66594],[88.73534,24.66635],[88.73759,24.66809],[88.73756,24.67138],[88.73627,24.6748],[88.73655,24.6794],[88.73788,24.68171],[88.74119,24.68394],[88.74344,24.68431],[88.75751,24.67229],[88.76822,24.66995],[88.77041,24.67026],[88.77531,24.6757],[88.7825,24.67824],[88.78632,24.68132],[88.78947,24.68582],[88.79673,24.68909],[88.80077,24.6879],[88.80238,24.68584],[88.80412,24.67685],[88.80742,24.67431],[88.81482,24.67235]]]}},{"type":"Feature","properties":{"district_id":"rajshahi","upazila_id":"rajshahi-boalia","source_name":"Boalia","source_pcode":"508122","match_method":"exact"},"geometry":{"type":"Polygon","coordinates":[[[88.47279,24.36772],[88.48013,24.36845],[88.50336,24.36368],[88.51164,24.36388],[88.52898,24.36177],[88.54086,24.3625],[88.54727,24.36318],[88.55208,24.36631],[88.56171,24.36485],[88.56377,24.36483],[88.56438,24.36573],[88.56154,24.36786],[88.55452,24.36952],[88.54445,24.36951],[88.54159,24.37062],[88.54117,24.37312],[88.54205,24.37669],[88.54475,24.38234],[88.55485,24.38542],[88.561,24.38422],[88.56329,24.38283],[88.56602,24.37928],[88.57204,24.37803],[88.57606,24.38503],[88.57925,24.38721],[88.58023,24.38623],[88.5812,24.38151],[88.58858,24.37763],[88.59917,24.37962],[88.61401,24.38638],[88.61769,24.38594],[88.62728,24.37915],[88.63021,24.37799],[88.63412,24.37806],[88.63998,24.38174],[88.64665,24.38274],[88.65371,24.3779],[88.65463,24.37608],[88.65405,24.37273],[88.65012,24.36983],[88.65035,24.368],[88.65463,24.36546],[88.65565,24.35755],[88.65662,24.35539],[88.66312,24.34976],[88.67075,24.34627],[88.67324,24.33658],[88.67246,24.33138],[88.67635,24.32617],[88.67597,24.3155],[88.65875,24.31388],[88.65769,24.31243],[88.65576,24.31181],[88.65477,24.3091],[88.6518,24.30667],[88.65002,24.31056],[88.62975,24.30608],[88.6285,24.30657],[88.62556,24.31486],[88.60779,24.31663],[88.60724,24.31484],[88.60474,24.31383],[88.60399,24.3109],[88.58899,24.3153],[88.58731,24.32468],[88.58626,24.32594],[88.57973,24.32555],[88.57328,24.32732],[88.56973,24.32747],[88.56811,24.32664],[88.55595,24.29641],[88.555,24.29649],[88.5305,24.34206],[88.52871,24.34418],[88.51434,24.34347],[88.50719,24.34468],[88.49829,24.35306],[88.48735,24.35583],[88.47704,24.35985],[88.47128,24.36337],[88.47279,24.36772]]]}},{"type":"Feature","properties":{"district_id":"rajshahi","upazila_id":"rajshahi-charghat","source_name":"Charghat","source_pcode":"508125","match_method":"exact"},"geometry":{"type":"Polygon","coordinates":[[[88.70344,24.36368],[88.70573,24.36013],[88.7047,24.3556],[88.70543,24.35326],[88.70958,24.35038],[88.71054,24.34548],[88.71147,24.34422],[88.71232,24.34382],[88.71348,24.34738],[88.71691,24.34859],[88.71839,24.34727],[88.71974,24.34413],[88.72192,24.34388],[88.72195,24.34036],[88.72866,24.33932],[88.73386,24.33454],[88.73798,24.3383],[88.73935,24.33812],[88.7407,24.3347],[88.74238,24.33553],[88.74409,24.34118],[88.74734,24.34365],[88.74539,24.34929],[88.74597,24.35104],[88.74984,24.35383],[88.75079,24.3557],[88.7498,24.35838],[88.74237,24.36226],[88.74257,24.36391],[88.74432,24.36553],[88.74793,24.36617],[88.75382,24.36366],[88.75619,24.36352],[88.76048,24.36478],[88.7647,24.36314],[88.76653,24.36619],[88.76809,24.36719],[88.76996,24.367],[88.77016,24.36069],[88.77158,24.36005],[88.77359,24.36185],[88.77422,24.36422],[88.77716,24.36635],[88.77714,24.37117],[88.77896,24.37399],[88.7815,24.37259],[88.7827,24.36611],[88.7829,24.35907],[88.78506,24.35677],[88.78577,24.35182],[88.78714,24.35147],[88.7887,24.3527],[88.79118,24.35233],[88.79185,24.34982],[88.79142,24.34228],[88.79222,24.34062],[88.7975,24.33999],[88.79992,24.3382],[88.80399,24.34338],[88.80605,24.34438],[88.81245,24.34328],[88.81902,24.34053],[88.8196,24.34284],[88.81792,24.35076],[88.8186,24.35138],[88.82146,24.35134],[88.8232,24.35036],[88.82434,24.34495],[88.82608,24.34447],[88.82977,24.34721],[88.83232,24.34786],[88.83474,24.34749],[88.83652,24.34373],[88.84103,24.33936],[88.84569,24.33907],[88.85101,24.32691],[88.85043,24.32499],[88.84656,24.32202],[88.84586,24.3196],[88.84615,24.31681],[88.8475,24.3147],[88.85072,24.31397],[88.85263,24.31151],[88.85493,24.30291],[88.85716,24.30215],[88.85966,24.30421],[88.86073,24.29626],[88.85567,24.28536],[88.85378,24.28334],[88.84612,24.27997],[88.83815,24.27842],[88.83683,24.27679],[88.83322,24.25067],[88.83101,24.24519],[88.82862,24.24198],[88.8232,24.23881],[88.81992,24.23272],[88.81761,24.23099],[88.81091,24.23039],[88.80898,24.23183],[88.80307,24.23934],[88.79884,24.23763],[88.79619,24.23346],[88.7942,24.232],[88.79015,24.23143],[88.78674,24.23198],[88.78333,24.23361],[88.78217,24.23606],[88.77969,24.23768],[88.77002,24.24035],[88.76266,24.2443],[88.75711,24.24243],[88.75099,24.23751],[88.747,24.23579],[88.74483,24.23497],[88.73979,24.23502],[88.73706,24.23283],[88.73323,24.23283],[88.73516,24.24235],[88.73648,24.25826],[88.73785,24.2603],[88.73757,24.26755],[88.73469,24.27524],[88.73369,24.27567],[88.73192,24.2793],[88.73095,24.28313],[88.72877,24.28498],[88.72658,24.289],[88.72623,24.29238],[88.72387,24.29413],[88.72276,24.29691],[88.72102,24.29826],[88.70251,24.31066],[88.68879,24.31342],[88.68046,24.31397],[88.67347,24.31349],[88.67347,24.31516],[88.6751,24.31538],[88.67482,24.31457],[88.67597,24.3155],[88.67635,24.32617],[88.67246,24.33138],[88.67324,24.33658],[88.67075,24.34627],[88.67282,24.34931],[88.67215,24.35034],[88.66773,24.35118],[88.66743,24.35243],[88.67051,24.35745],[88.6686,24.36106],[88.6688,24.36213],[88.67384,24.36237],[88.68661,24.35597],[88.69798,24.3542],[88.69978,24.35457],[88.7018,24.35818],[88.70344,24.36368]]]}},{"type":"Feature","properties":{"district_id":"rajshahi","upazila_id":"rajshahi-durgapur","source_name":"Durgapur","source_pcode":"508131","match_method":"exact"},"geometry":{"type":"Polygon","coordinates":[[[88.71493,24.52596],[88.72263,24.52389],[88.72963,24.51756],[88.73028,24.51148],[88.72861,24.50537],[88.73129,24.50397],[88.74428,24.50984],[88.7461,24.513],[88.74559,24.52039],[88.74618,24.52385],[88.74857,24.5279],[88.7502,24.52925],[88.75301,24.52984],[88.76863,24.52858],[88.77486,24.52982],[88.77905,24.53175],[88.78167,24.53138],[88.78556,24.52691],[88.79051,24.52452],[88.79692,24.52308],[88.79948,24.5235],[88.80038,24.52713],[88.80258,24.53005],[88.80862,24.53043],[88.81385,24.52958],[88.81847,24.52402],[88.83215,24.51903],[88.83524,24.51535],[88.83889,24.51332],[88.84462,24.5128],[88.8475,24.51447],[88.84896,24.51076],[88.84819,24.50526],[88.84673,24.50267],[88.8402,24.49673],[88.83968,24.49367],[88.84016,24.49156],[88.84525,24.48969],[88.84473,24.48549],[88.84794,24.48193],[88.84563,24.48077],[88.84298,24.47643],[88.83453,24.47012],[88.83756,24.46798],[88.8434,24.4662],[88.84599,24.46243],[88.85413,24.46125],[88.85711,24.45945],[88.85802,24.45688],[88.8577,24.45547],[88.85519,24.45431],[88.85394,24.45251],[88.8534,24.44695],[88.85214,24.44487],[88.84946,24.44371],[88.84639,24.44096],[88.83949,24.44184],[88.83655,24.44011],[88.83572,24.43757],[88.83273,24.43755],[88.83143,24.43836],[88.83083,24.44195],[88.82918,24.44549],[88.82735,24.44341],[88.8248,24.44242],[88.81603,24.44315],[88.81172,24.44144],[88.8101,24.43987],[88.8092,24.43738],[88.80708,24.4369],[88.80051,24.43958],[88.79829,24.43399],[88.79812,24.42735],[88.80139,24.42368],[88.80489,24.4171],[88.8026,24.41112],[88.79779,24.40766],[88.79865,24.4052],[88.79572,24.40382],[88.78646,24.40665],[88.78304,24.40573],[88.78152,24.40223],[88.77927,24.4014],[88.77622,24.40178],[88.77061,24.39867],[88.76872,24.39596],[88.76654,24.39559],[88.76763,24.40086],[88.76584,24.40202],[88.76124,24.40201],[88.75944,24.40294],[88.75893,24.40908],[88.758,24.41108],[88.75533,24.41173],[88.75277,24.41108],[88.74746,24.4078],[88.74564,24.40497],[88.74426,24.40419],[88.73822,24.4029],[88.73697,24.4015],[88.73997,24.39533],[88.73891,24.39347],[88.7307,24.39379],[88.7307,24.38499],[88.72796,24.38366],[88.72659,24.3843],[88.71856,24.39274],[88.70962,24.39607],[88.71248,24.40422],[88.71186,24.40559],[88.7105,24.40747],[88.70429,24.40874],[88.70268,24.41035],[88.70213,24.41217],[88.70326,24.41419],[88.70745,24.41665],[88.70802,24.41863],[88.70726,24.4267],[88.70596,24.42796],[88.69832,24.42986],[88.69828,24.4327],[88.69476,24.43814],[88.69641,24.44254],[88.69842,24.44462],[88.69763,24.44673],[88.68838,24.4516],[88.68276,24.45053],[88.67599,24.45174],[88.66893,24.44779],[88.66621,24.4502],[88.66628,24.45253],[88.66973,24.45692],[88.67201,24.46297],[88.67336,24.46914],[88.6739,24.47697],[88.67892,24.48463],[88.6776,24.49089],[88.67731,24.50424],[88.6785,24.50553],[88.67968,24.50558],[88.68104,24.50397],[88.68207,24.4993],[88.68349,24.49781],[88.68455,24.49797],[88.68681,24.50033],[88.6889,24.50627],[88.68773,24.5081],[88.67647,24.51045],[88.68214,24.51094],[88.68645,24.51345],[88.69386,24.51422],[88.70899,24.52302],[88.71493,24.52596]]]}},{"type":"Feature","properties":{"district_id":"rajshahi","upazila_id":"rajshahi-godagari","source_name":"Godagari","source_pcode":"508134","match_method":"exact"},"geometry":{"type":"Polygon","coordinates":[[[88.54021,24.49467],[88.53542,24.49489],[88.53291,24.49134],[88.52847,24.48804],[88.52461,24.48874],[88.51604,24.49446],[88.51651,24.49962],[88.51514,24.50088],[88.51379,24.5047],[88.51105,24.50484],[88.50811,24.5009],[88.50784,24.49664],[88.50996,24.48487],[88.51108,24.48338],[88.51473,24.48164],[88.51374,24.47955],[88.50943,24.47613],[88.50823,24.47427],[88.50854,24.47205],[88.51027,24.47056],[88.51499,24.46864],[88.51422,24.46422],[88.51627,24.46335],[88.52088,24.46325],[88.52369,24.46509],[88.52637,24.46523],[88.53532,24.4618],[88.53543,24.4602],[88.53162,24.4578],[88.53149,24.45582],[88.53309,24.45211],[88.53463,24.43597],[88.53238,24.43406],[88.5274,24.43501],[88.52242,24.43206],[88.51812,24.43188],[88.51593,24.43014],[88.51992,24.41829],[88.52014,24.41284],[88.52341,24.40617],[88.52221,24.4026],[88.51965,24.40047],[88.51518,24.39927],[88.51434,24.39644],[88.51462,24.38923],[88.51267,24.38629],[88.50994,24.3861],[88.5079,24.38725],[88.50412,24.39143],[88.49621,24.39037],[88.49156,24.39303],[88.48646,24.3928],[88.48239,24.38863],[88.48138,24.38495],[88.4814,24.37564],[88.47498,24.37406],[88.47343,24.37186],[88.47128,24.36337],[88.45924,24.37137],[88.44838,24.37704],[88.43776,24.38083],[88.4326,24.38167],[88.4239,24.38169],[88.41798,24.37926],[88.4109,24.38477],[88.38494,24.39471],[88.36848,24.40445],[88.36519,24.40715],[88.35472,24.417],[88.34586,24.42826],[88.34189,24.43204],[88.33644,24.44289],[88.32217,24.45627],[88.31442,24.46668],[88.30917,24.47626],[88.30609,24.48611],[88.30541,24.49401],[88.31133,24.51138],[88.31165,24.51655],[88.31136,24.52586],[88.30544,24.5464],[88.30405,24.55521],[88.304,24.5626],[88.30513,24.56571],[88.30757,24.56841],[88.31031,24.56913],[88.31554,24.56857],[88.32308,24.5697],[88.32696,24.57478],[88.32977,24.57697],[88.33128,24.57968],[88.32998,24.5819],[88.33048,24.58451],[88.33266,24.5863],[88.33915,24.58608],[88.34282,24.58503],[88.34699,24.58669],[88.35125,24.59137],[88.35426,24.59617],[88.35689,24.5987],[88.35982,24.59971],[88.36406,24.59994],[88.36785,24.59866],[88.37547,24.60143],[88.38967,24.59983],[88.39628,24.60147],[88.40325,24.59869],[88.40616,24.5936],[88.40896,24.59193],[88.41238,24.59156],[88.42306,24.59651],[88.42798,24.59669],[88.43215,24.59535],[88.44047,24.5888],[88.44359,24.58815],[88.44665,24.59022],[88.44916,24.5936],[88.45084,24.59427],[88.45736,24.59046],[88.45904,24.58789],[88.45847,24.58698],[88.45355,24.58686],[88.45372,24.58425],[88.45602,24.58156],[88.46272,24.5757],[88.46534,24.5746],[88.46912,24.57099],[88.4921,24.55441],[88.49453,24.55451],[88.49777,24.55589],[88.50057,24.55552],[88.51418,24.54722],[88.51649,24.54793],[88.51649,24.55009],[88.51887,24.55069],[88.52209,24.54896],[88.52602,24.55],[88.53172,24.55441],[88.53564,24.55365],[88.53535,24.54729],[88.53178,24.53978],[88.5317,24.53751],[88.53337,24.53579],[88.5346,24.53146],[88.53746,24.53126],[88.54021,24.53435],[88.54184,24.53479],[88.55209,24.53003],[88.55251,24.5281],[88.54907,24.52478],[88.54869,24.52291],[88.5442,24.52137],[88.54393,24.51763],[88.54286,24.51514],[88.53295,24.51422],[88.5322,24.51269],[88.5338,24.50819],[88.53378,24.50303],[88.53855,24.49986],[88.54004,24.49802],[88.54021,24.49467]]]}},{"type":"Feature","properties":{"district_id":"rajshahi","upazila_id":"rajshahi-mohonpur","source_name":"Mohanpur","source_pcode":"508153","match_method":"unique-near"},"geometry":{"type":"Polygon","coordinates":[[[88.68066,24.63699],[88.67998,24.61644],[88.6747,24.60907],[88.67543,24.60581],[88.67815,24.60381],[88.68507,24.60214],[88.69318,24.59552],[88.69373,24.59319],[88.69309,24.58996],[88.69382,24.58751],[88.70052,24.58261],[88.70081,24.5796],[88.69785,24.5752],[88.6953,24.57398],[88.69435,24.57229],[88.69496,24.57052],[88.70565,24.56586],[88.71141,24.56074],[88.71133,24.55745],[88.70736,24.55108],[88.70639,24.54451],[88.70919,24.5443],[88.71086,24.54315],[88.71149,24.53497],[88.71493,24.52596],[88.69386,24.51422],[88.68645,24.51345],[88.68214,24.51094],[88.67279,24.5098],[88.66804,24.50627],[88.66395,24.4995],[88.66032,24.49693],[88.64796,24.49309],[88.64585,24.49164],[88.64492,24.48972],[88.64515,24.47876],[88.64381,24.47412],[88.6386,24.47531],[88.62935,24.48109],[88.61983,24.48255],[88.6176,24.48405],[88.61305,24.48325],[88.611,24.48378],[88.60809,24.48574],[88.60575,24.48883],[88.59528,24.4882],[88.59087,24.49092],[88.58862,24.49071],[88.58582,24.48898],[88.58371,24.49116],[88.58035,24.49107],[88.58032,24.49841],[88.57935,24.50216],[88.58115,24.51361],[88.57998,24.51482],[88.57693,24.51519],[88.5709,24.51809],[88.57103,24.51917],[88.5783,24.52897],[88.57915,24.53464],[88.5771,24.53608],[88.57929,24.53952],[88.58499,24.54536],[88.58848,24.54521],[88.58961,24.54844],[88.59319,24.55374],[88.59152,24.55569],[88.59643,24.56239],[88.59718,24.56448],[88.59384,24.56878],[88.59312,24.57361],[88.58756,24.57248],[88.58864,24.57462],[88.58942,24.5808],[88.59332,24.58768],[88.59396,24.59057],[88.59385,24.59415],[88.59532,24.60067],[88.59377,24.60346],[88.59373,24.60641],[88.59801,24.61506],[88.6019,24.61905],[88.6131,24.61598],[88.62261,24.61111],[88.62634,24.61056],[88.62897,24.61297],[88.62881,24.61553],[88.624,24.62585],[88.62501,24.62765],[88.62724,24.62588],[88.63757,24.62156],[88.64099,24.62192],[88.64694,24.62617],[88.64866,24.63234],[88.65116,24.63379],[88.65315,24.63349],[88.65662,24.62862],[88.67168,24.63612],[88.67393,24.63638],[88.67654,24.63545],[88.68066,24.63699]]]}},{"type":"Feature","properties":{"district_id":"rajshahi","upazila_id":"rajshahi-paba","source_name":"Paba","source_pcode":"508172","match_method":"exact"},"geometry":{"type":"Polygon","coordinates":[[[88.54021,24.49467],[88.5418,24.49023],[88.53998,24.48678],[88.5409,24.48359],[88.54289,24.48346],[88.54713,24.48501],[88.54887,24.48476],[88.55244,24.48768],[88.55642,24.48764],[88.55811,24.4887],[88.55774,24.49012],[88.55706,24.49144],[88.55408,24.49272],[88.55341,24.49413],[88.55515,24.49526],[88.5607,24.49594],[88.56285,24.49126],[88.56664,24.48952],[88.56969,24.48949],[88.57655,24.49265],[88.58035,24.49107],[88.58371,24.49116],[88.58582,24.48898],[88.58862,24.49071],[88.59087,24.49092],[88.59528,24.4882],[88.60575,24.48883],[88.60809,24.48574],[88.611,24.48378],[88.61305,24.48325],[88.6176,24.48405],[88.61983,24.48255],[88.62935,24.48109],[88.6386,24.47531],[88.64381,24.47412],[88.64515,24.47876],[88.64492,24.48972],[88.64585,24.49164],[88.64796,24.49309],[88.66032,24.49693],[88.66395,24.4995],[88.66804,24.50627],[88.67279,24.5098],[88.67647,24.51045],[88.68773,24.5081],[88.6889,24.50627],[88.68832,24.50378],[88.68681,24.50033],[88.68455,24.49797],[88.68349,24.49781],[88.68207,24.4993],[88.68104,24.50397],[88.67968,24.50558],[88.6785,24.50553],[88.67731,24.50424],[88.6776,24.49089],[88.67892,24.48463],[88.6739,24.47697],[88.67336,24.46914],[88.67201,24.46297],[88.66973,24.45692],[88.66628,24.45253],[88.66621,24.4502],[88.66893,24.44779],[88.67599,24.45174],[88.68276,24.45053],[88.68838,24.4516],[88.69763,24.44673],[88.69842,24.44462],[88.69641,24.44254],[88.69476,24.43814],[88.69828,24.4327],[88.69832,24.42986],[88.70596,24.42796],[88.70726,24.4267],[88.70802,24.41863],[88.70745,24.41665],[88.70326,24.41419],[88.70213,24.41217],[88.70268,24.41035],[88.70429,24.40874],[88.7105,24.40747],[88.71248,24.40422],[88.70962,24.39607],[88.70531,24.39186],[88.70285,24.38735],[88.70352,24.38615],[88.70806,24.38519],[88.70904,24.38246],[88.70623,24.3813],[88.70393,24.38177],[88.7026,24.37685],[88.70109,24.37465],[88.70026,24.3712],[88.70344,24.36368],[88.7018,24.35818],[88.69978,24.35457],[88.69798,24.3542],[88.68661,24.35597],[88.67384,24.36237],[88.66998,24.36257],[88.6688,24.36213],[88.6686,24.36106],[88.67051,24.35745],[88.66743,24.35243],[88.66773,24.35118],[88.67215,24.35034],[88.67282,24.34931],[88.67075,24.34627],[88.66312,24.34976],[88.65662,24.35539],[88.65565,24.35755],[88.65463,24.36546],[88.65035,24.368],[88.65012,24.36983],[88.65405,24.37273],[88.65463,24.37608],[88.65371,24.3779],[88.64665,24.38274],[88.64423,24.38283],[88.63693,24.38036],[88.63412,24.37806],[88.63021,24.37799],[88.62728,24.37915],[88.61675,24.38642],[88.61401,24.38638],[88.61083,24.38523],[88.59917,24.37962],[88.58858,24.37763],[88.5812,24.38151],[88.58023,24.38623],[88.57925,24.38721],[88.57606,24.38503],[88.57204,24.37803],[88.56602,24.37928],[88.56329,24.38283],[88.55808,24.38504],[88.55205,24.38488],[88.54475,24.38234],[88.54117,24.37312],[88.54159,24.37062],[88.54252,24.36976],[88.55452,24.36952],[88.55775,24.36881],[88.56396,24.36659],[88.56438,24.36573],[88.56377,24.36483],[88.55208,24.36631],[88.54727,24.36318],[88.52898,24.36177],[88.51164,24.36388],[88.49889,24.36429],[88.48013,24.36845],[88.47279,24.36772],[88.47343,24.37186],[88.47498,24.37406],[88.4814,24.37564],[88.48138,24.38495],[88.48239,24.38863],[88.48646,24.3928],[88.49156,24.39303],[88.49621,24.39037],[88.50412,24.39143],[88.5079,24.38725],[88.50994,24.3861],[88.51267,24.38629],[88.51462,24.38923],[88.51434,24.39644],[88.51518,24.39927],[88.51965,24.40047],[88.52221,24.4026],[88.52341,24.40617],[88.52014,24.41284],[88.51992,24.41829],[88.51593,24.43014],[88.51812,24.43188],[88.52242,24.43206],[88.5274,24.43501],[88.53238,24.43406],[88.53463,24.43597],[88.53309,24.45211],[88.53149,24.45582],[88.53162,24.4578],[88.53543,24.4602],[88.53532,24.4618],[88.52637,24.46523],[88.52369,24.46509],[88.52088,24.46325],[88.51627,24.46335],[88.51422,24.46422],[88.51499,24.46864],[88.51027,24.47056],[88.50854,24.47205],[88.50823,24.47427],[88.50943,24.47613],[88.51374,24.47955],[88.51473,24.48164],[88.51108,24.48338],[88.50996,24.48487],[88.50784,24.49664],[88.50811,24.5009],[88.51105,24.50484],[88.51379,24.5047],[88.51514,24.50088],[88.51651,24.49962],[88.51604,24.49446],[88.52461,24.48874],[88.52847,24.48804],[88.53291,24.49134],[88.53542,24.49489],[88.54021,24.49467]]]}},{"type":"Feature","properties":{"district_id":"rajshahi","upazila_id":"rajshahi-puthia","source_name":"Puthia","source_pcode":"508182","match_method":"exact"},"geometry":{"type":"Polygon","coordinates":[[[88.8475,24.51447],[88.85087,24.51613],[88.85802,24.51542],[88.8672,24.5182],[88.87135,24.51429],[88.87595,24.51422],[88.8864,24.52023],[88.89349,24.52008],[88.89784,24.51844],[88.89755,24.51294],[88.89865,24.51043],[88.89971,24.51024],[88.90839,24.51286],[88.91611,24.51361],[88.9248,24.51713],[88.92622,24.51689],[88.92702,24.51546],[88.92316,24.50796],[88.92289,24.50399],[88.91611,24.50493],[88.91285,24.50315],[88.90906,24.48804],[88.90724,24.48636],[88.89695,24.48405],[88.89522,24.47777],[88.8924,24.47434],[88.89558,24.4676],[88.89677,24.46174],[88.89362,24.45542],[88.89391,24.45286],[88.90028,24.44773],[88.90125,24.44528],[88.89983,24.43803],[88.89672,24.43159],[88.8967,24.42853],[88.89785,24.42488],[88.90189,24.42426],[88.90281,24.42187],[88.89899,24.4117],[88.90057,24.40782],[88.89809,24.39956],[88.89167,24.38999],[88.88993,24.38348],[88.89365,24.38026],[88.8945,24.37105],[88.89318,24.3679],[88.88941,24.36442],[88.88367,24.36273],[88.87964,24.36261],[88.87222,24.36066],[88.86277,24.3614],[88.85588,24.35546],[88.8511,24.3457],[88.84778,24.34438],[88.84569,24.33907],[88.84103,24.33936],[88.83652,24.34373],[88.83474,24.34749],[88.83232,24.34786],[88.82977,24.34721],[88.82608,24.34447],[88.82434,24.34495],[88.8232,24.35036],[88.82146,24.35134],[88.8186,24.35138],[88.81792,24.35076],[88.8196,24.34284],[88.81902,24.34053],[88.81245,24.34328],[88.80605,24.34438],[88.80399,24.34338],[88.79992,24.3382],[88.7975,24.33999],[88.79222,24.34062],[88.79142,24.34228],[88.79185,24.34982],[88.79118,24.35233],[88.7887,24.3527],[88.78714,24.35147],[88.78577,24.35182],[88.78506,24.35677],[88.7829,24.35907],[88.7827,24.36611],[88.7815,24.37259],[88.77896,24.37399],[88.77714,24.37117],[88.77716,24.36635],[88.77422,24.36422],[88.77359,24.36185],[88.77158,24.36005],[88.77016,24.36069],[88.76996,24.367],[88.76809,24.36719],[88.76653,24.36619],[88.7647,24.36314],[88.76048,24.36478],[88.75619,24.36352],[88.75382,24.36366],[88.74793,24.36617],[88.74432,24.36553],[88.74257,24.36391],[88.74237,24.36226],[88.7498,24.35838],[88.75079,24.3557],[88.74984,24.35383],[88.74597,24.35104],[88.74539,24.34929],[88.74734,24.34365],[88.74409,24.34118],[88.74238,24.33553],[88.7407,24.3347],[88.73935,24.33812],[88.7368,24.33776],[88.73386,24.33454],[88.72866,24.33932],[88.72195,24.34036],[88.72192,24.34388],[88.71974,24.34413],[88.71839,24.34727],[88.71691,24.34859],[88.71348,24.34738],[88.71232,24.34382],[88.71147,24.34422],[88.71054,24.34548],[88.70958,24.35038],[88.70543,24.35326],[88.7047,24.3556],[88.70573,24.36013],[88.70026,24.3712],[88.70393,24.38177],[88.70623,24.3813],[88.70904,24.38246],[88.70806,24.38519],[88.70352,24.38615],[88.70285,24.38735],[88.70531,24.39186],[88.70962,24.39607],[88.71856,24.39274],[88.72183,24.38884],[88.72394,24.38779],[88.72659,24.3843],[88.72796,24.38366],[88.7307,24.38499],[88.7307,24.39379],[88.73729,24.39309],[88.73891,24.39347],[88.73997,24.39533],[88.73697,24.4015],[88.73822,24.4029],[88.74426,24.40419],[88.74564,24.40497],[88.74746,24.4078],[88.75277,24.41108],[88.75533,24.41173],[88.758,24.41108],[88.75893,24.40908],[88.75944,24.40294],[88.76124,24.40201],[88.76584,24.40202],[88.76763,24.40086],[88.76654,24.39559],[88.76872,24.39596],[88.77061,24.39867],[88.77622,24.40178],[88.77927,24.4014],[88.78152,24.40223],[88.78304,24.40573],[88.78646,24.40665],[88.79572,24.40382],[88.79865,24.4052],[88.79779,24.40766],[88.8026,24.41112],[88.80489,24.4171],[88.80139,24.42368],[88.79812,24.42735],[88.79829,24.43399],[88.80051,24.43958],[88.80708,24.4369],[88.8092,24.43738],[88.8101,24.43987],[88.81172,24.44144],[88.81603,24.44315],[88.8248,24.44242],[88.82735,24.44341],[88.82918,24.44549],[88.83083,24.44195],[88.83143,24.43836],[88.83273,24.43755],[88.83572,24.43757],[88.83655,24.44011],[88.83949,24.44184],[88.84639,24.44096],[88.84946,24.44371],[88.85214,24.44487],[88.8541,24.44904],[88.85394,24.45251],[88.85519,24.45431],[88.8577,24.45547],[88.85802,24.45688],[88.85711,24.45945],[88.85413,24.46125],[88.84599,24.46243],[88.8434,24.4662],[88.83756,24.46798],[88.83453,24.47012],[88.84298,24.47643],[88.84563,24.48077],[88.84794,24.48193],[88.84473,24.48549],[88.84525,24.48969],[88.84016,24.49156],[88.83968,24.49367],[88.8402,24.49673],[88.84673,24.50267],[88.84819,24.50526],[88.84896,24.51076],[88.8475,24.51447]]]}},{"type":"Feature","properties":{"district_id":"rajshahi","upazila_id":"rajshahi-tanore","source_name":"Tanore","source_pcode":"508194","match_method":"exact"},"geometry":{"type":"Polygon","coordinates":[[[88.59065,24.69501],[88.59404,24.69997],[88.60159,24.70024],[88.60517,24.70184],[88.61401,24.70147],[88.61668,24.69974],[88.61823,24.6975],[88.62291,24.69762],[88.6244,24.69664],[88.62579,24.68982],[88.62185,24.68685],[88.62255,24.67776],[88.62347,24.6761],[88.62708,24.67567],[88.62963,24.67331],[88.62986,24.66985],[88.62952,24.66616],[88.62553,24.66592],[88.62446,24.66372],[88.62404,24.65515],[88.62522,24.65446],[88.62883,24.64261],[88.6262,24.64031],[88.62402,24.63976],[88.62845,24.62961],[88.63125,24.62901],[88.63415,24.62308],[88.62724,24.62588],[88.62501,24.62765],[88.624,24.62585],[88.62881,24.61553],[88.62897,24.61297],[88.62634,24.61056],[88.62261,24.61111],[88.6131,24.61598],[88.6019,24.61905],[88.59801,24.61506],[88.59373,24.60641],[88.59377,24.60346],[88.59532,24.60067],[88.59385,24.59415],[88.59396,24.59057],[88.59332,24.58768],[88.58942,24.5808],[88.58864,24.57462],[88.58756,24.57248],[88.59312,24.57361],[88.59384,24.56878],[88.59718,24.56448],[88.59643,24.56239],[88.59152,24.55569],[88.59319,24.55374],[88.58961,24.54844],[88.58848,24.54521],[88.58499,24.54536],[88.57929,24.53952],[88.5771,24.53608],[88.57915,24.53464],[88.5783,24.52897],[88.5743,24.5243],[88.5709,24.51809],[88.57693,24.51519],[88.57998,24.51482],[88.58115,24.51361],[88.57935,24.50216],[88.58032,24.49841],[88.58035,24.49107],[88.57655,24.49265],[88.56969,24.48949],[88.56664,24.48952],[88.56285,24.49126],[88.5607,24.49594],[88.55515,24.49526],[88.55341,24.49413],[88.55408,24.49272],[88.55706,24.49144],[88.55811,24.4887],[88.55642,24.48764],[88.55244,24.48768],[88.54887,24.48476],[88.54713,24.48501],[88.54289,24.48346],[88.5409,24.48359],[88.53998,24.48678],[88.5418,24.49023],[88.54021,24.49467],[88.54004,24.49802],[88.53855,24.49986],[88.53378,24.50303],[88.5338,24.50819],[88.5322,24.51269],[88.53295,24.51422],[88.54286,24.51514],[88.54393,24.51763],[88.5442,24.52137],[88.54869,24.52291],[88.54907,24.52478],[88.55251,24.5281],[88.55209,24.53003],[88.54184,24.53479],[88.54021,24.53435],[88.53746,24.53126],[88.5346,24.53146],[88.53337,24.53579],[88.5317,24.53751],[88.53178,24.53978],[88.53535,24.54729],[88.53564,24.55365],[88.53172,24.55441],[88.52602,24.55],[88.52209,24.54896],[88.51887,24.55069],[88.51649,24.55009],[88.51649,24.54793],[88.51418,24.54722],[88.50057,24.55552],[88.49777,24.55589],[88.49453,24.55451],[88.4921,24.55441],[88.46912,24.57099],[88.46534,24.5746],[88.46272,24.5757],[88.45602,24.58156],[88.45372,24.58425],[88.45355,24.58686],[88.45847,24.58698],[88.45904,24.58789],[88.45736,24.59046],[88.45084,24.59427],[88.44916,24.5936],[88.44665,24.59022],[88.44359,24.58815],[88.44047,24.5888],[88.43215,24.59535],[88.42798,24.59669],[88.42306,24.59651],[88.41238,24.59156],[88.40896,24.59193],[88.40616,24.5936],[88.40325,24.59869],[88.39628,24.60147],[88.41333,24.61085],[88.41601,24.6135],[88.42107,24.61521],[88.42319,24.61672],[88.42308,24.61865],[88.41894,24.62778],[88.4197,24.63032],[88.4285,24.63467],[88.42939,24.63726],[88.42864,24.63898],[88.42928,24.64148],[88.42319,24.64687],[88.42445,24.65055],[88.42738,24.64938],[88.43037,24.64993],[88.43337,24.65171],[88.43539,24.65555],[88.43697,24.66376],[88.43848,24.66637],[88.44141,24.66685],[88.44633,24.66334],[88.46083,24.65839],[88.4679,24.66223],[88.46996,24.66198],[88.47,24.65903],[88.47118,24.65703],[88.48051,24.65552],[88.48619,24.65677],[88.49025,24.65623],[88.49294,24.65858],[88.48979,24.66446],[88.49167,24.667],[88.4948,24.66833],[88.50109,24.66771],[88.50174,24.67354],[88.50754,24.67308],[88.51067,24.67516],[88.51156,24.67855],[88.51063,24.68169],[88.50796,24.68228],[88.50203,24.68171],[88.49877,24.67908],[88.49372,24.67884],[88.49034,24.67689],[88.48541,24.6766],[88.48344,24.67803],[88.48056,24.67823],[88.47862,24.67592],[88.47836,24.67314],[88.4761,24.67067],[88.47174,24.67094],[88.46812,24.67228],[88.46053,24.67587],[88.4583,24.67856],[88.45931,24.68201],[88.464,24.68566],[88.47074,24.68611],[88.4814,24.68345],[88.48564,24.68494],[88.49022,24.69063],[88.49167,24.69481],[88.4913,24.70668],[88.4978,24.7106],[88.5005,24.71551],[88.50855,24.71719],[88.51446,24.71282],[88.52019,24.71032],[88.54317,24.70293],[88.55103,24.70479],[88.55858,24.70488],[88.56537,24.70311],[88.57519,24.69619],[88.57467,24.69246],[88.5714,24.68647],[88.57188,24.68408],[88.57436,24.6819],[88.57798,24.68129],[88.58362,24.68492],[88.58962,24.69037],[88.59065,24.69501]]]}},{"type":"Feature","properties":{"district_id":"sirajganj","upazila_id":"sirajganj-belkuchi","source_name":"Belkuchi","source_pcode":"508811","match_method":"exact"},"geometry":{"type":"Polygon","coordinates":[[[89.7631,24.37251],[89.76013,24.36806],[89.74976,24.3573],[89.74606,24.34918],[89.74612,24.34659],[89.74739,24.34262],[89.74969,24.33985],[89.75375,24.33654],[89.76073,24.33332],[89.76637,24.32845],[89.76851,24.32379],[89.76888,24.30662],[89.77374,24.29825],[89.78117,24.28791],[89.78277,24.28216],[89.78312,24.27553],[89.77372,24.27809],[89.76339,24.28605],[89.75578,24.28535],[89.75523,24.28222],[89.74927,24.27511],[89.73813,24.26419],[89.73308,24.263],[89.72742,24.26337],[89.71938,24.25891],[89.70679,24.25799],[89.70522,24.2571],[89.7026,24.25274],[89.69788,24.25377],[89.69656,24.25248],[89.69548,24.24599],[89.69401,24.24452],[89.6857,24.24253],[89.68492,24.24036],[89.68681,24.23777],[89.6832,24.23815],[89.6784,24.234],[89.67508,24.23696],[89.66083,24.23999],[89.65937,24.23836],[89.65836,24.23375],[89.65531,24.22979],[89.65481,24.2254],[89.65559,24.22323],[89.65467,24.22079],[89.65298,24.22029],[89.65043,24.21987],[89.64902,24.22177],[89.64871,24.22972],[89.64596,24.23693],[89.6339,24.2372],[89.63237,24.23933],[89.63163,24.24408],[89.6299,24.24478],[89.62226,24.24174],[89.62408,24.25125],[89.62084,24.255],[89.62044,24.25706],[89.62197,24.2721],[89.62525,24.27491],[89.62888,24.27573],[89.63346,24.27458],[89.63651,24.2746],[89.63753,24.2755],[89.63833,24.27948],[89.63541,24.28814],[89.63593,24.29348],[89.63795,24.29558],[89.64235,24.2941],[89.64391,24.29437],[89.64455,24.2955],[89.64433,24.29749],[89.64281,24.29974],[89.63579,24.30086],[89.63528,24.30804],[89.63965,24.30891],[89.64368,24.30795],[89.64544,24.30895],[89.64751,24.30578],[89.64912,24.30502],[89.65144,24.30631],[89.65266,24.31331],[89.65948,24.31545],[89.65949,24.3199],[89.6557,24.32434],[89.65854,24.33048],[89.66447,24.33496],[89.67175,24.33475],[89.6735,24.33541],[89.67413,24.33985],[89.67551,24.34092],[89.67725,24.34055],[89.67992,24.33618],[89.68141,24.33565],[89.68791,24.34093],[89.69073,24.34642],[89.69503,24.35065],[89.69556,24.35224],[89.69492,24.35481],[89.69273,24.35884],[89.69304,24.36214],[89.69396,24.36573],[89.69892,24.37217],[89.70039,24.37032],[89.70268,24.36921],[89.70585,24.36888],[89.70718,24.36989],[89.71096,24.37703],[89.71534,24.37783],[89.71864,24.37744],[89.72352,24.3788],[89.72451,24.37868],[89.72726,24.37499],[89.72887,24.37502],[89.73241,24.38159],[89.73396,24.38128],[89.73851,24.3774],[89.7433,24.37694],[89.74464,24.37555],[89.74119,24.36225],[89.74144,24.35808],[89.74385,24.35707],[89.74712,24.35931],[89.7489,24.37293],[89.75259,24.37339],[89.75482,24.37273],[89.75919,24.37364],[89.7631,24.37251]]]}},{"type":"Feature","properties":{"district_id":"sirajganj","upazila_id":"sirajganj-chauhali","source_name":"Chauhali","source_pcode":"508827","match_method":"exact"},"geometry":{"type":"Polygon","coordinates":[[[89.78312,24.27553],[89.78315,24.26763],[89.78127,24.25513],[89.77683,24.243],[89.77733,24.23542],[89.77991,24.2211],[89.79305,24.17782],[89.79295,24.17379],[89.79257,24.17139],[89.79103,24.16986],[89.7784,24.16721],[89.77625,24.16602],[89.7748,24.16282],[89.77912,24.15601],[89.78231,24.15374],[89.78631,24.15365],[89.798,24.15642],[89.79918,24.15601],[89.8036,24.1434],[89.80581,24.1416],[89.81446,24.13808],[89.81573,24.13653],[89.81197,24.1261],[89.81239,24.10825],[89.81535,24.09467],[89.81882,24.08902],[89.81978,24.08499],[89.81862,24.07387],[89.81619,24.06671],[89.80959,24.0577],[89.79875,24.04907],[89.79393,24.0436],[89.78985,24.04037],[89.7796,24.03512],[89.77899,24.0307],[89.77185,24.02724],[89.76708,24.02585],[89.76297,24.02547],[89.75275,24.02762],[89.74978,24.02597],[89.74625,24.02655],[89.73227,24.01638],[89.72511,24.02096],[89.71208,24.02616],[89.7086,24.02962],[89.70739,24.03163],[89.70671,24.03638],[89.70532,24.03873],[89.70626,24.04289],[89.70094,24.04473],[89.69808,24.04431],[89.6916,24.03943],[89.68995,24.04043],[89.68922,24.04203],[89.68861,24.06275],[89.69503,24.06831],[89.69594,24.07024],[89.69812,24.07038],[89.69878,24.0734],[89.69672,24.07645],[89.70699,24.08099],[89.71212,24.07967],[89.7155,24.08104],[89.71653,24.08326],[89.71678,24.0917],[89.71767,24.09272],[89.72035,24.09331],[89.72497,24.08623],[89.72684,24.08706],[89.73186,24.09789],[89.73387,24.099],[89.7468,24.09917],[89.74978,24.10284],[89.75273,24.1044],[89.75362,24.1057],[89.75246,24.11125],[89.75385,24.11186],[89.75923,24.11053],[89.76514,24.11079],[89.76749,24.11344],[89.76821,24.116],[89.76676,24.11882],[89.76,24.11965],[89.75632,24.12244],[89.75002,24.12498],[89.74747,24.12176],[89.74493,24.12214],[89.74359,24.12392],[89.74235,24.13181],[89.73958,24.13311],[89.73422,24.13295],[89.7271,24.13442],[89.72005,24.14096],[89.71898,24.14383],[89.72095,24.15053],[89.72294,24.1545],[89.72863,24.15642],[89.72945,24.16109],[89.72907,24.16475],[89.73024,24.1677],[89.73473,24.16872],[89.7352,24.17065],[89.73447,24.17534],[89.73351,24.1777],[89.73101,24.1799],[89.72366,24.18034],[89.72269,24.18189],[89.72327,24.19073],[89.71861,24.19484],[89.71534,24.20498],[89.71252,24.20799],[89.7113,24.21325],[89.70845,24.21757],[89.71066,24.22325],[89.70983,24.22657],[89.70807,24.22928],[89.70522,24.22983],[89.7012,24.2276],[89.70016,24.22829],[89.69802,24.23394],[89.68925,24.23582],[89.68492,24.24036],[89.6857,24.24253],[89.68726,24.24335],[89.69401,24.24452],[89.69611,24.24763],[89.69656,24.25248],[89.69788,24.25377],[89.7026,24.25274],[89.70522,24.2571],[89.70679,24.25799],[89.71938,24.25891],[89.72742,24.26337],[89.73308,24.263],[89.73813,24.26419],[89.74927,24.27511],[89.75523,24.28222],[89.75578,24.28535],[89.76339,24.28605],[89.77372,24.27809],[89.78312,24.27553]]]}},{"type":"Feature","properties":{"district_id":"sirajganj","upazila_id":"sirajganj-kamarkhand","source_name":"Kamarkhanda","source_pcode":"508844","match_method":"unique-near"},"geometry":{"type":"Polygon","coordinates":[[[89.62206,24.45602],[89.62337,24.45246],[89.62837,24.4528],[89.63067,24.45221],[89.63094,24.44991],[89.62855,24.44389],[89.62907,24.44171],[89.63159,24.43883],[89.63104,24.43581],[89.62813,24.43682],[89.62598,24.43856],[89.62204,24.4381],[89.62177,24.43616],[89.6253,24.43497],[89.62614,24.43325],[89.62383,24.42951],[89.62425,24.4278],[89.62811,24.42758],[89.62572,24.4227],[89.6259,24.41722],[89.63142,24.41515],[89.6356,24.4155],[89.64496,24.42023],[89.64733,24.42037],[89.65177,24.41746],[89.65414,24.4172],[89.65621,24.41832],[89.65286,24.42367],[89.65289,24.42544],[89.65424,24.42816],[89.65613,24.42933],[89.66042,24.42842],[89.66193,24.42926],[89.66096,24.43538],[89.66186,24.43736],[89.66341,24.43728],[89.66601,24.43126],[89.66885,24.42935],[89.67011,24.42704],[89.66947,24.42163],[89.67068,24.41933],[89.67539,24.42098],[89.67986,24.42064],[89.6801,24.41561],[89.68158,24.41445],[89.687,24.41472],[89.69165,24.41335],[89.69231,24.41151],[89.68775,24.40689],[89.68775,24.39919],[89.68967,24.38992],[89.68773,24.3855],[89.68837,24.3824],[89.69124,24.37883],[89.69462,24.38381],[89.69712,24.38007],[89.69979,24.3798],[89.70145,24.37795],[89.70142,24.37601],[89.69396,24.36573],[89.69273,24.35884],[89.69556,24.35224],[89.69503,24.35065],[89.69003,24.34546],[89.68924,24.34251],[89.68141,24.33565],[89.67992,24.33618],[89.67725,24.34055],[89.67551,24.34092],[89.67413,24.33985],[89.6735,24.33541],[89.67175,24.33475],[89.66447,24.33496],[89.65854,24.33048],[89.6557,24.32434],[89.65949,24.3199],[89.65948,24.31545],[89.65266,24.31331],[89.65144,24.30631],[89.64912,24.30502],[89.64751,24.30578],[89.64544,24.30895],[89.64368,24.30795],[89.63965,24.30891],[89.63528,24.30804],[89.63464,24.3116],[89.62983,24.32227],[89.62769,24.33343],[89.62747,24.33964],[89.62449,24.34825],[89.62379,24.35961],[89.6204,24.36645],[89.6207,24.36941],[89.6265,24.38206],[89.62605,24.38565],[89.62299,24.38547],[89.62116,24.38401],[89.6181,24.37538],[89.61571,24.37329],[89.61427,24.37309],[89.61256,24.37505],[89.61279,24.37835],[89.61446,24.38113],[89.61391,24.38638],[89.6094,24.38884],[89.60307,24.39086],[89.5983,24.3968],[89.59045,24.401],[89.59079,24.40311],[89.59636,24.40846],[89.59628,24.4116],[89.59458,24.41504],[89.58979,24.41974],[89.58932,24.42253],[89.59246,24.43162],[89.59116,24.43649],[89.59445,24.4397],[89.59829,24.44656],[89.60121,24.44989],[89.60931,24.45418],[89.61543,24.4549],[89.62206,24.45602]]]}},{"type":"Feature","properties":{"district_id":"sirajganj","upazila_id":"sirajganj-kazipur","source_name":"Kazipur","source_pcode":"508850","match_method":"exact"},"geometry":{"type":"Polygon","coordinates":[[[89.77572,24.77642],[89.78008,24.77352],[89.78374,24.76891],[89.78518,24.76495],[89.78605,24.76094],[89.78477,24.74812],[89.78693,24.7458],[89.7914,24.74403],[89.79384,24.74063],[89.79355,24.73784],[89.78993,24.73109],[89.78822,24.73003],[89.78148,24.73007],[89.77883,24.7284],[89.7794,24.72513],[89.78108,24.72112],[89.78848,24.71069],[89.79697,24.70737],[89.79694,24.69396],[89.79976,24.69067],[89.80219,24.69001],[89.80553,24.68431],[89.80207,24.67865],[89.79734,24.67632],[89.79395,24.67574],[89.79047,24.67305],[89.78944,24.67095],[89.79073,24.6622],[89.78962,24.65126],[89.79058,24.63412],[89.78991,24.63099],[89.78606,24.62865],[89.77756,24.62781],[89.77411,24.62659],[89.77132,24.62491],[89.76917,24.62232],[89.76888,24.6161],[89.7726,24.60726],[89.76532,24.60872],[89.75851,24.61242],[89.75346,24.61267],[89.7411,24.60929],[89.73896,24.60777],[89.73728,24.60437],[89.73672,24.59674],[89.73737,24.59393],[89.74109,24.58897],[89.74112,24.58663],[89.7401,24.58556],[89.73371,24.58428],[89.73073,24.58494],[89.72878,24.58748],[89.72829,24.59268],[89.72738,24.59435],[89.72901,24.59838],[89.7285,24.60147],[89.72578,24.60738],[89.72313,24.60936],[89.72094,24.60887],[89.7196,24.60729],[89.7199,24.60266],[89.71616,24.6022],[89.70655,24.60284],[89.70639,24.60079],[89.70832,24.59677],[89.70544,24.59618],[89.70084,24.5975],[89.69645,24.59202],[89.69318,24.59069],[89.68797,24.58454],[89.68737,24.58226],[89.68796,24.57552],[89.6915,24.56646],[89.69189,24.56366],[89.68964,24.56015],[89.68529,24.55992],[89.68311,24.56098],[89.68131,24.56962],[89.67925,24.56981],[89.67654,24.56855],[89.67425,24.56885],[89.67302,24.57018],[89.67225,24.57259],[89.66862,24.57663],[89.66824,24.57994],[89.66906,24.58479],[89.66786,24.58777],[89.66282,24.59256],[89.66125,24.5927],[89.65601,24.58883],[89.65183,24.5886],[89.64835,24.59778],[89.65368,24.6037],[89.65311,24.60639],[89.64707,24.61189],[89.6449,24.61289],[89.64091,24.60916],[89.63885,24.60868],[89.63736,24.60956],[89.63083,24.6105],[89.62772,24.61191],[89.61929,24.61978],[89.6148,24.62017],[89.60946,24.62247],[89.60121,24.61733],[89.60006,24.61574],[89.59939,24.61261],[89.59181,24.61487],[89.5881,24.618],[89.584,24.61879],[89.58304,24.6216],[89.57721,24.61956],[89.57092,24.62106],[89.56589,24.61838],[89.56308,24.61847],[89.5593,24.6208],[89.55355,24.62024],[89.55121,24.62187],[89.55087,24.62433],[89.55221,24.6266],[89.55553,24.6269],[89.5571,24.63219],[89.55331,24.64165],[89.5523,24.64583],[89.55258,24.64782],[89.56244,24.65575],[89.55077,24.656],[89.54916,24.65734],[89.55352,24.66927],[89.55368,24.67195],[89.55119,24.67637],[89.55244,24.68086],[89.55416,24.68318],[89.55624,24.68424],[89.55789,24.69084],[89.56146,24.69171],[89.56245,24.69535],[89.55796,24.69957],[89.55608,24.70336],[89.55649,24.70598],[89.55814,24.70848],[89.56094,24.71067],[89.56383,24.71229],[89.56468,24.71125],[89.5677,24.69974],[89.57514,24.7044],[89.57715,24.70482],[89.58173,24.70162],[89.58516,24.70164],[89.59023,24.70237],[89.59634,24.70544],[89.6023,24.6992],[89.60404,24.69855],[89.6041,24.69358],[89.60566,24.6898],[89.60862,24.68696],[89.61098,24.68659],[89.61263,24.69148],[89.61687,24.69205],[89.62061,24.69115],[89.62761,24.6869],[89.62932,24.68864],[89.63241,24.69471],[89.63226,24.69723],[89.63311,24.69967],[89.63508,24.70164],[89.64607,24.70561],[89.64697,24.70685],[89.647,24.70942],[89.64598,24.71212],[89.64376,24.71397],[89.63928,24.71431],[89.63554,24.71602],[89.63574,24.71675],[89.64018,24.72081],[89.64458,24.72286],[89.64744,24.72169],[89.64933,24.72263],[89.65944,24.72981],[89.66129,24.73258],[89.66,24.73756],[89.6563,24.74497],[89.65827,24.74768],[89.66553,24.74839],[89.66743,24.74962],[89.66822,24.75229],[89.66631,24.75437],[89.66547,24.75678],[89.66666,24.7603],[89.67268,24.76571],[89.67493,24.7699],[89.67568,24.77303],[89.67501,24.77892],[89.67587,24.78216],[89.67872,24.78463],[89.68436,24.78547],[89.70273,24.78054],[89.71581,24.78129],[89.71996,24.78295],[89.72196,24.77904],[89.72943,24.77706],[89.73215,24.77554],[89.73568,24.76927],[89.73866,24.76815],[89.73999,24.7691],[89.74188,24.7741],[89.74503,24.77896],[89.75304,24.77549],[89.76077,24.76716],[89.76638,24.77405],[89.77038,24.77742],[89.77357,24.77743],[89.77572,24.77642]]]}},{"type":"Feature","properties":{"district_id":"sirajganj","upazila_id":"sirajganj-raigonj","source_name":"Raiganj","source_pcode":"508861","match_method":"unique-near"},"geometry":{"type":"Polygon","coordinates":[[[89.60249,24.56908],[89.61192,24.56605],[89.61243,24.56234],[89.61461,24.55774],[89.61428,24.55649],[89.60598,24.55648],[89.60153,24.55551],[89.59964,24.554],[89.59942,24.55171],[89.60633,24.54649],[89.60592,24.54382],[89.59944,24.53637],[89.59837,24.53142],[89.60099,24.52316],[89.60603,24.51825],[89.61019,24.51266],[89.61254,24.50727],[89.61578,24.4949],[89.61768,24.49231],[89.62157,24.48923],[89.6174,24.48638],[89.61296,24.48558],[89.61313,24.48375],[89.62344,24.47352],[89.62439,24.47008],[89.62004,24.45884],[89.62206,24.45602],[89.60931,24.45418],[89.60121,24.44989],[89.59829,24.44656],[89.59445,24.4397],[89.59116,24.43649],[89.58675,24.43797],[89.57502,24.43669],[89.57068,24.43937],[89.56474,24.43738],[89.5576,24.44375],[89.5518,24.44336],[89.54639,24.43977],[89.54325,24.44244],[89.5415,24.44177],[89.53829,24.43582],[89.53699,24.43601],[89.53533,24.43802],[89.53396,24.43798],[89.53213,24.43641],[89.53178,24.43361],[89.5344,24.42976],[89.53224,24.4275],[89.53051,24.42741],[89.52809,24.42407],[89.52292,24.43001],[89.52046,24.43044],[89.51608,24.42935],[89.51688,24.42027],[89.51622,24.418],[89.51196,24.41611],[89.50934,24.41585],[89.50762,24.41787],[89.50855,24.42242],[89.50674,24.43038],[89.50758,24.43293],[89.50853,24.43349],[89.51212,24.43168],[89.51331,24.43252],[89.51354,24.43566],[89.51264,24.43824],[89.51044,24.44089],[89.5063,24.44356],[89.50329,24.44223],[89.49842,24.43755],[89.4958,24.43775],[89.4916,24.43563],[89.4871,24.43534],[89.48447,24.43399],[89.48351,24.43207],[89.48351,24.42734],[89.48268,24.42621],[89.47987,24.4259],[89.47565,24.42669],[89.47026,24.42972],[89.46796,24.42986],[89.46532,24.42841],[89.45685,24.42839],[89.45159,24.42571],[89.45002,24.42607],[89.44632,24.42902],[89.44452,24.42933],[89.44118,24.42743],[89.43934,24.42882],[89.43739,24.43215],[89.43834,24.43773],[89.43491,24.44279],[89.43798,24.44852],[89.44024,24.44952],[89.44198,24.45401],[89.43925,24.45883],[89.43855,24.46232],[89.44014,24.46533],[89.44454,24.46779],[89.4465,24.46988],[89.44774,24.4738],[89.44888,24.47504],[89.45246,24.47609],[89.45353,24.47745],[89.45652,24.48654],[89.45434,24.48799],[89.45013,24.4849],[89.44607,24.48408],[89.44443,24.48251],[89.44225,24.4782],[89.44036,24.4772],[89.43414,24.47801],[89.4276,24.48362],[89.42467,24.48376],[89.41941,24.48194],[89.41325,24.48218],[89.41172,24.48476],[89.41364,24.4884],[89.41718,24.49207],[89.41837,24.49667],[89.42301,24.50376],[89.42374,24.50723],[89.42267,24.51055],[89.41492,24.5192],[89.4126,24.52744],[89.40689,24.5295],[89.40569,24.53254],[89.40236,24.53617],[89.40152,24.53881],[89.40131,24.54582],[89.40051,24.54755],[89.39809,24.54854],[89.39271,24.54689],[89.39178,24.54724],[89.39189,24.5505],[89.39524,24.55788],[89.39762,24.55506],[89.4033,24.55482],[89.40668,24.55581],[89.40958,24.55795],[89.41196,24.5638],[89.41535,24.56513],[89.42002,24.56456],[89.42832,24.5603],[89.43079,24.55811],[89.43031,24.55486],[89.43106,24.55377],[89.44783,24.55341],[89.45354,24.55192],[89.45904,24.54786],[89.46599,24.54983],[89.47283,24.54793],[89.47472,24.54922],[89.47343,24.55448],[89.47462,24.55589],[89.48371,24.5587],[89.49324,24.55739],[89.49751,24.55928],[89.50063,24.55947],[89.51765,24.55339],[89.51964,24.55331],[89.52142,24.55609],[89.52355,24.5564],[89.52716,24.55043],[89.53078,24.55153],[89.53317,24.54836],[89.53486,24.54862],[89.53601,24.55055],[89.52997,24.56015],[89.53009,24.56415],[89.5331,24.5652],[89.536,24.5631],[89.54102,24.55597],[89.54722,24.5535],[89.54985,24.54987],[89.55266,24.55],[89.55537,24.5515],[89.55328,24.55416],[89.55537,24.55671],[89.56211,24.55623],[89.56464,24.55385],[89.56799,24.54828],[89.57041,24.54791],[89.57964,24.55145],[89.58498,24.55475],[89.59396,24.55755],[89.59425,24.56091],[89.59857,24.5661],[89.60249,24.56908]]]}},{"type":"Feature","properties":{"district_id":"sirajganj","upazila_id":"sirajganj-shahjadpur","source_name":"Shahjadpur","source_pcode":"508867","match_method":"exact"},"geometry":{"type":"Polygon","coordinates":[[[89.68681,24.23777],[89.68925,24.23582],[89.69802,24.23394],[89.70016,24.22829],[89.7012,24.2276],[89.70522,24.22983],[89.70807,24.22928],[89.70983,24.22657],[89.71066,24.22325],[89.70845,24.21757],[89.7113,24.21325],[89.71252,24.20799],[89.71534,24.20498],[89.71861,24.19484],[89.72327,24.19073],[89.72269,24.18189],[89.72366,24.18034],[89.73101,24.1799],[89.73351,24.1777],[89.73447,24.17534],[89.7352,24.17065],[89.73473,24.16872],[89.73024,24.1677],[89.72907,24.16475],[89.72945,24.16109],[89.72863,24.15642],[89.72294,24.1545],[89.72095,24.15053],[89.71898,24.14383],[89.72005,24.14096],[89.7271,24.13442],[89.73422,24.13295],[89.73958,24.13311],[89.74235,24.13181],[89.74359,24.12392],[89.74493,24.12214],[89.74747,24.12176],[89.75002,24.12498],[89.75632,24.12244],[89.76,24.11965],[89.76676,24.11882],[89.76821,24.116],[89.76749,24.11344],[89.76514,24.11079],[89.75923,24.11053],[89.75385,24.11186],[89.75246,24.11125],[89.75362,24.1057],[89.75273,24.1044],[89.74978,24.10284],[89.7468,24.09917],[89.73387,24.099],[89.73186,24.09789],[89.72684,24.08706],[89.72497,24.08623],[89.72035,24.09331],[89.71767,24.09272],[89.71678,24.0917],[89.71653,24.08326],[89.7155,24.08104],[89.71212,24.07967],[89.70699,24.08099],[89.69672,24.07645],[89.69878,24.0734],[89.69812,24.07038],[89.69594,24.07024],[89.69503,24.06831],[89.68861,24.06275],[89.68382,24.06715],[89.68147,24.07123],[89.66168,24.08569],[89.6524,24.08838],[89.64525,24.09155],[89.63586,24.0923],[89.63253,24.09354],[89.63008,24.0958],[89.62519,24.09763],[89.6233,24.09959],[89.62138,24.1043],[89.61562,24.10614],[89.60118,24.10883],[89.59834,24.11035],[89.59585,24.11403],[89.59375,24.11503],[89.58537,24.11633],[89.58366,24.11823],[89.58131,24.11935],[89.57784,24.11985],[89.57451,24.12148],[89.57301,24.12185],[89.57084,24.12073],[89.56949,24.11807],[89.56618,24.11782],[89.56322,24.11923],[89.55947,24.12578],[89.56178,24.12718],[89.56558,24.12747],[89.56733,24.12865],[89.56744,24.13098],[89.56529,24.13335],[89.55548,24.13838],[89.55385,24.13692],[89.55242,24.13283],[89.55061,24.13256],[89.54976,24.13799],[89.54833,24.13847],[89.5444,24.13755],[89.53854,24.1411],[89.53625,24.13662],[89.53438,24.1363],[89.53273,24.13899],[89.52839,24.15708],[89.53343,24.16592],[89.52869,24.16969],[89.52834,24.1714],[89.52956,24.17338],[89.53722,24.17439],[89.53794,24.17711],[89.53624,24.17964],[89.52481,24.18525],[89.52224,24.18835],[89.52222,24.19139],[89.5237,24.19457],[89.52911,24.19907],[89.52951,24.20094],[89.52774,24.20279],[89.52211,24.20526],[89.52728,24.21501],[89.52681,24.21672],[89.52239,24.22117],[89.51948,24.22589],[89.51897,24.22989],[89.52022,24.23432],[89.52695,24.23943],[89.52985,24.24619],[89.53543,24.24492],[89.54153,24.24502],[89.54689,24.24975],[89.55323,24.25378],[89.55251,24.25584],[89.54992,24.25724],[89.54852,24.25926],[89.5509,24.26054],[89.55853,24.25879],[89.56271,24.25954],[89.56636,24.25773],[89.56961,24.25855],[89.57168,24.26388],[89.574,24.26465],[89.5781,24.26477],[89.58604,24.26268],[89.5935,24.26185],[89.59507,24.26302],[89.59679,24.26608],[89.5999,24.27386],[89.60146,24.27401],[89.60263,24.27332],[89.60297,24.27091],[89.60198,24.26762],[89.59745,24.25991],[89.59749,24.25415],[89.60656,24.24907],[89.60894,24.24585],[89.6087,24.24157],[89.6132,24.23917],[89.61606,24.23868],[89.6299,24.24478],[89.63163,24.24408],[89.63237,24.23933],[89.6339,24.2372],[89.64596,24.23693],[89.64871,24.22972],[89.64902,24.22177],[89.65043,24.21987],[89.65467,24.22079],[89.65559,24.22323],[89.65481,24.2254],[89.65531,24.22979],[89.65836,24.23375],[89.65937,24.23836],[89.66083,24.23999],[89.67508,24.23696],[89.6784,24.234],[89.6832,24.23815],[89.68525,24.23825],[89.68681,24.23777]]]}},{"type":"Feature","properties":{"district_id":"sirajganj","upazila_id":"sirajganj-sirajganj-sadar","source_name":"Sirajganj S.","source_pcode":"508878","match_method":"exact"},"geometry":{"type":"Polygon","coordinates":[[[89.78384,24.57277],[89.78132,24.56853],[89.77432,24.56475],[89.7718,24.56185],[89.77116,24.55846],[89.77178,24.55294],[89.77038,24.55014],[89.76534,24.54679],[89.75336,24.54407],[89.74583,24.53858],[89.74716,24.52961],[89.74639,24.5237],[89.74416,24.52206],[89.73975,24.52398],[89.73667,24.52378],[89.73384,24.52082],[89.7337,24.51778],[89.73813,24.51505],[89.74672,24.51262],[89.74711,24.51016],[89.75053,24.51127],[89.75398,24.50687],[89.75536,24.50193],[89.75535,24.499],[89.75388,24.49522],[89.74638,24.4834],[89.74562,24.48071],[89.7458,24.4783],[89.74718,24.478],[89.75433,24.48063],[89.75534,24.47879],[89.74641,24.46996],[89.73972,24.46779],[89.73905,24.45625],[89.73138,24.45545],[89.72182,24.44674],[89.72112,24.44342],[89.7238,24.44018],[89.72648,24.44016],[89.72866,24.43693],[89.73041,24.42411],[89.73411,24.41191],[89.73685,24.40649],[89.7403,24.40411],[89.74628,24.40515],[89.75393,24.40801],[89.75578,24.40697],[89.76254,24.37992],[89.7631,24.37251],[89.75919,24.37364],[89.75482,24.37273],[89.75259,24.37339],[89.7489,24.37293],[89.74712,24.35931],[89.74385,24.35707],[89.74144,24.35808],[89.74119,24.36225],[89.74464,24.37555],[89.7433,24.37694],[89.73851,24.3774],[89.73396,24.38128],[89.73241,24.38159],[89.72887,24.37502],[89.72726,24.37499],[89.72451,24.37868],[89.71864,24.37744],[89.71265,24.37758],[89.71096,24.37703],[89.70718,24.36989],[89.70585,24.36888],[89.70039,24.37032],[89.69892,24.37217],[89.70142,24.37601],[89.70145,24.37795],[89.69979,24.3798],[89.69712,24.38007],[89.69462,24.38381],[89.69124,24.37883],[89.68837,24.3824],[89.68773,24.3855],[89.68967,24.38992],[89.68775,24.39919],[89.68775,24.40689],[89.69231,24.41151],[89.69165,24.41335],[89.687,24.41472],[89.68158,24.41445],[89.6801,24.41561],[89.67986,24.42064],[89.67539,24.42098],[89.67068,24.41933],[89.66947,24.42163],[89.67011,24.42704],[89.66885,24.42935],[89.66601,24.43126],[89.66341,24.43728],[89.66186,24.43736],[89.66096,24.43538],[89.66193,24.42926],[89.66042,24.42842],[89.65613,24.42933],[89.65424,24.42816],[89.65289,24.42544],[89.65286,24.42367],[89.65621,24.41832],[89.65414,24.4172],[89.65177,24.41746],[89.64733,24.42037],[89.64496,24.42023],[89.6356,24.4155],[89.63142,24.41515],[89.6259,24.41722],[89.62572,24.4227],[89.62811,24.42758],[89.62425,24.4278],[89.62383,24.42951],[89.62614,24.43325],[89.6253,24.43497],[89.62177,24.43616],[89.62204,24.4381],[89.62324,24.43871],[89.62598,24.43856],[89.62813,24.43682],[89.63104,24.43581],[89.63175,24.43701],[89.63159,24.43883],[89.62907,24.44171],[89.62855,24.44389],[89.63094,24.44991],[89.63067,24.45221],[89.62837,24.4528],[89.62337,24.45246],[89.62004,24.45884],[89.62439,24.47008],[89.62344,24.47352],[89.61313,24.48375],[89.61296,24.48558],[89.6174,24.48638],[89.62157,24.48923],[89.61768,24.49231],[89.61578,24.4949],[89.61254,24.50727],[89.61019,24.51266],[89.60603,24.51825],[89.60099,24.52316],[89.59837,24.53142],[89.59944,24.53637],[89.60592,24.54382],[89.60633,24.54649],[89.59942,24.55171],[89.59964,24.554],[89.60153,24.55551],[89.60598,24.55648],[89.61428,24.55649],[89.61461,24.55774],[89.61243,24.56234],[89.61192,24.56605],[89.60249,24.56908],[89.60201,24.57953],[89.60468,24.5868],[89.60294,24.59521],[89.60064,24.60038],[89.60111,24.60665],[89.59866,24.60948],[89.60006,24.61574],[89.60121,24.61733],[89.60946,24.62247],[89.6148,24.62017],[89.61929,24.61978],[89.62772,24.61191],[89.63083,24.6105],[89.63736,24.60956],[89.63885,24.60868],[89.64091,24.60916],[89.6449,24.61289],[89.64707,24.61189],[89.65311,24.60639],[89.65368,24.6037],[89.64835,24.59778],[89.65183,24.5886],[89.65601,24.58883],[89.66125,24.5927],[89.66282,24.59256],[89.66786,24.58777],[89.66906,24.58479],[89.66824,24.57994],[89.66862,24.57663],[89.67225,24.57259],[89.67302,24.57018],[89.67425,24.56885],[89.67654,24.56855],[89.67925,24.56981],[89.68131,24.56962],[89.68311,24.56098],[89.68529,24.55992],[89.68964,24.56015],[89.69189,24.56366],[89.6915,24.56646],[89.68796,24.57552],[89.68737,24.58226],[89.68797,24.58454],[89.69318,24.59069],[89.69645,24.59202],[89.70084,24.5975],[89.70544,24.59618],[89.70832,24.59677],[89.70639,24.60079],[89.70655,24.60284],[89.71616,24.6022],[89.7199,24.60266],[89.7196,24.60729],[89.72094,24.60887],[89.72313,24.60936],[89.72578,24.60738],[89.7285,24.60147],[89.72901,24.59838],[89.72738,24.59435],[89.72829,24.59268],[89.72878,24.58748],[89.73073,24.58494],[89.73371,24.58428],[89.7401,24.58556],[89.74112,24.58663],[89.74109,24.58897],[89.73737,24.59393],[89.73672,24.59674],[89.73728,24.60437],[89.73896,24.60777],[89.7411,24.60929],[89.75346,24.61267],[89.75851,24.61242],[89.76532,24.60872],[89.7726,24.60726],[89.77919,24.5984],[89.78217,24.58888],[89.78203,24.58696],[89.78329,24.58503],[89.78373,24.57706],[89.78384,24.57277]]]}},{"type":"Feature","properties":{"district_id":"sirajganj","upazila_id":"sirajganj-tarash","source_name":"Tarash","source_pcode":"508889","match_method":"exact"},"geometry":{"type":"Polygon","coordinates":[[[89.39524,24.55788],[89.39189,24.5505],[89.39178,24.54724],[89.39271,24.54689],[89.39809,24.54854],[89.40051,24.54755],[89.40131,24.54582],[89.40152,24.53881],[89.40236,24.53617],[89.40569,24.53254],[89.40689,24.5295],[89.4126,24.52744],[89.41492,24.5192],[89.42267,24.51055],[89.42374,24.50723],[89.42301,24.50376],[89.41837,24.49667],[89.41718,24.49207],[89.41364,24.4884],[89.41172,24.48476],[89.41325,24.48218],[89.41941,24.48194],[89.42467,24.48376],[89.4276,24.48362],[89.43414,24.47801],[89.44036,24.4772],[89.44225,24.4782],[89.44443,24.48251],[89.44607,24.48408],[89.45013,24.4849],[89.45434,24.48799],[89.45652,24.48654],[89.45353,24.47745],[89.45246,24.47609],[89.44888,24.47504],[89.44774,24.4738],[89.4465,24.46988],[89.44454,24.46779],[89.44014,24.46533],[89.43855,24.46232],[89.43925,24.45883],[89.44198,24.45401],[89.44024,24.44952],[89.43798,24.44852],[89.43491,24.44279],[89.43834,24.43773],[89.43843,24.43539],[89.43739,24.43215],[89.43433,24.42756],[89.42719,24.4249],[89.42661,24.42307],[89.43392,24.41564],[89.43524,24.4118],[89.43407,24.40799],[89.42991,24.40439],[89.42715,24.40305],[89.4239,24.40234],[89.41506,24.40358],[89.41242,24.40162],[89.41194,24.39854],[89.41936,24.39446],[89.42773,24.39511],[89.43046,24.39462],[89.43237,24.39277],[89.43247,24.39123],[89.42957,24.38847],[89.42059,24.38298],[89.42001,24.38167],[89.42254,24.38016],[89.42615,24.37972],[89.42875,24.37832],[89.42915,24.37558],[89.42754,24.372],[89.42441,24.37055],[89.41856,24.37079],[89.41585,24.36888],[89.41402,24.36633],[89.41367,24.36439],[89.41782,24.36206],[89.41618,24.35649],[89.41429,24.35469],[89.40378,24.356],[89.39963,24.35274],[89.397,24.34712],[89.38891,24.34772],[89.37729,24.3547],[89.37095,24.36042],[89.36511,24.36237],[89.36161,24.36137],[89.35508,24.35671],[89.35036,24.35841],[89.34202,24.35833],[89.33649,24.35947],[89.33035,24.35669],[89.32121,24.35667],[89.31734,24.35944],[89.30991,24.36301],[89.30389,24.36992],[89.29556,24.3709],[89.29256,24.37475],[89.28796,24.3864],[89.28745,24.3906],[89.28808,24.39713],[89.29035,24.40538],[89.28539,24.40654],[89.28499,24.40967],[89.28771,24.41984],[89.28687,24.42241],[89.2849,24.42397],[89.27634,24.42711],[89.27477,24.43088],[89.27229,24.43257],[89.26925,24.43284],[89.26212,24.42943],[89.25937,24.42987],[89.25388,24.43312],[89.25364,24.43788],[89.25613,24.44293],[89.26094,24.44859],[89.27026,24.45123],[89.27396,24.45314],[89.27555,24.45535],[89.27773,24.46109],[89.28196,24.46481],[89.28188,24.46915],[89.28328,24.47079],[89.28128,24.4756],[89.28249,24.47707],[89.28187,24.48284],[89.28343,24.48825],[89.29053,24.49251],[89.29641,24.49884],[89.29972,24.5048],[89.30438,24.50703],[89.30837,24.5131],[89.31032,24.5141],[89.31042,24.5177],[89.31424,24.51857],[89.31907,24.53171],[89.31936,24.53501],[89.32514,24.53723],[89.32562,24.54054],[89.32478,24.54363],[89.32581,24.54561],[89.3291,24.5445],[89.32982,24.54683],[89.32924,24.55019],[89.33152,24.55297],[89.33555,24.55082],[89.33682,24.55332],[89.33734,24.55936],[89.34052,24.56378],[89.34687,24.56793],[89.34905,24.56762],[89.35175,24.56377],[89.35714,24.56109],[89.36726,24.56138],[89.37183,24.55887],[89.37532,24.55815],[89.38,24.55833],[89.38327,24.55978],[89.38833,24.56058],[89.39169,24.56003],[89.39524,24.55788]]]}},{"type":"Feature","properties":{"district_id":"sirajganj","upazila_id":"sirajganj-ullapara","source_name":"Ullahpara","source_pcode":"508894","match_method":"unique-near"},"geometry":{"type":"Polygon","coordinates":[[[89.43739,24.43215],[89.43934,24.42882],[89.44118,24.42743],[89.44452,24.42933],[89.44632,24.42902],[89.45002,24.42607],[89.45159,24.42571],[89.45685,24.42839],[89.46532,24.42841],[89.46796,24.42986],[89.47026,24.42972],[89.47565,24.42669],[89.47987,24.4259],[89.48268,24.42621],[89.48351,24.42734],[89.48351,24.43207],[89.48447,24.43399],[89.4871,24.43534],[89.4916,24.43563],[89.4958,24.43775],[89.49842,24.43755],[89.50329,24.44223],[89.5063,24.44356],[89.51044,24.44089],[89.51264,24.43824],[89.51354,24.43566],[89.51331,24.43252],[89.51212,24.43168],[89.50853,24.43349],[89.50758,24.43293],[89.50674,24.43038],[89.50855,24.42242],[89.50762,24.41787],[89.50934,24.41585],[89.51465,24.41681],[89.51622,24.418],[89.51688,24.42027],[89.51608,24.42935],[89.52046,24.43044],[89.52292,24.43001],[89.52809,24.42407],[89.53051,24.42741],[89.53224,24.4275],[89.5344,24.42976],[89.53178,24.43361],[89.53213,24.43641],[89.53396,24.43798],[89.53533,24.43802],[89.53699,24.43601],[89.53829,24.43582],[89.5415,24.44177],[89.54325,24.44244],[89.54639,24.43977],[89.5518,24.44336],[89.5576,24.44375],[89.56474,24.43738],[89.57068,24.43937],[89.57502,24.43669],[89.58675,24.43797],[89.59116,24.43649],[89.59246,24.43162],[89.58932,24.42253],[89.58979,24.41974],[89.59458,24.41504],[89.59628,24.4116],[89.59636,24.40846],[89.59079,24.40311],[89.59045,24.401],[89.5983,24.3968],[89.60307,24.39086],[89.6094,24.38884],[89.61391,24.38638],[89.61446,24.38113],[89.61279,24.37835],[89.61256,24.37505],[89.61427,24.37309],[89.61571,24.37329],[89.6181,24.37538],[89.62116,24.38401],[89.62299,24.38547],[89.62605,24.38565],[89.6265,24.38206],[89.6207,24.36941],[89.6204,24.36645],[89.62379,24.35961],[89.62449,24.34825],[89.62747,24.33964],[89.62769,24.33343],[89.62983,24.32227],[89.63464,24.3116],[89.63579,24.30086],[89.64281,24.29974],[89.64433,24.29749],[89.64391,24.29437],[89.64235,24.2941],[89.63795,24.29558],[89.63593,24.29348],[89.63541,24.28814],[89.63833,24.27948],[89.63753,24.2755],[89.63651,24.2746],[89.63346,24.27458],[89.62888,24.27573],[89.62525,24.27491],[89.62197,24.2721],[89.62044,24.25706],[89.62084,24.255],[89.62408,24.25125],[89.62226,24.24174],[89.61606,24.23868],[89.6132,24.23917],[89.6087,24.24157],[89.60894,24.24585],[89.60656,24.24907],[89.59749,24.25415],[89.59745,24.25991],[89.60198,24.26762],[89.60297,24.27091],[89.60263,24.27332],[89.5999,24.27386],[89.59679,24.26608],[89.59507,24.26302],[89.5935,24.26185],[89.58604,24.26268],[89.5781,24.26477],[89.574,24.26465],[89.57168,24.26388],[89.56961,24.25855],[89.56636,24.25773],[89.56271,24.25954],[89.55853,24.25879],[89.5509,24.26054],[89.54852,24.25926],[89.54992,24.25724],[89.55251,24.25584],[89.55323,24.25378],[89.54689,24.24975],[89.54153,24.24502],[89.53543,24.24492],[89.52985,24.24619],[89.52695,24.23943],[89.52022,24.23432],[89.51897,24.22989],[89.51948,24.22589],[89.52239,24.22117],[89.52681,24.21672],[89.52728,24.21501],[89.52211,24.20526],[89.5156,24.21172],[89.51112,24.21994],[89.50914,24.22104],[89.506,24.21863],[89.50425,24.21848],[89.50154,24.22011],[89.49959,24.22298],[89.49694,24.22495],[89.49415,24.22584],[89.49065,24.22503],[89.4898,24.2219],[89.48972,24.21203],[89.48065,24.21271],[89.47868,24.21393],[89.47173,24.21583],[89.47043,24.22464],[89.46768,24.22832],[89.46751,24.23014],[89.46963,24.23121],[89.47871,24.2291],[89.48021,24.2303],[89.47916,24.23965],[89.47694,24.2415],[89.47376,24.24075],[89.471,24.23895],[89.45884,24.23715],[89.45174,24.23746],[89.44933,24.23806],[89.44817,24.2395],[89.44888,24.24195],[89.45693,24.24316],[89.45795,24.24509],[89.45792,24.24766],[89.45931,24.2493],[89.46162,24.24956],[89.46195,24.25526],[89.46445,24.2602],[89.46408,24.27001],[89.4628,24.27151],[89.46012,24.27166],[89.45759,24.27334],[89.45737,24.27603],[89.45534,24.27696],[89.45296,24.27648],[89.45046,24.27091],[89.44724,24.27186],[89.4453,24.2716],[89.44377,24.26876],[89.44319,24.26255],[89.44218,24.26142],[89.43726,24.26142],[89.43322,24.25719],[89.42859,24.25952],[89.42711,24.26211],[89.42742,24.26513],[89.43352,24.27487],[89.43355,24.27675],[89.42963,24.28188],[89.43004,24.2845],[89.42919,24.28622],[89.42405,24.29262],[89.42599,24.29869],[89.42236,24.30113],[89.4217,24.30342],[89.42356,24.30722],[89.42239,24.31249],[89.42428,24.31458],[89.42759,24.31517],[89.42892,24.31686],[89.42882,24.3188],[89.42507,24.32256],[89.42254,24.32892],[89.41929,24.33278],[89.41749,24.33297],[89.41035,24.33008],[89.40674,24.32949],[89.40296,24.3317],[89.4014,24.33606],[89.40232,24.34455],[89.40141,24.34633],[89.397,24.34712],[89.39963,24.35274],[89.40378,24.356],[89.41429,24.35469],[89.41618,24.35649],[89.41779,24.3603],[89.41782,24.36206],[89.41367,24.36439],[89.41402,24.36633],[89.41585,24.36888],[89.41856,24.37079],[89.42441,24.37055],[89.42754,24.372],[89.42915,24.37558],[89.42875,24.37832],[89.42615,24.37972],[89.42254,24.38016],[89.42001,24.38167],[89.42059,24.38298],[89.42957,24.38847],[89.43247,24.39123],[89.43237,24.39277],[89.43046,24.39462],[89.42773,24.39511],[89.41936,24.39446],[89.41194,24.39854],[89.41242,24.40162],[89.41506,24.40358],[89.4239,24.40234],[89.42715,24.40305],[89.42991,24.40439],[89.43407,24.40799],[89.43524,24.4118],[89.43392,24.41564],[89.42661,24.42307],[89.42719,24.4249],[89.43433,24.42756],[89.43739,24.43215]]]}}]}
