{"type":"FeatureCollection","metadata":{"division":"rangpur","verified_polygon_count":59,"boundary_reference_year":"2020","boundary_source":"geoBoundaries gbOpen BGD ADM3 / BBS, OCHA ROAP","note":"Only canonical verified matches are published; unsupported registry rows never receive fabricated polygons."},"features":[{"type":"Feature","id":"dinajpur-birampur","properties":{"canonical_id":"dinajpur-birampur","name_en":"Birampur","name_bn":"বিরামপুর","district_id":"dinajpur","division_id":"rangpur","pcode":"BD-F-14-479","parent_pcode":"BD5527","source_name":"Birampur","match_method":"exact_name_or_alias","boundary_reference_year":"2020","boundary_source":"geoBoundaries gbOpen BGD ADM3 / BBS, OCHA ROAP","source_dataset_updated":"2026-08-09"},"geometry":{"type":"Polygon","coordinates":[[[89.03785449100008,25.329356903000075],[89.03982489700007,25.334940671000027],[89.04321176900004,25.337916063000023],[89.04578975400005,25.347599907000074],[89.04321170000009,25.34688618200005],[89.04608334400007,25.355697146000068],[89.05504011700003,25.357299590000025],[89.05502415000007,25.359433374000048],[89.05804786100003,25.361554472000023],[89.05747554700008,25.36402783500006],[89.06517064000008,25.366065751000065],[89.06597807700007,25.369914814000026],[89.06373341500006,25.37821430500003],[89.06488487800004,25.382650244000047],[89.07059414100007,25.383999714000026],[89.07271366000003,25.386470360000033],[89.07301578900007,25.389862442000037],[89.07971131800008,25.397134081000047],[89.07171822700008,25.398227259000066],[89.06929173400005,25.397277890000055],[89.06325161500007,25.400517963000027],[89.05575221900006,25.40180190700005],[89.05484826100007,25.397839877000024],[89.04808154100004,25.39769464500006],[89.04067465600008,25.39506227800007],[89.03861806600008,25.395615474000067],[89.03588772100005,25.393772437000052],[89.02826700100007,25.39571901100004],[89.02743601700007,25.397653243000036],[89.02399242600006,25.39844932400007],[89.02408285400008,25.401342859000067],[89.03171890400006,25.405468060000032],[89.02964904000004,25.413205403000063],[89.03202479300006,25.41525447400005],[89.02958320400006,25.418402766000042],[89.03028490700007,25.42452623300005],[89.03345683200007,25.427414101000068],[89.03149527400006,25.43310972300003],[89.03300217900005,25.439720442000066],[89.03068021100006,25.44393672900003],[89.02589051000007,25.44763434300006],[89.01905136800008,25.459886797000024],[89.01735167700008,25.46564036500007],[89.01863568000005,25.467755710000063],[89.01625194400003,25.472517615000072],[89.02066713800008,25.47377067800005],[89.01946122000004,25.478458656000043],[89.01832428700004,25.480420664000064],[89.01034765900005,25.482682070000067],[89.00004034100004,25.484454800000037],[88.99240222700007,25.483668875000035],[88.99113288400008,25.48474992100006],[88.99283313800004,25.48788079600007],[88.98396296500005,25.48792628700005],[88.98187045400005,25.481381070000054],[88.97275130900005,25.479577600000027],[88.97342600500008,25.47396361600005],[88.97079422400003,25.468858659000034],[88.97278456500004,25.46691768000005],[88.98599465200004,25.461942751000038],[88.98810776600004,25.45601973400005],[88.98706779300005,25.45275170700006],[88.98954748100005,25.451101682000058],[88.98929067200004,25.447725055000035],[88.98835248100005,25.446041324000078],[88.98478658400006,25.445218715000067],[88.98172146200005,25.433560443000033],[88.97658519800007,25.43453269400004],[88.97436450000004,25.433032383000068],[88.97399059000008,25.42614291800004],[88.97900772600008,25.421382511000047],[88.97341448400005,25.417669576000037],[88.97310283100006,25.415359737000074],[88.97014480500007,25.41464036600007],[88.96737352200006,25.41107844900006],[88.96501564400006,25.410898203000045],[88.96621775200003,25.40509941600004],[88.96459135900005,25.40469743400007],[88.96408667600008,25.407551226000066],[88.96104846500003,25.406827725000028],[88.95961841500008,25.40363745600007],[88.95597260400007,25.40522962800003],[88.95400881400008,25.398743058000036],[88.95001685800008,25.399633945000062],[88.94139945000006,25.394743530000028],[88.93830840000004,25.397733780000067],[88.93953773300007,25.40401772200005],[88.93723112200007,25.40563148800004],[88.93686645600008,25.403532273000053],[88.93133446100006,25.403724683000064],[88.93223909900007,25.407505658000048],[88.93044939600009,25.408968999000024],[88.92283394500004,25.40493414200006],[88.91148197600006,25.405334750000065],[88.89754051200003,25.40200504300003],[88.89235782800006,25.403040616000055],[88.87713005800003,25.40086129200006],[88.87763721800007,25.390903283000057],[88.87139482100008,25.392388285000038],[88.86860109900005,25.391135978000023],[88.86917374400008,25.387453497000024],[88.86365490700007,25.39142573400005],[88.85420239500007,25.390583196000023],[88.84788008200007,25.391790042000025],[88.84763003300003,25.394405516000063],[88.84116752200003,25.394032527000036],[88.84017643200008,25.391690182000048],[88.83694368800008,25.390918588000034],[88.83675630000005,25.384623195000074],[88.84022298700006,25.384048650000068],[88.84165572400008,25.381720942000072],[88.83842676800003,25.381499596000026],[88.83939489300008,25.37385411500003],[88.83778792500004,25.368139444000064],[88.84009061400008,25.36818680400006],[88.84010651600005,25.36387029200006],[88.84568390400005,25.363546779000046],[88.84556813200004,25.362194180000074],[88.85477855100004,25.36351458200005],[88.85562422100008,25.354298163000067],[88.86251766000004,25.355151186000057],[88.86369068700003,25.351772475000075],[88.86887836100004,25.35230798500004],[88.86671734900006,25.342814229000055],[88.87188332200003,25.33963973500005],[88.87365315300008,25.336827820000053],[88.87565516400008,25.33740382800005],[88.87647565400005,25.333274112000026],[88.88380729400006,25.326410934000023],[88.88851199000004,25.326178878000064],[88.88574369000008,25.334693809000044],[88.88762402200007,25.337211207000053],[88.89831540500006,25.33684674400007],[88.90514235400008,25.338443127000062],[88.90638899800007,25.33792866400006],[88.90604294500008,25.327974794000056],[88.91029473200007,25.32341073400005],[88.90965452500006,25.321226222000064],[88.91505440200007,25.312598989000037],[88.92396044400004,25.312093030000028],[88.92476174600006,25.31500711500007],[88.92793938100004,25.315295743000036],[88.92776458900005,25.317293774000063],[88.92943667900005,25.304212371000062],[88.93410239100007,25.30395719200004],[88.93916904200006,25.300769752000065],[88.94456689700007,25.30138007900007],[88.94526748500004,25.30285976600004],[88.94750322400006,25.302408092000064],[88.94990583500004,25.303873503000034],[88.95275595800007,25.302103326000065],[88.95578302100006,25.302798585000062],[88.95790930700008,25.300874376000024],[88.96033690100006,25.301524183000026],[88.96096312400005,25.306002136000075],[88.96438436300008,25.305250503000025],[88.96587087300009,25.302692614000023],[88.97160391100005,25.301070921000075],[88.97461280600004,25.30169684400005],[88.97587129500005,25.306292538000037],[88.98527748800007,25.306009475000053],[88.98300057100005,25.304117492000046],[88.98306737700005,25.301786252000056],[88.98624238200006,25.303910616000053],[88.98628848400006,25.30754771900007],[88.97670057000005,25.313415801000076],[88.97414620400008,25.331950994000067],[88.98225417000003,25.337400864000074],[88.98764097000009,25.334961546000045],[88.98932877300007,25.33631745300005],[88.98938238400007,25.338610275000065],[88.98729193600008,25.337725668000076],[88.98503486600003,25.339956873000062],[88.98636629300006,25.346819692000054],[88.98827035200009,25.348065922000046],[88.99718083200008,25.34614763600007],[89.01265693400006,25.347810422000066],[89.01545846100004,25.33819710100005],[89.01931569600004,25.33487668500004],[89.01713365400008,25.333740178000028],[89.01669184600007,25.33150740600007],[89.02297839500005,25.330274315000054],[89.02514368000004,25.33125373100006],[89.02831952900004,25.328284109000037],[89.03785449100008,25.329356903000075]]]}},{"type":"Feature","id":"dinajpur-birganj","properties":{"canonical_id":"dinajpur-birganj","name_en":"Birganj","name_bn":"বীরগঞ্জ","district_id":"dinajpur","division_id":"rangpur","pcode":"BD-F-14-477","parent_pcode":"BD5527","source_name":"Birganj","match_method":"exact_name_or_alias","boundary_reference_year":"2020","boundary_source":"geoBoundaries gbOpen BGD ADM3 / BBS, OCHA ROAP","source_dataset_updated":"2026-08-09"},"geometry":{"type":"Polygon","coordinates":[[[88.62675718200006,26.055931100000066],[88.62020488200005,26.05847158800003],[88.61593919000006,26.062894653000058],[88.61871667300005,26.056991399000026],[88.61428546900004,26.05857006900004],[88.60880182300008,26.051260338000077],[88.60567533500006,26.051047362000077],[88.60784894700004,26.049641875000077],[88.60871889900005,26.04651182300006],[88.60682745600008,26.04130631000004],[88.60908064000006,26.036925068000073],[88.60781063900004,26.03583001000004],[88.60918822700006,26.035190989000057],[88.59718200100008,26.030914025000072],[88.59395348900006,26.026942956000028],[88.59475173500005,26.023869842000067],[88.58933332600003,26.02039592400007],[88.57447660300005,26.021245504000035],[88.57339713100004,26.019954546000065],[88.56873082300007,26.024536468000065],[88.56942008800007,26.027154688000053],[88.56688910800005,26.02563996300006],[88.56248440800005,26.02793450100006],[88.55741672800008,26.02845502400004],[88.55573055100007,26.02780903200005],[88.55668769200008,26.02599491600006],[88.56457536800008,26.025062331000072],[88.56559901300005,26.02372391600005],[88.56279296700006,26.022806200000048],[88.55764430200009,26.023838845000057],[88.55476655400008,26.019755900000064],[88.55311451900008,26.020894971000075],[88.55536060700007,26.023084191000066],[88.55349205800007,26.02336342800004],[88.55112360200008,26.02091960100006],[88.55468240400006,26.018774378000046],[88.55386467600005,26.018006143000036],[88.54999675600004,26.01745786600003],[88.54586474100006,26.019188119000034],[88.54519919600006,26.012867953000068],[88.54197798100006,26.007983455000044],[88.54542636000008,25.998055092000072],[88.54279661400005,25.999560012000074],[88.54009693800003,25.998736051000037],[88.53918632400007,25.997923917000037],[88.54072665500007,25.995020001000057],[88.53481043100004,25.994418496000037],[88.53053567500007,25.991486698000074],[88.52969556600004,25.977064789000053],[88.53224156200008,25.969303316000037],[88.53578267600005,25.967349046000038],[88.53791350200004,25.963507668000034],[88.53693690700004,25.95202752800003],[88.52356964200004,25.95163397400006],[88.52075863900006,25.949778216000027],[88.51817510300003,25.94294572600006],[88.51190271200005,25.941331398000045],[88.50999244200005,25.935525867000024],[88.50639091900007,25.932419785000036],[88.50993210300004,25.92613487600005],[88.50812460200007,25.925473022000062],[88.50957879400005,25.92463200800006],[88.50837436200004,25.922139138000034],[88.50990943100004,25.921288795000066],[88.50751368100003,25.919703967000032],[88.50766812600006,25.91784463500005],[88.50617934700006,25.91794553400007],[88.50695803600007,25.920769205000056],[88.50495442200008,25.921935181000038],[88.50803691700008,25.92339283000007],[88.50716987300007,25.924781001000042],[88.50465716900004,25.92408024100007],[88.50626576700006,25.926088097000047],[88.50424247200004,25.927223385000048],[88.50101324800005,25.92552263500005],[88.50124404700006,25.927378605000058],[88.49574761600007,25.928009471000053],[88.49487525100005,25.925725898000053],[88.49833985800007,25.92329830400007],[88.49987335700007,25.925708327000052],[88.50325072700008,25.924350106000077],[88.50168143000008,25.91869696200007],[88.50282182800004,25.91372353500003],[88.50448555400004,25.91332710900008],[88.50565137100006,25.91609835400004],[88.50824086300008,25.916510419000076],[88.50848822600005,25.912620145000062],[88.50772606600003,25.911284602000023],[88.50367571100008,25.910952818000055],[88.50431782600003,25.90965883000007],[88.50172853500004,25.905540657000074],[88.49746891100006,25.904804228000046],[88.49369637600006,25.90219376300007],[88.49355691800008,25.89996067800007],[88.49685555100007,25.89811593400003],[88.50138417500006,25.897934847000045],[88.50288564900006,25.894509508000056],[88.50052802100004,25.89188222300004],[88.50340082000008,25.88724773000007],[88.50354905900008,25.883802197000023],[88.50791144400006,25.883404189000032],[88.51022318600008,25.878703956000038],[88.51355315300003,25.877177928000037],[88.51709225000008,25.876879536000047],[88.51871878500003,25.880368623000038],[88.52171264800006,25.88103452100006],[88.52255634000005,25.879852521000032],[88.52345400800004,25.88125031100003],[88.52643136400008,25.877973435000058],[88.52975065200008,25.877972690000036],[88.53191293600008,25.875748248000036],[88.53693955200004,25.875679396000066],[88.53931469400004,25.87641881500008],[88.53947812000007,25.878041033000045],[88.54187993400006,25.876385371000026],[88.54435707400006,25.876822159000028],[88.54159378500003,25.88002934600007],[88.54697551100008,25.880724919000045],[88.54977982200006,25.883238576000053],[88.55439109800005,25.881114428000046],[88.55430017200007,25.877670358000046],[88.55698463000004,25.878248937000023],[88.56338203500007,25.872872864000044],[88.56209746000007,25.86836573000005],[88.56357619900007,25.86855134800004],[88.56371737900008,25.866856548000044],[88.56185786000003,25.863917470000047],[88.56335708400007,25.863384410000037],[88.56236548700008,25.860673994000024],[88.56412850100008,25.858100310000054],[88.57089637600006,25.855168553000055],[88.57565690200005,25.855558979000023],[88.58169938700007,25.85189674800006],[88.58459155400004,25.847984076000046],[88.59103738400006,25.844933652000066],[88.59267556200007,25.84145440700007],[88.59482024800008,25.84285934600007],[88.59432067600005,25.840334451000047],[88.59703315400003,25.839410998000062],[88.60030015700005,25.829988600000036],[88.60918191000007,25.820690479000064],[88.61488534500006,25.825699347000068],[88.61839671600006,25.824581643000045],[88.62186439700008,25.826397142000076],[88.62317405000005,25.829737696000052],[88.62411678300003,25.827878854000062],[88.62560775900005,25.82864571700003],[88.62725422400007,25.826745543000072],[88.63094880500006,25.827797805000046],[88.63116521000006,25.825652182000056],[88.63754548900005,25.82735986000006],[88.63959454100006,25.823821809000037],[88.64263432300004,25.823686030000033],[88.64617101900006,25.828674582000076],[88.65893784900004,25.828302058000077],[88.66052449600005,25.834106285000075],[88.66825367900003,25.834572351000077],[88.67037463000008,25.83677896200004],[88.67035926400007,25.824678773000073],[88.67584939000005,25.818993461000048],[88.67473868300004,25.812300440000058],[88.67767388600004,25.80883815900006],[88.67994640000006,25.808315399000037],[88.68089620800004,25.80977481800005],[88.68546352400006,25.807895339000027],[88.68558684200008,25.804996552000034],[88.68830087300006,25.805299261000073],[88.68894823000005,25.80853116700007],[88.69202839700006,25.809448805000045],[88.69587927500004,25.81337364600006],[88.69605817800004,25.816564076000077],[88.69360784800006,25.820271484000045],[88.68475706800007,25.820607531000064],[88.68579998200005,25.82338876800003],[88.69177695500008,25.825978634000023],[88.69191484800007,25.833484960000078],[88.69705735600007,25.829712607000033],[88.69848412600004,25.822857382000052],[88.70155118000008,25.820417161000023],[88.70463886100003,25.820166520000043],[88.71442707600005,25.825306709000074],[88.72441323800007,25.81802104700006],[88.73554561000003,25.821800945000064],[88.73220733900007,25.83082601900003],[88.73414234600006,25.83379811800006],[88.73438198500008,25.838497983000025],[88.72838349600005,25.846664566000072],[88.72498706500005,25.855116142000043],[88.72566152600007,25.858608841000034],[88.72901761900005,25.86134236500004],[88.72320780300004,25.868462425000075],[88.72155176300004,25.874144950000073],[88.72296136700004,25.882302364000054],[88.72699892100007,25.89111542300003],[88.72808740800008,25.905267825000067],[88.73254821600005,25.909844925000073],[88.72705376700009,25.910741406000056],[88.72894247800008,25.921564713000066],[88.72160300400003,25.921870891000026],[88.72145674400008,25.92041825000007],[88.71927591800005,25.920498872000053],[88.71493619300009,25.922521802000063],[88.71514674400004,25.925577033000025],[88.71749543100003,25.925822426000025],[88.71727834500007,25.927054603000045],[88.71374491700004,25.927698733000057],[88.71748106700005,25.929022943000064],[88.71624750900008,25.930992670000023],[88.72078388700004,25.93618418400007],[88.71602823900008,25.94853949900005],[88.71604632400005,25.951935535000075],[88.71866754500007,25.953288214000054],[88.71363140400007,25.955267088000028],[88.70862688100004,25.96156848700008],[88.71837063200007,25.963872725000044],[88.71784569000005,25.97446366300005],[88.72125442800007,25.979473077000023],[88.72219985500004,25.985603359000038],[88.72166196500007,25.98834610700004],[88.71746499800008,25.991941817000054],[88.70820949700004,25.985889343000053],[88.70238076800007,25.991672979000043],[88.71169555900008,25.999828870000044],[88.71303424700005,26.005278215000033],[88.71054439900007,26.00735177300004],[88.70575558800005,26.00633898600006],[88.70074470800006,26.007440661000032],[88.69957012600008,26.015713728000037],[88.67253058100005,26.012761668000053],[88.66694265500007,26.01428683100005],[88.64972817500006,26.03576743800005],[88.64602236100006,26.043005067000024],[88.62987093800007,26.049358195000025],[88.62675718200006,26.055931100000066]]]}},{"type":"Feature","id":"dinajpur-birol","properties":{"canonical_id":"dinajpur-birol","name_en":"Birol","name_bn":"বিরল","district_id":"dinajpur","division_id":"rangpur","pcode":"BD-F-14-487","parent_pcode":"BD5527","source_name":"Birol","match_method":"exact_name_or_alias","boundary_reference_year":"2020","boundary_source":"geoBoundaries gbOpen BGD ADM3 / BBS, OCHA ROAP","source_dataset_updated":"2026-08-09"},"geometry":{"type":"Polygon","coordinates":[[[88.52820211900007,25.76602027900003],[88.52187960600008,25.765209107000032],[88.52260793000005,25.761646919000043],[88.52058629300006,25.760957722000057],[88.52034364500008,25.758941936000042],[88.52185498600005,25.751220557000067],[88.51326216300004,25.748584814000026],[88.51078962500009,25.74345458700003],[88.50691211800006,25.743505731000027],[88.50362723700005,25.741558573000077],[88.50116981400004,25.744528444000025],[88.49663594100008,25.744898138000053],[88.49462497000007,25.739516811000044],[88.49809019500003,25.737013939000065],[88.49984469200007,25.72387718600004],[88.49608957400005,25.72430286900004],[88.48634173600004,25.721212429000047],[88.48076399300004,25.721785797000052],[88.48071054900004,25.718981393000035],[88.48234494500008,25.718155971000044],[88.48580110500006,25.708342041000037],[88.48391840200009,25.706435554000052],[88.48369094600008,25.70270957400004],[88.48665699000009,25.695801560000064],[88.48598964300004,25.692480106000062],[88.49009299300008,25.690931404000025],[88.48849327500005,25.68929085800005],[88.48396997600008,25.690391636000072],[88.48232960900003,25.68363718300003],[88.47936496900007,25.685660814000073],[88.48169407800003,25.68184747400005],[88.48066122500006,25.679865722000045],[88.47767855100005,25.67971274300004],[88.47522238600004,25.682983556000067],[88.47121223600004,25.68206865700006],[88.47082807500004,25.68043050700004],[88.47340188600003,25.679806298000074],[88.46987088700007,25.678414493000048],[88.46249235700003,25.678432841000074],[88.46102240600004,25.672719364000045],[88.45628366500006,25.672354443000074],[88.45407609900008,25.66425967500004],[88.45384818700006,25.657051186000047],[88.45614384700008,25.652646566000044],[88.45402322900009,25.644677819000037],[88.45587854500008,25.64404828000005],[88.45456193300004,25.62930833100006],[88.45576400900006,25.628680401000054],[88.45055516200006,25.625958531000038],[88.44506041600005,25.61384821400003],[88.44694687700007,25.614281093000045],[88.44752139100007,25.605784740000047],[88.44958244800006,25.60507545200005],[88.44513845100005,25.600846449000073],[88.44430914000003,25.597029124000073],[88.45704857400005,25.598978244000023],[88.45936737400007,25.593562089000045],[88.46574973500003,25.591933048000044],[88.46471355600005,25.58776174600007],[88.46881118300007,25.587299114000075],[88.46879390200007,25.583181977000038],[88.47110782300007,25.585192434000078],[88.48106546000008,25.58568006300004],[88.48102597700006,25.582100921000062],[88.48257371000005,25.582335364000073],[88.48361432200005,25.58660284800004],[88.49147573600004,25.58458242100005],[88.49138574000006,25.583055245000025],[88.49395871200005,25.582802964000052],[88.49320576500008,25.58427381000007],[88.49989552600005,25.584054243000026],[88.49779935300006,25.570089947000042],[88.50091055200005,25.564066608000076],[88.50129888100008,25.558893092000062],[88.49893864100005,25.55875145300007],[88.49750334300006,25.555720687000075],[88.50027388900008,25.550863157000038],[88.50787836300003,25.547180285000024],[88.50938941700008,25.54415852300008],[88.50984393100003,25.545863632000078],[88.51157535600004,25.54552393000006],[88.51374541700005,25.547635644000025],[88.51901154000006,25.545190842000068],[88.51867020600008,25.538408463000053],[88.52345332900006,25.535293488000036],[88.52766836900008,25.543408056000033],[88.53307647800005,25.542199355000037],[88.53276753900008,25.53229907800005],[88.53936317200004,25.534825203000025],[88.54049850500007,25.530297826000037],[88.53941456500007,25.52672440400005],[88.54107751300006,25.526173726000025],[88.53798315500006,25.525346504000026],[88.53732939900004,25.52108835300004],[88.54036495300005,25.519959865000033],[88.53970660700008,25.51407829300007],[88.54117660600008,25.51158645000004],[88.53967946500006,25.510653481000077],[88.53989683700007,25.50838715900005],[88.54630025300008,25.50842704100006],[88.54795703400004,25.518248801000027],[88.55154620300004,25.520522925000023],[88.55485451000004,25.520999310000036],[88.55302090700008,25.51544873000006],[88.55580397500006,25.514211059000047],[88.55998357600004,25.51255692500007],[88.56822059700005,25.51384798400005],[88.57161169300008,25.51633944300005],[88.57284491500008,25.51502084300006],[88.58043885500007,25.51417366100003],[88.58382769200006,25.52935278600006],[88.58914593600008,25.535198883000078],[88.58982847200008,25.541931893000026],[88.59284304600004,25.544807776000027],[88.59268881600008,25.54808091800004],[88.58571606700008,25.55833415400008],[88.58723885900008,25.567621376000034],[88.59950366000004,25.56621171000006],[88.60516706300007,25.56896822500005],[88.60598273000005,25.572753411000065],[88.60258221800007,25.577713880000033],[88.60200897500005,25.582979503000047],[88.60440956900004,25.592493902000058],[88.61197735500008,25.590604993000056],[88.61575537300007,25.592285729000025],[88.61695590700003,25.594840946000033],[88.61587762000005,25.598910620000026],[88.61830179400005,25.60435419500004],[88.62211202700007,25.606798583000057],[88.62113037200004,25.609040875000062],[88.62313487900008,25.614210684000057],[88.62685120000003,25.613635077000026],[88.62754515000006,25.618865870000036],[88.62332579200006,25.619655699000077],[88.62092744200004,25.621867137000038],[88.61819904600009,25.63217024000005],[88.62093097400003,25.63830456200003],[88.62861116500005,25.645554168000047],[88.62926267100005,25.65015760800003],[88.62090284900006,25.651935415000025],[88.62624177300006,25.656069555000045],[88.63006597900005,25.655510160000063],[88.63385948900003,25.65909061900004],[88.63143683800007,25.66097524500003],[88.63213923700005,25.666180121000025],[88.62500135100004,25.669739200000038],[88.62226866300006,25.67334747700005],[88.62535049500008,25.67860190400006],[88.63255619200004,25.67689548000004],[88.63201531400006,25.68082636300005],[88.62986516200004,25.682827486000065],[88.63252456100008,25.69319199800003],[88.62938595000008,25.695287660000076],[88.63079111300004,25.705159620000074],[88.62908245200003,25.710011146000056],[88.63051549600004,25.712804882000057],[88.63402392200004,25.71324691700005],[88.63819146800006,25.718142785000055],[88.63927552400008,25.720647084000063],[88.63803501600006,25.722034376000067],[88.64003624000009,25.72575877500003],[88.64084795700006,25.72439004000006],[88.64282909900004,25.72695854600005],[88.64541213000007,25.727246110000067],[88.64724528400006,25.738608248000048],[88.64597497500006,25.740553973000033],[88.64398714000004,25.740691224000045],[88.63940764900008,25.739823520000073],[88.63686443400007,25.740829569000027],[88.63389108800004,25.73934527600005],[88.63193458500007,25.74289548200005],[88.62743056800008,25.742103160000056],[88.62154670000007,25.744160846000057],[88.62012365900006,25.73887183900007],[88.61752631200005,25.736468169000034],[88.61023891100007,25.742111659000045],[88.60325682700005,25.742207377000057],[88.60080124900009,25.744107453000026],[88.60235752900007,25.746301102000075],[88.60146848000005,25.747598322000044],[88.59060271100003,25.744979108000052],[88.58991202600004,25.747513953000066],[88.58845181600003,25.747622255000067],[88.58687057200007,25.744873532000042],[88.58216288500006,25.744991412000047],[88.57751043900004,25.748605404000045],[88.56781780200004,25.75159530600007],[88.56486880600005,25.756744654000045],[88.56031143500007,25.75756130600007],[88.55615209900003,25.760548585000038],[88.54319147200005,25.76162135000004],[88.54200330300006,25.763572],[88.53611777900005,25.758429943000067],[88.53225528700005,25.75851123800004],[88.53025044900005,25.765210934000038],[88.52820211900007,25.76602027900003]]]}},{"type":"Feature","id":"dinajpur-bochaganj","properties":{"canonical_id":"dinajpur-bochaganj","name_en":"Bochaganj","name_bn":"বোচাগঞ্জ","district_id":"dinajpur","division_id":"rangpur","pcode":"BD-F-14-481","parent_pcode":"BD5527","source_name":"Bochaganj","match_method":"exact_name_or_alias","boundary_reference_year":"2020","boundary_source":"geoBoundaries gbOpen BGD ADM3 / BBS, OCHA ROAP","source_dataset_updated":"2026-08-09"},"geometry":{"type":"Polygon","coordinates":[[[88.52820211900007,25.76602027900003],[88.52784252400005,25.77150249500005],[88.52437310300007,25.77229344600005],[88.51721821700005,25.77094038200005],[88.51238167400004,25.776562486000046],[88.50800220400004,25.776101210000036],[88.50658044400006,25.77992590300005],[88.50772553600007,25.785535754000023],[88.50537594400004,25.786497403000055],[88.50360830400007,25.792137696000054],[88.50541732100004,25.79450590400006],[88.51146977800005,25.79501827200005],[88.51085947500007,25.80105983900006],[88.50656662800003,25.801374680000038],[88.50516879600008,25.804627415000027],[88.50586682400007,25.807271969000055],[88.51082818500004,25.805083868000054],[88.51164810300008,25.81180252400003],[88.50742825200007,25.813623585000073],[88.51450116000007,25.82121489800005],[88.51369583300004,25.822249990000046],[88.51003255000006,25.821542691000047],[88.50412776000007,25.81902126700004],[88.50180805300005,25.82114383000004],[88.50369281900004,25.82589742700003],[88.50990281500003,25.824809019000043],[88.51174375900007,25.82579334600007],[88.51241264200007,25.82373159900004],[88.51656225800008,25.832920211000044],[88.50695038600009,25.846394530000055],[88.50647471100007,25.855046557000037],[88.50198343700004,25.856476391000058],[88.50074500200003,25.85923695100007],[88.50284542300005,25.86116865400004],[88.50146993800007,25.86201044300003],[88.50231899800008,25.86441393100006],[88.50455165500006,25.865263597000023],[88.50281508500007,25.865456726000048],[88.50454610800006,25.868156506000048],[88.50193117000003,25.871725569000034],[88.50795486800007,25.87441483200007],[88.51286837600009,25.874406590000035],[88.51355315300003,25.877177928000037],[88.51022318600008,25.878703956000038],[88.50791144400006,25.883404189000032],[88.50354905900008,25.883802197000023],[88.50340082000008,25.88724773000007],[88.50052802100004,25.89188222300004],[88.50288564900006,25.894509508000056],[88.50138417500006,25.897934847000045],[88.49685555100007,25.89811593400003],[88.49355691800008,25.89996067800007],[88.49369637600006,25.90219376300007],[88.49746891100006,25.904804228000046],[88.49460282400008,25.907504370000026],[88.49016170500005,25.905193824000037],[88.48817869900006,25.905657853000037],[88.48795321600005,25.904479593000076],[88.48101805600004,25.903952308000044],[88.47859649800006,25.894903920000047],[88.48264254700007,25.887887471000056],[88.48063707500006,25.88756911400003],[88.47846865300005,25.89079028900005],[88.47552967800004,25.889812041000027],[88.47556443200006,25.888271990000078],[88.48047889200006,25.885283350000066],[88.48373290400008,25.884203558000024],[88.48550453100006,25.885197102000063],[88.48349384300008,25.88319047600004],[88.48521412400004,25.88163191600006],[88.48278445500006,25.880543465000073],[88.48313077600005,25.87518664600003],[88.48588404100008,25.869867933000023],[88.48311505800007,25.86857959300005],[88.48426228700004,25.865602141000068],[88.48038016200007,25.866337962000046],[88.48127846200003,25.864687885000023],[88.47924058400008,25.86318029100005],[88.46973202100008,25.86329476800006],[88.46594438700004,25.868570066000075],[88.46562623400007,25.873161993000053],[88.46131484100005,25.873305362000053],[88.46168500900006,25.86885168200007],[88.45992787400007,25.865764631000047],[88.46076287500006,25.86196928800007],[88.45938587000006,25.86071726800003],[88.45461177200008,25.860820560000036],[88.45308064100004,25.85840786400007],[88.45099097500008,25.859474589000058],[88.45189420500003,25.86139760700007],[88.44459339600007,25.861952081000027],[88.44320419900004,25.871375982000075],[88.43469358200008,25.870899042000076],[88.43580985100004,25.86572393000006],[88.43412277300007,25.867053165000073],[88.43202364300004,25.86637992200008],[88.42821108200008,25.871192346000043],[88.42214578600004,25.871018184000036],[88.41751203400008,25.869335358000058],[88.41773042100004,25.867268082000066],[88.42588979400006,25.86099491400006],[88.42605074000005,25.85936710900006],[88.42244090300005,25.855510781000078],[88.41609878600008,25.862341337000032],[88.41153608300004,25.862746257000026],[88.41221737900008,25.864802489000056],[88.41099381300006,25.865847622000047],[88.41258922900005,25.86684461300007],[88.40846274300009,25.86844927100003],[88.40379433600003,25.864796987000034],[88.40407928000008,25.857651702000055],[88.39883935700004,25.841908555000032],[88.39515830900007,25.83994554000003],[88.38627162100005,25.839755660000037],[88.38519312800008,25.834758016000023],[88.38755085900004,25.829515297000057],[88.38580612100003,25.822572079000054],[88.39084988600007,25.810980862000065],[88.38539013900004,25.808287544000052],[88.38687723300006,25.803426149000074],[88.38912657800006,25.803537420000055],[88.38578785700008,25.792161855000074],[88.38274319900006,25.793652621000035],[88.38353038100007,25.787450147000072],[88.38742227000006,25.781942284000024],[88.38791525700003,25.776016937000065],[88.38494014500003,25.772750235000046],[88.38720836600004,25.768610677000026],[88.38665074100004,25.762681576000034],[88.39099198900004,25.760140856000078],[88.38884205400007,25.753994399000078],[88.39349856600006,25.749435367000046],[88.39208212300008,25.74332243300006],[88.39515308400007,25.739187617000027],[88.40059996300005,25.738395515000036],[88.39876755900008,25.733992828000055],[88.40052414400003,25.73119142300004],[88.40509940800007,25.728533733000063],[88.41014678200008,25.72909786300005],[88.40881340500005,25.732440058000066],[88.41443908000008,25.73389624500004],[88.41269650700008,25.73765664900003],[88.41523197600009,25.73672558900006],[88.41855313500008,25.73298286200003],[88.41878967200006,25.729536693000057],[88.42055662700005,25.729775921000055],[88.42211089100005,25.73246565200003],[88.42843796700004,25.728659290000053],[88.42333331700007,25.724850125000046],[88.42564346500006,25.720638652000048],[88.43411900200005,25.718073445000073],[88.43116785400008,25.715286422000077],[88.42357299700006,25.714916128000027],[88.42500643800008,25.708159951000027],[88.42702739200007,25.706893568000055],[88.43196761200005,25.710441825000032],[88.43619290600003,25.70840453200003],[88.43649032200005,25.706116257000076],[88.43468218100008,25.705811335000078],[88.43351045500003,25.701400896000052],[88.43509324900003,25.69900116100007],[88.43367190800006,25.696083901000065],[88.43772728700009,25.692254873000024],[88.43814474000004,25.68901709000005],[88.43764635000008,25.687146862000077],[88.43532968800008,25.686462967000068],[88.43189053100008,25.69058633700007],[88.42837441800003,25.687697273000026],[88.42832870700005,25.685106819000055],[88.43057466900007,25.68371978400006],[88.42520610800005,25.678568331000065],[88.43105554700008,25.674058010000067],[88.42711398500006,25.669703081000023],[88.44008286300004,25.667129764000038],[88.44394095200005,25.665084801000035],[88.45085983500007,25.66457521800004],[88.45104177500008,25.66553950900004],[88.45407609900008,25.66425967500004],[88.45628366500006,25.672354443000074],[88.46102240600004,25.672719364000045],[88.46249235700003,25.678432841000074],[88.46987088700007,25.678414493000048],[88.47340188600003,25.679806298000074],[88.47082807500004,25.68043050700004],[88.47121223600004,25.68206865700006],[88.47522238600004,25.682983556000067],[88.47767855100005,25.67971274300004],[88.48066122500006,25.679865722000045],[88.48169407800003,25.68184747400005],[88.47936496900007,25.685660814000073],[88.48232960900003,25.68363718300003],[88.48396997600008,25.690391636000072],[88.48849327500005,25.68929085800005],[88.49009299300008,25.690931404000025],[88.48598964300004,25.692480106000062],[88.48665699000009,25.695801560000064],[88.48369094600008,25.70270957400004],[88.48391840200009,25.706435554000052],[88.48580110500006,25.708342041000037],[88.48234494500008,25.718155971000044],[88.48071054900004,25.718981393000035],[88.48076399300004,25.721785797000052],[88.48634173600004,25.721212429000047],[88.49608957400005,25.72430286900004],[88.49984469200007,25.72387718600004],[88.49809019500003,25.737013939000065],[88.49462497000007,25.739516811000044],[88.49663594100008,25.744898138000053],[88.50116981400004,25.744528444000025],[88.50362723700005,25.741558573000077],[88.50691211800006,25.743505731000027],[88.51078962500009,25.74345458700003],[88.51326216300004,25.748584814000026],[88.52185498600005,25.751220557000067],[88.52034364500008,25.758941936000042],[88.52058629300006,25.760957722000057],[88.52260793000005,25.761646919000043],[88.52187960600008,25.765209107000032],[88.52820211900007,25.76602027900003]]]}},{"type":"Feature","id":"dinajpur-chirirbandar","properties":{"canonical_id":"dinajpur-chirirbandar","name_en":"Chirirbandar","name_bn":"চিরিরবন্দর","district_id":"dinajpur","division_id":"rangpur","pcode":"BD-F-14-488","parent_pcode":"BD5527","source_name":"Chirirbandar","match_method":"exact_name_or_alias","boundary_reference_year":"2020","boundary_source":"geoBoundaries gbOpen BGD ADM3 / BBS, OCHA ROAP","source_dataset_updated":"2026-08-09"},"geometry":{"type":"Polygon","coordinates":[[[88.85870832700004,25.77632641400004],[88.85601610400005,25.777108860000055],[88.85223049700005,25.784866055000066],[88.85506641500007,25.78682852600008],[88.84898801300005,25.789452590000053],[88.84729628400004,25.802471487000048],[88.84505403800006,25.80310096200003],[88.84160317100003,25.80239689800004],[88.84241809500008,25.801323855000078],[88.84026174500008,25.800109762000034],[88.83850071000006,25.801416763000077],[88.83898516400006,25.798913952000078],[88.83620793100005,25.799367466000035],[88.83073787800004,25.796144809000054],[88.82587093700005,25.795418263000045],[88.82448455100007,25.79131297600003],[88.82426670400008,25.792354629000044],[88.82141708200004,25.792228296000076],[88.81419748300004,25.78881590800006],[88.81184949500005,25.79027750000006],[88.81293456600008,25.791951642000072],[88.81020541300006,25.793591237000044],[88.80978935400003,25.796210183000028],[88.80619854200006,25.797260839000046],[88.80482553700006,25.795150893000027],[88.79511095800007,25.789742525000065],[88.78167765200004,25.785227333000023],[88.78041215000007,25.78186474300003],[88.77610954400006,25.77938177300007],[88.77388275200008,25.781882653000025],[88.76451021100007,25.779257775000076],[88.75715308200006,25.78022158300007],[88.75675149200003,25.778806261000057],[88.75154117900007,25.778104230000054],[88.75068618700004,25.780442703000062],[88.74665453900008,25.781955909000033],[88.74250770000003,25.780079369000077],[88.74070915300007,25.781977926000025],[88.71865706800008,25.78315717600003],[88.72588634100003,25.773547996000048],[88.73803254100005,25.767597747000025],[88.73557656600008,25.75002998000008],[88.73693310700008,25.743929207000065],[88.74063836400006,25.742855259000066],[88.74166749700004,25.741039191000027],[88.74667776100006,25.727357889000075],[88.74496001400007,25.72591822800007],[88.74320982500006,25.717107849000058],[88.73630352000004,25.713105882000036],[88.73653312900007,25.70206945800004],[88.73508404200004,25.698091503000057],[88.73095921800007,25.697127942000066],[88.72683914500004,25.688696268000058],[88.72863516700005,25.688588915000025],[88.72825518700006,25.68560549400007],[88.73104568300005,25.683974679000073],[88.73199084800007,25.67172554700005],[88.72152420900005,25.66243825300006],[88.71819237700004,25.661537175000035],[88.71810747500007,25.653724143000034],[88.71155354100006,25.648571314000037],[88.71498969900006,25.641932027000053],[88.71261859300006,25.629350185000078],[88.71069707900006,25.62841510800007],[88.70896635200006,25.622185083000034],[88.69982257600003,25.613856638000073],[88.69921845600004,25.610529737000036],[88.70018666800007,25.608017580000023],[88.70542146800005,25.604544994000037],[88.70933264000007,25.590311521000046],[88.71157635800006,25.58853058300008],[88.72766804100007,25.58746212400007],[88.72964566100006,25.58557079900004],[88.73072857700004,25.57974291800008],[88.73256962400006,25.578838482000037],[88.73852246100006,25.579576704000033],[88.74347770600008,25.58289972400007],[88.74753640100005,25.580468460000077],[88.74955206800007,25.57391647000003],[88.74205909100004,25.564940531000047],[88.74998586300006,25.562369122000064],[88.74869812100007,25.558409011000037],[88.75419805000007,25.553407505000052],[88.75297940100006,25.54973807400006],[88.75728222300006,25.546788830000025],[88.76375393200004,25.536619202000054],[88.76331027700007,25.52543240600005],[88.76741105400004,25.525263606000067],[88.76778792000005,25.521932554000045],[88.77618189600008,25.518686485000046],[88.77599684300003,25.51652591000004],[88.78261971800003,25.51520584000008],[88.78634903200003,25.516522396000028],[88.78496839800005,25.518299223000042],[88.79248550000005,25.520979210000064],[88.79232982400003,25.52280631600007],[88.80326302800006,25.524434752000047],[88.80488718600003,25.523305552000068],[88.80589818700008,25.53113367000003],[88.81411906000005,25.53239061900007],[88.82208980900003,25.535998927000037],[88.82537653800006,25.531591929000058],[88.83710430900004,25.52951563000005],[88.83808245100005,25.52831345900006],[88.84090389700003,25.53441199100007],[88.84825922500005,25.531668084000046],[88.85210264200003,25.532669471000077],[88.85309791300006,25.534296909000034],[88.84988702600003,25.53756575700004],[88.84732756500006,25.537645524000027],[88.84733537400007,25.54040687400004],[88.84602479800003,25.540757728000074],[88.84565339600005,25.53725423700007],[88.84233293000005,25.536715052000034],[88.84313780300005,25.543555491000063],[88.83962794700005,25.54522636400003],[88.83946828200004,25.549856013000067],[88.83467953000007,25.55792008800006],[88.83236497200005,25.570745808000026],[88.83254129600004,25.57970143400007],[88.82620305700004,25.59297732600004],[88.83116820900005,25.59834886400006],[88.83122508500009,25.605973383000048],[88.82973701100008,25.608655011000053],[88.82200441400005,25.61230898900004],[88.82027610900008,25.61556136300004],[88.82179098000006,25.62559881800007],[88.82070092000004,25.62817632200006],[88.82720744000005,25.63117785700007],[88.82732374700004,25.63475717500006],[88.82035562700008,25.63838836000008],[88.81898370400006,25.64172484000005],[88.82010042900004,25.64800744200005],[88.82475597300004,25.64771090800008],[88.82593224300007,25.650140188000023],[88.82057026600006,25.651861048000058],[88.82014983600004,25.655580486000076],[88.82739307200006,25.65776182600007],[88.82843338300006,25.671378252000068],[88.83289313300008,25.672767235000038],[88.83257440500006,25.676591355000028],[88.83847210500005,25.679930685000045],[88.83382023600007,25.68829406900005],[88.83396251100004,25.693222296000044],[88.83740042800008,25.694483913000056],[88.84413943700008,25.693589984000027],[88.84383138500004,25.699045667000064],[88.83989552400004,25.705985464000037],[88.84261052400007,25.71553616800003],[88.85445427900004,25.731179051000026],[88.86448582900005,25.72978865400006],[88.87001963500006,25.73290836700005],[88.87967003000006,25.74299908000006],[88.87681832900006,25.749934646000042],[88.86856887700009,25.753270249000025],[88.86312097700005,25.758967511000037],[88.85865470500005,25.768706567000038],[88.86025933300004,25.770813329000077],[88.85870832700004,25.77632641400004]]]}},{"type":"Feature","id":"dinajpur-dinajpur-sadar","properties":{"canonical_id":"dinajpur-dinajpur-sadar","name_en":"Dinajpur Sadar","name_bn":"দিনাজপুর সদর","district_id":"dinajpur","division_id":"rangpur","pcode":"BD-F-14-484","parent_pcode":"BD5527","source_name":"Dinajpur Sadar","match_method":"exact_name_or_alias","boundary_reference_year":"2020","boundary_source":"geoBoundaries gbOpen BGD ADM3 / BBS, OCHA ROAP","source_dataset_updated":"2026-08-09"},"geometry":{"type":"Polygon","coordinates":[[[88.56822059700005,25.51384798400005],[88.56778329000008,25.51131507100007],[88.57273267800008,25.50905369800006],[88.57764891100004,25.508424685000023],[88.58577669300007,25.51047750500004],[88.58670946600006,25.50729030800005],[88.59083869800008,25.509457626000028],[88.59632504500007,25.506176395000068],[88.60274266400006,25.515967087000035],[88.60905883700008,25.51643466200005],[88.60992691300004,25.511552834000042],[88.60612495200007,25.50945643700004],[88.61300517200004,25.509997886000065],[88.61551814000006,25.50539621200005],[88.61965473500004,25.503880236000043],[88.62244116300008,25.497024662000058],[88.63974165100007,25.499553298000023],[88.64468695000005,25.49874586800007],[88.64517705200007,25.496982127000024],[88.64845565500008,25.49630695600007],[88.64843179500008,25.493172706000053],[88.64481533000009,25.494008011000062],[88.64267701700004,25.492795258000058],[88.64461600800007,25.490320988000065],[88.64634722200003,25.478527589000066],[88.65298079600007,25.48153159000003],[88.66023355400006,25.48183803300003],[88.66296953400007,25.47376869900006],[88.68823254200004,25.47558344400005],[88.69951242400003,25.471310209000023],[88.70037850900007,25.476074004000054],[88.70746607100006,25.477059276000034],[88.70638068400007,25.47993540600004],[88.71032919700008,25.480708828000047],[88.70803257700004,25.49237573100004],[88.70923564700007,25.49618199200006],[88.70750736500008,25.499945204000028],[88.71327027500007,25.50008765700005],[88.71191465900006,25.49724227100006],[88.71381471100005,25.495670562000043],[88.71334493600006,25.498177208000072],[88.71543724500003,25.498947728000076],[88.71434182100006,25.49955221500005],[88.72115741000005,25.499807219000047],[88.72148695800007,25.501660767000033],[88.72570564700004,25.502026596000064],[88.72632444600004,25.50336215300007],[88.74213170700006,25.505120125000076],[88.74389792900007,25.49487909800007],[88.74254641900006,25.495406137000032],[88.74002545700006,25.48941595900004],[88.74501777800003,25.48886690100005],[88.74626528000005,25.49231769200003],[88.74857152600003,25.493702203000055],[88.76086923800005,25.493378001000053],[88.76477508800008,25.494955599000036],[88.76893466400008,25.499039787000072],[88.77078239200006,25.50522618100007],[88.76864856300006,25.504100866000044],[88.76553703200005,25.504815097000062],[88.76303110200007,25.50856818500006],[88.75913282200008,25.509706528000038],[88.76039101000003,25.518586350000078],[88.75918075600003,25.524029734000067],[88.76162467800003,25.52595864600005],[88.76331027700007,25.52543240600005],[88.76375393200004,25.536619202000054],[88.75728222300006,25.546788830000025],[88.75297940100006,25.54973807400006],[88.75419805000007,25.553407505000052],[88.74869812100007,25.558409011000037],[88.74998586300006,25.562369122000064],[88.74205909100004,25.564940531000047],[88.74955206800007,25.57391647000003],[88.74753640100005,25.580468460000077],[88.74347770600008,25.58289972400007],[88.73852246100006,25.579576704000033],[88.73256962400006,25.578838482000037],[88.73072857700004,25.57974291800008],[88.72964566100006,25.58557079900004],[88.72766804100007,25.58746212400007],[88.71157635800006,25.58853058300008],[88.70933264000007,25.590311521000046],[88.70542146800005,25.604544994000037],[88.70018666800007,25.608017580000023],[88.69921845600004,25.610529737000036],[88.69982257600003,25.613856638000073],[88.70896635200006,25.622185083000034],[88.71069707900006,25.62841510800007],[88.71261859300006,25.629350185000078],[88.71498969900006,25.641932027000053],[88.71155354100006,25.648571314000037],[88.71810747500007,25.653724143000034],[88.71819237700004,25.661537175000035],[88.72152420900005,25.66243825300006],[88.73199084800007,25.67172554700005],[88.73104568300005,25.683974679000073],[88.72825518700006,25.68560549400007],[88.72863516700005,25.688588915000025],[88.72683914500004,25.688696268000058],[88.73095921800007,25.697127942000066],[88.73508404200004,25.698091503000057],[88.73653312900007,25.70206945800004],[88.73630352000004,25.713105882000036],[88.74320982500006,25.717107849000058],[88.74496001400007,25.72591822800007],[88.74667776100006,25.727357889000075],[88.74166749700004,25.741039191000027],[88.74063836400006,25.742855259000066],[88.73693310700008,25.743929207000065],[88.73557656600008,25.75002998000008],[88.73803254100005,25.767597747000025],[88.72588634100003,25.773547996000048],[88.71865706800008,25.78315717600003],[88.71664170900004,25.785529216000043],[88.70951716000008,25.788234629000044],[88.70818928700004,25.781869977000042],[88.70046474100008,25.778696419000028],[88.70202356400006,25.77030004200003],[88.69956650700004,25.763470417000065],[88.69248238500006,25.756830066000077],[88.68959243400008,25.75579229600004],[88.68850106400004,25.75794316100007],[88.68118879500008,25.746995774000027],[88.67842178600006,25.747773116000076],[88.67657386700006,25.744862058000024],[88.66832260200005,25.74655590100008],[88.65674729500006,25.746306253000057],[88.65485000100006,25.745284299000048],[88.65448345500005,25.740570756000068],[88.64724528400006,25.738608248000048],[88.64541213000007,25.727246110000067],[88.64282909900004,25.72695854600005],[88.64084795700006,25.72439004000006],[88.64003624000009,25.72575877500003],[88.63803501600006,25.722034376000067],[88.63927552400008,25.720647084000063],[88.63819146800006,25.718142785000055],[88.63402392200004,25.71324691700005],[88.63051549600004,25.712804882000057],[88.62908245200003,25.710011146000056],[88.63079111300004,25.705159620000074],[88.62938595000008,25.695287660000076],[88.63252456100008,25.69319199800003],[88.62986516200004,25.682827486000065],[88.63201531400006,25.68082636300005],[88.63255619200004,25.67689548000004],[88.62535049500008,25.67860190400006],[88.62226866300006,25.67334747700005],[88.62500135100004,25.669739200000038],[88.63213923700005,25.666180121000025],[88.63143683800007,25.66097524500003],[88.63385948900003,25.65909061900004],[88.63006597900005,25.655510160000063],[88.62624177300006,25.656069555000045],[88.62090284900006,25.651935415000025],[88.62926267100005,25.65015760800003],[88.62861116500005,25.645554168000047],[88.62093097400003,25.63830456200003],[88.61819904600009,25.63217024000005],[88.62092744200004,25.621867137000038],[88.62332579200006,25.619655699000077],[88.62754515000006,25.618865870000036],[88.62685120000003,25.613635077000026],[88.62313487900008,25.614210684000057],[88.62113037200004,25.609040875000062],[88.62211202700007,25.606798583000057],[88.61830179400005,25.60435419500004],[88.61587762000005,25.598910620000026],[88.61695590700003,25.594840946000033],[88.61575537300007,25.592285729000025],[88.61197735500008,25.590604993000056],[88.60440956900004,25.592493902000058],[88.60200897500005,25.582979503000047],[88.60258221800007,25.577713880000033],[88.60598273000005,25.572753411000065],[88.60516706300007,25.56896822500005],[88.59950366000004,25.56621171000006],[88.58723885900008,25.567621376000034],[88.58571606700008,25.55833415400008],[88.59268881600008,25.54808091800004],[88.59284304600004,25.544807776000027],[88.58982847200008,25.541931893000026],[88.58914593600008,25.535198883000078],[88.58382769200006,25.52935278600006],[88.58043885500007,25.51417366100003],[88.57284491500008,25.51502084300006],[88.57161169300008,25.51633944300005],[88.56822059700005,25.51384798400005]]]}},{"type":"Feature","id":"dinajpur-fulbari","properties":{"canonical_id":"dinajpur-fulbari","name_en":"Fulbari","name_bn":"ফুলবাড়ী","district_id":"dinajpur","division_id":"rangpur","pcode":"BD-F-14-483","parent_pcode":"BD5527","source_name":"Fulbari","match_method":"exact_name_or_alias","boundary_reference_year":"2020","boundary_source":"geoBoundaries gbOpen BGD ADM3 / BBS, OCHA ROAP","source_dataset_updated":"2026-08-09"},"geometry":{"type":"Polygon","coordinates":[[[88.98396296500005,25.48792628700005],[88.98442851400006,25.48924106800007],[88.98754200400003,25.48977728400007],[88.98757048500005,25.49164718700007],[88.98422777700006,25.493592540000066],[88.98530592500003,25.496341070000028],[88.99053188600004,25.501128434000066],[88.98602340700006,25.507981870000037],[88.97897185700003,25.50988671500005],[88.97558583300008,25.508688676000077],[88.97210612800006,25.50940813400007],[88.96024230700004,25.517124343000035],[88.95921128600008,25.523308499000052],[88.95756691200006,25.524016353000036],[88.95771541400006,25.536269407000077],[88.95321428900007,25.537641971000028],[88.95674159500004,25.538536795000027],[88.95826582700005,25.54113856200007],[88.95620251500009,25.542317466000043],[88.95567259500007,25.547190774000057],[88.95451783200008,25.54724574100004],[88.95572805900008,25.550086831000044],[88.94877123600008,25.54960532800004],[88.94732739200003,25.55572317900004],[88.93566097800004,25.557120231000056],[88.93296728400009,25.552606757000035],[88.93564816200006,25.551388099000064],[88.93457728200008,25.543674192000026],[88.93560428200004,25.54026116700004],[88.93790293600006,25.539358536000066],[88.93720650600005,25.537741150000045],[88.93199764600007,25.53804807800003],[88.93006577600005,25.541602327000078],[88.92930896300004,25.55067934300007],[88.92362039100004,25.551417557000036],[88.91506244000004,25.55849274800005],[88.91210428000005,25.557962324000073],[88.90801279000004,25.56341724600003],[88.90163782200005,25.563206454000067],[88.89981291500004,25.55562270300004],[88.89535381300004,25.553657393000037],[88.89212614400003,25.55397725200004],[88.89056962100005,25.55151003000003],[88.89373891500009,25.54446340100003],[88.90160200600008,25.547994974000062],[88.90430211500006,25.543998226000042],[88.90346931100004,25.541418599000053],[88.89653487600003,25.543775121000067],[88.89046781800005,25.541350591000025],[88.88904702000008,25.538789571000052],[88.88933931600008,25.533393879000073],[88.89217034100005,25.532045097000037],[88.89556051500006,25.527058219000025],[88.89270895600004,25.520767998000053],[88.88634838400003,25.519381184000054],[88.87036237300003,25.52048796200006],[88.86941016600008,25.513187671000026],[88.86426362300006,25.51232790100005],[88.86297308800005,25.51055603100008],[88.86273962200005,25.51592954000006],[88.85717046500008,25.512964646000057],[88.85324965500007,25.516013045000022],[88.84895006600004,25.515881147000073],[88.84890113100005,25.519315875000075],[88.84415392800008,25.521069712000042],[88.84525238800006,25.522747111000058],[88.84156039500004,25.52130149000004],[88.83596397400004,25.52264427600005],[88.83808245100005,25.52831345900006],[88.83710430900004,25.52951563000005],[88.82537653800006,25.531591929000058],[88.82208980900003,25.535998927000037],[88.81411906000005,25.53239061900007],[88.80589818700008,25.53113367000003],[88.80488718600003,25.523305552000068],[88.81059072500005,25.523202753000078],[88.80800237900007,25.51279968800003],[88.81009120200008,25.510274222000078],[88.80922227300005,25.499270850000073],[88.81374335000004,25.48799258200006],[88.82964755700004,25.490354701000058],[88.83727366600004,25.47285746400007],[88.83541656000006,25.465403784000046],[88.83927637700003,25.458676050000065],[88.83728174800007,25.45225460900008],[88.82853448900005,25.448876391000056],[88.83180622300006,25.448732841000037],[88.82649556900003,25.444856869000034],[88.82579257900005,25.440772620000075],[88.82708569200008,25.438236543000073],[88.82803133700008,25.436645506000048],[88.83207817200008,25.437041365000027],[88.83244530700006,25.43163273300007],[88.83426752300005,25.431779320000032],[88.83442367700007,25.42749339900007],[88.82980885400008,25.42769268400008],[88.82854280000004,25.426133829000037],[88.83072275400008,25.423305183000025],[88.82994585700004,25.41704926600005],[88.81977799700007,25.415482805000067],[88.82018867500005,25.418047810000076],[88.81827542400003,25.418175447000067],[88.81748207800007,25.41441674500004],[88.81238093500008,25.41051036400006],[88.82319158100006,25.40962806500005],[88.82369076100008,25.401132068000038],[88.83714209400006,25.401889959000073],[88.83793930900003,25.397400978000064],[88.84079713700004,25.397732146000067],[88.84116752200003,25.394032527000036],[88.84763003300003,25.394405516000063],[88.84788008200007,25.391790042000025],[88.85420239500007,25.390583196000023],[88.86365490700007,25.39142573400005],[88.86917374400008,25.387453497000024],[88.86860109900005,25.391135978000023],[88.87139482100008,25.392388285000038],[88.87763721800007,25.390903283000057],[88.87713005800003,25.40086129200006],[88.89235782800006,25.403040616000055],[88.89754051200003,25.40200504300003],[88.91148197600006,25.405334750000065],[88.92283394500004,25.40493414200006],[88.93044939600009,25.408968999000024],[88.93223909900007,25.407505658000048],[88.93133446100006,25.403724683000064],[88.93686645600008,25.403532273000053],[88.93723112200007,25.40563148800004],[88.93953773300007,25.40401772200005],[88.93830840000004,25.397733780000067],[88.94139945000006,25.394743530000028],[88.95001685800008,25.399633945000062],[88.95400881400008,25.398743058000036],[88.95597260400007,25.40522962800003],[88.95961841500008,25.40363745600007],[88.96104846500003,25.406827725000028],[88.96408667600008,25.407551226000066],[88.96459135900005,25.40469743400007],[88.96621775200003,25.40509941600004],[88.96501564400006,25.410898203000045],[88.96737352200006,25.41107844900006],[88.97014480500007,25.41464036600007],[88.97310283100006,25.415359737000074],[88.97341448400005,25.417669576000037],[88.97900772600008,25.421382511000047],[88.97399059000008,25.42614291800004],[88.97436450000004,25.433032383000068],[88.97658519800007,25.43453269400004],[88.98172146200005,25.433560443000033],[88.98478658400006,25.445218715000067],[88.98835248100005,25.446041324000078],[88.98929067200004,25.447725055000035],[88.98954748100005,25.451101682000058],[88.98706779300005,25.45275170700006],[88.98810776600004,25.45601973400005],[88.98599465200004,25.461942751000038],[88.97278456500004,25.46691768000005],[88.97079422400003,25.468858659000034],[88.97342600500008,25.47396361600005],[88.97275130900005,25.479577600000027],[88.98187045400005,25.481381070000054],[88.98396296500005,25.48792628700005]]]}},{"type":"Feature","id":"dinajpur-ghoraghat","properties":{"canonical_id":"dinajpur-ghoraghat","name_en":"Ghoraghat","name_bn":"ঘোড়াঘাট","district_id":"dinajpur","division_id":"rangpur","pcode":"BD-F-14-478","parent_pcode":"BD5527","source_name":"Ghoraghat","match_method":"exact_name_or_alias","boundary_reference_year":"2020","boundary_source":"geoBoundaries gbOpen BGD ADM3 / BBS, OCHA ROAP","source_dataset_updated":"2026-08-09"},"geometry":{"type":"Polygon","coordinates":[[[89.28065629500009,25.301345212000058],[89.28252180000004,25.301850968000053],[89.27062868700006,25.305869253000026],[89.26868997800005,25.310936946000027],[89.26577270700005,25.31308802700005],[89.26294868400004,25.31279286700004],[89.26001354200008,25.310093907000066],[89.25677936100004,25.310788210000055],[89.25718048800007,25.312770124000053],[89.26097704200004,25.314467147000073],[89.26202014800003,25.317447293000043],[89.26538287400007,25.318680923000045],[89.26319750000005,25.323186856000063],[89.26063747200004,25.322738325000046],[89.25673041900006,25.31641722300003],[89.25473937000004,25.31550639900007],[89.24486450100005,25.31874203500007],[89.23781893100005,25.319137531000024],[89.23818047800006,25.32169327200006],[89.23570204900005,25.323401834000038],[89.23581850900007,25.326018954000062],[89.23913274100005,25.328744615000062],[89.24460279900006,25.330046026000048],[89.24543403800004,25.33414889200003],[89.23521922100008,25.33304194300007],[89.23094947500005,25.338385370000026],[89.22673005000007,25.330426274000047],[89.22127029200004,25.332348614000068],[89.22707515600007,25.344042282000032],[89.22863755900005,25.344126102000075],[89.23048598600008,25.347103325000035],[89.23007436500006,25.34452699800005],[89.23441939500003,25.34068357900003],[89.23777999300006,25.33973420600006],[89.23939123400004,25.340641607000066],[89.23868911000005,25.342430483000044],[89.23388644800008,25.345379914000034],[89.24056314600006,25.34770817100008],[89.24613991100006,25.35227451700007],[89.24488596900005,25.353009137000072],[89.23954832600003,25.34998476100003],[89.23310038100004,25.352780040000027],[89.23211198600006,25.35585927300008],[89.23773139800005,25.357296621000046],[89.23545602700005,25.365708880000057],[89.23015359900006,25.366343271000062],[89.23180225000004,25.36103478900003],[89.22515949100006,25.357876091000037],[89.22202933600005,25.35902391600007],[89.22588239700008,25.362233014000026],[89.22542910900006,25.364741024000068],[89.21488224400008,25.365582524000047],[89.20969751000007,25.364535498000066],[89.19878826500008,25.358523957000045],[89.19995032400004,25.35282998100007],[89.19898858300007,25.347022302000028],[89.19663326800008,25.350899784000035],[89.19198823700003,25.348341409000057],[89.18789904100004,25.348887253000044],[89.18436062600006,25.338796811000066],[89.17683354900004,25.338249818000065],[89.17616479600008,25.331170949000068],[89.17043069700009,25.331953749000036],[89.16885057300004,25.330357793000076],[89.16596705400008,25.33057120600006],[89.16425945900005,25.321413421000045],[89.15816235000005,25.320914796000068],[89.16064811600006,25.319233561000033],[89.16026056600003,25.317534814000055],[89.15139166200004,25.31639363000005],[89.15031281400007,25.308514819000038],[89.14829543200005,25.30808835600004],[89.14730717600008,25.30469013000004],[89.14159539300005,25.303253365000046],[89.14099339600006,25.30009325900005],[89.14595725200007,25.301213609000058],[89.14881646000003,25.296918238000046],[89.14545048200006,25.291761175000033],[89.14784683500005,25.287754919000065],[89.14623497600007,25.285317047000035],[89.14717676700008,25.282108880000067],[89.14959527500008,25.282857105000062],[89.15049613400004,25.28109858600004],[89.13989192900004,25.279822032000027],[89.13644735900004,25.278081103000034],[89.13704363400007,25.27627291300007],[89.14449022500008,25.274619724000047],[89.13984461400008,25.27279853600004],[89.14095961400005,25.268314771000064],[89.14268483500007,25.268750915000055],[89.14338998900007,25.263126940000063],[89.14231504100007,25.258706060000065],[89.13882607300008,25.254978291000043],[89.15081468200003,25.25637403500008],[89.15102434000005,25.254113735000033],[89.15924214100005,25.252942236000024],[89.16146731300006,25.25018599200007],[89.15603941400008,25.24707350500006],[89.15974701300007,25.248024195000028],[89.16094034400004,25.245771725000054],[89.16429208000005,25.245628746000023],[89.16514723600005,25.24226642900004],[89.16750863800007,25.24041444200003],[89.17332438600005,25.23985957000008],[89.17471339200006,25.234540039000024],[89.17742183100006,25.237090393000074],[89.18107278700006,25.233834939000076],[89.18142382700006,25.236315697000066],[89.18727359800005,25.235786421000057],[89.19053851400008,25.240744482000025],[89.19561256800006,25.23996568000007],[89.19689653200004,25.238114680000024],[89.19572200400006,25.23578298600006],[89.19644400400006,25.23082363000003],[89.20460992500006,25.228457279000054],[89.20790824500006,25.229394396000032],[89.21055309000008,25.23371714500007],[89.21340883700003,25.233789944000023],[89.21655058600004,25.23658290000003],[89.22419648900006,25.23481097000007],[89.22523490900005,25.23099545200006],[89.23294147100006,25.230013532000044],[89.23457344100007,25.23163786500004],[89.23748786500005,25.226775969000073],[89.24280170300005,25.226015953000058],[89.24591606500007,25.22372009700007],[89.25782156300005,25.225148467000054],[89.25942589000005,25.224671697000076],[89.25931425800007,25.22297285600007],[89.26406037000004,25.22562046200005],[89.26652053000004,25.22355569800004],[89.27414652100003,25.22368590700006],[89.27504031100005,25.22467912700006],[89.27116310900004,25.227936971000076],[89.27076895700009,25.22983367100005],[89.27240704000008,25.230568694000056],[89.27576171500004,25.228380059000074],[89.28064507100004,25.229208182000036],[89.28811412800007,25.227956385000027],[89.28819916500004,25.224380176000068],[89.29827490600007,25.222289268000054],[89.30365131500008,25.22973434800008],[89.29768656600004,25.231118821000052],[89.29399301000007,25.239497270000072],[89.28991161600004,25.242762527000025],[89.29079052700007,25.250159277000023],[89.28712232700008,25.257251933000077],[89.27899378300003,25.259677762000024],[89.27708609400008,25.262738201000047],[89.27247775000006,25.265169569000022],[89.27456658700004,25.268416109000043],[89.27122133200004,25.269355721000068],[89.26958100300004,25.275910992000036],[89.26582195700007,25.278730692000067],[89.26658786200005,25.280088489000036],[89.25591940600003,25.28515979100007],[89.25847957100007,25.288107539000066],[89.27050978700004,25.28973879600005],[89.27079820900008,25.29190863200006],[89.27343966100005,25.29182289700003],[89.26583423400007,25.295148476000065],[89.26568691100005,25.298116463000042],[89.26842419900004,25.300549630000035],[89.28065629500009,25.301345212000058]]]}},{"type":"Feature","id":"dinajpur-hakimpur","properties":{"canonical_id":"dinajpur-hakimpur","name_en":"Hakimpur","name_bn":"হাকিমপুর","district_id":"dinajpur","division_id":"rangpur","pcode":"BD-F-14-485","parent_pcode":"BD5527","source_name":"Hakimpur","match_method":"exact_name_or_alias","boundary_reference_year":"2020","boundary_source":"geoBoundaries gbOpen BGD ADM3 / BBS, OCHA ROAP","source_dataset_updated":"2026-08-09"},"geometry":{"type":"Polygon","coordinates":[[[88.98306737700005,25.301786252000056],[88.98387239300007,25.300804197000048],[88.98660488600007,25.301734037000074],[88.98528668600005,25.29878750000006],[88.98985173100004,25.29941161100004],[88.99252595400009,25.296299289000046],[88.99518413900006,25.297140240000033],[88.99629729000009,25.295790896000028],[88.99993932600006,25.295909349000055],[89.00215785400007,25.296693558000072],[89.00331793800007,25.299473414000033],[89.00628852300008,25.29998442400006],[89.00578353500003,25.302971528000057],[89.00887664500004,25.303140665000058],[89.00932649400005,25.29749340500007],[89.00615991100005,25.27621982200003],[89.00783317500003,25.267657777000068],[89.01613333600005,25.268364030000043],[89.01871361800005,25.265679547000047],[89.02450505100006,25.27280930300003],[89.02772306800006,25.271907783000074],[89.02897484000005,25.27586552100007],[89.02759681300006,25.277586255000074],[89.03298508100005,25.277019477000067],[89.03271472000006,25.27502828200005],[89.03564922900006,25.275011366000058],[89.03421511800008,25.274027877000037],[89.03829620200008,25.27276887900007],[89.04705534300007,25.26657804000007],[89.04860821000005,25.266303046000075],[89.04579063400007,25.26948995600003],[89.05095138200005,25.265481720000025],[89.05638320600008,25.265021019000073],[89.05967960300006,25.260898946000054],[89.06108402700005,25.262239820000048],[89.06569363000006,25.26202412300006],[89.06701449200006,25.265213321000033],[89.06526489400005,25.267235148000054],[89.07038632700005,25.26976148400007],[89.07098820700008,25.267705852000063],[89.07403311100006,25.266656048000073],[89.08024061900005,25.26028235900003],[89.08192147400007,25.25575970700004],[89.08389543900006,25.254503800000066],[89.08341474100007,25.25215242200005],[89.09085800300005,25.250460135000026],[89.09011199600008,25.249177776000067],[89.09221866500008,25.24853549100004],[89.09676577100004,25.240624742000023],[89.09853613600006,25.242814646000056],[89.10618304700006,25.241469340000037],[89.10874967100006,25.244224940000038],[89.11765981200006,25.24187584200007],[89.11672304600006,25.246518528000024],[89.11980078800008,25.24862343700005],[89.11988330700007,25.251855603000024],[89.12291505300004,25.25300297700005],[89.12480087300008,25.24839522700006],[89.12976215200007,25.24433442800006],[89.14023057800006,25.246726657000067],[89.14106045500006,25.25107050200006],[89.13882607300008,25.254978291000043],[89.14231504100007,25.258706060000065],[89.14338998900007,25.263126940000063],[89.14268483500007,25.268750915000055],[89.14095961400005,25.268314771000064],[89.13984461400008,25.27279853600004],[89.14449022500008,25.274619724000047],[89.13704363400007,25.27627291300007],[89.13644735900004,25.278081103000034],[89.13989192900004,25.279822032000027],[89.15049613400004,25.28109858600004],[89.14959527500008,25.282857105000062],[89.14717676700008,25.282108880000067],[89.14623497600007,25.285317047000035],[89.14784683500005,25.287754919000065],[89.14545048200006,25.291761175000033],[89.14881646000003,25.296918238000046],[89.14595725200007,25.301213609000058],[89.14099339600006,25.30009325900005],[89.12074336000006,25.298723808000034],[89.12169801000005,25.302110149000043],[89.11308766900004,25.30148125100004],[89.11152754100004,25.305049473000054],[89.10877312000008,25.30640147300005],[89.09399870400006,25.304923621000057],[89.08238046000008,25.30736382300006],[89.07982865100007,25.30498261100007],[89.07640882400005,25.304794738000055],[89.07499963400005,25.30673639400004],[89.07780197800008,25.30681151400006],[89.07567149200008,25.307216942000025],[89.07555008500003,25.308938660000024],[89.06763361800006,25.309457701000042],[89.06699682500005,25.31368310700003],[89.06189354200006,25.31369304800006],[89.06113102100005,25.317807568000035],[89.05761671000005,25.320279112000037],[89.05457696000008,25.319713895000064],[89.05267274300007,25.324438460000067],[89.03989254000004,25.321248879000052],[89.03796633100006,25.324320613000054],[89.03785449100008,25.329356903000075],[89.02831952900004,25.328284109000037],[89.02514368000004,25.33125373100006],[89.02297839500005,25.330274315000054],[89.01669184600007,25.33150740600007],[89.01713365400008,25.333740178000028],[89.01931569600004,25.33487668500004],[89.01545846100004,25.33819710100005],[89.01265693400006,25.347810422000066],[88.99718083200008,25.34614763600007],[88.98827035200009,25.348065922000046],[88.98636629300006,25.346819692000054],[88.98503486600003,25.339956873000062],[88.98729193600008,25.337725668000076],[88.98938238400007,25.338610275000065],[88.98932877300007,25.33631745300005],[88.98764097000009,25.334961546000045],[88.98225417000003,25.337400864000074],[88.97414620400008,25.331950994000067],[88.97670057000005,25.313415801000076],[88.98628848400006,25.30754771900007],[88.98624238200006,25.303910616000053],[88.98306737700005,25.301786252000056]]]}},{"type":"Feature","id":"dinajpur-kaharol","properties":{"canonical_id":"dinajpur-kaharol","name_en":"Kaharol","name_bn":"কাহারোল","district_id":"dinajpur","division_id":"rangpur","pcode":"BD-F-14-482","parent_pcode":"BD5527","source_name":"Kaharol","match_method":"exact_name_or_alias","boundary_reference_year":"2020","boundary_source":"geoBoundaries gbOpen BGD ADM3 / BBS, OCHA ROAP","source_dataset_updated":"2026-08-09"},"geometry":{"type":"Polygon","coordinates":[[[88.64724528400006,25.738608248000048],[88.65448345500005,25.740570756000068],[88.65485000100006,25.745284299000048],[88.65674729500006,25.746306253000057],[88.66832260200005,25.74655590100008],[88.67657386700006,25.744862058000024],[88.67842178600006,25.747773116000076],[88.68118879500008,25.746995774000027],[88.68850106400004,25.75794316100007],[88.68959243400008,25.75579229600004],[88.69248238500006,25.756830066000077],[88.69956650700004,25.763470417000065],[88.70202356400006,25.77030004200003],[88.70046474100008,25.778696419000028],[88.70818928700004,25.781869977000042],[88.70951716000008,25.788234629000044],[88.71137404200005,25.797080092000044],[88.71434993800005,25.798408831000074],[88.72441323800007,25.81802104700006],[88.71442707600005,25.825306709000074],[88.70463886100003,25.820166520000043],[88.70155118000008,25.820417161000023],[88.69848412600004,25.822857382000052],[88.69705735600007,25.829712607000033],[88.69191484800007,25.833484960000078],[88.69177695500008,25.825978634000023],[88.68579998200005,25.82338876800003],[88.68475706800007,25.820607531000064],[88.69360784800006,25.820271484000045],[88.69605817800004,25.816564076000077],[88.69587927500004,25.81337364600006],[88.69202839700006,25.809448805000045],[88.68894823000005,25.80853116700007],[88.68830087300006,25.805299261000073],[88.68558684200008,25.804996552000034],[88.68546352400006,25.807895339000027],[88.68089620800004,25.80977481800005],[88.67994640000006,25.808315399000037],[88.67767388600004,25.80883815900006],[88.67473868300004,25.812300440000058],[88.67584939000005,25.818993461000048],[88.67035926400007,25.824678773000073],[88.67037463000008,25.83677896200004],[88.66825367900003,25.834572351000077],[88.66052449600005,25.834106285000075],[88.65893784900004,25.828302058000077],[88.64617101900006,25.828674582000076],[88.64263432300004,25.823686030000033],[88.63959454100006,25.823821809000037],[88.63754548900005,25.82735986000006],[88.63116521000006,25.825652182000056],[88.63094880500006,25.827797805000046],[88.62725422400007,25.826745543000072],[88.62560775900005,25.82864571700003],[88.62411678300003,25.827878854000062],[88.62317405000005,25.829737696000052],[88.62186439700008,25.826397142000076],[88.61839671600006,25.824581643000045],[88.61488534500006,25.825699347000068],[88.60918191000007,25.820690479000064],[88.60030015700005,25.829988600000036],[88.59703315400003,25.839410998000062],[88.59432067600005,25.840334451000047],[88.59482024800008,25.84285934600007],[88.59267556200007,25.84145440700007],[88.59103738400006,25.844933652000066],[88.58459155400004,25.847984076000046],[88.58169938700007,25.85189674800006],[88.57565690200005,25.855558979000023],[88.57089637600006,25.855168553000055],[88.56412850100008,25.858100310000054],[88.56236548700008,25.860673994000024],[88.56335708400007,25.863384410000037],[88.56185786000003,25.863917470000047],[88.56371737900008,25.866856548000044],[88.56357619900007,25.86855134800004],[88.56209746000007,25.86836573000005],[88.56338203500007,25.872872864000044],[88.55698463000004,25.878248937000023],[88.55430017200007,25.877670358000046],[88.55439109800005,25.881114428000046],[88.54977982200006,25.883238576000053],[88.54697551100008,25.880724919000045],[88.54159378500003,25.88002934600007],[88.54435707400006,25.876822159000028],[88.54187993400006,25.876385371000026],[88.53947812000007,25.878041033000045],[88.53931469400004,25.87641881500008],[88.53693955200004,25.875679396000066],[88.53191293600008,25.875748248000036],[88.52975065200008,25.877972690000036],[88.52643136400008,25.877973435000058],[88.52345400800004,25.88125031100003],[88.52255634000005,25.879852521000032],[88.52171264800006,25.88103452100006],[88.51871878500003,25.880368623000038],[88.51709225000008,25.876879536000047],[88.51355315300003,25.877177928000037],[88.51286837600009,25.874406590000035],[88.50795486800007,25.87441483200007],[88.50193117000003,25.871725569000034],[88.50454610800006,25.868156506000048],[88.50281508500007,25.865456726000048],[88.50455165500006,25.865263597000023],[88.50231899800008,25.86441393100006],[88.50146993800007,25.86201044300003],[88.50284542300005,25.86116865400004],[88.50074500200003,25.85923695100007],[88.50198343700004,25.856476391000058],[88.50647471100007,25.855046557000037],[88.50695038600009,25.846394530000055],[88.51656225800008,25.832920211000044],[88.51241264200007,25.82373159900004],[88.51174375900007,25.82579334600007],[88.50990281500003,25.824809019000043],[88.50369281900004,25.82589742700003],[88.50180805300005,25.82114383000004],[88.50412776000007,25.81902126700004],[88.51003255000006,25.821542691000047],[88.51369583300004,25.822249990000046],[88.51450116000007,25.82121489800005],[88.50742825200007,25.813623585000073],[88.51164810300008,25.81180252400003],[88.51082818500004,25.805083868000054],[88.50586682400007,25.807271969000055],[88.50516879600008,25.804627415000027],[88.50656662800003,25.801374680000038],[88.51085947500007,25.80105983900006],[88.51146977800005,25.79501827200005],[88.50541732100004,25.79450590400006],[88.50360830400007,25.792137696000054],[88.50537594400004,25.786497403000055],[88.50772553600007,25.785535754000023],[88.50658044400006,25.77992590300005],[88.50800220400004,25.776101210000036],[88.51238167400004,25.776562486000046],[88.51721821700005,25.77094038200005],[88.52437310300007,25.77229344600005],[88.52784252400005,25.77150249500005],[88.52820211900007,25.76602027900003],[88.53025044900005,25.765210934000038],[88.53225528700005,25.75851123800004],[88.53611777900005,25.758429943000067],[88.54200330300006,25.763572],[88.54319147200005,25.76162135000004],[88.55615209900003,25.760548585000038],[88.56031143500007,25.75756130600007],[88.56486880600005,25.756744654000045],[88.56781780200004,25.75159530600007],[88.57751043900004,25.748605404000045],[88.58216288500006,25.744991412000047],[88.58687057200007,25.744873532000042],[88.58845181600003,25.747622255000067],[88.58991202600004,25.747513953000066],[88.59060271100003,25.744979108000052],[88.60146848000005,25.747598322000044],[88.60235752900007,25.746301102000075],[88.60080124900009,25.744107453000026],[88.60325682700005,25.742207377000057],[88.61023891100007,25.742111659000045],[88.61752631200005,25.736468169000034],[88.62012365900006,25.73887183900007],[88.62154670000007,25.744160846000057],[88.62743056800008,25.742103160000056],[88.63193458500007,25.74289548200005],[88.63389108800004,25.73934527600005],[88.63686443400007,25.740829569000027],[88.63940764900008,25.739823520000073],[88.64398714000004,25.740691224000045],[88.64597497500006,25.740553973000033],[88.64724528400006,25.738608248000048]]]}},{"type":"Feature","id":"dinajpur-khansama","properties":{"canonical_id":"dinajpur-khansama","name_en":"Khansama","name_bn":"খানসামা","district_id":"dinajpur","division_id":"rangpur","pcode":"BD-F-14-486","parent_pcode":"BD5527","source_name":"Khansama","match_method":"exact_name_or_alias","boundary_reference_year":"2020","boundary_source":"geoBoundaries gbOpen BGD ADM3 / BBS, OCHA ROAP","source_dataset_updated":"2026-08-09"},"geometry":{"type":"Polygon","coordinates":[[[88.72441323800007,25.81802104700006],[88.71434993800005,25.798408831000074],[88.71137404200005,25.797080092000044],[88.70951716000008,25.788234629000044],[88.71664170900004,25.785529216000043],[88.71865706800008,25.78315717600003],[88.74070915300007,25.781977926000025],[88.74250770000003,25.780079369000077],[88.74665453900008,25.781955909000033],[88.75068618700004,25.780442703000062],[88.75154117900007,25.778104230000054],[88.75675149200003,25.778806261000057],[88.75715308200006,25.78022158300007],[88.76451021100007,25.779257775000076],[88.77388275200008,25.781882653000025],[88.77610954400006,25.77938177300007],[88.78041215000007,25.78186474300003],[88.78167765200004,25.785227333000023],[88.79511095800007,25.789742525000065],[88.80482553700006,25.795150893000027],[88.80619854200006,25.797260839000046],[88.80978935400003,25.796210183000028],[88.81020541300006,25.793591237000044],[88.81293456600008,25.791951642000072],[88.81184949500005,25.79027750000006],[88.81419748300004,25.78881590800006],[88.82141708200004,25.792228296000076],[88.82426670400008,25.792354629000044],[88.82448455100007,25.79131297600003],[88.82587093700005,25.795418263000045],[88.83073787800004,25.796144809000054],[88.83620793100005,25.799367466000035],[88.83898516400006,25.798913952000078],[88.83850071000006,25.801416763000077],[88.84026174500008,25.800109762000034],[88.84241809500008,25.801323855000078],[88.84160317100003,25.80239689800004],[88.84505403800006,25.80310096200003],[88.84630232100005,25.805363052000075],[88.84477325600005,25.810069704000057],[88.84219850000005,25.81256492700004],[88.83608306100007,25.813583769000047],[88.83040208700004,25.812062492000052],[88.82759843300005,25.813170786000057],[88.82744447800007,25.832567158000074],[88.82247299600004,25.84058584400003],[88.82588735000007,25.84486555500007],[88.82765137800004,25.853803218000053],[88.82544733700007,25.856390815000054],[88.82243444400007,25.856977554000025],[88.82014557100007,25.85549628700005],[88.82016122000005,25.862275435000072],[88.81597451900006,25.87723494900007],[88.81309708100008,25.883745521000037],[88.80910533700006,25.88699987800004],[88.80145156700007,25.90051451200003],[88.80039827700006,25.908361439000032],[88.80389580700006,25.914827884000033],[88.80122301500006,25.92244247800005],[88.77857616500006,25.934859192000033],[88.76691116800004,25.93613612200005],[88.75954954500008,25.938950040000066],[88.75622932300007,25.937194834000024],[88.75507843500003,25.930995218000078],[88.75067745900003,25.93576567100007],[88.74448076400006,25.93816168500007],[88.74455452200004,25.939887363000025],[88.75145358800006,25.94744812700003],[88.74373132200003,25.96496574500003],[88.74815954800005,25.97730392400007],[88.74163443300006,25.992945802000065],[88.73750437800004,25.997593386000062],[88.73458443100003,26.00920681200006],[88.73613957600008,26.01289108800006],[88.73495475900006,26.01468248300006],[88.73007272300003,26.017060454000045],[88.72572170600006,26.016253042000073],[88.71989564400008,26.01133124300003],[88.71969213000006,26.008186950000038],[88.71552708600007,26.008144929000025],[88.71371620400004,26.00661993800003],[88.71267440400004,26.008843530000036],[88.71054439900007,26.00735177300004],[88.71303424700005,26.005278215000033],[88.71169555900008,25.999828870000044],[88.70238076800007,25.991672979000043],[88.70820949700004,25.985889343000053],[88.71746499800008,25.991941817000054],[88.72166196500007,25.98834610700004],[88.72219985500004,25.985603359000038],[88.72125442800007,25.979473077000023],[88.71784569000005,25.97446366300005],[88.71837063200007,25.963872725000044],[88.70862688100004,25.96156848700008],[88.71363140400007,25.955267088000028],[88.71866754500007,25.953288214000054],[88.71604632400005,25.951935535000075],[88.71602823900008,25.94853949900005],[88.72078388700004,25.93618418400007],[88.71624750900008,25.930992670000023],[88.71748106700005,25.929022943000064],[88.71374491700004,25.927698733000057],[88.71727834500007,25.927054603000045],[88.71749543100003,25.925822426000025],[88.71514674400004,25.925577033000025],[88.71493619300009,25.922521802000063],[88.71927591800005,25.920498872000053],[88.72145674400008,25.92041825000007],[88.72160300400003,25.921870891000026],[88.72894247800008,25.921564713000066],[88.72705376700009,25.910741406000056],[88.73254821600005,25.909844925000073],[88.72808740800008,25.905267825000067],[88.72699892100007,25.89111542300003],[88.72296136700004,25.882302364000054],[88.72155176300004,25.874144950000073],[88.72320780300004,25.868462425000075],[88.72901761900005,25.86134236500004],[88.72566152600007,25.858608841000034],[88.72498706500005,25.855116142000043],[88.72838349600005,25.846664566000072],[88.73438198500008,25.838497983000025],[88.73414234600006,25.83379811800006],[88.73220733900007,25.83082601900003],[88.73554561000003,25.821800945000064],[88.72441323800007,25.81802104700006]]]}},{"type":"Feature","id":"dinajpur-nawabganj","properties":{"canonical_id":"dinajpur-nawabganj","name_en":"Nawabganj","name_bn":"নবাবগঞ্জ","district_id":"dinajpur","division_id":"rangpur","pcode":"BD-F-14-476","parent_pcode":"BD5527","source_name":"Nawabganj","match_method":"exact_name_or_alias","boundary_reference_year":"2020","boundary_source":"geoBoundaries gbOpen BGD ADM3 / BBS, OCHA ROAP","source_dataset_updated":"2026-08-09"},"geometry":{"type":"Polygon","coordinates":[[[89.09502098200005,25.55043776100007],[89.09620570300007,25.556879921000075],[89.08715211200007,25.560861179000028],[89.08175049200008,25.561623143000077],[89.08153892900003,25.558403275000046],[89.07726293700006,25.55501675800008],[89.07629256600006,25.552194488000055],[89.06793275500007,25.551706954000053],[89.06825260300008,25.54018986400007],[89.06648307800003,25.537144601000023],[89.06468653600007,25.53675163500003],[89.06591859400004,25.53400937300006],[89.06451975500005,25.530746916000055],[89.05963490100004,25.531565004000072],[89.05324661500003,25.53708899700007],[89.05220066700008,25.544562790000043],[89.04186232200004,25.53946258900004],[89.03408045000003,25.542440939000073],[89.02307755300006,25.54132559800007],[89.02030718900005,25.543735509000044],[89.01440349400008,25.54120766400007],[89.01595094600003,25.537274929000034],[89.00214082900004,25.538416305000055],[89.00296735100005,25.541146063000042],[88.99843602800007,25.542107841000075],[88.99675535500006,25.540332739000064],[88.99052778300006,25.540016241000046],[88.98848383700005,25.538777499000048],[88.98745326400007,25.530646544000035],[88.99598769300007,25.527188799000044],[88.99182875500009,25.52536560200008],[88.99053188600004,25.501128434000066],[88.98530592500003,25.496341070000028],[88.98422777700006,25.493592540000066],[88.98757048500005,25.49164718700007],[88.98754200400003,25.48977728400007],[88.98442851400006,25.48924106800007],[88.98396296500005,25.48792628700005],[88.99283313800004,25.48788079600007],[88.99113288400008,25.48474992100006],[88.99240222700007,25.483668875000035],[89.00004034100004,25.484454800000037],[89.01034765900005,25.482682070000067],[89.01832428700004,25.480420664000064],[89.01946122000004,25.478458656000043],[89.02066713800008,25.47377067800005],[89.01625194400003,25.472517615000072],[89.01863568000005,25.467755710000063],[89.01735167700008,25.46564036500007],[89.01905136800008,25.459886797000024],[89.02589051000007,25.44763434300006],[89.03068021100006,25.44393672900003],[89.03300217900005,25.439720442000066],[89.03149527400006,25.43310972300003],[89.03345683200007,25.427414101000068],[89.03028490700007,25.42452623300005],[89.02958320400006,25.418402766000042],[89.03202479300006,25.41525447400005],[89.02964904000004,25.413205403000063],[89.03171890400006,25.405468060000032],[89.02408285400008,25.401342859000067],[89.02399242600006,25.39844932400007],[89.02743601700007,25.397653243000036],[89.02826700100007,25.39571901100004],[89.03588772100005,25.393772437000052],[89.03861806600008,25.395615474000067],[89.04067465600008,25.39506227800007],[89.04808154100004,25.39769464500006],[89.05484826100007,25.397839877000024],[89.05575221900006,25.40180190700005],[89.06325161500007,25.400517963000027],[89.06929173400005,25.397277890000055],[89.07171822700008,25.398227259000066],[89.07971131800008,25.397134081000047],[89.07301578900007,25.389862442000037],[89.07271366000003,25.386470360000033],[89.07059414100007,25.383999714000026],[89.06488487800004,25.382650244000047],[89.06373341500006,25.37821430500003],[89.06597807700007,25.369914814000026],[89.06517064000008,25.366065751000065],[89.05747554700008,25.36402783500006],[89.05804786100003,25.361554472000023],[89.05502415000007,25.359433374000048],[89.05504011700003,25.357299590000025],[89.04608334400007,25.355697146000068],[89.04321170000009,25.34688618200005],[89.04578975400005,25.347599907000074],[89.04321176900004,25.337916063000023],[89.03982489700007,25.334940671000027],[89.03785449100008,25.329356903000075],[89.03796633100006,25.324320613000054],[89.03989254000004,25.321248879000052],[89.05267274300007,25.324438460000067],[89.05457696000008,25.319713895000064],[89.05761671000005,25.320279112000037],[89.06113102100005,25.317807568000035],[89.06189354200006,25.31369304800006],[89.06699682500005,25.31368310700003],[89.06763361800006,25.309457701000042],[89.07555008500003,25.308938660000024],[89.07567149200008,25.307216942000025],[89.07780197800008,25.30681151400006],[89.07499963400005,25.30673639400004],[89.07640882400005,25.304794738000055],[89.07982865100007,25.30498261100007],[89.08238046000008,25.30736382300006],[89.09399870400006,25.304923621000057],[89.10877312000008,25.30640147300005],[89.11152754100004,25.305049473000054],[89.11308766900004,25.30148125100004],[89.12169801000005,25.302110149000043],[89.12074336000006,25.298723808000034],[89.14099339600006,25.30009325900005],[89.14159539300005,25.303253365000046],[89.14730717600008,25.30469013000004],[89.14829543200005,25.30808835600004],[89.15031281400007,25.308514819000038],[89.15139166200004,25.31639363000005],[89.16026056600003,25.317534814000055],[89.16064811600006,25.319233561000033],[89.15816235000005,25.320914796000068],[89.16425945900005,25.321413421000045],[89.16596705400008,25.33057120600006],[89.16885057300004,25.330357793000076],[89.17043069700009,25.331953749000036],[89.17616479600008,25.331170949000068],[89.17683354900004,25.338249818000065],[89.18436062600006,25.338796811000066],[89.18789904100004,25.348887253000044],[89.19198823700003,25.348341409000057],[89.19663326800008,25.350899784000035],[89.19898858300007,25.347022302000028],[89.19995032400004,25.35282998100007],[89.19878826500008,25.358523957000045],[89.20969751000007,25.364535498000066],[89.20650477900006,25.368083545000047],[89.21074075800004,25.368124944000044],[89.21216335700007,25.371659976000046],[89.21637253000006,25.37448067100007],[89.21709276800004,25.376661339000066],[89.21531578800005,25.380494773000066],[89.21177200200003,25.38132635900007],[89.20660893800004,25.386277604000043],[89.20490665600005,25.388689055000043],[89.20523217500005,25.391494670000043],[89.20280476500005,25.392146378000064],[89.20205253400007,25.394102402000044],[89.20034332900008,25.39437474600004],[89.20247925400008,25.390813234000063],[89.20171122900007,25.389172922000057],[89.19303246000004,25.390449044000036],[89.18808989500008,25.386462705000042],[89.18417745800008,25.396103271000072],[89.17649775000007,25.397931956000036],[89.17635374900004,25.401616552000064],[89.17181804400008,25.405219471000066],[89.16473445200006,25.399916004000033],[89.16262181500008,25.405411197000035],[89.16053481800003,25.405198941000037],[89.15891658200007,25.40204046300005],[89.15176584500006,25.40347241300003],[89.15070344800006,25.405092817000025],[89.15221542500007,25.405692445000057],[89.15815976200008,25.403651946000025],[89.15674649300007,25.40820345700007],[89.15403896400005,25.410000119000074],[89.14827882400004,25.40836685200003],[89.13780127100006,25.412021629000037],[89.13869856700006,25.414737020000075],[89.14511216200003,25.411632014000077],[89.15114395900008,25.412911983000072],[89.15153153100005,25.414715711000042],[89.14865780200006,25.41660838200005],[89.15191411900008,25.424694400000078],[89.14832692100003,25.431018363000078],[89.14850615800003,25.433946251000066],[89.13973682000005,25.436294881000038],[89.13796974600007,25.440099124000028],[89.13248122100003,25.441033583000035],[89.13800035400004,25.446888150000063],[89.13409380300004,25.446387709000078],[89.12996202000005,25.448214430000064],[89.13117042100004,25.445830903000058],[89.12993602700004,25.444868677000045],[89.12523517400007,25.45172721800003],[89.12260370700005,25.449777417000064],[89.12059469100006,25.452855330000034],[89.11527148800008,25.453528251000023],[89.11589226700005,25.455558645000053],[89.12223381500007,25.45809629300004],[89.13034012900005,25.458225240000047],[89.12998289900008,25.459880681000072],[89.12502482600007,25.461389690000033],[89.12163526400008,25.460523456000033],[89.12340639900003,25.46879924600006],[89.12052865900006,25.46771311300006],[89.11899286500005,25.46253371000006],[89.11507655600008,25.46135601900005],[89.11485061600007,25.46780822000005],[89.11282006400006,25.470489694000037],[89.10636526400003,25.471735599000056],[89.10462063600005,25.47430864100005],[89.10561127700004,25.476841921000073],[89.11167970500009,25.48112904100003],[89.11001609200008,25.484348270000055],[89.10402258100004,25.484410552000043],[89.10823831300007,25.48693243500003],[89.10294903600004,25.489650908000044],[89.10313754800006,25.491061284000068],[89.10564161600007,25.49059742700007],[89.10234483900007,25.49422704400007],[89.10378201100008,25.495594262000054],[89.10390027800008,25.49981136200006],[89.10660992500004,25.49810375900006],[89.10687860400003,25.501209973000073],[89.11107958400004,25.502865391000057],[89.11066644600004,25.505975929000044],[89.10677179400005,25.50652790500004],[89.10693285600007,25.50837887600005],[89.10892650700004,25.50764491600006],[89.11101301200006,25.509035764000032],[89.11486409900004,25.506163868000044],[89.11015674800007,25.51193197200007],[89.10705398500005,25.508860454000057],[89.10442463900006,25.51245409300003],[89.10492703900007,25.513728111000034],[89.11076387100007,25.513856757000042],[89.10388289100007,25.516188570000054],[89.10541057300009,25.519477987000073],[89.10185718500009,25.528015397000047],[89.10492353000006,25.533902411000042],[89.10353702600008,25.53586638400003],[89.10015922700006,25.53683613000004],[89.10085110800009,25.543362151000053],[89.09802203600003,25.542798453000046],[89.09349328300004,25.545154920000073],[89.09502098200005,25.55043776100007]]]}},{"type":"Feature","id":"dinajpur-parbatipur","properties":{"canonical_id":"dinajpur-parbatipur","name_en":"Parbatipur","name_bn":"পার্বতীপুর","district_id":"dinajpur","division_id":"rangpur","pcode":"BD-F-14-480","parent_pcode":"BD5527","source_name":"Parbatipur","match_method":"exact_name_or_alias","boundary_reference_year":"2020","boundary_source":"geoBoundaries gbOpen BGD ADM3 / BBS, OCHA ROAP","source_dataset_updated":"2026-08-09"},"geometry":{"type":"Polygon","coordinates":[[[88.94106920100006,25.73432927600004],[88.93830929000006,25.734688418000076],[88.94012125300009,25.731374317000075],[88.93744015300007,25.73352859000005],[88.93524860600007,25.73114578600007],[88.93492142500008,25.735035581000034],[88.93389425000004,25.733016795000026],[88.93052300200009,25.733983047000038],[88.92969172500005,25.736744414000043],[88.92826182900006,25.73496755000008],[88.92498958300007,25.74081245900004],[88.92120713000008,25.740949276000038],[88.91941815100006,25.740028574000064],[88.92137849600005,25.739256431000058],[88.91611638400008,25.738693672000068],[88.91188534100007,25.741536809000024],[88.91255435900007,25.74504796800005],[88.90909074800004,25.745735937000063],[88.90707672100007,25.744966333000036],[88.90492572500006,25.737797339000053],[88.90712355400007,25.737088122000046],[88.91156017100008,25.73923644000007],[88.91580808800006,25.73545213600005],[88.89759593500008,25.735296262000077],[88.89488239500008,25.740968615000043],[88.89158096700004,25.741808637000076],[88.89393981700005,25.745965892000072],[88.89357955900005,25.751189362000048],[88.89120114500008,25.754029569000068],[88.89236535800006,25.759553565000033],[88.88987418500005,25.760524975000067],[88.88984532900008,25.770795427000053],[88.88571298300008,25.772324195000067],[88.88096483400005,25.770887678000065],[88.87349095200005,25.772370610000053],[88.86700411800007,25.77113122800006],[88.86148425700009,25.775977968000063],[88.85870832700004,25.77632641400004],[88.86025933300004,25.770813329000077],[88.85865470500005,25.768706567000038],[88.86312097700005,25.758967511000037],[88.86856887700009,25.753270249000025],[88.87681832900006,25.749934646000042],[88.87967003000006,25.74299908000006],[88.87001963500006,25.73290836700005],[88.86448582900005,25.72978865400006],[88.85445427900004,25.731179051000026],[88.84261052400007,25.71553616800003],[88.83989552400004,25.705985464000037],[88.84383138500004,25.699045667000064],[88.84413943700008,25.693589984000027],[88.83740042800008,25.694483913000056],[88.83396251100004,25.693222296000044],[88.83382023600007,25.68829406900005],[88.83847210500005,25.679930685000045],[88.83257440500006,25.676591355000028],[88.83289313300008,25.672767235000038],[88.82843338300006,25.671378252000068],[88.82739307200006,25.65776182600007],[88.82014983600004,25.655580486000076],[88.82057026600006,25.651861048000058],[88.82593224300007,25.650140188000023],[88.82475597300004,25.64771090800008],[88.82010042900004,25.64800744200005],[88.81898370400006,25.64172484000005],[88.82035562700008,25.63838836000008],[88.82732374700004,25.63475717500006],[88.82720744000005,25.63117785700007],[88.82070092000004,25.62817632200006],[88.82179098000006,25.62559881800007],[88.82027610900008,25.61556136300004],[88.82200441400005,25.61230898900004],[88.82973701100008,25.608655011000053],[88.83122508500009,25.605973383000048],[88.83116820900005,25.59834886400006],[88.82620305700004,25.59297732600004],[88.83254129600004,25.57970143400007],[88.83236497200005,25.570745808000026],[88.83467953000007,25.55792008800006],[88.83946828200004,25.549856013000067],[88.83962794700005,25.54522636400003],[88.84313780300005,25.543555491000063],[88.84233293000005,25.536715052000034],[88.84565339600005,25.53725423700007],[88.84602479800003,25.540757728000074],[88.84733537400007,25.54040687400004],[88.84732756500006,25.537645524000027],[88.84988702600003,25.53756575700004],[88.85309791300006,25.534296909000034],[88.85210264200003,25.532669471000077],[88.84825922500005,25.531668084000046],[88.84090389700003,25.53441199100007],[88.83808245100005,25.52831345900006],[88.83596397400004,25.52264427600005],[88.84156039500004,25.52130149000004],[88.84525238800006,25.522747111000058],[88.84415392800008,25.521069712000042],[88.84890113100005,25.519315875000075],[88.84895006600004,25.515881147000073],[88.85324965500007,25.516013045000022],[88.85717046500008,25.512964646000057],[88.86273962200005,25.51592954000006],[88.86297308800005,25.51055603100008],[88.86426362300006,25.51232790100005],[88.86941016600008,25.513187671000026],[88.87036237300003,25.52048796200006],[88.88634838400003,25.519381184000054],[88.89270895600004,25.520767998000053],[88.89556051500006,25.527058219000025],[88.89217034100005,25.532045097000037],[88.88933931600008,25.533393879000073],[88.88904702000008,25.538789571000052],[88.89046781800005,25.541350591000025],[88.89653487600003,25.543775121000067],[88.90346931100004,25.541418599000053],[88.90430211500006,25.543998226000042],[88.90160200600008,25.547994974000062],[88.89373891500009,25.54446340100003],[88.89056962100005,25.55151003000003],[88.89212614400003,25.55397725200004],[88.89535381300004,25.553657393000037],[88.89981291500004,25.55562270300004],[88.90163782200005,25.563206454000067],[88.90801279000004,25.56341724600003],[88.91210428000005,25.557962324000073],[88.91506244000004,25.55849274800005],[88.92362039100004,25.551417557000036],[88.92930896300004,25.55067934300007],[88.93006577600005,25.541602327000078],[88.93199764600007,25.53804807800003],[88.93720650600005,25.537741150000045],[88.93790293600006,25.539358536000066],[88.93560428200004,25.54026116700004],[88.93457728200008,25.543674192000026],[88.93564816200006,25.551388099000064],[88.93296728400009,25.552606757000035],[88.93566097800004,25.557120231000056],[88.94732739200003,25.55572317900004],[88.94877123600008,25.54960532800004],[88.95572805900008,25.550086831000044],[88.95451783200008,25.54724574100004],[88.95567259500007,25.547190774000057],[88.95620251500009,25.542317466000043],[88.95826582700005,25.54113856200007],[88.95674159500004,25.538536795000027],[88.95321428900007,25.537641971000028],[88.95771541400006,25.536269407000077],[88.95756691200006,25.524016353000036],[88.95921128600008,25.523308499000052],[88.96024230700004,25.517124343000035],[88.97210612800006,25.50940813400007],[88.97558583300008,25.508688676000077],[88.97897185700003,25.50988671500005],[88.98602340700006,25.507981870000037],[88.99053188600004,25.501128434000066],[88.99182875500009,25.52536560200008],[88.99598769300007,25.527188799000044],[88.98745326400007,25.530646544000035],[88.98848383700005,25.538777499000048],[88.99052778300006,25.540016241000046],[88.99675535500006,25.540332739000064],[88.99843602800007,25.542107841000075],[89.00296735100005,25.541146063000042],[89.00214082900004,25.538416305000055],[89.01595094600003,25.537274929000034],[89.01440349400008,25.54120766400007],[89.02030718900005,25.543735509000044],[89.02307755300006,25.54132559800007],[89.03408045000003,25.542440939000073],[89.04186232200004,25.53946258900004],[89.05220066700008,25.544562790000043],[89.05324661500003,25.53708899700007],[89.05963490100004,25.531565004000072],[89.06451975500005,25.530746916000055],[89.06591859400004,25.53400937300006],[89.06468653600007,25.53675163500003],[89.06648307800003,25.537144601000023],[89.06825260300008,25.54018986400007],[89.06793275500007,25.551706954000053],[89.07629256600006,25.552194488000055],[89.07726293700006,25.55501675800008],[89.08153892900003,25.558403275000046],[89.08175049200008,25.561623143000077],[89.08715211200007,25.560861179000028],[89.09620570300007,25.556879921000075],[89.09502098200005,25.55043776100007],[89.09729695500005,25.550653285000067],[89.10391247300004,25.563887562000048],[89.10323369300005,25.57023302700003],[89.10066571400006,25.56732492200007],[89.09837029700003,25.56746091900004],[89.08113923900004,25.577597983000032],[89.07797977000007,25.577346721000026],[89.07856519900008,25.582807179000042],[89.07674692200004,25.584342053000057],[89.07273941400007,25.584009696000066],[89.06091256000008,25.588339045000055],[89.05944478900005,25.586593660000062],[89.05659879000007,25.588880720000077],[89.05593478100008,25.585351478000064],[89.05411605100005,25.586823982000055],[89.05143153000006,25.586495073000037],[89.05161851600008,25.584720829000048],[89.04886916700008,25.584255446000043],[89.04816691200006,25.582131167000057],[89.04640910200004,25.58423491700006],[89.04467068100007,25.583770963000063],[89.04558182000005,25.58528712100008],[89.04380876200008,25.587692100000027],[89.04653804700007,25.59195216100005],[89.04519787100008,25.592068140000038],[89.04476065300008,25.598065483000028],[89.03844398500007,25.60394130900005],[89.03265902300006,25.60268245900005],[89.02762414200004,25.605426230000035],[89.02409437800009,25.602952303000052],[89.01600700900008,25.60250813400006],[89.01324541200006,25.609455841000056],[89.01401008900007,25.613206580000053],[89.00980275800003,25.614297804000046],[89.01230522000003,25.616615582000065],[89.01068852100008,25.618716436000057],[89.00972719200007,25.61946332800005],[89.00505086500004,25.617512788000056],[89.00297451300008,25.61985478400004],[89.00258739300006,25.617486403000044],[88.99918289700008,25.61979782900005],[89.00204249500007,25.620213556000067],[89.00207770000009,25.62167037300003],[88.99812069800004,25.625053639000043],[88.99828542900008,25.630901950000066],[89.00321579200005,25.632108381000023],[89.00279096900005,25.633975158000055],[88.99950630500007,25.636081408000052],[88.99869222900008,25.63971133800004],[88.99128029200006,25.642180696000025],[88.99492685300004,25.643657893000068],[88.99398394900004,25.64766614100006],[89.00054405000003,25.648609058000034],[89.00165039700005,25.64992421100004],[89.00179802600007,25.651898732000063],[88.99817211900006,25.651897037000026],[88.99999897400005,25.65360992600006],[88.99754922300008,25.65516877300007],[88.99791162200006,25.658147607000046],[88.99577890700004,25.657784751000065],[88.99608589000007,25.659457318000022],[88.99092497200007,25.660737780000034],[88.98108242500007,25.65694419600004],[88.97625475800004,25.65802330200006],[88.97343493700004,25.66166945300006],[88.97812574100004,25.66877750100008],[88.97771123300004,25.670539853000037],[88.97463182600006,25.672396370000058],[88.96773027700004,25.672256291000053],[88.96553382100007,25.677204655000025],[88.96637054000007,25.68023205000003],[88.96439847700003,25.683045396000068],[88.95972277000004,25.683449491000033],[88.95526443900008,25.678456548000042],[88.95215181900005,25.67924235600003],[88.95071018500005,25.681650174000026],[88.94338355300005,25.68403748000003],[88.94244190000006,25.682765983000024],[88.93935005400004,25.68508778100005],[88.93984518100007,25.690540028000044],[88.94202180100007,25.69137016700006],[88.93936581300005,25.693820966000033],[88.93867254300005,25.698743683000032],[88.93198238400004,25.70619989100004],[88.93193702100007,25.710688253000058],[88.93032077400005,25.712017254000045],[88.93194489500007,25.715423051000073],[88.93174536500004,25.72179006500005],[88.94146114100005,25.723701251000023],[88.94621061300006,25.726951803000077],[88.94608157400006,25.730175463000023],[88.94159205200003,25.73136243700003],[88.94106920100006,25.73432927600004]]]}},{"type":"Feature","id":"gaibandha-gaibandha-sadar","properties":{"canonical_id":"gaibandha-gaibandha-sadar","name_en":"Gaibandha Sadar","name_bn":"গাইবান্ধা সদর","district_id":"gaibandha","division_id":"rangpur","pcode":"BD-F-19-501","parent_pcode":"BD5532","source_name":"Gaibandha Sadar","match_method":"exact_name_or_alias","boundary_reference_year":"2020","boundary_source":"geoBoundaries gbOpen BGD ADM3 / BBS, OCHA ROAP","source_dataset_updated":"2026-08-09"},"geometry":{"type":"Polygon","coordinates":[[[89.70131389900007,25.402160339000034],[89.69745988100004,25.403686530000073],[89.69228176000007,25.402423922000025],[89.68705444800008,25.408470154000042],[89.67802818600006,25.406100456000047],[89.67763686800004,25.40322731200007],[89.67441232900006,25.401164056000027],[89.66993820800008,25.400730774000067],[89.66811748600009,25.397676598000032],[89.64702379700003,25.401866208000058],[89.63594204600008,25.40125389700006],[89.63122691100006,25.408607691000043],[89.62637576800006,25.409491161000062],[89.62683939300007,25.405238953000037],[89.62562316000003,25.404875767000078],[89.61273662200006,25.410220077000076],[89.61297669600003,25.411424028000056],[89.61973406700008,25.41140215200005],[89.62195514800004,25.41328679700007],[89.61835117000004,25.415407560000062],[89.61260039700005,25.413081832000046],[89.61157930600007,25.41939824700006],[89.60911866200007,25.422536035000064],[89.60575421700008,25.42050985900005],[89.59388876600008,25.42308002900006],[89.59325042700004,25.428280397000037],[89.58641284500004,25.437051360000055],[89.58360474000006,25.43392508900007],[89.57719006400004,25.43254881100006],[89.57648995800008,25.437683442000036],[89.56862768600007,25.44629707400003],[89.56056112500005,25.445630305000066],[89.55993897000008,25.440988482000023],[89.55165728600008,25.440697040000032],[89.54455868300005,25.437309103000075],[89.53096806300005,25.441046706000066],[89.52650121800008,25.440269304000026],[89.52237605200008,25.43711223200006],[89.52054907400003,25.438019482000072],[89.51328379400007,25.436617888000058],[89.51487193300005,25.428695551000033],[89.51278867500008,25.424416699000062],[89.51029108600005,25.42435421600004],[89.50988047800007,25.422612228000048],[89.51677637600005,25.417453282000054],[89.51936053300005,25.417042968000032],[89.52049897900008,25.41337241800005],[89.51623315300003,25.408744444000035],[89.50995718900003,25.410707536000075],[89.50677097200008,25.406913123000038],[89.50359702100008,25.406851644000028],[89.50537111500006,25.40374098700005],[89.50190909800006,25.40598127100003],[89.49727028700005,25.404098438000062],[89.49635609800004,25.400007338000023],[89.49445636900003,25.398629885000048],[89.49464011600008,25.395465340000044],[89.49753240100006,25.391522166000073],[89.49501565500003,25.389136276000045],[89.49546061300003,25.38739548800004],[89.49959317000008,25.38418798200007],[89.50578154800007,25.384517065000068],[89.50259755800005,25.37938943900008],[89.49603329500007,25.37201741800004],[89.49297109000008,25.37204584400007],[89.49038603100007,25.368363766000073],[89.48367963600003,25.36931850900004],[89.47650777200005,25.375118394000026],[89.46860641400008,25.37510644200006],[89.47329202800006,25.372427693000077],[89.46998724200006,25.368179413000064],[89.47168903000005,25.36590138500003],[89.47390606300007,25.366416161000075],[89.47355759100003,25.371284597000056],[89.47559537700005,25.369957054000054],[89.47579274100008,25.366256392000025],[89.47309031700007,25.364218274000052],[89.47788614300003,25.364537881000047],[89.47712709100006,25.362576138000065],[89.47102944000005,25.359877382000036],[89.47087690400008,25.35667552800004],[89.47481837700008,25.35734378500007],[89.47679139800005,25.354696975000024],[89.46862775700004,25.35424387300003],[89.47018550200005,25.350629389000062],[89.47419272600007,25.35177482200004],[89.47373860800008,25.348489486000062],[89.47676191500005,25.34559808000006],[89.47580155200006,25.343468547000043],[89.47235050300009,25.34689402300006],[89.47174356500005,25.342487222000045],[89.45620533200008,25.344967116000078],[89.44870618500005,25.343599341000072],[89.44306062200008,25.351229731000046],[89.44032104400009,25.347942416000024],[89.43676652000005,25.350871102000042],[89.43609763900008,25.349315303000026],[89.43421197800006,25.35057120600004],[89.43249386900004,25.34985570500004],[89.43536172300009,25.344007087000023],[89.43415347800004,25.335709095000027],[89.43690257900005,25.331408702000033],[89.43603451000007,25.329102611000053],[89.43071354300008,25.328262633000065],[89.43144384400006,25.322147864000044],[89.43024568500005,25.317697416000044],[89.43224355800004,25.313114246000055],[89.43145360200003,25.308684563000043],[89.43303981300005,25.306930286000068],[89.44826211400004,25.309618171000068],[89.45017062800008,25.31158548800005],[89.45313711200004,25.310201306000067],[89.45924273100007,25.31458331300007],[89.46111935300007,25.31441352400003],[89.46188432000008,25.31266439600006],[89.46466347200004,25.312556553000036],[89.46704447500008,25.314464413000053],[89.47024689600005,25.31384325500005],[89.47196160400006,25.311985728000025],[89.47131017700008,25.309712778000062],[89.47319118100006,25.308293250000077],[89.47424755700007,25.30903696100006],[89.47675530800007,25.303862345000027],[89.47125178100003,25.29884487000004],[89.46830500500005,25.29873889000004],[89.47326575000005,25.296069535000072],[89.47773871700008,25.29692641200006],[89.47963535200006,25.29527149200004],[89.47613263000005,25.29568352900003],[89.47622700400007,25.293370347000064],[89.47185513000005,25.288127191000058],[89.48042439700004,25.286104856000065],[89.47521533800005,25.284502118000034],[89.47195798200005,25.276343223000026],[89.48035248500008,25.272819483000035],[89.48356534700008,25.277964087000043],[89.48296408600004,25.275633783000046],[89.48450089200009,25.274496789000068],[89.48814307700007,25.27716276800004],[89.49127913300003,25.276566304000028],[89.49451069000008,25.277858624000032],[89.49623050600007,25.275075741000023],[89.50027316900008,25.275211399000057],[89.50218998100007,25.268148034000035],[89.50715964500006,25.266622167000037],[89.50867555800005,25.274523369000065],[89.52470884900004,25.272339099000078],[89.52735046600009,25.26734686700007],[89.52541211400006,25.260931147000065],[89.52901335100006,25.264930840000034],[89.53088002600003,25.262120913000047],[89.53008479200008,25.25965866200005],[89.52305653500008,25.260008640000024],[89.52900756600008,25.25927086100006],[89.52964523200006,25.257999571000028],[89.52884607400006,25.25688907500006],[89.52359796700006,25.257489143000043],[89.51960975900005,25.253669803000037],[89.52266493400003,25.250073092000036],[89.51411537900003,25.25083200800003],[89.51307837600007,25.249339100000043],[89.51341097200003,25.244989114000077],[89.51633814400003,25.24377620200005],[89.51735400300004,25.24142985900005],[89.51692829500007,25.232007785000064],[89.51355513100003,25.220460025000023],[89.51911684700008,25.224130573000025],[89.52369456200006,25.22108455600005],[89.52296488100006,25.226256224000053],[89.52602836600005,25.225753590000068],[89.52725253000006,25.223123934000057],[89.53245271700007,25.222332228000027],[89.53538358600008,25.22738511400007],[89.53890180100007,25.227150047000066],[89.53913649500004,25.22999319200005],[89.55364797100003,25.228112501000055],[89.55429186900005,25.230462427000077],[89.55624814600009,25.230097492000027],[89.56189648900005,25.234321527000077],[89.56305067100004,25.237800075000052],[89.56452058400004,25.238376172000073],[89.56771625600004,25.236508297000057],[89.56830246100003,25.238239392000025],[89.56700382200006,25.237570706000042],[89.56528217000005,25.242954723000025],[89.56792991800006,25.24365108300003],[89.56513489000008,25.246324435000076],[89.56863837000003,25.245657969000035],[89.56968019700008,25.24966725200005],[89.56725212600008,25.24902518700003],[89.56783625800006,25.25223335900006],[89.56211423600007,25.248886437000067],[89.56106711400008,25.252035603000024],[89.56726699200004,25.253150564000066],[89.56925872000005,25.256200294000053],[89.56792049200004,25.259123455000065],[89.57041789400006,25.259875210000075],[89.56899093700008,25.260763960000077],[89.57066799000006,25.261826565000035],[89.56922497900007,25.26805014300004],[89.56388167600005,25.269064514000036],[89.56697207900004,25.271730886000057],[89.56826534200007,25.276037788000053],[89.57839174400004,25.276292830000045],[89.57785896200005,25.278047772000036],[89.57505964100005,25.278222045000064],[89.57261948100006,25.283961884000064],[89.57765569900005,25.294170303000044],[89.57361474100009,25.294843877000062],[89.57042841700007,25.291707772000052],[89.56938422000007,25.294947293000064],[89.57161235900008,25.297622899000032],[89.57898881600005,25.301224226000045],[89.57724336000007,25.307354420000024],[89.57184690600008,25.306410388000074],[89.57351446600006,25.30903918300004],[89.57765423400008,25.31107508900004],[89.57615034100007,25.314464030000067],[89.57794203300006,25.31564540900007],[89.57633266900007,25.322205487000076],[89.58323659100006,25.32889540800005],[89.57968788000005,25.330477538000025],[89.57998119800004,25.331681137000032],[89.58886500800008,25.32969801200005],[89.59074216900007,25.32735866300004],[89.59662420600006,25.32911383900006],[89.60368493000004,25.326831883000068],[89.60720096900008,25.336978170000066],[89.60900137900006,25.333614539000052],[89.61175762000005,25.33253533000004],[89.61941723600006,25.33840095200003],[89.62570084500004,25.33490187800004],[89.63223495300008,25.33460169500006],[89.63391235500006,25.335862259000066],[89.63919177900004,25.33499366700005],[89.64223182400008,25.33077925400005],[89.64235500300003,25.325422119000052],[89.64526658300008,25.323084007000034],[89.65497945000004,25.322039188000076],[89.65742940500007,25.324305955000057],[89.65601180700008,25.332053218000055],[89.66094142600008,25.331240597000033],[89.66422276000009,25.332676083000024],[89.67852472700008,25.350229713000033],[89.67914767500008,25.35342791900007],[89.68116400900004,25.35493985200003],[89.67960459400007,25.36554125400005],[89.69078451300004,25.363500533000035],[89.68884928700004,25.378121556000053],[89.69196834700006,25.386111181000047],[89.69390282200004,25.387098989000037],[89.70232350000003,25.386273600000038],[89.69846994500006,25.383819584000037],[89.70480526900008,25.37149038800004],[89.71418798200006,25.367252653000037],[89.71737759600006,25.343766677000076],[89.72330012100008,25.346097677000046],[89.72543726400005,25.343674117000035],[89.72700570100005,25.336827258000028],[89.72910023000009,25.335446044000037],[89.73273202800004,25.33835435000003],[89.73188746100004,25.34324180300007],[89.72656477800007,25.35338813900006],[89.72189012700005,25.356578497000044],[89.73380084600007,25.363915913000028],[89.74441599000005,25.373989797000036],[89.74133148000004,25.37265464400008],[89.74778284500007,25.387332736000076],[89.74651376800006,25.38867781400006],[89.73907260100003,25.38913721700004],[89.73926149200008,25.397956522000072],[89.73619736100005,25.398141828000064],[89.72960053400004,25.39503404100003],[89.71970097000008,25.394469155000024],[89.70966754400007,25.391850571000077],[89.70714826900007,25.39159667000007],[89.70571742800007,25.393210859000078],[89.70106316400006,25.39005261400007],[89.69449292400003,25.399010452000027],[89.70131389900007,25.402160339000034]]]}},{"type":"Feature","id":"gaibandha-gobindaganj","properties":{"canonical_id":"gaibandha-gobindaganj","name_en":"Gobindaganj","name_bn":"গোবিন্দগঞ্জ","district_id":"gaibandha","division_id":"rangpur","pcode":"BD-F-19-504","parent_pcode":"BD5532","source_name":"Gobindaganj","match_method":"exact_name_or_alias","boundary_reference_year":"2020","boundary_source":"geoBoundaries gbOpen BGD ADM3 / BBS, OCHA ROAP","source_dataset_updated":"2026-08-09"},"geometry":{"type":"Polygon","coordinates":[[[89.20460992500006,25.228457279000054],[89.20385143100003,25.224495088000026],[89.20061678400003,25.22338157100006],[89.19818594100008,25.21915293400008],[89.19459500700003,25.216915339000025],[89.19497228600005,25.208278187000076],[89.19219317600005,25.205616576000068],[89.19316728900003,25.201737156000036],[89.19483581100008,25.20162829000003],[89.19241508900006,25.19384165500003],[89.18379743900005,25.187004667000053],[89.18407982900004,25.18437218400004],[89.19157657500006,25.183482077000065],[89.19303375600003,25.181426593000026],[89.19522283000003,25.182335907000038],[89.19648042400007,25.17864141700005],[89.19755740400007,25.17836506100008],[89.19559985300003,25.17601895300004],[89.19780584300008,25.170826039000076],[89.20376620100006,25.17010926100005],[89.20421716500005,25.16646509700007],[89.20643726600008,25.16791905900004],[89.21019163900007,25.167659194000066],[89.21288462700005,25.16289701100004],[89.21490699200007,25.162793175000047],[89.21672796000007,25.164606647000028],[89.21685943100005,25.159168770000065],[89.22325992500004,25.154406189000042],[89.22076020800006,25.153632808000054],[89.221009,25.150829035000072],[89.21934445300008,25.148719001000075],[89.21583554300008,25.14758238400003],[89.21685053200008,25.145019157000036],[89.22400107900006,25.14531697700005],[89.22331462600005,25.143608881000034],[89.23077374400003,25.144624785000076],[89.23271964000008,25.14237048600006],[89.23740468400007,25.129403198000034],[89.24232277100003,25.124319981000042],[89.24534535600009,25.118420979000064],[89.24814557700006,25.117764127000044],[89.24935049300007,25.113081134000026],[89.24835644300003,25.107257049000054],[89.25162839800004,25.097285252000063],[89.26201501300005,25.096116470000027],[89.26376486000004,25.09760222700004],[89.26401520700006,25.093002958000056],[89.28009092800005,25.087631309000074],[89.28821935300004,25.106051739000065],[89.29055120200007,25.109079130000055],[89.29508179800007,25.111108349000062],[89.29735830800007,25.116976054000077],[89.30084875100005,25.11562555000006],[89.30226765300006,25.119683019000036],[89.30728790400008,25.11798679800006],[89.30826668400005,25.115911509000057],[89.31304121000005,25.11721040900005],[89.31727621800007,25.11588102500008],[89.32232617900007,25.12211048300003],[89.32736979400005,25.121325779000074],[89.32923518800004,25.123208084000055],[89.33210655800008,25.12292078200005],[89.33452913000008,25.119645095000067],[89.33590174900007,25.112177273000043],[89.34004868400007,25.109971992000055],[89.33737082000005,25.10391685700006],[89.33064386600006,25.101214706000064],[89.33128268700005,25.099892340000054],[89.33683930600006,25.101441774000023],[89.33982769400006,25.09738623000004],[89.34497282700005,25.100955833000057],[89.34799300700007,25.09558629600008],[89.35264268300006,25.093219738000073],[89.35328809100008,25.089058280000074],[89.35974142900005,25.089047322000056],[89.35554476100003,25.081423054000027],[89.35741749300007,25.08032717100008],[89.35613368000008,25.076417520000064],[89.35902523700008,25.07250788600004],[89.36011271500007,25.06644675900003],[89.36949317300008,25.067706602000044],[89.36958019400004,25.066201662000026],[89.38080592600005,25.06029707500005],[89.38293581200008,25.05575105300005],[89.38500927800004,25.05533972300003],[89.38429796100007,25.051244147000034],[89.38758025000004,25.050821417000066],[89.38873042400007,25.04715909600003],[89.39136207000007,25.066487275000043],[89.39438569000004,25.068527607000078],[89.40055654400004,25.066881396000042],[89.40333202000005,25.067603748000067],[89.39894916300005,25.078799445000072],[89.40958962300004,25.077365059000044],[89.41319998400007,25.083134229000052],[89.41682633000005,25.080499689000078],[89.41770811400005,25.076136774000076],[89.42072349500006,25.07691167400003],[89.42262346200005,25.075422788000026],[89.42326715600007,25.068386925000027],[89.42580286700007,25.065146798000058],[89.42958366900007,25.073276667000073],[89.43718858100004,25.07340559800008],[89.43836207700008,25.069248537000078],[89.44127573600008,25.06887572100004],[89.44477766900008,25.070520049000038],[89.44141318300007,25.071157646000074],[89.44208891300008,25.073428610000065],[89.45250230100004,25.07574822600003],[89.45428619600006,25.071344373000045],[89.44910082400008,25.06149461600006],[89.44936165900003,25.059147005000057],[89.45156204600005,25.058239082000057],[89.45259377800005,25.05558331000003],[89.45453494300006,25.059184722000055],[89.45329875000004,25.06546675900006],[89.45749231700006,25.065002941000046],[89.46034470900008,25.06075699400003],[89.46328054300005,25.06206130000004],[89.46510089700007,25.061326777000033],[89.46484957200005,25.05762943600007],[89.46090211600006,25.056006540000055],[89.46247278800007,25.054537950000054],[89.47213503900008,25.05502132400005],[89.47459723800006,25.061682966000035],[89.47834507500005,25.060265919000074],[89.48779936500006,25.06171159300004],[89.49089020600007,25.059773250000035],[89.49291826200005,25.050680459000034],[89.49974669500006,25.049681430000078],[89.50348354600004,25.044831398000042],[89.50887389600007,25.043976704000045],[89.50945941700007,25.042257688000063],[89.52047577000008,25.04023516700005],[89.52599410500005,25.043719615000043],[89.52746154400006,25.04283756600006],[89.52756757100008,25.044918964000033],[89.53025321400008,25.046284374000038],[89.52444127100006,25.046496173000037],[89.52361135600006,25.05602845100003],[89.51925613000003,25.05621366200006],[89.51606649300004,25.059144550000042],[89.51777299800005,25.06437446700005],[89.51566260800007,25.06399846100004],[89.51483280800005,25.060392431000025],[89.51259243700008,25.06266200500005],[89.50900116200006,25.06288836300007],[89.50697707700004,25.06790281900004],[89.50768502400007,25.06861409100003],[89.51024132000003,25.06587885600004],[89.51154989000008,25.06850945700006],[89.50954448300007,25.071792337000034],[89.51278949800007,25.07417475400007],[89.50334112100006,25.07371334800007],[89.49847128700009,25.075318577000075],[89.49849819300005,25.078982935000056],[89.50144936000004,25.08543243200006],[89.50055043700007,25.087170668000056],[89.49710415700008,25.087832955000067],[89.49513592000005,25.091325717000075],[89.49792727000005,25.09299178300006],[89.50321922800003,25.08886839400003],[89.50502889600006,25.092527979000067],[89.50307943700005,25.095857226000078],[89.50816149000008,25.098258866000037],[89.51203652900006,25.10512041800007],[89.50702209200006,25.110888639000052],[89.50943121600005,25.113416791000077],[89.50538694700003,25.11222878600006],[89.50846886600004,25.11843304000007],[89.50667016000006,25.120265398000072],[89.50710971800004,25.123354265000046],[89.49659186200006,25.13045662600007],[89.49098103800009,25.13046455400007],[89.49122901300007,25.131893396000066],[89.49836514100008,25.132495129000063],[89.50028255900008,25.13805553700007],[89.49505002400008,25.13638121400004],[89.49352032200005,25.144136245000027],[89.49341007100008,25.13674362100005],[89.48859392200006,25.136661039000046],[89.48587891400007,25.139881271000036],[89.49139616500008,25.148268441000027],[89.49079642300006,25.150385785000026],[89.48611233300005,25.15158875900005],[89.48585706100005,25.15309092700005],[89.48677485600007,25.15479358300007],[89.48951567400007,25.15520774600003],[89.48991563800007,25.160954934000074],[89.49288640700007,25.16143699500003],[89.49174015900007,25.164098825000053],[89.49350095200003,25.167302868000036],[89.48966079200005,25.17070555300006],[89.48913562300004,25.173421989000076],[89.49103819200008,25.176405295000052],[89.49433618900008,25.176666074000025],[89.49484724400008,25.180434195000032],[89.49717621600007,25.183259711000062],[89.50135583900004,25.182528255000022],[89.50022623900009,25.185360655000068],[89.50247553700007,25.185481684000024],[89.50374372400006,25.187318049000055],[89.50018422900007,25.19056389800005],[89.50058000400008,25.192234222000025],[89.50489196600006,25.192749356000036],[89.50565021400007,25.19461842800007],[89.50928294300007,25.196311929000046],[89.50898949900005,25.197709023000073],[89.50570750700007,25.196638112000073],[89.50368579200006,25.197634314000027],[89.50137670800007,25.201171100000067],[89.50180099200008,25.204156047000026],[89.49713315800005,25.20469958500007],[89.49633719400003,25.20914844200007],[89.48780382700005,25.205874858000072],[89.48617882300005,25.20806480500005],[89.48710959500005,25.213353803000075],[89.48982688400008,25.21444237000003],[89.49094437800005,25.22038501700007],[89.48933528000003,25.224080909000065],[89.49083633600009,25.22621732400006],[89.49039104200006,25.231077105000054],[89.48881055500004,25.23130475000005],[89.48691105100005,25.224819237000077],[89.48277927400005,25.224513031000072],[89.47094874000004,25.227604791000033],[89.47281733400007,25.231860383000026],[89.47343586100004,25.229946965000067],[89.47726062000004,25.228806316000032],[89.48006301800007,25.23226534400004],[89.48243797000003,25.241303756000036],[89.48010471000003,25.242157989000077],[89.48012476800005,25.24356965800007],[89.46603363400004,25.241055166000024],[89.46229075700006,25.242586953000057],[89.46056729800006,25.241207453000072],[89.45774244100005,25.242890915000032],[89.45407608800008,25.241982816000075],[89.45111325900007,25.24320451500006],[89.44093499400003,25.24289768400007],[89.43699609100008,25.25342310700006],[89.43348945800005,25.251498601000037],[89.43478509200008,25.248327060000065],[89.43371965000006,25.246758431000046],[89.43013858100005,25.250199982000026],[89.42606398600003,25.250257013000066],[89.43009878800007,25.245027566000033],[89.42757761500008,25.245499261000077],[89.42169177000005,25.240029203000063],[89.42202206200005,25.235207039000045],[89.42555931200008,25.23292198300004],[89.42585007400004,25.23079810200005],[89.42159963200004,25.230846433000067],[89.41627712900004,25.233063961000028],[89.40652128500005,25.229538169000023],[89.40364395700004,25.232980215000055],[89.40479367400008,25.235234025000068],[89.40398452500006,25.23809119300006],[89.39768562000006,25.237968005000027],[89.39759564000008,25.236519928000064],[89.39076702800008,25.23493641500005],[89.39018977200004,25.230801429000053],[89.38833348100007,25.230621048000046],[89.38728729100006,25.228579758000024],[89.38517266700006,25.230607365000026],[89.38144727700006,25.230760576000023],[89.38106486200007,25.226076636000073],[89.37963761800006,25.22530587700004],[89.37706809400004,25.22648315200007],[89.37405029200005,25.22473597100003],[89.37313277000004,25.226579393000065],[89.37474961100008,25.231280995000077],[89.37239324300003,25.231214564000027],[89.37207680400007,25.232840975000045],[89.37481169500006,25.233580094000047],[89.37452451900003,25.235920044000068],[89.37241751200008,25.23603584400007],[89.37170847500005,25.238947431000042],[89.36496740100006,25.239189526000075],[89.36328005400009,25.241524553000033],[89.36266277900006,25.245474432000037],[89.36712466500006,25.24765360200007],[89.36717334000008,25.25059662600006],[89.36293036000006,25.248785267000073],[89.35508271600008,25.250634630000036],[89.35502638400004,25.248903351000024],[89.35365335700004,25.248717303000035],[89.35091092400006,25.253271881000046],[89.34758733200005,25.254055868000023],[89.34684819200004,25.25114986500006],[89.35148690000005,25.249699467000028],[89.34971826500004,25.247118001000047],[89.35113470100003,25.245026899000038],[89.35296459300008,25.246120278000035],[89.35555354600007,25.24414601500007],[89.35584696400008,25.241872172000058],[89.35361422800008,25.239749282000048],[89.35818609200004,25.238050032000046],[89.36037587200008,25.23428025900006],[89.35837446600004,25.229885571000068],[89.35572393800004,25.230658565000056],[89.35513938000008,25.22672491800006],[89.35925753400005,25.218440385000065],[89.36305847900007,25.215504388000056],[89.36115330200005,25.212739030000023],[89.36046681800008,25.216060431000074],[89.35738235300005,25.215996258000075],[89.35258316600004,25.219947622000063],[89.34640616900003,25.22094709600003],[89.34305213900006,25.21877844900007],[89.34626561200008,25.216133772000035],[89.34368675600007,25.21081691200004],[89.33452952600004,25.21241840600004],[89.32978124800007,25.21840958000007],[89.32520567900008,25.218540590000032],[89.32395958700005,25.221895368000048],[89.31961023800005,25.22266049900003],[89.32063166100005,25.227047239000058],[89.31268098800007,25.230313936000073],[89.30365131500008,25.22973434800008],[89.29827490600007,25.222289268000054],[89.28819916500004,25.224380176000068],[89.28811412800007,25.227956385000027],[89.28064507100004,25.229208182000036],[89.27576171500004,25.228380059000074],[89.27240704000008,25.230568694000056],[89.27076895700009,25.22983367100005],[89.27116310900004,25.227936971000076],[89.27504031100005,25.22467912700006],[89.27414652100003,25.22368590700006],[89.26652053000004,25.22355569800004],[89.26406037000004,25.22562046200005],[89.25931425800007,25.22297285600007],[89.25942589000005,25.224671697000076],[89.25782156300005,25.225148467000054],[89.24591606500007,25.22372009700007],[89.24280170300005,25.226015953000058],[89.23748786500005,25.226775969000073],[89.23457344100007,25.23163786500004],[89.23294147100006,25.230013532000044],[89.22523490900005,25.23099545200006],[89.22419648900006,25.23481097000007],[89.21655058600004,25.23658290000003],[89.21340883700003,25.233789944000023],[89.21055309000008,25.23371714500007],[89.20790824500006,25.229394396000032],[89.20460992500006,25.228457279000054]]]}},{"type":"Feature","id":"gaibandha-palashbari","properties":{"canonical_id":"gaibandha-palashbari","name_en":"Palashbari","name_bn":"পলাশবাড়ী","district_id":"gaibandha","division_id":"rangpur","pcode":"BD-F-19-502","parent_pcode":"BD5532","source_name":"Palashbari","match_method":"exact_name_or_alias","boundary_reference_year":"2020","boundary_source":"geoBoundaries gbOpen BGD ADM3 / BBS, OCHA ROAP","source_dataset_updated":"2026-08-09"},"geometry":{"type":"Polygon","coordinates":[[[89.43303981300005,25.306930286000068],[89.42815807400007,25.304526253000063],[89.42566297400003,25.300322450000067],[89.42092412200003,25.299684765000052],[89.41781948500005,25.300270814000044],[89.41754098300004,25.30229311000005],[89.41042344200008,25.302123725000058],[89.41083427400008,25.303511547000028],[89.40855808600008,25.303389554000034],[89.40628116800008,25.307559824000066],[89.39879056800004,25.30825586000003],[89.39677919000007,25.31081681300003],[89.39424657600006,25.30991918600006],[89.39415667700007,25.30645845600003],[89.39163719500004,25.30531532200007],[89.39080541000004,25.302727482000023],[89.38877402500003,25.303073522000034],[89.38752557300006,25.300637453000036],[89.38693802500006,25.30271540500007],[89.38498636800006,25.30140915100003],[89.38445080200006,25.303081503000044],[89.38136249900003,25.302418385000067],[89.37536742000003,25.304338048000034],[89.37330805500005,25.302686897000058],[89.36615613600009,25.305560181000033],[89.36158945700004,25.30195144700008],[89.36384402700008,25.298882938000077],[89.36310922600006,25.296866541000043],[89.35740728300004,25.296060113000067],[89.35667931900008,25.29283024800003],[89.35494181200005,25.292385250000052],[89.34948972000007,25.295066485000063],[89.34893497600007,25.301928856000075],[89.34353788400006,25.30743549400006],[89.34041841800007,25.305958082000075],[89.34261962100004,25.30414771900007],[89.33522601600004,25.303606048000063],[89.33474332400004,25.30103980100006],[89.32908472500009,25.30307648400003],[89.32643530100006,25.30046365100003],[89.31864708700004,25.302763923000043],[89.31335811200006,25.299415646000057],[89.30387008500009,25.300307503000056],[89.29227336100007,25.299242035000077],[89.28985486600004,25.301900009000065],[89.28665520700008,25.299730262000026],[89.28065629500009,25.301345212000058],[89.26842419900004,25.300549630000035],[89.26568691100005,25.298116463000042],[89.26583423400007,25.295148476000065],[89.27343966100005,25.29182289700003],[89.27079820900008,25.29190863200006],[89.27050978700004,25.28973879600005],[89.25847957100007,25.288107539000066],[89.25591940600003,25.28515979100007],[89.26658786200005,25.280088489000036],[89.26582195700007,25.278730692000067],[89.26958100300004,25.275910992000036],[89.27122133200004,25.269355721000068],[89.27456658700004,25.268416109000043],[89.27247775000006,25.265169569000022],[89.27708609400008,25.262738201000047],[89.27899378300003,25.259677762000024],[89.28712232700008,25.257251933000077],[89.29079052700007,25.250159277000023],[89.28991161600004,25.242762527000025],[89.29399301000007,25.239497270000072],[89.29768656600004,25.231118821000052],[89.30365131500008,25.22973434800008],[89.31268098800007,25.230313936000073],[89.32063166100005,25.227047239000058],[89.31961023800005,25.22266049900003],[89.32395958700005,25.221895368000048],[89.32520567900008,25.218540590000032],[89.32978124800007,25.21840958000007],[89.33452952600004,25.21241840600004],[89.34368675600007,25.21081691200004],[89.34626561200008,25.216133772000035],[89.34305213900006,25.21877844900007],[89.34640616900003,25.22094709600003],[89.35258316600004,25.219947622000063],[89.35738235300005,25.215996258000075],[89.36046681800008,25.216060431000074],[89.36115330200005,25.212739030000023],[89.36305847900007,25.215504388000056],[89.35925753400005,25.218440385000065],[89.35513938000008,25.22672491800006],[89.35572393800004,25.230658565000056],[89.35837446600004,25.229885571000068],[89.36037587200008,25.23428025900006],[89.35818609200004,25.238050032000046],[89.35361422800008,25.239749282000048],[89.35584696400008,25.241872172000058],[89.35555354600007,25.24414601500007],[89.35296459300008,25.246120278000035],[89.35113470100003,25.245026899000038],[89.34971826500004,25.247118001000047],[89.35148690000005,25.249699467000028],[89.34684819200004,25.25114986500006],[89.34758733200005,25.254055868000023],[89.35091092400006,25.253271881000046],[89.35365335700004,25.248717303000035],[89.35502638400004,25.248903351000024],[89.35508271600008,25.250634630000036],[89.36293036000006,25.248785267000073],[89.36717334000008,25.25059662600006],[89.36712466500006,25.24765360200007],[89.36266277900006,25.245474432000037],[89.36328005400009,25.241524553000033],[89.36496740100006,25.239189526000075],[89.37170847500005,25.238947431000042],[89.37241751200008,25.23603584400007],[89.37452451900003,25.235920044000068],[89.37481169500006,25.233580094000047],[89.37207680400007,25.232840975000045],[89.37239324300003,25.231214564000027],[89.37474961100008,25.231280995000077],[89.37313277000004,25.226579393000065],[89.37405029200005,25.22473597100003],[89.37706809400004,25.22648315200007],[89.37963761800006,25.22530587700004],[89.38106486200007,25.226076636000073],[89.38144727700006,25.230760576000023],[89.38517266700006,25.230607365000026],[89.38728729100006,25.228579758000024],[89.38833348100007,25.230621048000046],[89.39018977200004,25.230801429000053],[89.39076702800008,25.23493641500005],[89.39759564000008,25.236519928000064],[89.39768562000006,25.237968005000027],[89.40398452500006,25.23809119300006],[89.40479367400008,25.235234025000068],[89.40364395700004,25.232980215000055],[89.40652128500005,25.229538169000023],[89.41627712900004,25.233063961000028],[89.42159963200004,25.230846433000067],[89.42585007400004,25.23079810200005],[89.42555931200008,25.23292198300004],[89.42202206200005,25.235207039000045],[89.42169177000005,25.240029203000063],[89.42757761500008,25.245499261000077],[89.43009878800007,25.245027566000033],[89.42606398600003,25.250257013000066],[89.43013858100005,25.250199982000026],[89.43371965000006,25.246758431000046],[89.43478509200008,25.248327060000065],[89.43348945800005,25.251498601000037],[89.43699609100008,25.25342310700006],[89.44093499400003,25.24289768400007],[89.45111325900007,25.24320451500006],[89.45407608800008,25.241982816000075],[89.45774244100005,25.242890915000032],[89.46056729800006,25.241207453000072],[89.46229075700006,25.242586953000057],[89.46603363400004,25.241055166000024],[89.48012476800005,25.24356965800007],[89.48010471000003,25.242157989000077],[89.48243797000003,25.241303756000036],[89.48006301800007,25.23226534400004],[89.47726062000004,25.228806316000032],[89.47343586100004,25.229946965000067],[89.47281733400007,25.231860383000026],[89.47094874000004,25.227604791000033],[89.48277927400005,25.224513031000072],[89.48691105100005,25.224819237000077],[89.48881055500004,25.23130475000005],[89.49039104200006,25.231077105000054],[89.49083633600009,25.22621732400006],[89.48933528000003,25.224080909000065],[89.49094437800005,25.22038501700007],[89.48982688400008,25.21444237000003],[89.48710959500005,25.213353803000075],[89.48617882300005,25.20806480500005],[89.48780382700005,25.205874858000072],[89.49633719400003,25.20914844200007],[89.49713315800005,25.20469958500007],[89.50180099200008,25.204156047000026],[89.50137670800007,25.201171100000067],[89.50368579200006,25.197634314000027],[89.50570750700007,25.196638112000073],[89.50898949900005,25.197709023000073],[89.50928294300007,25.196311929000046],[89.51363641300009,25.193372699000065],[89.51174457700006,25.192084669000053],[89.51340510400007,25.18960669100005],[89.51302541700005,25.186812125000074],[89.51729556000004,25.191137162000075],[89.51991244200008,25.19119986100003],[89.52027938600008,25.19483591900007],[89.52568822100005,25.194488745000058],[89.52702620400004,25.195956008000053],[89.52271513400007,25.212102060000063],[89.52541576500005,25.215962913000055],[89.52369456200006,25.22108455600005],[89.51911684700008,25.224130573000025],[89.51355513100003,25.220460025000023],[89.51692829500007,25.232007785000064],[89.51735400300004,25.24142985900005],[89.51633814400003,25.24377620200005],[89.51341097200003,25.244989114000077],[89.51307837600007,25.249339100000043],[89.51411537900003,25.25083200800003],[89.52266493400003,25.250073092000036],[89.51960975900005,25.253669803000037],[89.52359796700006,25.257489143000043],[89.52884607400006,25.25688907500006],[89.52964523200006,25.257999571000028],[89.52900756600008,25.25927086100006],[89.52305653500008,25.260008640000024],[89.53008479200008,25.25965866200005],[89.53088002600003,25.262120913000047],[89.52901335100006,25.264930840000034],[89.52541211400006,25.260931147000065],[89.52735046600009,25.26734686700007],[89.52470884900004,25.272339099000078],[89.50867555800005,25.274523369000065],[89.50715964500006,25.266622167000037],[89.50218998100007,25.268148034000035],[89.50027316900008,25.275211399000057],[89.49623050600007,25.275075741000023],[89.49451069000008,25.277858624000032],[89.49127913300003,25.276566304000028],[89.48814307700007,25.27716276800004],[89.48450089200009,25.274496789000068],[89.48296408600004,25.275633783000046],[89.48356534700008,25.277964087000043],[89.48035248500008,25.272819483000035],[89.47195798200005,25.276343223000026],[89.47521533800005,25.284502118000034],[89.48042439700004,25.286104856000065],[89.47185513000005,25.288127191000058],[89.47622700400007,25.293370347000064],[89.47613263000005,25.29568352900003],[89.47963535200006,25.29527149200004],[89.47773871700008,25.29692641200006],[89.47326575000005,25.296069535000072],[89.46830500500005,25.29873889000004],[89.47125178100003,25.29884487000004],[89.47675530800007,25.303862345000027],[89.47424755700007,25.30903696100006],[89.47319118100006,25.308293250000077],[89.47131017700008,25.309712778000062],[89.47196160400006,25.311985728000025],[89.47024689600005,25.31384325500005],[89.46704447500008,25.314464413000053],[89.46466347200004,25.312556553000036],[89.46188432000008,25.31266439600006],[89.46111935300007,25.31441352400003],[89.45924273100007,25.31458331300007],[89.45313711200004,25.310201306000067],[89.45017062800008,25.31158548800005],[89.44826211400004,25.309618171000068],[89.43303981300005,25.306930286000068]]]}},{"type":"Feature","id":"gaibandha-phulchari","properties":{"canonical_id":"gaibandha-phulchari","name_en":"Phulchari","name_bn":"ফুলছড়ি","district_id":"gaibandha","division_id":"rangpur","pcode":"BD-F-19-506","parent_pcode":"BD5532","source_name":"Phulchari","match_method":"exact_name_or_alias","boundary_reference_year":"2020","boundary_source":"geoBoundaries gbOpen BGD ADM3 / BBS, OCHA ROAP","source_dataset_updated":"2026-08-09"},"geometry":{"type":"MultiPolygon","coordinates":[[[[89.51741600300005,26.02649959400003],[89.51053286500007,26.02412985500007],[89.51502395200004,26.015701654000054],[89.51412949200005,26.01085759600005],[89.51688818500008,26.012537337000026],[89.51745031400009,26.017652290000058],[89.52192180700007,26.02443943000003],[89.52091031800006,26.026104883000073],[89.51741600300005,26.02649959400003]]],[[[89.64649280800006,25.900778718000026],[89.64517750100003,25.907537241000057],[89.64250427600007,25.90998963900006],[89.63738910900008,25.910070056000052],[89.63816414300004,25.912530391000075],[89.64203519400007,25.915713457000038],[89.65140534300008,25.91780753300003],[89.64943503000006,25.924170571000047],[89.65664505300003,25.92612136400004],[89.64726033200003,25.933597605000045],[89.64559213500007,25.93384750000007],[89.64379576400006,25.931677610000065],[89.64160396500006,25.935937143000046],[89.64586674300006,25.937196007000068],[89.64595005200005,25.938768544000027],[89.63795707900005,25.939354921000074],[89.63662051300008,25.94276713200003],[89.63199787100007,25.945296246000055],[89.62680270800007,25.951951518000044],[89.62446818800004,25.95621548300005],[89.62600835300003,25.95915756000005],[89.62389501700005,25.960660636000057],[89.62243350200004,25.965459588000044],[89.61824657100004,25.964742022000053],[89.61716439700007,25.968089237000072],[89.61853731100007,25.970126836000077],[89.62987630900005,25.96899367900005],[89.63096374400004,25.972953224000037],[89.62711441000005,25.97615290300007],[89.62467886500008,25.974816400000066],[89.62288729100004,25.977238512000042],[89.62020365500007,25.977628242000037],[89.62009548100008,25.982145133000074],[89.61638377100007,25.981044988000065],[89.61444120400006,25.98459419200003],[89.61710797400008,25.985899309000047],[89.62050638200003,25.992440775000034],[89.61517479300005,26.002172676000043],[89.61427937100007,26.015702001000022],[89.61223677200007,26.01718137100005],[89.61379706000008,26.019652936000057],[89.61224749700006,26.02114152200005],[89.61424708000004,26.02663133300007],[89.61121411900007,26.02813625500005],[89.60963917200007,26.026397730000042],[89.60611965700008,26.030115782000053],[89.60613785400005,26.033832706000055],[89.59945105600008,26.033224569000026],[89.59749724500006,26.03453692000005],[89.59301849700006,26.033001169000045],[89.58987405500005,26.034734455000034],[89.58932767100004,26.038257887000043],[89.58762363700004,26.038794753000047],[89.58657566100004,26.035058505000052],[89.58365690100004,26.033509157000026],[89.58315552100004,26.03033816100003],[89.58527666600008,26.02636580500007],[89.58353470900005,26.024414250000063],[89.57865848000006,26.026359213000035],[89.57841567900005,26.022163515000045],[89.58118714600005,26.011455028000057],[89.57869467800003,26.006883147000053],[89.58078256000005,26.006911067000033],[89.58148546300004,26.00533699600004],[89.57992993600004,26.004530720000048],[89.58147811700007,26.003435896000042],[89.57987865900003,26.002718688000073],[89.58333256100008,26.001937244000032],[89.58620233000005,25.994317052000042],[89.58313898100005,25.990294925000057],[89.58668669200006,25.98096631100003],[89.58511163100007,25.97600198300006],[89.58342614800006,25.978849394000065],[89.57682708400006,25.978256163000026],[89.57633716400005,25.981990519000078],[89.57410476700005,25.980384936000064],[89.57356576900008,25.977967516000035],[89.57666200500006,25.97813124100003],[89.57848971500005,25.97291399100004],[89.57782905600004,25.96938196800005],[89.56884160100003,25.967858625000076],[89.56735011500007,25.970489352000072],[89.56832376700004,25.979212055000062],[89.56640829100007,25.98036565500007],[89.56378860200005,25.978862441000047],[89.56261328000005,25.971233234000067],[89.55773457600009,25.969974455000056],[89.55759025000003,25.96545889300006],[89.54988905600004,25.966362977000074],[89.54087781500004,25.96963162700007],[89.53810030400007,25.97567467600004],[89.54161857200006,25.98327941200006],[89.53671480800006,25.985052342000074],[89.53509494500008,25.98898852600007],[89.53572186100007,25.990675976000034],[89.53787219200007,25.990896865000025],[89.53772780300005,25.99430719700007],[89.54798240500008,25.998103207000042],[89.54817380700007,26.000697565000053],[89.54499831800007,26.00039903000004],[89.54474887800006,26.002700127000026],[89.54288823200005,26.002709356000025],[89.54083072300006,26.006009152000047],[89.53788077100006,26.006783133000056],[89.53361159100007,26.005469679000043],[89.53497887700007,26.004172338000046],[89.53935252600007,26.005489173000058],[89.53740351300007,26.002235547000055],[89.52976845400008,26.005836686000066],[89.52606078200006,26.004852395000057],[89.52424853200006,26.006680711000058],[89.52200477000008,26.005270454000026],[89.52116260800005,26.00867481100005],[89.51919176100006,26.008867329000054],[89.51446202800008,26.007323563000057],[89.50906520900008,26.00207845600005],[89.49683610100004,26.002956898000036],[89.49120413800006,26.006053230000077],[89.48685221700003,26.00028259900006],[89.48124413100004,25.99754461400005],[89.48192178000005,25.990491029000054],[89.47580915100008,25.98560142900004],[89.47249256400005,25.976213143000052],[89.48195663300004,25.96180256400004],[89.49058437900004,25.962553867000054],[89.49075618400008,25.96433897600008],[89.49578579100006,25.96497117000007],[89.49952885700009,25.970514885000057],[89.50102055200006,25.97018932000003],[89.50225564300007,25.967487465000033],[89.49868419200004,25.96615058900005],[89.50354544000004,25.964084288000038],[89.50371750900007,25.95900676100007],[89.50086099400005,25.95540027100003],[89.49662790000008,25.954354531000035],[89.51160096400008,25.94412087300003],[89.51211628200008,25.93850720200004],[89.50975360000007,25.933417703000032],[89.51175994100004,25.933570082000074],[89.51299644500006,25.929077961000075],[89.51766733000005,25.92611656400004],[89.51623832000007,25.92178256300008],[89.51745824300008,25.91753414200008],[89.52276541500004,25.914958455000033],[89.52951168100003,25.915301631000034],[89.53340346400006,25.900196529000027],[89.53751075000008,25.900133496000024],[89.53892253400005,25.89819939100005],[89.54429597500007,25.896706691000077],[89.54631228400007,25.88863464800005],[89.55393256300005,25.888379481000072],[89.55782269800005,25.885868095000035],[89.56064097100005,25.88719333100005],[89.56412120000005,25.884888786000033],[89.57106580000004,25.88542136700005],[89.57336975600003,25.88806038000007],[89.57790372500006,25.888951802000065],[89.58057683500004,25.882091170000024],[89.58372790000004,25.878675644000054],[89.58645469500004,25.87791025100006],[89.59443307700008,25.880265879000035],[89.59998209000008,25.883344691000048],[89.60273133500004,25.88696591300004],[89.60547397000005,25.89647232300007],[89.61077121200003,25.905097798000043],[89.61430600100005,25.905840359000024],[89.61763036800005,25.903732775000037],[89.61792254600005,25.896809846000053],[89.61158630500006,25.88809154300003],[89.61351433700008,25.882114917000024],[89.61219281700005,25.876803470000027],[89.61427012700005,25.873967957000048],[89.62114485000006,25.876532516000054],[89.63338476200005,25.878125574000023],[89.64452288400008,25.88494382300007],[89.64732591400008,25.885214227000063],[89.64743835700006,25.886637849000067],[89.64345745500003,25.890069664000066],[89.63684018600009,25.887978617000044],[89.63512232600004,25.890074336000055],[89.63981786300008,25.892394918000036],[89.64178475000006,25.89614891100007],[89.64578589500007,25.89793481600003],[89.64649280800006,25.900778718000026]]],[[[89.50184273800005,26.06993472700003],[89.49870574300007,26.069669344000033],[89.49805621500008,26.067244325000047],[89.50190109700009,26.06322872900006],[89.50266046100006,26.060003814000027],[89.50495475700006,26.05830678700005],[89.51169073400007,26.057663785000045],[89.51413997200007,26.06047180400003],[89.51441196300004,26.065578424000023],[89.50184273800005,26.06993472700003]]]]}},{"type":"Feature","id":"gaibandha-sadullapur","properties":{"canonical_id":"gaibandha-sadullapur","name_en":"Sadullapur","name_bn":"সাদুল্লাপুর","district_id":"gaibandha","division_id":"rangpur","pcode":"BD-F-19-500","parent_pcode":"BD5532","source_name":"Sadullapur","match_method":"exact_name_or_alias","boundary_reference_year":"2020","boundary_source":"geoBoundaries gbOpen BGD ADM3 / BBS, OCHA ROAP","source_dataset_updated":"2026-08-09"},"geometry":{"type":"Polygon","coordinates":[[[89.51328379400007,25.436617888000058],[89.50811844600008,25.43710074200004],[89.50158121000004,25.441443219000064],[89.49746921600007,25.441702942000063],[89.49816430800007,25.451115558000026],[89.49178247800006,25.45586052500005],[89.48479316000004,25.456787177000024],[89.48332528000003,25.459579740000038],[89.47948732900005,25.461233978000053],[89.48052352600007,25.467860855000026],[89.48495942300008,25.466580065000073],[89.48767403300008,25.469476459000077],[89.48657226600005,25.477029324000057],[89.49817518400005,25.479442190000043],[89.50166418800006,25.48121838700007],[89.50183745900006,25.483004165000068],[89.50476630500003,25.483808187000022],[89.50498062400004,25.486515196000028],[89.50157930100005,25.487252634000072],[89.49886668300007,25.490973490000044],[89.48975937200004,25.492156109000064],[89.49370918700004,25.493838149000055],[89.49689676400004,25.499236843000062],[89.49679012200005,25.502517873000045],[89.49256354800008,25.502463800000044],[89.49098406300004,25.503679677000036],[89.49061292300007,25.507110474000058],[89.48856697500008,25.50764855700004],[89.48674649100008,25.50049808400007],[89.48229688800006,25.50062580100007],[89.48097562300006,25.499260938000077],[89.48019370300005,25.493166089000056],[89.47430400200005,25.494183018000058],[89.45336829800004,25.491237109000053],[89.44892099400005,25.49318117000007],[89.44133512800005,25.493682438000064],[89.44199515100007,25.488111567000033],[89.44010067800008,25.48671650600005],[89.43628316100006,25.488213330000065],[89.43344204700009,25.486946612000054],[89.43012731000005,25.474240002000045],[89.42561913300005,25.475900368000055],[89.42328796800007,25.470067249000067],[89.41874431700006,25.46832058600006],[89.41799600300004,25.464328487000046],[89.41558536700006,25.46451475400005],[89.41500139400006,25.462753779000025],[89.40834951600004,25.466952166000056],[89.40507430400004,25.462905212000067],[89.40127108900003,25.465223512000023],[89.39882089200006,25.464042384000038],[89.39141395800004,25.441840816000024],[89.38033928300007,25.443749570000023],[89.38065173800004,25.438260471000035],[89.37788896100005,25.432188905000032],[89.38358846500006,25.428709169000058],[89.38089137000009,25.423965386000077],[89.37795918900008,25.424260032000063],[89.37736529600005,25.42009623900003],[89.37977863300006,25.421040515000072],[89.38174253500006,25.418477971000073],[89.37747041600005,25.41711385800005],[89.37675183200008,25.41376282500005],[89.37836448200005,25.409822837000036],[89.37687421400005,25.409840797000072],[89.37536705000008,25.406502776000025],[89.36571019000007,25.402857207000068],[89.36535082900008,25.401054110000075],[89.36782842200006,25.39828118300005],[89.36476869700004,25.395516005000047],[89.36459898600003,25.390072805000045],[89.36036289400005,25.385930408000036],[89.35574178800005,25.385028092000027],[89.35322128200005,25.380171132000044],[89.35080139300004,25.378783914000053],[89.35486310300007,25.372781364000048],[89.34398461300003,25.369461471000022],[89.34272982300007,25.359687304000033],[89.34511882400005,25.352653710000027],[89.34028976100007,25.342366895000055],[89.34020040300004,25.336970287000042],[89.34722390800005,25.336495873000047],[89.34630712000006,25.327789904000042],[89.34423272500004,25.327086476000034],[89.33968769100005,25.329022387000066],[89.33799778200006,25.32716527200006],[89.33376702300006,25.32618221200005],[89.33441679500004,25.323814673000072],[89.33258381500008,25.32440916200005],[89.33021164700006,25.321927463000065],[89.33401375600005,25.317631555000048],[89.33419589500005,25.315095968000037],[89.33639216300008,25.31418138400005],[89.34122353700008,25.315692505000072],[89.34196045200008,25.319281429000057],[89.34393531600006,25.319759813000076],[89.34627686900006,25.30982774100005],[89.34353788400006,25.30743549400006],[89.34893497600007,25.301928856000075],[89.34948972000007,25.295066485000063],[89.35494181200005,25.292385250000052],[89.35667931900008,25.29283024800003],[89.35740728300004,25.296060113000067],[89.36310922600006,25.296866541000043],[89.36384402700008,25.298882938000077],[89.36158945700004,25.30195144700008],[89.36615613600009,25.305560181000033],[89.37330805500005,25.302686897000058],[89.37536742000003,25.304338048000034],[89.38136249900003,25.302418385000067],[89.38445080200006,25.303081503000044],[89.38498636800006,25.30140915100003],[89.38693802500006,25.30271540500007],[89.38752557300006,25.300637453000036],[89.38877402500003,25.303073522000034],[89.39080541000004,25.302727482000023],[89.39163719500004,25.30531532200007],[89.39415667700007,25.30645845600003],[89.39424657600006,25.30991918600006],[89.39677919000007,25.31081681300003],[89.39879056800004,25.30825586000003],[89.40628116800008,25.307559824000066],[89.40855808600008,25.303389554000034],[89.41083427400008,25.303511547000028],[89.41042344200008,25.302123725000058],[89.41754098300004,25.30229311000005],[89.41781948500005,25.300270814000044],[89.42092412200003,25.299684765000052],[89.42566297400003,25.300322450000067],[89.42815807400007,25.304526253000063],[89.43303981300005,25.306930286000068],[89.43145360200003,25.308684563000043],[89.43224355800004,25.313114246000055],[89.43024568500005,25.317697416000044],[89.43144384400006,25.322147864000044],[89.43071354300008,25.328262633000065],[89.43603451000007,25.329102611000053],[89.43690257900005,25.331408702000033],[89.43415347800004,25.335709095000027],[89.43536172300009,25.344007087000023],[89.43249386900004,25.34985570500004],[89.43421197800006,25.35057120600004],[89.43609763900008,25.349315303000026],[89.43676652000005,25.350871102000042],[89.44032104400009,25.347942416000024],[89.44306062200008,25.351229731000046],[89.44870618500005,25.343599341000072],[89.45620533200008,25.344967116000078],[89.47174356500005,25.342487222000045],[89.47235050300009,25.34689402300006],[89.47580155200006,25.343468547000043],[89.47676191500005,25.34559808000006],[89.47373860800008,25.348489486000062],[89.47419272600007,25.35177482200004],[89.47018550200005,25.350629389000062],[89.46862775700004,25.35424387300003],[89.47679139800005,25.354696975000024],[89.47481837700008,25.35734378500007],[89.47087690400008,25.35667552800004],[89.47102944000005,25.359877382000036],[89.47712709100006,25.362576138000065],[89.47788614300003,25.364537881000047],[89.47309031700007,25.364218274000052],[89.47579274100008,25.366256392000025],[89.47559537700005,25.369957054000054],[89.47355759100003,25.371284597000056],[89.47390606300007,25.366416161000075],[89.47168903000005,25.36590138500003],[89.46998724200006,25.368179413000064],[89.47329202800006,25.372427693000077],[89.46860641400008,25.37510644200006],[89.47650777200005,25.375118394000026],[89.48367963600003,25.36931850900004],[89.49038603100007,25.368363766000073],[89.49297109000008,25.37204584400007],[89.49603329500007,25.37201741800004],[89.50259755800005,25.37938943900008],[89.50578154800007,25.384517065000068],[89.49959317000008,25.38418798200007],[89.49546061300003,25.38739548800004],[89.49501565500003,25.389136276000045],[89.49753240100006,25.391522166000073],[89.49464011600008,25.395465340000044],[89.49445636900003,25.398629885000048],[89.49635609800004,25.400007338000023],[89.49727028700005,25.404098438000062],[89.50190909800006,25.40598127100003],[89.50537111500006,25.40374098700005],[89.50359702100008,25.406851644000028],[89.50677097200008,25.406913123000038],[89.50995718900003,25.410707536000075],[89.51623315300003,25.408744444000035],[89.52049897900008,25.41337241800005],[89.51936053300005,25.417042968000032],[89.51677637600005,25.417453282000054],[89.50988047800007,25.422612228000048],[89.51029108600005,25.42435421600004],[89.51278867500008,25.424416699000062],[89.51487193300005,25.428695551000033],[89.51328379400007,25.436617888000058]]]}},{"type":"Feature","id":"gaibandha-saghata","properties":{"canonical_id":"gaibandha-saghata","name_en":"Saghata","name_bn":"সাঘাটা","district_id":"gaibandha","division_id":"rangpur","pcode":"BD-F-19-503","parent_pcode":"BD5532","source_name":"Saghata","match_method":"exact_name_or_alias","boundary_reference_year":"2020","boundary_source":"geoBoundaries gbOpen BGD ADM3 / BBS, OCHA ROAP","source_dataset_updated":"2026-08-09"},"geometry":{"type":"Polygon","coordinates":[[[89.56771625600004,25.236508297000057],[89.56452058400004,25.238376172000073],[89.56305067100004,25.237800075000052],[89.56189648900005,25.234321527000077],[89.55624814600009,25.230097492000027],[89.55429186900005,25.230462427000077],[89.55364797100003,25.228112501000055],[89.53913649500004,25.22999319200005],[89.53890180100007,25.227150047000066],[89.53538358600008,25.22738511400007],[89.53245271700007,25.222332228000027],[89.52725253000006,25.223123934000057],[89.52602836600005,25.225753590000068],[89.52296488100006,25.226256224000053],[89.52369456200006,25.22108455600005],[89.52541576500005,25.215962913000055],[89.52271513400007,25.212102060000063],[89.52702620400004,25.195956008000053],[89.52568822100005,25.194488745000058],[89.52027938600008,25.19483591900007],[89.51991244200008,25.19119986100003],[89.51729556000004,25.191137162000075],[89.51302541700005,25.186812125000074],[89.51340510400007,25.18960669100005],[89.51174457700006,25.192084669000053],[89.51363641300009,25.193372699000065],[89.50928294300007,25.196311929000046],[89.50565021400007,25.19461842800007],[89.50489196600006,25.192749356000036],[89.50058000400008,25.192234222000025],[89.50018422900007,25.19056389800005],[89.50374372400006,25.187318049000055],[89.50247553700007,25.185481684000024],[89.50022623900009,25.185360655000068],[89.50135583900004,25.182528255000022],[89.49717621600007,25.183259711000062],[89.49484724400008,25.180434195000032],[89.49433618900008,25.176666074000025],[89.49103819200008,25.176405295000052],[89.48913562300004,25.173421989000076],[89.48966079200005,25.17070555300006],[89.49350095200003,25.167302868000036],[89.49174015900007,25.164098825000053],[89.49288640700007,25.16143699500003],[89.48991563800007,25.160954934000074],[89.48951567400007,25.15520774600003],[89.48677485600007,25.15479358300007],[89.48585706100005,25.15309092700005],[89.48611233300005,25.15158875900005],[89.49079642300006,25.150385785000026],[89.49139616500008,25.148268441000027],[89.48587891400007,25.139881271000036],[89.48859392200006,25.136661039000046],[89.49341007100008,25.13674362100005],[89.49352032200005,25.144136245000027],[89.49505002400008,25.13638121400004],[89.50028255900008,25.13805553700007],[89.49836514100008,25.132495129000063],[89.49122901300007,25.131893396000066],[89.49098103800009,25.13046455400007],[89.49659186200006,25.13045662600007],[89.50710971800004,25.123354265000046],[89.50667016000006,25.120265398000072],[89.50846886600004,25.11843304000007],[89.50538694700003,25.11222878600006],[89.50943121600005,25.113416791000077],[89.50702209200006,25.110888639000052],[89.51203652900006,25.10512041800007],[89.50816149000008,25.098258866000037],[89.50307943700005,25.095857226000078],[89.50502889600006,25.092527979000067],[89.50321922800003,25.08886839400003],[89.49792727000005,25.09299178300006],[89.49513592000005,25.091325717000075],[89.49710415700008,25.087832955000067],[89.50055043700007,25.087170668000056],[89.50144936000004,25.08543243200006],[89.49849819300005,25.078982935000056],[89.49847128700009,25.075318577000075],[89.50334112100006,25.07371334800007],[89.51278949800007,25.07417475400007],[89.50954448300007,25.071792337000034],[89.51154989000008,25.06850945700006],[89.51024132000003,25.06587885600004],[89.50768502400007,25.06861409100003],[89.50697707700004,25.06790281900004],[89.50900116200006,25.06288836300007],[89.51259243700008,25.06266200500005],[89.51483280800005,25.060392431000025],[89.51566260800007,25.06399846100004],[89.51777299800005,25.06437446700005],[89.51606649300004,25.059144550000042],[89.51925613000003,25.05621366200006],[89.52361135600006,25.05602845100003],[89.52444127100006,25.046496173000037],[89.53025321400008,25.046284374000038],[89.52922371600005,25.043295836000027],[89.53362109100004,25.040197423000052],[89.53989370600004,25.042137179000065],[89.54674510300003,25.039469841000027],[89.54846731600009,25.040695953000068],[89.55234305000005,25.038716359000034],[89.55625951700006,25.03975932700007],[89.56413904600004,25.037921708000056],[89.56621968400003,25.040509520000057],[89.57312954900004,25.03955870300007],[89.57164688600005,25.042341049000072],[89.57484867800008,25.04499179800007],[89.57657471800007,25.04358451300004],[89.57861627000005,25.04484166900005],[89.57997245500007,25.04323009600006],[89.59080431100006,25.044972819000066],[89.59546956300005,25.045798947000037],[89.60048050000006,25.05048320800006],[89.61042536200006,25.050859572000036],[89.63133386200008,25.040347242000053],[89.64025745800006,25.038859244000037],[89.64151845400005,25.04177591900003],[89.64783476100007,25.046738883000046],[89.65591422800009,25.049989221000033],[89.65530812700007,25.064430625000057],[89.65279254100005,25.07002509700004],[89.65306719200004,25.07801193800003],[89.64688235800008,25.08006149000005],[89.63856297000007,25.090077102000066],[89.64363118100005,25.097144781000054],[89.64494195900005,25.10612692600006],[89.64981805400004,25.10613061600003],[89.64940017300006,25.111916192000024],[89.61885343600005,25.11089370700006],[89.61941731000007,25.099759481000035],[89.61685968900008,25.094705743000077],[89.61312609800007,25.09559293700005],[89.61288948600009,25.097509695000042],[89.60731838900006,25.099022970000078],[89.60575491300006,25.112036299000067],[89.60761315800005,25.113971581000044],[89.60573625300003,25.118530021000026],[89.60746172600005,25.12004106300003],[89.60995698700003,25.119583688000034],[89.61054825800005,25.122572208000065],[89.61467191600008,25.126763717000074],[89.61578562500006,25.130270589000077],[89.61444044100006,25.137990182000067],[89.61705084900007,25.144160516000056],[89.61706687400005,25.150352337000072],[89.61178099900008,25.15358234400003],[89.60568059000008,25.14224211100003],[89.59991470100005,25.148647019000066],[89.60069663500008,25.151132045000054],[89.59948478000007,25.152978965000045],[89.60256450700007,25.163553335000074],[89.61080386000003,25.164369371000078],[89.61272714700004,25.17170688300007],[89.61171094600007,25.173848477000035],[89.60775791000003,25.172866112000065],[89.60239522600006,25.179798755000036],[89.59413045800005,25.18673511000003],[89.58709299800006,25.18438569600005],[89.58516925800006,25.185459494000042],[89.58446918700008,25.187399714000037],[89.58833588100003,25.192652328000065],[89.59072041300004,25.192750945000057],[89.59172832800004,25.19111351300006],[89.59280166000008,25.193207098000073],[89.58861013900008,25.193923607000045],[89.58825088600008,25.195237716000065],[89.58641105500004,25.192083100000048],[89.58530664100005,25.192883746000064],[89.58491660500005,25.195492546000025],[89.58649090900008,25.195347949000052],[89.58711105200007,25.197063271000047],[89.58375724200005,25.199124175000065],[89.58671824100009,25.19921488400007],[89.58675333200006,25.201040891000048],[89.58237336400003,25.20917151200007],[89.57869300300007,25.212163231000034],[89.57988957300006,25.213858772000037],[89.57888749200004,25.215682954000044],[89.57767441400006,25.216162075000057],[89.57735950400007,25.21365683700003],[89.57515864600003,25.21558141500003],[89.57716823400006,25.219990791000043],[89.57368966400009,25.21756169100007],[89.57232458400006,25.220954998000025],[89.57319475100007,25.223102313000027],[89.56969539300007,25.22225908100006],[89.56844236000006,25.220493306000037],[89.56690165400005,25.221566281000037],[89.56758931200005,25.22783561700004],[89.56992711700008,25.227294951000033],[89.56919693000003,25.23059919700006],[89.57051658900008,25.230742449000047],[89.57082313500007,25.227912208000077],[89.57331409400007,25.227666562000024],[89.57436811600007,25.23013611700003],[89.57373025200008,25.231017032000068],[89.57198446800004,25.22993563700004],[89.57394079700003,25.234880529000066],[89.57136099000007,25.232991858000048],[89.57002910300008,25.236494728000025],[89.56730935200005,25.233828371000072],[89.56771625600004,25.236508297000057]]]}},{"type":"Feature","id":"gaibandha-sundarganj","properties":{"canonical_id":"gaibandha-sundarganj","name_en":"Sundarganj","name_bn":"সুন্দরগঞ্জ","district_id":"gaibandha","division_id":"rangpur","pcode":"BD-F-19-505","parent_pcode":"BD5532","source_name":"Sundarganj","match_method":"exact_name_or_alias","boundary_reference_year":"2020","boundary_source":"geoBoundaries gbOpen BGD ADM3 / BBS, OCHA ROAP","source_dataset_updated":"2026-08-09"},"geometry":{"type":"Polygon","coordinates":[[[89.70620990900005,25.459588772000075],[89.70683378100006,25.466901920000055],[89.70488834500009,25.469333439000025],[89.69642942600007,25.470216980000032],[89.69561830100008,25.46739552400004],[89.68650857700004,25.467166391000035],[89.68513556500005,25.465458944000034],[89.68273958500004,25.46622928000005],[89.68495323700006,25.474472123000055],[89.67016276100009,25.486566999000047],[89.67064624600005,25.49010125700005],[89.67434663400007,25.492735693000043],[89.69386990400005,25.492470138000044],[89.69830479600006,25.49618577500007],[89.69599148000003,25.503435289000038],[89.68316290800004,25.511558681000054],[89.68135074800006,25.51653222400006],[89.68350606100006,25.522416838000026],[89.69227272000006,25.525015393000047],[89.69327174600005,25.530259655000066],[89.69790173500007,25.531258671000046],[89.69773431400006,25.533650825000052],[89.69135206500005,25.537795466000034],[89.67456567200009,25.534902139000053],[89.66748512200007,25.535800005000056],[89.65826408000004,25.542651487000057],[89.64579974100008,25.54712973200003],[89.63430557600003,25.559845591000055],[89.62812273800006,25.561937476000026],[89.62453164500005,25.56521140700005],[89.61851251100006,25.56636075800003],[89.61632477900008,25.569069786000057],[89.60594473900005,25.568261084000028],[89.60326771900003,25.563470598000038],[89.59659690900008,25.55823791200004],[89.59185464000007,25.556449178000037],[89.58733688300003,25.556546008000055],[89.57080334600005,25.575585730000057],[89.56648900100004,25.584572826000056],[89.55152419200004,25.584856758000058],[89.53631901500006,25.590494466000052],[89.53272879200006,25.600614413000073],[89.53908410000008,25.601233964000073],[89.54171417000003,25.609307928000078],[89.54814037100004,25.608177141000056],[89.54587397100005,25.612963480000076],[89.54894314000006,25.62597312500003],[89.54377651100003,25.638777160000075],[89.53555742400005,25.64254337500006],[89.53589048800006,25.64899424300006],[89.53098495700004,25.64544946500007],[89.52252718300008,25.63395034000007],[89.52007781300006,25.628835742000035],[89.52276499600003,25.625338569000064],[89.52186015700005,25.62298493800006],[89.51791792800003,25.622763164000048],[89.51396741100007,25.61959289600003],[89.50820418100005,25.61822247200007],[89.50339255500006,25.619115996000062],[89.49849882600006,25.623331621000034],[89.49706760000004,25.622222197000042],[89.50103613800007,25.614595131000044],[89.50304812600007,25.613741859000072],[89.50289973900004,25.61154137400007],[89.50068382900008,25.610320952000052],[89.49847180400008,25.61183496900003],[89.49756623100006,25.615303969000024],[89.49446067600007,25.614698961000045],[89.48843979200007,25.599896718000025],[89.49050917700004,25.590378200000032],[89.49824614400006,25.585735189000047],[89.49400192000007,25.58074830100003],[89.49579207900007,25.57865043700008],[89.49417429600004,25.57623321600005],[89.48754876500004,25.575873225000066],[89.48448336600006,25.58364933200005],[89.47840214100006,25.58777828700005],[89.47739155100004,25.590190260000043],[89.47264675300005,25.592515438000078],[89.47354533800006,25.597803596000062],[89.47101061300003,25.59872455900006],[89.46979919700004,25.598632692000024],[89.47015002600006,25.596631519000027],[89.46428087800007,25.597256925000067],[89.46307524300005,25.59434139800004],[89.45995153900003,25.59523686600005],[89.45844667500006,25.59149111200003],[89.45446533400008,25.59198652300006],[89.45435539700009,25.589673822000066],[89.44880367500008,25.590149103000044],[89.44594854800005,25.585635079000042],[89.44408149000003,25.585983561000035],[89.44279871200007,25.58440178500007],[89.43769440300008,25.585196100000076],[89.43621341300008,25.588283233000027],[89.43718173900004,25.59075389000003],[89.43434005200004,25.59200940900007],[89.43228071400006,25.587642120000055],[89.41504530700007,25.589481834000026],[89.41253281800005,25.587517303000027],[89.41303169400004,25.575765433000072],[89.40760543900006,25.570004338000047],[89.40825195500008,25.55962113100003],[89.40866140300005,25.55302116100006],[89.40465623500006,25.550060527000028],[89.40761387600008,25.549437587000057],[89.41180322500009,25.55144901700004],[89.41319741700005,25.548969615000033],[89.40519765900007,25.547507749000033],[89.40449058100006,25.544301417000042],[89.40638379200004,25.541816205000032],[89.41069033400004,25.542703880000033],[89.41177938700008,25.541609960000073],[89.40568249500006,25.535732653000025],[89.40525263100005,25.53869902100007],[89.40349720800003,25.53892779800003],[89.40303657200008,25.533331713000052],[89.40602293200004,25.53235335000005],[89.41182284100006,25.53640083700003],[89.41695299800006,25.53430263000007],[89.41563737300004,25.529734872000063],[89.41859542700007,25.528589079000028],[89.42021055300006,25.52923493000003],[89.41962119400006,25.531492410000055],[89.42103602400005,25.533571573000074],[89.42427553700009,25.536218905000055],[89.42761308000007,25.537181287000067],[89.42852936000008,25.531612650000056],[89.43392056800008,25.53316589600007],[89.43536923600004,25.53744222100005],[89.43792003100003,25.538456644000064],[89.43971005300006,25.530298474000062],[89.43783724000008,25.527124508000043],[89.43945184200004,25.526027876000057],[89.44120479000009,25.52829382500005],[89.44321827700008,25.52763099400005],[89.44234097400005,25.525528689000055],[89.43517278600007,25.523931665000077],[89.43403817900008,25.52049523000005],[89.44351171000005,25.51842915000003],[89.44447254800008,25.52176778300003],[89.45045273900007,25.51782322100007],[89.43982423800009,25.512202285000058],[89.44127370200005,25.506625418000056],[89.44429486900003,25.50395547100004],[89.43941074200006,25.501329388000045],[89.44133512800005,25.493682438000064],[89.44892099400005,25.49318117000007],[89.45336829800004,25.491237109000053],[89.47430400200005,25.494183018000058],[89.48019370300005,25.493166089000056],[89.48097562300006,25.499260938000077],[89.48229688800006,25.50062580100007],[89.48674649100008,25.50049808400007],[89.48856697500008,25.50764855700004],[89.49061292300007,25.507110474000058],[89.49098406300004,25.503679677000036],[89.49256354800008,25.502463800000044],[89.49679012200005,25.502517873000045],[89.49689676400004,25.499236843000062],[89.49370918700004,25.493838149000055],[89.48975937200004,25.492156109000064],[89.49886668300007,25.490973490000044],[89.50157930100005,25.487252634000072],[89.50498062400004,25.486515196000028],[89.50476630500003,25.483808187000022],[89.50183745900006,25.483004165000068],[89.50166418800006,25.48121838700007],[89.49817518400005,25.479442190000043],[89.48657226600005,25.477029324000057],[89.48767403300008,25.469476459000077],[89.48495942300008,25.466580065000073],[89.48052352600007,25.467860855000026],[89.47948732900005,25.461233978000053],[89.48332528000003,25.459579740000038],[89.48479316000004,25.456787177000024],[89.49178247800006,25.45586052500005],[89.49816430800007,25.451115558000026],[89.49746921600007,25.441702942000063],[89.50158121000004,25.441443219000064],[89.50811844600008,25.43710074200004],[89.51328379400007,25.436617888000058],[89.52054907400003,25.438019482000072],[89.52237605200008,25.43711223200006],[89.52650121800008,25.440269304000026],[89.53096806300005,25.441046706000066],[89.54455868300005,25.437309103000075],[89.55165728600008,25.440697040000032],[89.55993897000008,25.440988482000023],[89.56056112500005,25.445630305000066],[89.56862768600007,25.44629707400003],[89.57648995800008,25.437683442000036],[89.57719006400004,25.43254881100006],[89.58360474000006,25.43392508900007],[89.58641284500004,25.437051360000055],[89.59325042700004,25.428280397000037],[89.59388876600008,25.42308002900006],[89.60575421700008,25.42050985900005],[89.60911866200007,25.422536035000064],[89.61157930600007,25.41939824700006],[89.61260039700005,25.413081832000046],[89.61835117000004,25.415407560000062],[89.62195514800004,25.41328679700007],[89.61973406700008,25.41140215200005],[89.61297669600003,25.411424028000056],[89.61273662200006,25.410220077000076],[89.62562316000003,25.404875767000078],[89.62683939300007,25.405238953000037],[89.62637576800006,25.409491161000062],[89.63122691100006,25.408607691000043],[89.63594204600008,25.40125389700006],[89.64702379700003,25.401866208000058],[89.66811748600009,25.397676598000032],[89.66993820800008,25.400730774000067],[89.67441232900006,25.401164056000027],[89.67763686800004,25.40322731200007],[89.67802818600006,25.406100456000047],[89.68705444800008,25.408470154000042],[89.69228176000007,25.402423922000025],[89.69745988100004,25.403686530000073],[89.70131389900007,25.402160339000034],[89.70150373900003,25.411629296000058],[89.69925781300003,25.418143667000038],[89.69073241800004,25.412488078000024],[89.68794193700006,25.413027965000026],[89.68654129600009,25.415142656000057],[89.69373122400003,25.423323140000036],[89.70033104600003,25.437273721000054],[89.70407838400007,25.449814020000076],[89.70334473000008,25.454424885000037],[89.70620990900005,25.459588772000075]]]}},{"type":"Feature","id":"kurigram-bhurungamari","properties":{"canonical_id":"kurigram-bhurungamari","name_en":"Bhurungamari","name_bn":"ভুরুঙ্গামারী","district_id":"kurigram","division_id":"rangpur","pcode":"BD-F-28-522","parent_pcode":"BD5549","source_name":"Bhurungamari","match_method":"exact_name_or_alias","boundary_reference_year":"2020","boundary_source":"geoBoundaries gbOpen BGD ADM3 / BBS, OCHA ROAP","source_dataset_updated":"2026-08-09"},"geometry":{"type":"MultiPolygon","coordinates":[[[[89.56465503500004,26.06065664600004],[89.55970044600008,26.061994948000063],[89.55551183700004,26.06555899800003],[89.55246520100008,26.06477698300006],[89.55164942600004,26.063061635000054],[89.55222125900008,26.057528212000022],[89.55841367200009,26.050137850000056],[89.56665258800007,26.051236775000064],[89.57002923800007,26.053968760000032],[89.57158870700005,26.052513403000034],[89.57383828100006,26.059501715000067],[89.57284080400007,26.063018658000033],[89.56465503500004,26.06065664600004]]],[[[89.62064337200007,26.068313785000043],[89.61714426500004,26.079978840000024],[89.61149557200008,26.072376532000078],[89.61389748300007,26.06738277100004],[89.61738683400006,26.066971050000063],[89.61738898500005,26.068232395000052],[89.61915573800007,26.067095935000054],[89.62064337200007,26.068313785000043]]],[[[89.70255020200005,26.177155681000045],[89.70269392200004,26.18201674000005],[89.69930675700004,26.18367115500007],[89.69851701800008,26.180047493000075],[89.70255020200005,26.177155681000045]]],[[[89.58585088200005,26.183712756000034],[89.58761637000003,26.18680706200007],[89.58682912800003,26.189480373000038],[89.58317347100007,26.18442118200005],[89.58585088200005,26.183712756000034]]],[[[89.60388943100008,26.192454490000046],[89.60208727100007,26.192638572000078],[89.60214921400006,26.190792200000033],[89.59764290000004,26.19244167200003],[89.59565179900005,26.19091009600004],[89.59522858300005,26.192191103000027],[89.59339362800006,26.19190883500005],[89.58995873300006,26.189349932000027],[89.58789086600007,26.182212368000023],[89.58974127800008,26.182230635000053],[89.59145174200006,26.18453578200007],[89.59269875600006,26.18342755200007],[89.59042454500008,26.180013565000024],[89.58738683000007,26.180319231000055],[89.58686008300003,26.178042271000038],[89.58859246500003,26.175941651000073],[89.59258132800005,26.176905051000062],[89.59670505500009,26.174412086000075],[89.60090997500004,26.176032763000023],[89.60306884700003,26.173404352000034],[89.60356355600004,26.176180054000042],[89.60730769500003,26.175649106000037],[89.60416708400004,26.177392243000043],[89.60523528700008,26.17861981300007],[89.59939941500005,26.180364455000074],[89.60094570900009,26.181793731000027],[89.60347537300004,26.181169215000068],[89.60620879200007,26.18430264400007],[89.60624525700007,26.18685246800004],[89.60452020300005,26.187475858000028],[89.60517663300004,26.192590649000067],[89.60388943100008,26.192454490000046]]],[[[89.62191409900004,26.200424733000034],[89.62124845100004,26.201402124000026],[89.61920068300003,26.200129194000056],[89.61925505900007,26.197163128000057],[89.61606575300004,26.198274317000028],[89.61373943900008,26.196897854000042],[89.61572514200003,26.189598254000032],[89.61164399800003,26.192412423000064],[89.60912015000008,26.191046639000035],[89.61579414000005,26.18887268700007],[89.61871256300003,26.18615690300004],[89.61975504400004,26.187575612000046],[89.61789258100004,26.194194433000064],[89.62302042900006,26.198968798000067],[89.62191409900004,26.200424733000034]]],[[[89.59803952900006,26.197077198000045],[89.59737929500005,26.20033896800004],[89.59415148300008,26.202730062000057],[89.59115201400004,26.200426936000042],[89.59139308100004,26.196868289000065],[89.58926533000005,26.197113364000074],[89.59155828100006,26.194521640000062],[89.59830865900005,26.193206530000054],[89.59803952900006,26.197077198000045]]],[[[89.61064458100003,26.20533609200004],[89.60914032900007,26.203834236000034],[89.61715215800007,26.202449432000037],[89.61674461300004,26.20454320300007],[89.61064458100003,26.20533609200004]]],[[[89.60406144800004,26.12590627800006],[89.60304643500007,26.12672569700004],[89.60422719500008,26.128732831000036],[89.60693951100006,26.12578327700004],[89.60703122000007,26.12342939100006],[89.60348611300003,26.123774039000068],[89.60229208400006,26.122015689000023],[89.60123258800007,26.12353261100003],[89.60530070300007,26.117214742000044],[89.60770692100004,26.118759435000072],[89.60859656800005,26.12292072500003],[89.61234498100004,26.127855621000037],[89.61710152700005,26.120566086000053],[89.62044011800003,26.119834886000035],[89.62251370600006,26.12613742900004],[89.62630291500005,26.128522544000077],[89.62944919100005,26.124247311000033],[89.63028552600008,26.11852370400004],[89.62743331500008,26.11410078700004],[89.61406223000006,26.106897608000054],[89.61062042800006,26.108623953000063],[89.60519375900003,26.106453075000047],[89.60303155200006,26.11173131000004],[89.59785057300007,26.113069405000033],[89.59790724500004,26.11047274400005],[89.60077525200006,26.109134853000057],[89.59555461300005,26.107898223000063],[89.60071432000007,26.107586173000072],[89.59999235800007,26.103547880000065],[89.59684765800006,26.104445200000043],[89.59423231000005,26.103445540000052],[89.59671006600007,26.098023219000027],[89.60421146000004,26.094816536000053],[89.60825030400008,26.08850409200005],[89.61017143400005,26.090075383000055],[89.60943387500004,26.09547907700005],[89.61132124200003,26.096491184000058],[89.61465352900007,26.094583525000075],[89.61724027000008,26.094802111000035],[89.61360537600007,26.10093947400003],[89.61390149800008,26.103700481000033],[89.61607925900006,26.104266935000055],[89.62145688300006,26.100431032000074],[89.62403703500007,26.10801599800004],[89.63014348800004,26.106946899000036],[89.63240341700003,26.101816894000024],[89.63614242000006,26.09950457000008],[89.63206298000006,26.097309297000038],[89.63353827500003,26.09399164900003],[89.63934385800007,26.090969216000076],[89.63919297500007,26.08973309600003],[89.63733502100007,26.08975444400005],[89.63657179600006,26.085743679000075],[89.63562688000007,26.08640351300005],[89.63414055900006,26.084450099000037],[89.63398965800008,26.080107225000063],[89.63671879200007,26.075404409000043],[89.64825637200005,26.068487701000038],[89.64953770100004,26.06303533700003],[89.65200157900006,26.061703433000048],[89.65150030500007,26.06766806400003],[89.64869557500003,26.070599319000053],[89.64972170200008,26.071312904000024],[89.65495259600004,26.066643015000068],[89.65902238200005,26.065444392000074],[89.66013669300008,26.063431127000058],[89.65865710100007,26.061364901000047],[89.66132774000005,26.060901642000033],[89.66682910900005,26.065981829000066],[89.67053478400004,26.066007828000068],[89.66744386300007,26.070778045000054],[89.66980336000006,26.070695984000054],[89.67249277200006,26.07275581600004],[89.67323834800004,26.071941442000025],[89.67091156300006,26.06903139800005],[89.67636364900005,26.062659118000056],[89.66648828400008,26.064092694000067],[89.67004225900007,26.06070284900005],[89.67333718500004,26.060302871000033],[89.67358278400008,26.062655681000024],[89.67577876200005,26.059833182000034],[89.67888394900007,26.05957035800003],[89.67308007300005,26.059287005000044],[89.67164988600007,26.055460218000064],[89.68088089300005,26.05357675700003],[89.68544790200008,26.057887208000068],[89.68694381500006,26.05655913100003],[89.68200861400004,26.050812746000076],[89.67797611700007,26.05292524500004],[89.67633607400006,26.051430536000055],[89.67384456400004,26.05454246100004],[89.67119370300009,26.054255399000056],[89.67228174300004,26.048319667000044],[89.67533964500007,26.049578888000042],[89.67702453700008,26.04860011200003],[89.66957435300003,26.03916463300004],[89.67386282600006,26.04015241700006],[89.67687275700007,26.039126398000064],[89.68014564500004,26.042820093000046],[89.68411306900003,26.039435877000074],[89.69141064500008,26.04807510300003],[89.69897066800007,26.049784143000068],[89.70200620000008,26.045317302000058],[89.70518245600005,26.044066420000036],[89.70653880300006,26.040921730000036],[89.70473143300006,26.034194788000036],[89.71084046000004,26.03452488000005],[89.71373510500007,26.03203615600006],[89.71435086500009,26.035849651000035],[89.71716390100005,26.033118020000074],[89.71287021800003,26.03922386800008],[89.71585776200004,26.04111869700006],[89.71941242600008,26.03983325300004],[89.72335397100005,26.03058302900007],[89.71992814200007,26.029177935000064],[89.71991811400005,26.02695544900007],[89.72129337900003,26.02877197400005],[89.72453578500006,26.02794011000003],[89.73184244000004,26.034411311000042],[89.74109262200005,26.03627421500005],[89.75093618500006,26.034924628000056],[89.75328969300006,26.040474112000027],[89.75858190500009,26.04056827100004],[89.75831882200004,26.05065922500006],[89.76047650300006,26.054968347000056],[89.76526345400003,26.054347508000035],[89.76738885100008,26.051593466000043],[89.76735775400005,26.042183771000055],[89.76252529500005,26.037268194000035],[89.76515493700003,26.031039644000032],[89.76888774900004,26.03118336700004],[89.77381209500004,26.038357275000067],[89.77917396200007,26.04449154300005],[89.78272030900007,26.045269046000044],[89.78444470100004,26.047658847000037],[89.78782124100007,26.047812950000036],[89.78812747400008,26.049845111000025],[89.78465278300007,26.051417081000068],[89.78524517500006,26.056975795000028],[89.79872496200005,26.059663115000035],[89.79722132200004,26.063170658000047],[89.79843322100004,26.065125544000068],[89.79548678000003,26.06466131700006],[89.79605489500005,26.065927558000055],[89.79807505900004,26.065798121000057],[89.79488769200003,26.072980577000067],[89.79652762400008,26.076414440000065],[89.79476010500008,26.077144365000038],[89.79031097500007,26.075529093000057],[89.79496498900005,26.08348640400004],[89.79479237600003,26.087623061000045],[89.79055996900007,26.089394750000054],[89.78506205500008,26.083475434000036],[89.78121971900003,26.083553791000043],[89.78301351300007,26.093674965000048],[89.78596415500004,26.096410949000074],[89.78430686800004,26.098801947000027],[89.78173359200008,26.098300394000034],[89.78331537500009,26.10128058400005],[89.78576324900007,26.101455515000055],[89.78310976500006,26.106090933000075],[89.77842281600005,26.108208150000053],[89.77630563600007,26.105884424000067],[89.76988723500006,26.10461646300007],[89.76826196000007,26.108011333000036],[89.76497133900006,26.10963526000006],[89.75798085000008,26.10798832300003],[89.75634421600006,26.109118828000078],[89.75534886000008,26.11382886000007],[89.75778929600006,26.11509736000005],[89.76530798700009,26.12512484900003],[89.76641510700006,26.130807925000056],[89.76306200700003,26.137161949000074],[89.75412031600007,26.14030554800007],[89.75308563000004,26.148484432000032],[89.74661843200005,26.158101197000065],[89.74355276400007,26.15938107200003],[89.73740966100007,26.159213383000065],[89.73455370800008,26.157774544000063],[89.72036240200003,26.15639882800008],[89.71930871600006,26.166407029000027],[89.71696560500004,26.165372510000054],[89.71664349500008,26.16836403600007],[89.71447630300008,26.168857654000078],[89.71115231100003,26.164808400000027],[89.70989158100008,26.156309409000073],[89.70131142400004,26.15185716600007],[89.69718639100006,26.158557340000073],[89.67425294500003,26.16704644400005],[89.68547717900003,26.170148480000023],[89.69780355500006,26.17001080500006],[89.70198649700006,26.174063129000047],[89.69396741700007,26.17563325900005],[89.69174330000004,26.177635577000046],[89.68350826400007,26.18947185600007],[89.68120464300006,26.197876462000067],[89.67806605600003,26.197662507000075],[89.67344408100007,26.205783350000047],[89.67838595400008,26.210278948000052],[89.68558200900009,26.207001761000072],[89.68708196500006,26.20979704000007],[89.69142115200003,26.211761099000057],[89.69164538600006,26.213572484000053],[89.68503696300007,26.208744684000067],[89.67965398700005,26.214088159000028],[89.67897440700006,26.224189163000062],[89.68419784400004,26.220204349000028],[89.68938591700004,26.22136879900006],[89.68882564900008,26.22281218200004],[89.68481280100008,26.22263009200003],[89.68360948700007,26.223861140000054],[89.68745887300008,26.22661662200005],[89.68567532100008,26.226654721000045],[89.68655690800006,26.229299343000037],[89.68567545300004,26.231012416000056],[89.68348396900006,26.22747296800003],[89.68179593500008,26.227757662000045],[89.67870818000006,26.238330682000026],[89.67223000300004,26.22911517800003],[89.67184059900006,26.219950621000066],[89.66475904500004,26.22121861200003],[89.66449652500006,26.21985214500006],[89.65549968100004,26.219160591000048],[89.65502329700007,26.22052916800004],[89.65040311400008,26.22107774600005],[89.64561943200005,26.225675661000025],[89.64102886000006,26.226122175000057],[89.63751344900004,26.230409432000044],[89.63379926900006,26.23034584000004],[89.63482051200003,26.223490680000054],[89.63314889600008,26.220646462000047],[89.63587722600005,26.218928755000036],[89.63213502100007,26.211975506000044],[89.63833409500006,26.211088275000066],[89.63918537900008,26.207704328000034],[89.63792429400007,26.204804995000075],[89.63963244600006,26.20277040600007],[89.63941938400006,26.19983314500007],[89.64179356600005,26.19897876500005],[89.64407277600003,26.195032423000043],[89.64639569600007,26.195125908000023],[89.64994160500004,26.190297171000054],[89.64761790000006,26.189352176000057],[89.64744149300003,26.187778432000073],[89.64550618500004,26.188595389000056],[89.64737468500005,26.185289262000026],[89.64235786400008,26.18538110000003],[89.63798360500004,26.186865514000033],[89.63786048500003,26.18979641800007],[89.63509483900003,26.190292276000037],[89.63596362800007,26.193761610000024],[89.63351394300008,26.194895726000027],[89.63413643200005,26.195685722000064],[89.63010969500004,26.19587254000004],[89.62848080200007,26.191936717000033],[89.63280279400004,26.190376469000057],[89.62760525800007,26.18942060300003],[89.62769865500007,26.18405671100004],[89.62915945400005,26.18211367400005],[89.63227772400006,26.181190298000047],[89.63301345300005,26.182787998000038],[89.63324961600006,26.180543131000036],[89.63903526300004,26.178719148000027],[89.64023262200004,26.182343726000056],[89.64364956700007,26.182891848000054],[89.64977911700004,26.179837243000065],[89.65544179700004,26.18152636900004],[89.65583085200007,26.178810763000058],[89.65862414500003,26.176535028000046],[89.65462497000004,26.172845878000032],[89.65508164200008,26.17048414900006],[89.65126017800009,26.171003252000048],[89.65018800600006,26.16992769700005],[89.64923797400007,26.164532181000027],[89.64603070400005,26.16455192600006],[89.63837248300007,26.166965925000056],[89.63781841300005,26.172222134000037],[89.63207665500005,26.171985095000025],[89.63185291000008,26.173719709000068],[89.63730064300006,26.176298015000043],[89.63699334400008,26.178913484000077],[89.63267469400006,26.17950243100006],[89.63212162600007,26.180840276000026],[89.62557900100006,26.17635812700007],[89.62391648700003,26.171209419000036],[89.62166205900007,26.173523043000046],[89.62327664000009,26.174383160000048],[89.62383940300003,26.179216977000067],[89.61476386200007,26.17866831300006],[89.61518589100007,26.176548283000045],[89.61326459800006,26.176705664000053],[89.61277555400005,26.177990623000028],[89.60925798700003,26.178660370000046],[89.61013069800003,26.18041037100005],[89.60871480600008,26.18068444800008],[89.60738622500008,26.179236984000056],[89.60822891400005,26.176440484000068],[89.61509154900006,26.175978386000054],[89.61532209900008,26.173118026000054],[89.61091528100008,26.17444736400006],[89.61117125600003,26.168703567000023],[89.61277518300005,26.167468461000055],[89.61800439900009,26.169250953000073],[89.61970539100008,26.168188022000038],[89.61729896500003,26.166311268000072],[89.61356799200007,26.166173662000062],[89.61343475300004,26.16213762900003],[89.61008605500007,26.161948127000073],[89.61006491200004,26.159649458000047],[89.60814311800004,26.158895278000045],[89.61129846800009,26.15774529500004],[89.61028559400006,26.153948093000054],[89.60693056200006,26.15449694700004],[89.60797873000007,26.15843267200006],[89.60597677600003,26.157773073000044],[89.60537733400008,26.15914725300007],[89.60431312200006,26.158532518000072],[89.60530303400003,26.156905265000034],[89.60375797100005,26.15658742200003],[89.60121265500004,26.15788282500006],[89.59982950700004,26.160956594000027],[89.59476372400007,26.160478562000037],[89.59108655500006,26.15732067400006],[89.59598929500004,26.156462847000057],[89.59785316500006,26.154007110000066],[89.59834180600006,26.150530613000058],[89.59657981800007,26.149993769000048],[89.59737977300006,26.144295876000058],[89.59554445200007,26.140000618000045],[89.59818112600004,26.13909366300004],[89.59810754900008,26.13734709700003],[89.59649821400006,26.135300999000037],[89.60235472500005,26.126805472000058],[89.60406144800004,26.12590627800006]]]]}},{"type":"Feature","id":"kurigram-charrajibpur","properties":{"canonical_id":"kurigram-charrajibpur","name_en":"Charrajibpur","name_bn":"চর রাজিবপুর","district_id":"kurigram","division_id":"rangpur","pcode":"BD-F-28-528","parent_pcode":"BD5549","source_name":"Charrajibpur","match_method":"exact_name_or_alias","boundary_reference_year":"2020","boundary_source":"geoBoundaries gbOpen BGD ADM3 / BBS, OCHA ROAP","source_dataset_updated":"2026-08-09"},"geometry":{"type":"Polygon","coordinates":[[[89.786066,25.514341794000075],[89.78224647100006,25.513273394000066],[89.78062441300006,25.51580967500007],[89.76942883100008,25.51666788500006],[89.76155114500006,25.521932467000056],[89.75269994800004,25.515787799000066],[89.74871026700004,25.514412896000067],[89.74583579200004,25.515589239000064],[89.73958812900008,25.508433471000046],[89.74614122500003,25.506846004000067],[89.74597385900006,25.502885280000044],[89.74797441500004,25.50013330300004],[89.74311308000006,25.497885303000032],[89.74629005800006,25.495653528000048],[89.74579372300008,25.491401560000043],[89.74772975100007,25.49072535600004],[89.75432994300007,25.49282373500006],[89.75932246900004,25.48556639800006],[89.75799805900004,25.483189192000054],[89.75214343900006,25.479789021000045],[89.74960725500006,25.480616088000033],[89.74777636100004,25.47956484900004],[89.74954987300003,25.47574853800006],[89.74481886200005,25.46832011400005],[89.74763247900006,25.463890983000056],[89.74058761000003,25.465119274000074],[89.73876755900005,25.45760602400003],[89.73689644700005,25.456097967000062],[89.73110999200009,25.45980806800003],[89.72251036900008,25.455995854000037],[89.72499047600007,25.453707327000075],[89.72257253100008,25.45084517500004],[89.71510478600004,25.45103462900005],[89.71399571800004,25.456048373000044],[89.71149203000004,25.456124749000026],[89.71132368600007,25.457634212000073],[89.70620990900005,25.459588772000075],[89.70334473000008,25.454424885000037],[89.70407838400007,25.449814020000076],[89.70033104600003,25.437273721000054],[89.69373122400003,25.423323140000036],[89.68654129600009,25.415142656000057],[89.68794193700006,25.413027965000026],[89.69073241800004,25.412488078000024],[89.69925781300003,25.418143667000038],[89.70150373900003,25.411629296000058],[89.70131389900007,25.402160339000034],[89.69449292400003,25.399010452000027],[89.70106316400006,25.39005261400007],[89.70571742800007,25.393210859000078],[89.70714826900007,25.39159667000007],[89.70966754400007,25.391850571000077],[89.71970097000008,25.394469155000024],[89.72960053400004,25.39503404100003],[89.73619736100005,25.398141828000064],[89.73926149200008,25.397956522000072],[89.73907260100003,25.38913721700004],[89.74651376800006,25.38867781400006],[89.74778284500007,25.387332736000076],[89.74133148000004,25.37265464400008],[89.74441599000005,25.373989797000036],[89.74869243300003,25.37909552700006],[89.77049100500005,25.381506767000076],[89.77754528800006,25.384533275000024],[89.78027194400005,25.387958860000026],[89.78418897100005,25.406918838000024],[89.78407220200006,25.41299345300007],[89.78105972600008,25.417263864000063],[89.78060180800009,25.415140423000025],[89.78246336700005,25.412748383000064],[89.77852473000007,25.416395386000033],[89.77501813900005,25.41466747100003],[89.77157595300008,25.415256491000036],[89.77439386300006,25.423354523000057],[89.77335259800003,25.426467914000057],[89.76763795900007,25.427756009000063],[89.76692355200004,25.43273976300003],[89.78648757600007,25.428481091000037],[89.79018639800006,25.424333468000043],[89.79933834700006,25.419783532000054],[89.81822248400005,25.414832790000048],[89.82205990000006,25.417700194000076],[89.82160998300003,25.415562213000044],[89.82562005100004,25.415218647000074],[89.83457957700006,25.442363967000063],[89.83120608400009,25.45511123600005],[89.82745238500007,25.462526621000052],[89.82901859400005,25.47410846100007],[89.82142481900007,25.478967449000038],[89.81897196300008,25.48592868700007],[89.81183841400008,25.484229309000057],[89.81118553700009,25.468474109000056],[89.80787642600006,25.470150628000056],[89.79515401500004,25.471839634000048],[89.79580172800007,25.47930089500005],[89.79297538700007,25.486889923000035],[89.79310502400006,25.492529670000067],[89.78845544600006,25.50327894700007],[89.786066,25.514341794000075]]]}},{"type":"Feature","id":"kurigram-chilmari","properties":{"canonical_id":"kurigram-chilmari","name_en":"Chilmari","name_bn":"চিলমারী","district_id":"kurigram","division_id":"rangpur","pcode":"BD-F-28-526","parent_pcode":"BD5549","source_name":"Chilmari","match_method":"exact_name_or_alias","boundary_reference_year":"2020","boundary_source":"geoBoundaries gbOpen BGD ADM3 / BBS, OCHA ROAP","source_dataset_updated":"2026-08-09"},"geometry":{"type":"Polygon","coordinates":[[[89.786066,25.514341794000075],[89.78895021000005,25.517853758000058],[89.78662706400007,25.52856845100007],[89.78940083100008,25.538351901000055],[89.79975163500006,25.542723617000036],[89.80232613100009,25.546059919000072],[89.80205088800005,25.54981396000005],[89.80097104100008,25.55212203600007],[89.78287405700007,25.556284189000053],[89.77876082000006,25.558761966000077],[89.79665311300005,25.59689289800008],[89.79786087300005,25.60597801700004],[89.78961453900007,25.616848553000068],[89.78776533800004,25.621798471000034],[89.77995956700005,25.627453476000028],[89.78117168300008,25.635663883000063],[89.77494139500004,25.643713992000073],[89.76564886800008,25.643282855000052],[89.76431341000006,25.641159707000043],[89.74510478000008,25.62941793600004],[89.74406733300003,25.62821395800006],[89.74541563400004,25.621398406000026],[89.74423305900007,25.620116290000055],[89.74115808400006,25.62546191900003],[89.73429691800004,25.628973692000045],[89.72506405600006,25.63826405100008],[89.71666100900006,25.649934338000037],[89.71841023400003,25.653997403000062],[89.70753284100005,25.657203219000053],[89.70160085800006,25.662070389000064],[89.68482624500007,25.658904456000073],[89.68193055200004,25.654800691000048],[89.68370496700004,25.654204597000046],[89.68221912600006,25.65070608800005],[89.67442918100005,25.646753985000032],[89.67654349700007,25.643726767000032],[89.67578007300006,25.642020607000063],[89.66902573000004,25.64200602300008],[89.66756295300007,25.63679561300006],[89.65998811300005,25.63838895600003],[89.65839172100004,25.642215763000024],[89.65476818800005,25.642353420000063],[89.65303068800006,25.639670699000078],[89.65506249000003,25.63733441200003],[89.65404809700004,25.63403991100006],[89.65992377400005,25.63043989700003],[89.65591517200005,25.629399931000023],[89.65227458800007,25.624916804000065],[89.64903569700004,25.61055991300003],[89.64572825700003,25.610744959000044],[89.63734690900009,25.603534592000074],[89.64422860700006,25.59784602900004],[89.64578216200005,25.598049031000073],[89.64664161800005,25.60168073500006],[89.65138051700006,25.601666712000053],[89.65370176100004,25.595543457000076],[89.64830505300006,25.58529300400005],[89.64026283100009,25.584977141000024],[89.63980199400004,25.582064854000066],[89.63170747300006,25.577056570000025],[89.63251603900005,25.573628201000076],[89.62844234800008,25.56926641800004],[89.63024968700006,25.564914415000032],[89.62812273800006,25.561937476000026],[89.63430557600003,25.559845591000055],[89.64579974100008,25.54712973200003],[89.65826408000004,25.542651487000057],[89.66748512200007,25.535800005000056],[89.67456567200009,25.534902139000053],[89.69135206500005,25.537795466000034],[89.69773431400006,25.533650825000052],[89.69790173500007,25.531258671000046],[89.69327174600005,25.530259655000066],[89.69227272000006,25.525015393000047],[89.68350606100006,25.522416838000026],[89.68135074800006,25.51653222400006],[89.68316290800004,25.511558681000054],[89.69599148000003,25.503435289000038],[89.69830479600006,25.49618577500007],[89.69386990400005,25.492470138000044],[89.67434663400007,25.492735693000043],[89.67064624600005,25.49010125700005],[89.67016276100009,25.486566999000047],[89.68495323700006,25.474472123000055],[89.68273958500004,25.46622928000005],[89.68513556500005,25.465458944000034],[89.68650857700004,25.467166391000035],[89.69561830100008,25.46739552400004],[89.69642942600007,25.470216980000032],[89.70488834500009,25.469333439000025],[89.70683378100006,25.466901920000055],[89.70620990900005,25.459588772000075],[89.71132368600007,25.457634212000073],[89.71149203000004,25.456124749000026],[89.71399571800004,25.456048373000044],[89.71510478600004,25.45103462900005],[89.72257253100008,25.45084517500004],[89.72499047600007,25.453707327000075],[89.72251036900008,25.455995854000037],[89.73110999200009,25.45980806800003],[89.73689644700005,25.456097967000062],[89.73876755900005,25.45760602400003],[89.74058761000003,25.465119274000074],[89.74763247900006,25.463890983000056],[89.74481886200005,25.46832011400005],[89.74954987300003,25.47574853800006],[89.74777636100004,25.47956484900004],[89.74960725500006,25.480616088000033],[89.75214343900006,25.479789021000045],[89.75799805900004,25.483189192000054],[89.75932246900004,25.48556639800006],[89.75432994300007,25.49282373500006],[89.74772975100007,25.49072535600004],[89.74579372300008,25.491401560000043],[89.74629005800006,25.495653528000048],[89.74311308000006,25.497885303000032],[89.74797441500004,25.50013330300004],[89.74597385900006,25.502885280000044],[89.74614122500003,25.506846004000067],[89.73958812900008,25.508433471000046],[89.74583579200004,25.515589239000064],[89.74871026700004,25.514412896000067],[89.75269994800004,25.515787799000066],[89.76155114500006,25.521932467000056],[89.76942883100008,25.51666788500006],[89.78062441300006,25.51580967500007],[89.78224647100006,25.513273394000066],[89.786066,25.514341794000075]]]}},{"type":"Feature","id":"kurigram-kurigram-sadar","properties":{"canonical_id":"kurigram-kurigram-sadar","name_en":"Kurigram Sadar","name_bn":"কুড়িগ্রাম সদর","district_id":"kurigram","division_id":"rangpur","pcode":"BD-F-28-520","parent_pcode":"BD5549","source_name":"Kurigram Sadar","match_method":"exact_name_or_alias","boundary_reference_year":"2020","boundary_source":"geoBoundaries gbOpen BGD ADM3 / BBS, OCHA ROAP","source_dataset_updated":"2026-08-09"},"geometry":{"type":"Polygon","coordinates":[[[89.83410270400003,25.85412371700005],[89.82430147200006,25.852571651000062],[89.80547890500009,25.855576685000074],[89.79867798000004,25.85361296800005],[89.78694212700003,25.845122056000037],[89.78250662200008,25.849242231000062],[89.75661455100004,25.845783264000033],[89.75457385800007,25.853607770000053],[89.75070470000009,25.854680838000036],[89.74966250200004,25.85789656600008],[89.74631450200008,25.858592841000075],[89.74645280100003,25.86130830600007],[89.73674229300008,25.863157985000043],[89.73659259500005,25.868498982000062],[89.73348387200008,25.866926031000048],[89.73306261300007,25.87311534500003],[89.72718680200006,25.872892214000046],[89.72695285700007,25.879812721000064],[89.71838838800005,25.881841086000065],[89.71273032700003,25.88054434700007],[89.70407132300005,25.883339228000068],[89.70009949300004,25.88312564000006],[89.69946719500007,25.88755241700005],[89.70204354400005,25.891583414000024],[89.70360473500006,25.890799875000027],[89.70770521800006,25.892718039000044],[89.70616402800005,25.897393588000057],[89.69811468100005,25.895712154000023],[89.70044128800004,25.891077821000067],[89.69805848500005,25.891681277000032],[89.69676121100008,25.889642872000024],[89.69430710200004,25.889108340000064],[89.69859282000004,25.887164006000035],[89.69534049800006,25.885274459000073],[89.69758721300008,25.88073594100007],[89.69189939200004,25.88080016500004],[89.69047027600004,25.878208337000046],[89.68155454100008,25.87622219900004],[89.67371747100003,25.886484868000025],[89.67724968500005,25.890071463000027],[89.68236888800004,25.892119587000025],[89.68810432700008,25.89088081500006],[89.69020693400006,25.894252940000058],[89.68567056100005,25.89833658200007],[89.68156901800006,25.897108589000027],[89.68285251200007,25.904933612000036],[89.67683088400008,25.90787762900004],[89.67622242700008,25.91245953600003],[89.67373133200005,25.91184894500003],[89.67069133100006,25.906437081000036],[89.66819925300007,25.906902651000053],[89.67082608800007,25.915665431000036],[89.66912133500006,25.91682302600003],[89.66499134900005,25.917657276000057],[89.66458347000008,25.91270905400006],[89.65932777700004,25.91105335000003],[89.65862042300006,25.89988784600007],[89.65208793500005,25.903289030000053],[89.64649280800006,25.900778718000026],[89.64578589500007,25.89793481600003],[89.64178475000006,25.89614891100007],[89.63981786300008,25.892394918000036],[89.63512232600004,25.890074336000055],[89.63684018600009,25.887978617000044],[89.64345745500003,25.890069664000066],[89.64743835700006,25.886637849000067],[89.64732591400008,25.885214227000063],[89.64452288400008,25.88494382300007],[89.63338476200005,25.878125574000023],[89.62114485000006,25.876532516000054],[89.61427012700005,25.873967957000048],[89.61219281700005,25.876803470000027],[89.61351433700008,25.882114917000024],[89.61158630500006,25.88809154300003],[89.61792254600005,25.896809846000053],[89.61763036800005,25.903732775000037],[89.61430600100005,25.905840359000024],[89.61077121200003,25.905097798000043],[89.60547397000005,25.89647232300007],[89.60273133500004,25.88696591300004],[89.59998209000008,25.883344691000048],[89.59443307700008,25.880265879000035],[89.59382897000006,25.877403392000076],[89.58343583200008,25.868297145000042],[89.58492548300006,25.86160626700007],[89.58787878400005,25.861243324000043],[89.58817445500006,25.859083180000027],[89.58215112000005,25.854981042000077],[89.58393503600007,25.852840984000068],[89.58096444100005,25.851176572000043],[89.58283299000004,25.848814971000024],[89.58043445400006,25.849446932000035],[89.58173711700005,25.845536761000062],[89.57864547300005,25.84570786000006],[89.57346460900004,25.851220769000065],[89.57105183700008,25.84920223900008],[89.57300125300009,25.843471133000037],[89.58036646600004,25.838576339000042],[89.57625575400004,25.833284124000045],[89.57457013600003,25.826987555000073],[89.58502303100005,25.824445359000038],[89.58369861400007,25.815684158000067],[89.57962098700006,25.815592845000026],[89.58407837900006,25.813890529000048],[89.58518666800006,25.811931361000063],[89.58357266800004,25.809707054000057],[89.58849847600004,25.807966434000036],[89.59037240200007,25.805790974000047],[89.59399700400007,25.80754280700006],[89.59896708300005,25.804433337000034],[89.59875490700006,25.79023131100007],[89.59406975600007,25.785176721000028],[89.59543663800008,25.77990415100004],[89.60116990800003,25.776834516000065],[89.61105880800005,25.780669717000023],[89.61386733300003,25.77730389900006],[89.61088535400006,25.77689693900004],[89.61067840000004,25.774988782000037],[89.61178215000007,25.773794679000048],[89.61488530000008,25.774584590000075],[89.61579769800005,25.76805034700004],[89.61891109500004,25.766081506000035],[89.61666291500006,25.765402295000058],[89.61618142100008,25.763662168000053],[89.61762302400007,25.761916944000063],[89.62045115300003,25.762282163000066],[89.62449101400006,25.767769961000056],[89.62841646200008,25.76648139300005],[89.63620610900006,25.767251698000052],[89.63692824500004,25.76497904100006],[89.63216111400004,25.765888145000076],[89.62885716100004,25.763964248000036],[89.63077967700008,25.759116580000068],[89.63615045700004,25.76158460000005],[89.64004423900008,25.760251614000026],[89.64167897600004,25.76359171000007],[89.64449980800003,25.762993609000034],[89.64546550100005,25.760705135000023],[89.64867479100008,25.762877888000048],[89.65060676100006,25.761440539000034],[89.65094007900007,25.75594142800003],[89.65274455600007,25.75425710600007],[89.65547000800007,25.75551764100004],[89.66165626000009,25.75416746800005],[89.66323557800007,25.75049473200005],[89.66980484200008,25.747870714000044],[89.67156097100008,25.749464557000067],[89.67578103500006,25.749663646000045],[89.67738362400007,25.75311220800006],[89.68453392200007,25.753180362000023],[89.68550299100008,25.758162586000026],[89.68753020000008,25.75859644800005],[89.68631547900009,25.76820811500005],[89.68842478200008,25.774626296000065],[89.69989719100005,25.779076300000042],[89.70077438600003,25.781133589000035],[89.71094301200009,25.78203458300004],[89.71716482800008,25.784281770000064],[89.72646777700004,25.782549404000065],[89.72875492700007,25.780768539000064],[89.72902581800008,25.77690978700008],[89.73406901300007,25.774236006000024],[89.74151429500006,25.777434244000062],[89.74175636200005,25.773450119000074],[89.74472732300006,25.770592235000038],[89.75259958300006,25.77066452500003],[89.76078177100004,25.767252946000042],[89.76868711100008,25.769768775000045],[89.77260376000004,25.767589644000054],[89.77916027500004,25.76822564400004],[89.79220084200006,25.773291587000074],[89.79217800600009,25.77852849100003],[89.80067625700008,25.78631592000005],[89.80143407900005,25.79318947200005],[89.80915421500004,25.801822474000062],[89.81090350900007,25.80095278400006],[89.81362327100004,25.816379211000026],[89.81721972600008,25.816889314000036],[89.82570661000005,25.82880848900004],[89.82717160900006,25.833043307000025],[89.83522753300008,25.84082752300003],[89.83410270400003,25.85412371700005]]]}},{"type":"Feature","id":"kurigram-nageshwari","properties":{"canonical_id":"kurigram-nageshwari","name_en":"Nageshwari","name_bn":"নাগেশ্বরী","district_id":"kurigram","division_id":"rangpur","pcode":"BD-F-28-521","parent_pcode":"BD5549","source_name":"Nageshwari","match_method":"exact_name_or_alias","boundary_reference_year":"2020","boundary_source":"geoBoundaries gbOpen BGD ADM3 / BBS, OCHA ROAP","source_dataset_updated":"2026-08-09"},"geometry":{"type":"Polygon","coordinates":[[[89.64953770100004,26.06303533700003],[89.64902868800004,26.061453162000078],[89.64365049900005,26.063120257000037],[89.63478997800007,26.061056029000042],[89.63172052000004,26.063028819000067],[89.62802336200008,26.061135636000074],[89.62742086200006,26.057560176000038],[89.61934890200007,26.053519187000063],[89.61719460000006,26.054378093000025],[89.61611296600006,26.05692652700003],[89.61772546300006,26.060225295000066],[89.610154,26.060060992000047],[89.60808802000008,26.06490512700003],[89.60627563200006,26.06457550700003],[89.60498710400003,26.063291313000036],[89.60540600100006,26.060203486000034],[89.60797603900005,26.057825755000067],[89.61307253800004,26.05664368500004],[89.61321602700008,26.05362916300004],[89.61123842600006,26.05115924200004],[89.60427034400004,26.048899535000032],[89.59827701200004,26.044456412000045],[89.59218579400005,26.044912200000056],[89.59372883100008,26.041222530000027],[89.59657582400007,26.041495358000077],[89.59768175700003,26.04027432600003],[89.59765881300007,26.037946565000027],[89.59503616900008,26.03532180600007],[89.59139731000005,26.03570449600005],[89.59033161500008,26.038339877000055],[89.58762363700004,26.038794753000047],[89.58932767100004,26.038257887000043],[89.58987405500005,26.034734455000034],[89.59301849700006,26.033001169000045],[89.59749724500006,26.03453692000005],[89.59945105600008,26.033224569000026],[89.60613785400005,26.033832706000055],[89.60611965700008,26.030115782000053],[89.60963917200007,26.026397730000042],[89.61121411900007,26.02813625500005],[89.61424708000004,26.02663133300007],[89.61224749700006,26.02114152200005],[89.61379706000008,26.019652936000057],[89.61223677200007,26.01718137100005],[89.61427937100007,26.015702001000022],[89.61517479300005,26.002172676000043],[89.62050638200003,25.992440775000034],[89.61710797400008,25.985899309000047],[89.61444120400006,25.98459419200003],[89.61638377100007,25.981044988000065],[89.62009548100008,25.982145133000074],[89.62020365500007,25.977628242000037],[89.62288729100004,25.977238512000042],[89.62467886500008,25.974816400000066],[89.62711441000005,25.97615290300007],[89.63096374400004,25.972953224000037],[89.62987630900005,25.96899367900005],[89.61853731100007,25.970126836000077],[89.61716439700007,25.968089237000072],[89.61824657100004,25.964742022000053],[89.62243350200004,25.965459588000044],[89.62389501700005,25.960660636000057],[89.62600835300003,25.95915756000005],[89.62446818800004,25.95621548300005],[89.62680270800007,25.951951518000044],[89.63199787100007,25.945296246000055],[89.63662051300008,25.94276713200003],[89.63795707900005,25.939354921000074],[89.64595005200005,25.938768544000027],[89.64586674300006,25.937196007000068],[89.64160396500006,25.935937143000046],[89.64379576400006,25.931677610000065],[89.64559213500007,25.93384750000007],[89.64726033200003,25.933597605000045],[89.65664505300003,25.92612136400004],[89.64943503000006,25.924170571000047],[89.65140534300008,25.91780753300003],[89.64203519400007,25.915713457000038],[89.63816414300004,25.912530391000075],[89.63738910900008,25.910070056000052],[89.64250427600007,25.90998963900006],[89.64517750100003,25.907537241000057],[89.64649280800006,25.900778718000026],[89.65208793500005,25.903289030000053],[89.65862042300006,25.89988784600007],[89.65932777700004,25.91105335000003],[89.66458347000008,25.91270905400006],[89.66499134900005,25.917657276000057],[89.66912133500006,25.91682302600003],[89.67082608800007,25.915665431000036],[89.66819925300007,25.906902651000053],[89.67069133100006,25.906437081000036],[89.67373133200005,25.91184894500003],[89.67622242700008,25.91245953600003],[89.67683088400008,25.90787762900004],[89.68285251200007,25.904933612000036],[89.68156901800006,25.897108589000027],[89.68567056100005,25.89833658200007],[89.69020693400006,25.894252940000058],[89.68810432700008,25.89088081500006],[89.68236888800004,25.892119587000025],[89.67724968500005,25.890071463000027],[89.67371747100003,25.886484868000025],[89.68155454100008,25.87622219900004],[89.69047027600004,25.878208337000046],[89.69189939200004,25.88080016500004],[89.69758721300008,25.88073594100007],[89.69534049800006,25.885274459000073],[89.69859282000004,25.887164006000035],[89.69430710200004,25.889108340000064],[89.69676121100008,25.889642872000024],[89.69805848500005,25.891681277000032],[89.70044128800004,25.891077821000067],[89.69811468100005,25.895712154000023],[89.70616402800005,25.897393588000057],[89.70770521800006,25.892718039000044],[89.70360473500006,25.890799875000027],[89.70204354400005,25.891583414000024],[89.69946719500007,25.88755241700005],[89.70009949300004,25.88312564000006],[89.70407132300005,25.883339228000068],[89.71273032700003,25.88054434700007],[89.71838838800005,25.881841086000065],[89.72695285700007,25.879812721000064],[89.72718680200006,25.872892214000046],[89.73306261300007,25.87311534500003],[89.73348387200008,25.866926031000048],[89.73659259500005,25.868498982000062],[89.73674229300008,25.863157985000043],[89.74645280100003,25.86130830600007],[89.74631450200008,25.858592841000075],[89.74966250200004,25.85789656600008],[89.75070470000009,25.854680838000036],[89.75457385800007,25.853607770000053],[89.75661455100004,25.845783264000033],[89.78250662200008,25.849242231000062],[89.78694212700003,25.845122056000037],[89.79867798000004,25.85361296800005],[89.80547890500009,25.855576685000074],[89.82430147200006,25.852571651000062],[89.83410270400003,25.85412371700005],[89.83557599000005,25.860488356000076],[89.83250586100007,25.870712989000026],[89.84873387600004,25.88793414400004],[89.84819738900006,25.89210997500004],[89.85678841600009,25.89978264900003],[89.86074531200006,25.907430069000043],[89.86172559900007,25.90693555100006],[89.87852971800004,25.924335167000038],[89.87793496100005,25.926697408000052],[89.87986442300007,25.931797860000074],[89.88700592900005,25.94532507300005],[89.87692508400005,25.94698949700006],[89.86378077100005,25.943978021000078],[89.84941630900005,25.943089145000044],[89.84500533100004,25.940112748000047],[89.84266767400004,25.940114661000052],[89.83910195000004,25.941172582000036],[89.84227234100007,25.944389967000063],[89.825349,25.945571096000037],[89.82562876400004,25.951626132000058],[89.83099947800008,25.955214668000053],[89.84928774300005,25.94920503700007],[89.84443371300006,25.954867399000022],[89.84713893000009,25.956818353000074],[89.84303402800003,25.963971440000023],[89.83805216800005,25.96814399300007],[89.84550019900007,25.97136679600004],[89.85801554300008,25.969042976000026],[89.87175843900008,25.974163331000057],[89.87319813900007,25.975862821000078],[89.87066366100004,25.98145082800005],[89.86712919800004,25.979442979000055],[89.86702775200007,25.98264964400005],[89.85023152300005,25.99019918600004],[89.84722233900004,25.99685614300006],[89.84761363800004,26.000779093000062],[89.84383194300005,26.00650239600003],[89.83580171600005,26.012667660000034],[89.83104022500004,26.009940442000072],[89.83086717200007,26.001967759000024],[89.83324577600007,25.99564703300007],[89.83315626600006,25.990726468000048],[89.83657367200004,25.986680272000058],[89.83589156500005,25.982534607000048],[89.82415169400008,25.985045373000048],[89.82015492900007,25.987741623000034],[89.81480905100005,25.997947169000042],[89.81854967900006,25.99595068900004],[89.82041921100006,25.998036530000036],[89.81912184700008,26.004220313000076],[89.82194152100004,26.01003906400007],[89.81888959800006,26.015692897000065],[89.81613887600008,26.017075285000033],[89.81529946100005,26.020311021000055],[89.81922141800004,26.025914963000048],[89.81400418800007,26.031511720000026],[89.81170606000006,26.040310473000034],[89.80861276300004,26.043422079000038],[89.80558859400008,26.044570629000077],[89.80198798600009,26.031795173000035],[89.79765673400004,26.024624586000073],[89.79434213800005,26.022999322000032],[89.79531663900008,26.02191298300005],[89.79056789600008,26.017897031000075],[89.78838167200007,26.018822002000036],[89.78760281100006,26.02136382200007],[89.79151596500003,26.02096015400008],[89.79381519000003,26.022635093000076],[89.79366429800007,26.028224355000077],[89.79781411800008,26.03095766900003],[89.79927961100003,26.03532340000004],[89.80224791700005,26.038325959000076],[89.80177142600007,26.040353349000043],[89.79349319200008,26.042364116000044],[89.79230432700007,26.040652451000028],[89.79298822200008,26.035999054000058],[89.79058637000009,26.034375153000042],[89.78771199700003,26.035935215000052],[89.78942636700003,26.03969950100003],[89.78808454000006,26.04033953900006],[89.77982655300008,26.04051372600003],[89.77651322800006,26.035016488000053],[89.77381209500004,26.038357275000067],[89.76888774900004,26.03118336700004],[89.76515493700003,26.031039644000032],[89.76252529500005,26.037268194000035],[89.76735775400005,26.042183771000055],[89.76738885100008,26.051593466000043],[89.76526345400003,26.054347508000035],[89.76047650300006,26.054968347000056],[89.75831882200004,26.05065922500006],[89.75858190500009,26.04056827100004],[89.75328969300006,26.040474112000027],[89.75093618500006,26.034924628000056],[89.74109262200005,26.03627421500005],[89.73184244000004,26.034411311000042],[89.72453578500006,26.02794011000003],[89.72129337900003,26.02877197400005],[89.71991811400005,26.02695544900007],[89.71992814200007,26.029177935000064],[89.72335397100005,26.03058302900007],[89.71941242600008,26.03983325300004],[89.71585776200004,26.04111869700006],[89.71287021800003,26.03922386800008],[89.71716390100005,26.033118020000074],[89.71435086500009,26.035849651000035],[89.71373510500007,26.03203615600006],[89.71084046000004,26.03452488000005],[89.70473143300006,26.034194788000036],[89.70653880300006,26.040921730000036],[89.70518245600005,26.044066420000036],[89.70200620000008,26.045317302000058],[89.69897066800007,26.049784143000068],[89.69141064500008,26.04807510300003],[89.68411306900003,26.039435877000074],[89.68014564500004,26.042820093000046],[89.67687275700007,26.039126398000064],[89.67386282600006,26.04015241700006],[89.66957435300003,26.03916463300004],[89.67702453700008,26.04860011200003],[89.67533964500007,26.049578888000042],[89.67228174300004,26.048319667000044],[89.67119370300009,26.054255399000056],[89.67384456400004,26.05454246100004],[89.67633607400006,26.051430536000055],[89.67797611700007,26.05292524500004],[89.68200861400004,26.050812746000076],[89.68694381500006,26.05655913100003],[89.68544790200008,26.057887208000068],[89.68088089300005,26.05357675700003],[89.67164988600007,26.055460218000064],[89.67308007300005,26.059287005000044],[89.67888394900007,26.05957035800003],[89.67577876200005,26.059833182000034],[89.67358278400008,26.062655681000024],[89.67333718500004,26.060302871000033],[89.67004225900007,26.06070284900005],[89.66648828400008,26.064092694000067],[89.67636364900005,26.062659118000056],[89.67091156300006,26.06903139800005],[89.67323834800004,26.071941442000025],[89.67249277200006,26.07275581600004],[89.66980336000006,26.070695984000054],[89.66744386300007,26.070778045000054],[89.67053478400004,26.066007828000068],[89.66682910900005,26.065981829000066],[89.66132774000005,26.060901642000033],[89.65865710100007,26.061364901000047],[89.66013669300008,26.063431127000058],[89.65902238200005,26.065444392000074],[89.65495259600004,26.066643015000068],[89.64972170200008,26.071312904000024],[89.64869557500003,26.070599319000053],[89.65150030500007,26.06766806400003],[89.65200157900006,26.061703433000048],[89.64953770100004,26.06303533700003]]]}},{"type":"Feature","id":"kurigram-phulbari","properties":{"canonical_id":"kurigram-phulbari","name_en":"Phulbari","name_bn":"ফুলবাড়ী","district_id":"kurigram","division_id":"rangpur","pcode":"BD-F-28-523","parent_pcode":"BD5549","source_name":"Phulbari","match_method":"exact_name_or_alias","boundary_reference_year":"2020","boundary_source":"geoBoundaries gbOpen BGD ADM3 / BBS, OCHA ROAP","source_dataset_updated":"2026-08-09"},"geometry":{"type":"MultiPolygon","coordinates":[[[[89.51741600300005,26.02649959400003],[89.51053286500007,26.02412985500007],[89.51502395200004,26.015701654000054],[89.51412949200005,26.01085759600005],[89.51688818500008,26.012537337000026],[89.51745031400009,26.017652290000058],[89.52192180700007,26.02443943000003],[89.52091031800006,26.026104883000073],[89.51741600300005,26.02649959400003]]],[[[89.64649280800006,25.900778718000026],[89.64517750100003,25.907537241000057],[89.64250427600007,25.90998963900006],[89.63738910900008,25.910070056000052],[89.63816414300004,25.912530391000075],[89.64203519400007,25.915713457000038],[89.65140534300008,25.91780753300003],[89.64943503000006,25.924170571000047],[89.65664505300003,25.92612136400004],[89.64726033200003,25.933597605000045],[89.64559213500007,25.93384750000007],[89.64379576400006,25.931677610000065],[89.64160396500006,25.935937143000046],[89.64586674300006,25.937196007000068],[89.64595005200005,25.938768544000027],[89.63795707900005,25.939354921000074],[89.63662051300008,25.94276713200003],[89.63199787100007,25.945296246000055],[89.62680270800007,25.951951518000044],[89.62446818800004,25.95621548300005],[89.62600835300003,25.95915756000005],[89.62389501700005,25.960660636000057],[89.62243350200004,25.965459588000044],[89.61824657100004,25.964742022000053],[89.61716439700007,25.968089237000072],[89.61853731100007,25.970126836000077],[89.62987630900005,25.96899367900005],[89.63096374400004,25.972953224000037],[89.62711441000005,25.97615290300007],[89.62467886500008,25.974816400000066],[89.62288729100004,25.977238512000042],[89.62020365500007,25.977628242000037],[89.62009548100008,25.982145133000074],[89.61638377100007,25.981044988000065],[89.61444120400006,25.98459419200003],[89.61710797400008,25.985899309000047],[89.62050638200003,25.992440775000034],[89.61517479300005,26.002172676000043],[89.61427937100007,26.015702001000022],[89.61223677200007,26.01718137100005],[89.61379706000008,26.019652936000057],[89.61224749700006,26.02114152200005],[89.61424708000004,26.02663133300007],[89.61121411900007,26.02813625500005],[89.60963917200007,26.026397730000042],[89.60611965700008,26.030115782000053],[89.60613785400005,26.033832706000055],[89.59945105600008,26.033224569000026],[89.59749724500006,26.03453692000005],[89.59301849700006,26.033001169000045],[89.58987405500005,26.034734455000034],[89.58932767100004,26.038257887000043],[89.58762363700004,26.038794753000047],[89.58657566100004,26.035058505000052],[89.58365690100004,26.033509157000026],[89.58315552100004,26.03033816100003],[89.58527666600008,26.02636580500007],[89.58353470900005,26.024414250000063],[89.57865848000006,26.026359213000035],[89.57841567900005,26.022163515000045],[89.58118714600005,26.011455028000057],[89.57869467800003,26.006883147000053],[89.58078256000005,26.006911067000033],[89.58148546300004,26.00533699600004],[89.57992993600004,26.004530720000048],[89.58147811700007,26.003435896000042],[89.57987865900003,26.002718688000073],[89.58333256100008,26.001937244000032],[89.58620233000005,25.994317052000042],[89.58313898100005,25.990294925000057],[89.58668669200006,25.98096631100003],[89.58511163100007,25.97600198300006],[89.58342614800006,25.978849394000065],[89.57682708400006,25.978256163000026],[89.57633716400005,25.981990519000078],[89.57410476700005,25.980384936000064],[89.57356576900008,25.977967516000035],[89.57666200500006,25.97813124100003],[89.57848971500005,25.97291399100004],[89.57782905600004,25.96938196800005],[89.56884160100003,25.967858625000076],[89.56735011500007,25.970489352000072],[89.56832376700004,25.979212055000062],[89.56640829100007,25.98036565500007],[89.56378860200005,25.978862441000047],[89.56261328000005,25.971233234000067],[89.55773457600009,25.969974455000056],[89.55759025000003,25.96545889300006],[89.54988905600004,25.966362977000074],[89.54087781500004,25.96963162700007],[89.53810030400007,25.97567467600004],[89.54161857200006,25.98327941200006],[89.53671480800006,25.985052342000074],[89.53509494500008,25.98898852600007],[89.53572186100007,25.990675976000034],[89.53787219200007,25.990896865000025],[89.53772780300005,25.99430719700007],[89.54798240500008,25.998103207000042],[89.54817380700007,26.000697565000053],[89.54499831800007,26.00039903000004],[89.54474887800006,26.002700127000026],[89.54288823200005,26.002709356000025],[89.54083072300006,26.006009152000047],[89.53788077100006,26.006783133000056],[89.53361159100007,26.005469679000043],[89.53497887700007,26.004172338000046],[89.53935252600007,26.005489173000058],[89.53740351300007,26.002235547000055],[89.52976845400008,26.005836686000066],[89.52606078200006,26.004852395000057],[89.52424853200006,26.006680711000058],[89.52200477000008,26.005270454000026],[89.52116260800005,26.00867481100005],[89.51919176100006,26.008867329000054],[89.51446202800008,26.007323563000057],[89.50906520900008,26.00207845600005],[89.49683610100004,26.002956898000036],[89.49120413800006,26.006053230000077],[89.48685221700003,26.00028259900006],[89.48124413100004,25.99754461400005],[89.48192178000005,25.990491029000054],[89.47580915100008,25.98560142900004],[89.47249256400005,25.976213143000052],[89.48195663300004,25.96180256400004],[89.49058437900004,25.962553867000054],[89.49075618400008,25.96433897600008],[89.49578579100006,25.96497117000007],[89.49952885700009,25.970514885000057],[89.50102055200006,25.97018932000003],[89.50225564300007,25.967487465000033],[89.49868419200004,25.96615058900005],[89.50354544000004,25.964084288000038],[89.50371750900007,25.95900676100007],[89.50086099400005,25.95540027100003],[89.49662790000008,25.954354531000035],[89.51160096400008,25.94412087300003],[89.51211628200008,25.93850720200004],[89.50975360000007,25.933417703000032],[89.51175994100004,25.933570082000074],[89.51299644500006,25.929077961000075],[89.51766733000005,25.92611656400004],[89.51623832000007,25.92178256300008],[89.51745824300008,25.91753414200008],[89.52276541500004,25.914958455000033],[89.52951168100003,25.915301631000034],[89.53340346400006,25.900196529000027],[89.53751075000008,25.900133496000024],[89.53892253400005,25.89819939100005],[89.54429597500007,25.896706691000077],[89.54631228400007,25.88863464800005],[89.55393256300005,25.888379481000072],[89.55782269800005,25.885868095000035],[89.56064097100005,25.88719333100005],[89.56412120000005,25.884888786000033],[89.57106580000004,25.88542136700005],[89.57336975600003,25.88806038000007],[89.57790372500006,25.888951802000065],[89.58057683500004,25.882091170000024],[89.58372790000004,25.878675644000054],[89.58645469500004,25.87791025100006],[89.59443307700008,25.880265879000035],[89.59998209000008,25.883344691000048],[89.60273133500004,25.88696591300004],[89.60547397000005,25.89647232300007],[89.61077121200003,25.905097798000043],[89.61430600100005,25.905840359000024],[89.61763036800005,25.903732775000037],[89.61792254600005,25.896809846000053],[89.61158630500006,25.88809154300003],[89.61351433700008,25.882114917000024],[89.61219281700005,25.876803470000027],[89.61427012700005,25.873967957000048],[89.62114485000006,25.876532516000054],[89.63338476200005,25.878125574000023],[89.64452288400008,25.88494382300007],[89.64732591400008,25.885214227000063],[89.64743835700006,25.886637849000067],[89.64345745500003,25.890069664000066],[89.63684018600009,25.887978617000044],[89.63512232600004,25.890074336000055],[89.63981786300008,25.892394918000036],[89.64178475000006,25.89614891100007],[89.64578589500007,25.89793481600003],[89.64649280800006,25.900778718000026]]],[[[89.50184273800005,26.06993472700003],[89.49870574300007,26.069669344000033],[89.49805621500008,26.067244325000047],[89.50190109700009,26.06322872900006],[89.50266046100006,26.060003814000027],[89.50495475700006,26.05830678700005],[89.51169073400007,26.057663785000045],[89.51413997200007,26.06047180400003],[89.51441196300004,26.065578424000023],[89.50184273800005,26.06993472700003]]]]}},{"type":"Feature","id":"kurigram-rajarhat","properties":{"canonical_id":"kurigram-rajarhat","name_en":"Rajarhat","name_bn":"রাজারহাট","district_id":"kurigram","division_id":"rangpur","pcode":"BD-F-28-524","parent_pcode":"BD5549","source_name":"Rajarhat","match_method":"exact_name_or_alias","boundary_reference_year":"2020","boundary_source":"geoBoundaries gbOpen BGD ADM3 / BBS, OCHA ROAP","source_dataset_updated":"2026-08-09"},"geometry":{"type":"Polygon","coordinates":[[[89.49215191400003,25.713339446000077],[89.49707149900007,25.713101965000078],[89.50825391500007,25.71729790300003],[89.51085546100006,25.721077276000074],[89.51762282500005,25.72558495800007],[89.51867055800005,25.729055406000043],[89.52222007600005,25.730895677000035],[89.52438764500005,25.72475272400004],[89.54134091000003,25.722869548000062],[89.54185790400004,25.72745902500003],[89.54356297100009,25.72851525300007],[89.54435364700004,25.724350340000058],[89.55071533900008,25.725612295000076],[89.55266211600008,25.723863058000063],[89.55210143600004,25.718935978000047],[89.55514866200008,25.719865253000023],[89.56079609900007,25.718447721000075],[89.56519878900008,25.72254817700008],[89.56628852200004,25.72048296400004],[89.56983094000003,25.719844987000045],[89.57221570900003,25.71738170200007],[89.57785414200004,25.726016267000034],[89.58038785600007,25.72646098100006],[89.57859054400006,25.729482012000062],[89.57917634900008,25.731931432000067],[89.58294432000008,25.729946045000077],[89.58346391000003,25.72737281800005],[89.58418974400007,25.730701361000058],[89.58752283700005,25.729754207000042],[89.58947488400008,25.732322581000062],[89.59089267300004,25.729252376000034],[89.59337744800007,25.729007617000036],[89.59488510700004,25.73752722200004],[89.59235064400008,25.742787530000044],[89.59734675600004,25.74179061800004],[89.60323677100007,25.73842443600006],[89.60731682700003,25.739731879000033],[89.61566725300008,25.739349487000027],[89.61670251800007,25.74063844400007],[89.61531296400005,25.74516564700008],[89.62638034600008,25.74751124900007],[89.62540057500007,25.750233007000077],[89.62747535300008,25.752583340000058],[89.61926064100004,25.758301293000045],[89.62179972800004,25.760268573000076],[89.62045115300003,25.762282163000066],[89.61762302400007,25.761916944000063],[89.61618142100008,25.763662168000053],[89.61666291500006,25.765402295000058],[89.61891109500004,25.766081506000035],[89.61579769800005,25.76805034700004],[89.61488530000008,25.774584590000075],[89.61178215000007,25.773794679000048],[89.61067840000004,25.774988782000037],[89.61088535400006,25.77689693900004],[89.61386733300003,25.77730389900006],[89.61105880800005,25.780669717000023],[89.60116990800003,25.776834516000065],[89.59543663800008,25.77990415100004],[89.59406975600007,25.785176721000028],[89.59875490700006,25.79023131100007],[89.59896708300005,25.804433337000034],[89.59399700400007,25.80754280700006],[89.59037240200007,25.805790974000047],[89.58849847600004,25.807966434000036],[89.58357266800004,25.809707054000057],[89.58518666800006,25.811931361000063],[89.58407837900006,25.813890529000048],[89.57962098700006,25.815592845000026],[89.58369861400007,25.815684158000067],[89.58502303100005,25.824445359000038],[89.57457013600003,25.826987555000073],[89.57625575400004,25.833284124000045],[89.58036646600004,25.838576339000042],[89.57300125300009,25.843471133000037],[89.57105183700008,25.84920223900008],[89.57346460900004,25.851220769000065],[89.57864547300005,25.84570786000006],[89.58173711700005,25.845536761000062],[89.58043445400006,25.849446932000035],[89.58283299000004,25.848814971000024],[89.58096444100005,25.851176572000043],[89.58393503600007,25.852840984000068],[89.58215112000005,25.854981042000077],[89.58817445500006,25.859083180000027],[89.58787878400005,25.861243324000043],[89.58492548300006,25.86160626700007],[89.58343583200008,25.868297145000042],[89.59382897000006,25.877403392000076],[89.59443307700008,25.880265879000035],[89.58645469500004,25.87791025100006],[89.58372790000004,25.878675644000054],[89.58057683500004,25.882091170000024],[89.57790372500006,25.888951802000065],[89.57336975600003,25.88806038000007],[89.57106580000004,25.88542136700005],[89.57040597500009,25.88164095700006],[89.56701328500003,25.881213805000073],[89.56606215700003,25.87900032600004],[89.55978301300007,25.878968995000037],[89.55444349600003,25.877256205000037],[89.55466659800004,25.864173660000063],[89.55227867700006,25.861618746000033],[89.54541318600008,25.862807985000074],[89.54510878600007,25.86459834200008],[89.53269840500008,25.868485242000077],[89.52992556800007,25.86556414300003],[89.53137845500004,25.862543819000052],[89.53281528000008,25.86398646500004],[89.53368781200004,25.85901717300004],[89.53215965400005,25.85258238600005],[89.53343388800005,25.840830637000067],[89.53664561600004,25.83895196700007],[89.53620948500009,25.828521541000043],[89.53489726000004,25.826807298000062],[89.53574821100005,25.82391535100004],[89.53306681900006,25.81660038800004],[89.52942555800007,25.814098065000053],[89.52237006100006,25.814088601000037],[89.52016852800006,25.82047456400005],[89.51677383600008,25.820326738000063],[89.51652761400004,25.816006214000026],[89.52105405900005,25.814487798000073],[89.51913280500008,25.812287738000066],[89.51904941600009,25.805452338000066],[89.51120176500007,25.80572641400005],[89.50882182300006,25.808247350000045],[89.50594254200007,25.805158377000055],[89.49865053500008,25.80755175200005],[89.49698617100006,25.810345289000054],[89.49228648300004,25.809103137000022],[89.49678991900004,25.81303948300007],[89.48999516200007,25.812296797000045],[89.48861999500008,25.813241238000046],[89.48765253300007,25.81535817400004],[89.49014338800004,25.816924596000035],[89.48533536800005,25.82166078000006],[89.48563133200008,25.825827445000073],[89.48376797500003,25.826564113000074],[89.48260912000006,25.829627905000052],[89.48461850400008,25.831399830000066],[89.48253989100004,25.83221134400003],[89.48277179400009,25.834023794000075],[89.47975069200004,25.834720162000053],[89.47920739600005,25.833463059000053],[89.47746435300007,25.834813543000053],[89.47782222100005,25.832206880000058],[89.47558247800004,25.83044024000003],[89.47470995500004,25.82671676600006],[89.47099967700007,25.826275515000077],[89.47035557900006,25.82492884100003],[89.46855917000005,25.826715283000055],[89.46710921100004,25.825974036000048],[89.46605729900006,25.829153215000076],[89.46371654400008,25.829512564000026],[89.45475219600007,25.82502577300005],[89.45379946800006,25.822692482000036],[89.45208102300006,25.82246534500007],[89.45178637900005,25.817456592000042],[89.45609876800006,25.81650602800005],[89.45589785100003,25.820220517000052],[89.45820183800004,25.820026515000052],[89.45933045700008,25.822502090000057],[89.45929643400007,25.820794183000032],[89.46079993400008,25.820841533000078],[89.46282117100003,25.822921380000025],[89.46633390400007,25.817391083000075],[89.46939960300006,25.817029259000037],[89.46906391100003,25.818618428000036],[89.47030202000008,25.818746542000042],[89.47064842300006,25.81677815300003],[89.46858881000009,25.814696579000042],[89.47186859100003,25.812863606000064],[89.46979353800003,25.811459236000076],[89.46680427200005,25.81455741700006],[89.46662456200005,25.81166379700005],[89.46483406900006,25.81424823900005],[89.45938548400005,25.81216756500004],[89.45891908200008,25.809700098000064],[89.46047920000007,25.807540408000023],[89.45906833600009,25.80470428500007],[89.46146014800007,25.802185915000052],[89.46186804900003,25.79876846600007],[89.46085697600006,25.789224028000035],[89.45918736000004,25.786375090000035],[89.45791958000007,25.783594226000048],[89.46276146300005,25.786246111000025],[89.46696814900008,25.779732927000055],[89.46942637600006,25.77943771300005],[89.46921969900006,25.77713488300003],[89.47987665700003,25.762511490000065],[89.47866872500003,25.759100604000025],[89.48081944700004,25.75309769300003],[89.48658064500006,25.754411107000067],[89.48713754900007,25.750913939000043],[89.49168080200008,25.750072018000026],[89.49341516600003,25.751463040000033],[89.49652572600007,25.747947603000057],[89.49895075200004,25.748264680000034],[89.50001957200004,25.746835402000045],[89.50083416100006,25.744351549000044],[89.49967268700004,25.74417825200004],[89.49826987600005,25.730170653000073],[89.48797691000004,25.729411878000064],[89.48492960700008,25.727846842000076],[89.49215191400003,25.713339446000077]]]}},{"type":"Feature","id":"kurigram-rowmari","properties":{"canonical_id":"kurigram-rowmari","name_en":"Rowmari","name_bn":"রৌমারী","district_id":"kurigram","division_id":"rangpur","pcode":"BD-F-28-527","parent_pcode":"BD5549","source_name":"Rowmari","match_method":"exact_name_or_alias","boundary_reference_year":"2020","boundary_source":"geoBoundaries gbOpen BGD ADM3 / BBS, OCHA ROAP","source_dataset_updated":"2026-08-09"},"geometry":{"type":"Polygon","coordinates":[[[89.83457957700006,25.442363967000063],[89.84243757800004,25.455793052000047],[89.84882539100005,25.46314515800003],[89.84730161500005,25.46330856900005],[89.85226531800004,25.466369264000036],[89.85213947400007,25.472614469000064],[89.84922753900008,25.474014213000032],[89.85045616700006,25.485858247000067],[89.84916026500008,25.49252571900007],[89.85505264200003,25.497296469000048],[89.85370979000004,25.504040330000066],[89.85701264900007,25.504453616000035],[89.86018051300005,25.517723685000078],[89.85122013800003,25.538718996000057],[89.86294035500003,25.543290076000062],[89.86593990100005,25.546284275000062],[89.86720843000006,25.56229356500006],[89.87030160500007,25.568201911000074],[89.87312693300004,25.570277547000046],[89.87306550400007,25.57458861400005],[89.87557780000003,25.581284579000055],[89.87326131100008,25.58801470800006],[89.87873545000008,25.601655993000065],[89.88241598700006,25.617308277000063],[89.88027109500007,25.635305475000052],[89.87102956600006,25.662647030000073],[89.86675256900008,25.66289389600007],[89.86322896200005,25.666035074000035],[89.85844342100006,25.679858308000064],[89.85171719400006,25.687003719000074],[89.84661277100008,25.695712048000075],[89.85189213000007,25.706734320000066],[89.85083157400004,25.71236238700004],[89.84918297700005,25.715233558000023],[89.83751903600006,25.71488515300007],[89.83371964100007,25.71722368500008],[89.82866425000003,25.71305498600003],[89.82513754300004,25.712515755000027],[89.81202721700004,25.688136890000067],[89.80795395600006,25.669436043000076],[89.80908877000007,25.664484968000068],[89.80228385100008,25.66695755300003],[89.80013844800004,25.682427490000066],[89.79391758500003,25.680508927000062],[89.78842577800003,25.680979673000024],[89.78717912000008,25.682752876000052],[89.79131776100007,25.68860088400004],[89.79103645400005,25.694712286000026],[89.78437995900003,25.694893362000073],[89.77904200900008,25.692963619000068],[89.77967832800005,25.68516468000007],[89.77346454100007,25.684382511000024],[89.77080273700005,25.671358937000036],[89.77600372100005,25.663344152000036],[89.77535203200006,25.654689855000072],[89.77305060400005,25.648547371000063],[89.77494139500004,25.643713992000073],[89.78117168300008,25.635663883000063],[89.77995956700005,25.627453476000028],[89.78776533800004,25.621798471000034],[89.78961453900007,25.616848553000068],[89.79786087300005,25.60597801700004],[89.79665311300005,25.59689289800008],[89.77876082000006,25.558761966000077],[89.78287405700007,25.556284189000053],[89.80097104100008,25.55212203600007],[89.80205088800005,25.54981396000005],[89.80232613100009,25.546059919000072],[89.79975163500006,25.542723617000036],[89.78940083100008,25.538351901000055],[89.78662706400007,25.52856845100007],[89.78895021000005,25.517853758000058],[89.786066,25.514341794000075],[89.78845544600006,25.50327894700007],[89.79310502400006,25.492529670000067],[89.79297538700007,25.486889923000035],[89.79580172800007,25.47930089500005],[89.79515401500004,25.471839634000048],[89.80787642600006,25.470150628000056],[89.81118553700009,25.468474109000056],[89.81183841400008,25.484229309000057],[89.81897196300008,25.48592868700007],[89.82142481900007,25.478967449000038],[89.82901859400005,25.47410846100007],[89.82745238500007,25.462526621000052],[89.83120608400009,25.45511123600005],[89.83457957700006,25.442363967000063]]]}},{"type":"Feature","id":"kurigram-ulipur","properties":{"canonical_id":"kurigram-ulipur","name_en":"Ulipur","name_bn":"উলিপুর","district_id":"kurigram","division_id":"rangpur","pcode":"BD-F-28-525","parent_pcode":"BD5549","source_name":"Ulipur","match_method":"exact_name_or_alias","boundary_reference_year":"2020","boundary_source":"geoBoundaries gbOpen BGD ADM3 / BBS, OCHA ROAP","source_dataset_updated":"2026-08-09"},"geometry":{"type":"Polygon","coordinates":[[[89.77494139500004,25.643713992000073],[89.77305060400005,25.648547371000063],[89.77535203200006,25.654689855000072],[89.77600372100005,25.663344152000036],[89.77080273700005,25.671358937000036],[89.77346454100007,25.684382511000024],[89.77967832800005,25.68516468000007],[89.77904200900008,25.692963619000068],[89.78437995900003,25.694893362000073],[89.79103645400005,25.694712286000026],[89.79131776100007,25.68860088400004],[89.78717912000008,25.682752876000052],[89.78842577800003,25.680979673000024],[89.79391758500003,25.680508927000062],[89.80013844800004,25.682427490000066],[89.80228385100008,25.66695755300003],[89.80908877000007,25.664484968000068],[89.80795395600006,25.669436043000076],[89.81202721700004,25.688136890000067],[89.82513754300004,25.712515755000027],[89.82866425000003,25.71305498600003],[89.83371964100007,25.71722368500008],[89.82682914900005,25.733011684000076],[89.82901849500007,25.74251451500004],[89.84127211900005,25.75909398400006],[89.83996020800004,25.768328776000033],[89.83831543000008,25.775737564000053],[89.83390770000005,25.783049203000076],[89.83385473100003,25.78848773900006],[89.83120589800006,25.79118124000007],[89.82939590700005,25.79670910300007],[89.82991258500005,25.800751782000077],[89.82645032400006,25.810272707000024],[89.81699159400006,25.814382498000043],[89.81721972600008,25.816889314000036],[89.81362327100004,25.816379211000026],[89.81090350900007,25.80095278400006],[89.80915421500004,25.801822474000062],[89.80143407900005,25.79318947200005],[89.80067625700008,25.78631592000005],[89.79217800600009,25.77852849100003],[89.79220084200006,25.773291587000074],[89.77916027500004,25.76822564400004],[89.77260376000004,25.767589644000054],[89.76868711100008,25.769768775000045],[89.76078177100004,25.767252946000042],[89.75259958300006,25.77066452500003],[89.74472732300006,25.770592235000038],[89.74175636200005,25.773450119000074],[89.74151429500006,25.777434244000062],[89.73406901300007,25.774236006000024],[89.72902581800008,25.77690978700008],[89.72875492700007,25.780768539000064],[89.72646777700004,25.782549404000065],[89.71716482800008,25.784281770000064],[89.71094301200009,25.78203458300004],[89.70077438600003,25.781133589000035],[89.69989719100005,25.779076300000042],[89.68842478200008,25.774626296000065],[89.68631547900009,25.76820811500005],[89.68753020000008,25.75859644800005],[89.68550299100008,25.758162586000026],[89.68453392200007,25.753180362000023],[89.67738362400007,25.75311220800006],[89.67578103500006,25.749663646000045],[89.67156097100008,25.749464557000067],[89.66980484200008,25.747870714000044],[89.66323557800007,25.75049473200005],[89.66165626000009,25.75416746800005],[89.65547000800007,25.75551764100004],[89.65274455600007,25.75425710600007],[89.65094007900007,25.75594142800003],[89.65060676100006,25.761440539000034],[89.64867479100008,25.762877888000048],[89.64546550100005,25.760705135000023],[89.64449980800003,25.762993609000034],[89.64167897600004,25.76359171000007],[89.64004423900008,25.760251614000026],[89.63615045700004,25.76158460000005],[89.63077967700008,25.759116580000068],[89.62885716100004,25.763964248000036],[89.63216111400004,25.765888145000076],[89.63692824500004,25.76497904100006],[89.63620610900006,25.767251698000052],[89.62841646200008,25.76648139300005],[89.62449101400006,25.767769961000056],[89.62045115300003,25.762282163000066],[89.62179972800004,25.760268573000076],[89.61926064100004,25.758301293000045],[89.62747535300008,25.752583340000058],[89.62540057500007,25.750233007000077],[89.62638034600008,25.74751124900007],[89.61531296400005,25.74516564700008],[89.61670251800007,25.74063844400007],[89.61566725300008,25.739349487000027],[89.60731682700003,25.739731879000033],[89.60323677100007,25.73842443600006],[89.59734675600004,25.74179061800004],[89.59235064400008,25.742787530000044],[89.59488510700004,25.73752722200004],[89.59337744800007,25.729007617000036],[89.59089267300004,25.729252376000034],[89.58947488400008,25.732322581000062],[89.58752283700005,25.729754207000042],[89.58418974400007,25.730701361000058],[89.58346391000003,25.72737281800005],[89.58294432000008,25.729946045000077],[89.57917634900008,25.731931432000067],[89.57859054400006,25.729482012000062],[89.58038785600007,25.72646098100006],[89.57785414200004,25.726016267000034],[89.57221570900003,25.71738170200007],[89.56983094000003,25.719844987000045],[89.56628852200004,25.72048296400004],[89.56519878900008,25.72254817700008],[89.56079609900007,25.718447721000075],[89.55514866200008,25.719865253000023],[89.55210143600004,25.718935978000047],[89.55266211600008,25.723863058000063],[89.55071533900008,25.725612295000076],[89.54435364700004,25.724350340000058],[89.54356297100009,25.72851525300007],[89.54185790400004,25.72745902500003],[89.54134091000003,25.722869548000062],[89.52438764500005,25.72475272400004],[89.52222007600005,25.730895677000035],[89.51867055800005,25.729055406000043],[89.51762282500005,25.72558495800007],[89.51085546100006,25.721077276000074],[89.50825391500007,25.71729790300003],[89.51528328900008,25.70673310600006],[89.51344154400005,25.699440250000066],[89.51504306800007,25.689450383000064],[89.51633700700006,25.686464580000063],[89.51965363000005,25.685950098000035],[89.51964162000007,25.680169086000035],[89.51592421200007,25.672242453000024],[89.51416164300008,25.662196772000073],[89.51439505500008,25.658226540000044],[89.51760931200005,25.659978886000033],[89.51922856700008,25.65877080100006],[89.51863796300006,25.64425060800005],[89.52630065100004,25.651077076000036],[89.53084155100004,25.64892336500003],[89.53078918400007,25.654988653000032],[89.53314203100007,25.649794813000028],[89.53589048800006,25.64899424300006],[89.53555742400005,25.64254337500006],[89.54377651100003,25.638777160000075],[89.54894314000006,25.62597312500003],[89.54587397100005,25.612963480000076],[89.54814037100004,25.608177141000056],[89.54171417000003,25.609307928000078],[89.53908410000008,25.601233964000073],[89.53272879200006,25.600614413000073],[89.53631901500006,25.590494466000052],[89.55152419200004,25.584856758000058],[89.56648900100004,25.584572826000056],[89.57080334600005,25.575585730000057],[89.58733688300003,25.556546008000055],[89.59185464000007,25.556449178000037],[89.59659690900008,25.55823791200004],[89.60326771900003,25.563470598000038],[89.60594473900005,25.568261084000028],[89.61632477900008,25.569069786000057],[89.61851251100006,25.56636075800003],[89.62453164500005,25.56521140700005],[89.62812273800006,25.561937476000026],[89.63024968700006,25.564914415000032],[89.62844234800008,25.56926641800004],[89.63251603900005,25.573628201000076],[89.63170747300006,25.577056570000025],[89.63980199400004,25.582064854000066],[89.64026283100009,25.584977141000024],[89.64830505300006,25.58529300400005],[89.65370176100004,25.595543457000076],[89.65138051700006,25.601666712000053],[89.64664161800005,25.60168073500006],[89.64578216200005,25.598049031000073],[89.64422860700006,25.59784602900004],[89.63734690900009,25.603534592000074],[89.64572825700003,25.610744959000044],[89.64903569700004,25.61055991300003],[89.65227458800007,25.624916804000065],[89.65591517200005,25.629399931000023],[89.65992377400005,25.63043989700003],[89.65404809700004,25.63403991100006],[89.65506249000003,25.63733441200003],[89.65303068800006,25.639670699000078],[89.65476818800005,25.642353420000063],[89.65839172100004,25.642215763000024],[89.65998811300005,25.63838895600003],[89.66756295300007,25.63679561300006],[89.66902573000004,25.64200602300008],[89.67578007300006,25.642020607000063],[89.67654349700007,25.643726767000032],[89.67442918100005,25.646753985000032],[89.68221912600006,25.65070608800005],[89.68370496700004,25.654204597000046],[89.68193055200004,25.654800691000048],[89.68482624500007,25.658904456000073],[89.70160085800006,25.662070389000064],[89.70753284100005,25.657203219000053],[89.71841023400003,25.653997403000062],[89.71666100900006,25.649934338000037],[89.72506405600006,25.63826405100008],[89.73429691800004,25.628973692000045],[89.74115808400006,25.62546191900003],[89.74423305900007,25.620116290000055],[89.74541563400004,25.621398406000026],[89.74406733300003,25.62821395800006],[89.74510478000008,25.62941793600004],[89.76431341000006,25.641159707000043],[89.76564886800008,25.643282855000052],[89.77494139500004,25.643713992000073]]]}},{"type":"Feature","id":"lalmonirhat-aditmari","properties":{"canonical_id":"lalmonirhat-aditmari","name_en":"Aditmari","name_bn":"আদিতমারী","district_id":"lalmonirhat","division_id":"rangpur","pcode":"BD-F-32-493","parent_pcode":"BD5552","source_name":"Aditmari","match_method":"exact_name_or_alias","boundary_reference_year":"2020","boundary_source":"geoBoundaries gbOpen BGD ADM3 / BBS, OCHA ROAP","source_dataset_updated":"2026-08-09"},"geometry":{"type":"MultiPolygon","coordinates":[[[[89.45985232900006,25.999843904000045],[89.44738581800004,26.007939105000048],[89.43340957800007,26.010214528000063],[89.42741579500006,26.013241664000077],[89.42669748500003,26.015323436000074],[89.42858538900003,26.01459661900003],[89.42734444200005,26.01925019400005],[89.43389827900006,26.03053393600004],[89.43262865500003,26.038908438000078],[89.42950779900008,26.043519305000075],[89.42582835900004,26.044329823000055],[89.42378003400006,26.047010578000027],[89.42267435500008,26.046939271000042],[89.42437701900008,26.04428437100006],[89.41891437300006,26.041984822000074],[89.41049676000006,26.04080871000008],[89.40739436500007,26.04161288100005],[89.40626157700007,26.04074617300006],[89.40744139200007,26.03618546000007],[89.40480552900004,26.03401481000003],[89.40656101000008,26.03161790300004],[89.40427515400006,26.031128280000075],[89.40313108500004,26.02766861300006],[89.39351457100008,26.022986493000076],[89.39080755400005,26.023039994000044],[89.39109353000003,26.016817015000072],[89.39443315300008,26.013251143000048],[89.39244246300007,26.007230142000026],[89.39199031900006,26.00933377100006],[89.38933529200006,26.008446117000062],[89.38583558400006,26.010866260000057],[89.37565178000006,26.009408618000066],[89.37232928000003,26.01221146300003],[89.37199477500008,26.00955488900007],[89.36769452200008,26.009557364000045],[89.36846156700005,26.000155622000023],[89.36723194700005,25.99968691600003],[89.36890315500005,25.995233599000073],[89.36608624100006,25.99132105800004],[89.35738380900005,25.989616703000024],[89.34417294200006,25.991624064000064],[89.33740749300006,25.988812689000042],[89.33379610700007,25.98991464100004],[89.33503542900007,25.98833960500008],[89.32827213000007,25.986705614000073],[89.32781493100003,25.981237217000057],[89.32506085500006,25.981926445000056],[89.32354173600004,25.980282743000032],[89.32410361200004,25.977073664000045],[89.32689964100007,25.97382194000005],[89.32151352400007,25.96981700500004],[89.32250923300006,25.96852705400005],[89.32129198800004,25.966698506000057],[89.32471518000006,25.963351558000056],[89.32164946600005,25.962007055000072],[89.32114402900004,25.960387825000055],[89.32296617700007,25.959647466000035],[89.32071260000004,25.959200105000036],[89.32112142300008,25.95709192000004],[89.31885113100003,25.955328388000055],[89.32120606900008,25.95446978500007],[89.31426308400006,25.949576895000064],[89.31156394200008,25.94436925100007],[89.30824854000008,25.942655329000047],[89.29973957300007,25.941710357000034],[89.30302530500006,25.938523521000036],[89.29969353000007,25.93514110800004],[89.30183134500004,25.934063923000053],[89.30205180300004,25.930968961000076],[89.29866966500003,25.930177779000076],[89.29574785100004,25.932747765000045],[89.29060071700007,25.930801047000045],[89.28835258100008,25.933820576000073],[89.28516742500005,25.931831369000065],[89.28342285500008,25.933967840000037],[89.27505140300008,25.932515891000037],[89.27771599300007,25.928445010000075],[89.27964476200003,25.92881184400005],[89.27678698600005,25.926556017000053],[89.27803154500003,25.92577100500006],[89.27944054300008,25.91595157100005],[89.27706026700008,25.91633702200005],[89.27630802200008,25.91924305200007],[89.27457825600004,25.919424591000052],[89.27680704400007,25.90393304400004],[89.28304288000004,25.902890052000032],[89.28764056600005,25.900151339000047],[89.29184370000007,25.892813904000036],[89.29136335500004,25.889979639000046],[89.28913873300007,25.889626758000077],[89.29278404900003,25.88049359200005],[89.29636645100004,25.875880487000074],[89.29869255400007,25.87638724800007],[89.30053503600004,25.872949065000057],[89.30358606700008,25.87120690300003],[89.30546756700005,25.866764850000038],[89.30814637400005,25.86473919200006],[89.31301840000003,25.864523607000024],[89.31628652500007,25.857937759000038],[89.32786938800007,25.856736710000064],[89.32864242300008,25.85459854900006],[89.33504951400005,25.84955162600005],[89.33530754900005,25.85839573900006],[89.33810625700005,25.858404575000066],[89.33875804700006,25.86053912600005],[89.34133359900005,25.86171228300003],[89.34436554300004,25.859879427000067],[89.35046954200004,25.86217671600008],[89.34937720400006,25.866755544000057],[89.34628771700005,25.863892218000046],[89.34677639600005,25.87881886200006],[89.35003022100005,25.879312612000035],[89.35079070200004,25.875262236000026],[89.35219499500005,25.874798401000078],[89.35356774300004,25.876116654000043],[89.35623483900008,25.87453137700004],[89.36852158000005,25.876348418000077],[89.37341542700005,25.873432705000027],[89.38022854700006,25.87457600700003],[89.37920267300007,25.87928515400006],[89.37723924900007,25.881214186000022],[89.38052259700004,25.882127265000065],[89.38518918700004,25.879838319000044],[89.39219865300004,25.885193151000067],[89.39277536000003,25.892099941000026],[89.38992178900008,25.893926649000036],[89.39037704600008,25.89579094900006],[89.39426707500007,25.893952761000037],[89.39665175700009,25.89530531300005],[89.40066146500004,25.894642447000024],[89.40282993000005,25.895582021000052],[89.40199292800008,25.89885806600006],[89.40334330400003,25.89759438300007],[89.40434491800005,25.89961326400004],[89.40947064300008,25.902032191000046],[89.41515453800008,25.904176090000078],[89.41615019500006,25.903463929000054],[89.41788772900009,25.911022049000053],[89.41647913600008,25.914097224000045],[89.42108079700006,25.91423701100007],[89.42261277000006,25.916043991000038],[89.42116838200008,25.917004415000065],[89.42132594700007,25.919499512000073],[89.41949584000008,25.918544634000057],[89.41617910600007,25.920215360000043],[89.41628305900008,25.92229713300003],[89.42061137600007,25.92281960200006],[89.42618935200005,25.914280460000043],[89.42907248500006,25.916736650000075],[89.43116200100008,25.922815682000078],[89.43452040000005,25.922718210000028],[89.43647017400008,25.924598914000057],[89.43593712500007,25.92743161900006],[89.43883679000004,25.929208191000043],[89.43665314100008,25.947018213000035],[89.43758423600008,25.950879781000026],[89.43214773200003,25.960959428000024],[89.43591177100006,25.962037390000035],[89.43676149900006,25.96635294600003],[89.44074836000004,25.966697988000078],[89.43834296400007,25.972981248000053],[89.44048366000004,25.973557280000023],[89.43774859300004,25.974749889000066],[89.43730057300007,25.97731596600005],[89.44050764600007,25.97970377300004],[89.43939073900003,25.984283709000067],[89.44120701200006,25.984911526000076],[89.44273902000003,25.988357179000047],[89.44032711700004,25.99158783100006],[89.44937155800005,25.99364010800008],[89.45985232900006,25.999843904000045]]],[[[89.40216523500004,26.093496995000066],[89.39940862100008,26.095164470000043],[89.39790397800004,26.094360780000045],[89.39792800400005,26.091009804000066],[89.39421440200005,26.087301755000055],[89.39574262400004,26.083309216000032],[89.40286874300006,26.082461324000064],[89.40772375200004,26.078759470000023],[89.40786727200003,26.08078888400007],[89.41053459100004,26.07920326900006],[89.41327207200004,26.082081865000077],[89.41386681000006,26.080741703000058],[89.41162189800008,26.077213306000033],[89.41283750200006,26.078247059000034],[89.41613682500008,26.07690601300004],[89.41882793600007,26.080713799000023],[89.42122426700007,26.080768012000078],[89.42034163300008,26.08221145400006],[89.41839722000003,26.081564227000058],[89.42018335400007,26.088523595000026],[89.40216523500004,26.093496995000066]]],[[[89.42320106100004,26.106164714000045],[89.42185011200007,26.106711233000055],[89.41979919600004,26.10368657400005],[89.41964050600006,26.10645743200007],[89.41536400200005,26.105100406000076],[89.41438684500008,26.09942929300007],[89.42690543900005,26.098482941000043],[89.42784733400003,26.09996300800003],[89.42537749100006,26.101057613000023],[89.42548826400008,26.105057569000053],[89.42320106100004,26.106164714000045]]]]}},{"type":"Feature","id":"lalmonirhat-hatibandha","properties":{"canonical_id":"lalmonirhat-hatibandha","name_en":"Hatibandha","name_bn":"হাতীবান্ধা","district_id":"lalmonirhat","division_id":"rangpur","pcode":"BD-F-32-491","parent_pcode":"BD5552","source_name":"Hatibandha","match_method":"exact_name_or_alias","boundary_reference_year":"2020","boundary_source":"geoBoundaries gbOpen BGD ADM3 / BBS, OCHA ROAP","source_dataset_updated":"2026-08-09"},"geometry":{"type":"Polygon","coordinates":[[[89.08909975800003,26.089068245000078],[89.09942800200008,26.07623383200007],[89.09510275500008,26.07422375300007],[89.09204435000004,26.07045688900007],[89.09455859100007,26.06336391700006],[89.09035390200006,26.059932368000034],[89.09619292300005,26.045426993000035],[89.09567971100006,26.040501748000054],[89.09762083300006,26.03618777500003],[89.09349016100003,26.033720651000067],[89.10158426400005,26.02721656600005],[89.09960489500008,26.026270288000035],[89.10167849800007,26.018203738000068],[89.10621471300004,26.01383631500005],[89.11222944100007,25.993604955000023],[89.11545949700007,25.99091709100003],[89.11964342500005,25.989958423000076],[89.12696416300008,25.986701451000044],[89.13208225500006,25.99195061900008],[89.13549639200005,25.99343719500007],[89.13789901700005,25.99894417200005],[89.14065640700005,25.999067242000024],[89.13422411400006,26.015196941000056],[89.13285371900008,26.025327463000053],[89.15742958300007,26.02546831500007],[89.16216805000005,26.02425941100006],[89.15732225500005,26.039790957000037],[89.16380834100005,26.042353460000072],[89.16786515500007,26.04593837500005],[89.17254173700007,26.046040296000058],[89.17857068600006,26.059027228000048],[89.18444349400005,26.058115264000037],[89.18862908500006,26.059819422000032],[89.19389279100005,26.05839067100004],[89.19922733100003,26.053002199000048],[89.20338080900007,26.053964221000058],[89.20717558100006,26.05819954100008],[89.21210444500008,26.060224822000066],[89.21531229200008,26.05720674300005],[89.21395756600003,26.05442567500006],[89.21697046200006,26.051238883000053],[89.21748609400004,26.047914364000064],[89.22582923400006,26.045999951000056],[89.23235346700005,26.042132953000078],[89.23783872400008,26.03082446700006],[89.23748054700008,26.024969268000063],[89.24102829000003,26.022749213000054],[89.24754494500007,26.023022001000072],[89.24896404400005,26.020962773000065],[89.25126809600005,26.02210904800006],[89.25337096300007,26.03314033600003],[89.25585155600004,26.035061160000055],[89.25999993800008,26.034674450000068],[89.26203252700003,26.030096766000042],[89.27485318200007,26.03069384300005],[89.27608815200006,26.02819492800006],[89.27785798600007,26.029023769000048],[89.28035719900004,26.035419494000053],[89.27823048400006,26.037052808000055],[89.27877107400008,26.04863867800003],[89.27566886300008,26.049175559000048],[89.27678301200007,26.051494111000068],[89.27894982500004,26.05078554000005],[89.28162684000006,26.056212349000077],[89.28113412600004,26.063067028000034],[89.28245125500007,26.064245181000047],[89.28097800600005,26.065694502000042],[89.27823999700007,26.066577533000043],[89.27588118000006,26.06404495700008],[89.27612382900008,26.061284931000046],[89.27241862200003,26.06071902900004],[89.27044065300004,26.061972207000053],[89.27082026600004,26.06002019500005],[89.25435170700007,26.064214265000032],[89.25601269400005,26.07182050700004],[89.25465368600004,26.07476029600008],[89.25680331600006,26.080160336000063],[89.26081489400008,26.08294548400005],[89.26134801600006,26.085879736000038],[89.26580016800006,26.08791117100003],[89.26563185800006,26.092399785000055],[89.26679014000007,26.092452313000024],[89.26546307800004,26.093505609000033],[89.26581085300006,26.092586789000052],[89.26394883900008,26.093253369000024],[89.26333337200003,26.092193016000067],[89.26254329400007,26.094074221000028],[89.25972782000008,26.09184467500006],[89.25875264800004,26.09321383300005],[89.25567589600007,26.092124519000038],[89.25669344300007,26.092661941000074],[89.25521345300007,26.093415549000042],[89.25155357100004,26.09145641500004],[89.25112526400005,26.092854569000053],[89.25230767200009,26.09285636800007],[89.25026259000003,26.094548691000057],[89.25232989900007,26.09792963900003],[89.25171860900008,26.10131605500004],[89.24766633000007,26.101815384000076],[89.24844458900003,26.103700162000052],[89.24488282100003,26.106670680000036],[89.24369835600004,26.104971074000048],[89.24415080100005,26.10610050400004],[89.24150416500004,26.10583708400003],[89.24214750300007,26.10915271700003],[89.24039186700008,26.107716335000077],[89.23947866000003,26.10930688800005],[89.24128664400007,26.110247580000078],[89.23920905400007,26.110427195000057],[89.24201852300007,26.113060243000064],[89.23970565100007,26.112335604000066],[89.23882049300005,26.114616142000045],[89.23772456200004,26.112629602000027],[89.23548980300006,26.114815582000062],[89.23305037100005,26.11307217600006],[89.23169212700003,26.117237381000052],[89.22918210400007,26.116681416000063],[89.23066429900007,26.117556824000076],[89.22843318700006,26.120516206000048],[89.22935782400003,26.123957215000075],[89.22779692200004,26.12409679500007],[89.22716369600005,26.12215020000008],[89.22543946900004,26.124330652000026],[89.22177748700005,26.125662645000034],[89.21906113700004,26.124532783000063],[89.21965798900004,26.126630118000037],[89.21703635500006,26.126367969000057],[89.21382861500007,26.126973772000042],[89.21420326200007,26.125292469000044],[89.21132720400004,26.12432392100004],[89.20945149400006,26.127343024000027],[89.20642648700004,26.12660494100004],[89.20611205300008,26.12833163600004],[89.20491156500003,26.12731988300004],[89.20284293400005,26.129358328000023],[89.20011965400005,26.128600239000036],[89.19812749500005,26.12575967400005],[89.19830002100008,26.126801985000043],[89.19505326000007,26.12727833400004],[89.19634329800004,26.12581167700006],[89.19468777200007,26.126008970000044],[89.19291469300003,26.12387476200007],[89.18978254900009,26.124538052000048],[89.18914553500008,26.12723783100006],[89.18604944600008,26.127988217000052],[89.18532392600008,26.126840326000035],[89.18536706400005,26.12885947600006],[89.18395469500007,26.12936724700006],[89.18319905900006,26.128132179000033],[89.18064175600006,26.129285796000033],[89.18010942000006,26.128083512000046],[89.17590547300006,26.131104650000054],[89.17650471700006,26.132076290000043],[89.17248611000008,26.13068160000006],[89.16797961800006,26.13156701400004],[89.16687417300005,26.13026992600004],[89.16649653900004,26.13235601200006],[89.16440091700008,26.131744686000047],[89.16368951500004,26.13353460600007],[89.16241049700005,26.13305447700003],[89.16233217400008,26.13557651700006],[89.16050183900006,26.13524492600004],[89.16105142800006,26.13735154400007],[89.15915279200004,26.136865556000032],[89.16058186300006,26.138475215000028],[89.15953271400008,26.139852716000064],[89.15823229000006,26.138372047000075],[89.15699376700007,26.14006173200005],[89.15532312800008,26.138707905000047],[89.14845245000004,26.158193554000036],[89.14887386800007,26.15948303700003],[89.15533038900008,26.15963995100003],[89.15722284700007,26.163289035000048],[89.15323627700008,26.164000005000048],[89.14910614900003,26.17013441000006],[89.14096335300007,26.169394914000065],[89.14114645900008,26.175899067000046],[89.13748157000003,26.176362895000068],[89.13685621500008,26.180035669000063],[89.13453673200007,26.181261277000033],[89.13657100400007,26.183625181000025],[89.13548462400007,26.18738836400007],[89.13830888900009,26.18876691400004],[89.13999948200006,26.19513785500004],[89.13928592800005,26.19840564800006],[89.14385097600007,26.200386431000027],[89.14404741900006,26.203502393000065],[89.14852938700005,26.20643986300007],[89.14897688900004,26.21034947100003],[89.14570708100007,26.211280428000066],[89.14207466500005,26.214642320000053],[89.14206469800007,26.221086370000023],[89.14378966500004,26.221363650000058],[89.14030676100003,26.225907643000028],[89.13950804900009,26.22961476300003],[89.14124950400009,26.231787713000074],[89.14087926200006,26.235874645000024],[89.13934899000003,26.238137702000074],[89.13695247100009,26.23665056400006],[89.13396370800007,26.237577841000075],[89.13607071500007,26.240678978000062],[89.13182945500006,26.239635142000054],[89.13248549400004,26.241968892000045],[89.13091218600005,26.242748367000047],[89.13211510600007,26.24587605000005],[89.13001189100004,26.24889386500007],[89.12692705600006,26.248929387000032],[89.12622556300005,26.247725393000053],[89.11987338800003,26.24864707300003],[89.11875380100008,26.24736599700003],[89.11973424400009,26.244315701000062],[89.11706766300006,26.244377778000057],[89.11720694800005,26.24702130000003],[89.11355917500003,26.247398934000046],[89.11131146000008,26.252729058000057],[89.10815891100003,26.255145076000076],[89.10741050800004,26.258981111000026],[89.10340645500008,26.258269407000057],[89.10063205600005,26.25961204200007],[89.10014159600007,26.257311109000057],[89.09725371300004,26.259650098000066],[89.09581113700006,26.25782903100003],[89.09744983000007,26.25577510100004],[89.09347349100005,26.25179765100006],[89.09372242300003,26.24770234500005],[89.09042381000006,26.250846135000074],[89.09002888400005,26.249726870000075],[89.09265867200008,26.243903482000064],[89.09369035000003,26.24530270500003],[89.09671553000004,26.24528056200006],[89.10415381300004,26.242019155000037],[89.10011157000008,26.238381188000062],[89.08735165900003,26.238958697000044],[89.08673210600006,26.236044623000055],[89.08416583800005,26.23474787500004],[89.08190291800008,26.23705838500007],[89.07815151800008,26.234814947000075],[89.07407180400008,26.227313339000034],[89.07348855200007,26.21481072100005],[89.06201193700008,26.225080623000053],[89.06005552100004,26.22491999600004],[89.06222945100006,26.230841355000052],[89.05187213000005,26.23688031100005],[89.04914707600005,26.236266399000044],[89.04593729700008,26.237700465000046],[89.04436088500006,26.235236960000066],[89.04479702900005,26.23867985800007],[89.04187853800005,26.235366586000055],[89.04191891500005,26.242882251000026],[89.03900176900004,26.243930430000034],[89.03656159900004,26.24249750900003],[89.03407565500004,26.243011331000048],[89.03296925900008,26.246795457000076],[89.02747051700004,26.247725777000028],[89.02726991100008,26.244161193000025],[89.02140480000008,26.24508527100005],[89.01891644900007,26.242229604000045],[89.01721867900005,26.238013100000046],[89.01941965500004,26.232982151000044],[89.02166287600005,26.23155282500005],[89.02203737400004,26.227960204000055],[89.03323617100006,26.224881509000056],[89.03612542900004,26.220370676000073],[89.03206085500005,26.210593880000033],[89.03304813500006,26.20365336200007],[89.02911695700004,26.19866663700003],[89.02368711700007,26.19829299500003],[89.01930420000008,26.191337470000065],[89.02293442300004,26.192507146000025],[89.02830938900007,26.189096203000076],[89.03035929700008,26.182342306000066],[89.03312646700005,26.180758291000075],[89.03333674600003,26.178657094000073],[89.03547658000008,26.182002557000033],[89.03740635500003,26.181887945000028],[89.03489985700008,26.178556981000042],[89.03724635500004,26.174414875000025],[89.04145639200004,26.17389220800004],[89.04196994100005,26.17674820600007],[89.04372278800008,26.17420072300007],[89.04740920400008,26.175080095000055],[89.05701700400004,26.167911724000078],[89.06159518600003,26.170147529000076],[89.06529108100005,26.16929181200004],[89.06654684500006,26.17050589400003],[89.07292375500003,26.170549924000056],[89.08330756100008,26.162063690000025],[89.08512046200008,26.156765026000073],[89.09400571200007,26.151057282000068],[89.09795416000009,26.14627917200005],[89.09674827300006,26.136380276000068],[89.10159724400006,26.120369855000035],[89.09874086400004,26.11571671400003],[89.09026610700005,26.115172529000063],[89.08909975800003,26.089068245000078]],[[89.02585780400005,26.24173085900003],[89.02538583300009,26.24058664100005],[89.02332131300005,26.240833894000048],[89.02201565800004,26.24267027700006],[89.02576141400004,26.242747077000047],[89.02585780400005,26.24173085900003]]]}},{"type":"Feature","id":"lalmonirhat-kaliganj","properties":{"canonical_id":"lalmonirhat-kaliganj","name_en":"Kaliganj","name_bn":"কালীগঞ্জ","district_id":"lalmonirhat","division_id":"rangpur","pcode":"BD-F-32-490","parent_pcode":"BD5552","source_name":"Kaliganj","match_method":"exact_name_or_alias","boundary_reference_year":"2020","boundary_source":"geoBoundaries gbOpen BGD ADM3 / BBS, OCHA ROAP","source_dataset_updated":"2026-08-09"},"geometry":{"type":"Polygon","coordinates":[[[89.36769452200008,26.009557364000045],[89.36662421700004,26.010341924000045],[89.36426313700008,26.00834825800007],[89.36298418400008,26.009473240000034],[89.36244691000007,26.008384830000068],[89.36039580000005,26.009288213000048],[89.35964099700004,26.007937833000028],[89.35949953300008,26.00924168000006],[89.35710712500008,26.00799239500003],[89.35627095700005,26.009970406000036],[89.35530302500007,26.008433138000044],[89.35319819100005,26.01197363700004],[89.35171619800008,26.009953412000073],[89.35099784400006,26.011566480000056],[89.34848562700006,26.010480664000056],[89.34902824600005,26.011747245000038],[89.34643384500004,26.01160606600007],[89.34420663800006,26.013298037000027],[89.34689364700006,26.01360131100006],[89.34916665400004,26.016241750000063],[89.34535907100008,26.014488442000072],[89.34368317700006,26.01713514900007],[89.34342602400005,26.01468581000006],[89.34003236800004,26.015347097000074],[89.33971476400006,26.017873059000067],[89.33727523000005,26.018076102000066],[89.33903581400006,26.018280210000057],[89.33727787900006,26.01894768300008],[89.33717823600006,26.020075348000034],[89.33869104300004,26.019460690000074],[89.33731649400005,26.022237870000026],[89.33447323900003,26.02008785000004],[89.33858348200005,26.023406469000065],[89.33633628400008,26.023499798000046],[89.33661423300003,26.026527180000073],[89.33480486000008,26.025720226000033],[89.33159792600009,26.029544308000027],[89.33073215000007,26.027278695000064],[89.32884969300005,26.028341969000053],[89.33002785600007,26.02895869300005],[89.32758687000006,26.030381781000074],[89.32894629500004,26.031534071000067],[89.32597034600008,26.032548872000064],[89.32789474700007,26.033317082000053],[89.32550755800008,26.034866065000074],[89.32586242400004,26.036634781000032],[89.32427657500006,26.036049485000035],[89.31917689500006,26.039261621000037],[89.31550397200004,26.037263289000066],[89.31688309600008,26.039021536000064],[89.31089865500007,26.040997607000065],[89.30732294100005,26.045356948000062],[89.30641191900008,26.044404021000048],[89.30615165400008,26.04660849000004],[89.30510181800008,26.045408655000074],[89.30371295900005,26.045665201000077],[89.30459805000004,26.047070293000047],[89.29994086500005,26.04768752800004],[89.30037224100005,26.050521811000067],[89.29834588900007,26.050293714000077],[89.29657701900004,26.045418924000046],[89.29161850600008,26.046520798000074],[89.29091256200007,26.04536434700003],[89.28920695100004,26.048250104000033],[89.27877107400008,26.04863867800003],[89.27823048400006,26.037052808000055],[89.28035719900004,26.035419494000053],[89.27785798600007,26.029023769000048],[89.27608815200006,26.02819492800006],[89.27485318200007,26.03069384300005],[89.26203252700003,26.030096766000042],[89.25999993800008,26.034674450000068],[89.25585155600004,26.035061160000055],[89.25337096300007,26.03314033600003],[89.25126809600005,26.02210904800006],[89.24896404400005,26.020962773000065],[89.24754494500007,26.023022001000072],[89.24102829000003,26.022749213000054],[89.23748054700008,26.024969268000063],[89.23783872400008,26.03082446700006],[89.23235346700005,26.042132953000078],[89.22582923400006,26.045999951000056],[89.21748609400004,26.047914364000064],[89.21697046200006,26.051238883000053],[89.21395756600003,26.05442567500006],[89.21531229200008,26.05720674300005],[89.21210444500008,26.060224822000066],[89.20717558100006,26.05819954100008],[89.20338080900007,26.053964221000058],[89.19922733100003,26.053002199000048],[89.19389279100005,26.05839067100004],[89.18862908500006,26.059819422000032],[89.18444349400005,26.058115264000037],[89.17857068600006,26.059027228000048],[89.17254173700007,26.046040296000058],[89.16786515500007,26.04593837500005],[89.16380834100005,26.042353460000072],[89.15732225500005,26.039790957000037],[89.16216805000005,26.02425941100006],[89.15742958300007,26.02546831500007],[89.13285371900008,26.025327463000053],[89.13422411400006,26.015196941000056],[89.14065640700005,25.999067242000024],[89.13789901700005,25.99894417200005],[89.13549639200005,25.99343719500007],[89.13208225500006,25.99195061900008],[89.12696416300008,25.986701451000044],[89.11964342500005,25.989958423000076],[89.12095793300006,25.984614304000047],[89.12364838100007,25.98133831900003],[89.12908423800008,25.978536500000075],[89.14184304200006,25.964174249000052],[89.15635647300007,25.953581756000062],[89.17270473700006,25.95073813600004],[89.17604767200004,25.95294513400006],[89.17949723600003,25.952711333000025],[89.19205077600003,25.942613077000033],[89.19671620200006,25.946338841000056],[89.20057687200006,25.945598906000043],[89.202761,25.939377230000048],[89.20476280400004,25.939220625000075],[89.20667695600008,25.93584224700004],[89.21080093600006,25.93327387200003],[89.21165733100008,25.927680253000062],[89.21764065400004,25.92034460700006],[89.22016860600007,25.92003260300004],[89.22231323600005,25.92302217200006],[89.22335832700008,25.91734426100004],[89.23012318400004,25.911599756000044],[89.23483397800004,25.904672511000058],[89.24739885800005,25.90082959700004],[89.25217127800005,25.897161751000056],[89.25890721200005,25.89753888900003],[89.26407722800008,25.890397405000044],[89.27221666400004,25.89224495800005],[89.27579122400005,25.896263532000035],[89.27930514200006,25.896643348000055],[89.28177467400008,25.89623741500003],[89.28511733600004,25.89143944500006],[89.29136335500004,25.889979639000046],[89.29184370000007,25.892813904000036],[89.28764056600005,25.900151339000047],[89.28304288000004,25.902890052000032],[89.27680704400007,25.90393304400004],[89.27457825600004,25.919424591000052],[89.27630802200008,25.91924305200007],[89.27706026700008,25.91633702200005],[89.27944054300008,25.91595157100005],[89.27803154500003,25.92577100500006],[89.27678698600005,25.926556017000053],[89.27964476200003,25.92881184400005],[89.27771599300007,25.928445010000075],[89.27505140300008,25.932515891000037],[89.28342285500008,25.933967840000037],[89.28516742500005,25.931831369000065],[89.28835258100008,25.933820576000073],[89.29060071700007,25.930801047000045],[89.29574785100004,25.932747765000045],[89.29866966500003,25.930177779000076],[89.30205180300004,25.930968961000076],[89.30183134500004,25.934063923000053],[89.29969353000007,25.93514110800004],[89.30302530500006,25.938523521000036],[89.29973957300007,25.941710357000034],[89.30824854000008,25.942655329000047],[89.31156394200008,25.94436925100007],[89.31426308400006,25.949576895000064],[89.32120606900008,25.95446978500007],[89.31885113100003,25.955328388000055],[89.32112142300008,25.95709192000004],[89.32071260000004,25.959200105000036],[89.32296617700007,25.959647466000035],[89.32114402900004,25.960387825000055],[89.32164946600005,25.962007055000072],[89.32471518000006,25.963351558000056],[89.32129198800004,25.966698506000057],[89.32250923300006,25.96852705400005],[89.32151352400007,25.96981700500004],[89.32689964100007,25.97382194000005],[89.32410361200004,25.977073664000045],[89.32354173600004,25.980282743000032],[89.32506085500006,25.981926445000056],[89.32781493100003,25.981237217000057],[89.32827213000007,25.986705614000073],[89.33503542900007,25.98833960500008],[89.33379610700007,25.98991464100004],[89.33740749300006,25.988812689000042],[89.34417294200006,25.991624064000064],[89.35738380900005,25.989616703000024],[89.36608624100006,25.99132105800004],[89.36890315500005,25.995233599000073],[89.36723194700005,25.99968691600003],[89.36846156700005,26.000155622000023],[89.36769452200008,26.009557364000045]]]}},{"type":"Feature","id":"lalmonirhat-lalmonirhat-sadar","properties":{"canonical_id":"lalmonirhat-lalmonirhat-sadar","name_en":"Lalmonirhat Sadar","name_bn":"লালমনিরহাট সদর","district_id":"lalmonirhat","division_id":"rangpur","pcode":"BD-F-32-489","parent_pcode":"BD5552","source_name":"Lalmonirhat Sadar","match_method":"exact_name_or_alias","boundary_reference_year":"2020","boundary_source":"geoBoundaries gbOpen BGD ADM3 / BBS, OCHA ROAP","source_dataset_updated":"2026-08-09"},"geometry":{"type":"Polygon","coordinates":[[[89.33504951400005,25.84955162600005],[89.33455198900003,25.837255911000057],[89.33878026100007,25.83175464800007],[89.34225936100006,25.832377691000033],[89.34656185600005,25.829048186000023],[89.34891592200006,25.825914131000047],[89.34863937900008,25.823860310000043],[89.34650778400004,25.822597857000062],[89.34751456500004,25.821111337000048],[89.35314273200004,25.821747136000056],[89.36171630900003,25.816924749000066],[89.36729350900004,25.818623599000034],[89.37060979100005,25.81750757700007],[89.37119327200008,25.810273263000056],[89.37567895800004,25.80487412900004],[89.38396678000004,25.800829115000056],[89.38843704700008,25.796855092000044],[89.40865427300008,25.795846649000055],[89.41127853700004,25.793520812000054],[89.41459692100005,25.792705149000028],[89.41639727900008,25.794052194000074],[89.41888756300006,25.792252234000046],[89.41966447500005,25.79350259100005],[89.42938980900004,25.79518056200004],[89.42955291200008,25.788259776000075],[89.43785274800007,25.788446159000046],[89.44286345700004,25.786131199000067],[89.44643184400007,25.786965416000044],[89.44697021800005,25.784191887000077],[89.45069487100005,25.787906015000033],[89.45523298300003,25.78391265500005],[89.45775440700004,25.78660622700005],[89.45918736000004,25.786375090000035],[89.46085697600006,25.789224028000035],[89.46186804900003,25.79876846600007],[89.46146014800007,25.802185915000052],[89.45906833600009,25.80470428500007],[89.46047920000007,25.807540408000023],[89.45891908200008,25.809700098000064],[89.45938548400005,25.81216756500004],[89.46483406900006,25.81424823900005],[89.46662456200005,25.81166379700005],[89.46680427200005,25.81455741700006],[89.46979353800003,25.811459236000076],[89.47186859100003,25.812863606000064],[89.46858881000009,25.814696579000042],[89.47064842300006,25.81677815300003],[89.47030202000008,25.818746542000042],[89.46906391100003,25.818618428000036],[89.46939960300006,25.817029259000037],[89.46633390400007,25.817391083000075],[89.46282117100003,25.822921380000025],[89.46079993400008,25.820841533000078],[89.45929643400007,25.820794183000032],[89.45933045700008,25.822502090000057],[89.45820183800004,25.820026515000052],[89.45589785100003,25.820220517000052],[89.45609876800006,25.81650602800005],[89.45178637900005,25.817456592000042],[89.45208102300006,25.82246534500007],[89.45379946800006,25.822692482000036],[89.45475219600007,25.82502577300005],[89.46371654400008,25.829512564000026],[89.46605729900006,25.829153215000076],[89.46710921100004,25.825974036000048],[89.46855917000005,25.826715283000055],[89.47035557900006,25.82492884100003],[89.47099967700007,25.826275515000077],[89.47470995500004,25.82671676600006],[89.47558247800004,25.83044024000003],[89.47782222100005,25.832206880000058],[89.47746435300007,25.834813543000053],[89.47920739600005,25.833463059000053],[89.47975069200004,25.834720162000053],[89.48277179400009,25.834023794000075],[89.48253989100004,25.83221134400003],[89.48461850400008,25.831399830000066],[89.48260912000006,25.829627905000052],[89.48376797500003,25.826564113000074],[89.48563133200008,25.825827445000073],[89.48533536800005,25.82166078000006],[89.49014338800004,25.816924596000035],[89.48765253300007,25.81535817400004],[89.48861999500008,25.813241238000046],[89.48999516200007,25.812296797000045],[89.49678991900004,25.81303948300007],[89.49228648300004,25.809103137000022],[89.49698617100006,25.810345289000054],[89.49865053500008,25.80755175200005],[89.50594254200007,25.805158377000055],[89.50882182300006,25.808247350000045],[89.51120176500007,25.80572641400005],[89.51904941600009,25.805452338000066],[89.51913280500008,25.812287738000066],[89.52105405900005,25.814487798000073],[89.51652761400004,25.816006214000026],[89.51677383600008,25.820326738000063],[89.52016852800006,25.82047456400005],[89.52237006100006,25.814088601000037],[89.52942555800007,25.814098065000053],[89.53306681900006,25.81660038800004],[89.53574821100005,25.82391535100004],[89.53489726000004,25.826807298000062],[89.53620948500009,25.828521541000043],[89.53664561600004,25.83895196700007],[89.53343388800005,25.840830637000067],[89.53215965400005,25.85258238600005],[89.53368781200004,25.85901717300004],[89.53281528000008,25.86398646500004],[89.53137845500004,25.862543819000052],[89.52992556800007,25.86556414300003],[89.53269840500008,25.868485242000077],[89.54510878600007,25.86459834200008],[89.54541318600008,25.862807985000074],[89.55227867700006,25.861618746000033],[89.55466659800004,25.864173660000063],[89.55444349600003,25.877256205000037],[89.55978301300007,25.878968995000037],[89.56606215700003,25.87900032600004],[89.56701328500003,25.881213805000073],[89.57040597500009,25.88164095700006],[89.57106580000004,25.88542136700005],[89.56412120000005,25.884888786000033],[89.56064097100005,25.88719333100005],[89.55782269800005,25.885868095000035],[89.55393256300005,25.888379481000072],[89.54631228400007,25.88863464800005],[89.54429597500007,25.896706691000077],[89.53892253400005,25.89819939100005],[89.53751075000008,25.900133496000024],[89.53340346400006,25.900196529000027],[89.52951168100003,25.915301631000034],[89.52276541500004,25.914958455000033],[89.51745824300008,25.91753414200008],[89.51623832000007,25.92178256300008],[89.51766733000005,25.92611656400004],[89.51299644500006,25.929077961000075],[89.51175994100004,25.933570082000074],[89.50975360000007,25.933417703000032],[89.51211628200008,25.93850720200004],[89.51160096400008,25.94412087300003],[89.49662790000008,25.954354531000035],[89.50086099400005,25.95540027100003],[89.50371750900007,25.95900676100007],[89.50354544000004,25.964084288000038],[89.49868419200004,25.96615058900005],[89.50225564300007,25.967487465000033],[89.50102055200006,25.97018932000003],[89.49952885700009,25.970514885000057],[89.49578579100006,25.96497117000007],[89.49075618400008,25.96433897600008],[89.49058437900004,25.962553867000054],[89.48195663300004,25.96180256400004],[89.47249256400005,25.976213143000052],[89.47580915100008,25.98560142900004],[89.48192178000005,25.990491029000054],[89.48124413100004,25.99754461400005],[89.46158974000008,25.99846057600007],[89.45985232900006,25.999843904000045],[89.44937155800005,25.99364010800008],[89.44032711700004,25.99158783100006],[89.44273902000003,25.988357179000047],[89.44120701200006,25.984911526000076],[89.43939073900003,25.984283709000067],[89.44050764600007,25.97970377300004],[89.43730057300007,25.97731596600005],[89.43774859300004,25.974749889000066],[89.44048366000004,25.973557280000023],[89.43834296400007,25.972981248000053],[89.44074836000004,25.966697988000078],[89.43676149900006,25.96635294600003],[89.43591177100006,25.962037390000035],[89.43214773200003,25.960959428000024],[89.43758423600008,25.950879781000026],[89.43665314100008,25.947018213000035],[89.43883679000004,25.929208191000043],[89.43593712500007,25.92743161900006],[89.43647017400008,25.924598914000057],[89.43452040000005,25.922718210000028],[89.43116200100008,25.922815682000078],[89.42907248500006,25.916736650000075],[89.42618935200005,25.914280460000043],[89.42061137600007,25.92281960200006],[89.41628305900008,25.92229713300003],[89.41617910600007,25.920215360000043],[89.41949584000008,25.918544634000057],[89.42132594700007,25.919499512000073],[89.42116838200008,25.917004415000065],[89.42261277000006,25.916043991000038],[89.42108079700006,25.91423701100007],[89.41647913600008,25.914097224000045],[89.41788772900009,25.911022049000053],[89.41615019500006,25.903463929000054],[89.41515453800008,25.904176090000078],[89.40947064300008,25.902032191000046],[89.40434491800005,25.89961326400004],[89.40334330400003,25.89759438300007],[89.40199292800008,25.89885806600006],[89.40282993000005,25.895582021000052],[89.40066146500004,25.894642447000024],[89.39665175700009,25.89530531300005],[89.39426707500007,25.893952761000037],[89.39037704600008,25.89579094900006],[89.38992178900008,25.893926649000036],[89.39277536000003,25.892099941000026],[89.39219865300004,25.885193151000067],[89.38518918700004,25.879838319000044],[89.38052259700004,25.882127265000065],[89.37723924900007,25.881214186000022],[89.37920267300007,25.87928515400006],[89.38022854700006,25.87457600700003],[89.37341542700005,25.873432705000027],[89.36852158000005,25.876348418000077],[89.35623483900008,25.87453137700004],[89.35356774300004,25.876116654000043],[89.35219499500005,25.874798401000078],[89.35079070200004,25.875262236000026],[89.35003022100005,25.879312612000035],[89.34677639600005,25.87881886200006],[89.34628771700005,25.863892218000046],[89.34937720400006,25.866755544000057],[89.35046954200004,25.86217671600008],[89.34436554300004,25.859879427000067],[89.34133359900005,25.86171228300003],[89.33875804700006,25.86053912600005],[89.33810625700005,25.858404575000066],[89.33530754900005,25.85839573900006],[89.33504951400005,25.84955162600005]]]}},{"type":"Feature","id":"lalmonirhat-patgram","properties":{"canonical_id":"lalmonirhat-patgram","name_en":"Patgram","name_bn":"পাটগ্রাম","district_id":"lalmonirhat","division_id":"rangpur","pcode":"BD-F-32-492","parent_pcode":"BD5552","source_name":"Patgram","match_method":"exact_name_or_alias","boundary_reference_year":"2020","boundary_source":"geoBoundaries gbOpen BGD ADM3 / BBS, OCHA ROAP","source_dataset_updated":"2026-08-09"},"geometry":{"type":"MultiPolygon","coordinates":[[[[89.18089583900007,26.24517005900003],[89.17759902100005,26.24466252700006],[89.17772949400006,26.24110582700007],[89.18026868600003,26.239299285000072],[89.18407450300003,26.243110897000065],[89.18723437500006,26.24319765300004],[89.18089583900007,26.24517005900003]]],[[[89.01251323200006,26.26576469500003],[89.00891498700008,26.267505592000077],[89.00442206200006,26.265450938000072],[89.00575322000003,26.263733409000054],[89.00404140100005,26.255598476000046],[89.00392653400007,26.26359773300004],[89.00110923200003,26.263155504000053],[88.99966619000008,26.260941314000036],[89.00058283300007,26.25687346600006],[88.99803966000007,26.254917946000035],[88.99886023200008,26.252968940000073],[89.00571419400006,26.249868324000033],[89.00779319800006,26.25703575400007],[89.01130851200008,26.25836352600004],[89.01118478900008,26.261444312000037],[89.01441236400007,26.26392289300003],[89.01460041600006,26.26574179000005],[89.01251323200006,26.26576469500003]]],[[[89.14200938000005,26.26952508100004],[89.14171864100007,26.27148319500003],[89.13794554900005,26.269242285000075],[89.13580674100007,26.271238372000028],[89.13701055800004,26.266686549000042],[89.13331761100005,26.261987302000023],[89.13794085000006,26.251103038000053],[89.14177937000005,26.248832657000037],[89.14394173000005,26.249315632000048],[89.14553483900005,26.24750182100007],[89.14552184400009,26.24363168700006],[89.14259294300007,26.241793763000032],[89.15292775100005,26.23682928100004],[89.15639220100007,26.23786260600008],[89.15649258400003,26.244414320000033],[89.15250780800005,26.24460474500006],[89.15258450800007,26.245634506000044],[89.15657082800004,26.246881961000042],[89.15637587000003,26.249874500000033],[89.15975829500007,26.250754339000025],[89.16315509800006,26.239324788000033],[89.16063584000005,26.236490212000035],[89.15846679600008,26.237175584000056],[89.15780610800005,26.234774505000075],[89.16245900100006,26.234864335000054],[89.16666147800004,26.240425264000066],[89.17089374500006,26.240344221000043],[89.16851080400005,26.242374402000053],[89.16977060300007,26.244558251000058],[89.16633309700006,26.251630087000024],[89.16769026800006,26.254077489000053],[89.16892374300005,26.251884369000038],[89.17055628900005,26.25543995700008],[89.16742615600003,26.259302071000036],[89.16999361900008,26.259099672000048],[89.17171773400008,26.256779572000028],[89.17391817400005,26.257138732000044],[89.17163009600006,26.263309873000026],[89.16806407100006,26.263407200000074],[89.16992169300005,26.261249855000074],[89.16795149900008,26.260672448000037],[89.16437308700006,26.26194282000006],[89.16808983200008,26.263656775000072],[89.16392301500008,26.26688979200003],[89.15317210200004,26.266004587000054],[89.15268832600003,26.26138565800005],[89.14996958000006,26.256567293000046],[89.15035088200005,26.249748701000044],[89.14883203200009,26.255161061000024],[89.14014077400003,26.255199584000025],[89.13988385300007,26.262126098000067],[89.14754820000007,26.262266604000047],[89.14666493000004,26.26562804100007],[89.14238659000006,26.266658377000056],[89.14200938000005,26.26952508100004]]],[[[89.02772983700004,26.273324064000064],[89.02236132200005,26.271194620000074],[89.02438988000006,26.26939927600006],[89.02373904400008,26.26628217600006],[89.02714779800004,26.265169375000028],[89.02884646400008,26.25718981500006],[89.03284098800003,26.256304294000074],[89.03475083100005,26.25787912800007],[89.03678518300006,26.264281243000028],[89.03272864800005,26.265709306000076],[89.03359182000008,26.268949689000067],[89.02772983700004,26.273324064000064]]],[[[89.00040618100007,26.27753849000004],[89.00308403000008,26.28141125700006],[89.00012651900005,26.28365689700007],[88.99293901700008,26.280114785000023],[88.99556998200006,26.27723330400005],[89.00040618100007,26.27753849000004]]],[[[89.11493003800007,26.284905692000052],[89.11271207600004,26.284668531000023],[89.11195522000008,26.276244951000024],[89.11483111700005,26.278556061000074],[89.11674994900005,26.278272182000023],[89.11871211900007,26.281240651000076],[89.11776249800005,26.284677658000078],[89.11493003800007,26.284905692000052]]],[[[89.13017751900009,26.29277056600006],[89.12943550300008,26.291786428000023],[89.13159847500003,26.291151143000036],[89.13160895100003,26.292728449000037],[89.13017751900009,26.29277056600006]]],[[[89.13292579800003,26.29479331500005],[89.13491577000008,26.295794559000058],[89.13450994000004,26.297964698000044],[89.13097074000007,26.296713112000077],[89.13292579800003,26.29479331500005]]],[[[89.14701761600008,26.30183571300006],[89.14653553900007,26.304441645000054],[89.14383560800007,26.302677892000077],[89.14381556800004,26.301655810000057],[89.14701761600008,26.30183571300006]]],[[[88.92779848800006,26.335485950000077],[88.92132796700008,26.335525731000075],[88.92173138000004,26.329669228000057],[88.92384499900004,26.32754423500006],[88.91812191100007,26.32565730700003],[88.92373813200004,26.318224026000053],[88.92540307000007,26.318681725000033],[88.92685218500009,26.316330039000036],[88.92320657300007,26.315226909000046],[88.92873871600005,26.310952540000073],[88.93071067200003,26.307418150000046],[88.93062113600007,26.30406978900004],[88.92678239300005,26.302270916000055],[88.92350885200005,26.297945755000057],[88.92539338400007,26.293955483000047],[88.92796741100005,26.291884120000077],[88.93304426800006,26.292343902000027],[88.94337632700007,26.286766714000066],[88.94559550500009,26.28156216700006],[88.95445894700003,26.274720932000037],[88.96095258200006,26.276992902000075],[88.97290104100006,26.278258403000052],[88.97325505900005,26.279303119000076],[88.97614205900004,26.278108470000063],[88.97345616600006,26.28197805800005],[88.97523157500007,26.284143973000027],[88.98151432900005,26.283055542000056],[88.98394446800006,26.293189925000036],[88.98298703300009,26.295216297000024],[88.98475724500008,26.295406598000056],[88.98359747900008,26.299584208000056],[88.97958090000003,26.301216281000052],[88.97949893800006,26.299207952000074],[88.97640128400008,26.298967851000043],[88.97578119200006,26.295387908000066],[88.96971116000003,26.294840543000078],[88.96765847600005,26.29735308900007],[88.96776791100007,26.29625117100005],[88.96083534700006,26.29503718600006],[88.96112345600005,26.299891150000064],[88.96457797600004,26.300827705000074],[88.96391111100007,26.304140044000064],[88.96264035800004,26.30397408700003],[88.96242934600008,26.305397180000057],[88.95342272900007,26.30363032300005],[88.95329094000004,26.30792055300003],[88.95645888800004,26.309121809000032],[88.95376867200008,26.309397705000038],[88.95194166700009,26.316384377000077],[88.94902903400003,26.318453643000055],[88.93756146300007,26.31298564100007],[88.93549196300006,26.32134968200006],[88.93754409800005,26.323213446000068],[88.94216419500003,26.323208915000066],[88.94168433300007,26.330940937000037],[88.93840104400005,26.33502459600004],[88.92776642100006,26.331783673000075],[88.92779848800006,26.335485950000077]]],[[[88.94125091400008,26.35522014600008],[88.93812915600006,26.354708935000076],[88.93862793800008,26.350877757000035],[88.94258994600006,26.352476894000063],[88.94125091400008,26.35522014600008]]],[[[89.07595959400004,26.40121207800007],[89.07496708400004,26.405568224000035],[89.07245904200005,26.40340371900004],[89.07241179800008,26.401161471000023],[89.07595959400004,26.40121207800007]]],[[[89.06871442400006,26.40167409600008],[89.06709657200008,26.40610736600007],[89.06595288100004,26.401913411000066],[89.06871442400006,26.40167409600008]]],[[[89.05809098600008,26.401186410000037],[89.05925917300004,26.404255384000066],[89.05596439000004,26.407947853000053],[89.05416398400007,26.40753079700005],[89.05584551100009,26.401726874000076],[89.05809098600008,26.401186410000037]]],[[[89.12692705600006,26.248929387000032],[89.12611962600005,26.25081160800005],[89.12389763300007,26.24985096900008],[89.11978669000007,26.252728863000073],[89.12221196000007,26.255643478000025],[89.12135720000003,26.25832817400004],[89.12532711500006,26.261325810000073],[89.12515959700005,26.263562644000046],[89.11159357800005,26.272755931000063],[89.10933859500005,26.27219086300005],[89.10903871400006,26.27535720000003],[89.10601937900003,26.273957909000046],[89.10491370200003,26.27556734500007],[89.10597420600004,26.281184438000025],[89.10338209400004,26.281118266000078],[89.10199003900004,26.27816992100003],[89.10005472000006,26.279566018000025],[89.10258362500008,26.28180923700006],[89.10253663200007,26.28871255300004],[89.10707507900008,26.291749397000046],[89.10326313500008,26.29361021300008],[89.10365215800005,26.297036954000077],[89.10731557900004,26.29932844800004],[89.10377883800004,26.302035751000062],[89.09973736000006,26.30268021100005],[89.09919529800004,26.30412142800003],[89.10287838500005,26.308397099000047],[89.10268413800009,26.31224984200003],[89.10492327600008,26.313198116000024],[89.10469019800007,26.315925081000046],[89.10603211000006,26.31584654200003],[89.10497073600004,26.313917186000026],[89.10824357300004,26.31312698800008],[89.10903764700004,26.304566675000046],[89.11418777400007,26.303740048000066],[89.11385162800008,26.298327080000035],[89.11670133500007,26.297194930000046],[89.11688204300003,26.292414309000037],[89.11973609800003,26.287554498000077],[89.12190929000008,26.287594899000055],[89.12536566100005,26.29123444800007],[89.12451050300007,26.29411706600007],[89.12845647600005,26.296197645000063],[89.12822700700008,26.297965958000077],[89.13157151200005,26.297414960000026],[89.13110888600005,26.298721902000068],[89.13240809200005,26.298822834000077],[89.13235421200005,26.300318941000057],[89.12995081100007,26.300451311000074],[89.13038946500006,26.29897549700007],[89.12862087400003,26.298890495000023],[89.12739316800008,26.301669316000073],[89.12746213100007,26.303136471000073],[89.12886818600003,26.30321211000006],[89.12872678900004,26.301639581000074],[89.13127979200004,26.301009845000067],[89.13051393200004,26.305285222000066],[89.12564384500007,26.304251574000034],[89.12515907300008,26.305447712000046],[89.13369025100008,26.30592151600007],[89.13425480300003,26.307470781000063],[89.13594097800006,26.307512080000038],[89.13487952100007,26.311353288000078],[89.13289917800006,26.311288130000037],[89.13476483400007,26.313246982000067],[89.12949853400005,26.313137347000065],[89.13597623400005,26.314713237000035],[89.13577835000007,26.32133135400005],[89.12824745200004,26.31888665200006],[89.12439699300006,26.32093690100004],[89.12959358800003,26.320583663000036],[89.12854598700005,26.322418464000066],[89.12347077000004,26.322243399000058],[89.11543813500003,26.32001365600007],[89.11642094600006,26.318614662000073],[89.11267156200006,26.318509438000035],[89.10996552100005,26.325361138000062],[89.10564604000007,26.326611503000038],[89.10428597300006,26.323387241000034],[89.10045165200006,26.323414166000077],[89.09865138500004,26.324171243000023],[89.09934308900006,26.328377155000055],[89.09673248800004,26.329322184000034],[89.09537318700006,26.325676601000055],[89.09355946500006,26.325908858000048],[89.09185021800005,26.320416272000045],[89.08979027400005,26.32246755500006],[89.08744419200008,26.321587930000078],[89.08720414800007,26.323229058000038],[89.08373560000007,26.322297866000042],[89.09157370200006,26.32817631200004],[89.09089272700004,26.329595442000027],[89.09527491900008,26.32988167800005],[89.09828131000006,26.33602924400003],[89.10128502900005,26.336633391000078],[89.10022602600009,26.339041733000045],[89.09771407500006,26.33986886200006],[89.09789647200006,26.349871775000054],[89.09593302400003,26.35026550200007],[89.09590606700004,26.35387690600004],[89.09330531500007,26.35304067800007],[89.09386133100008,26.354715369000075],[89.09582291300006,26.354274458000077],[89.09828154000007,26.35902877600006],[89.08981833300004,26.360626463000074],[89.08969539900005,26.362078879000023],[89.08575391900007,26.362860615000045],[89.08575840300006,26.363970008000024],[89.08412349000008,26.364171484000053],[89.08289275000004,26.362225445000036],[89.07966079800008,26.36293702000006],[89.07988697200005,26.366775677000078],[89.08835797800003,26.365788664000036],[89.09058239600006,26.37518558900007],[89.08887815500003,26.37585548100003],[89.08899799300008,26.38101764700008],[89.09176362900007,26.38258949300007],[89.09161265300008,26.385385495000037],[89.08997558500005,26.385478086000035],[89.09083070500003,26.38815900900005],[89.09427039800005,26.389352072000065],[89.09570491600005,26.391528823000044],[89.09193783700005,26.39382338100006],[89.09040025600007,26.391846196000074],[89.08593586300003,26.392449405000036],[89.08126577700006,26.39028330700006],[89.07992118300007,26.391594461000068],[89.08072955000006,26.393022556000062],[89.08205884800003,26.39253750900008],[89.08668376800006,26.395351740000024],[89.08726909100005,26.397763646000044],[89.08441334900004,26.398375891000057],[89.07530170800004,26.396079104000023],[89.07374651200007,26.391269243000067],[89.07477752000005,26.396074829000042],[89.07118104900007,26.398501586000066],[89.06848466400004,26.39769928900006],[89.06721875200003,26.400108918000058],[89.06436752200005,26.399055774000033],[89.06438938300005,26.396733537000046],[89.06180682300004,26.39790309800003],[89.06299970100008,26.40083700200006],[89.06143120500008,26.398285714000053],[89.05896838700005,26.39893609300003],[89.05779873000006,26.395453858000053],[89.05568098300006,26.395943045000024],[89.05414600700004,26.398749826000028],[89.03938683300004,26.400292171000046],[89.03776274400008,26.399765039000044],[89.03740000100004,26.39526522600005],[89.03350641000009,26.395526290000078],[89.03434164100008,26.399562015000072],[89.03174465100005,26.39963614900006],[89.03136559200004,26.403926038000066],[89.02934132700005,26.404952426000023],[89.02997034900005,26.407106799000076],[89.02439179000004,26.40784072200006],[89.02197404900005,26.405868691000023],[89.02264307300004,26.404010493000044],[89.01935411000005,26.404228560000035],[89.01891071400007,26.406159733000038],[89.02302579300004,26.40831971700004],[89.02170567500008,26.414171384000042],[89.01787634400006,26.41523284300007],[89.00716589300004,26.41283469900003],[89.00503013800005,26.41682918500004],[89.00588128800007,26.421524176000048],[89.00227621100004,26.422213385000077],[88.99922786700006,26.42187579600005],[88.99875304100004,26.420444210000028],[88.99567906000004,26.420789201000048],[88.99585436800004,26.422688718000074],[88.99367560800005,26.423071565000043],[88.99296161600006,26.420397610000066],[88.99595959100003,26.41976384700007],[88.99525033900005,26.41675400200006],[88.99789861900007,26.415533106000055],[88.99839957000006,26.413275284000065],[88.99397031200004,26.412897024000074],[88.99270861800005,26.418995448000032],[88.99136259700003,26.420234110000024],[88.98294973300005,26.421145481000053],[88.98357323100004,26.42448930000006],[88.98068745500007,26.42535542400003],[88.98384111700005,26.429498306000028],[88.97854781100006,26.433963127000027],[88.97872230300004,26.436098688000072],[88.98281792300008,26.438083670000026],[88.98423154100004,26.441690421000033],[88.98087501300006,26.44184936100004],[88.98094607300004,26.444251630000053],[88.98242708000004,26.444012926000028],[88.98320573400008,26.446594453000046],[88.97847056100005,26.446269605000055],[88.97935801900007,26.44973195600005],[88.97724738700003,26.449210478000055],[88.97575912900004,26.446514991000072],[88.97498248900007,26.44995238000007],[88.96624922400008,26.451342453000052],[88.96565483400008,26.457650716000046],[88.95579813100005,26.46029615200007],[88.95720703700005,26.459151552000037],[88.95725217900008,26.45486485600003],[88.95971322200006,26.45240056800003],[88.96521691900006,26.451983147000078],[88.96054022900006,26.448371456000075],[88.95109081600003,26.452119520000053],[88.95181218800008,26.44849695000005],[88.94613139600006,26.448036520000073],[88.94669394600004,26.443491279000057],[88.94902214400008,26.443247455000062],[88.94896201000006,26.439997281000046],[88.94684981800003,26.439422697000055],[88.95125774400003,26.435107044000063],[88.95114234400006,26.433716005000065],[88.94544325100009,26.432819745000074],[88.94549739500007,26.429099545000042],[88.94275886700007,26.428282086000024],[88.94471786400004,26.42568441900005],[88.93800031500007,26.42572802500007],[88.93631183600007,26.430399685000054],[88.92809645100004,26.433035932000053],[88.92614867100008,26.43216364600005],[88.92588680100005,26.427727366000056],[88.93360694900008,26.426622525000028],[88.93136621200006,26.424756536000075],[88.92295459400003,26.42342300300004],[88.92542011500007,26.416500013000075],[88.92898657700005,26.41674954100006],[88.93122162200007,26.41426525600008],[88.92650556600006,26.40689210900007],[88.91253528600004,26.408708192000063],[88.90670578300006,26.406744291000052],[88.90393921700007,26.408133711000062],[88.90518832800007,26.404324256000052],[88.90866622300007,26.403805770000076],[88.90989667800005,26.40087094000006],[88.91576167200003,26.403664450000065],[88.91801995500003,26.40088456500007],[88.91840725800006,26.39023107400004],[88.91638987300007,26.389300388000038],[88.91645274400008,26.384959237000032],[88.90969501000006,26.38231786500006],[88.90904222200004,26.380135678000045],[88.91229507800006,26.380384870000057],[88.91367271700005,26.37801683600003],[88.92054484700003,26.378648336000026],[88.92134087300008,26.377304741000046],[88.91950142100006,26.376960972000063],[88.92002392400008,26.374688942000034],[88.91319758200007,26.374335331000054],[88.91130157100008,26.37267495800006],[88.91096805000006,26.368154934000074],[88.91281129000004,26.36852605200005],[88.91188482100006,26.366197972000066],[88.91426783400004,26.36530299900005],[88.92000331700007,26.36632948400006],[88.92160185800003,26.362703606000025],[88.91848755700005,26.359974717000057],[88.91933350100004,26.359466465000025],[88.92230175000003,26.36324446900005],[88.92596156600007,26.364846965000027],[88.92892520800007,26.363853190000043],[88.93087436200005,26.360142653000025],[88.93572167700006,26.358642716000077],[88.93685335200007,26.35677867100003],[88.94138725400006,26.35785794700007],[88.94766631500005,26.355963048000035],[88.94731942200008,26.360701265000046],[88.95042293300008,26.36632189900007],[88.95329986100006,26.366066432000025],[88.95469516000009,26.361905940000042],[88.95838794800005,26.361773691000053],[88.95807615200005,26.357517077000068],[88.95348614100004,26.35625301300007],[88.94870920100004,26.352500904000067],[88.94981358200005,26.34861582800005],[88.94631289000006,26.346342462000052],[88.94609737800005,26.343979791000038],[88.95234484500008,26.34387306900004],[88.95288874000005,26.346325377000028],[88.95898557200007,26.343647030000056],[88.95593228900003,26.34134576400004],[88.95170297200008,26.342706054000075],[88.95297783600006,26.34221302000003],[88.95242470100004,26.33471304300008],[88.95394296100005,26.331976302000044],[88.95639934700006,26.331142502000034],[88.95592844000004,26.330108401000075],[88.96028469700008,26.330160850000027],[88.95941781400006,26.335989303000076],[88.96282637200005,26.336381102000075],[88.96349403800008,26.338561276000064],[88.96170078400007,26.340918086000045],[88.96259214100007,26.345546263000074],[88.95911159200006,26.348048535000032],[88.96134985500004,26.352403459000072],[88.96454860700004,26.348972764000052],[88.96668366500006,26.351934765000067],[88.96996180600007,26.34977690000005],[88.97264139100008,26.351802984000074],[88.97494307100004,26.35089049000004],[88.97737037700006,26.347094884000057],[88.97966891900006,26.346610811000062],[88.98268406700004,26.349109424000062],[88.98528924000004,26.34850055000004],[88.98508217700004,26.350043508000056],[88.98768631800004,26.347214],[88.98611622000004,26.347300090000033],[88.98711450400003,26.342521188000035],[88.98998289100007,26.338577275000034],[88.98721323400008,26.338069274000077],[88.98863883400008,26.33945545100005],[88.98592340700009,26.33990803000006],[88.98659293900005,26.341467126000055],[88.98174525800005,26.34110407600008],[88.98479219600006,26.334030338000048],[88.98686194300006,26.33212221200006],[88.98909980500008,26.332485812000073],[88.99002808800003,26.335481595000033],[88.99259856600008,26.334916105000048],[88.99179391000007,26.33338946400005],[88.99876918100006,26.33188937700004],[89.00090138600007,26.329857696000033],[88.99765125500005,26.322405815000025],[88.99504518700007,26.320961349000072],[88.99485294300007,26.322262875000035],[88.99148171200005,26.32244203700003],[88.99191917600007,26.320512731000065],[88.99403784000003,26.320017206000045],[88.99425541700003,26.317275885000072],[88.99705350700003,26.316534588000025],[88.99488256200004,26.31334236200007],[88.98500163200003,26.318154222000032],[88.98487457800007,26.312899338000022],[88.98287216300008,26.310182961000066],[88.98486821400007,26.30064330700003],[88.99223897100006,26.300732999000047],[88.99439776700007,26.29922437700003],[88.99484631200005,26.296772146000023],[88.99531650000006,26.30007938700004],[88.99752914300007,26.299727420000067],[88.99566409100004,26.290342354000074],[88.99997377200003,26.29076572400004],[89.00450152000008,26.29861377800006],[89.00433150400005,26.30377373500005],[89.00578411400005,26.302748531000077],[89.00666496400004,26.30443318600004],[89.00812453400005,26.30198989400003],[89.01021567500004,26.30194075000003],[89.01050017000006,26.298783701000048],[89.01299145600007,26.298074264000036],[89.01206966200004,26.29373137700003],[89.01683402600008,26.289494051000077],[89.02001225800007,26.293727982000064],[89.01426604300008,26.300336926000057],[89.01557946000008,26.30034815600004],[89.01766371000008,26.304752834000055],[89.02006031100007,26.305110754000054],[89.01867819200004,26.30720930900003],[89.02035650400006,26.307126667000034],[89.02111197800008,26.309175997000068],[89.02172363200003,26.307524675000025],[89.02259652900005,26.30825960800007],[89.02629508900009,26.306295378000073],[89.02093385500007,26.297300964000044],[89.02327815600006,26.293408163000038],[89.01969510500004,26.289898891000064],[89.02168269200007,26.28767209800003],[89.02466261200004,26.28814583700006],[89.02509143800006,26.286174585000026],[89.02993364900004,26.284821113000078],[89.03159185300007,26.285622568000065],[89.03536878600005,26.28328235300006],[89.03863278400007,26.283819208000068],[89.03850673700003,26.28557481300004],[89.04072586800004,26.285868588000028],[89.04061034400007,26.28402546600006],[89.03734409000003,26.28250635200004],[89.04027567600008,26.28083476000006],[89.03833271900004,26.278240874000062],[89.04014346700006,26.278194515000052],[89.03982002100008,26.276623436000023],[89.04508111900003,26.275260178000053],[89.04460854000007,26.279426579000074],[89.04328336000003,26.279370207000056],[89.04585696600003,26.280764728000065],[89.04811835800007,26.279874594000034],[89.04891755500006,26.287122244000045],[89.05035005300005,26.28807931600005],[89.04776305500008,26.288475147000042],[89.04728560700005,26.28272227700006],[89.04591736300006,26.28422920500003],[89.04474405200006,26.283682817000056],[89.04548356800007,26.289250856000024],[89.04643082800004,26.28893445800003],[89.04421726300006,26.290008018000037],[89.04206178800007,26.290110224000045],[89.04527482300006,26.29112256800005],[89.04635047000005,26.295734199000037],[89.05228618400008,26.296141958000078],[89.05303634300003,26.29208486400006],[89.05624612900004,26.293932184000028],[89.05859180200008,26.293343408000055],[89.06025957800006,26.289696035000077],[89.05747180500003,26.28603546100004],[89.06213097400007,26.28167297600004],[89.06208983300007,26.27807020000006],[89.05471195900003,26.27766064900004],[89.05430188400004,26.27635779600007],[89.05874311700006,26.275791084000048],[89.06292390000004,26.270238608000057],[89.05999993000006,26.267718501000047],[89.06251162000007,26.259568917000024],[89.06012759300006,26.256923907000044],[89.06287399000007,26.255867127000045],[89.06232566100005,26.253732933000038],[89.05905488900004,26.254088135000075],[89.05459092500007,26.257493887000066],[89.05194321600004,26.256106677000048],[89.05117155700003,26.252799177000043],[89.04882534900008,26.25180815400006],[89.04831921900006,26.249882772000035],[89.04794369800004,26.24580230500004],[89.04996182300005,26.245471036000026],[89.05062051100003,26.241769685000065],[89.04598527300004,26.240764522000063],[89.03729409400006,26.245832332000077],[89.03656159900004,26.24249750900003],[89.03900176900004,26.243930430000034],[89.04191891500005,26.242882251000026],[89.04187853800005,26.235366586000055],[89.04479702900005,26.23867985800007],[89.04436088500006,26.235236960000066],[89.04593729700008,26.237700465000046],[89.04914707600005,26.236266399000044],[89.05187213000005,26.23688031100005],[89.06222945100006,26.230841355000052],[89.06005552100004,26.22491999600004],[89.06201193700008,26.225080623000053],[89.07348855200007,26.21481072100005],[89.07407180400008,26.227313339000034],[89.07815151800008,26.234814947000075],[89.08190291800008,26.23705838500007],[89.08416583800005,26.23474787500004],[89.08673210600006,26.236044623000055],[89.08735165900003,26.238958697000044],[89.10011157000008,26.238381188000062],[89.10415381300004,26.242019155000037],[89.09671553000004,26.24528056200006],[89.09369035000003,26.24530270500003],[89.09265867200008,26.243903482000064],[89.09002888400005,26.249726870000075],[89.09042381000006,26.250846135000074],[89.09372242300003,26.24770234500005],[89.09347349100005,26.25179765100006],[89.09744983000007,26.25577510100004],[89.09581113700006,26.25782903100003],[89.09725371300004,26.259650098000066],[89.10014159600007,26.257311109000057],[89.10063205600005,26.25961204200007],[89.10340645500008,26.258269407000057],[89.10741050800004,26.258981111000026],[89.10815891100003,26.255145076000076],[89.11131146000008,26.252729058000057],[89.11355917500003,26.247398934000046],[89.11720694800005,26.24702130000003],[89.11706766300006,26.244377778000057],[89.11973424400009,26.244315701000062],[89.11875380100008,26.24736599700003],[89.11987338800003,26.24864707300003],[89.12622556300005,26.247725393000053],[89.12692705600006,26.248929387000032]]]]}},{"type":"Feature","id":"nilphamari-dimla","properties":{"canonical_id":"nilphamari-dimla","name_en":"Dimla","name_bn":"ডিমলা","district_id":"nilphamari","division_id":"rangpur","pcode":"BD-F-46-496","parent_pcode":"BD5573","source_name":"Dimla","match_method":"exact_name_or_alias","boundary_reference_year":"2020","boundary_source":"geoBoundaries gbOpen BGD ADM3 / BBS, OCHA ROAP","source_dataset_updated":"2026-08-09"},"geometry":{"type":"Polygon","coordinates":[[[89.01891644900007,26.242229604000045],[89.01584218700003,26.244720424000036],[88.99373401000008,26.245568775000038],[88.97911135400005,26.244895547000056],[88.97861490600008,26.242781114000024],[88.96530952100005,26.238784383000052],[88.95677408100005,26.240635601000065],[88.95698239600006,26.24267326100005],[88.95308580100004,26.24208786300005],[88.95073151100007,26.247804307000024],[88.94427442200003,26.25457605300005],[88.94018281900009,26.263609539000072],[88.93512270000008,26.26710286100007],[88.93108052300005,26.277528824000058],[88.92622102500007,26.283892902000048],[88.91983815000003,26.28457740600004],[88.91807396600007,26.288028630000042],[88.89820319200004,26.288743889000045],[88.87579110200005,26.286649983000075],[88.87077355200006,26.284201964000033],[88.86633569100007,26.279487508000045],[88.86708328100008,26.276310211000066],[88.86133500200003,26.272734170000035],[88.86431552100004,26.267914250000047],[88.86127431500006,26.26374082800004],[88.86140162000004,26.25211521500006],[88.86800620300005,26.24908072100004],[88.86757698900004,26.24671552600006],[88.87175598700009,26.244573158000037],[88.87169065900008,26.24049671000006],[88.87313649700008,26.239812357000062],[88.87577194000005,26.242368501000044],[88.87768899100007,26.242295408000075],[88.87647029000004,26.238061639000023],[88.87764500200007,26.233482786000025],[88.87498563600008,26.23002243600007],[88.87642841300004,26.227583028000026],[88.87256074900006,26.224583469000038],[88.87247279200005,26.22267492700007],[88.86933758500004,26.221237331000054],[88.87909188600008,26.211453924000068],[88.87868210900007,26.194937958000025],[88.88206556000006,26.184923318000074],[88.88091673000008,26.183670693000067],[88.88279710500007,26.176681329000075],[88.88649066300007,26.173025129000052],[88.89524314400006,26.171017667000058],[88.89847578000007,26.159985107000068],[88.89532046100004,26.126883097000075],[88.89261624500006,26.12323053500006],[88.89190776100008,26.11921407400007],[88.89281652000005,26.11557739400007],[88.89510403700007,26.116430103000027],[88.89798356000006,26.113614294000058],[88.90206061100008,26.113731737000023],[88.91884101100004,26.103991199000063],[88.93941897000008,26.101771677000045],[88.95509205100007,26.09536046000005],[88.97089273200004,26.09160177900003],[88.98638230200004,26.07934065200004],[88.99531234000005,26.075915094000038],[89.00252606100008,26.07488391100003],[89.01667415200006,26.068183839000028],[89.02103772300006,26.06817061000004],[89.02103660300008,26.06992110500005],[89.02019988700005,26.075822104000054],[89.01554106300006,26.08218914500003],[89.01900076200008,26.083582295000042],[89.02106428000008,26.086764928000036],[89.02708571100004,26.087787563000063],[89.02972769200005,26.090049631000056],[89.03278576200006,26.08857755500003],[89.03740210700005,26.088659781000047],[89.04180043100007,26.085625394000033],[89.04394519100003,26.08069847300004],[89.04911033400003,26.08161632100007],[89.05135675700006,26.079108046000044],[89.05625272100008,26.08577256600006],[89.06601431700005,26.080892095000024],[89.06672718200008,26.083589068000038],[89.07180815900006,26.084483556000066],[89.07139694300008,26.087257356000066],[89.07310876400004,26.088985584000056],[89.08909975800003,26.089068245000078],[89.09026610700005,26.115172529000063],[89.09874086400004,26.11571671400003],[89.10159724400006,26.120369855000035],[89.09674827300006,26.136380276000068],[89.09795416000009,26.14627917200005],[89.09400571200007,26.151057282000068],[89.08512046200008,26.156765026000073],[89.08330756100008,26.162063690000025],[89.07292375500003,26.170549924000056],[89.06654684500006,26.17050589400003],[89.06529108100005,26.16929181200004],[89.06159518600003,26.170147529000076],[89.05701700400004,26.167911724000078],[89.04740920400008,26.175080095000055],[89.04372278800008,26.17420072300007],[89.04196994100005,26.17674820600007],[89.04145639200004,26.17389220800004],[89.03724635500004,26.174414875000025],[89.03489985700008,26.178556981000042],[89.03740635500003,26.181887945000028],[89.03547658000008,26.182002557000033],[89.03333674600003,26.178657094000073],[89.03312646700005,26.180758291000075],[89.03035929700008,26.182342306000066],[89.02830938900007,26.189096203000076],[89.02293442300004,26.192507146000025],[89.01930420000008,26.191337470000065],[89.02368711700007,26.19829299500003],[89.02911695700004,26.19866663700003],[89.03304813500006,26.20365336200007],[89.03206085500005,26.210593880000033],[89.03612542900004,26.220370676000073],[89.03323617100006,26.224881509000056],[89.02203737400004,26.227960204000055],[89.02166287600005,26.23155282500005],[89.01941965500004,26.232982151000044],[89.01721867900005,26.238013100000046],[89.01891644900007,26.242229604000045]]]}},{"type":"Feature","id":"nilphamari-domar","properties":{"canonical_id":"nilphamari-domar","name_en":"Domar","name_bn":"ডোমার","district_id":"nilphamari","division_id":"rangpur","pcode":"BD-F-46-495","parent_pcode":"BD5573","source_name":"Domar","match_method":"exact_name_or_alias","boundary_reference_year":"2020","boundary_source":"geoBoundaries gbOpen BGD ADM3 / BBS, OCHA ROAP","source_dataset_updated":"2026-08-09"},"geometry":{"type":"Polygon","coordinates":[[[88.77460484600005,26.054813124000077],[88.78293040400007,26.056064027000048],[88.79241868100007,26.044799219000026],[88.80238329900004,26.043676297000047],[88.80441960200005,26.040484605000074],[88.80922213700006,26.038730953000027],[88.81254374900004,26.032179203000055],[88.81668263300008,26.03212456500006],[88.81902945200005,26.02942556100004],[88.82469264800005,26.030741400000068],[88.82296916500007,26.041368266000063],[88.82776770300006,26.040120130000048],[88.82891161600008,26.036737996000056],[88.83240368300005,26.037142646000063],[88.83368713200008,26.03574001800007],[88.84360135800006,26.037767102000032],[88.84838692500006,26.040465425000036],[88.84548124800006,26.042547623000075],[88.83941951300005,26.041561751000074],[88.83773907400007,26.044834696000066],[88.83878317800009,26.04642424900004],[88.84986572000008,26.05116386000003],[88.85532220200008,26.051139496000076],[88.85926977400004,26.059236233000036],[88.86033283200004,26.057359877000067],[88.86514213800007,26.05554403800005],[88.86597536900007,26.056859755000062],[88.86922299900004,26.055113891000076],[88.87161305600006,26.05637235200004],[88.86876438700006,26.060747073000073],[88.87026776900007,26.06564397300008],[88.86777849100008,26.068481508000048],[88.86824877200007,26.07019219500006],[88.87132847800007,26.071203831000048],[88.87136462400008,26.073657679000064],[88.86723501000006,26.07493223700004],[88.86728649400004,26.079159222000044],[88.86498201100005,26.082461997000053],[88.87631817500005,26.085976006000067],[88.87717083100006,26.09160868400005],[88.87604054000008,26.093744772000036],[88.87832091700005,26.09663197100008],[88.87793187600005,26.098760855000023],[88.88133373200003,26.10245690100004],[88.88463967000007,26.10324148600006],[88.88468662400004,26.118117823000034],[88.88828270300007,26.12049250800004],[88.89190776100008,26.11921407400007],[88.89261624500006,26.12323053500006],[88.89532046100004,26.126883097000075],[88.89847578000007,26.159985107000068],[88.89524314400006,26.171017667000058],[88.88649066300007,26.173025129000052],[88.88279710500007,26.176681329000075],[88.88091673000008,26.183670693000067],[88.88206556000006,26.184923318000074],[88.87868210900007,26.194937958000025],[88.87909188600008,26.211453924000068],[88.86933758500004,26.221237331000054],[88.87247279200005,26.22267492700007],[88.87256074900006,26.224583469000038],[88.87642841300004,26.227583028000026],[88.87498563600008,26.23002243600007],[88.87764500200007,26.233482786000025],[88.87245948000003,26.233112419000065],[88.87160650900006,26.23415057400007],[88.85973658900008,26.231540524000025],[88.85422407100003,26.23515505900008],[88.85181790200005,26.23522104600005],[88.84374382500005,26.232487587000037],[88.84389307200007,26.230672301000027],[88.83847001000004,26.23219659700004],[88.83807021600006,26.238239945000032],[88.83423843000008,26.237755013000026],[88.83189481900007,26.23832560900007],[88.83096369200007,26.240271152000048],[88.82757704900007,26.239727421000055],[88.82689215200008,26.244825718000072],[88.82858985800004,26.24529552300004],[88.82909712600008,26.249805405000075],[88.82340295400007,26.248626564000062],[88.82317998700006,26.253437512000062],[88.81951561500006,26.253851447000045],[88.81903305600008,26.255295296000043],[88.81430264200009,26.254284211000027],[88.81282072000005,26.256934259000047],[88.81372604900008,26.258778133000078],[88.81213248300008,26.264868582000076],[88.81464631100005,26.26526478200003],[88.81495218900005,26.26910953600003],[88.81373955800007,26.273485314000027],[88.81029639000008,26.274346344000037],[88.80996405600007,26.27702166100005],[88.81321196000005,26.288526726000043],[88.81906717900006,26.29459068600005],[88.81310286800004,26.297214479000047],[88.80175453600003,26.306415868000045],[88.79347037900004,26.310073768000052],[88.78487715500006,26.30421781700005],[88.78180343400004,26.303100249000067],[88.77620244500008,26.303750037000043],[88.77180137900007,26.30063969300005],[88.76403243100003,26.298981292000065],[88.75970172400008,26.30033558200006],[88.75925690900004,26.304143168000053],[88.75826375700007,26.297827683000037],[88.76379067900007,26.292857389000062],[88.76641243900008,26.28654604600007],[88.76346973500006,26.26883880300005],[88.75810925800005,26.26142487800007],[88.76219517300007,26.245373379000057],[88.76291949600005,26.236121057000048],[88.77395229700005,26.23960464000004],[88.78180265700007,26.236881079000057],[88.78534376700009,26.232516487000055],[88.79227160600004,26.22787445800003],[88.79747268300008,26.214786213000025],[88.79639189100004,26.21175659100004],[88.79018868500003,26.20671914600007],[88.79128810200007,26.20492834600003],[88.79767211600006,26.20618490000004],[88.79371402500004,26.189040576000025],[88.78252073200008,26.181622532000063],[88.77578254100007,26.18056039000004],[88.78173380400005,26.17754968400004],[88.77896253000006,26.166047647000028],[88.78433024900005,26.15733093600005],[88.78607429300007,26.147677827000052],[88.78346578600008,26.145788048000043],[88.78355081500007,26.132577810000043],[88.78911774400007,26.13059948700004],[88.78958662300005,26.12471343900006],[88.78212811700007,26.112732954000023],[88.77433640500004,26.10584926300004],[88.77327182400006,26.09985091300007],[88.76723430400006,26.087786980000033],[88.76339295500009,26.085390326000038],[88.75818952200007,26.085719752000045],[88.75766442900004,26.084643096000036],[88.77614157900007,26.071984969000027],[88.77540291900004,26.067282155000044],[88.77885923600007,26.062583845000063],[88.77503376400006,26.05781255900007],[88.77460484600005,26.054813124000077]]]}},{"type":"Feature","id":"nilphamari-jaldhaka","properties":{"canonical_id":"nilphamari-jaldhaka","name_en":"Jaldhaka","name_bn":"জলঢাকা","district_id":"nilphamari","division_id":"rangpur","pcode":"BD-F-46-497","parent_pcode":"BD5573","source_name":"Jaldhaka","match_method":"exact_name_or_alias","boundary_reference_year":"2020","boundary_source":"geoBoundaries gbOpen BGD ADM3 / BBS, OCHA ROAP","source_dataset_updated":"2026-08-09"},"geometry":{"type":"Polygon","coordinates":[[[88.89190776100008,26.11921407400007],[88.88828270300007,26.12049250800004],[88.88468662400004,26.118117823000034],[88.88463967000007,26.10324148600006],[88.88133373200003,26.10245690100004],[88.87793187600005,26.098760855000023],[88.87832091700005,26.09663197100008],[88.87604054000008,26.093744772000036],[88.87717083100006,26.09160868400005],[88.87631817500005,26.085976006000067],[88.86498201100005,26.082461997000053],[88.86728649400004,26.079159222000044],[88.86723501000006,26.07493223700004],[88.87136462400008,26.073657679000064],[88.87132847800007,26.071203831000048],[88.86824877200007,26.07019219500006],[88.86777849100008,26.068481508000048],[88.87026776900007,26.06564397300008],[88.86876438700006,26.060747073000073],[88.87161305600006,26.05637235200004],[88.86922299900004,26.055113891000076],[88.86597536900007,26.056859755000062],[88.86514213800007,26.05554403800005],[88.86484299400007,26.052323494000063],[88.86997446800007,26.050889228000074],[88.87541894200007,26.054185476000043],[88.88081023500007,26.05249101100003],[88.88305908700005,26.049146321000023],[88.88185099800006,26.04307864100008],[88.87475547400004,26.04257266600007],[88.87331229600005,26.040435697000078],[88.88037596000004,26.034843093000063],[88.88276234000006,26.03725138300007],[88.88477864800007,26.03576987100007],[88.88164945900007,26.032517876000043],[88.87918092000007,26.025391370000023],[88.88653515000004,26.018431113000076],[88.89093575800007,26.01878941900003],[88.88793469200004,26.011179863000052],[88.88961749300006,26.00795256300006],[88.88951488000004,26.002130408000028],[88.89520368200004,26.00283309100007],[88.89526518600007,25.998961861000055],[88.90130393900006,26.002544371000056],[88.90601255100006,26.000066082000046],[88.90675641000007,25.997150291000025],[88.91193880600008,25.995838982000066],[88.91432948700003,25.992435546000024],[88.91045063900003,25.986207455000056],[88.92391071600008,25.981915609000055],[88.92821826400007,25.975188828000057],[88.93057055900005,25.97475647400006],[88.93108841800006,25.971891903000028],[88.93612715600005,25.97265755600006],[88.93710022400006,25.967091554000035],[88.93936332600003,25.96394856300003],[88.94372969800008,25.963253653000038],[88.94612753100006,25.959323750000067],[88.94872481900006,25.96032679700005],[88.94576672900007,25.965066972000045],[88.94834301000003,25.965076117000024],[88.95401966000009,25.970175766000068],[88.95604492900009,25.967801078000036],[88.95968101800008,25.967311473000052],[88.96603604600006,25.96311842800003],[88.96786984400006,25.959430161000057],[88.97330537700003,25.959725010000056],[88.97750964400007,25.958066322000036],[88.98413139800005,25.95924721700004],[88.98805515700008,25.95737745400004],[88.98899525100006,25.961797562000072],[88.98691217900006,25.965141826000036],[88.98790501700006,25.967448370000056],[88.98954843000007,25.967122387000074],[88.99073409400006,25.964215387000024],[88.99850543500008,25.965124870000068],[89.00085863700008,25.974584460000074],[88.99754340700008,25.977904559000024],[88.99723540800005,25.980356647000065],[88.99500866700004,25.979398786000047],[88.99465193700007,25.980563318000065],[88.99718429700005,25.98270160000004],[88.99532076800006,25.983264276000057],[88.99750006300007,25.98360444000008],[88.99974492300004,25.97970304100005],[89.00223123100005,25.97902158000005],[88.99914234000005,25.97757421400007],[89.00241659200003,25.97681016100006],[89.00412616800008,25.973236247000045],[89.00531287400008,25.974958249000053],[89.01069729600005,25.976612499000055],[89.00843742200004,25.974314358000072],[89.00979824300003,25.96710714200003],[89.01342475400008,25.96878875300007],[89.01799913300005,25.967078926000056],[89.01918737400007,25.968783900000062],[89.02182009300003,25.968853069000033],[89.02106660100009,25.973675184000058],[89.02497641900004,25.97360112700005],[89.02550464000007,25.96995972900004],[89.03492345600006,25.971805534000055],[89.03586970700007,25.964977318000024],[89.03909801600008,25.96488140400004],[89.04571825000005,25.960502018000057],[89.05826092500007,25.960766427000067],[89.06443246000003,25.959096528000032],[89.06997540100008,25.95335182900004],[89.07385862100006,25.95363969400006],[89.07800995500008,25.958175737000033],[89.07928649700006,25.956216047000055],[89.08449244400003,25.955395226000064],[89.08705793600006,25.95791817500003],[89.09564654000008,25.959608634000062],[89.09828551000004,25.962649904000045],[89.10152556000008,25.96214804300007],[89.10760680700008,25.96472740300004],[89.11123285600007,25.96690376300006],[89.11645899300004,25.96663496800005],[89.12558151300004,25.960516562000066],[89.13270713400004,25.964400279000074],[89.13515361000003,25.96296344700005],[89.14184304200006,25.964174249000052],[89.12908423800008,25.978536500000075],[89.12364838100007,25.98133831900003],[89.12095793300006,25.984614304000047],[89.11964342500005,25.989958423000076],[89.11545949700007,25.99091709100003],[89.11222944100007,25.993604955000023],[89.10621471300004,26.01383631500005],[89.10167849800007,26.018203738000068],[89.09960489500008,26.026270288000035],[89.10158426400005,26.02721656600005],[89.09349016100003,26.033720651000067],[89.09762083300006,26.03618777500003],[89.09567971100006,26.040501748000054],[89.09619292300005,26.045426993000035],[89.09035390200006,26.059932368000034],[89.09455859100007,26.06336391700006],[89.09204435000004,26.07045688900007],[89.09510275500008,26.07422375300007],[89.09942800200008,26.07623383200007],[89.08909975800003,26.089068245000078],[89.07310876400004,26.088985584000056],[89.07139694300008,26.087257356000066],[89.07180815900006,26.084483556000066],[89.06672718200008,26.083589068000038],[89.06601431700005,26.080892095000024],[89.05625272100008,26.08577256600006],[89.05135675700006,26.079108046000044],[89.04911033400003,26.08161632100007],[89.04394519100003,26.08069847300004],[89.04180043100007,26.085625394000033],[89.03740210700005,26.088659781000047],[89.03278576200006,26.08857755500003],[89.02972769200005,26.090049631000056],[89.02708571100004,26.087787563000063],[89.02106428000008,26.086764928000036],[89.01900076200008,26.083582295000042],[89.01554106300006,26.08218914500003],[89.02019988700005,26.075822104000054],[89.02103660300008,26.06992110500005],[89.02103772300006,26.06817061000004],[89.01667415200006,26.068183839000028],[89.00252606100008,26.07488391100003],[88.99531234000005,26.075915094000038],[88.98638230200004,26.07934065200004],[88.97089273200004,26.09160177900003],[88.95509205100007,26.09536046000005],[88.93941897000008,26.101771677000045],[88.91884101100004,26.103991199000063],[88.90206061100008,26.113731737000023],[88.89798356000006,26.113614294000058],[88.89510403700007,26.116430103000027],[88.89281652000005,26.11557739400007],[88.89190776100008,26.11921407400007]]]}},{"type":"Feature","id":"nilphamari-kishorganj","properties":{"canonical_id":"nilphamari-kishorganj","name_en":"Kishorganj","name_bn":"কিশোরগঞ্জ","district_id":"nilphamari","division_id":"rangpur","pcode":"BD-F-46-498","parent_pcode":"BD5573","source_name":"Kishorganj","match_method":"exact_name_or_alias","boundary_reference_year":"2020","boundary_source":"geoBoundaries gbOpen BGD ADM3 / BBS, OCHA ROAP","source_dataset_updated":"2026-08-09"},"geometry":{"type":"Polygon","coordinates":[[[89.10760680700008,25.96472740300004],[89.10152556000008,25.96214804300007],[89.09828551000004,25.962649904000045],[89.09564654000008,25.959608634000062],[89.08705793600006,25.95791817500003],[89.08449244400003,25.955395226000064],[89.07928649700006,25.956216047000055],[89.07800995500008,25.958175737000033],[89.07385862100006,25.95363969400006],[89.06997540100008,25.95335182900004],[89.06443246000003,25.959096528000032],[89.05826092500007,25.960766427000067],[89.04571825000005,25.960502018000057],[89.03909801600008,25.96488140400004],[89.03586970700007,25.964977318000024],[89.03492345600006,25.971805534000055],[89.02550464000007,25.96995972900004],[89.02497641900004,25.97360112700005],[89.02106660100009,25.973675184000058],[89.02182009300003,25.968853069000033],[89.01918737400007,25.968783900000062],[89.01799913300005,25.967078926000056],[89.01342475400008,25.96878875300007],[89.00979824300003,25.96710714200003],[89.00843742200004,25.974314358000072],[89.01069729600005,25.976612499000055],[89.00531287400008,25.974958249000053],[89.00412616800008,25.973236247000045],[89.00241659200003,25.97681016100006],[88.99914234000005,25.97757421400007],[89.00223123100005,25.97902158000005],[88.99974492300004,25.97970304100005],[88.99750006300007,25.98360444000008],[88.99532076800006,25.983264276000057],[88.99718429700005,25.98270160000004],[88.99465193700007,25.980563318000065],[88.99500866700004,25.979398786000047],[88.99723540800005,25.980356647000065],[88.99754340700008,25.977904559000024],[89.00085863700008,25.974584460000074],[88.99850543500008,25.965124870000068],[88.99073409400006,25.964215387000024],[88.98954843000007,25.967122387000074],[88.98790501700006,25.967448370000056],[88.98691217900006,25.965141826000036],[88.98899525100006,25.961797562000072],[88.98805515700008,25.95737745400004],[88.98413139800005,25.95924721700004],[88.97750964400007,25.958066322000036],[88.97330537700003,25.959725010000056],[88.96786984400006,25.959430161000057],[88.97198462200004,25.955648600000075],[88.97158902600006,25.946362759000067],[88.97671686700005,25.945792437000023],[88.97249724800008,25.94452331900004],[88.97244999900005,25.942847521000033],[88.97627368400003,25.943124026000078],[88.97801868000005,25.94165896100003],[88.97195161000008,25.939828266000063],[88.96946434000006,25.933058515000027],[88.96650253100006,25.93335908100005],[88.96290989000005,25.93054115900003],[88.96299388100005,25.919090034000078],[88.95925466500006,25.899578397000028],[88.95138083000006,25.88272693600004],[88.95225693300006,25.88029652700004],[88.95604380700007,25.879202517000067],[88.95408947100003,25.878484168000057],[88.94876845100003,25.870578514000044],[88.95238680100005,25.86723623900008],[88.95319569800006,25.863709416000063],[88.95709098900005,25.863987450000025],[88.96230847600003,25.865497727000047],[88.96319839300008,25.861943203000067],[88.96646739400006,25.862118319000047],[88.96804590200009,25.86457758800003],[88.97540894200006,25.858856136000043],[88.97877057600004,25.861781020000024],[88.97993755800007,25.85956691000007],[88.97687417100008,25.858624374000044],[88.97727649300003,25.85691786600006],[88.98539827500008,25.854810658000076],[88.98691765200005,25.852791382000078],[88.98697663400009,25.84725969300007],[88.99185751600004,25.845218060000036],[88.99003625900008,25.844986446000064],[88.99023633200005,25.839233945000046],[88.98219526000008,25.83889453300003],[88.98019931900006,25.83784894300004],[88.97924930700003,25.834863185000074],[88.98279147900007,25.835424707000072],[88.98346550500008,25.83375506300007],[88.98780292400005,25.835028],[88.98946738000006,25.833438587000046],[88.98704853300006,25.83262942400006],[88.98807828400004,25.830403551000074],[88.98638821200007,25.830135],[88.98789675000006,25.828836273000036],[88.98794429800006,25.82284117000006],[88.99129389500007,25.82467934400006],[88.99343087300008,25.823522613000023],[88.99071370400009,25.820192279000025],[88.99255815100008,25.819407113000068],[88.99375553400006,25.821812684000065],[88.99553437700007,25.820970592000037],[88.99645470700005,25.822447597000064],[89.00018512900004,25.820830543000056],[89.00217143400005,25.823757835000038],[89.00427347500005,25.822850137000046],[89.00429073900006,25.81780400400004],[89.00849486100003,25.815988507000043],[89.01372923200006,25.81965955000004],[89.01471913300009,25.81705114600004],[89.03301262500008,25.818549852000046],[89.03804398200003,25.815662805000045],[89.04332740200005,25.816370928000026],[89.04322860300005,25.81268177900006],[89.04861698300004,25.818579472000067],[89.04867783800006,25.82157593000005],[89.05631563200006,25.82780295400005],[89.05658934300004,25.831582398000023],[89.06025839700004,25.831791843000076],[89.06200776300005,25.83409773900007],[89.07217949800008,25.833701993000034],[89.07804132800004,25.831160287000046],[89.08155189900003,25.831508144000054],[89.08288278100008,25.826147431000038],[89.08880835700006,25.828436988000078],[89.09050324400005,25.826800864000063],[89.09127142200003,25.829052871000044],[89.08810072900008,25.83273394300005],[89.08727898100005,25.845881821000035],[89.08900661600006,25.847903969000072],[89.10048713200007,25.851367210000035],[89.09613782200006,25.859612837000043],[89.09628991800008,25.861921925000047],[89.10109596500007,25.864258778000078],[89.10363010300006,25.86746690800004],[89.10256972100007,25.875223385000027],[89.11491371900007,25.881424524000067],[89.11627714200006,25.88611740500005],[89.11188205600007,25.886521154000036],[89.11090279100006,25.889906822000057],[89.10894712400005,25.89191119800006],[89.10747929900003,25.891591788000028],[89.10555249500004,25.89679156300008],[89.10178779500006,25.898676315000046],[89.09987411700007,25.896874942000068],[89.09956503600006,25.90216705000006],[89.09761332700003,25.90523957100004],[89.09927408300007,25.907204189000026],[89.10019159800004,25.906635394000034],[89.10062772600008,25.910589006000066],[89.10320906600003,25.91122745800004],[89.10356100100006,25.913497695000046],[89.10114690400007,25.914086019000024],[89.10031274400006,25.916943711000044],[89.10370276700007,25.923468661000072],[89.10266426000004,25.927514150000036],[89.10080402300008,25.92634009300008],[89.10022974500004,25.92799961700007],[89.10324876000004,25.93072487300003],[89.10421196800007,25.934699786000067],[89.10211090800004,25.935308674000055],[89.10047638300006,25.93250452500007],[89.09422856100008,25.936722922000058],[89.09857017700006,25.936625849000052],[89.10210909000006,25.939541158000054],[89.10273418500003,25.945141513000067],[89.10655781900005,25.95011829300006],[89.10936566900006,25.95801930700003],[89.10760680700008,25.96472740300004]]]}},{"type":"Feature","id":"nilphamari-nilphamari-sadar","properties":{"canonical_id":"nilphamari-nilphamari-sadar","name_en":"Nilphamari Sadar","name_bn":"নীলফামারী সদর","district_id":"nilphamari","division_id":"rangpur","pcode":"BD-F-46-499","parent_pcode":"BD5573","source_name":"Nilphamari Sadar","match_method":"exact_name_or_alias","boundary_reference_year":"2020","boundary_source":"geoBoundaries gbOpen BGD ADM3 / BBS, OCHA ROAP","source_dataset_updated":"2026-08-09"},"geometry":{"type":"Polygon","coordinates":[[[88.73495475900006,26.01468248300006],[88.73613957600008,26.01289108800006],[88.73458443100003,26.00920681200006],[88.73750437800004,25.997593386000062],[88.74163443300006,25.992945802000065],[88.74815954800005,25.97730392400007],[88.74373132200003,25.96496574500003],[88.75145358800006,25.94744812700003],[88.74455452200004,25.939887363000025],[88.74448076400006,25.93816168500007],[88.75067745900003,25.93576567100007],[88.75507843500003,25.930995218000078],[88.75622932300007,25.937194834000024],[88.75954954500008,25.938950040000066],[88.76691116800004,25.93613612200005],[88.77857616500006,25.934859192000033],[88.80122301500006,25.92244247800005],[88.80389580700006,25.914827884000033],[88.80039827700006,25.908361439000032],[88.80145156700007,25.90051451200003],[88.80910533700006,25.88699987800004],[88.81309708100008,25.883745521000037],[88.81597451900006,25.87723494900007],[88.82016122000005,25.862275435000072],[88.82014557100007,25.85549628700005],[88.82243444400007,25.856977554000025],[88.82544733700007,25.856390815000054],[88.82765137800004,25.853803218000053],[88.82588735000007,25.84486555500007],[88.82247299600004,25.84058584400003],[88.82744447800007,25.832567158000074],[88.82759843300005,25.813170786000057],[88.83040208700004,25.812062492000052],[88.83608306100007,25.813583769000047],[88.84219850000005,25.81256492700004],[88.84477325600005,25.810069704000057],[88.84630232100005,25.805363052000075],[88.84847943400007,25.812312913000028],[88.85639309100009,25.81064124900007],[88.85691790900006,25.817311630000063],[88.86321405700005,25.81709127000005],[88.86421824800004,25.815612713000064],[88.86646713500005,25.81751000500003],[88.86926804300003,25.817650894000053],[88.87127006000009,25.81538097400005],[88.88152618000004,25.82198659200003],[88.87858760000006,25.82790789300003],[88.87912192400006,25.831587410000054],[88.88660582800009,25.843019327000036],[88.89458349200004,25.841912128000047],[88.89825551200005,25.845696692000047],[88.90171459700008,25.846294546000024],[88.91107680400006,25.842909158000055],[88.91175025000007,25.840769226000077],[88.90885675700008,25.839810749000037],[88.91141368200005,25.83860310400007],[88.91728608500006,25.842478164000056],[88.91664252400005,25.846652153000036],[88.91352949300006,25.848439797000026],[88.91430465200006,25.849536989000057],[88.91772721800004,25.850674811000033],[88.91895376100007,25.84946276000005],[88.92685387800003,25.850334544000077],[88.92592981300004,25.85366002300003],[88.92775978200007,25.86111636800007],[88.93155387900003,25.861462620000054],[88.93508049800005,25.85838984700007],[88.94255782200008,25.855269064000026],[88.94752917100004,25.855878537000024],[88.94675711800005,25.85428550000006],[88.94793435400004,25.853824517000078],[88.95227468200005,25.85947260900008],[88.95893362200007,25.858279567000068],[88.95640628900009,25.861909207000053],[88.95709098900005,25.863987450000025],[88.95319569800006,25.863709416000063],[88.95238680100005,25.86723623900008],[88.94876845100003,25.870578514000044],[88.95408947100003,25.878484168000057],[88.95604380700007,25.879202517000067],[88.95225693300006,25.88029652700004],[88.95138083000006,25.88272693600004],[88.95925466500006,25.899578397000028],[88.96299388100005,25.919090034000078],[88.96290989000005,25.93054115900003],[88.96650253100006,25.93335908100005],[88.96946434000006,25.933058515000027],[88.97195161000008,25.939828266000063],[88.97801868000005,25.94165896100003],[88.97627368400003,25.943124026000078],[88.97244999900005,25.942847521000033],[88.97249724800008,25.94452331900004],[88.97671686700005,25.945792437000023],[88.97158902600006,25.946362759000067],[88.97198462200004,25.955648600000075],[88.96786984400006,25.959430161000057],[88.96603604600006,25.96311842800003],[88.95968101800008,25.967311473000052],[88.95604492900009,25.967801078000036],[88.95401966000009,25.970175766000068],[88.94834301000003,25.965076117000024],[88.94576672900007,25.965066972000045],[88.94872481900006,25.96032679700005],[88.94612753100006,25.959323750000067],[88.94372969800008,25.963253653000038],[88.93936332600003,25.96394856300003],[88.93710022400006,25.967091554000035],[88.93612715600005,25.97265755600006],[88.93108841800006,25.971891903000028],[88.93057055900005,25.97475647400006],[88.92821826400007,25.975188828000057],[88.92391071600008,25.981915609000055],[88.91045063900003,25.986207455000056],[88.91432948700003,25.992435546000024],[88.91193880600008,25.995838982000066],[88.90675641000007,25.997150291000025],[88.90601255100006,26.000066082000046],[88.90130393900006,26.002544371000056],[88.89526518600007,25.998961861000055],[88.89520368200004,26.00283309100007],[88.88951488000004,26.002130408000028],[88.88961749300006,26.00795256300006],[88.88793469200004,26.011179863000052],[88.89093575800007,26.01878941900003],[88.88653515000004,26.018431113000076],[88.87918092000007,26.025391370000023],[88.88164945900007,26.032517876000043],[88.88477864800007,26.03576987100007],[88.88276234000006,26.03725138300007],[88.88037596000004,26.034843093000063],[88.87331229600005,26.040435697000078],[88.87475547400004,26.04257266600007],[88.88185099800006,26.04307864100008],[88.88305908700005,26.049146321000023],[88.88081023500007,26.05249101100003],[88.87541894200007,26.054185476000043],[88.86997446800007,26.050889228000074],[88.86484299400007,26.052323494000063],[88.86514213800007,26.05554403800005],[88.86033283200004,26.057359877000067],[88.85926977400004,26.059236233000036],[88.85532220200008,26.051139496000076],[88.84986572000008,26.05116386000003],[88.83878317800009,26.04642424900004],[88.83773907400007,26.044834696000066],[88.83941951300005,26.041561751000074],[88.84548124800006,26.042547623000075],[88.84838692500006,26.040465425000036],[88.84360135800006,26.037767102000032],[88.83368713200008,26.03574001800007],[88.83240368300005,26.037142646000063],[88.82891161600008,26.036737996000056],[88.82776770300006,26.040120130000048],[88.82296916500007,26.041368266000063],[88.82469264800005,26.030741400000068],[88.81902945200005,26.02942556100004],[88.81668263300008,26.03212456500006],[88.81254374900004,26.032179203000055],[88.80922213700006,26.038730953000027],[88.80441960200005,26.040484605000074],[88.80238329900004,26.043676297000047],[88.79241868100007,26.044799219000026],[88.78293040400007,26.056064027000048],[88.77460484600005,26.054813124000077],[88.76830124800006,26.050346775000037],[88.76224610900005,26.042253370000026],[88.76116831000007,26.033927117000076],[88.75882895100005,26.03388672500006],[88.75922483800008,26.037221670000065],[88.75770976200005,26.03633682800006],[88.75921159800004,26.032662689000063],[88.75751854600009,26.02786694300005],[88.75952177800008,26.026599274000034],[88.75900096300006,26.024751842000057],[88.75468961100006,26.02238650700008],[88.74915617300007,26.02565164300006],[88.74470620500006,26.02482587800006],[88.74017623300006,26.017197959000043],[88.73495475900006,26.01468248300006]]]}},{"type":"Feature","id":"nilphamari-syedpur","properties":{"canonical_id":"nilphamari-syedpur","name_en":"Syedpur","name_bn":"সৈয়দপুর","district_id":"nilphamari","division_id":"rangpur","pcode":"BD-F-46-494","parent_pcode":"BD5573","source_name":"Syedpur","match_method":"exact_name_or_alias","boundary_reference_year":"2020","boundary_source":"geoBoundaries gbOpen BGD ADM3 / BBS, OCHA ROAP","source_dataset_updated":"2026-08-09"},"geometry":{"type":"Polygon","coordinates":[[[88.95195207300009,25.742473972000028],[88.95424539700008,25.742794633000074],[88.95344206600004,25.750563655000065],[88.95177760900003,25.750532496000062],[88.95083269300005,25.75343086500004],[88.94538758100003,25.75257889200003],[88.94351565000005,25.758562452000035],[88.94569146100008,25.761424704000035],[88.94080749700004,25.761910123000064],[88.94044742500006,25.76368457500007],[88.94547143000005,25.764144870000052],[88.94609811300006,25.767492495000056],[88.94409635300008,25.767908005000038],[88.94552354700005,25.775137809000057],[88.94750394800008,25.77302350000008],[88.94983084100005,25.778056063000065],[88.95713576800006,25.77834223800005],[88.95678003000006,25.78014102700007],[88.95926989300006,25.781058963000078],[88.96180631400006,25.786155488000077],[88.95505814900008,25.788216066000075],[88.96068890500004,25.79206449800006],[88.95678008700008,25.795165714000063],[88.95669570400008,25.79935750100003],[88.95460757200004,25.802560864000043],[88.95231195100007,25.803399298000045],[88.94709204500003,25.80008454600005],[88.94218376100008,25.802218194000034],[88.94506799400006,25.804962585000055],[88.94302101600005,25.80646801300003],[88.94786378500004,25.808453451000048],[88.94834357900004,25.81000091800007],[88.95434430300008,25.810217454000053],[88.95668585200008,25.81382903900004],[88.96529093300006,25.813414257000034],[88.96893311400004,25.810191864000046],[88.97140194200006,25.809946941000078],[88.97334986200008,25.80727901800003],[88.98533124700003,25.80738457900003],[88.98670293700008,25.80810463800003],[88.98663365400006,25.81086203600006],[88.98868929100007,25.811073304000047],[88.99060253200008,25.814293691000046],[88.99836535400004,25.811495826000055],[89.00518807100008,25.812566374000028],[89.00198506000004,25.815680412000063],[89.00668761800006,25.814013420000038],[89.00849486100003,25.815988507000043],[89.00429073900006,25.81780400400004],[89.00427347500005,25.822850137000046],[89.00217143400005,25.823757835000038],[89.00018512900004,25.820830543000056],[88.99645470700005,25.822447597000064],[88.99553437700007,25.820970592000037],[88.99375553400006,25.821812684000065],[88.99255815100008,25.819407113000068],[88.99071370400009,25.820192279000025],[88.99343087300008,25.823522613000023],[88.99129389500007,25.82467934400006],[88.98794429800006,25.82284117000006],[88.98789675000006,25.828836273000036],[88.98638821200007,25.830135],[88.98807828400004,25.830403551000074],[88.98704853300006,25.83262942400006],[88.98946738000006,25.833438587000046],[88.98780292400005,25.835028],[88.98346550500008,25.83375506300007],[88.98279147900007,25.835424707000072],[88.97924930700003,25.834863185000074],[88.98019931900006,25.83784894300004],[88.98219526000008,25.83889453300003],[88.99023633200005,25.839233945000046],[88.99003625900008,25.844986446000064],[88.99185751600004,25.845218060000036],[88.98697663400009,25.84725969300007],[88.98691765200005,25.852791382000078],[88.98539827500008,25.854810658000076],[88.97727649300003,25.85691786600006],[88.97687417100008,25.858624374000044],[88.97993755800007,25.85956691000007],[88.97877057600004,25.861781020000024],[88.97540894200006,25.858856136000043],[88.96804590200009,25.86457758800003],[88.96646739400006,25.862118319000047],[88.96319839300008,25.861943203000067],[88.96230847600003,25.865497727000047],[88.95709098900005,25.863987450000025],[88.95640628900009,25.861909207000053],[88.95893362200007,25.858279567000068],[88.95227468200005,25.85947260900008],[88.94793435400004,25.853824517000078],[88.94675711800005,25.85428550000006],[88.94752917100004,25.855878537000024],[88.94255782200008,25.855269064000026],[88.93508049800005,25.85838984700007],[88.93155387900003,25.861462620000054],[88.92775978200007,25.86111636800007],[88.92592981300004,25.85366002300003],[88.92685387800003,25.850334544000077],[88.91895376100007,25.84946276000005],[88.91772721800004,25.850674811000033],[88.91430465200006,25.849536989000057],[88.91352949300006,25.848439797000026],[88.91664252400005,25.846652153000036],[88.91728608500006,25.842478164000056],[88.91141368200005,25.83860310400007],[88.90885675700008,25.839810749000037],[88.91175025000007,25.840769226000077],[88.91107680400006,25.842909158000055],[88.90171459700008,25.846294546000024],[88.89825551200005,25.845696692000047],[88.89458349200004,25.841912128000047],[88.88660582800009,25.843019327000036],[88.87912192400006,25.831587410000054],[88.87858760000006,25.82790789300003],[88.88152618000004,25.82198659200003],[88.87127006000009,25.81538097400005],[88.86926804300003,25.817650894000053],[88.86646713500005,25.81751000500003],[88.86421824800004,25.815612713000064],[88.86321405700005,25.81709127000005],[88.85691790900006,25.817311630000063],[88.85639309100009,25.81064124900007],[88.84847943400007,25.812312913000028],[88.84630232100005,25.805363052000075],[88.84505403800006,25.80310096200003],[88.84729628400004,25.802471487000048],[88.84898801300005,25.789452590000053],[88.85506641500007,25.78682852600008],[88.85223049700005,25.784866055000066],[88.85601610400005,25.777108860000055],[88.85870832700004,25.77632641400004],[88.86148425700009,25.775977968000063],[88.86700411800007,25.77113122800006],[88.87349095200005,25.772370610000053],[88.88096483400005,25.770887678000065],[88.88571298300008,25.772324195000067],[88.88984532900008,25.770795427000053],[88.88987418500005,25.760524975000067],[88.89236535800006,25.759553565000033],[88.89120114500008,25.754029569000068],[88.89357955900005,25.751189362000048],[88.89393981700005,25.745965892000072],[88.89158096700004,25.741808637000076],[88.89488239500008,25.740968615000043],[88.89759593500008,25.735296262000077],[88.91580808800006,25.73545213600005],[88.91156017100008,25.73923644000007],[88.90712355400007,25.737088122000046],[88.90492572500006,25.737797339000053],[88.90707672100007,25.744966333000036],[88.90909074800004,25.745735937000063],[88.91255435900007,25.74504796800005],[88.91188534100007,25.741536809000024],[88.91611638400008,25.738693672000068],[88.92137849600005,25.739256431000058],[88.91941815100006,25.740028574000064],[88.92120713000008,25.740949276000038],[88.92498958300007,25.74081245900004],[88.92826182900006,25.73496755000008],[88.92969172500005,25.736744414000043],[88.93052300200009,25.733983047000038],[88.93389425000004,25.733016795000026],[88.93492142500008,25.735035581000034],[88.93524860600007,25.73114578600007],[88.93744015300007,25.73352859000005],[88.94012125300009,25.731374317000075],[88.93830929000006,25.734688418000076],[88.94106920100006,25.73432927600004],[88.94658845100008,25.74275243200003],[88.94924351700007,25.742324661000055],[88.94741759100003,25.74107897700003],[88.94793445200008,25.739733960000024],[88.95041101100009,25.741212318000066],[88.95065676000007,25.739800436000053],[88.95453948900007,25.73952079600008],[88.95347263400004,25.740816179000035],[88.95450077700008,25.741559451000057],[88.95195207300009,25.742473972000028]]]}},{"type":"Feature","id":"panchagarh-atwari","properties":{"canonical_id":"panchagarh-atwari","name_en":"Atwari","name_bn":"আটোয়ারী","district_id":"panchagarh","division_id":"rangpur","pcode":"BD-F-52-474","parent_pcode":"BD5577","source_name":"Atwari","match_method":"exact_name_or_alias","boundary_reference_year":"2020","boundary_source":"geoBoundaries gbOpen BGD ADM3 / BBS, OCHA ROAP","source_dataset_updated":"2026-08-09"},"geometry":{"type":"Polygon","coordinates":[[[88.48000666500008,26.353251809000028],[88.47727190700004,26.353970785000058],[88.47734181900006,26.357796750000034],[88.47411501700003,26.358006825000075],[88.47286376400007,26.356499558000053],[88.46828206800006,26.358704698000054],[88.46315511800003,26.357359850000023],[88.46240626500008,26.360822204000044],[88.45855614300007,26.36219199800007],[88.45940404300006,26.36403518000003],[88.45729759800008,26.364506650000067],[88.45731697300005,26.366631029000075],[88.46002491500008,26.369669480000027],[88.45990346700006,26.371138348000045],[88.45745428000004,26.371464468000056],[88.45912426800004,26.374382785000023],[88.45902052500008,26.377046389000043],[88.45764787400003,26.376757293000026],[88.45627490600003,26.371970693000037],[88.45163335200004,26.370478509000066],[88.45078025900006,26.366805054000054],[88.44645555700004,26.365033193000045],[88.44258555700009,26.35293365600006],[88.43915478100007,26.350234103000048],[88.44073917700007,26.349555691000035],[88.43684379900003,26.34170290800006],[88.43871206900008,26.341333315000043],[88.43638917600003,26.340224721000027],[88.43554522400007,26.335864826000034],[88.42454859600008,26.336366042000066],[88.42452918300006,26.335225766000065],[88.41380339500006,26.337358623000057],[88.41079015200006,26.335588279000035],[88.41242866900006,26.335242488000063],[88.40992773800008,26.332931356000074],[88.40905058800007,26.33371518900003],[88.40458430500007,26.32994831900004],[88.40373340900004,26.32820648300003],[88.40790468000006,26.327795242000036],[88.40698104000006,26.32374923900005],[88.41561225300006,26.32443910300003],[88.41652490100006,26.32176146000006],[88.41495611300007,26.315185840000026],[88.39827049600007,26.317115972000067],[88.39748414400003,26.315504874000055],[88.39511231100005,26.316055137000035],[88.38998375200003,26.312899214000026],[88.38871518000008,26.315178544000048],[88.38736666100004,26.312915340000075],[88.38417760600004,26.31272215000007],[88.38439699500003,26.310904797000035],[88.38325980300004,26.311831706000078],[88.38345250400005,26.308651173000044],[88.37942817600003,26.30962607500004],[88.37867656000003,26.305910488000052],[88.37596467700007,26.306173262000073],[88.37702772800003,26.304963198000053],[88.37594782000008,26.304833618000032],[88.37313656500004,26.305858486000034],[88.37486652300004,26.304496404000076],[88.37306324100007,26.302893356000027],[88.37312869800007,26.305682356000034],[88.37150663900007,26.30598958300004],[88.36821750100006,26.299509374000024],[88.36383540700007,26.30007396600007],[88.36378055300008,26.29411856300004],[88.35518686800003,26.285396109000033],[88.35341370600008,26.286863631000074],[88.35196382700008,26.28472708700008],[88.35263607300004,26.282189172000074],[88.35120863700007,26.28289490000003],[88.34943662700005,26.281448217000047],[88.35057696900003,26.279543354000054],[88.34923355700005,26.277879905000077],[88.35182221000008,26.27596041000004],[88.34886218300005,26.274108409000064],[88.35011177200005,26.271655372000055],[88.34815839500004,26.268470324000077],[88.35190128900007,26.26760635000005],[88.34950680600008,26.265163786000073],[88.35139679200006,26.263912651000055],[88.34825041700003,26.25495419500004],[88.34958529600004,26.251822322000066],[88.34826438200008,26.25045377400005],[88.35100779700008,26.250575359000038],[88.35404536900006,26.247910508000075],[88.35338532500003,26.246923112000047],[88.35072146200008,26.24845284500003],[88.34977204400008,26.24768380300003],[88.35159894300006,26.245626664000042],[88.35922132600007,26.242939626000066],[88.35872563500004,26.239801476000025],[88.35435208000007,26.238290518000042],[88.35573278300006,26.232515845000023],[88.35115316600007,26.230435793000026],[88.35096256100007,26.228342053000063],[88.35324336700006,26.226880919000052],[88.34934942500007,26.225917050000078],[88.35127013200008,26.22181673800003],[88.35011720400007,26.220333783000058],[88.34781477700005,26.221984690000056],[88.33976755600008,26.217660753000075],[88.33328588400008,26.216021038000065],[88.33115852400005,26.217142496000065],[88.33110034300006,26.212822791000065],[88.32867963100006,26.213598878000028],[88.32651589800008,26.210740131000023],[88.32305829700005,26.210343719000036],[88.32572941400008,26.20630333300005],[88.32139468700007,26.20437437700008],[88.32302106200007,26.20116467400004],[88.32574284000003,26.200623153000038],[88.32837693800008,26.197920775000057],[88.32962713400008,26.193033461000027],[88.33379516700006,26.19148339900005],[88.33066885700003,26.18499542400008],[88.33514207000007,26.187249931000053],[88.34070017600004,26.187252082000043],[88.34141298100008,26.18942235700007],[88.34344152200003,26.189808518000063],[88.34756198300005,26.188263705000054],[88.35193258700008,26.182067441000072],[88.35726088000007,26.180538419000072],[88.36268170400007,26.181909182000027],[88.36892350000005,26.18010800600007],[88.37015691800008,26.17900878300003],[88.37584823700007,26.18439765100004],[88.38413950900008,26.18230353200005],[88.38738812900004,26.191340960000048],[88.38509984700005,26.192633301000058],[88.38560501000006,26.201169942000035],[88.39157933500007,26.201432104000048],[88.39935627800008,26.19842017700006],[88.40091726500003,26.199524229000076],[88.40463738200003,26.194839630000047],[88.40816918500008,26.195128711000052],[88.41544579300006,26.197787552000023],[88.41070039000004,26.199330813000074],[88.41009524300006,26.200530995000065],[88.41174681700005,26.20153719600006],[88.40885813700004,26.203773433000038],[88.41310657800005,26.202894490000062],[88.41691668400006,26.204037846000062],[88.42091402400007,26.201022014000046],[88.42760823700007,26.20227176900005],[88.43177356600006,26.201304466000067],[88.43095898200005,26.19994708400003],[88.43491737600004,26.198825089000024],[88.43324005000005,26.195570993000047],[88.43900064800005,26.199050017000047],[88.44328474300005,26.196943925000028],[88.44671604700005,26.19761070000004],[88.44844882600006,26.195957031000034],[88.45251087700007,26.19849242500004],[88.45929500700004,26.19711180300004],[88.45730939000003,26.19380444500007],[88.45986362900004,26.193086467000057],[88.46609173300004,26.193923192000057],[88.46689115800007,26.198305634000064],[88.47334098200008,26.197609705000048],[88.46857381200005,26.201538550000066],[88.47749787600009,26.203816318000065],[88.48056635800003,26.20227963900004],[88.48179958500003,26.20373992100008],[88.48314254700006,26.201972244000046],[88.48841312700006,26.203413497000042],[88.49710907200006,26.201752687000067],[88.49873153400006,26.203482088000044],[88.50372839800008,26.202994191000073],[88.50221108000005,26.201425054000026],[88.50615550300006,26.201746505000074],[88.50870480400005,26.199470310000038],[88.51301709700004,26.201454245000036],[88.51311198600007,26.19856350500004],[88.51666671700008,26.200981297000055],[88.52055202600008,26.193635984000025],[88.51909908000005,26.190008771000066],[88.52206551800003,26.18028242500003],[88.52645680100005,26.18007750000004],[88.53030540900005,26.182827479000025],[88.53422598200007,26.178541420000045],[88.53734796300006,26.179546505000076],[88.53663274500008,26.183887292000065],[88.54184306000008,26.185191118000034],[88.54659642000007,26.189537061000067],[88.54815857100004,26.189066455000045],[88.54706464000003,26.187663421000025],[88.54810776100004,26.184538443000065],[88.54461687200006,26.181370491000052],[88.54874701000006,26.177891313000032],[88.55302276800006,26.177690050000024],[88.55634720400008,26.17973554100007],[88.56040994700004,26.191045376000034],[88.54885339300006,26.20173115500006],[88.54888963400003,26.212855577000028],[88.55266247000009,26.21654934000003],[88.55265878200004,26.218642079000062],[88.55190287400006,26.22141392700007],[88.54562824500005,26.224667754000052],[88.54494294400007,26.227605594000067],[88.54112537500004,26.226762850000057],[88.53560928200005,26.22245576800003],[88.53080490700006,26.222276966000038],[88.52944330500009,26.223622859000045],[88.51547531100005,26.221431090000067],[88.51001436200005,26.23186598700005],[88.50190867200007,26.230508800000052],[88.50100745900005,26.228875536000032],[88.49457721700009,26.230111136000062],[88.48861297900004,26.228028581000046],[88.47764064200004,26.228723005000063],[88.47854804800005,26.23148888000003],[88.47720973400004,26.24042847000004],[88.47036377200004,26.246708953000052],[88.47077316900004,26.252452640000058],[88.46913911800004,26.25462161100006],[88.46992245000007,26.258687318000057],[88.46761628900003,26.268547973000068],[88.47031689500005,26.271156417000043],[88.47282603600007,26.271213037000052],[88.47266148100005,26.273504867000042],[88.47573364100003,26.27734379800006],[88.47488981200007,26.278696876000026],[88.48112726800008,26.283355269000026],[88.48485318800005,26.28928237100007],[88.48557571400005,26.293699436000054],[88.48297171800004,26.29711709000003],[88.46573420000004,26.30243776100008],[88.46186706100008,26.309981184000037],[88.45712923100007,26.312179271000048],[88.44349585300006,26.316255670000032],[88.44180899000008,26.315010737000023],[88.44203524600005,26.312628807000067],[88.43960918600004,26.31345665200007],[88.43494695000004,26.320401006000054],[88.43392084200008,26.325075053000035],[88.43468430800004,26.328223258000037],[88.44144787200008,26.332140976000062],[88.44654118000005,26.339324602000033],[88.45090301100004,26.34119763600006],[88.45007561800008,26.344312761000026],[88.45290996000006,26.34875501600004],[88.45362764600009,26.345975529000043],[88.45921224200004,26.350732821000065],[88.46889748900008,26.349003520000053],[88.48000666500008,26.353251809000028]]]}},{"type":"Feature","id":"panchagarh-boda","properties":{"canonical_id":"panchagarh-boda","name_en":"Boda","name_bn":"বোদা","district_id":"panchagarh","division_id":"rangpur","pcode":"BD-F-52-473","parent_pcode":"BD5577","source_name":"Boda","match_method":"exact_name_or_alias","boundary_reference_year":"2020","boundary_source":"geoBoundaries gbOpen BGD ADM3 / BBS, OCHA ROAP","source_dataset_updated":"2026-08-09"},"geometry":{"type":"Polygon","coordinates":[[[88.55634720400008,26.17973554100007],[88.55737067200005,26.173659839000038],[88.56069656200003,26.17354812600007],[88.56239879400005,26.175832849000074],[88.56395113600007,26.17499464200006],[88.56246443200007,26.172852585000044],[88.56407744300003,26.172188766000033],[88.56321640200008,26.17103982900005],[88.55971850400005,26.170779735000053],[88.55950289300006,26.165631074000032],[88.56583228900007,26.16424979100003],[88.56684296000003,26.156762109000056],[88.56904124200008,26.15866066700005],[88.57115570700006,26.154871848000028],[88.57092266800004,26.151727787000027],[88.57317230100006,26.151176251000038],[88.57267318000004,26.149626386000023],[88.57730856800003,26.14973939500004],[88.57787027600006,26.151675813000054],[88.58161942400005,26.14828100300008],[88.58516273100008,26.150428419000036],[88.58601371000003,26.141239446000043],[88.58792618700005,26.14341027000006],[88.59827107000007,26.14385776200004],[88.60752873200005,26.14012979200004],[88.61322568700007,26.13489482600005],[88.62197199500008,26.130643537000026],[88.62127214000003,26.12636257400004],[88.62706315500003,26.121071486000062],[88.62755535200006,26.116633743000023],[88.63037848300007,26.116295517000026],[88.63285036000008,26.110422435000032],[88.63837289600008,26.107907862000047],[88.63426793900004,26.104229538000027],[88.63680233300005,26.104834711000024],[88.63882008900003,26.102725367000062],[88.64116238400004,26.102701753000076],[88.64161869700007,26.09200984100005],[88.64551604300004,26.091968621000035],[88.64653096600006,26.082673955000075],[88.64775017900007,26.08394031800003],[88.64911284200008,26.08278335600005],[88.65176705000005,26.08402417900004],[88.65369809200007,26.08801747700005],[88.65199954700006,26.090345583000044],[88.64931060100008,26.09067535400004],[88.64959029300007,26.091596035000066],[88.64883946600008,26.09061790100003],[88.64880642100007,26.091971268000066],[88.65394168500006,26.094415721000075],[88.65431672700004,26.096646384000053],[88.65869487000003,26.09794153300004],[88.66059041900007,26.100344309000036],[88.66019600100003,26.108082394000064],[88.66448029100007,26.107972610000047],[88.66258061700006,26.114866710000058],[88.65858225800008,26.113341025000068],[88.65916668800008,26.117883163000045],[88.65345402400004,26.11603949700003],[88.65216408300006,26.116819107000026],[88.65456499800007,26.122534974000075],[88.65820881900004,26.122479223000028],[88.65922709300008,26.124309586000038],[88.65227387000004,26.130238349000024],[88.65325514600005,26.132212293000066],[88.65084142900008,26.13358513700007],[88.65081855500006,26.136608812000077],[88.64605830900007,26.137569108000037],[88.64744965200003,26.142226625000035],[88.65410469100004,26.139190021000047],[88.65892104800008,26.140076819000058],[88.66354904100007,26.14702530200003],[88.66164051100003,26.149748776000024],[88.65760964800006,26.146892200000025],[88.65565736500008,26.147584400000028],[88.65433749200008,26.15184298300005],[88.65593536000006,26.154969814000026],[88.65338275900007,26.161374043000023],[88.65686565000004,26.166165566000075],[88.65732086600008,26.169359023000027],[88.65150093500006,26.173637580000047],[88.65399454100003,26.17414787900003],[88.65336280500009,26.178459131000068],[88.65713944400005,26.180880117000072],[88.65692863000004,26.18355839000003],[88.66345156200003,26.191138477000038],[88.66003899100008,26.190993880000065],[88.65805730300008,26.19279627700007],[88.65442929500006,26.192074556000023],[88.65274431300008,26.193819276000056],[88.65578726500007,26.195629675000077],[88.65953097300007,26.194095402000073],[88.66258212100007,26.196594702000027],[88.66499993300005,26.195708702000047],[88.66277389200008,26.19910744500004],[88.66979835600006,26.203668615000026],[88.66713349900004,26.204100994000044],[88.66656873100004,26.206730856000036],[88.66973315800004,26.210697013000072],[88.67345982600006,26.209397528000068],[88.67781253400005,26.210536235000063],[88.68352274900008,26.20961922600003],[88.68659191800003,26.206332244000066],[88.68960675900007,26.208244389000072],[88.69089380300005,26.207655172000045],[88.69331778800006,26.211708886000054],[88.69652234100005,26.213095027000065],[88.69911041300008,26.21164630000004],[88.70304440100006,26.211935195000024],[88.71146732000005,26.206718102000025],[88.71263416800008,26.203880698000034],[88.71100579800003,26.201539639000032],[88.70648980200008,26.20337302300004],[88.70855811300004,26.19775289200004],[88.70666690200005,26.197365175000073],[88.70170198000005,26.188898206000033],[88.70826252400008,26.181938328000058],[88.71377027000005,26.181971864000047],[88.71615043300005,26.179324689000055],[88.71493945000003,26.18567601600006],[88.71350373700005,26.184459600000025],[88.71310291800006,26.18536448800006],[88.71613515400009,26.18748050000005],[88.71842150600008,26.186325510000074],[88.72087762800004,26.187602867000066],[88.72853261000006,26.184075749000044],[88.72945944800006,26.18730535800006],[88.72669431400004,26.18734806200007],[88.72759563400007,26.195455571000025],[88.72349764700004,26.19854870000006],[88.72458496000007,26.19620252200008],[88.72252302300006,26.19509236300007],[88.71613159200007,26.202521041000068],[88.71817484900004,26.205057031000024],[88.71819747600006,26.208701837000035],[88.71560876400008,26.21077668500004],[88.71809659400003,26.216196102000026],[88.71479713700006,26.224751956000034],[88.71764708700005,26.233569239000076],[88.71542962700005,26.24854646500006],[88.71099550500008,26.248979597000073],[88.70520076800005,26.252818069000057],[88.69694501700008,26.25332346700003],[88.69691779300007,26.257641512000077],[88.72030638000007,26.25936800900007],[88.72162853000003,26.26478430700007],[88.72989726300005,26.263787842000056],[88.73340300400008,26.269079455000053],[88.73428663800007,26.27598143800003],[88.74038025000004,26.274311209000075],[88.74280231100005,26.272086665000074],[88.74544806400007,26.262231189000033],[88.74719127500003,26.261037748000035],[88.74951669900008,26.26247997300004],[88.75150922300008,26.273079021000058],[88.75824484300006,26.277561305000063],[88.75863081200004,26.28399221600006],[88.75628897400009,26.28436184800006],[88.75105266400004,26.281729212000073],[88.74953711600006,26.28574431100003],[88.74358097600003,26.280390449000038],[88.73373717300007,26.277445372000045],[88.74123483400007,26.28191597700004],[88.74398273200006,26.28896039400007],[88.74847481200004,26.292602728000077],[88.74920859000008,26.303995430000043],[88.74413577300004,26.303068491000033],[88.74077736500004,26.295686169000078],[88.74536974800003,26.293572165000057],[88.74505762500007,26.29074563300003],[88.73731832300007,26.291564821000065],[88.73691377800003,26.293709843000045],[88.72965799600007,26.29469123000007],[88.73050739500007,26.29129993400005],[88.72833214200006,26.289342439000052],[88.72647269000004,26.29024234700006],[88.72756967800007,26.292924236000033],[88.71974630600005,26.29309802800003],[88.72168397900003,26.28985218100007],[88.72105562000007,26.287779612000065],[88.72369738500004,26.286246684000048],[88.72194675400004,26.282926645000032],[88.70454852600005,26.281864877000032],[88.69579113000003,26.27953844500007],[88.69609766600007,26.27737368700008],[88.69178404100006,26.271556502000067],[88.69242853300005,26.269129839000072],[88.69008750600005,26.268611845000066],[88.69003007400005,26.266732640000043],[88.68739315000005,26.26626946700003],[88.68596953700006,26.267662160000043],[88.68458698500007,26.26574654500007],[88.68625841600004,26.263167876000068],[88.68316971300004,26.260923985000034],[88.67942716300007,26.259009484000046],[88.67673946200006,26.264766852000037],[88.67466121200005,26.26344754400003],[88.67007254300006,26.264035896000053],[88.66621016500005,26.262738546000037],[88.66745223300006,26.266630020000036],[88.67180876600008,26.26697348700003],[88.67214542500005,26.268565473000024],[88.67204221700007,26.272329588000048],[88.667605,26.272042503000023],[88.66680202300006,26.273870056000078],[88.66734995500008,26.278165414000057],[88.66961568800008,26.280859097000075],[88.66566360100006,26.28485829600004],[88.66617350400008,26.28932437900005],[88.66963854200009,26.289650779000056],[88.66798370500004,26.297266027000035],[88.67472985200004,26.298527157000024],[88.67477844800004,26.29735051600005],[88.68067144200006,26.29528056600003],[88.68038711500003,26.292486531000065],[88.68424622000003,26.29226193100004],[88.68559890200004,26.29035996400006],[88.68457737500006,26.292568868000046],[88.68216815600005,26.29346762600005],[88.68003150000004,26.29713201000004],[88.67462931300008,26.300279273000058],[88.66987872500005,26.299214564000067],[88.66638939000006,26.30049574900005],[88.66013687900005,26.29977505000005],[88.65756233500008,26.301329758000065],[88.65688089500009,26.303666719000034],[88.65978608200004,26.308557748000055],[88.65734035800006,26.312144388000036],[88.65803015600005,26.31370536000003],[88.66130735800004,26.31411855400006],[88.66050111500005,26.316227533000074],[88.66451104500004,26.315348593000067],[88.66317691900008,26.32079473400006],[88.65919685400007,26.320259332000035],[88.65644757100006,26.318195520000074],[88.65234371100007,26.321902497000053],[88.65203855500005,26.319245396000042],[88.65620720400005,26.316182841000057],[88.65487541700008,26.313614297000072],[88.64397261000005,26.312982340000076],[88.64336176300003,26.30984667100006],[88.64172430700006,26.31057033700006],[88.64147285000007,26.313395972000023],[88.64341572100005,26.31607198200004],[88.63799591300005,26.32072868800003],[88.63446096500007,26.319569387000058],[88.63417099600008,26.31527890600006],[88.62999367400005,26.314749853000023],[88.62306664600004,26.311200970000073],[88.61810598600005,26.311465845000043],[88.61822424200005,26.309598202000075],[88.61568770600007,26.30694265900007],[88.61250081500003,26.310964838000075],[88.61006141200005,26.308572514000048],[88.60331712200008,26.31077807300005],[88.60097580300004,26.307168352000076],[88.59685043600007,26.305925648000027],[88.59570794700005,26.306676758000037],[88.59794948900009,26.31861211300003],[88.59190572800009,26.321095919000072],[88.58932712700005,26.320135058000062],[88.58771017500004,26.314484064000055],[88.58534714500007,26.312516394000056],[88.58120813800008,26.31234177700003],[88.57692155200004,26.31522883100007],[88.56929656900007,26.31257325300004],[88.56991177000003,26.30965945400004],[88.56596944800003,26.30549550300003],[88.56231408100007,26.30468307900003],[88.56416995200004,26.304071416000056],[88.56236511100008,26.30326171100006],[88.56229047100004,26.301294591000044],[88.55628160200007,26.30034782000007],[88.55848163300004,26.299389865000023],[88.55601088500003,26.295268084000043],[88.55759772400006,26.294787518000078],[88.55683849600007,26.293745070000057],[88.55502335400007,26.293783223000048],[88.55271393200007,26.296777486000053],[88.54860372300004,26.29672975300008],[88.54701855100006,26.294184233000067],[88.54433841500008,26.294515919000048],[88.53987944100004,26.29223510500003],[88.53742244700004,26.28865313700004],[88.53946112800008,26.287677463000023],[88.53677564200007,26.285528013000032],[88.53287678900006,26.28463451500005],[88.53045850600006,26.28483941500008],[88.53043019100005,26.286167332000048],[88.52516816300005,26.285642774000053],[88.52436992300005,26.284100416000058],[88.52603945800007,26.282025958000077],[88.52269630100005,26.28182344000004],[88.52040181200005,26.27898371200007],[88.52664003400008,26.27721751200005],[88.53180989100008,26.27389692500003],[88.53155568300008,26.271071452000058],[88.52998290300008,26.271597021000048],[88.52667462000005,26.26949800400007],[88.52292207200009,26.27202614500004],[88.51838225900008,26.267981762000034],[88.51368447900006,26.269289619000062],[88.51113886600007,26.268314201000067],[88.51057265800006,26.266487548000043],[88.50198452000006,26.264160451000066],[88.49972668600003,26.268685144000074],[88.49188454100005,26.269921015000023],[88.49169127500005,26.272841130000074],[88.49011136100006,26.27199341000005],[88.48906806600007,26.273421218000067],[88.48463174400007,26.269569294000064],[88.47852522700003,26.273606073000053],[88.47809243800003,26.276845791000028],[88.47573364100003,26.27734379800006],[88.47266148100005,26.273504867000042],[88.47282603600007,26.271213037000052],[88.47031689500005,26.271156417000043],[88.46761628900003,26.268547973000068],[88.46992245000007,26.258687318000057],[88.46913911800004,26.25462161100006],[88.47077316900004,26.252452640000058],[88.47036377200004,26.246708953000052],[88.47720973400004,26.24042847000004],[88.47854804800005,26.23148888000003],[88.47764064200004,26.228723005000063],[88.48861297900004,26.228028581000046],[88.49457721700009,26.230111136000062],[88.50100745900005,26.228875536000032],[88.50190867200007,26.230508800000052],[88.51001436200005,26.23186598700005],[88.51547531100005,26.221431090000067],[88.52944330500009,26.223622859000045],[88.53080490700006,26.222276966000038],[88.53560928200005,26.22245576800003],[88.54112537500004,26.226762850000057],[88.54494294400007,26.227605594000067],[88.54562824500005,26.224667754000052],[88.55190287400006,26.22141392700007],[88.55265878200004,26.218642079000062],[88.55266247000009,26.21654934000003],[88.54888963400003,26.212855577000028],[88.54885339300006,26.20173115500006],[88.56040994700004,26.191045376000034],[88.55634720400008,26.17973554100007]]]}},{"type":"Feature","id":"panchagarh-debiganj","properties":{"canonical_id":"panchagarh-debiganj","name_en":"Debiganj","name_bn":"দেবীগঞ্জ","district_id":"panchagarh","division_id":"rangpur","pcode":"BD-F-52-472","parent_pcode":"BD5577","source_name":"Debiganj","match_method":"exact_name_or_alias","boundary_reference_year":"2020","boundary_source":"geoBoundaries gbOpen BGD ADM3 / BBS, OCHA ROAP","source_dataset_updated":"2026-08-09"},"geometry":{"type":"Polygon","coordinates":[[[88.71054439900007,26.00735177300004],[88.71267440400004,26.008843530000036],[88.71371620400004,26.00661993800003],[88.71552708600007,26.008144929000025],[88.71969213000006,26.008186950000038],[88.71989564400008,26.01133124300003],[88.72572170600006,26.016253042000073],[88.73007272300003,26.017060454000045],[88.73495475900006,26.01468248300006],[88.74017623300006,26.017197959000043],[88.74470620500006,26.02482587800006],[88.74915617300007,26.02565164300006],[88.75468961100006,26.02238650700008],[88.75900096300006,26.024751842000057],[88.75952177800008,26.026599274000034],[88.75751854600009,26.02786694300005],[88.75921159800004,26.032662689000063],[88.75770976200005,26.03633682800006],[88.75922483800008,26.037221670000065],[88.75882895100005,26.03388672500006],[88.76116831000007,26.033927117000076],[88.76224610900005,26.042253370000026],[88.76830124800006,26.050346775000037],[88.77460484600005,26.054813124000077],[88.77503376400006,26.05781255900007],[88.77885923600007,26.062583845000063],[88.77540291900004,26.067282155000044],[88.77614157900007,26.071984969000027],[88.75766442900004,26.084643096000036],[88.75818952200007,26.085719752000045],[88.76339295500009,26.085390326000038],[88.76723430400006,26.087786980000033],[88.77327182400006,26.09985091300007],[88.77433640500004,26.10584926300004],[88.78212811700007,26.112732954000023],[88.78958662300005,26.12471343900006],[88.78911774400007,26.13059948700004],[88.78355081500007,26.132577810000043],[88.78346578600008,26.145788048000043],[88.78607429300007,26.147677827000052],[88.78433024900005,26.15733093600005],[88.77896253000006,26.166047647000028],[88.78173380400005,26.17754968400004],[88.77578254100007,26.18056039000004],[88.78252073200008,26.181622532000063],[88.79371402500004,26.189040576000025],[88.79767211600006,26.20618490000004],[88.79128810200007,26.20492834600003],[88.79018868500003,26.20671914600007],[88.79639189100004,26.21175659100004],[88.79747268300008,26.214786213000025],[88.79227160600004,26.22787445800003],[88.78534376700009,26.232516487000055],[88.78180265700007,26.236881079000057],[88.77395229700005,26.23960464000004],[88.76291949600005,26.236121057000048],[88.76219517300007,26.245373379000057],[88.75810925800005,26.26142487800007],[88.76346973500006,26.26883880300005],[88.76641243900008,26.28654604600007],[88.76379067900007,26.292857389000062],[88.75826375700007,26.297827683000037],[88.75925690900004,26.304143168000053],[88.75655862000008,26.310574862000067],[88.74662755700007,26.31111156700007],[88.74413577300004,26.303068491000033],[88.74920859000008,26.303995430000043],[88.74847481200004,26.292602728000077],[88.74398273200006,26.28896039400007],[88.74123483400007,26.28191597700004],[88.73373717300007,26.277445372000045],[88.74358097600003,26.280390449000038],[88.74953711600006,26.28574431100003],[88.75105266400004,26.281729212000073],[88.75628897400009,26.28436184800006],[88.75863081200004,26.28399221600006],[88.75824484300006,26.277561305000063],[88.75150922300008,26.273079021000058],[88.74951669900008,26.26247997300004],[88.74719127500003,26.261037748000035],[88.74544806400007,26.262231189000033],[88.74280231100005,26.272086665000074],[88.74038025000004,26.274311209000075],[88.73428663800007,26.27598143800003],[88.73340300400008,26.269079455000053],[88.72989726300005,26.263787842000056],[88.72162853000003,26.26478430700007],[88.72030638000007,26.25936800900007],[88.69691779300007,26.257641512000077],[88.69694501700008,26.25332346700003],[88.70520076800005,26.252818069000057],[88.71099550500008,26.248979597000073],[88.71542962700005,26.24854646500006],[88.71764708700005,26.233569239000076],[88.71479713700006,26.224751956000034],[88.71809659400003,26.216196102000026],[88.71560876400008,26.21077668500004],[88.71819747600006,26.208701837000035],[88.71817484900004,26.205057031000024],[88.71613159200007,26.202521041000068],[88.72252302300006,26.19509236300007],[88.72458496000007,26.19620252200008],[88.72349764700004,26.19854870000006],[88.72759563400007,26.195455571000025],[88.72669431400004,26.18734806200007],[88.72945944800006,26.18730535800006],[88.72853261000006,26.184075749000044],[88.72087762800004,26.187602867000066],[88.71842150600008,26.186325510000074],[88.71613515400009,26.18748050000005],[88.71310291800006,26.18536448800006],[88.71350373700005,26.184459600000025],[88.71493945000003,26.18567601600006],[88.71615043300005,26.179324689000055],[88.71377027000005,26.181971864000047],[88.70826252400008,26.181938328000058],[88.70170198000005,26.188898206000033],[88.70666690200005,26.197365175000073],[88.70855811300004,26.19775289200004],[88.70648980200008,26.20337302300004],[88.71100579800003,26.201539639000032],[88.71263416800008,26.203880698000034],[88.71146732000005,26.206718102000025],[88.70304440100006,26.211935195000024],[88.69911041300008,26.21164630000004],[88.69652234100005,26.213095027000065],[88.69331778800006,26.211708886000054],[88.69089380300005,26.207655172000045],[88.68960675900007,26.208244389000072],[88.68659191800003,26.206332244000066],[88.68352274900008,26.20961922600003],[88.67781253400005,26.210536235000063],[88.67345982600006,26.209397528000068],[88.66973315800004,26.210697013000072],[88.66656873100004,26.206730856000036],[88.66713349900004,26.204100994000044],[88.66979835600006,26.203668615000026],[88.66277389200008,26.19910744500004],[88.66499993300005,26.195708702000047],[88.66258212100007,26.196594702000027],[88.65953097300007,26.194095402000073],[88.65578726500007,26.195629675000077],[88.65274431300008,26.193819276000056],[88.65442929500006,26.192074556000023],[88.65805730300008,26.19279627700007],[88.66003899100008,26.190993880000065],[88.66345156200003,26.191138477000038],[88.65692863000004,26.18355839000003],[88.65713944400005,26.180880117000072],[88.65336280500009,26.178459131000068],[88.65399454100003,26.17414787900003],[88.65150093500006,26.173637580000047],[88.65732086600008,26.169359023000027],[88.65686565000004,26.166165566000075],[88.65338275900007,26.161374043000023],[88.65593536000006,26.154969814000026],[88.65433749200008,26.15184298300005],[88.65565736500008,26.147584400000028],[88.65760964800006,26.146892200000025],[88.66164051100003,26.149748776000024],[88.66354904100007,26.14702530200003],[88.65892104800008,26.140076819000058],[88.65410469100004,26.139190021000047],[88.64744965200003,26.142226625000035],[88.64605830900007,26.137569108000037],[88.65081855500006,26.136608812000077],[88.65084142900008,26.13358513700007],[88.65325514600005,26.132212293000066],[88.65227387000004,26.130238349000024],[88.65922709300008,26.124309586000038],[88.65820881900004,26.122479223000028],[88.65456499800007,26.122534974000075],[88.65216408300006,26.116819107000026],[88.65345402400004,26.11603949700003],[88.65916668800008,26.117883163000045],[88.65858225800008,26.113341025000068],[88.66258061700006,26.114866710000058],[88.66448029100007,26.107972610000047],[88.66019600100003,26.108082394000064],[88.66059041900007,26.100344309000036],[88.65869487000003,26.09794153300004],[88.65431672700004,26.096646384000053],[88.65394168500006,26.094415721000075],[88.64880642100007,26.091971268000066],[88.64883946600008,26.09061790100003],[88.64959029300007,26.091596035000066],[88.64931060100008,26.09067535400004],[88.65199954700006,26.090345583000044],[88.65369809200007,26.08801747700005],[88.65176705000005,26.08402417900004],[88.64911284200008,26.08278335600005],[88.64775017900007,26.08394031800003],[88.64653096600006,26.082673955000075],[88.64508220300007,26.080236267000032],[88.64383987900004,26.081956896000065],[88.64262774000008,26.079703665000068],[88.63652651800004,26.079113476000032],[88.63627739100008,26.075620009000033],[88.63765733500009,26.07442833400006],[88.63382983900004,26.07275465200007],[88.63689713400004,26.07246992300003],[88.63591283800008,26.071143062000033],[88.63786537500005,26.070380558000068],[88.63556015300009,26.067503595000062],[88.63357373900004,26.067958223000062],[88.63288749400004,26.064885503000028],[88.63449546000004,26.063524477000044],[88.62951189600005,26.061562130000027],[88.62675718200006,26.055931100000066],[88.62987093800007,26.049358195000025],[88.64602236100006,26.043005067000024],[88.64972817500006,26.03576743800005],[88.66694265500007,26.01428683100005],[88.67253058100005,26.012761668000053],[88.69957012600008,26.015713728000037],[88.70074470800006,26.007440661000032],[88.70575558800005,26.00633898600006],[88.71054439900007,26.00735177300004]]]}},{"type":"Feature","id":"panchagarh-panchagarh-sadar","properties":{"canonical_id":"panchagarh-panchagarh-sadar","name_en":"Panchagarh Sadar","name_bn":"পঞ্চগড় সদর","district_id":"panchagarh","division_id":"rangpur","pcode":"BD-F-52-471","parent_pcode":"BD5577","source_name":"Panchagarh Sadar","match_method":"exact_name_or_alias","boundary_reference_year":"2020","boundary_source":"geoBoundaries gbOpen BGD ADM3 / BBS, OCHA ROAP","source_dataset_updated":"2026-08-09"},"geometry":{"type":"Polygon","coordinates":[[[88.47573364100003,26.27734379800006],[88.47809243800003,26.276845791000028],[88.47852522700003,26.273606073000053],[88.48463174400007,26.269569294000064],[88.48906806600007,26.273421218000067],[88.49011136100006,26.27199341000005],[88.49169127500005,26.272841130000074],[88.49188454100005,26.269921015000023],[88.49972668600003,26.268685144000074],[88.50198452000006,26.264160451000066],[88.51057265800006,26.266487548000043],[88.51113886600007,26.268314201000067],[88.51368447900006,26.269289619000062],[88.51838225900008,26.267981762000034],[88.52292207200009,26.27202614500004],[88.52667462000005,26.26949800400007],[88.52998290300008,26.271597021000048],[88.53155568300008,26.271071452000058],[88.53180989100008,26.27389692500003],[88.52664003400008,26.27721751200005],[88.52040181200005,26.27898371200007],[88.52269630100005,26.28182344000004],[88.52603945800007,26.282025958000077],[88.52436992300005,26.284100416000058],[88.52516816300005,26.285642774000053],[88.53043019100005,26.286167332000048],[88.53045850600006,26.28483941500008],[88.53287678900006,26.28463451500005],[88.53677564200007,26.285528013000032],[88.53946112800008,26.287677463000023],[88.53742244700004,26.28865313700004],[88.53987944100004,26.29223510500003],[88.54433841500008,26.294515919000048],[88.54701855100006,26.294184233000067],[88.54860372300004,26.29672975300008],[88.55271393200007,26.296777486000053],[88.55502335400007,26.293783223000048],[88.55683849600007,26.293745070000057],[88.55759772400006,26.294787518000078],[88.55601088500003,26.295268084000043],[88.55848163300004,26.299389865000023],[88.55628160200007,26.30034782000007],[88.56229047100004,26.301294591000044],[88.56236511100008,26.30326171100006],[88.56416995200004,26.304071416000056],[88.56231408100007,26.30468307900003],[88.56596944800003,26.30549550300003],[88.56991177000003,26.30965945400004],[88.56929656900007,26.31257325300004],[88.57692155200004,26.31522883100007],[88.58120813800008,26.31234177700003],[88.58534714500007,26.312516394000056],[88.58771017500004,26.314484064000055],[88.58932712700005,26.320135058000062],[88.59190572800009,26.321095919000072],[88.59794948900009,26.31861211300003],[88.59570794700005,26.306676758000037],[88.59685043600007,26.305925648000027],[88.60097580300004,26.307168352000076],[88.60331712200008,26.31077807300005],[88.61006141200005,26.308572514000048],[88.61250081500003,26.310964838000075],[88.61568770600007,26.30694265900007],[88.61822424200005,26.309598202000075],[88.61810598600005,26.311465845000043],[88.62306664600004,26.311200970000073],[88.62999367400005,26.314749853000023],[88.63417099600008,26.31527890600006],[88.63446096500007,26.319569387000058],[88.63799591300005,26.32072868800003],[88.64341572100005,26.31607198200004],[88.64147285000007,26.313395972000023],[88.64172430700006,26.31057033700006],[88.64336176300003,26.30984667100006],[88.64397261000005,26.312982340000076],[88.65487541700008,26.313614297000072],[88.65620720400005,26.316182841000057],[88.65203855500005,26.319245396000042],[88.65234371100007,26.321902497000053],[88.65644757100006,26.318195520000074],[88.65919685400007,26.320259332000035],[88.66317691900008,26.32079473400006],[88.66451104500004,26.315348593000067],[88.66050111500005,26.316227533000074],[88.66130735800004,26.31411855400006],[88.65803015600005,26.31370536000003],[88.65734035800006,26.312144388000036],[88.65978608200004,26.308557748000055],[88.65688089500009,26.303666719000034],[88.65756233500008,26.301329758000065],[88.66013687900005,26.29977505000005],[88.66638939000006,26.30049574900005],[88.66987872500005,26.299214564000067],[88.67462931300008,26.300279273000058],[88.68003150000004,26.29713201000004],[88.68216815600005,26.29346762600005],[88.68457737500006,26.292568868000046],[88.68559890200004,26.29035996400006],[88.68713560400005,26.287758849000056],[88.68153102000008,26.287161407000042],[88.68270366500008,26.28353030100004],[88.68619601100005,26.282120447000068],[88.68803704200008,26.28217978400005],[88.68778810900005,26.285188752000067],[88.69034298400004,26.285715578000065],[88.69043639300008,26.283712716000025],[88.69542596800005,26.282778181000026],[88.69683344600008,26.284918805000075],[88.70145913600004,26.28437493200005],[88.70131258300006,26.285825900000077],[88.70460578900008,26.285803086000044],[88.70552090100006,26.28846180200003],[88.70938700300007,26.288866564000045],[88.70577782400005,26.289093296000033],[88.70647900700004,26.291489038000066],[88.70263960200003,26.292576671000063],[88.69978494400004,26.292371866000053],[88.69980748400008,26.291424032000066],[88.70267041700004,26.291765009000073],[88.70041851200006,26.289482185000054],[88.69217390000006,26.290602860000035],[88.69481605900006,26.291450874000077],[88.69325370300004,26.295547416000034],[88.68968225200007,26.29434291900003],[88.68474237900006,26.295202750000044],[88.68243906900005,26.29850485000003],[88.68460329800007,26.301508909000063],[88.68159929000007,26.302536805000045],[88.68012512800004,26.301534570000058],[88.67823987900005,26.304373068000075],[88.67872278200008,26.307929452000053],[88.68302091400005,26.308561342000075],[88.68250346100007,26.31260922900003],[88.68076931300004,26.31162730500006],[88.67790504100003,26.314644969000028],[88.67846931900004,26.313435002000062],[88.67524081000005,26.311448963000032],[88.67591275100006,26.313487189000057],[88.67454606800004,26.314349503000074],[88.67614700200005,26.316515499000047],[88.67507057900008,26.320171849000076],[88.67821986900003,26.320260567000048],[88.67926660400008,26.322249275000047],[88.68970493000006,26.32312554200007],[88.69094762800006,26.328975926000055],[88.69568857400003,26.328820637000035],[88.69674745500004,26.325852330000032],[88.69223178100003,26.325695040000028],[88.68984850400005,26.32344129200004],[88.69236419600009,26.321687591000057],[88.69088008700004,26.31850663800003],[88.69320586600008,26.314082274000043],[88.69639773600005,26.314426560000072],[88.69719182800009,26.312217565000026],[88.69885575700005,26.314464929000053],[88.70630066000007,26.31477579700004],[88.71498007800005,26.318056743000056],[88.71904764100003,26.31576824700005],[88.71918607800006,26.31225100200004],[88.72082201700005,26.31438921000006],[88.72598814900005,26.315641268000036],[88.72626600400008,26.31762176600006],[88.73115753400003,26.31847642200006],[88.73057966600004,26.323750166000025],[88.74645214500003,26.322474552000074],[88.74867880100004,26.33202312000003],[88.74570974300008,26.332533004000027],[88.73993640200007,26.32945790900004],[88.73382727000006,26.32858556700006],[88.73594399900009,26.334061892000022],[88.74273236000005,26.336790449000034],[88.74398748800007,26.338578604000077],[88.74254628800009,26.344198816000073],[88.74424013700008,26.34470252500006],[88.74443906400006,26.34346569400003],[88.74559237700004,26.344709290000026],[88.74524454100003,26.34795635300003],[88.73629384200007,26.349552866000067],[88.73595841500008,26.352097211000057],[88.73753706500008,26.353387378000036],[88.73319700800005,26.35392832200006],[88.73290585300003,26.35044084200007],[88.73516437200004,26.350108512000077],[88.73585957900008,26.348081050000076],[88.72958203300004,26.348129375000042],[88.72927301900006,26.344719987000076],[88.72631168500004,26.34423082400008],[88.72608041700005,26.341367830000024],[88.72425641400008,26.341229071000043],[88.72377623400007,26.34302918000003],[88.71278456000005,26.34372862600003],[88.71235664700004,26.33783186200003],[88.71039696800005,26.337286409000058],[88.71008814100009,26.334768482000072],[88.70463757900006,26.332581180000034],[88.70271253200008,26.334494036000024],[88.70318168800009,26.33775437500003],[88.70158768000005,26.338887809000028],[88.70414875700004,26.339946370000064],[88.70394275600006,26.34198569700004],[88.69853472900007,26.34123795900007],[88.69797684100007,26.34379160700007],[88.69505754600004,26.344244090000075],[88.69404624800006,26.34686733600006],[88.69710143800006,26.348077870000054],[88.69850901900008,26.356872993000025],[88.69378420300006,26.356507244000056],[88.69145211800009,26.360045545000048],[88.69623222400008,26.362039974000027],[88.69491275100006,26.363661378000074],[88.68914485000005,26.363759538000068],[88.68763127200003,26.37161840600004],[88.68530010000006,26.374769856000057],[88.68656658000003,26.378900733000023],[88.68126555600008,26.377996064000058],[88.68103115800005,26.380220587000053],[88.68259397400004,26.380559951000066],[88.68286294900008,26.382389828000044],[88.70212474700008,26.385851872000046],[88.70224839400004,26.38855344500007],[88.69876961200004,26.390214228000048],[88.69408615600008,26.38766416200008],[88.68737978100006,26.386906877000058],[88.68771404000006,26.39165265400004],[88.68593359100004,26.39022058200004],[88.68573405700005,26.391516487000047],[88.68962061500008,26.394981933000054],[88.68847716600004,26.39602928100004],[88.68362858700004,26.39360982200003],[88.67812454900007,26.393525993000026],[88.67806939900004,26.395686733000048],[88.67417384200007,26.395411911000053],[88.67029511400006,26.397792734000063],[88.67687100600006,26.399119874000064],[88.67574043400003,26.401138442000047],[88.67901769700006,26.40209862200004],[88.67897610500006,26.400560729000063],[88.68085524000008,26.40058196900003],[88.68158757000003,26.402157060000036],[88.68735627800004,26.401072921000036],[88.68559519500008,26.405534543000044],[88.68668694800004,26.40611959100005],[88.68422046900008,26.40577780700005],[88.68350150400005,26.40759078600007],[88.68561185900006,26.408388783000078],[88.68393892800003,26.408786763000023],[88.68568929300005,26.412675516000036],[88.68342511400004,26.411561791000054],[88.68357180300006,26.413789448000045],[88.68043425700006,26.413806150000028],[88.68170363800004,26.40803610900008],[88.67947660400006,26.40869256700006],[88.67952969500004,26.411728328000038],[88.67787630000004,26.407817589000047],[88.66774148400003,26.40730691300007],[88.66766622400007,26.409643791000065],[88.66485423700004,26.41023352600007],[88.66383014700006,26.40896553700003],[88.66276690500007,26.40995811500005],[88.66039449500005,26.41640829800008],[88.65049054200006,26.41562197500008],[88.65031957500008,26.417512284000054],[88.64677195800004,26.41704207500004],[88.64652598800006,26.41867099800004],[88.64440279600007,26.418832937000047],[88.65100870500004,26.421763894000037],[88.64976060100008,26.429687037000065],[88.63823696700007,26.429564282000058],[88.63512608200006,26.432063820000053],[88.63077733400007,26.43150681700007],[88.63043005700007,26.43473541900005],[88.62787349700005,26.43357932200007],[88.62372836800006,26.434861211000054],[88.62313109900003,26.43837688900004],[88.62491829000004,26.440481529000067],[88.62824083500004,26.441124969000043],[88.62285124800007,26.471157379000033],[88.59395380700005,26.47083749600006],[88.59584852100005,26.469276294000053],[88.59459012100007,26.452309890000038],[88.59307490700007,26.452302289000045],[88.59254742600007,26.448741891000054],[88.59030894500006,26.44890940500005],[88.59186404400003,26.449683067000024],[88.59030946000007,26.45133786300005],[88.58428297200004,26.450390388000073],[88.58451365100007,26.454157787000042],[88.58291316400005,26.45572020800006],[88.56297050400008,26.457640484000024],[88.56182984000003,26.45675045100006],[88.55841283700005,26.458115290000023],[88.55804317600007,26.459610143000077],[88.56284296100006,26.45916199900006],[88.56272653300005,26.460460805000025],[88.55986842100003,26.461235474000034],[88.55931930900005,26.46425418800004],[88.56269129500004,26.466527013000075],[88.56105075100004,26.467783386000065],[88.55776397500006,26.466721084000028],[88.55805151600003,26.471012099000063],[88.56011585300007,26.472561133000056],[88.55398855500005,26.47185571700004],[88.55682558600006,26.474882080000043],[88.55231722100007,26.47555814800006],[88.55646017600003,26.484872892000055],[88.52645257500006,26.481489929000077],[88.52764168500005,26.484565454000062],[88.52415320100005,26.484867489000067],[88.52793060000005,26.48616682200003],[88.52293864100005,26.486968558000058],[88.51359355500006,26.483557786000063],[88.51367530200008,26.476223805000075],[88.51163673900004,26.472258686000032],[88.51309579300005,26.47131584400006],[88.51574190000008,26.473424213000044],[88.51879014900004,26.473414115000026],[88.52136619500004,26.471182809000027],[88.52802419900007,26.471441740000046],[88.53303920900004,26.465437559000065],[88.53173592800005,26.456321573000025],[88.52572582100004,26.456321736000064],[88.52705791000005,26.45991207800006],[88.52237313900008,26.462192230000028],[88.51808510400008,26.456779813000026],[88.51888037200007,26.45424737600007],[88.52146082000007,26.453280514000028],[88.52116450900007,26.45177041200003],[88.51353684000009,26.44713461300006],[88.50419613900004,26.445999533000077],[88.50606729300006,26.443577169000037],[88.51184605300006,26.44221168200005],[88.51780664700004,26.442691155000034],[88.51204279100006,26.44497276800007],[88.52071818700006,26.44652417900005],[88.52208115500008,26.44222480700006],[88.52046543400007,26.440208486000074],[88.52479197900004,26.43714942500003],[88.52300316700007,26.437011335000022],[88.52133016800008,26.427947292000056],[88.52833680200007,26.423381109000047],[88.52061567000004,26.422062391000054],[88.51748050500004,26.419419821000076],[88.51553634100009,26.42049875600003],[88.51862414600004,26.423143697000057],[88.50944937400004,26.422675389000062],[88.50771179200007,26.419331744000033],[88.50473754300003,26.418428388000052],[88.50777336000004,26.417713071000037],[88.50943484900006,26.414301625000064],[88.50902869400005,26.409169176000034],[88.50711593500006,26.40696321000007],[88.50951864200005,26.406600578000052],[88.51017760000008,26.402320944000053],[88.50482032500008,26.39897853100007],[88.50966474900008,26.393591120000053],[88.51020881400007,26.390449927000077],[88.51402276400006,26.38731752700005],[88.51670443600005,26.390285904000052],[88.51909339600007,26.390098588000058],[88.51281621000004,26.378244594000023],[88.51375524600007,26.375433803000078],[88.51732043200008,26.37067264700005],[88.52347935100005,26.375621371000022],[88.52478133500006,26.374666094000077],[88.52202295900008,26.370319755000025],[88.52216749800004,26.36723303900004],[88.51528344700006,26.365113846000042],[88.51653920300004,26.362536576000025],[88.52244274500003,26.362595690000035],[88.52282522200005,26.360171665000053],[88.51773352300006,26.356649919000063],[88.51851878200006,26.351854540000033],[88.50927238400004,26.35273060700007],[88.50996145100004,26.350519030000044],[88.50752898500008,26.351194621000047],[88.50713383200008,26.34885056400003],[88.50381464700007,26.349616919000027],[88.50570507600008,26.35079888200005],[88.50544334400007,26.356431212000075],[88.50700531700005,26.356550981000055],[88.50631211300004,26.358553736000033],[88.50856362400003,26.361585845000036],[88.50566741300008,26.363695837000023],[88.50367391300006,26.360362271000042],[88.49683735000008,26.359044080000047],[88.48831575200006,26.36036365700005],[88.49185583100007,26.351501581000036],[88.48825734900004,26.350659991000043],[88.48838341300007,26.34892800500006],[88.48022936200005,26.350732124000046],[88.48000666500008,26.353251809000028],[88.46889748900008,26.349003520000053],[88.45921224200004,26.350732821000065],[88.45362764600009,26.345975529000043],[88.45290996000006,26.34875501600004],[88.45007561800008,26.344312761000026],[88.45090301100004,26.34119763600006],[88.44654118000005,26.339324602000033],[88.44144787200008,26.332140976000062],[88.43468430800004,26.328223258000037],[88.43392084200008,26.325075053000035],[88.43494695000004,26.320401006000054],[88.43960918600004,26.31345665200007],[88.44203524600005,26.312628807000067],[88.44180899000008,26.315010737000023],[88.44349585300006,26.316255670000032],[88.45712923100007,26.312179271000048],[88.46186706100008,26.309981184000037],[88.46573420000004,26.30243776100008],[88.48297171800004,26.29711709000003],[88.48557571400005,26.293699436000054],[88.48485318800005,26.28928237100007],[88.48112726800008,26.283355269000026],[88.47488981200007,26.278696876000026],[88.47573364100003,26.27734379800006]]]}},{"type":"Feature","id":"panchagarh-tetulia","properties":{"canonical_id":"panchagarh-tetulia","name_en":"Tetulia","name_bn":"তেতুলিয়া","district_id":"panchagarh","division_id":"rangpur","pcode":"BD-F-52-475","parent_pcode":"BD5577","source_name":"Tetulia","match_method":"exact_name_or_alias","boundary_reference_year":"2020","boundary_source":"geoBoundaries gbOpen BGD ADM3 / BBS, OCHA ROAP","source_dataset_updated":"2026-08-09"},"geometry":{"type":"Polygon","coordinates":[[[88.52293864100005,26.486968558000058],[88.52467319500005,26.491670723000027],[88.51862541400004,26.501329188000057],[88.52281971600007,26.50629806200004],[88.52135339000006,26.510592340000073],[88.51373095500009,26.510676798000077],[88.51003594900004,26.512719729000025],[88.50804023700005,26.516284007000024],[88.50556388700005,26.516431194000063],[88.49999560800006,26.51572500900005],[88.50036089800005,26.51374956500007],[88.48969916600004,26.510441050000054],[88.48758041100007,26.526605102000076],[88.48863064900007,26.530623347000073],[88.48250363600005,26.53112794200007],[88.48352703900008,26.541068907000067],[88.48047379400003,26.541093674000024],[88.47390372000007,26.54449722100003],[88.46252644700007,26.54387191400008],[88.46155433500007,26.547216095000067],[88.45883505700004,26.547228045000054],[88.45735816900003,26.544943515000057],[88.45837929000004,26.540326599000025],[88.45512774100007,26.539087333000055],[88.45643054400006,26.536987020000026],[88.44816718800007,26.535377398000037],[88.44329848200005,26.539384519000066],[88.44302163100008,26.544076069000027],[88.43725414800008,26.544142642000054],[88.43123884700003,26.550156952000066],[88.42112035300005,26.571095263000075],[88.42252788200005,26.582863253000028],[88.41937928500005,26.592045042000052],[88.41979638400005,26.599198912000077],[88.41691098500007,26.612188168000046],[88.41798084100003,26.62165008000005],[88.41455416900004,26.622506860000044],[88.41604635300007,26.631700310000042],[88.41513003000006,26.633261210000057],[88.40920440700006,26.633963686000072],[88.40754319700005,26.631509073000075],[88.39836113400008,26.62593568400007],[88.39626178500004,26.619982933000074],[88.39050122400005,26.61629125500008],[88.38765841300005,26.612043451000034],[88.39023007700007,26.607685444000026],[88.39827477300008,26.60617845200005],[88.39846961500007,26.603725290000057],[88.37963414500007,26.59825190300006],[88.37591231800008,26.594266074000075],[88.37396161000004,26.579188182000053],[88.37009473200004,26.57549894600004],[88.37156542900004,26.567647601000033],[88.37083627700008,26.560665769000025],[88.36586448400004,26.55633992500003],[88.36526780200006,26.552099815000076],[88.35737164500006,26.542665258000056],[88.35937514000005,26.530286287000024],[88.35188152100005,26.523259366000048],[88.35302502500008,26.51603785100008],[88.34872922100004,26.507586900000035],[88.33595412900007,26.49956389400006],[88.33206271900008,26.493200907000073],[88.33116318300006,26.484631714000045],[88.33439371400004,26.481643276000057],[88.33371987000004,26.478808232000063],[88.34068098800003,26.478436695000028],[88.34046386300008,26.46910027000007],[88.34702737600009,26.46840478400003],[88.34825890000008,26.46001223600007],[88.35326250300005,26.45138392000007],[88.35208260500008,26.448148982000077],[88.35488959400004,26.44711329100005],[88.35691213400008,26.452435267000055],[88.36149173200005,26.45516692700005],[88.35898846700007,26.45680403500006],[88.36097383000003,26.461463191000064],[88.36035300200007,26.464402161000066],[88.36603234300009,26.470853245000058],[88.36190054500008,26.474322691000054],[88.36268312800007,26.477893057000074],[88.36182642300008,26.480637525000077],[88.36048458600004,26.480748792000043],[88.36053828400009,26.484739687000058],[88.36331191600004,26.487008325000033],[88.37114326300008,26.488264788000038],[88.37440162500008,26.48851825400004],[88.37557265200007,26.484079966000024],[88.38620079100008,26.482932251000022],[88.38768332600006,26.47893940700004],[88.40123605500008,26.483226285000057],[88.40233978300006,26.48543711800005],[88.40491598800008,26.48589277600007],[88.40494853900003,26.48066003100007],[88.40860932700008,26.47956757000003],[88.41014217000009,26.475040254000078],[88.41248712000004,26.474228287000074],[88.41530511100007,26.469314955000073],[88.41863174500008,26.46940041000005],[88.41951578100009,26.46590391700005],[88.42245494500008,26.46605806100007],[88.42133557300008,26.468655682000076],[88.42292846800007,26.46991844400003],[88.42276718100004,26.47277986200004],[88.42838566100005,26.47302245800006],[88.43042484900008,26.470450655000036],[88.43373438800006,26.472282428000028],[88.43400286300005,26.468098702000077],[88.43706922700005,26.46608309800007],[88.45814555800007,26.466732068000056],[88.48520113700005,26.460349878000045],[88.48423739200007,26.456691180000064],[88.48008226500008,26.455143703000033],[88.47883612300006,26.452628805000074],[88.48136390400003,26.450512073000027],[88.48644287700006,26.450666978000072],[88.48658871600009,26.445396068000036],[88.49077406300006,26.44408184200006],[88.49108495500008,26.440459575000034],[88.49616159500005,26.437195201000065],[88.49558895700005,26.433369534000065],[88.48939767900004,26.430954347000068],[88.49071479500003,26.428612203000057],[88.49571419200004,26.428104048000023],[88.49816652000004,26.42560208200007],[88.49817259100007,26.424276630000065],[88.49412936400006,26.422488069000053],[88.49393192900004,26.41885849700003],[88.49605942000005,26.417119141000057],[88.50265739300005,26.417589434000035],[88.49610195000008,26.41159581100004],[88.49559994800006,26.40953317000003],[88.50033032300007,26.40783011900004],[88.50185863000007,26.403347161000056],[88.50414507400006,26.40369572700007],[88.50711593500006,26.40696321000007],[88.50902869400005,26.409169176000034],[88.50943484900006,26.414301625000064],[88.50777336000004,26.417713071000037],[88.50473754300003,26.418428388000052],[88.50771179200007,26.419331744000033],[88.50944937400004,26.422675389000062],[88.51862414600004,26.423143697000057],[88.51553634100009,26.42049875600003],[88.51748050500004,26.419419821000076],[88.52061567000004,26.422062391000054],[88.52833680200007,26.423381109000047],[88.52133016800008,26.427947292000056],[88.52300316700007,26.437011335000022],[88.52479197900004,26.43714942500003],[88.52046543400007,26.440208486000074],[88.52208115500008,26.44222480700006],[88.52071818700006,26.44652417900005],[88.51204279100006,26.44497276800007],[88.51780664700004,26.442691155000034],[88.51184605300006,26.44221168200005],[88.50606729300006,26.443577169000037],[88.50419613900004,26.445999533000077],[88.51353684000009,26.44713461300006],[88.52116450900007,26.45177041200003],[88.52146082000007,26.453280514000028],[88.51888037200007,26.45424737600007],[88.51808510400008,26.456779813000026],[88.52237313900008,26.462192230000028],[88.52705791000005,26.45991207800006],[88.52572582100004,26.456321736000064],[88.53173592800005,26.456321573000025],[88.53303920900004,26.465437559000065],[88.52802419900007,26.471441740000046],[88.52136619500004,26.471182809000027],[88.51879014900004,26.473414115000026],[88.51574190000008,26.473424213000044],[88.51309579300005,26.47131584400006],[88.51163673900004,26.472258686000032],[88.51367530200008,26.476223805000075],[88.51359355500006,26.483557786000063],[88.52293864100005,26.486968558000058]]]}},{"type":"Feature","id":"rangpur-badargonj","properties":{"canonical_id":"rangpur-badargonj","name_en":"Badargonj","name_bn":"বদরগঞ্জ","district_id":"rangpur","division_id":"rangpur","pcode":"BD-F-55-515","parent_pcode":"BD5585","source_name":"Badargonj","match_method":"exact_name_or_alias","boundary_reference_year":"2020","boundary_source":"geoBoundaries gbOpen BGD ADM3 / BBS, OCHA ROAP","source_dataset_updated":"2026-08-09"},"geometry":{"type":"Polygon","coordinates":[[[89.09094227700007,25.731396836000044],[89.08835419400003,25.73203587200004],[89.08681315600006,25.737077120000038],[89.08514772000007,25.73637478200004],[89.08063756400009,25.74155134500006],[89.07594597100007,25.743266611000024],[89.07203711400007,25.740100617000053],[89.06956948900006,25.740518291000058],[89.07177028400008,25.736830233000035],[89.06745956500004,25.738533544000063],[89.06544099300004,25.738301642000067],[89.06454334100005,25.73596457600007],[89.05490973200006,25.73720546000004],[89.06141951900008,25.72787210300004],[89.06044164300005,25.726526613000033],[89.04870268800005,25.729594400000053],[89.04385728200003,25.739793640000073],[89.03629481100006,25.74202430300005],[89.03401501100006,25.74061753500007],[89.02073743500006,25.740872554000077],[89.01752334600008,25.738122332000046],[89.02128746500006,25.736252621000062],[89.02164826200004,25.73426969600007],[89.01666263900006,25.735688737000032],[89.01289165100007,25.73457462300007],[89.01031512300005,25.738767107000058],[89.01244499700005,25.740482478000047],[89.01061786900004,25.744645051000077],[89.00459048000005,25.747704447000046],[88.99259659000006,25.747309891000043],[88.98769206000009,25.757327247000035],[88.98360063700005,25.75537661900006],[88.98231824200008,25.75638910500004],[88.97816573500006,25.749575599000025],[88.97465088600006,25.752734297000075],[88.96531158800008,25.749357855000028],[88.96675010000007,25.746873718000074],[88.96448786500008,25.74165901500004],[88.96604728400007,25.737685901000077],[88.96204631700004,25.737491532000035],[88.96106696600003,25.739125065000053],[88.95750069700006,25.73923671700004],[88.95525003200004,25.74202475800007],[88.95195207300009,25.742473972000028],[88.95450077700008,25.741559451000057],[88.95347263400004,25.740816179000035],[88.95453948900007,25.73952079600008],[88.95065676000007,25.739800436000053],[88.95041101100009,25.741212318000066],[88.94793445200008,25.739733960000024],[88.94741759100003,25.74107897700003],[88.94924351700007,25.742324661000055],[88.94658845100008,25.74275243200003],[88.94106920100006,25.73432927600004],[88.94159205200003,25.73136243700003],[88.94608157400006,25.730175463000023],[88.94621061300006,25.726951803000077],[88.94146114100005,25.723701251000023],[88.93174536500004,25.72179006500005],[88.93194489500007,25.715423051000073],[88.93032077400005,25.712017254000045],[88.93193702100007,25.710688253000058],[88.93198238400004,25.70619989100004],[88.93867254300005,25.698743683000032],[88.93936581300005,25.693820966000033],[88.94202180100007,25.69137016700006],[88.93984518100007,25.690540028000044],[88.93935005400004,25.68508778100005],[88.94244190000006,25.682765983000024],[88.94338355300005,25.68403748000003],[88.95071018500005,25.681650174000026],[88.95215181900005,25.67924235600003],[88.95526443900008,25.678456548000042],[88.95972277000004,25.683449491000033],[88.96439847700003,25.683045396000068],[88.96637054000007,25.68023205000003],[88.96553382100007,25.677204655000025],[88.96773027700004,25.672256291000053],[88.97463182600006,25.672396370000058],[88.97771123300004,25.670539853000037],[88.97812574100004,25.66877750100008],[88.97343493700004,25.66166945300006],[88.97625475800004,25.65802330200006],[88.98108242500007,25.65694419600004],[88.99092497200007,25.660737780000034],[88.99608589000007,25.659457318000022],[88.99577890700004,25.657784751000065],[88.99791162200006,25.658147607000046],[88.99754922300008,25.65516877300007],[88.99999897400005,25.65360992600006],[88.99817211900006,25.651897037000026],[89.00179802600007,25.651898732000063],[89.00165039700005,25.64992421100004],[89.00054405000003,25.648609058000034],[88.99398394900004,25.64766614100006],[88.99492685300004,25.643657893000068],[88.99128029200006,25.642180696000025],[88.99869222900008,25.63971133800004],[88.99950630500007,25.636081408000052],[89.00279096900005,25.633975158000055],[89.00321579200005,25.632108381000023],[88.99828542900008,25.630901950000066],[88.99812069800004,25.625053639000043],[89.00207770000009,25.62167037300003],[89.00204249500007,25.620213556000067],[88.99918289700008,25.61979782900005],[89.00258739300006,25.617486403000044],[89.00297451300008,25.61985478400004],[89.00505086500004,25.617512788000056],[89.00972719200007,25.61946332800005],[89.01068852100008,25.618716436000057],[89.01230522000003,25.616615582000065],[89.00980275800003,25.614297804000046],[89.01401008900007,25.613206580000053],[89.01324541200006,25.609455841000056],[89.01600700900008,25.60250813400006],[89.02409437800009,25.602952303000052],[89.02762414200004,25.605426230000035],[89.03265902300006,25.60268245900005],[89.03844398500007,25.60394130900005],[89.04476065300008,25.598065483000028],[89.04519787100008,25.592068140000038],[89.04653804700007,25.59195216100005],[89.04380876200008,25.587692100000027],[89.04558182000005,25.58528712100008],[89.04467068100007,25.583770963000063],[89.04640910200004,25.58423491700006],[89.04816691200006,25.582131167000057],[89.04886916700008,25.584255446000043],[89.05161851600008,25.584720829000048],[89.05143153000006,25.586495073000037],[89.05411605100005,25.586823982000055],[89.05593478100008,25.585351478000064],[89.05659879000007,25.588880720000077],[89.05944478900005,25.586593660000062],[89.06091256000008,25.588339045000055],[89.07273941400007,25.584009696000066],[89.07674692200004,25.584342053000057],[89.07856519900008,25.582807179000042],[89.07797977000007,25.577346721000026],[89.08113923900004,25.577597983000032],[89.09837029700003,25.56746091900004],[89.10066571400006,25.56732492200007],[89.10323369300005,25.57023302700003],[89.10391247300004,25.563887562000048],[89.09729695500005,25.550653285000067],[89.09502098200005,25.55043776100007],[89.09349328300004,25.545154920000073],[89.09802203600003,25.542798453000046],[89.10085110800009,25.543362151000053],[89.10015922700006,25.53683613000004],[89.10353702600008,25.53586638400003],[89.10492353000006,25.533902411000042],[89.10489215900003,25.53804464700005],[89.10329352800005,25.53912408900004],[89.10519433700006,25.540536462000034],[89.10774336900005,25.540229760000045],[89.11133008000007,25.551302922000048],[89.11282145200005,25.552172056000074],[89.11493535800008,25.55091559600004],[89.11750819500008,25.552440232000038],[89.11662104800007,25.55358336100005],[89.11967610200008,25.55311076600003],[89.12136807700006,25.56001067400007],[89.12764129600004,25.566604400000074],[89.13921782300008,25.570650013000034],[89.14152255200008,25.572790075000057],[89.14287710400004,25.57524679000005],[89.14035709500007,25.578801605000024],[89.14065724300008,25.585220176000064],[89.14609119100004,25.581761409000023],[89.14390406500007,25.58706549300007],[89.14118163700005,25.589259578000053],[89.13367695700003,25.612931466000077],[89.14227308600005,25.621462241000074],[89.14511425700005,25.62669470700007],[89.14369462000008,25.627869858000054],[89.13918943300007,25.626256971000032],[89.13290473200004,25.628033662000064],[89.13016417200004,25.630681709000044],[89.12992731000008,25.63695031800006],[89.13536951500004,25.65121065900007],[89.13671356900005,25.65159052300004],[89.13842677600007,25.64929524100006],[89.13960155100006,25.65005332800007],[89.13734300900006,25.656533499000034],[89.14035549700003,25.665004774000067],[89.15650889900007,25.66637333500006],[89.15868919600007,25.689948409000067],[89.14814855700007,25.693600125000046],[89.14638169200003,25.695797552000045],[89.14692348700004,25.69777991600006],[89.15130873400005,25.69825021400004],[89.15201852200005,25.702822234000053],[89.15023721500006,25.70906096400006],[89.14334419900007,25.71094224500007],[89.14014841500006,25.714149273000032],[89.14175055500004,25.716037447000076],[89.14060532700006,25.717666757000075],[89.14224091100004,25.723976262000065],[89.13816215600008,25.720965644000046],[89.13999518100007,25.71951874900003],[89.13825568600004,25.717799052000032],[89.13648191800007,25.719582065000054],[89.13321612300007,25.719368540000062],[89.13292837000006,25.72206499600003],[89.12992432200008,25.723501990000045],[89.10995503900006,25.725910242000054],[89.10864408000003,25.72416798200004],[89.11116361700005,25.724206509000055],[89.11162769900005,25.72304226500006],[89.10828555700004,25.72274419300004],[89.10799340400007,25.721067980000043],[89.10067695600009,25.721958140000027],[89.09923625800008,25.715007752000076],[89.09728836800008,25.715028433000043],[89.09527737500008,25.718079250000073],[89.09328676000007,25.71481284500004],[89.08836029600008,25.714279846000068],[89.08495655000007,25.718329723000068],[89.08342202500006,25.72565715500008],[89.08770443600008,25.726716786000054],[89.08850099900008,25.729861233000065],[89.09094227700007,25.731396836000044]]]}},{"type":"Feature","id":"rangpur-gangachara","properties":{"canonical_id":"rangpur-gangachara","name_en":"Gangachara","name_bn":"গংগাচড়া","district_id":"rangpur","division_id":"rangpur","pcode":"BD-F-55-513","parent_pcode":"BD5585","source_name":"Gangachara","match_method":"exact_name_or_alias","boundary_reference_year":"2020","boundary_source":"geoBoundaries gbOpen BGD ADM3 / BBS, OCHA ROAP","source_dataset_updated":"2026-08-09"},"geometry":{"type":"Polygon","coordinates":[[[89.29136335500004,25.889979639000046],[89.28511733600004,25.89143944500006],[89.28177467400008,25.89623741500003],[89.27930514200006,25.896643348000055],[89.27579122400005,25.896263532000035],[89.27221666400004,25.89224495800005],[89.26407722800008,25.890397405000044],[89.25890721200005,25.89753888900003],[89.25217127800005,25.897161751000056],[89.24739885800005,25.90082959700004],[89.23483397800004,25.904672511000058],[89.23012318400004,25.911599756000044],[89.22335832700008,25.91734426100004],[89.22231323600005,25.92302217200006],[89.22016860600007,25.92003260300004],[89.21764065400004,25.92034460700006],[89.21165733100008,25.927680253000062],[89.21080093600006,25.93327387200003],[89.20667695600008,25.93584224700004],[89.20476280400004,25.939220625000075],[89.202761,25.939377230000048],[89.20057687200006,25.945598906000043],[89.19671620200006,25.946338841000056],[89.19205077600003,25.942613077000033],[89.17949723600003,25.952711333000025],[89.17604767200004,25.95294513400006],[89.17270473700006,25.95073813600004],[89.15635647300007,25.953581756000062],[89.14184304200006,25.964174249000052],[89.13515361000003,25.96296344700005],[89.13270713400004,25.964400279000074],[89.12558151300004,25.960516562000066],[89.11645899300004,25.96663496800005],[89.11123285600007,25.96690376300006],[89.10760680700008,25.96472740300004],[89.10936566900006,25.95801930700003],[89.10655781900005,25.95011829300006],[89.10273418500003,25.945141513000067],[89.10210909000006,25.939541158000054],[89.09857017700006,25.936625849000052],[89.09422856100008,25.936722922000058],[89.10047638300006,25.93250452500007],[89.10211090800004,25.935308674000055],[89.10421196800007,25.934699786000067],[89.10324876000004,25.93072487300003],[89.10022974500004,25.92799961700007],[89.10080402300008,25.92634009300008],[89.10266426000004,25.927514150000036],[89.10370276700007,25.923468661000072],[89.10031274400006,25.916943711000044],[89.10114690400007,25.914086019000024],[89.10356100100006,25.913497695000046],[89.10320906600003,25.91122745800004],[89.10062772600008,25.910589006000066],[89.10019159800004,25.906635394000034],[89.09927408300007,25.907204189000026],[89.09761332700003,25.90523957100004],[89.09956503600006,25.90216705000006],[89.09987411700007,25.896874942000068],[89.10178779500006,25.898676315000046],[89.10555249500004,25.89679156300008],[89.10747929900003,25.891591788000028],[89.10894712400005,25.89191119800006],[89.11090279100006,25.889906822000057],[89.11188205600007,25.886521154000036],[89.11627714200006,25.88611740500005],[89.11491371900007,25.881424524000067],[89.10256972100007,25.875223385000027],[89.10363010300006,25.86746690800004],[89.10109596500007,25.864258778000078],[89.09628991800008,25.861921925000047],[89.09613782200006,25.859612837000043],[89.10048713200007,25.851367210000035],[89.08900661600006,25.847903969000072],[89.08727898100005,25.845881821000035],[89.08810072900008,25.83273394300005],[89.09127142200003,25.829052871000044],[89.10097744700005,25.82470123300004],[89.10274785000007,25.821786630000076],[89.10486892500006,25.822433466000064],[89.10453983400004,25.82025985200005],[89.10048346600007,25.821294071000068],[89.10019852500005,25.818404573000066],[89.10063806000005,25.817337301000066],[89.10408442500005,25.81933829700006],[89.10525464900007,25.81831783900003],[89.10606556700003,25.808138144000054],[89.10945793400003,25.80933336000004],[89.11022731100007,25.806827308000038],[89.11233868800008,25.80665454700005],[89.11236728800003,25.804029395000043],[89.11780995100008,25.80082826100005],[89.11825881100003,25.806220472000064],[89.12294012200005,25.80582552800007],[89.12716112000004,25.80766755600007],[89.12612024400005,25.808815388000028],[89.13225406500004,25.809610044000067],[89.13257652400006,25.81318878700006],[89.13973816700008,25.819374243000027],[89.14250322900006,25.817810417000032],[89.14290198300006,25.81581611400003],[89.14333722400005,25.817674813000053],[89.14709487100004,25.819325612000057],[89.14835510900008,25.81456145800007],[89.15448557800005,25.815411035000068],[89.15590708600007,25.813664177000078],[89.15387176300004,25.818961152000043],[89.15774524300008,25.81801523200005],[89.16042159800008,25.819975456000066],[89.16243893200004,25.816621328000053],[89.16831121400008,25.814652742000078],[89.17591461800004,25.817343406000077],[89.17611772000004,25.81853871800007],[89.17338694000006,25.819713988000046],[89.17715498600006,25.821962288000066],[89.17830021900005,25.820683747000032],[89.17763463300008,25.817021875000023],[89.17465112400004,25.81490502200006],[89.17770066200006,25.81414181200006],[89.17818228100003,25.81148137300005],[89.17792355400007,25.81599470200007],[89.18086635400005,25.81189551700004],[89.18539767000004,25.815344888000027],[89.18555042000008,25.81830914300008],[89.18725633900004,25.818498154000054],[89.18619103400005,25.814896159000057],[89.18848165300005,25.813270659000068],[89.18944838100003,25.815286831000037],[89.19110357700004,25.811372126000037],[89.19220184900007,25.81725537400007],[89.19623873800003,25.81731443700005],[89.19778793000006,25.818694366000045],[89.19500116200004,25.81983418300007],[89.19276548200008,25.819052574000068],[89.19204840000003,25.822042465000038],[89.18951267700004,25.82182517900003],[89.18931379600008,25.82397254700004],[89.19116446700008,25.82521709100007],[89.18933466400006,25.82832435800003],[89.19305995400003,25.829606415000057],[89.19157602600006,25.832009064000033],[89.19340282500008,25.830126955000026],[89.19641003200007,25.831333830000062],[89.19626653600005,25.833052044000056],[89.19767282100008,25.831933376000052],[89.19528320400008,25.835067534000075],[89.20018125500007,25.836152174000063],[89.20422289300006,25.832148862000054],[89.20478653100008,25.834915568000042],[89.20619190700006,25.834251678000044],[89.20763901500004,25.831626321000044],[89.20575606100005,25.83144052800003],[89.20707005100007,25.829838178000045],[89.20619507000004,25.82887005500004],[89.20987777600004,25.828801524000028],[89.20954517300004,25.82620765200005],[89.20536388900007,25.825686525000037],[89.20702308900007,25.82195845900003],[89.20927397500003,25.820895635000056],[89.21705946700007,25.82161218500005],[89.21889361300003,25.81928507300006],[89.22310210200004,25.821251260000054],[89.22501358100004,25.81928679600003],[89.23465306500003,25.81701217500006],[89.24859907000007,25.825758499000074],[89.25539555600005,25.824181123000074],[89.25603360700006,25.822112080000068],[89.25404553900006,25.818460106000032],[89.26297717200003,25.81289315400005],[89.26374982600004,25.81478766200007],[89.26548792700004,25.813514802000043],[89.26492292300009,25.816562289000046],[89.26774776900004,25.81737737000003],[89.26804809800007,25.818933119000064],[89.27083347900003,25.81795780400006],[89.27238943500004,25.82016207500004],[89.27145162700003,25.81628984400004],[89.27273199700005,25.81680530500006],[89.27263805100006,25.814781052000058],[89.27607609900008,25.820115584000064],[89.28037003100007,25.823276991000057],[89.28073243800009,25.821967219000044],[89.28422623600005,25.823413420000065],[89.28730001200006,25.81899719300003],[89.29137029800006,25.817034506000027],[89.29386134100008,25.819759498000053],[89.29838530200004,25.82004891300005],[89.29908999100007,25.816592230000026],[89.30077895400007,25.817151744000057],[89.30127416600004,25.81495086800004],[89.30373412400007,25.81577309200003],[89.30415528500004,25.81326991800006],[89.30241578300007,25.811552137000035],[89.30741446100006,25.811055698000075],[89.30791216900008,25.80963362500006],[89.30509958500005,25.80888936200006],[89.30547754200006,25.807798567000077],[89.31079583700006,25.809575085000063],[89.31246765900005,25.81244882200008],[89.31085777100003,25.814388240000028],[89.31199561300008,25.81548002200003],[89.31947616200006,25.816160300000035],[89.31919440800004,25.82029066000007],[89.32136229200006,25.822182939000072],[89.32609737400008,25.82199954500004],[89.33026442400006,25.81909372800004],[89.33511826200004,25.819673600000044],[89.33389831200003,25.825465692000023],[89.33845601200005,25.82255014200007],[89.33968782700003,25.825421568000024],[89.34196421300004,25.822428364000075],[89.34439034200005,25.824888094000073],[89.34863937900008,25.823860310000043],[89.34891592200006,25.825914131000047],[89.34656185600005,25.829048186000023],[89.34225936100006,25.832377691000033],[89.33878026100007,25.83175464800007],[89.33455198900003,25.837255911000057],[89.33504951400005,25.84955162600005],[89.32864242300008,25.85459854900006],[89.32786938800007,25.856736710000064],[89.31628652500007,25.857937759000038],[89.31301840000003,25.864523607000024],[89.30814637400005,25.86473919200006],[89.30546756700005,25.866764850000038],[89.30358606700008,25.87120690300003],[89.30053503600004,25.872949065000057],[89.29869255400007,25.87638724800007],[89.29636645100004,25.875880487000074],[89.29278404900003,25.88049359200005],[89.28913873300007,25.889626758000077],[89.29136335500004,25.889979639000046]]]}},{"type":"Feature","id":"rangpur-kaunia","properties":{"canonical_id":"rangpur-kaunia","name_en":"Kaunia","name_bn":"কাউনিয়া","district_id":"rangpur","division_id":"rangpur","pcode":"BD-F-55-518","parent_pcode":"BD5585","source_name":"Kaunia","match_method":"exact_name_or_alias","boundary_reference_year":"2020","boundary_source":"geoBoundaries gbOpen BGD ADM3 / BBS, OCHA ROAP","source_dataset_updated":"2026-08-09"},"geometry":{"type":"Polygon","coordinates":[[[89.31246765900005,25.81244882200008],[89.31766121000004,25.811294907000047],[89.31920768600008,25.80875124800008],[89.31610176100008,25.804520896000042],[89.31760106800004,25.800895712000056],[89.31289530800007,25.799814249000065],[89.30963894600006,25.792627491000076],[89.31171656100008,25.790283386000056],[89.31026586000007,25.781243904000064],[89.30918760600008,25.781329650000032],[89.30662720500004,25.774578423000037],[89.29784676800006,25.74653941100007],[89.30362537800005,25.743750978000037],[89.30158144300003,25.74013038800007],[89.30553200700007,25.74142643500005],[89.31124902100004,25.746439181000028],[89.31512156100007,25.745150374000048],[89.32086931300006,25.753627532000053],[89.32522855200006,25.75297168800006],[89.33076281500007,25.755366437000077],[89.33080844700004,25.752005848000067],[89.33378822900005,25.75340277400005],[89.33382436700003,25.756475911000052],[89.33734332300008,25.757041663000052],[89.34348204500003,25.747457177000058],[89.33872179900004,25.74580179700007],[89.33774792800006,25.743867802000068],[89.34001704300005,25.74219064500005],[89.34277631200007,25.744681822000075],[89.34482807100005,25.74342688300004],[89.34217054100003,25.741468401000077],[89.34466299900004,25.734326272000033],[89.34196310800007,25.73211927600005],[89.34544261100007,25.73117608700005],[89.34533325200005,25.72600089900004],[89.34295343600007,25.724423499000068],[89.34472149800007,25.72331344400004],[89.34393422200009,25.72054280100008],[89.35066170700009,25.71749542200007],[89.35369638600008,25.721590999000057],[89.35528966600003,25.721499290000054],[89.35345862700007,25.727019744000074],[89.35574839200007,25.727133165000055],[89.35634677800005,25.72338388000003],[89.36358443900008,25.722842831000037],[89.36764280700004,25.730346306000058],[89.37268523500006,25.732929781000053],[89.37720456700004,25.732027552000034],[89.37758748800007,25.730286411000066],[89.37962853500005,25.73211916400004],[89.38186473200005,25.730326067000078],[89.38779095500007,25.734261617000072],[89.38716469800005,25.729043064000052],[89.39073777900006,25.728114982000022],[89.39289649000006,25.725460721000047],[89.39458957100004,25.72645993200007],[89.39322100200008,25.72836576700007],[89.39618597900005,25.731863645000033],[89.39482202000005,25.73617373700006],[89.39922920900005,25.740776934000053],[89.40844647100005,25.73924118800005],[89.41304438800006,25.735277575000055],[89.42010649000008,25.735259014000064],[89.42139970800008,25.733659642000077],[89.42428621700003,25.736571956000034],[89.42534722200008,25.733042038000065],[89.42980660700005,25.73496375700006],[89.43578818200007,25.733569338000052],[89.43588323400007,25.729602717000034],[89.43788966400007,25.72653180700007],[89.44333878100008,25.726578121000045],[89.43709403000008,25.72368202800004],[89.43742157000008,25.720609141000068],[89.44677855900005,25.717995778000045],[89.44563221900006,25.716042067000046],[89.44680973800007,25.71381330300005],[89.44407039500004,25.713078788000075],[89.44157525700007,25.709150222000062],[89.44513661400003,25.708519865000028],[89.44571983900005,25.70546711000003],[89.44305443700006,25.702674011000056],[89.44842849200006,25.698902950000047],[89.45092825400008,25.700741532000052],[89.45333160100006,25.697656077000033],[89.45365505000007,25.701102251000066],[89.45641446800005,25.702376771000047],[89.45547802100003,25.704877984000063],[89.45660897900007,25.70879108400004],[89.45962620100005,25.709859941000047],[89.45987350800004,25.71255406800003],[89.46154694300003,25.71226113800003],[89.46339335000005,25.708959565000043],[89.46766645700006,25.71040367200004],[89.47035689500007,25.70841444200005],[89.47227917100008,25.70888815400008],[89.47324093400005,25.71230894200005],[89.47651765200004,25.710510784000064],[89.47763248900009,25.714361586000052],[89.48537418600006,25.713872151000032],[89.48699867100004,25.715105403000052],[89.48894930300008,25.713211989000058],[89.49215191400003,25.713339446000077],[89.48492960700008,25.727846842000076],[89.48797691000004,25.729411878000064],[89.49826987600005,25.730170653000073],[89.49967268700004,25.74417825200004],[89.50083416100006,25.744351549000044],[89.50001957200004,25.746835402000045],[89.49895075200004,25.748264680000034],[89.49652572600007,25.747947603000057],[89.49341516600003,25.751463040000033],[89.49168080200008,25.750072018000026],[89.48713754900007,25.750913939000043],[89.48658064500006,25.754411107000067],[89.48081944700004,25.75309769300003],[89.47866872500003,25.759100604000025],[89.47987665700003,25.762511490000065],[89.46921969900006,25.77713488300003],[89.46942637600006,25.77943771300005],[89.46696814900008,25.779732927000055],[89.46276146300005,25.786246111000025],[89.45791958000007,25.783594226000048],[89.45918736000004,25.786375090000035],[89.45775440700004,25.78660622700005],[89.45523298300003,25.78391265500005],[89.45069487100005,25.787906015000033],[89.44697021800005,25.784191887000077],[89.44643184400007,25.786965416000044],[89.44286345700004,25.786131199000067],[89.43785274800007,25.788446159000046],[89.42955291200008,25.788259776000075],[89.42938980900004,25.79518056200004],[89.41966447500005,25.79350259100005],[89.41888756300006,25.792252234000046],[89.41639727900008,25.794052194000074],[89.41459692100005,25.792705149000028],[89.41127853700004,25.793520812000054],[89.40865427300008,25.795846649000055],[89.38843704700008,25.796855092000044],[89.38396678000004,25.800829115000056],[89.37567895800004,25.80487412900004],[89.37119327200008,25.810273263000056],[89.37060979100005,25.81750757700007],[89.36729350900004,25.818623599000034],[89.36171630900003,25.816924749000066],[89.35314273200004,25.821747136000056],[89.34751456500004,25.821111337000048],[89.34650778400004,25.822597857000062],[89.34863937900008,25.823860310000043],[89.34439034200005,25.824888094000073],[89.34196421300004,25.822428364000075],[89.33968782700003,25.825421568000024],[89.33845601200005,25.82255014200007],[89.33389831200003,25.825465692000023],[89.33511826200004,25.819673600000044],[89.33026442400006,25.81909372800004],[89.32609737400008,25.82199954500004],[89.32136229200006,25.822182939000072],[89.31919440800004,25.82029066000007],[89.31947616200006,25.816160300000035],[89.31199561300008,25.81548002200003],[89.31085777100003,25.814388240000028],[89.31246765900005,25.81244882200008]]]}},{"type":"Feature","id":"rangpur-kotwali","properties":{"canonical_id":"rangpur-kotwali","name_en":"Kotwali","name_bn":"কোতোয়ালী","district_id":"rangpur","division_id":"rangpur","pcode":"BD-F-55-637","parent_pcode":"BD5585","source_name":"Kotwali","match_method":"exact_name_or_alias","boundary_reference_year":"2020","boundary_source":"geoBoundaries gbOpen BGD ADM3 / BBS, OCHA ROAP","source_dataset_updated":"2026-08-09"},"geometry":{"type":"Polygon","coordinates":[[[89.38534010600006,23.08508781200004],[89.38459733800005,23.086521176000076],[89.38959592300006,23.106483866000076],[89.38274662500004,23.128953972000033],[89.37822307100004,23.13557094300006],[89.37496571300005,23.137735017000068],[89.37105371200005,23.13815530100004],[89.36521783400008,23.134741158000054],[89.35691596400005,23.132953993000058],[89.34555336700004,23.14058638700004],[89.33322997200008,23.141019139000036],[89.32287830300004,23.146083133000047],[89.32365884100005,23.14735786700004],[89.32550980900004,23.146277333000057],[89.32739098200005,23.147212375000038],[89.32853785500004,23.149594617000048],[89.32255267000005,23.15948826400006],[89.32129294700007,23.166239450000035],[89.32416635100003,23.16661255500003],[89.33364185300007,23.16173845900005],[89.33758744700003,23.162778641000045],[89.33851857600007,23.165078608000044],[89.32889014300008,23.17060722800005],[89.32822358200008,23.17368234500003],[89.33304688200008,23.180282181000052],[89.32859924500008,23.18406047700006],[89.32334823600007,23.182448773000033],[89.32370377700005,23.176589654000054],[89.31500910000005,23.16730917900003],[89.31126678600003,23.166766695000035],[89.30983017200003,23.16906774100005],[89.31060868800006,23.173063116000037],[89.30050618200005,23.174254374000043],[89.30032470500004,23.177272799000036],[89.30345964600008,23.182657293000034],[89.30033064700007,23.18646487700005],[89.30451177000003,23.190108964000046],[89.30574320100004,23.193430018000072],[89.30066697000007,23.192075763000048],[89.29901544700004,23.197263423000038],[89.29422852400006,23.20250251300007],[89.29100684200006,23.20191500800007],[89.29065935400007,23.20856384600006],[89.28886984500008,23.208260507000034],[89.28804259600008,23.20986460200004],[89.29143139400009,23.213657875000024],[89.29660128800003,23.215340860000026],[89.29718499500007,23.224139723000064],[89.30026285600007,23.228344106000065],[89.30159157900005,23.23402430300007],[89.29951214500005,23.23465581100004],[89.29805230000005,23.232163023000055],[89.29575535000004,23.231932010000037],[89.26839134700003,23.236237579000033],[89.26577750900003,23.23876471600005],[89.26663954500003,23.242279652000036],[89.26823653500009,23.243061090000026],[89.26766415300006,23.247469783000042],[89.26083682900008,23.25077652400006],[89.26268772500003,23.264781972000037],[89.26000453800003,23.267960147000053],[89.25812852400009,23.268197998000062],[89.25872163400004,23.269673694000062],[89.25417472600003,23.268418066000038],[89.25211780200004,23.27057612300007],[89.25292644100006,23.27223747100004],[89.25086594700008,23.274801397000033],[89.25017003700003,23.27969378000006],[89.24232706700008,23.275444633000063],[89.23706437700008,23.277922876000048],[89.23775621600004,23.27957243900005],[89.24544901100006,23.283917064000036],[89.24787989300006,23.293625289000033],[89.24686137700007,23.297047727000063],[89.23470681900005,23.31003368100005],[89.22327544900008,23.31219100800007],[89.21463100900007,23.315709594000054],[89.21340370800004,23.317819885000063],[89.21011586700007,23.325907248000078],[89.20377339900006,23.310230196000077],[89.20657399600003,23.307463493000057],[89.20723365800006,23.302384878000055],[89.20310300200003,23.29830774900006],[89.19953276400008,23.291414649000046],[89.19599873000004,23.291933448000066],[89.19390837900005,23.289787081000043],[89.18740450000007,23.288899384000047],[89.17080285500003,23.290598131000024],[89.16889583000005,23.28429066700005],[89.16000374900005,23.28293867900004],[89.14640824500003,23.286856542000066],[89.14446707500008,23.276133983000022],[89.13306131500008,23.27765603000006],[89.13053147800008,23.27407363800006],[89.12954013300003,23.260794892000035],[89.12353186800004,23.26065082100007],[89.12001243500004,23.257031125000026],[89.11510462000007,23.258062605000077],[89.11247890900006,23.256861146000062],[89.10728990500007,23.25281341400006],[89.10810119400008,23.250205942000036],[89.10470242700006,23.247466704000033],[89.10320744000006,23.243814703000055],[89.10628587300005,23.24124726100007],[89.10441945200006,23.238697940000066],[89.10634462800004,23.234489035000024],[89.10851649900007,23.234597905000044],[89.11413022100004,23.224873410000043],[89.11443375400006,23.222797641000057],[89.11270860500008,23.22097463500006],[89.11614133100005,23.215092343000038],[89.11429402600004,23.211473453000053],[89.11108492800008,23.21125494000006],[89.11237989900008,23.201017102000037],[89.10971264800008,23.193300097000076],[89.11299868500004,23.190306296000074],[89.10819544100008,23.188686036000036],[89.10611631500007,23.185345750000067],[89.10252362600005,23.184048331000042],[89.10256275400008,23.180287630000066],[89.10109508600004,23.180243690000054],[89.10070314800004,23.172508462000053],[89.10220521900004,23.170906415000047],[89.10091482600006,23.16344041900004],[89.10541781700005,23.16024876700004],[89.10436106300006,23.155321701000048],[89.10637018400007,23.147604039000043],[89.10888740800004,23.14632832500007],[89.10945967700007,23.137557515000026],[89.11700138600008,23.13811366400006],[89.11764110100006,23.134433066000042],[89.12033324400005,23.134782879000056],[89.12411050800006,23.13079906100006],[89.13621423700005,23.131009782000035],[89.13939535000009,23.127479032000053],[89.13467610800006,23.12414048100004],[89.12803438900005,23.121991957000034],[89.12760075500006,23.12061716000005],[89.13100155400008,23.119930818000057],[89.13276129700006,23.115455782000026],[89.13976686600006,23.112574884000026],[89.15268434700005,23.11085291300003],[89.14910382300008,23.105196110000065],[89.15053608900007,23.09681807800007],[89.15512527100003,23.093008309000027],[89.15214920600005,23.08462748200003],[89.16461822600007,23.090936123000063],[89.16623213300005,23.095314810000048],[89.16801686500008,23.094515793000028],[89.16747808100007,23.092473810000058],[89.16919718400004,23.092416248000063],[89.16891115400006,23.094471388000045],[89.17146815300003,23.095360439000046],[89.17076907400008,23.096757411000056],[89.17532941700006,23.096681937000028],[89.17438261000007,23.092684507000058],[89.17735251900007,23.090954990000057],[89.17882883400006,23.091733283000053],[89.17852558900006,23.08961747400008],[89.18124938300008,23.089714042000026],[89.18298711100005,23.08752807600007],[89.18504266000008,23.093091601000026],[89.19754307700003,23.095387291000065],[89.19987898000005,23.093406283000036],[89.19860673100004,23.090658377000068],[89.20333318700006,23.092649750000078],[89.20561688900005,23.089093296000044],[89.20852201600007,23.087769895000065],[89.20836198000006,23.08373311500003],[89.20482843600007,23.07804952600003],[89.20990702900008,23.076370060000045],[89.21062056200003,23.071101270000042],[89.21724296700006,23.079144659000065],[89.22023823200004,23.086153152000065],[89.22387077000008,23.08643638500007],[89.22842799300008,23.090536481000072],[89.22844709500004,23.088580399000023],[89.23339465100008,23.08748611200008],[89.23364800300004,23.09274051400007],[89.24557563800005,23.091872083000055],[89.24821677400007,23.094781973000067],[89.25118161600005,23.09414174400007],[89.25826941800005,23.096708358000058],[89.26064192400008,23.095857976000048],[89.26008774100006,23.100214876000052],[89.26758535200008,23.106812799000068],[89.27370820500005,23.104686749000052],[89.27689838300006,23.098569746000067],[89.27542825900008,23.09537495400008],[89.27904550600005,23.09408061000005],[89.27804938700007,23.091371266000067],[89.28086505700009,23.094069713000067],[89.29000534600004,23.092425871000046],[89.29393053800004,23.08803934900004],[89.29765165400005,23.086649059000024],[89.30121998000004,23.089657619000036],[89.30319027900003,23.089158785000052],[89.30593793600008,23.092179990000034],[89.30506664200004,23.095177355000033],[89.30736667800005,23.097273511000026],[89.31625802300005,23.09723492300003],[89.32220137200005,23.09264300700005],[89.32285815900008,23.093831403000024],[89.32066344600008,23.096299832000057],[89.32701670200004,23.09495515800006],[89.32711228100004,23.09641100300007],[89.33093254200008,23.09667113000006],[89.33683525000004,23.094350279000025],[89.33838280500004,23.096299431000034],[89.34326582300008,23.09425069400004],[89.34857797800004,23.09986695300006],[89.34774073100004,23.101241593000054],[89.35019560200004,23.10778709300007],[89.35191568600004,23.108577213000046],[89.35146283800003,23.110034746000053],[89.35503812700006,23.110946488000025],[89.35845866900007,23.109304004000023],[89.36538107700005,23.109636857000055],[89.36534348200007,23.104844126000046],[89.36934208200006,23.102992013000062],[89.36946557800007,23.097977482000033],[89.37480380800008,23.09862594200007],[89.37690747500005,23.096377129000075],[89.38263172700005,23.09648260800003],[89.37783304400006,23.08774349400005],[89.38091591400007,23.08542677400004],[89.38534010600006,23.08508781200004]]]}},{"type":"Feature","id":"rangpur-mithapukur","properties":{"canonical_id":"rangpur-mithapukur","name_en":"Mithapukur","name_bn":"মিঠাপুকুর","district_id":"rangpur","division_id":"rangpur","pcode":"BD-F-55-516","parent_pcode":"BD5585","source_name":"Mithapukur","match_method":"exact_name_or_alias","boundary_reference_year":"2020","boundary_source":"geoBoundaries gbOpen BGD ADM3 / BBS, OCHA ROAP","source_dataset_updated":"2026-08-09"},"geometry":{"type":"Polygon","coordinates":[[[89.10492353000006,25.533902411000042],[89.10185718500009,25.528015397000047],[89.10541057300009,25.519477987000073],[89.10388289100007,25.516188570000054],[89.11076387100007,25.513856757000042],[89.10492703900007,25.513728111000034],[89.10442463900006,25.51245409300003],[89.10705398500005,25.508860454000057],[89.11015674800007,25.51193197200007],[89.11486409900004,25.506163868000044],[89.11101301200006,25.509035764000032],[89.10892650700004,25.50764491600006],[89.10693285600007,25.50837887600005],[89.10677179400005,25.50652790500004],[89.11066644600004,25.505975929000044],[89.11107958400004,25.502865391000057],[89.10687860400003,25.501209973000073],[89.10660992500004,25.49810375900006],[89.10390027800008,25.49981136200006],[89.10378201100008,25.495594262000054],[89.10234483900007,25.49422704400007],[89.10564161600007,25.49059742700007],[89.10313754800006,25.491061284000068],[89.10294903600004,25.489650908000044],[89.10823831300007,25.48693243500003],[89.10402258100004,25.484410552000043],[89.11001609200008,25.484348270000055],[89.11167970500009,25.48112904100003],[89.10561127700004,25.476841921000073],[89.10462063600005,25.47430864100005],[89.10636526400003,25.471735599000056],[89.11282006400006,25.470489694000037],[89.11485061600007,25.46780822000005],[89.11507655600008,25.46135601900005],[89.11899286500005,25.46253371000006],[89.12052865900006,25.46771311300006],[89.12340639900003,25.46879924600006],[89.12163526400008,25.460523456000033],[89.12502482600007,25.461389690000033],[89.12998289900008,25.459880681000072],[89.13034012900005,25.458225240000047],[89.12223381500007,25.45809629300004],[89.11589226700005,25.455558645000053],[89.11527148800008,25.453528251000023],[89.12059469100006,25.452855330000034],[89.12260370700005,25.449777417000064],[89.12523517400007,25.45172721800003],[89.12993602700004,25.444868677000045],[89.13117042100004,25.445830903000058],[89.12996202000005,25.448214430000064],[89.13409380300004,25.446387709000078],[89.13800035400004,25.446888150000063],[89.13248122100003,25.441033583000035],[89.13796974600007,25.440099124000028],[89.13973682000005,25.436294881000038],[89.14850615800003,25.433946251000066],[89.14798412600004,25.438445242000057],[89.15355706800005,25.446965093000074],[89.15356311100004,25.45010135600006],[89.15062206900006,25.45557742400007],[89.15430335000008,25.463102587000037],[89.14790539900008,25.47095043400003],[89.14559472400003,25.479889627000034],[89.14268216600004,25.482638054000063],[89.14511177700007,25.49094227200004],[89.14920288700006,25.49304012400006],[89.15135651700007,25.490440127000056],[89.15822616800006,25.495511649000036],[89.16720309000004,25.496058981000033],[89.17000585000005,25.498354370000072],[89.17092480300005,25.504038844000036],[89.17414178700005,25.50718418400004],[89.18289069300005,25.50370474700003],[89.19994232800008,25.510272151000038],[89.20407522200009,25.507931050000025],[89.21371974400006,25.50599197500003],[89.21558282300003,25.50362141900007],[89.23530178800007,25.503626819000033],[89.23780942100007,25.508281881000073],[89.24494710000005,25.50973766000004],[89.24556100600006,25.517041043000063],[89.24868084500008,25.520776880000028],[89.25365483700006,25.517762557000026],[89.25487981100008,25.518970350000075],[89.25746961700008,25.517318578000072],[89.26300607300004,25.519302092000032],[89.26496527000006,25.516652579000038],[89.26360911600005,25.512517341000034],[89.27108247800004,25.509824224000056],[89.27318897400005,25.51240317500003],[89.27254712600006,25.517253655000047],[89.27398191900005,25.520679780000023],[89.27790008400007,25.51476073300006],[89.28180807300004,25.513309158000027],[89.28475026700005,25.51487220300004],[89.28718426400008,25.512982097000076],[89.28786497600004,25.50976786900003],[89.29204854100004,25.510325988000034],[89.29474937600008,25.505200873000035],[89.29712952500006,25.51164569200006],[89.30176793700008,25.51154256600006],[89.30306708300003,25.51500502500005],[89.31697119000006,25.511617013000034],[89.32004011600009,25.510356338000065],[89.32013846200005,25.509016947000077],[89.31631658300006,25.50316231900007],[89.31662464200008,25.499716498000055],[89.33305505300007,25.503662133000034],[89.33494009800006,25.502692052000043],[89.33469070400008,25.49846085100006],[89.33595226500006,25.497257656000045],[89.33930296200003,25.497587717000044],[89.34145413600004,25.501786265000078],[89.34137102300008,25.497184452000056],[89.34336331200006,25.498762380000073],[89.34320581400004,25.501536761000068],[89.34462172800005,25.49818104800005],[89.34845731700005,25.499936449000074],[89.35269059700005,25.49759549500004],[89.35898157200006,25.498631124000042],[89.36266737400007,25.498056276000057],[89.36514950100008,25.495411598000032],[89.36706592700006,25.497340492000035],[89.37336654800004,25.497978217000025],[89.37569577800008,25.501108654000063],[89.37806714100003,25.501333763000048],[89.38366654800006,25.497581644000036],[89.38420898300006,25.49218271700005],[89.38842491200006,25.49044058800007],[89.38949963000005,25.488435836000065],[89.39598268500004,25.484295213000053],[89.40487006200004,25.483437540000068],[89.40405782000005,25.47905682100003],[89.40049916100008,25.476338888000043],[89.40163354400005,25.47609405700007],[89.40107927500009,25.472509036000076],[89.40790340800004,25.46886196500003],[89.40834951600004,25.466952166000056],[89.41500139400006,25.462753779000025],[89.41558536700006,25.46451475400005],[89.41799600300004,25.464328487000046],[89.41874431700006,25.46832058600006],[89.42328796800007,25.470067249000067],[89.42561913300005,25.475900368000055],[89.43012731000005,25.474240002000045],[89.43344204700009,25.486946612000054],[89.43628316100006,25.488213330000065],[89.44010067800008,25.48671650600005],[89.44199515100007,25.488111567000033],[89.44133512800005,25.493682438000064],[89.43941074200006,25.501329388000045],[89.44429486900003,25.50395547100004],[89.44127370200005,25.506625418000056],[89.43982423800009,25.512202285000058],[89.45045273900007,25.51782322100007],[89.44447254800008,25.52176778300003],[89.44351171000005,25.51842915000003],[89.43403817900008,25.52049523000005],[89.43517278600007,25.523931665000077],[89.44234097400005,25.525528689000055],[89.44321827700008,25.52763099400005],[89.44120479000009,25.52829382500005],[89.43945184200004,25.526027876000057],[89.43783724000008,25.527124508000043],[89.43971005300006,25.530298474000062],[89.43792003100003,25.538456644000064],[89.43536923600004,25.53744222100005],[89.43392056800008,25.53316589600007],[89.42852936000008,25.531612650000056],[89.42761308000007,25.537181287000067],[89.42427553700009,25.536218905000055],[89.42103602400005,25.533571573000074],[89.41962119400006,25.531492410000055],[89.42021055300006,25.52923493000003],[89.41859542700007,25.528589079000028],[89.41563737300004,25.529734872000063],[89.41695299800006,25.53430263000007],[89.41182284100006,25.53640083700003],[89.40602293200004,25.53235335000005],[89.40303657200008,25.533331713000052],[89.40349720800003,25.53892779800003],[89.40525263100005,25.53869902100007],[89.40568249500006,25.535732653000025],[89.41177938700008,25.541609960000073],[89.41069033400004,25.542703880000033],[89.40638379200004,25.541816205000032],[89.40449058100006,25.544301417000042],[89.40519765900007,25.547507749000033],[89.41319741700005,25.548969615000033],[89.41180322500009,25.55144901700004],[89.40761387600008,25.549437587000057],[89.40465623500006,25.550060527000028],[89.40866140300005,25.55302116100006],[89.40825195500008,25.55962113100003],[89.40517249500004,25.559473763000028],[89.40413974000006,25.55511589100007],[89.39794063800008,25.552391640000053],[89.39839793200008,25.554757730000063],[89.39244407300004,25.55592795000007],[89.39263254600007,25.558528855000077],[89.38861903700007,25.56369094100006],[89.38888775000004,25.567569947000038],[89.39174024900007,25.569508636000023],[89.39130374500007,25.571107978000043],[89.38703672900004,25.57078258000007],[89.37876668800004,25.575422493000076],[89.37745718100007,25.57769421200004],[89.37773252300008,25.58070692800004],[89.38082623300005,25.575701562000063],[89.38497511000008,25.577317390000076],[89.38796119800008,25.581653086000074],[89.38463441800008,25.58504292200007],[89.38778234300008,25.587083955000026],[89.39257770500006,25.586541821000026],[89.39410760300007,25.588170767000065],[89.39314096900006,25.589554575000022],[89.38583453300004,25.591390492000073],[89.38586498300003,25.593227684000055],[89.39019160300006,25.597542427000064],[89.39423297000008,25.595778032000055],[89.39668939100005,25.596795609000026],[89.39543919300007,25.599916559000064],[89.39057849800008,25.60053526200005],[89.39117477700006,25.606309675000034],[89.38630522100004,25.60537897000006],[89.38285490800007,25.610443307000025],[89.39113176700005,25.608226700000046],[89.39293398100006,25.609105598000042],[89.39178578600007,25.615517271000044],[89.39012106100006,25.616599025000028],[89.38562573300004,25.615322759000037],[89.38916250100004,25.61964493100004],[89.38962789800007,25.625633254000036],[89.37732638400007,25.62902970600004],[89.37774842600004,25.63210285100007],[89.38255381400006,25.633480005000024],[89.38460895900005,25.63960992500006],[89.37643238800007,25.63856049800006],[89.37559701800006,25.63218510200005],[89.37295073800004,25.63064373900005],[89.37450821400006,25.639459790000046],[89.36654762000006,25.639505626000073],[89.36293010500003,25.635372200000063],[89.36004636800004,25.637692729000037],[89.36055147900004,25.642098772000054],[89.36381975400008,25.642542535000075],[89.35989880300008,25.650475769000025],[89.36551945500008,25.65579978900007],[89.36469645600005,25.658171667000033],[89.35542464400004,25.655343577000053],[89.35340317100008,25.650475934000042],[89.35820520500005,25.650990383000078],[89.35476737800008,25.64689592700006],[89.34987894700004,25.652649497000027],[89.35452561800008,25.658731499000055],[89.35067336200007,25.66175695800007],[89.34568424400004,25.65534201500003],[89.33836176100004,25.66611620300006],[89.33574722300006,25.664364931000023],[89.33851265900006,25.66156634600003],[89.33509831200007,25.657406077000076],[89.32535078900008,25.659087775000046],[89.32219801200006,25.657107462000056],[89.31831047900005,25.665275578000035],[89.31570624200003,25.667612306000024],[89.30631407200008,25.666619827000034],[89.30370130200004,25.671452505000047],[89.29994371300006,25.67349786400007],[89.29572787100005,25.67041418200006],[89.29251569200005,25.67030383200006],[89.29137051800006,25.672291063000046],[89.29330275300003,25.676025270000025],[89.28946168100003,25.676026368000066],[89.28662394900005,25.680626234000044],[89.28266799300008,25.682263257000045],[89.28033381800003,25.68078384200004],[89.28128468000006,25.67437618100007],[89.27858317100004,25.67244230700004],[89.27761643500008,25.673559487000034],[89.27895168900005,25.67774805700003],[89.27624571900003,25.679588607000028],[89.26328722700003,25.678480239000066],[89.25961179100005,25.677518015000032],[89.25856426600006,25.66956246700005],[89.25377794800005,25.670784758000025],[89.24342595400003,25.667356554000037],[89.24427380800006,25.66948183200003],[89.24183917200008,25.671398769000064],[89.24310845500008,25.673109741000076],[89.24216330200005,25.676571729000045],[89.23984755200007,25.67439703900004],[89.23611513300006,25.67470713800003],[89.23339733600005,25.673196189000066],[89.23332803500006,25.663973542000065],[89.23195488900006,25.661549713000056],[89.22713685300005,25.666495206000036],[89.22200702700007,25.66477373400005],[89.21727169200005,25.65701776000003],[89.19058988300009,25.65504486900005],[89.18178958300007,25.652224802000035],[89.17266429300008,25.658714321000048],[89.16635516300005,25.65939065200007],[89.16208032800006,25.665100066000036],[89.15650889900007,25.66637333500006],[89.14035549700003,25.665004774000067],[89.13734300900006,25.656533499000034],[89.13960155100006,25.65005332800007],[89.13842677600007,25.64929524100006],[89.13671356900005,25.65159052300004],[89.13536951500004,25.65121065900007],[89.12992731000008,25.63695031800006],[89.13016417200004,25.630681709000044],[89.13290473200004,25.628033662000064],[89.13918943300007,25.626256971000032],[89.14369462000008,25.627869858000054],[89.14511425700005,25.62669470700007],[89.14227308600005,25.621462241000074],[89.13367695700003,25.612931466000077],[89.14118163700005,25.589259578000053],[89.14390406500007,25.58706549300007],[89.14609119100004,25.581761409000023],[89.14065724300008,25.585220176000064],[89.14035709500007,25.578801605000024],[89.14287710400004,25.57524679000005],[89.14152255200008,25.572790075000057],[89.13921782300008,25.570650013000034],[89.12764129600004,25.566604400000074],[89.12136807700006,25.56001067400007],[89.11967610200008,25.55311076600003],[89.11662104800007,25.55358336100005],[89.11750819500008,25.552440232000038],[89.11493535800008,25.55091559600004],[89.11282145200005,25.552172056000074],[89.11133008000007,25.551302922000048],[89.10774336900005,25.540229760000045],[89.10519433700006,25.540536462000034],[89.10329352800005,25.53912408900004],[89.10489215900003,25.53804464700005],[89.10492353000006,25.533902411000042]]]}},{"type":"Feature","id":"rangpur-pirgacha","properties":{"canonical_id":"rangpur-pirgacha","name_en":"Pirgacha","name_bn":"পীরগাছা","district_id":"rangpur","division_id":"rangpur","pcode":"BD-F-55-519","parent_pcode":"BD5585","source_name":"Pirgacha","match_method":"exact_name_or_alias","boundary_reference_year":"2020","boundary_source":"geoBoundaries gbOpen BGD ADM3 / BBS, OCHA ROAP","source_dataset_updated":"2026-08-09"},"geometry":{"type":"Polygon","coordinates":[[[89.30158144300003,25.74013038800007],[89.29575812900003,25.73329159900004],[89.30515445000003,25.73080610100004],[89.30791285400005,25.721919740000033],[89.31237977300003,25.71995374900007],[89.31410256900006,25.72079825900005],[89.31653419500003,25.71671801900004],[89.31795912100006,25.719538629000056],[89.32097362600007,25.714926019000075],[89.32340022700004,25.714314804000026],[89.32365817500005,25.712051190000068],[89.32088336900006,25.70909567500007],[89.31573891000005,25.70844347700006],[89.31688971200003,25.705736520000073],[89.31526003800008,25.704763805000027],[89.31575188100004,25.703396957000052],[89.31106718100006,25.70251592900007],[89.31008873000007,25.703458312000066],[89.30459424200006,25.696254580000073],[89.31047417400003,25.689695748000076],[89.31030388500005,25.688062224000078],[89.31316637900005,25.688957274000074],[89.31344732700006,25.687647002000062],[89.31706242200005,25.68692803400006],[89.31953818100004,25.687927251000076],[89.32348842500005,25.684437498000023],[89.32307230300006,25.683016175000034],[89.32103641000003,25.682936734000066],[89.31950202600007,25.677626195000073],[89.32333027700008,25.675330640000027],[89.32097695400006,25.674525639000024],[89.32182130500007,25.672515324000074],[89.31915388100003,25.671980861000065],[89.31955050000005,25.67402517000005],[89.31670408700006,25.674349928000026],[89.31776461100009,25.67195687700007],[89.31596362800008,25.66932468600004],[89.31831047900005,25.665275578000035],[89.32219801200006,25.657107462000056],[89.32535078900008,25.659087775000046],[89.33509831200007,25.657406077000076],[89.33851265900006,25.66156634600003],[89.33574722300006,25.664364931000023],[89.33836176100004,25.66611620300006],[89.34568424400004,25.65534201500003],[89.35067336200007,25.66175695800007],[89.35452561800008,25.658731499000055],[89.34987894700004,25.652649497000027],[89.35476737800008,25.64689592700006],[89.35820520500005,25.650990383000078],[89.35340317100008,25.650475934000042],[89.35542464400004,25.655343577000053],[89.36469645600005,25.658171667000033],[89.36551945500008,25.65579978900007],[89.35989880300008,25.650475769000025],[89.36381975400008,25.642542535000075],[89.36055147900004,25.642098772000054],[89.36004636800004,25.637692729000037],[89.36293010500003,25.635372200000063],[89.36654762000006,25.639505626000073],[89.37450821400006,25.639459790000046],[89.37295073800004,25.63064373900005],[89.37559701800006,25.63218510200005],[89.37643238800007,25.63856049800006],[89.38460895900005,25.63960992500006],[89.38255381400006,25.633480005000024],[89.37774842600004,25.63210285100007],[89.37732638400007,25.62902970600004],[89.38962789800007,25.625633254000036],[89.38916250100004,25.61964493100004],[89.38562573300004,25.615322759000037],[89.39012106100006,25.616599025000028],[89.39178578600007,25.615517271000044],[89.39293398100006,25.609105598000042],[89.39113176700005,25.608226700000046],[89.38285490800007,25.610443307000025],[89.38630522100004,25.60537897000006],[89.39117477700006,25.606309675000034],[89.39057849800008,25.60053526200005],[89.39543919300007,25.599916559000064],[89.39668939100005,25.596795609000026],[89.39423297000008,25.595778032000055],[89.39019160300006,25.597542427000064],[89.38586498300003,25.593227684000055],[89.38583453300004,25.591390492000073],[89.39314096900006,25.589554575000022],[89.39410760300007,25.588170767000065],[89.39257770500006,25.586541821000026],[89.38778234300008,25.587083955000026],[89.38463441800008,25.58504292200007],[89.38796119800008,25.581653086000074],[89.38497511000008,25.577317390000076],[89.38082623300005,25.575701562000063],[89.37773252300008,25.58070692800004],[89.37745718100007,25.57769421200004],[89.37876668800004,25.575422493000076],[89.38703672900004,25.57078258000007],[89.39130374500007,25.571107978000043],[89.39174024900007,25.569508636000023],[89.38888775000004,25.567569947000038],[89.38861903700007,25.56369094100006],[89.39263254600007,25.558528855000077],[89.39244407300004,25.55592795000007],[89.39839793200008,25.554757730000063],[89.39794063800008,25.552391640000053],[89.40413974000006,25.55511589100007],[89.40517249500004,25.559473763000028],[89.40825195500008,25.55962113100003],[89.40760543900006,25.570004338000047],[89.41303169400004,25.575765433000072],[89.41253281800005,25.587517303000027],[89.41504530700007,25.589481834000026],[89.43228071400006,25.587642120000055],[89.43434005200004,25.59200940900007],[89.43718173900004,25.59075389000003],[89.43621341300008,25.588283233000027],[89.43769440300008,25.585196100000076],[89.44279871200007,25.58440178500007],[89.44408149000003,25.585983561000035],[89.44594854800005,25.585635079000042],[89.44880367500008,25.590149103000044],[89.45435539700009,25.589673822000066],[89.45446533400008,25.59198652300006],[89.45844667500006,25.59149111200003],[89.45995153900003,25.59523686600005],[89.46307524300005,25.59434139800004],[89.46428087800007,25.597256925000067],[89.47015002600006,25.596631519000027],[89.46979919700004,25.598632692000024],[89.47101061300003,25.59872455900006],[89.47354533800006,25.597803596000062],[89.47264675300005,25.592515438000078],[89.47739155100004,25.590190260000043],[89.47840214100006,25.58777828700005],[89.48448336600006,25.58364933200005],[89.48754876500004,25.575873225000066],[89.49417429600004,25.57623321600005],[89.49579207900007,25.57865043700008],[89.49400192000007,25.58074830100003],[89.49824614400006,25.585735189000047],[89.49050917700004,25.590378200000032],[89.48843979200007,25.599896718000025],[89.49446067600007,25.614698961000045],[89.49756623100006,25.615303969000024],[89.49847180400008,25.61183496900003],[89.50068382900008,25.610320952000052],[89.50289973900004,25.61154137400007],[89.50304812600007,25.613741859000072],[89.50103613800007,25.614595131000044],[89.49706760000004,25.622222197000042],[89.49849882600006,25.623331621000034],[89.50339255500006,25.619115996000062],[89.50820418100005,25.61822247200007],[89.51396741100007,25.61959289600003],[89.51791792800003,25.622763164000048],[89.52186015700005,25.62298493800006],[89.52276499600003,25.625338569000064],[89.52007781300006,25.628835742000035],[89.52252718300008,25.63395034000007],[89.53098495700004,25.64544946500007],[89.53589048800006,25.64899424300006],[89.53314203100007,25.649794813000028],[89.53078918400007,25.654988653000032],[89.53084155100004,25.64892336500003],[89.52630065100004,25.651077076000036],[89.51863796300006,25.64425060800005],[89.51922856700008,25.65877080100006],[89.51760931200005,25.659978886000033],[89.51439505500008,25.658226540000044],[89.51416164300008,25.662196772000073],[89.51592421200007,25.672242453000024],[89.51964162000007,25.680169086000035],[89.51965363000005,25.685950098000035],[89.51633700700006,25.686464580000063],[89.51504306800007,25.689450383000064],[89.51344154400005,25.699440250000066],[89.51528328900008,25.70673310600006],[89.50825391500007,25.71729790300003],[89.49707149900007,25.713101965000078],[89.49215191400003,25.713339446000077],[89.48894930300008,25.713211989000058],[89.48699867100004,25.715105403000052],[89.48537418600006,25.713872151000032],[89.47763248900009,25.714361586000052],[89.47651765200004,25.710510784000064],[89.47324093400005,25.71230894200005],[89.47227917100008,25.70888815400008],[89.47035689500007,25.70841444200005],[89.46766645700006,25.71040367200004],[89.46339335000005,25.708959565000043],[89.46154694300003,25.71226113800003],[89.45987350800004,25.71255406800003],[89.45962620100005,25.709859941000047],[89.45660897900007,25.70879108400004],[89.45547802100003,25.704877984000063],[89.45641446800005,25.702376771000047],[89.45365505000007,25.701102251000066],[89.45333160100006,25.697656077000033],[89.45092825400008,25.700741532000052],[89.44842849200006,25.698902950000047],[89.44305443700006,25.702674011000056],[89.44571983900005,25.70546711000003],[89.44513661400003,25.708519865000028],[89.44157525700007,25.709150222000062],[89.44407039500004,25.713078788000075],[89.44680973800007,25.71381330300005],[89.44563221900006,25.716042067000046],[89.44677855900005,25.717995778000045],[89.43742157000008,25.720609141000068],[89.43709403000008,25.72368202800004],[89.44333878100008,25.726578121000045],[89.43788966400007,25.72653180700007],[89.43588323400007,25.729602717000034],[89.43578818200007,25.733569338000052],[89.42980660700005,25.73496375700006],[89.42534722200008,25.733042038000065],[89.42428621700003,25.736571956000034],[89.42139970800008,25.733659642000077],[89.42010649000008,25.735259014000064],[89.41304438800006,25.735277575000055],[89.40844647100005,25.73924118800005],[89.39922920900005,25.740776934000053],[89.39482202000005,25.73617373700006],[89.39618597900005,25.731863645000033],[89.39322100200008,25.72836576700007],[89.39458957100004,25.72645993200007],[89.39289649000006,25.725460721000047],[89.39073777900006,25.728114982000022],[89.38716469800005,25.729043064000052],[89.38779095500007,25.734261617000072],[89.38186473200005,25.730326067000078],[89.37962853500005,25.73211916400004],[89.37758748800007,25.730286411000066],[89.37720456700004,25.732027552000034],[89.37268523500006,25.732929781000053],[89.36764280700004,25.730346306000058],[89.36358443900008,25.722842831000037],[89.35634677800005,25.72338388000003],[89.35574839200007,25.727133165000055],[89.35345862700007,25.727019744000074],[89.35528966600003,25.721499290000054],[89.35369638600008,25.721590999000057],[89.35066170700009,25.71749542200007],[89.34393422200009,25.72054280100008],[89.34472149800007,25.72331344400004],[89.34295343600007,25.724423499000068],[89.34533325200005,25.72600089900004],[89.34544261100007,25.73117608700005],[89.34196310800007,25.73211927600005],[89.34466299900004,25.734326272000033],[89.34217054100003,25.741468401000077],[89.34482807100005,25.74342688300004],[89.34277631200007,25.744681822000075],[89.34001704300005,25.74219064500005],[89.33774792800006,25.743867802000068],[89.33872179900004,25.74580179700007],[89.34348204500003,25.747457177000058],[89.33734332300008,25.757041663000052],[89.33382436700003,25.756475911000052],[89.33378822900005,25.75340277400005],[89.33080844700004,25.752005848000067],[89.33076281500007,25.755366437000077],[89.32522855200006,25.75297168800006],[89.32086931300006,25.753627532000053],[89.31512156100007,25.745150374000048],[89.31124902100004,25.746439181000028],[89.30553200700007,25.74142643500005],[89.30158144300003,25.74013038800007]]]}},{"type":"Feature","id":"rangpur-pirgonj","properties":{"canonical_id":"rangpur-pirgonj","name_en":"Pirgonj","name_bn":"পীরগঞ্জ","district_id":"rangpur","division_id":"rangpur","pcode":"BD-F-55-517","parent_pcode":"BD5585","source_name":"Pirgonj","match_method":"exact_name_or_alias","boundary_reference_year":"2020","boundary_source":"geoBoundaries gbOpen BGD ADM3 / BBS, OCHA ROAP","source_dataset_updated":"2026-08-09"},"geometry":{"type":"Polygon","coordinates":[[[88.50168143000008,25.91869696200007],[88.49165634900004,25.917713293000077],[88.48374951700004,25.918772270000034],[88.47783612400008,25.913805790000026],[88.47262602200004,25.913974989000053],[88.47169730600007,25.910224205000077],[88.46775217900006,25.910719158000063],[88.46677229600004,25.91301320200006],[88.46417398700004,25.913758718000054],[88.45745385300006,25.912236101000076],[88.45538828000008,25.914446277000025],[88.45165846600008,25.91114850500003],[88.45118068900007,25.90643361000008],[88.44561243200008,25.90546500800008],[88.44569405600004,25.90820982400004],[88.44418101400004,25.908669255000063],[88.44506704700007,25.912324369000032],[88.44236228600005,25.916106256000035],[88.45083698300004,25.928459339000028],[88.44888041400009,25.928317656000047],[88.44744143000008,25.930963233000057],[88.44523482400007,25.93154105600007],[88.44563618600006,25.93345759500005],[88.44332959400003,25.931786918000057],[88.43578979700004,25.93500935900005],[88.44099748600007,25.935117412000068],[88.43986016400004,25.93822149500005],[88.43443572600006,25.93561709200003],[88.43353443400008,25.93636230900006],[88.44079287500006,25.942102263000038],[88.44347545000005,25.942243967000024],[88.44385134200007,25.944626303000064],[88.44642556700006,25.94570569700005],[88.44680285200008,25.94801073900004],[88.44877807000006,25.94915871200004],[88.44849400100009,25.952141658000073],[88.44185977900008,25.95259911200003],[88.43988256700004,25.95451487100007],[88.43234003800006,25.950593722000065],[88.42699458000004,25.955471174000024],[88.42536772900007,25.959905355000046],[88.41732045000003,25.962608889000023],[88.41219851600005,25.961281],[88.41153197000006,25.962717010000063],[88.40872745800004,25.961077560000035],[88.40699742700008,25.961900374000038],[88.40733516100005,25.960551612000074],[88.40592570000007,25.960304760000042],[88.40074301100003,25.960926371000028],[88.40090796300007,25.958420158000024],[88.39840326200004,25.95892680000003],[88.39697073000008,25.953245442000025],[88.39256217100007,25.951091959000053],[88.39154788600007,25.95309727500006],[88.38761976100005,25.954099110000072],[88.38932051700004,25.95810944400006],[88.38751046400006,25.96321706200007],[88.38526835200008,25.960320111000044],[88.38589736100005,25.95651064200007],[88.38440136900005,25.95620901700005],[88.38415561200009,25.959145372000023],[88.38067806100008,25.96056618500006],[88.38121057700005,25.96356822200005],[88.38542460800005,25.96471667700007],[88.38337349100004,25.96625106700003],[88.38332828900008,25.96896396300008],[88.38188136000008,25.968555649000052],[88.37063304500003,25.974803],[88.36806810600007,25.97159070300006],[88.36681871800005,25.97344534100006],[88.36519715900005,25.970453535000047],[88.36142005800008,25.968113836000043],[88.35734904700007,25.972653739000066],[88.34632882700004,25.973279768000054],[88.34470162800005,25.967830480000032],[88.34661264500005,25.964968558000066],[88.34503961900003,25.962656996000078],[88.34075044100007,25.959115891000067],[88.33545177100007,25.959472584000025],[88.33300915400008,25.95686201500007],[88.32991041500009,25.95789719800007],[88.33080305400006,25.944393158000025],[88.32800256800004,25.94119046700007],[88.32875776000003,25.935855961000073],[88.32337652700005,25.93151694100004],[88.32240708100005,25.927446677000034],[88.32508165900003,25.917078923000076],[88.32681981400003,25.915736392000042],[88.32511302100005,25.91262978900005],[88.32739150000003,25.90141723800008],[88.32234366200004,25.900364747000026],[88.31866195900005,25.897297276000074],[88.32061705200005,25.887619160000042],[88.31747836600005,25.889043567000044],[88.31546010500006,25.887795767000057],[88.31179142400003,25.876198300000055],[88.30863764000009,25.871998698000027],[88.30962115800008,25.868932862000065],[88.30562035700007,25.863950343000056],[88.30561420300006,25.860883693000062],[88.30331140600003,25.860409926000045],[88.29407416900006,25.863382886000068],[88.29181767000006,25.856848007000053],[88.28631213600005,25.84833836400003],[88.28078688000005,25.847498365000035],[88.28008841200005,25.84961721600007],[88.26817364100003,25.844092341000078],[88.25978791600005,25.845796462000067],[88.25534689800008,25.842414274000078],[88.25186118100004,25.837217647000045],[88.25062097400007,25.83334571100005],[88.25269212100005,25.831562317000078],[88.25162608400007,25.82981846200005],[88.25370266600004,25.828445303000024],[88.25303522500008,25.825264103000052],[88.25736814100009,25.824742892000074],[88.26093110300008,25.827911937000067],[88.26122634000006,25.823877335000077],[88.26301757200008,25.82331084200007],[88.26175194900009,25.820585746000063],[88.26624557700006,25.818090838000046],[88.26306484400004,25.813278398000023],[88.25998977600005,25.81369152600007],[88.26951601200005,25.808238810000034],[88.27086021800005,25.805037802000072],[88.27177229900008,25.791763653000032],[88.26978811900005,25.784724150000045],[88.26651564800005,25.78329531600008],[88.26845996100008,25.78079801000007],[88.27370187600008,25.77907939200003],[88.27647326200008,25.77497260800004],[88.27878500500003,25.77422075000004],[88.28188683500008,25.775689001000046],[88.29074043600008,25.773851656000033],[88.28900619000007,25.76789499700004],[88.29967677800005,25.76437643500003],[88.29835699900008,25.76334865900003],[88.30014261800005,25.762819078000064],[88.29902075200005,25.760970816000054],[88.31634027000007,25.753187355000023],[88.31506311400005,25.74663414500003],[88.32071936800008,25.745266616000038],[88.31826095900004,25.742803087000027],[88.32087756500005,25.740049862000035],[88.32089129300005,25.73757849900005],[88.32500940400007,25.73752539700007],[88.32802294700008,25.740171055000076],[88.33752163300005,25.737708765000036],[88.33741451000003,25.735395244000074],[88.34088356800004,25.734890633000077],[88.34406220300008,25.72954273600004],[88.35057084800007,25.730163317000063],[88.35144526200008,25.72827753200005],[88.35539178500005,25.72727007000003],[88.35616113300006,25.729320937000068],[88.35878670300008,25.72817043400005],[88.35672591800005,25.72141705100006],[88.36468798500005,25.719872099000042],[88.36511541700008,25.71769164400007],[88.37193113300003,25.71559320700004],[88.37393183700004,25.717307310000024],[88.37464855800005,25.712432333000038],[88.37313422100004,25.709563772000024],[88.36996651600003,25.710236484000063],[88.36972356900009,25.70877268000004],[88.37203962000007,25.707868614000063],[88.37143231900006,25.69664602100005],[88.38206792600005,25.697330512000065],[88.38320807600007,25.695528271000057],[88.38530021200006,25.695764179000037],[88.38518118000007,25.694494793000047],[88.39145302500003,25.693589845000076],[88.38914776000007,25.687628423000035],[88.39012496300006,25.684100923000074],[88.40177254200006,25.68605947700007],[88.40404787600005,25.685100396000053],[88.40510757700008,25.68309636400005],[88.40165327200003,25.672669143000064],[88.41858468700008,25.667760361000035],[88.42029812900006,25.670376168000075],[88.42711398500006,25.669703081000023],[88.43105554700008,25.674058010000067],[88.42520610800005,25.678568331000065],[88.43057466900007,25.68371978400006],[88.42832870700005,25.685106819000055],[88.42837441800003,25.687697273000026],[88.43189053100008,25.69058633700007],[88.43532968800008,25.686462967000068],[88.43764635000008,25.687146862000077],[88.43814474000004,25.68901709000005],[88.43772728700009,25.692254873000024],[88.43367190800006,25.696083901000065],[88.43509324900003,25.69900116100007],[88.43351045500003,25.701400896000052],[88.43468218100008,25.705811335000078],[88.43649032200005,25.706116257000076],[88.43619290600003,25.70840453200003],[88.43196761200005,25.710441825000032],[88.42702739200007,25.706893568000055],[88.42500643800008,25.708159951000027],[88.42357299700006,25.714916128000027],[88.43116785400008,25.715286422000077],[88.43411900200005,25.718073445000073],[88.42564346500006,25.720638652000048],[88.42333331700007,25.724850125000046],[88.42843796700004,25.728659290000053],[88.42211089100005,25.73246565200003],[88.42055662700005,25.729775921000055],[88.41878967200006,25.729536693000057],[88.41855313500008,25.73298286200003],[88.41523197600009,25.73672558900006],[88.41269650700008,25.73765664900003],[88.41443908000008,25.73389624500004],[88.40881340500005,25.732440058000066],[88.41014678200008,25.72909786300005],[88.40509940800007,25.728533733000063],[88.40052414400003,25.73119142300004],[88.39876755900008,25.733992828000055],[88.40059996300005,25.738395515000036],[88.39515308400007,25.739187617000027],[88.39208212300008,25.74332243300006],[88.39349856600006,25.749435367000046],[88.38884205400007,25.753994399000078],[88.39099198900004,25.760140856000078],[88.38665074100004,25.762681576000034],[88.38720836600004,25.768610677000026],[88.38494014500003,25.772750235000046],[88.38791525700003,25.776016937000065],[88.38742227000006,25.781942284000024],[88.38353038100007,25.787450147000072],[88.38274319900006,25.793652621000035],[88.38578785700008,25.792161855000074],[88.38912657800006,25.803537420000055],[88.38687723300006,25.803426149000074],[88.38539013900004,25.808287544000052],[88.39084988600007,25.810980862000065],[88.38580612100003,25.822572079000054],[88.38755085900004,25.829515297000057],[88.38519312800008,25.834758016000023],[88.38627162100005,25.839755660000037],[88.39515830900007,25.83994554000003],[88.39883935700004,25.841908555000032],[88.40407928000008,25.857651702000055],[88.40379433600003,25.864796987000034],[88.40846274300009,25.86844927100003],[88.41258922900005,25.86684461300007],[88.41099381300006,25.865847622000047],[88.41221737900008,25.864802489000056],[88.41153608300004,25.862746257000026],[88.41609878600008,25.862341337000032],[88.42244090300005,25.855510781000078],[88.42605074000005,25.85936710900006],[88.42588979400006,25.86099491400006],[88.41773042100004,25.867268082000066],[88.41751203400008,25.869335358000058],[88.42214578600004,25.871018184000036],[88.42821108200008,25.871192346000043],[88.43202364300004,25.86637992200008],[88.43412277300007,25.867053165000073],[88.43580985100004,25.86572393000006],[88.43469358200008,25.870899042000076],[88.44320419900004,25.871375982000075],[88.44459339600007,25.861952081000027],[88.45189420500003,25.86139760700007],[88.45099097500008,25.859474589000058],[88.45308064100004,25.85840786400007],[88.45461177200008,25.860820560000036],[88.45938587000006,25.86071726800003],[88.46076287500006,25.86196928800007],[88.45992787400007,25.865764631000047],[88.46168500900006,25.86885168200007],[88.46131484100005,25.873305362000053],[88.46562623400007,25.873161993000053],[88.46594438700004,25.868570066000075],[88.46973202100008,25.86329476800006],[88.47924058400008,25.86318029100005],[88.48127846200003,25.864687885000023],[88.48038016200007,25.866337962000046],[88.48426228700004,25.865602141000068],[88.48311505800007,25.86857959300005],[88.48588404100008,25.869867933000023],[88.48313077600005,25.87518664600003],[88.48278445500006,25.880543465000073],[88.48521412400004,25.88163191600006],[88.48349384300008,25.88319047600004],[88.48550453100006,25.885197102000063],[88.48373290400008,25.884203558000024],[88.48047889200006,25.885283350000066],[88.47556443200006,25.888271990000078],[88.47552967800004,25.889812041000027],[88.47846865300005,25.89079028900005],[88.48063707500006,25.88756911400003],[88.48264254700007,25.887887471000056],[88.47859649800006,25.894903920000047],[88.48101805600004,25.903952308000044],[88.48795321600005,25.904479593000076],[88.48817869900006,25.905657853000037],[88.49016170500005,25.905193824000037],[88.49460282400008,25.907504370000026],[88.49746891100006,25.904804228000046],[88.50172853500004,25.905540657000074],[88.50431782600003,25.90965883000007],[88.50367571100008,25.910952818000055],[88.50772606600003,25.911284602000023],[88.50848822600005,25.912620145000062],[88.50824086300008,25.916510419000076],[88.50565137100006,25.91609835400004],[88.50448555400004,25.91332710900008],[88.50282182800004,25.91372353500003],[88.50168143000008,25.91869696200007]]]}},{"type":"Feature","id":"rangpur-rangpur-sadar","properties":{"canonical_id":"rangpur-rangpur-sadar","name_en":"Rangpur Sadar","name_bn":"রংপুর সদর","district_id":"rangpur","division_id":"rangpur","pcode":"BD-F-55-512","parent_pcode":"BD5585","source_name":"Rangpur Sadar","match_method":"exact_name_or_alias","boundary_reference_year":"2020","boundary_source":"geoBoundaries gbOpen BGD ADM3 / BBS, OCHA ROAP","source_dataset_updated":"2026-08-09"},"geometry":{"type":"Polygon","coordinates":[[[89.15650889900007,25.66637333500006],[89.16208032800006,25.665100066000036],[89.16635516300005,25.65939065200007],[89.17266429300008,25.658714321000048],[89.18178958300007,25.652224802000035],[89.19058988300009,25.65504486900005],[89.21727169200005,25.65701776000003],[89.22200702700007,25.66477373400005],[89.22713685300005,25.666495206000036],[89.23195488900006,25.661549713000056],[89.23332803500006,25.663973542000065],[89.23339733600005,25.673196189000066],[89.23611513300006,25.67470713800003],[89.23984755200007,25.67439703900004],[89.24216330200005,25.676571729000045],[89.24310845500008,25.673109741000076],[89.24183917200008,25.671398769000064],[89.24427380800006,25.66948183200003],[89.24342595400003,25.667356554000037],[89.25377794800005,25.670784758000025],[89.25856426600006,25.66956246700005],[89.25961179100005,25.677518015000032],[89.26328722700003,25.678480239000066],[89.27624571900003,25.679588607000028],[89.27895168900005,25.67774805700003],[89.27761643500008,25.673559487000034],[89.27858317100004,25.67244230700004],[89.28128468000006,25.67437618100007],[89.28033381800003,25.68078384200004],[89.28266799300008,25.682263257000045],[89.28662394900005,25.680626234000044],[89.28946168100003,25.676026368000066],[89.29330275300003,25.676025270000025],[89.29137051800006,25.672291063000046],[89.29251569200005,25.67030383200006],[89.29572787100005,25.67041418200006],[89.29994371300006,25.67349786400007],[89.30370130200004,25.671452505000047],[89.30631407200008,25.666619827000034],[89.31570624200003,25.667612306000024],[89.31831047900005,25.665275578000035],[89.31596362800008,25.66932468600004],[89.31776461100009,25.67195687700007],[89.31670408700006,25.674349928000026],[89.31955050000005,25.67402517000005],[89.31915388100003,25.671980861000065],[89.32182130500007,25.672515324000074],[89.32097695400006,25.674525639000024],[89.32333027700008,25.675330640000027],[89.31950202600007,25.677626195000073],[89.32103641000003,25.682936734000066],[89.32307230300006,25.683016175000034],[89.32348842500005,25.684437498000023],[89.31953818100004,25.687927251000076],[89.31706242200005,25.68692803400006],[89.31344732700006,25.687647002000062],[89.31316637900005,25.688957274000074],[89.31030388500005,25.688062224000078],[89.31047417400003,25.689695748000076],[89.30459424200006,25.696254580000073],[89.31008873000007,25.703458312000066],[89.31106718100006,25.70251592900007],[89.31575188100004,25.703396957000052],[89.31526003800008,25.704763805000027],[89.31688971200003,25.705736520000073],[89.31573891000005,25.70844347700006],[89.32088336900006,25.70909567500007],[89.32365817500005,25.712051190000068],[89.32340022700004,25.714314804000026],[89.32097362600007,25.714926019000075],[89.31795912100006,25.719538629000056],[89.31653419500003,25.71671801900004],[89.31410256900006,25.72079825900005],[89.31237977300003,25.71995374900007],[89.30791285400005,25.721919740000033],[89.30515445000003,25.73080610100004],[89.29575812900003,25.73329159900004],[89.30158144300003,25.74013038800007],[89.30362537800005,25.743750978000037],[89.29784676800006,25.74653941100007],[89.30662720500004,25.774578423000037],[89.30918760600008,25.781329650000032],[89.31026586000007,25.781243904000064],[89.31171656100008,25.790283386000056],[89.30963894600006,25.792627491000076],[89.31289530800007,25.799814249000065],[89.31760106800004,25.800895712000056],[89.31610176100008,25.804520896000042],[89.31920768600008,25.80875124800008],[89.31766121000004,25.811294907000047],[89.31246765900005,25.81244882200008],[89.31079583700006,25.809575085000063],[89.30547754200006,25.807798567000077],[89.30509958500005,25.80888936200006],[89.30791216900008,25.80963362500006],[89.30741446100006,25.811055698000075],[89.30241578300007,25.811552137000035],[89.30415528500004,25.81326991800006],[89.30373412400007,25.81577309200003],[89.30127416600004,25.81495086800004],[89.30077895400007,25.817151744000057],[89.29908999100007,25.816592230000026],[89.29838530200004,25.82004891300005],[89.29386134100008,25.819759498000053],[89.29137029800006,25.817034506000027],[89.28730001200006,25.81899719300003],[89.28422623600005,25.823413420000065],[89.28073243800009,25.821967219000044],[89.28037003100007,25.823276991000057],[89.27607609900008,25.820115584000064],[89.27263805100006,25.814781052000058],[89.27273199700005,25.81680530500006],[89.27145162700003,25.81628984400004],[89.27238943500004,25.82016207500004],[89.27083347900003,25.81795780400006],[89.26804809800007,25.818933119000064],[89.26774776900004,25.81737737000003],[89.26492292300009,25.816562289000046],[89.26548792700004,25.813514802000043],[89.26374982600004,25.81478766200007],[89.26297717200003,25.81289315400005],[89.25404553900006,25.818460106000032],[89.25603360700006,25.822112080000068],[89.25539555600005,25.824181123000074],[89.24859907000007,25.825758499000074],[89.23465306500003,25.81701217500006],[89.22501358100004,25.81928679600003],[89.22310210200004,25.821251260000054],[89.21889361300003,25.81928507300006],[89.21705946700007,25.82161218500005],[89.20927397500003,25.820895635000056],[89.20702308900007,25.82195845900003],[89.20536388900007,25.825686525000037],[89.20954517300004,25.82620765200005],[89.20987777600004,25.828801524000028],[89.20619507000004,25.82887005500004],[89.20707005100007,25.829838178000045],[89.20575606100005,25.83144052800003],[89.20763901500004,25.831626321000044],[89.20619190700006,25.834251678000044],[89.20478653100008,25.834915568000042],[89.20422289300006,25.832148862000054],[89.20018125500007,25.836152174000063],[89.19528320400008,25.835067534000075],[89.19767282100008,25.831933376000052],[89.19626653600005,25.833052044000056],[89.19641003200007,25.831333830000062],[89.19340282500008,25.830126955000026],[89.19157602600006,25.832009064000033],[89.19305995400003,25.829606415000057],[89.18933466400006,25.82832435800003],[89.19116446700008,25.82521709100007],[89.18931379600008,25.82397254700004],[89.18951267700004,25.82182517900003],[89.19204840000003,25.822042465000038],[89.19276548200008,25.819052574000068],[89.19500116200004,25.81983418300007],[89.19778793000006,25.818694366000045],[89.19623873800003,25.81731443700005],[89.19220184900007,25.81725537400007],[89.19110357700004,25.811372126000037],[89.18944838100003,25.815286831000037],[89.18848165300005,25.813270659000068],[89.18619103400005,25.814896159000057],[89.18725633900004,25.818498154000054],[89.18555042000008,25.81830914300008],[89.18539767000004,25.815344888000027],[89.18086635400005,25.81189551700004],[89.17792355400007,25.81599470200007],[89.17818228100003,25.81148137300005],[89.17770066200006,25.81414181200006],[89.17465112400004,25.81490502200006],[89.17763463300008,25.817021875000023],[89.17830021900005,25.820683747000032],[89.17715498600006,25.821962288000066],[89.17338694000006,25.819713988000046],[89.17611772000004,25.81853871800007],[89.17591461800004,25.817343406000077],[89.16831121400008,25.814652742000078],[89.16243893200004,25.816621328000053],[89.16042159800008,25.819975456000066],[89.15774524300008,25.81801523200005],[89.15387176300004,25.818961152000043],[89.15590708600007,25.813664177000078],[89.15448557800005,25.815411035000068],[89.14835510900008,25.81456145800007],[89.14709487100004,25.819325612000057],[89.14333722400005,25.817674813000053],[89.14290198300006,25.81581611400003],[89.14250322900006,25.817810417000032],[89.13973816700008,25.819374243000027],[89.13257652400006,25.81318878700006],[89.13225406500004,25.809610044000067],[89.12612024400005,25.808815388000028],[89.12716112000004,25.80766755600007],[89.12294012200005,25.80582552800007],[89.11825881100003,25.806220472000064],[89.11780995100008,25.80082826100005],[89.11236728800003,25.804029395000043],[89.11233868800008,25.80665454700005],[89.11022731100007,25.806827308000038],[89.10945793400003,25.80933336000004],[89.10606556700003,25.808138144000054],[89.10705449000005,25.806210218000047],[89.10470401500004,25.79696649600004],[89.10524186200007,25.79192118700007],[89.10917811900003,25.789844295000023],[89.10697286900006,25.784612845000026],[89.10456725100005,25.785130799000058],[89.10264861500008,25.782478410000067],[89.10193539300008,25.785931181000024],[89.10053022800008,25.78376049900004],[89.09938204700006,25.784461646000068],[89.09909171500004,25.782008339000072],[89.09701301700005,25.782407988000045],[89.09647913000003,25.780269760000067],[89.10347123700006,25.779392002000066],[89.10453167100007,25.77488433900004],[89.09910323400004,25.773922484000025],[89.09976964700007,25.771882551000033],[89.09790650900004,25.771122693000052],[89.09674795300003,25.76522205400005],[89.09830512600007,25.761466961000053],[89.10452173400006,25.76258775100007],[89.10735992300005,25.760459539000067],[89.10698220100005,25.757176111000035],[89.10875745300007,25.75407687300003],[89.10763229600008,25.753452022000033],[89.10574818800006,25.75514874000004],[89.10563508600006,25.752443696000057],[89.10442086000006,25.752233067000077],[89.10104793800008,25.754262553000046],[89.09959020400004,25.751509129000056],[89.09516812000004,25.751275168000063],[89.09504813200004,25.747372533000032],[89.09845589600008,25.746286421000036],[89.09671319700004,25.742095507000045],[89.10175364100007,25.73893924500004],[89.10098682000006,25.73621887300004],[89.09581015100008,25.732398372000034],[89.09094227700007,25.731396836000044],[89.08850099900008,25.729861233000065],[89.08770443600008,25.726716786000054],[89.08342202500006,25.72565715500008],[89.08495655000007,25.718329723000068],[89.08836029600008,25.714279846000068],[89.09328676000007,25.71481284500004],[89.09527737500008,25.718079250000073],[89.09728836800008,25.715028433000043],[89.09923625800008,25.715007752000076],[89.10067695600009,25.721958140000027],[89.10799340400007,25.721067980000043],[89.10828555700004,25.72274419300004],[89.11162769900005,25.72304226500006],[89.11116361700005,25.724206509000055],[89.10864408000003,25.72416798200004],[89.10995503900006,25.725910242000054],[89.12992432200008,25.723501990000045],[89.13292837000006,25.72206499600003],[89.13321612300007,25.719368540000062],[89.13648191800007,25.719582065000054],[89.13825568600004,25.717799052000032],[89.13999518100007,25.71951874900003],[89.13816215600008,25.720965644000046],[89.14224091100004,25.723976262000065],[89.14060532700006,25.717666757000075],[89.14175055500004,25.716037447000076],[89.14014841500006,25.714149273000032],[89.14334419900007,25.71094224500007],[89.15023721500006,25.70906096400006],[89.15201852200005,25.702822234000053],[89.15130873400005,25.69825021400004],[89.14692348700004,25.69777991600006],[89.14638169200003,25.695797552000045],[89.14814855700007,25.693600125000046],[89.15868919600007,25.689948409000067],[89.15650889900007,25.66637333500006]]]}},{"type":"Feature","id":"rangpur-taragonj","properties":{"canonical_id":"rangpur-taragonj","name_en":"Taragonj","name_bn":"তারাগঞ্জ","district_id":"rangpur","division_id":"rangpur","pcode":"BD-F-55-514","parent_pcode":"BD5585","source_name":"Taragonj","match_method":"exact_name_or_alias","boundary_reference_year":"2020","boundary_source":"geoBoundaries gbOpen BGD ADM3 / BBS, OCHA ROAP","source_dataset_updated":"2026-08-09"},"geometry":{"type":"Polygon","coordinates":[[[89.09094227700007,25.731396836000044],[89.09581015100008,25.732398372000034],[89.10098682000006,25.73621887300004],[89.10175364100007,25.73893924500004],[89.09671319700004,25.742095507000045],[89.09845589600008,25.746286421000036],[89.09504813200004,25.747372533000032],[89.09516812000004,25.751275168000063],[89.09959020400004,25.751509129000056],[89.10104793800008,25.754262553000046],[89.10442086000006,25.752233067000077],[89.10563508600006,25.752443696000057],[89.10574818800006,25.75514874000004],[89.10763229600008,25.753452022000033],[89.10875745300007,25.75407687300003],[89.10698220100005,25.757176111000035],[89.10735992300005,25.760459539000067],[89.10452173400006,25.76258775100007],[89.09830512600007,25.761466961000053],[89.09674795300003,25.76522205400005],[89.09790650900004,25.771122693000052],[89.09976964700007,25.771882551000033],[89.09910323400004,25.773922484000025],[89.10453167100007,25.77488433900004],[89.10347123700006,25.779392002000066],[89.09647913000003,25.780269760000067],[89.09701301700005,25.782407988000045],[89.09909171500004,25.782008339000072],[89.09938204700006,25.784461646000068],[89.10053022800008,25.78376049900004],[89.10193539300008,25.785931181000024],[89.10264861500008,25.782478410000067],[89.10456725100005,25.785130799000058],[89.10697286900006,25.784612845000026],[89.10917811900003,25.789844295000023],[89.10524186200007,25.79192118700007],[89.10470401500004,25.79696649600004],[89.10705449000005,25.806210218000047],[89.10606556700003,25.808138144000054],[89.10525464900007,25.81831783900003],[89.10408442500005,25.81933829700006],[89.10063806000005,25.817337301000066],[89.10019852500005,25.818404573000066],[89.10048346600007,25.821294071000068],[89.10453983400004,25.82025985200005],[89.10486892500006,25.822433466000064],[89.10274785000007,25.821786630000076],[89.10097744700005,25.82470123300004],[89.09127142200003,25.829052871000044],[89.09050324400005,25.826800864000063],[89.08880835700006,25.828436988000078],[89.08288278100008,25.826147431000038],[89.08155189900003,25.831508144000054],[89.07804132800004,25.831160287000046],[89.07217949800008,25.833701993000034],[89.06200776300005,25.83409773900007],[89.06025839700004,25.831791843000076],[89.05658934300004,25.831582398000023],[89.05631563200006,25.82780295400005],[89.04867783800006,25.82157593000005],[89.04861698300004,25.818579472000067],[89.04322860300005,25.81268177900006],[89.04332740200005,25.816370928000026],[89.03804398200003,25.815662805000045],[89.03301262500008,25.818549852000046],[89.01471913300009,25.81705114600004],[89.01372923200006,25.81965955000004],[89.00849486100003,25.815988507000043],[89.00668761800006,25.814013420000038],[89.00198506000004,25.815680412000063],[89.00518807100008,25.812566374000028],[88.99836535400004,25.811495826000055],[88.99060253200008,25.814293691000046],[88.98868929100007,25.811073304000047],[88.98663365400006,25.81086203600006],[88.98670293700008,25.80810463800003],[88.98533124700003,25.80738457900003],[88.97334986200008,25.80727901800003],[88.97140194200006,25.809946941000078],[88.96893311400004,25.810191864000046],[88.96529093300006,25.813414257000034],[88.95668585200008,25.81382903900004],[88.95434430300008,25.810217454000053],[88.94834357900004,25.81000091800007],[88.94786378500004,25.808453451000048],[88.94302101600005,25.80646801300003],[88.94506799400006,25.804962585000055],[88.94218376100008,25.802218194000034],[88.94709204500003,25.80008454600005],[88.95231195100007,25.803399298000045],[88.95460757200004,25.802560864000043],[88.95669570400008,25.79935750100003],[88.95678008700008,25.795165714000063],[88.96068890500004,25.79206449800006],[88.95505814900008,25.788216066000075],[88.96180631400006,25.786155488000077],[88.95926989300006,25.781058963000078],[88.95678003000006,25.78014102700007],[88.95713576800006,25.77834223800005],[88.94983084100005,25.778056063000065],[88.94750394800008,25.77302350000008],[88.94552354700005,25.775137809000057],[88.94409635300008,25.767908005000038],[88.94609811300006,25.767492495000056],[88.94547143000005,25.764144870000052],[88.94044742500006,25.76368457500007],[88.94080749700004,25.761910123000064],[88.94569146100008,25.761424704000035],[88.94351565000005,25.758562452000035],[88.94538758100003,25.75257889200003],[88.95083269300005,25.75343086500004],[88.95177760900003,25.750532496000062],[88.95344206600004,25.750563655000065],[88.95424539700008,25.742794633000074],[88.95195207300009,25.742473972000028],[88.95525003200004,25.74202475800007],[88.95750069700006,25.73923671700004],[88.96106696600003,25.739125065000053],[88.96204631700004,25.737491532000035],[88.96604728400007,25.737685901000077],[88.96448786500008,25.74165901500004],[88.96675010000007,25.746873718000074],[88.96531158800008,25.749357855000028],[88.97465088600006,25.752734297000075],[88.97816573500006,25.749575599000025],[88.98231824200008,25.75638910500004],[88.98360063700005,25.75537661900006],[88.98769206000009,25.757327247000035],[88.99259659000006,25.747309891000043],[89.00459048000005,25.747704447000046],[89.01061786900004,25.744645051000077],[89.01244499700005,25.740482478000047],[89.01031512300005,25.738767107000058],[89.01289165100007,25.73457462300007],[89.01666263900006,25.735688737000032],[89.02164826200004,25.73426969600007],[89.02128746500006,25.736252621000062],[89.01752334600008,25.738122332000046],[89.02073743500006,25.740872554000077],[89.03401501100006,25.74061753500007],[89.03629481100006,25.74202430300005],[89.04385728200003,25.739793640000073],[89.04870268800005,25.729594400000053],[89.06044164300005,25.726526613000033],[89.06141951900008,25.72787210300004],[89.05490973200006,25.73720546000004],[89.06454334100005,25.73596457600007],[89.06544099300004,25.738301642000067],[89.06745956500004,25.738533544000063],[89.07177028400008,25.736830233000035],[89.06956948900006,25.740518291000058],[89.07203711400007,25.740100617000053],[89.07594597100007,25.743266611000024],[89.08063756400009,25.74155134500006],[89.08514772000007,25.73637478200004],[89.08681315600006,25.737077120000038],[89.08835419400003,25.73203587200004],[89.09094227700007,25.731396836000044]]]}},{"type":"Feature","id":"thakurgaon-baliadangi","properties":{"canonical_id":"thakurgaon-baliadangi","name_en":"Baliadangi","name_bn":"বালিয়াডাঙ্গী","district_id":"thakurgaon","division_id":"rangpur","pcode":"BD-F-64-511","parent_pcode":"BD5594","source_name":"Baliadangi","match_method":"exact_name_or_alias","boundary_reference_year":"2020","boundary_source":"geoBoundaries gbOpen BGD ADM3 / BBS, OCHA ROAP","source_dataset_updated":"2026-08-09"},"geometry":{"type":"Polygon","coordinates":[[[88.32139468700007,26.20437437700008],[88.31975844100003,26.202947754000036],[88.31706218500005,26.204959819000067],[88.31401271300007,26.203447358000062],[88.30842806000004,26.204418383000075],[88.30455787100004,26.198981512000046],[88.30126442600005,26.20206454600003],[88.30122644600004,26.199538803000053],[88.29823523100004,26.19709591000003],[88.29719916500005,26.19942787000008],[88.29185703200005,26.19867228000004],[88.29341036700004,26.20104574800007],[88.29237163500005,26.202266244000043],[88.28749530300007,26.197485550000067],[88.28557427700008,26.20024729000005],[88.28284683200008,26.197024673000044],[88.28386692300006,26.195028898000032],[88.28111728400006,26.194093917000032],[88.28069219100007,26.195445345000053],[88.27906335100005,26.194193743000028],[88.27626462800004,26.188608504000058],[88.27039175000004,26.188257123000028],[88.26928576100005,26.186599387000058],[88.26364952700004,26.19019266600003],[88.25920899900007,26.186619766000035],[88.25726074500005,26.18867860000006],[88.25285872900008,26.188001100000065],[88.25365520000008,26.18536419700007],[88.25084669500006,26.18587503200007],[88.24943916900008,26.19000883900003],[88.24569786900008,26.18998048700007],[88.24553843300004,26.18740549000006],[88.24348320000007,26.188529413000026],[88.24482936900006,26.189554067000074],[88.24176708500005,26.189178195000068],[88.24155186200005,26.18638702100003],[88.23851927600003,26.18537017500006],[88.23653248700003,26.18267658600007],[88.23415908900006,26.18498633100006],[88.23276036200008,26.18402046800003],[88.23317431900006,26.18111883800003],[88.23702139900007,26.177446872000075],[88.23269312900004,26.175877231000072],[88.23266838000006,26.172211937000043],[88.22608869800007,26.173081748000072],[88.22555520600008,26.17146472400003],[88.22777136400003,26.168577],[88.22394813500006,26.169487248000053],[88.22154509800004,26.166254929000047],[88.21955117700008,26.165934433000075],[88.21689887500008,26.17048380500006],[88.21283129600005,26.16919202200006],[88.21180202900007,26.167154522000033],[88.21559193500008,26.16496004000004],[88.21518031600004,26.163086441000075],[88.20399681400005,26.159180303000028],[88.20124394200008,26.159339850000038],[88.19893872900008,26.163507010000046],[88.19611963000006,26.163390467000056],[88.19616860300005,26.15971598400006],[88.19146527600003,26.157104031000074],[88.19293580700008,26.15489015600008],[88.19585354300006,26.154740193000066],[88.19451056500003,26.152033712000048],[88.18943049300003,26.155069661000027],[88.18394390900005,26.15355792400004],[88.18190324100004,26.150054501000056],[88.17714860200005,26.14806658200007],[88.17628152200007,26.141309813000078],[88.17992299100007,26.13993280400007],[88.17399246100007,26.130521221000038],[88.17405010800007,26.127332549000073],[88.17824791000004,26.125005472000055],[88.17761579700004,26.122262281000076],[88.17345254400004,26.119240587000036],[88.17259819800006,26.111127702000033],[88.16549670300003,26.108972452000046],[88.16242256100008,26.105475854000076],[88.16328664900004,26.100465970000073],[88.15880972200006,26.097295436000024],[88.15833051900006,26.094962155000076],[88.16123481000005,26.088800406000075],[88.16485575400009,26.089704029000075],[88.16429809100003,26.085706258000073],[88.15961871200005,26.08372338600003],[88.15841274800005,26.080786278000062],[88.16034343600006,26.07787350600006],[88.16761585900008,26.082865018000064],[88.16727605400007,26.084543504000067],[88.16908836600004,26.08305954800005],[88.16881441200007,26.080665261000036],[88.17352322100004,26.07567539400003],[88.18229257500008,26.07207097500003],[88.18167926000007,26.06711959300003],[88.18499111600005,26.065381910000042],[88.18546675200008,26.06343645000004],[88.18019335300005,26.05829896800003],[88.17717163900005,26.059844722000037],[88.17601036600007,26.05812804100003],[88.17925623200006,26.046597920000067],[88.17399086300009,26.04899517100006],[88.17104718800005,26.048669404000066],[88.16949265100004,26.04533211100005],[88.17536128100005,26.039794621000055],[88.17113530800003,26.036536655000077],[88.17270114400009,26.03160818200007],[88.17910262200007,26.030086633000053],[88.19006268400005,26.035023730000034],[88.19219886400003,26.037831392000044],[88.19785639200006,26.038918772000045],[88.20239542100006,26.043367599000078],[88.20019002100008,26.047094284000025],[88.20492213200004,26.05320305400005],[88.20723041900004,26.053241891000027],[88.21028795000007,26.049435390000042],[88.21359453900004,26.056685080000022],[88.21615676600004,26.05812951400003],[88.21778703300004,26.055635022000047],[88.21997020300006,26.05796388400006],[88.22381932200005,26.05534884000008],[88.22440011800006,26.059043587000076],[88.22665123300004,26.059942947000025],[88.22721882200005,26.057799755000076],[88.23151141300008,26.058107987000028],[88.23308606200004,26.054990316000044],[88.23249158300007,26.051773866000076],[88.23010197700006,26.050870083000063],[88.22966113700005,26.04475044000003],[88.23519623000004,26.039402980000034],[88.23997047700004,26.038635244000034],[88.23968651000007,26.031636794000065],[88.23501880700007,26.025013086000058],[88.24096455600005,26.018698801000028],[88.24443465600007,26.017180970000027],[88.25166914600004,26.019656393000048],[88.26024902200004,26.015548124000077],[88.26148714300007,26.020026475000066],[88.26446725500006,26.022811121000075],[88.26714140500007,26.023328998000068],[88.27129276300008,26.02141809400007],[88.27264085900003,26.019101206000073],[88.26534963400007,25.999891111000068],[88.27035458200004,25.995165993000057],[88.27148234300006,25.99150194400005],[88.27703526400006,25.991923659000065],[88.28016081800007,25.990638344000047],[88.28595630200005,25.99166123300006],[88.28776786000003,25.990057754000077],[88.29006737600008,25.99627270900004],[88.29207746200007,25.995577652000065],[88.29025111900006,25.999084107000044],[88.29151817900004,26.001438884000038],[88.29465822600008,26.001060127000073],[88.29860527800008,26.003646165000077],[88.30368105900004,26.001083891000064],[88.31001382000005,26.003271048000045],[88.30379552900007,26.01034685600007],[88.30475430400008,26.012802855000075],[88.30325323600005,26.021506893000037],[88.30561479900007,26.02371360500007],[88.30085001000003,26.031713515000035],[88.30771058900007,26.041681355000037],[88.30889444100006,26.04246650400006],[88.31249296000004,26.041178174000038],[88.31343630700007,26.046158242000047],[88.31631739800008,26.046673140000053],[88.31912158600005,26.051442404000056],[88.31805308600008,26.065248171000064],[88.32053672800004,26.067887153000072],[88.31946180300008,26.07041078800006],[88.31742979700005,26.070591356000023],[88.31961799700008,26.073998193000023],[88.31618106300004,26.077942610000036],[88.31870552300006,26.078854481000064],[88.31653725900009,26.079531080000038],[88.31381797100005,26.083582539000076],[88.31577387500005,26.08591866000006],[88.32121292200009,26.083176222000077],[88.32480177000008,26.08486375500007],[88.32797283700006,26.088169608000044],[88.32702772300007,26.089448447000052],[88.32872602500004,26.09094242900005],[88.32758723300003,26.091778937000072],[88.32894413500009,26.091906943000026],[88.32896314500005,26.094262762000028],[88.33070080200008,26.095587915000067],[88.33284035100007,26.09607137200004],[88.33360260000006,26.094468216000053],[88.33914642500008,26.096010412000055],[88.34201487600006,26.093927603000054],[88.34293776400006,26.09991496600003],[88.34735892200007,26.10177684000007],[88.35114850000008,26.10129550100004],[88.34693895800007,26.10393410900008],[88.35079216600008,26.106472078000024],[88.35028592300006,26.108145399000023],[88.35305045800004,26.11116736300005],[88.35575055600003,26.111614014000054],[88.35804264600006,26.11554397200007],[88.36176654800005,26.11726997200003],[88.36492299800005,26.12099919600007],[88.36080079900006,26.122677186000033],[88.35670242800006,26.12067888200005],[88.35411353300003,26.12218288400004],[88.34990856600007,26.120130137000046],[88.34465474600006,26.120270187000074],[88.34714974200006,26.13236966000005],[88.34509736200005,26.130661917000054],[88.34384382300004,26.133098464000057],[88.34061858600006,26.132295714000065],[88.33775672700006,26.133952546000046],[88.33401073100003,26.133069163000073],[88.33260537100006,26.134316741000077],[88.34548286500006,26.146125269000038],[88.34913931200003,26.152164266000057],[88.35394186000008,26.154324331000055],[88.35341051400007,26.157592960000045],[88.35558257200006,26.16469416700005],[88.35875176300004,26.164212387000077],[88.36892350000005,26.18010800600007],[88.36268170400007,26.181909182000027],[88.35726088000007,26.180538419000072],[88.35193258700008,26.182067441000072],[88.34756198300005,26.188263705000054],[88.34344152200003,26.189808518000063],[88.34141298100008,26.18942235700007],[88.34070017600004,26.187252082000043],[88.33514207000007,26.187249931000053],[88.33066885700003,26.18499542400008],[88.33379516700006,26.19148339900005],[88.32962713400008,26.193033461000027],[88.32837693800008,26.197920775000057],[88.32574284000003,26.200623153000038],[88.32302106200007,26.20116467400004],[88.32139468700007,26.20437437700008]]]}},{"type":"Feature","id":"thakurgaon-haripur","properties":{"canonical_id":"thakurgaon-haripur","name_en":"Haripur","name_bn":"হরিপুর","district_id":"thakurgaon","division_id":"rangpur","pcode":"BD-F-64-510","parent_pcode":"BD5594","source_name":"Haripur","match_method":"exact_name_or_alias","boundary_reference_year":"2020","boundary_source":"geoBoundaries gbOpen BGD ADM3 / BBS, OCHA ROAP","source_dataset_updated":"2026-08-09"},"geometry":{"type":"Polygon","coordinates":[[[88.13478000800006,25.99821374000004],[88.13246894200006,25.998833481000077],[88.13148405400005,25.997007938000024],[88.12963543500007,25.997037716000023],[88.12994756300003,25.986552420000066],[88.12700582600007,25.98032220500005],[88.12898664000005,25.980336374000046],[88.12780471600007,25.97671086500003],[88.12139076900007,25.97466055700005],[88.11929102500005,25.97168262300005],[88.11995697700007,25.969487281000056],[88.12459799600003,25.968003190000047],[88.12369434200008,25.966016198000034],[88.11860091400007,25.96267272800003],[88.11514943600008,25.962845172000073],[88.11464935100008,25.957886764000023],[88.12015201000008,25.953163929000027],[88.12231612700003,25.94846307800003],[88.11764867900007,25.943719292000026],[88.11290790300006,25.943757150000067],[88.11114710500004,25.93319546200007],[88.10542794800006,25.934356629000035],[88.10491180300005,25.933164068000053],[88.10218093000003,25.934881592000067],[88.09796013800008,25.934410781000054],[88.09464162200004,25.931501496000067],[88.08578273300003,25.91567729800005],[88.08645779400007,25.91383256900008],[88.08927319200006,25.913141495000048],[88.09072290400007,25.914872409000054],[88.09364096100006,25.911176408000074],[88.09403799600005,25.907807416000026],[88.09111692100004,25.906582628000024],[88.09032064300004,25.896470055000066],[88.09920646500007,25.893987270000025],[88.10293199800003,25.889312764000067],[88.10117816800005,25.884930069000063],[88.09828301300007,25.883307838000064],[88.09685423400003,25.880220653000038],[88.09888500600005,25.87861566600003],[88.09385517500004,25.87440173500005],[88.09663577800006,25.871255448000056],[88.10003923600004,25.87323500900004],[88.10240424100004,25.868869059000076],[88.10096987700007,25.863279718000058],[88.10285632400007,25.861834015000056],[88.10650502800007,25.868843583000057],[88.10891638700008,25.86913551600003],[88.11100722000003,25.86406471400005],[88.10970172700007,25.860413970000025],[88.11381686900006,25.85457499000006],[88.10892555200007,25.84683019700003],[88.10143138900008,25.843506728000023],[88.10350214700009,25.840317708000043],[88.10707326500005,25.841388669000025],[88.10771270900005,25.83876330800007],[88.10690479000004,25.834075949000066],[88.10418028800007,25.83162369000007],[88.10204896300007,25.83170036200005],[88.10109057100004,25.829097493000063],[88.10567631100008,25.826353607000044],[88.10731118500007,25.822194375000038],[88.10879289100006,25.823095382000076],[88.11152995200007,25.821731784000065],[88.10698725000003,25.815179009000076],[88.11519314700007,25.814997592000054],[88.12006787500007,25.812577219000048],[88.11648882900005,25.806372252000074],[88.11441552100007,25.798023079000075],[88.12488376500005,25.796285476000037],[88.12769637400004,25.798090368000032],[88.13107642000006,25.798057217000064],[88.13866069500006,25.79674526100007],[88.14418185500006,25.793728260000023],[88.14473739500005,25.78769562800005],[88.14162888400006,25.780232218000037],[88.14517653600006,25.779643504000035],[88.14857956500003,25.781160717000034],[88.14703732900006,25.776388616000077],[88.15214725000004,25.775763563000055],[88.15698977600005,25.779535644000077],[88.15671630800006,25.781871972000033],[88.15934683300009,25.782875045000026],[88.15931329400007,25.787594307000063],[88.16443853800007,25.789512838000064],[88.17235286600004,25.786734503000048],[88.17568655500008,25.79108543800004],[88.17541796000006,25.793229334000046],[88.18027374200005,25.793343590000063],[88.17985755000007,25.79669832600007],[88.18180044500008,25.796246817000053],[88.18096419000005,25.79917209900003],[88.18370135600009,25.801783792000037],[88.18867877400004,25.80077766900007],[88.18970713000004,25.802584800000034],[88.19341258700007,25.801642982000033],[88.19425002200006,25.798145642000065],[88.19933121700006,25.794072432000064],[88.19942957800004,25.790065094000056],[88.20909048300007,25.787207460000047],[88.20950272000005,25.79162695100007],[88.21191146500007,25.794212290000075],[88.21076451200008,25.792399629000045],[88.21222553600006,25.79225626300007],[88.21301244600005,25.795258451000052],[88.21304803200007,25.796590516000037],[88.21086763000005,25.79502904000003],[88.21030232400005,25.796150510000075],[88.21448584600006,25.797799803000032],[88.21490793500004,25.80091042600003],[88.22242664400005,25.797608226000023],[88.22495003800003,25.799588992000054],[88.22825379700004,25.796713415000056],[88.23219631900008,25.797855484000024],[88.23346044200008,25.799999584000034],[88.23049043900005,25.802563382000073],[88.23561489500008,25.80665944900005],[88.23535827400008,25.808544590000054],[88.24036337900003,25.809516063000046],[88.23639117000005,25.810646680000048],[88.23897124900003,25.81213759900004],[88.23805052100005,25.815931530000057],[88.24165608100003,25.81808368700007],[88.24016705200006,25.824034527000038],[88.23723149700004,25.82499703900004],[88.23395719100006,25.832839379000063],[88.23344528900003,25.838215774000048],[88.22931371000004,25.836608227000056],[88.22693876000005,25.833669032000046],[88.20859056300009,25.83196452900006],[88.20945335700009,25.834121993000053],[88.20108524900007,25.842660024000054],[88.20087074300005,25.849707159000047],[88.19794215600007,25.852020200000027],[88.19786721800006,25.85430995400003],[88.19444548500007,25.853239449000057],[88.19069491300007,25.854748269000027],[88.19443798200007,25.86235129800008],[88.19154109900006,25.86572698300006],[88.19482298600008,25.869803614000034],[88.19241441100007,25.873598377000064],[88.19272719200006,25.874560295000038],[88.19547552000006,25.87381195200004],[88.19339569900006,25.876757175000023],[88.19769134900008,25.877697537000074],[88.19861056600007,25.88060107600006],[88.20280821600005,25.88089970200008],[88.20522631000006,25.88648821000004],[88.20268947400007,25.88548748900007],[88.20295376700005,25.88755801600007],[88.19570617700003,25.889020723000044],[88.19025995900006,25.89364309000007],[88.19255977200004,25.896018298000058],[88.19274745800004,25.90038306300005],[88.19789185900004,25.910609547000035],[88.18540044400004,25.912726862000056],[88.18532225000007,25.914757572000042],[88.18293711500007,25.915656924000075],[88.18057546100005,25.91933183200007],[88.18246039100006,25.926888123000026],[88.18575884600006,25.927173201000073],[88.18781443500006,25.929659972000024],[88.19676262700006,25.92840682800005],[88.20045180800008,25.934582203000048],[88.19850571000006,25.939332856000078],[88.19031226200008,25.945940738000047],[88.18699783200003,25.961040680000053],[88.18292794400008,25.965021961000048],[88.17983194500005,25.96582991500003],[88.17640861300004,25.95809231100003],[88.17176877900005,25.95847272700007],[88.16625913300004,25.96125503500008],[88.16539947400008,25.96680314300005],[88.16873243700007,25.97917186600006],[88.16576677300003,25.984180999000046],[88.16782228000005,25.98938069700006],[88.16019132700006,25.99242298300004],[88.14983453400004,25.98971307200003],[88.14331009300008,25.99116009900007],[88.13478000800006,25.99821374000004]]]}},{"type":"Feature","id":"thakurgaon-pirganj","properties":{"canonical_id":"thakurgaon-pirganj","name_en":"Pirganj","name_bn":"পীরগঞ্জ","district_id":"thakurgaon","division_id":"rangpur","pcode":"BD-F-64-508","parent_pcode":"BD5594","source_name":"Pirganj","match_method":"exact_name_or_alias","boundary_reference_year":"2020","boundary_source":"geoBoundaries gbOpen BGD ADM3 / BBS, OCHA ROAP","source_dataset_updated":"2026-08-09"},"geometry":{"type":"Polygon","coordinates":[[[88.50168143000008,25.91869696200007],[88.49165634900004,25.917713293000077],[88.48374951700004,25.918772270000034],[88.47783612400008,25.913805790000026],[88.47262602200004,25.913974989000053],[88.47169730600007,25.910224205000077],[88.46775217900006,25.910719158000063],[88.46677229600004,25.91301320200006],[88.46417398700004,25.913758718000054],[88.45745385300006,25.912236101000076],[88.45538828000008,25.914446277000025],[88.45165846600008,25.91114850500003],[88.45118068900007,25.90643361000008],[88.44561243200008,25.90546500800008],[88.44569405600004,25.90820982400004],[88.44418101400004,25.908669255000063],[88.44506704700007,25.912324369000032],[88.44236228600005,25.916106256000035],[88.45083698300004,25.928459339000028],[88.44888041400009,25.928317656000047],[88.44744143000008,25.930963233000057],[88.44523482400007,25.93154105600007],[88.44563618600006,25.93345759500005],[88.44332959400003,25.931786918000057],[88.43578979700004,25.93500935900005],[88.44099748600007,25.935117412000068],[88.43986016400004,25.93822149500005],[88.43443572600006,25.93561709200003],[88.43353443400008,25.93636230900006],[88.44079287500006,25.942102263000038],[88.44347545000005,25.942243967000024],[88.44385134200007,25.944626303000064],[88.44642556700006,25.94570569700005],[88.44680285200008,25.94801073900004],[88.44877807000006,25.94915871200004],[88.44849400100009,25.952141658000073],[88.44185977900008,25.95259911200003],[88.43988256700004,25.95451487100007],[88.43234003800006,25.950593722000065],[88.42699458000004,25.955471174000024],[88.42536772900007,25.959905355000046],[88.41732045000003,25.962608889000023],[88.41219851600005,25.961281],[88.41153197000006,25.962717010000063],[88.40872745800004,25.961077560000035],[88.40699742700008,25.961900374000038],[88.40733516100005,25.960551612000074],[88.40592570000007,25.960304760000042],[88.40074301100003,25.960926371000028],[88.40090796300007,25.958420158000024],[88.39840326200004,25.95892680000003],[88.39697073000008,25.953245442000025],[88.39256217100007,25.951091959000053],[88.39154788600007,25.95309727500006],[88.38761976100005,25.954099110000072],[88.38932051700004,25.95810944400006],[88.38751046400006,25.96321706200007],[88.38526835200008,25.960320111000044],[88.38589736100005,25.95651064200007],[88.38440136900005,25.95620901700005],[88.38415561200009,25.959145372000023],[88.38067806100008,25.96056618500006],[88.38121057700005,25.96356822200005],[88.38542460800005,25.96471667700007],[88.38337349100004,25.96625106700003],[88.38332828900008,25.96896396300008],[88.38188136000008,25.968555649000052],[88.37063304500003,25.974803],[88.36806810600007,25.97159070300006],[88.36681871800005,25.97344534100006],[88.36519715900005,25.970453535000047],[88.36142005800008,25.968113836000043],[88.35734904700007,25.972653739000066],[88.34632882700004,25.973279768000054],[88.34470162800005,25.967830480000032],[88.34661264500005,25.964968558000066],[88.34503961900003,25.962656996000078],[88.34075044100007,25.959115891000067],[88.33545177100007,25.959472584000025],[88.33300915400008,25.95686201500007],[88.32991041500009,25.95789719800007],[88.33080305400006,25.944393158000025],[88.32800256800004,25.94119046700007],[88.32875776000003,25.935855961000073],[88.32337652700005,25.93151694100004],[88.32240708100005,25.927446677000034],[88.32508165900003,25.917078923000076],[88.32681981400003,25.915736392000042],[88.32511302100005,25.91262978900005],[88.32739150000003,25.90141723800008],[88.32234366200004,25.900364747000026],[88.31866195900005,25.897297276000074],[88.32061705200005,25.887619160000042],[88.31747836600005,25.889043567000044],[88.31546010500006,25.887795767000057],[88.31179142400003,25.876198300000055],[88.30863764000009,25.871998698000027],[88.30962115800008,25.868932862000065],[88.30562035700007,25.863950343000056],[88.30561420300006,25.860883693000062],[88.30331140600003,25.860409926000045],[88.29407416900006,25.863382886000068],[88.29181767000006,25.856848007000053],[88.28631213600005,25.84833836400003],[88.28078688000005,25.847498365000035],[88.28008841200005,25.84961721600007],[88.26817364100003,25.844092341000078],[88.25978791600005,25.845796462000067],[88.25534689800008,25.842414274000078],[88.25186118100004,25.837217647000045],[88.25062097400007,25.83334571100005],[88.25269212100005,25.831562317000078],[88.25162608400007,25.82981846200005],[88.25370266600004,25.828445303000024],[88.25303522500008,25.825264103000052],[88.25736814100009,25.824742892000074],[88.26093110300008,25.827911937000067],[88.26122634000006,25.823877335000077],[88.26301757200008,25.82331084200007],[88.26175194900009,25.820585746000063],[88.26624557700006,25.818090838000046],[88.26306484400004,25.813278398000023],[88.25998977600005,25.81369152600007],[88.26951601200005,25.808238810000034],[88.27086021800005,25.805037802000072],[88.27177229900008,25.791763653000032],[88.26978811900005,25.784724150000045],[88.26651564800005,25.78329531600008],[88.26845996100008,25.78079801000007],[88.27370187600008,25.77907939200003],[88.27647326200008,25.77497260800004],[88.27878500500003,25.77422075000004],[88.28188683500008,25.775689001000046],[88.29074043600008,25.773851656000033],[88.28900619000007,25.76789499700004],[88.29967677800005,25.76437643500003],[88.29835699900008,25.76334865900003],[88.30014261800005,25.762819078000064],[88.29902075200005,25.760970816000054],[88.31634027000007,25.753187355000023],[88.31506311400005,25.74663414500003],[88.32071936800008,25.745266616000038],[88.31826095900004,25.742803087000027],[88.32087756500005,25.740049862000035],[88.32089129300005,25.73757849900005],[88.32500940400007,25.73752539700007],[88.32802294700008,25.740171055000076],[88.33752163300005,25.737708765000036],[88.33741451000003,25.735395244000074],[88.34088356800004,25.734890633000077],[88.34406220300008,25.72954273600004],[88.35057084800007,25.730163317000063],[88.35144526200008,25.72827753200005],[88.35539178500005,25.72727007000003],[88.35616113300006,25.729320937000068],[88.35878670300008,25.72817043400005],[88.35672591800005,25.72141705100006],[88.36468798500005,25.719872099000042],[88.36511541700008,25.71769164400007],[88.37193113300003,25.71559320700004],[88.37393183700004,25.717307310000024],[88.37464855800005,25.712432333000038],[88.37313422100004,25.709563772000024],[88.36996651600003,25.710236484000063],[88.36972356900009,25.70877268000004],[88.37203962000007,25.707868614000063],[88.37143231900006,25.69664602100005],[88.38206792600005,25.697330512000065],[88.38320807600007,25.695528271000057],[88.38530021200006,25.695764179000037],[88.38518118000007,25.694494793000047],[88.39145302500003,25.693589845000076],[88.38914776000007,25.687628423000035],[88.39012496300006,25.684100923000074],[88.40177254200006,25.68605947700007],[88.40404787600005,25.685100396000053],[88.40510757700008,25.68309636400005],[88.40165327200003,25.672669143000064],[88.41858468700008,25.667760361000035],[88.42029812900006,25.670376168000075],[88.42711398500006,25.669703081000023],[88.43105554700008,25.674058010000067],[88.42520610800005,25.678568331000065],[88.43057466900007,25.68371978400006],[88.42832870700005,25.685106819000055],[88.42837441800003,25.687697273000026],[88.43189053100008,25.69058633700007],[88.43532968800008,25.686462967000068],[88.43764635000008,25.687146862000077],[88.43814474000004,25.68901709000005],[88.43772728700009,25.692254873000024],[88.43367190800006,25.696083901000065],[88.43509324900003,25.69900116100007],[88.43351045500003,25.701400896000052],[88.43468218100008,25.705811335000078],[88.43649032200005,25.706116257000076],[88.43619290600003,25.70840453200003],[88.43196761200005,25.710441825000032],[88.42702739200007,25.706893568000055],[88.42500643800008,25.708159951000027],[88.42357299700006,25.714916128000027],[88.43116785400008,25.715286422000077],[88.43411900200005,25.718073445000073],[88.42564346500006,25.720638652000048],[88.42333331700007,25.724850125000046],[88.42843796700004,25.728659290000053],[88.42211089100005,25.73246565200003],[88.42055662700005,25.729775921000055],[88.41878967200006,25.729536693000057],[88.41855313500008,25.73298286200003],[88.41523197600009,25.73672558900006],[88.41269650700008,25.73765664900003],[88.41443908000008,25.73389624500004],[88.40881340500005,25.732440058000066],[88.41014678200008,25.72909786300005],[88.40509940800007,25.728533733000063],[88.40052414400003,25.73119142300004],[88.39876755900008,25.733992828000055],[88.40059996300005,25.738395515000036],[88.39515308400007,25.739187617000027],[88.39208212300008,25.74332243300006],[88.39349856600006,25.749435367000046],[88.38884205400007,25.753994399000078],[88.39099198900004,25.760140856000078],[88.38665074100004,25.762681576000034],[88.38720836600004,25.768610677000026],[88.38494014500003,25.772750235000046],[88.38791525700003,25.776016937000065],[88.38742227000006,25.781942284000024],[88.38353038100007,25.787450147000072],[88.38274319900006,25.793652621000035],[88.38578785700008,25.792161855000074],[88.38912657800006,25.803537420000055],[88.38687723300006,25.803426149000074],[88.38539013900004,25.808287544000052],[88.39084988600007,25.810980862000065],[88.38580612100003,25.822572079000054],[88.38755085900004,25.829515297000057],[88.38519312800008,25.834758016000023],[88.38627162100005,25.839755660000037],[88.39515830900007,25.83994554000003],[88.39883935700004,25.841908555000032],[88.40407928000008,25.857651702000055],[88.40379433600003,25.864796987000034],[88.40846274300009,25.86844927100003],[88.41258922900005,25.86684461300007],[88.41099381300006,25.865847622000047],[88.41221737900008,25.864802489000056],[88.41153608300004,25.862746257000026],[88.41609878600008,25.862341337000032],[88.42244090300005,25.855510781000078],[88.42605074000005,25.85936710900006],[88.42588979400006,25.86099491400006],[88.41773042100004,25.867268082000066],[88.41751203400008,25.869335358000058],[88.42214578600004,25.871018184000036],[88.42821108200008,25.871192346000043],[88.43202364300004,25.86637992200008],[88.43412277300007,25.867053165000073],[88.43580985100004,25.86572393000006],[88.43469358200008,25.870899042000076],[88.44320419900004,25.871375982000075],[88.44459339600007,25.861952081000027],[88.45189420500003,25.86139760700007],[88.45099097500008,25.859474589000058],[88.45308064100004,25.85840786400007],[88.45461177200008,25.860820560000036],[88.45938587000006,25.86071726800003],[88.46076287500006,25.86196928800007],[88.45992787400007,25.865764631000047],[88.46168500900006,25.86885168200007],[88.46131484100005,25.873305362000053],[88.46562623400007,25.873161993000053],[88.46594438700004,25.868570066000075],[88.46973202100008,25.86329476800006],[88.47924058400008,25.86318029100005],[88.48127846200003,25.864687885000023],[88.48038016200007,25.866337962000046],[88.48426228700004,25.865602141000068],[88.48311505800007,25.86857959300005],[88.48588404100008,25.869867933000023],[88.48313077600005,25.87518664600003],[88.48278445500006,25.880543465000073],[88.48521412400004,25.88163191600006],[88.48349384300008,25.88319047600004],[88.48550453100006,25.885197102000063],[88.48373290400008,25.884203558000024],[88.48047889200006,25.885283350000066],[88.47556443200006,25.888271990000078],[88.47552967800004,25.889812041000027],[88.47846865300005,25.89079028900005],[88.48063707500006,25.88756911400003],[88.48264254700007,25.887887471000056],[88.47859649800006,25.894903920000047],[88.48101805600004,25.903952308000044],[88.48795321600005,25.904479593000076],[88.48817869900006,25.905657853000037],[88.49016170500005,25.905193824000037],[88.49460282400008,25.907504370000026],[88.49746891100006,25.904804228000046],[88.50172853500004,25.905540657000074],[88.50431782600003,25.90965883000007],[88.50367571100008,25.910952818000055],[88.50772606600003,25.911284602000023],[88.50848822600005,25.912620145000062],[88.50824086300008,25.916510419000076],[88.50565137100006,25.91609835400004],[88.50448555400004,25.91332710900008],[88.50282182800004,25.91372353500003],[88.50168143000008,25.91869696200007]]]}},{"type":"Feature","id":"thakurgaon-ranisankail","properties":{"canonical_id":"thakurgaon-ranisankail","name_en":"Ranisankail","name_bn":"রাণীশংকৈল","district_id":"thakurgaon","division_id":"rangpur","pcode":"BD-F-64-509","parent_pcode":"BD5594","source_name":"Ranisankail","match_method":"exact_name_or_alias","boundary_reference_year":"2020","boundary_source":"geoBoundaries gbOpen BGD ADM3 / BBS, OCHA ROAP","source_dataset_updated":"2026-08-09"},"geometry":{"type":"Polygon","coordinates":[[[88.17910262200007,26.030086633000053],[88.18245193300004,26.029571255000064],[88.18278918700008,26.026728500000047],[88.17921544800004,26.022573091000027],[88.17340756300007,26.020922557000063],[88.16584109500008,26.021418544000028],[88.16073197100008,26.018728190000047],[88.15480449400008,26.020071312000027],[88.15011261100005,26.01848939100006],[88.14678320000007,26.014388543000052],[88.14381508100007,26.01494234100005],[88.13962495800007,26.013021767000055],[88.14415102900006,26.005492079000078],[88.14364373000006,26.00047203500003],[88.14015995600005,25.997044307000067],[88.13568018000007,26.000664639000036],[88.13478000800006,25.99821374000004],[88.14331009300008,25.99116009900007],[88.14983453400004,25.98971307200003],[88.16019132700006,25.99242298300004],[88.16782228000005,25.98938069700006],[88.16576677300003,25.984180999000046],[88.16873243700007,25.97917186600006],[88.16539947400008,25.96680314300005],[88.16625913300004,25.96125503500008],[88.17176877900005,25.95847272700007],[88.17640861300004,25.95809231100003],[88.17983194500005,25.96582991500003],[88.18292794400008,25.965021961000048],[88.18699783200003,25.961040680000053],[88.19031226200008,25.945940738000047],[88.19850571000006,25.939332856000078],[88.20045180800008,25.934582203000048],[88.19676262700006,25.92840682800005],[88.18781443500006,25.929659972000024],[88.18575884600006,25.927173201000073],[88.18246039100006,25.926888123000026],[88.18057546100005,25.91933183200007],[88.18293711500007,25.915656924000075],[88.18532225000007,25.914757572000042],[88.18540044400004,25.912726862000056],[88.19789185900004,25.910609547000035],[88.19274745800004,25.90038306300005],[88.19255977200004,25.896018298000058],[88.19025995900006,25.89364309000007],[88.19570617700003,25.889020723000044],[88.20295376700005,25.88755801600007],[88.20268947400007,25.88548748900007],[88.20522631000006,25.88648821000004],[88.20280821600005,25.88089970200008],[88.19861056600007,25.88060107600006],[88.19769134900008,25.877697537000074],[88.19339569900006,25.876757175000023],[88.19547552000006,25.87381195200004],[88.19272719200006,25.874560295000038],[88.19241441100007,25.873598377000064],[88.19482298600008,25.869803614000034],[88.19154109900006,25.86572698300006],[88.19443798200007,25.86235129800008],[88.19069491300007,25.854748269000027],[88.19444548500007,25.853239449000057],[88.19786721800006,25.85430995400003],[88.19794215600007,25.852020200000027],[88.20087074300005,25.849707159000047],[88.20108524900007,25.842660024000054],[88.20945335700009,25.834121993000053],[88.20859056300009,25.83196452900006],[88.22693876000005,25.833669032000046],[88.22931371000004,25.836608227000056],[88.23344528900003,25.838215774000048],[88.23395719100006,25.832839379000063],[88.23723149700004,25.82499703900004],[88.24016705200006,25.824034527000038],[88.24165608100003,25.81808368700007],[88.23805052100005,25.815931530000057],[88.23897124900003,25.81213759900004],[88.23639117000005,25.810646680000048],[88.24036337900003,25.809516063000046],[88.24447977300008,25.809388152000054],[88.24685405300005,25.80605117400006],[88.24856756200006,25.813486347000037],[88.24898156300009,25.812186927000027],[88.25866696600008,25.81131175400003],[88.25998977600005,25.81369152600007],[88.26306484400004,25.813278398000023],[88.26624557700006,25.818090838000046],[88.26175194900009,25.820585746000063],[88.26301757200008,25.82331084200007],[88.26122634000006,25.823877335000077],[88.26093110300008,25.827911937000067],[88.25736814100009,25.824742892000074],[88.25303522500008,25.825264103000052],[88.25370266600004,25.828445303000024],[88.25162608400007,25.82981846200005],[88.25269212100005,25.831562317000078],[88.25062097400007,25.83334571100005],[88.25186118100004,25.837217647000045],[88.25534689800008,25.842414274000078],[88.25978791600005,25.845796462000067],[88.26817364100003,25.844092341000078],[88.28008841200005,25.84961721600007],[88.28078688000005,25.847498365000035],[88.28631213600005,25.84833836400003],[88.29181767000006,25.856848007000053],[88.29407416900006,25.863382886000068],[88.30331140600003,25.860409926000045],[88.30561420300006,25.860883693000062],[88.30562035700007,25.863950343000056],[88.30962115800008,25.868932862000065],[88.30863764000009,25.871998698000027],[88.31179142400003,25.876198300000055],[88.31546010500006,25.887795767000057],[88.31747836600005,25.889043567000044],[88.32061705200005,25.887619160000042],[88.31866195900005,25.897297276000074],[88.32234366200004,25.900364747000026],[88.32739150000003,25.90141723800008],[88.32511302100005,25.91262978900005],[88.32681981400003,25.915736392000042],[88.32508165900003,25.917078923000076],[88.32240708100005,25.927446677000034],[88.32337652700005,25.93151694100004],[88.32875776000003,25.935855961000073],[88.32800256800004,25.94119046700007],[88.33080305400006,25.944393158000025],[88.32991041500009,25.95789719800007],[88.33300915400008,25.95686201500007],[88.33545177100007,25.959472584000025],[88.34075044100007,25.959115891000067],[88.34503961900003,25.962656996000078],[88.34661264500005,25.964968558000066],[88.34470162800005,25.967830480000032],[88.34632882700004,25.973279768000054],[88.34749657200007,25.977109539000026],[88.34648428300005,25.978409800000065],[88.34183122600007,25.97751585000003],[88.33684568900009,25.979671516000053],[88.33730614500007,25.987253216000056],[88.33234588800008,25.989263426000036],[88.33088109000005,25.995020785000065],[88.32765012300007,25.99520181200006],[88.32375609200005,25.997583442000064],[88.32125563100004,25.992113089000043],[88.31847569200005,25.99166609100007],[88.31560498700009,25.99316397800004],[88.31335945000006,25.992171298000073],[88.30919796900008,25.994209187000024],[88.30724872700006,25.999139093000053],[88.30368105900004,26.001083891000064],[88.29860527800008,26.003646165000077],[88.29465822600008,26.001060127000073],[88.29151817900004,26.001438884000038],[88.29025111900006,25.999084107000044],[88.29207746200007,25.995577652000065],[88.29006737600008,25.99627270900004],[88.28776786000003,25.990057754000077],[88.28595630200005,25.99166123300006],[88.28016081800007,25.990638344000047],[88.27703526400006,25.991923659000065],[88.27148234300006,25.99150194400005],[88.27035458200004,25.995165993000057],[88.26534963400007,25.999891111000068],[88.27264085900003,26.019101206000073],[88.27129276300008,26.02141809400007],[88.26714140500007,26.023328998000068],[88.26446725500006,26.022811121000075],[88.26148714300007,26.020026475000066],[88.26024902200004,26.015548124000077],[88.25166914600004,26.019656393000048],[88.24443465600007,26.017180970000027],[88.24096455600005,26.018698801000028],[88.23501880700007,26.025013086000058],[88.23968651000007,26.031636794000065],[88.23997047700004,26.038635244000034],[88.23519623000004,26.039402980000034],[88.22966113700005,26.04475044000003],[88.23010197700006,26.050870083000063],[88.23249158300007,26.051773866000076],[88.23308606200004,26.054990316000044],[88.23151141300008,26.058107987000028],[88.22721882200005,26.057799755000076],[88.22665123300004,26.059942947000025],[88.22440011800006,26.059043587000076],[88.22381932200005,26.05534884000008],[88.21997020300006,26.05796388400006],[88.21778703300004,26.055635022000047],[88.21615676600004,26.05812951400003],[88.21359453900004,26.056685080000022],[88.21028795000007,26.049435390000042],[88.20723041900004,26.053241891000027],[88.20492213200004,26.05320305400005],[88.20019002100008,26.047094284000025],[88.20239542100006,26.043367599000078],[88.19785639200006,26.038918772000045],[88.19219886400003,26.037831392000044],[88.19006268400005,26.035023730000034],[88.17910262200007,26.030086633000053]]]}},{"type":"Feature","id":"thakurgaon-thakurgaon-sadar","properties":{"canonical_id":"thakurgaon-thakurgaon-sadar","name_en":"Thakurgaon Sadar","name_bn":"ঠাকুরগাঁও সদর","district_id":"thakurgaon","division_id":"rangpur","pcode":"BD-F-64-507","parent_pcode":"BD5594","source_name":"Thakurgaon Sadar","match_method":"exact_name_or_alias","boundary_reference_year":"2020","boundary_source":"geoBoundaries gbOpen BGD ADM3 / BBS, OCHA ROAP","source_dataset_updated":"2026-08-09"},"geometry":{"type":"Polygon","coordinates":[[[88.36892350000005,26.18010800600007],[88.35875176300004,26.164212387000077],[88.35558257200006,26.16469416700005],[88.35341051400007,26.157592960000045],[88.35394186000008,26.154324331000055],[88.34913931200003,26.152164266000057],[88.34548286500006,26.146125269000038],[88.33260537100006,26.134316741000077],[88.33401073100003,26.133069163000073],[88.33775672700006,26.133952546000046],[88.34061858600006,26.132295714000065],[88.34384382300004,26.133098464000057],[88.34509736200005,26.130661917000054],[88.34714974200006,26.13236966000005],[88.34465474600006,26.120270187000074],[88.34990856600007,26.120130137000046],[88.35411353300003,26.12218288400004],[88.35670242800006,26.12067888200005],[88.36080079900006,26.122677186000033],[88.36492299800005,26.12099919600007],[88.36176654800005,26.11726997200003],[88.35804264600006,26.11554397200007],[88.35575055600003,26.111614014000054],[88.35305045800004,26.11116736300005],[88.35028592300006,26.108145399000023],[88.35079216600008,26.106472078000024],[88.34693895800007,26.10393410900008],[88.35114850000008,26.10129550100004],[88.34735892200007,26.10177684000007],[88.34293776400006,26.09991496600003],[88.34201487600006,26.093927603000054],[88.33914642500008,26.096010412000055],[88.33360260000006,26.094468216000053],[88.33284035100007,26.09607137200004],[88.33070080200008,26.095587915000067],[88.32896314500005,26.094262762000028],[88.32894413500009,26.091906943000026],[88.32758723300003,26.091778937000072],[88.32872602500004,26.09094242900005],[88.32702772300007,26.089448447000052],[88.32797283700006,26.088169608000044],[88.32480177000008,26.08486375500007],[88.32121292200009,26.083176222000077],[88.31577387500005,26.08591866000006],[88.31381797100005,26.083582539000076],[88.31653725900009,26.079531080000038],[88.31870552300006,26.078854481000064],[88.31618106300004,26.077942610000036],[88.31961799700008,26.073998193000023],[88.31742979700005,26.070591356000023],[88.31946180300008,26.07041078800006],[88.32053672800004,26.067887153000072],[88.31805308600008,26.065248171000064],[88.31912158600005,26.051442404000056],[88.31631739800008,26.046673140000053],[88.31343630700007,26.046158242000047],[88.31249296000004,26.041178174000038],[88.30889444100006,26.04246650400006],[88.30771058900007,26.041681355000037],[88.30085001000003,26.031713515000035],[88.30561479900007,26.02371360500007],[88.30325323600005,26.021506893000037],[88.30475430400008,26.012802855000075],[88.30379552900007,26.01034685600007],[88.31001382000005,26.003271048000045],[88.30368105900004,26.001083891000064],[88.30724872700006,25.999139093000053],[88.30919796900008,25.994209187000024],[88.31335945000006,25.992171298000073],[88.31560498700009,25.99316397800004],[88.31847569200005,25.99166609100007],[88.32125563100004,25.992113089000043],[88.32375609200005,25.997583442000064],[88.32765012300007,25.99520181200006],[88.33088109000005,25.995020785000065],[88.33234588800008,25.989263426000036],[88.33730614500007,25.987253216000056],[88.33684568900009,25.979671516000053],[88.34183122600007,25.97751585000003],[88.34648428300005,25.978409800000065],[88.34749657200007,25.977109539000026],[88.34632882700004,25.973279768000054],[88.35734904700007,25.972653739000066],[88.36142005800008,25.968113836000043],[88.36519715900005,25.970453535000047],[88.36681871800005,25.97344534100006],[88.36806810600007,25.97159070300006],[88.37063304500003,25.974803],[88.38188136000008,25.968555649000052],[88.38332828900008,25.96896396300008],[88.38337349100004,25.96625106700003],[88.38542460800005,25.96471667700007],[88.38121057700005,25.96356822200005],[88.38067806100008,25.96056618500006],[88.38415561200009,25.959145372000023],[88.38440136900005,25.95620901700005],[88.38589736100005,25.95651064200007],[88.38526835200008,25.960320111000044],[88.38751046400006,25.96321706200007],[88.38932051700004,25.95810944400006],[88.38761976100005,25.954099110000072],[88.39154788600007,25.95309727500006],[88.39256217100007,25.951091959000053],[88.39697073000008,25.953245442000025],[88.39840326200004,25.95892680000003],[88.40090796300007,25.958420158000024],[88.40074301100003,25.960926371000028],[88.40592570000007,25.960304760000042],[88.40733516100005,25.960551612000074],[88.40699742700008,25.961900374000038],[88.40872745800004,25.961077560000035],[88.41153197000006,25.962717010000063],[88.41219851600005,25.961281],[88.41732045000003,25.962608889000023],[88.42536772900007,25.959905355000046],[88.42699458000004,25.955471174000024],[88.43234003800006,25.950593722000065],[88.43988256700004,25.95451487100007],[88.44185977900008,25.95259911200003],[88.44849400100009,25.952141658000073],[88.44877807000006,25.94915871200004],[88.44680285200008,25.94801073900004],[88.44642556700006,25.94570569700005],[88.44385134200007,25.944626303000064],[88.44347545000005,25.942243967000024],[88.44079287500006,25.942102263000038],[88.43353443400008,25.93636230900006],[88.43443572600006,25.93561709200003],[88.43986016400004,25.93822149500005],[88.44099748600007,25.935117412000068],[88.43578979700004,25.93500935900005],[88.44332959400003,25.931786918000057],[88.44563618600006,25.93345759500005],[88.44523482400007,25.93154105600007],[88.44744143000008,25.930963233000057],[88.44888041400009,25.928317656000047],[88.45083698300004,25.928459339000028],[88.44236228600005,25.916106256000035],[88.44506704700007,25.912324369000032],[88.44418101400004,25.908669255000063],[88.44569405600004,25.90820982400004],[88.44561243200008,25.90546500800008],[88.45118068900007,25.90643361000008],[88.45165846600008,25.91114850500003],[88.45538828000008,25.914446277000025],[88.45745385300006,25.912236101000076],[88.46417398700004,25.913758718000054],[88.46677229600004,25.91301320200006],[88.46775217900006,25.910719158000063],[88.47169730600007,25.910224205000077],[88.47262602200004,25.913974989000053],[88.47783612400008,25.913805790000026],[88.48374951700004,25.918772270000034],[88.49165634900004,25.917713293000077],[88.50168143000008,25.91869696200007],[88.50325072700008,25.924350106000077],[88.49987335700007,25.925708327000052],[88.49833985800007,25.92329830400007],[88.49487525100005,25.925725898000053],[88.49574761600007,25.928009471000053],[88.50124404700006,25.927378605000058],[88.50101324800005,25.92552263500005],[88.50424247200004,25.927223385000048],[88.50626576700006,25.926088097000047],[88.50465716900004,25.92408024100007],[88.50716987300007,25.924781001000042],[88.50803691700008,25.92339283000007],[88.50495442200008,25.921935181000038],[88.50695803600007,25.920769205000056],[88.50617934700006,25.91794553400007],[88.50766812600006,25.91784463500005],[88.50751368100003,25.919703967000032],[88.50990943100004,25.921288795000066],[88.50837436200004,25.922139138000034],[88.50957879400005,25.92463200800006],[88.50812460200007,25.925473022000062],[88.50993210300004,25.92613487600005],[88.50639091900007,25.932419785000036],[88.50999244200005,25.935525867000024],[88.51190271200005,25.941331398000045],[88.51817510300003,25.94294572600006],[88.52075863900006,25.949778216000027],[88.52356964200004,25.95163397400006],[88.53693690700004,25.95202752800003],[88.53791350200004,25.963507668000034],[88.53578267600005,25.967349046000038],[88.53224156200008,25.969303316000037],[88.52969556600004,25.977064789000053],[88.53053567500007,25.991486698000074],[88.53481043100004,25.994418496000037],[88.54072665500007,25.995020001000057],[88.53918632400007,25.997923917000037],[88.54009693800003,25.998736051000037],[88.54279661400005,25.999560012000074],[88.54542636000008,25.998055092000072],[88.54197798100006,26.007983455000044],[88.54519919600006,26.012867953000068],[88.54586474100006,26.019188119000034],[88.54999675600004,26.01745786600003],[88.55386467600005,26.018006143000036],[88.55468240400006,26.018774378000046],[88.55112360200008,26.02091960100006],[88.55349205800007,26.02336342800004],[88.55536060700007,26.023084191000066],[88.55311451900008,26.020894971000075],[88.55476655400008,26.019755900000064],[88.55764430200009,26.023838845000057],[88.56279296700006,26.022806200000048],[88.56559901300005,26.02372391600005],[88.56457536800008,26.025062331000072],[88.55668769200008,26.02599491600006],[88.55573055100007,26.02780903200005],[88.55741672800008,26.02845502400004],[88.56248440800005,26.02793450100006],[88.56688910800005,26.02563996300006],[88.56942008800007,26.027154688000053],[88.56873082300007,26.024536468000065],[88.57339713100004,26.019954546000065],[88.57447660300005,26.021245504000035],[88.58933332600003,26.02039592400007],[88.59475173500005,26.023869842000067],[88.59395348900006,26.026942956000028],[88.59718200100008,26.030914025000072],[88.60918822700006,26.035190989000057],[88.60781063900004,26.03583001000004],[88.60908064000006,26.036925068000073],[88.60682745600008,26.04130631000004],[88.60871889900005,26.04651182300006],[88.60784894700004,26.049641875000077],[88.60567533500006,26.051047362000077],[88.60880182300008,26.051260338000077],[88.61428546900004,26.05857006900004],[88.61871667300005,26.056991399000026],[88.61593919000006,26.062894653000058],[88.62020488200005,26.05847158800003],[88.62675718200006,26.055931100000066],[88.62951189600005,26.061562130000027],[88.63449546000004,26.063524477000044],[88.63288749400004,26.064885503000028],[88.63357373900004,26.067958223000062],[88.63556015300009,26.067503595000062],[88.63786537500005,26.070380558000068],[88.63591283800008,26.071143062000033],[88.63689713400004,26.07246992300003],[88.63382983900004,26.07275465200007],[88.63765733500009,26.07442833400006],[88.63627739100008,26.075620009000033],[88.63652651800004,26.079113476000032],[88.64262774000008,26.079703665000068],[88.64383987900004,26.081956896000065],[88.64508220300007,26.080236267000032],[88.64653096600006,26.082673955000075],[88.64551604300004,26.091968621000035],[88.64161869700007,26.09200984100005],[88.64116238400004,26.102701753000076],[88.63882008900003,26.102725367000062],[88.63680233300005,26.104834711000024],[88.63426793900004,26.104229538000027],[88.63837289600008,26.107907862000047],[88.63285036000008,26.110422435000032],[88.63037848300007,26.116295517000026],[88.62755535200006,26.116633743000023],[88.62706315500003,26.121071486000062],[88.62127214000003,26.12636257400004],[88.62197199500008,26.130643537000026],[88.61322568700007,26.13489482600005],[88.60752873200005,26.14012979200004],[88.59827107000007,26.14385776200004],[88.58792618700005,26.14341027000006],[88.58601371000003,26.141239446000043],[88.58516273100008,26.150428419000036],[88.58161942400005,26.14828100300008],[88.57787027600006,26.151675813000054],[88.57730856800003,26.14973939500004],[88.57267318000004,26.149626386000023],[88.57317230100006,26.151176251000038],[88.57092266800004,26.151727787000027],[88.57115570700006,26.154871848000028],[88.56904124200008,26.15866066700005],[88.56684296000003,26.156762109000056],[88.56583228900007,26.16424979100003],[88.55950289300006,26.165631074000032],[88.55971850400005,26.170779735000053],[88.56321640200008,26.17103982900005],[88.56407744300003,26.172188766000033],[88.56246443200007,26.172852585000044],[88.56395113600007,26.17499464200006],[88.56239879400005,26.175832849000074],[88.56069656200003,26.17354812600007],[88.55737067200005,26.173659839000038],[88.55634720400008,26.17973554100007],[88.55302276800006,26.177690050000024],[88.54874701000006,26.177891313000032],[88.54461687200006,26.181370491000052],[88.54810776100004,26.184538443000065],[88.54706464000003,26.187663421000025],[88.54815857100004,26.189066455000045],[88.54659642000007,26.189537061000067],[88.54184306000008,26.185191118000034],[88.53663274500008,26.183887292000065],[88.53734796300006,26.179546505000076],[88.53422598200007,26.178541420000045],[88.53030540900005,26.182827479000025],[88.52645680100005,26.18007750000004],[88.52206551800003,26.18028242500003],[88.51909908000005,26.190008771000066],[88.52055202600008,26.193635984000025],[88.51666671700008,26.200981297000055],[88.51311198600007,26.19856350500004],[88.51301709700004,26.201454245000036],[88.50870480400005,26.199470310000038],[88.50615550300006,26.201746505000074],[88.50221108000005,26.201425054000026],[88.50372839800008,26.202994191000073],[88.49873153400006,26.203482088000044],[88.49710907200006,26.201752687000067],[88.48841312700006,26.203413497000042],[88.48314254700006,26.201972244000046],[88.48179958500003,26.20373992100008],[88.48056635800003,26.20227963900004],[88.47749787600009,26.203816318000065],[88.46857381200005,26.201538550000066],[88.47334098200008,26.197609705000048],[88.46689115800007,26.198305634000064],[88.46609173300004,26.193923192000057],[88.45986362900004,26.193086467000057],[88.45730939000003,26.19380444500007],[88.45929500700004,26.19711180300004],[88.45251087700007,26.19849242500004],[88.44844882600006,26.195957031000034],[88.44671604700005,26.19761070000004],[88.44328474300005,26.196943925000028],[88.43900064800005,26.199050017000047],[88.43324005000005,26.195570993000047],[88.43491737600004,26.198825089000024],[88.43095898200005,26.19994708400003],[88.43177356600006,26.201304466000067],[88.42760823700007,26.20227176900005],[88.42091402400007,26.201022014000046],[88.41691668400006,26.204037846000062],[88.41310657800005,26.202894490000062],[88.40885813700004,26.203773433000038],[88.41174681700005,26.20153719600006],[88.41009524300006,26.200530995000065],[88.41070039000004,26.199330813000074],[88.41544579300006,26.197787552000023],[88.40816918500008,26.195128711000052],[88.40463738200003,26.194839630000047],[88.40091726500003,26.199524229000076],[88.39935627800008,26.19842017700006],[88.39157933500007,26.201432104000048],[88.38560501000006,26.201169942000035],[88.38509984700005,26.192633301000058],[88.38738812900004,26.191340960000048],[88.38413950900008,26.18230353200005],[88.37584823700007,26.18439765100004],[88.37015691800008,26.17900878300003],[88.36892350000005,26.18010800600007]]]}}]}