{"type":"FeatureCollection","metadata":{"source":"User-provided bd_district_map(1).html","boundary_provenance":"Not independently verified","reconciliation":"Boundaries with verified parent P-code, exact or uniquely matched canonical SQL taxonomy; unmapped source features are non-filterable references","source_total":498,"excluded_invalid_parent_records":2,"matched_geometry_total":492,"canonical_taxonomy_at_validation":601,"division":"rangpur"},"features":[{"type":"Feature","properties":{"district_id":"dinajpur","upazila_id":"dinajpur-birol","source_name":"Biral","source_pcode":"552717","match_method":"unique-near"},"geometry":{"type":"Polygon","coordinates":[[[88.53103,25.7651],[88.53466,25.76323],[88.53698,25.76307],[88.54279,25.76531],[88.55656,25.76256],[88.56213,25.76053],[88.58424,25.7469],[88.59119,25.74812],[88.59112,25.74704],[88.59338,25.74607],[88.59876,25.74769],[88.60113,25.7469],[88.60282,25.74417],[88.61183,25.7398],[88.61784,25.73993],[88.6199,25.74073],[88.62177,25.74382],[88.62721,25.74172],[88.63235,25.74179],[88.6361,25.73901],[88.64617,25.73886],[88.6455,25.72803],[88.64438,25.72654],[88.63937,25.72452],[88.6384,25.71722],[88.63272,25.70968],[88.62918,25.69831],[88.62925,25.69718],[88.63219,25.69559],[88.6347,25.69092],[88.63483,25.68675],[88.63315,25.68606],[88.6319,25.68298],[88.63416,25.68002],[88.63411,25.67745],[88.63336,25.67591],[88.63199,25.67545],[88.62717,25.67629],[88.62599,25.67389],[88.62618,25.6711],[88.62907,25.66763],[88.63263,25.6665],[88.63389,25.66438],[88.63364,25.65794],[88.63147,25.65486],[88.6256,25.6541],[88.62379,25.65204],[88.62398,25.64942],[88.62823,25.64806],[88.63067,25.64835],[88.63062,25.64607],[88.62663,25.64013],[88.62401,25.6383],[88.6207,25.63441],[88.62021,25.6323],[88.62085,25.62631],[88.62618,25.61451],[88.62127,25.6056],[88.61891,25.59841],[88.61605,25.5931],[88.61501,25.58699],[88.60926,25.58726],[88.607,25.58851],[88.60576,25.58725],[88.6044,25.58068],[88.60661,25.57106],[88.60463,25.56454],[88.60326,25.56311],[88.60126,25.56293],[88.59831,25.56544],[88.59082,25.56656],[88.58945,25.56507],[88.58847,25.55896],[88.5888,25.55343],[88.58936,25.55058],[88.59312,25.54597],[88.5937,25.54095],[88.58998,25.53],[88.58469,25.5229],[88.58309,25.51308],[88.5801,25.50994],[88.57273,25.51209],[88.57117,25.51168],[88.57018,25.51002],[88.55963,25.51135],[88.55737,25.51274],[88.55669,25.51568],[88.55505,25.51756],[88.55331,25.51772],[88.55144,25.51607],[88.54778,25.50795],[88.54541,25.50618],[88.54292,25.50662],[88.54179,25.50845],[88.54134,25.51375],[88.54195,25.51637],[88.53963,25.51888],[88.54091,25.53086],[88.5361,25.53062],[88.53429,25.53147],[88.53371,25.54008],[88.5312,25.54149],[88.52991,25.54116],[88.52623,25.53298],[88.5233,25.53308],[88.52136,25.53456],[88.52165,25.54136],[88.5199,25.54369],[88.51527,25.544],[88.51041,25.54228],[88.50759,25.54541],[88.50259,25.54824],[88.5007,25.55109],[88.49902,25.55587],[88.49663,25.55775],[88.49587,25.55951],[88.4963,25.56202],[88.5002,25.57333],[88.50074,25.57847],[88.50005,25.58126],[88.47731,25.58175],[88.47256,25.58105],[88.47075,25.58275],[88.47012,25.58646],[88.46404,25.59026],[88.45847,25.59628],[88.4511,25.59477],[88.44735,25.5955],[88.4464,25.59698],[88.44702,25.59909],[88.44908,25.60029],[88.45057,25.60252],[88.44835,25.61312],[88.45021,25.6157],[88.4505,25.62055],[88.45193,25.62267],[88.45754,25.62543],[88.45816,25.62788],[88.45727,25.63382],[88.45809,25.64614],[88.45768,25.6564],[88.45673,25.6605],[88.45428,25.66243],[88.45684,25.66467],[88.45757,25.66958],[88.45913,25.67015],[88.46382,25.66954],[88.46493,25.67365],[88.46636,25.67537],[88.47467,25.67632],[88.47604,25.67758],[88.47472,25.68003],[88.47547,25.68111],[88.47828,25.68163],[88.48029,25.67987],[88.48129,25.67765],[88.48292,25.67766],[88.48428,25.67926],[88.48228,25.68285],[88.48389,25.68371],[88.48647,25.68241],[88.48752,25.68549],[88.49101,25.6883],[88.49094,25.68938],[88.48806,25.69148],[88.48648,25.69627],[88.48657,25.70637],[88.48544,25.70893],[88.48536,25.71258],[88.48829,25.71738],[88.49197,25.71945],[88.50046,25.72175],[88.50057,25.72689],[88.49956,25.72957],[88.5003,25.73442],[88.49803,25.73772],[88.49928,25.74052],[88.50058,25.74218],[88.50596,25.74174],[88.50876,25.74295],[88.5104,25.74261],[88.51109,25.74079],[88.5124,25.74],[88.5144,25.74115],[88.5207,25.74847],[88.52194,25.75229],[88.52297,25.76251],[88.52453,25.76491],[88.52584,25.76526],[88.53103,25.7651]]]}},{"type":"Feature","properties":{"district_id":"dinajpur","upazila_id":"dinajpur-birampur","source_name":"Birampur","source_pcode":"552710","match_method":"exact"},"geometry":{"type":"Polygon","coordinates":[[[88.98533,25.49017],[88.99274,25.48418],[88.99648,25.48247],[89.00753,25.48036],[89.01077,25.47751],[89.01997,25.45013],[89.02172,25.44625],[89.02558,25.44403],[89.02615,25.44192],[89.02507,25.43403],[89.02737,25.42845],[89.02718,25.42263],[89.02074,25.41197],[89.02068,25.40974],[89.015,25.4021],[89.014,25.39976],[89.01486,25.39765],[89.01929,25.39702],[89.0294,25.39902],[89.03407,25.39913],[89.04411,25.40204],[89.04842,25.40227],[89.05945,25.40152],[89.064,25.40032],[89.06631,25.39798],[89.06643,25.39291],[89.06442,25.38829],[89.06417,25.38344],[89.06304,25.38099],[89.05692,25.37426],[89.05348,25.36758],[89.04469,25.35857],[89.0418,25.34962],[89.03856,25.34534],[89.03687,25.33884],[89.0379,25.3296],[89.03591,25.32777],[89.03187,25.3264],[89.02881,25.3268],[89.02532,25.32852],[89.01704,25.32846],[89.00682,25.3305],[89.00072,25.33542],[88.99392,25.3345],[88.98694,25.33576],[88.98357,25.33558],[88.98303,25.33477],[88.96906,25.33177],[88.96692,25.32881],[88.96801,25.32783],[88.96803,25.32488],[88.97023,25.32097],[88.96593,25.31798],[88.96268,25.31797],[88.95834,25.3199],[88.9551,25.31989],[88.95401,25.32085],[88.94537,25.31981],[88.93887,25.32076],[88.93457,25.31875],[88.9324,25.31874],[88.91587,25.31392],[88.90979,25.32431],[88.90936,25.33099],[88.90818,25.33372],[88.90649,25.33555],[88.90505,25.33595],[88.89913,25.33429],[88.89347,25.33422],[88.89122,25.33325],[88.88941,25.33103],[88.89066,25.3235],[88.88954,25.32235],[88.88717,25.32321],[88.88256,25.32714],[88.87863,25.33273],[88.87222,25.33825],[88.87103,25.34059],[88.87176,25.34807],[88.86095,25.35231],[88.85943,25.35364],[88.85875,25.35758],[88.85681,25.35912],[88.84995,25.35928],[88.84366,25.36241],[88.8421,25.37159],[88.84347,25.37895],[88.84097,25.38328],[88.84932,25.38888],[88.85213,25.38877],[88.85699,25.38678],[88.86198,25.38747],[88.86872,25.38662],[88.87389,25.38891],[88.88025,25.38783],[88.88168,25.39297],[88.88367,25.39554],[88.88548,25.39628],[88.89708,25.39663],[88.90862,25.39995],[88.91959,25.39944],[88.92764,25.40219],[88.93094,25.40191],[88.93554,25.3958],[88.93867,25.39347],[88.93935,25.39227],[88.93792,25.38918],[88.9411,25.38417],[88.94415,25.3828],[88.94877,25.39359],[88.95084,25.39633],[88.95432,25.39872],[88.95513,25.40169],[88.95914,25.40118],[88.96106,25.4022],[88.96312,25.40386],[88.96368,25.40626],[88.96581,25.40876],[88.96736,25.40934],[88.97153,25.40866],[88.97385,25.40979],[88.97366,25.41151],[88.97142,25.41401],[88.97304,25.41573],[88.98065,25.41898],[88.98183,25.42024],[88.9799,25.42349],[88.98129,25.43746],[88.97922,25.44231],[88.98011,25.44391],[88.98329,25.44568],[88.98579,25.44556],[88.98704,25.44642],[88.98829,25.45075],[88.98642,25.45264],[88.98754,25.45754],[88.98624,25.46079],[88.98431,25.46273],[88.98119,25.46484],[88.97258,25.46786],[88.97059,25.46997],[88.97208,25.4726],[88.97552,25.4754],[88.97502,25.47693],[88.9729,25.47676],[88.97159,25.47824],[88.97221,25.47922],[88.98108,25.48287],[88.98257,25.4876],[88.98533,25.49017]]]}},{"type":"Feature","properties":{"district_id":"dinajpur","upazila_id":"dinajpur-birganj","source_name":"Birganj","source_pcode":"552712","match_method":"exact"},"geometry":{"type":"Polygon","coordinates":[[[88.71544,26.00775],[88.71532,25.99942],[88.7137,25.99742],[88.70663,25.99393],[88.70562,25.9917],[88.70757,25.99062],[88.71246,25.99023],[88.71902,25.99195],[88.72222,25.99122],[88.72336,25.98967],[88.72405,25.98615],[88.72462,25.9801],[88.72151,25.96692],[88.72102,25.96606],[88.71387,25.96462],[88.71099,25.96279],[88.715,25.96154],[88.71902,25.95625],[88.71809,25.94797],[88.72055,25.9388],[88.72037,25.93731],[88.71648,25.93354],[88.71625,25.92681],[88.71963,25.9246],[88.72727,25.92232],[88.73055,25.91583],[88.73143,25.90596],[88.73081,25.90008],[88.72975,25.89563],[88.72501,25.88461],[88.72321,25.87708],[88.72384,25.87337],[88.72842,25.86443],[88.72749,25.85724],[88.72806,25.85405],[88.73144,25.8504],[88.73558,25.84271],[88.73309,25.83255],[88.73347,25.8277],[88.7286,25.82228],[88.7234,25.82238],[88.71858,25.82699],[88.71538,25.82755],[88.71326,25.82686],[88.71214,25.82452],[88.71015,25.82292],[88.70708,25.82286],[88.70125,25.82507],[88.69917,25.82923],[88.6981,25.83379],[88.69397,25.83544],[88.69279,25.83445],[88.69199,25.82863],[88.68817,25.82687],[88.68835,25.82544],[88.69224,25.82494],[88.6955,25.82352],[88.6975,25.82124],[88.69788,25.81874],[88.69188,25.81296],[88.69126,25.8105],[88.69001,25.80907],[88.68901,25.80913],[88.68732,25.81312],[88.68587,25.81448],[88.68349,25.81533],[88.67768,25.81481],[88.67629,25.81743],[88.67716,25.82176],[88.67666,25.82678],[88.67539,25.82895],[88.67113,25.83202],[88.67081,25.83647],[88.66856,25.8396],[88.6668,25.83994],[88.66149,25.83815],[88.65668,25.83318],[88.64812,25.83236],[88.64674,25.82933],[88.64461,25.82807],[88.64035,25.82926],[88.63733,25.83119],[88.6329,25.83106],[88.62902,25.8322],[88.62646,25.83168],[88.62345,25.82996],[88.61908,25.82464],[88.61708,25.82384],[88.61257,25.82622],[88.60693,25.8274],[88.60222,25.83902],[88.59882,25.84438],[88.59168,25.84721],[88.58052,25.85488],[88.57721,25.85602],[88.57476,25.85583],[88.57333,25.8544],[88.57125,25.85553],[88.57125,25.85713],[88.56817,25.8582],[88.56554,25.86225],[88.56508,25.86943],[88.56294,25.87615],[88.56118,25.87792],[88.55479,25.87904],[88.55321,25.8832],[88.55171,25.88359],[88.54921,25.88199],[88.54464,25.88083],[88.54058,25.8778],[88.53777,25.87721],[88.52254,25.88121],[88.52036,25.88012],[88.51735,25.87668],[88.51379,25.87696],[88.51015,25.8818],[88.50575,25.88389],[88.50405,25.88833],[88.50384,25.89564],[88.50252,25.89843],[88.498,25.89904],[88.49686,25.90137],[88.49705,25.90394],[88.50143,25.90436],[88.50948,25.91164],[88.51123,25.91409],[88.51054,25.9158],[88.50584,25.91378],[88.50446,25.91429],[88.50532,25.922],[88.50444,25.92325],[88.49905,25.92358],[88.49673,25.9255],[88.49803,25.92693],[88.49979,25.92745],[88.51094,25.92612],[88.5116,25.9348],[88.51522,25.93977],[88.51866,25.94178],[88.5211,25.94447],[88.52421,25.95001],[88.52664,25.95196],[88.53661,25.95154],[88.53867,25.95241],[88.54097,25.95817],[88.54089,25.96302],[88.53335,25.97383],[88.53226,25.97753],[88.53212,25.98512],[88.5338,25.99003],[88.53535,25.99203],[88.53698,25.99323],[88.54306,25.99508],[88.5423,25.99896],[88.5463,26.00194],[88.54623,26.00422],[88.54447,26.00512],[88.54446,26.007],[88.54864,26.0166],[88.55083,26.01752],[88.55477,26.01731],[88.55816,26.01954],[88.55909,26.02303],[88.55782,26.02696],[88.55844,26.0281],[88.56879,26.02557],[88.57513,26.02182],[88.57934,26.02075],[88.59219,26.02073],[88.5947,26.02193],[88.597,26.02616],[88.59925,26.02839],[88.60157,26.03017],[88.60852,26.0331],[88.6112,26.03898],[88.61125,26.04366],[88.6103,26.04742],[88.61167,26.05256],[88.61336,26.05456],[88.61937,26.05708],[88.6215,26.05966],[88.62564,26.0584],[88.63619,26.04863],[88.64611,26.04415],[88.661,26.02451],[88.66478,26.01841],[88.66779,26.01608],[88.67713,26.01428],[88.69217,26.01604],[88.69996,26.01439],[88.70121,26.01131],[88.70402,26.00852],[88.7103,26.00614],[88.71544,26.00775]]]}},{"type":"Feature","properties":{"district_id":"dinajpur","upazila_id":"dinajpur-bochaganj","source_name":"Bochaganj","source_pcode":"552721","match_method":"exact"},"geometry":{"type":"Polygon","coordinates":[[[88.51379,25.87696],[88.51305,25.87434],[88.50847,25.87341],[88.50655,25.87192],[88.50605,25.87042],[88.507,25.86599],[88.50501,25.86136],[88.50502,25.85868],[88.50917,25.85299],[88.50957,25.84512],[88.51083,25.84221],[88.5166,25.83944],[88.51732,25.83071],[88.51614,25.82769],[88.50594,25.82531],[88.5059,25.81931],[88.50715,25.81898],[88.51302,25.82226],[88.51566,25.82198],[88.50961,25.81386],[88.50974,25.8126],[88.51193,25.81203],[88.51289,25.80817],[88.51176,25.80594],[88.50907,25.80598],[88.50826,25.80524],[88.50639,25.80221],[88.5069,25.80005],[88.51254,25.79865],[88.51279,25.79607],[88.51192,25.79482],[88.50704,25.79388],[88.50605,25.79114],[88.51028,25.77752],[88.51555,25.77526],[88.52182,25.77129],[88.52363,25.77164],[88.52588,25.77353],[88.52926,25.77234],[88.53103,25.7651],[88.52453,25.76491],[88.52297,25.76251],[88.52194,25.75229],[88.5207,25.74847],[88.51347,25.74029],[88.5124,25.74],[88.51109,25.74079],[88.5104,25.74261],[88.50876,25.74295],[88.50596,25.74174],[88.50058,25.74218],[88.49928,25.74052],[88.49803,25.73772],[88.5003,25.73442],[88.49956,25.72957],[88.50057,25.72689],[88.50046,25.72175],[88.49197,25.71945],[88.48829,25.71738],[88.48536,25.71258],[88.48544,25.70893],[88.48657,25.70637],[88.48648,25.69627],[88.48806,25.69148],[88.49094,25.68938],[88.49101,25.6883],[88.48752,25.68549],[88.48647,25.68241],[88.48389,25.68371],[88.48228,25.68285],[88.48428,25.67926],[88.48292,25.67766],[88.48129,25.67765],[88.48029,25.67987],[88.47828,25.68163],[88.47547,25.68111],[88.47472,25.68003],[88.47604,25.67758],[88.47467,25.67632],[88.46636,25.67537],[88.46493,25.67365],[88.46382,25.66954],[88.45913,25.67015],[88.45757,25.66958],[88.45684,25.66467],[88.45428,25.66243],[88.45178,25.66351],[88.44309,25.66467],[88.42878,25.6649],[88.42951,25.66969],[88.4312,25.67073],[88.43408,25.66988],[88.43569,25.67086],[88.43262,25.6749],[88.43417,25.67901],[88.43266,25.68083],[88.42971,25.68207],[88.42915,25.68395],[88.42963,25.68675],[88.432,25.6891],[88.43513,25.6882],[88.43901,25.68548],[88.44115,25.68258],[88.4429,25.68298],[88.44395,25.68732],[88.44243,25.69085],[88.44093,25.69239],[88.43629,25.69294],[88.43523,25.69459],[88.43576,25.70138],[88.44082,25.70488],[88.43949,25.70761],[88.43835,25.70816],[88.42787,25.70682],[88.4248,25.7071],[88.42386,25.70881],[88.42416,25.71166],[88.4264,25.71378],[88.43327,25.71489],[88.4349,25.71638],[88.43545,25.7186],[88.43338,25.71945],[88.43231,25.72116],[88.43367,25.7263],[88.43235,25.72743],[88.42342,25.72443],[88.42017,25.72425],[88.41835,25.72675],[88.4165,25.73455],[88.41512,25.735],[88.41324,25.73369],[88.40935,25.72591],[88.40643,25.72293],[88.40485,25.72367],[88.40071,25.72764],[88.39911,25.73756],[88.39458,25.74388],[88.38731,25.74698],[88.3841,25.7517],[88.38377,25.75541],[88.38551,25.75804],[88.38714,25.75827],[88.39478,25.75637],[88.39497,25.75723],[88.3922,25.75915],[88.39157,25.76063],[88.3925,25.76206],[88.39625,25.76254],[88.397,25.76419],[88.38928,25.76889],[88.38702,25.77155],[88.38988,25.7774],[88.39475,25.77856],[88.39543,25.77936],[88.39487,25.78067],[88.38903,25.78441],[88.38626,25.78833],[88.38232,25.79031],[88.38379,25.79545],[88.38746,25.80037],[88.39159,25.80119],[88.39089,25.80296],[88.39406,25.80793],[88.39449,25.81033],[88.39418,25.81198],[88.39067,25.81208],[88.38703,25.81326],[88.3857,25.81668],[88.38493,25.82352],[88.38955,25.82491],[88.39055,25.82588],[88.39071,25.83216],[88.38952,25.83484],[88.38572,25.83893],[88.38647,25.84104],[88.39411,25.84182],[88.3981,25.84429],[88.40298,25.84368],[88.40435,25.84676],[88.40538,25.8543],[88.4018,25.85822],[88.40015,25.86443],[88.40076,25.86654],[88.40295,25.86752],[88.41261,25.86505],[88.41324,25.86152],[88.41431,25.86032],[88.41695,25.85966],[88.42378,25.8554],[88.4256,25.85598],[88.42684,25.85861],[88.42244,25.8631],[88.42287,25.86435],[88.428,25.86546],[88.42987,25.8674],[88.43319,25.86525],[88.43564,25.86555],[88.44351,25.86957],[88.44527,25.86946],[88.44559,25.86456],[88.44704,25.86251],[88.44893,25.86126],[88.45644,25.85906],[88.46107,25.85949],[88.46201,25.86086],[88.46349,25.86576],[88.4626,25.86794],[88.46349,25.87039],[88.46579,25.87068],[88.46844,25.8695],[88.46925,25.86813],[88.46908,25.86237],[88.47034,25.86089],[88.47684,25.86091],[88.48366,25.86448],[88.48566,25.8658],[88.48594,25.87469],[88.48435,25.88068],[88.48426,25.88849],[88.48153,25.89533],[88.48203,25.89927],[88.48335,25.90133],[88.4859,25.90265],[88.49705,25.90394],[88.49686,25.90137],[88.498,25.89904],[88.50252,25.89843],[88.50384,25.89564],[88.50405,25.88833],[88.50575,25.88389],[88.51015,25.8818],[88.51222,25.87873],[88.51379,25.87696]]]}},{"type":"Feature","properties":{"district_id":"dinajpur","upazila_id":"dinajpur-chirirbandar","source_name":"Chirirbandar","source_pcode":"552730","match_method":"exact"},"geometry":{"type":"Polygon","coordinates":[[[88.85757,25.78094],[88.85733,25.77433],[88.85614,25.76868],[88.8569,25.76435],[88.86384,25.7546],[88.87316,25.75176],[88.87516,25.74976],[88.87691,25.74064],[88.87479,25.73704],[88.86672,25.73008],[88.8641,25.72905],[88.85647,25.72881],[88.85003,25.72589],[88.84615,25.72127],[88.83791,25.70825],[88.83827,25.70363],[88.84266,25.69748],[88.84373,25.69467],[88.8436,25.69234],[88.84142,25.6912],[88.83491,25.69142],[88.83122,25.68999],[88.83135,25.68777],[88.83554,25.68093],[88.83548,25.67904],[88.83035,25.6751],[88.83036,25.67213],[88.82936,25.67002],[88.8263,25.66808],[88.82586,25.66283],[88.82455,25.65901],[88.82274,25.65621],[88.82062,25.65529],[88.81856,25.6529],[88.81912,25.64993],[88.82169,25.64857],[88.82112,25.64708],[88.81818,25.64485],[88.81774,25.64234],[88.81844,25.63657],[88.8255,25.63528],[88.8252,25.6294],[88.81969,25.62706],[88.81902,25.62243],[88.81927,25.61257],[88.82058,25.60989],[88.82333,25.60858],[88.82783,25.60482],[88.82933,25.59838],[88.82921,25.59449],[88.82497,25.58805],[88.82491,25.58514],[88.83041,25.57647],[88.83279,25.56233],[88.83341,25.5536],[88.83479,25.54951],[88.8391,25.54267],[88.84079,25.53468],[88.84209,25.53428],[88.84528,25.53559],[88.84673,25.53531],[88.85021,25.53212],[88.85009,25.5295],[88.84591,25.52989],[88.84235,25.5316],[88.83948,25.5304],[88.83761,25.52714],[88.83143,25.52668],[88.82468,25.5273],[88.82281,25.52906],[88.82206,25.53106],[88.82,25.53134],[88.80682,25.52739],[88.80546,25.52636],[88.80459,25.52128],[88.79741,25.52151],[88.79192,25.51812],[88.78562,25.51275],[88.78013,25.51303],[88.77763,25.51508],[88.77295,25.51615],[88.76901,25.52031],[88.76558,25.5223],[88.76286,25.52132],[88.76215,25.51921],[88.76115,25.52127],[88.76345,25.52772],[88.76363,25.53393],[88.76144,25.54283],[88.75919,25.54374],[88.75462,25.54966],[88.74375,25.55957],[88.74599,25.56185],[88.74606,25.56317],[88.73981,25.566],[88.7403,25.56852],[88.74155,25.57006],[88.74667,25.5731],[88.74654,25.57811],[88.74329,25.58084],[88.73885,25.57844],[88.73386,25.57803],[88.73086,25.57951],[88.72629,25.58657],[88.72454,25.58776],[88.71754,25.58798],[88.71104,25.58939],[88.70868,25.59035],[88.70524,25.59417],[88.70593,25.59965],[88.70766,25.60483],[88.70477,25.60745],[88.70208,25.61293],[88.70201,25.61641],[88.70338,25.61887],[88.70819,25.62332],[88.70924,25.62887],[88.71217,25.63326],[88.71391,25.64085],[88.71053,25.64934],[88.71133,25.65145],[88.71507,25.65448],[88.71663,25.66093],[88.72462,25.66723],[88.72912,25.6686],[88.73167,25.67101],[88.73198,25.67352],[88.73072,25.68207],[88.72815,25.69039],[88.72896,25.69279],[88.73233,25.69753],[88.73502,25.69999],[88.735,25.7106],[88.73575,25.7126],[88.73743,25.7134],[88.74244,25.71369],[88.74474,25.71609],[88.74487,25.71763],[88.74142,25.72151],[88.7408,25.72527],[88.7436,25.73788],[88.74259,25.74107],[88.73564,25.74602],[88.73588,25.75726],[88.73849,25.76947],[88.73749,25.77273],[88.73535,25.775],[88.72803,25.77899],[88.72277,25.78382],[88.73434,25.78498],[88.73878,25.78653],[88.7436,25.78454],[88.74948,25.78496],[88.74986,25.78296],[88.74892,25.78056],[88.75099,25.77936],[88.76056,25.77955],[88.7715,25.78294],[88.77275,25.78288],[88.77413,25.78049],[88.77626,25.77941],[88.77982,25.78181],[88.78051,25.78381],[88.77957,25.78758],[88.78188,25.78815],[88.78632,25.78735],[88.7892,25.7877],[88.79495,25.79342],[88.79871,25.79439],[88.80277,25.79434],[88.80496,25.79565],[88.80696,25.79583],[88.81235,25.79144],[88.8196,25.79088],[88.8231,25.79186],[88.82479,25.79339],[88.82562,25.79608],[88.83172,25.80037],[88.83343,25.80054],[88.8353,25.803],[88.83929,25.80232],[88.84193,25.80569],[88.84493,25.80724],[88.84097,25.80111],[88.84229,25.79653],[88.84318,25.79455],[88.84929,25.79075],[88.8515,25.78394],[88.85611,25.78211],[88.85757,25.78094]]]}},{"type":"Feature","properties":{"district_id":"dinajpur","upazila_id":"dinajpur-dinajpur-sadar","source_name":"Dinajpur S.","source_pcode":"552764","match_method":"exact"},"geometry":{"type":"Polygon","coordinates":[[[88.72277,25.78382],[88.72803,25.77899],[88.73535,25.775],[88.73749,25.77273],[88.73849,25.76947],[88.73588,25.75726],[88.73564,25.74602],[88.74259,25.74107],[88.7436,25.73788],[88.7408,25.72527],[88.74142,25.72151],[88.74487,25.71763],[88.74474,25.71609],[88.74244,25.71369],[88.73743,25.7134],[88.73575,25.7126],[88.735,25.7106],[88.73502,25.69999],[88.73233,25.69753],[88.72896,25.69279],[88.72815,25.69039],[88.73072,25.68207],[88.73198,25.67352],[88.73167,25.67101],[88.72912,25.6686],[88.72462,25.66723],[88.71663,25.66093],[88.71507,25.65448],[88.71133,25.65145],[88.71053,25.64934],[88.71391,25.64085],[88.71217,25.63326],[88.70924,25.62887],[88.70819,25.62332],[88.70338,25.61887],[88.70201,25.61641],[88.70208,25.61293],[88.70477,25.60745],[88.70766,25.60483],[88.70593,25.59965],[88.70524,25.59417],[88.70868,25.59035],[88.71104,25.58939],[88.71754,25.58798],[88.72454,25.58776],[88.72629,25.58657],[88.73086,25.57951],[88.73386,25.57803],[88.73885,25.57844],[88.74329,25.58084],[88.74654,25.57811],[88.74667,25.5731],[88.74155,25.57006],[88.7403,25.56852],[88.73981,25.566],[88.74606,25.56317],[88.74599,25.56185],[88.74375,25.55957],[88.75462,25.54966],[88.75919,25.54374],[88.76144,25.54283],[88.76363,25.53393],[88.76345,25.52772],[88.76115,25.52127],[88.76215,25.51921],[88.7619,25.51277],[88.76278,25.50838],[88.77277,25.49915],[88.77103,25.49464],[88.7691,25.4923],[88.76112,25.49046],[88.75381,25.49227],[88.75057,25.49193],[88.7449,25.48598],[88.74191,25.48683],[88.74483,25.49477],[88.74113,25.50121],[88.73882,25.50217],[88.73396,25.50101],[88.73016,25.50141],[88.72591,25.50072],[88.71656,25.49511],[88.71481,25.49477],[88.71112,25.49704],[88.71025,25.49612],[88.70926,25.4919],[88.71009,25.4793],[88.70704,25.47518],[88.70019,25.47026],[88.69482,25.46996],[88.68327,25.47205],[88.67747,25.47004],[88.66973,25.47156],[88.66505,25.4707],[88.66348,25.4768],[88.66193,25.47884],[88.65974,25.47975],[88.65194,25.477],[88.64982,25.477],[88.64776,25.47835],[88.64645,25.48035],[88.64512,25.48924],[88.64561,25.49004],[88.64948,25.49034],[88.65073,25.49154],[88.64796,25.49495],[88.64367,25.49677],[88.63761,25.49675],[88.63231,25.49485],[88.62457,25.49529],[88.62264,25.49882],[88.61394,25.5057],[88.61182,25.50569],[88.61007,25.50666],[88.61037,25.50887],[88.60943,25.51316],[88.60637,25.51355],[88.60287,25.5116],[88.59802,25.50394],[88.5916,25.50558],[88.57806,25.50548],[88.57337,25.50649],[88.57018,25.51002],[88.57117,25.51168],[88.57273,25.51209],[88.5801,25.50994],[88.58309,25.51308],[88.58469,25.5229],[88.58998,25.53],[88.5937,25.54095],[88.59312,25.54597],[88.58936,25.55058],[88.5888,25.55343],[88.58847,25.55896],[88.58945,25.56507],[88.59082,25.56656],[88.59831,25.56544],[88.60126,25.56293],[88.60326,25.56311],[88.60463,25.56454],[88.60661,25.57106],[88.6044,25.58068],[88.60576,25.58725],[88.607,25.58851],[88.60926,25.58726],[88.61501,25.58699],[88.61605,25.5931],[88.61891,25.59841],[88.62127,25.6056],[88.62563,25.61274],[88.62618,25.61451],[88.62085,25.62631],[88.62021,25.6323],[88.6207,25.63441],[88.62401,25.6383],[88.62663,25.64013],[88.63062,25.64607],[88.63067,25.64835],[88.62823,25.64806],[88.62398,25.64942],[88.62379,25.65204],[88.6256,25.6541],[88.63147,25.65486],[88.63309,25.65646],[88.63389,25.66438],[88.63263,25.6665],[88.62782,25.66865],[88.62618,25.6711],[88.62599,25.67389],[88.62717,25.67629],[88.63199,25.67545],[88.63336,25.67591],[88.63416,25.68002],[88.6319,25.68298],[88.63315,25.68606],[88.63503,25.68744],[88.63358,25.69348],[88.63219,25.69559],[88.62925,25.69718],[88.62918,25.69831],[88.63272,25.70968],[88.6384,25.71722],[88.63937,25.72452],[88.64438,25.72654],[88.6455,25.72803],[88.64617,25.73886],[88.65167,25.73814],[88.65523,25.74055],[88.65879,25.74454],[88.66121,25.7458],[88.66516,25.74615],[88.67317,25.74475],[88.67536,25.74492],[88.67799,25.7463],[88.68141,25.75241],[88.68935,25.75996],[88.69472,25.76008],[88.69853,25.76255],[88.70034,25.76586],[88.70133,25.7702],[88.70358,25.77317],[88.70439,25.77574],[88.70294,25.78201],[88.70631,25.78561],[88.70888,25.78607],[88.71013,25.78716],[88.71069,25.79138],[88.71669,25.78985],[88.72002,25.78644],[88.72277,25.78382]]]}},{"type":"Feature","properties":{"district_id":"dinajpur","upazila_id":"dinajpur-ghoraghat","source_name":"Ghoraghat","source_pcode":"552743","match_method":"exact"},"geometry":{"type":"Polygon","coordinates":[[[89.28706,25.30198],[89.28143,25.30061],[89.27708,25.30092],[89.27013,25.30329],[89.26829,25.30244],[89.26833,25.30097],[89.27006,25.29794],[89.27459,25.29642],[89.27353,25.29443],[89.27039,25.29264],[89.25957,25.29028],[89.25791,25.28909],[89.25769,25.2875],[89.26434,25.28539],[89.26557,25.28373],[89.26527,25.28116],[89.27136,25.27802],[89.27513,25.27234],[89.27645,25.26919],[89.27608,25.26607],[89.27757,25.26446],[89.28449,25.26176],[89.28973,25.25857],[89.29164,25.25532],[89.29302,25.24789],[89.29527,25.24199],[89.30457,25.22878],[89.29667,25.22597],[89.29044,25.22784],[89.28427,25.233],[89.27309,25.23531],[89.27082,25.2351],[89.27036,25.23398],[89.27167,25.23207],[89.275,25.23052],[89.27535,25.2283],[89.2737,25.22758],[89.26885,25.22881],[89.26129,25.22934],[89.25285,25.22823],[89.24128,25.23075],[89.23543,25.23388],[89.23112,25.23478],[89.21801,25.23345],[89.20593,25.23119],[89.20509,25.23509],[89.20637,25.23696],[89.20557,25.23919],[89.19781,25.2403],[89.19608,25.24231],[89.19701,25.2479],[89.19616,25.24967],[89.19386,25.25084],[89.19228,25.25114],[89.19096,25.25006],[89.18915,25.24563],[89.18265,25.24193],[89.17664,25.24369],[89.1729,25.24647],[89.16952,25.24701],[89.16879,25.24925],[89.16592,25.25036],[89.16618,25.25178],[89.16406,25.253],[89.1603,25.25349],[89.15994,25.25464],[89.16352,25.2554],[89.16286,25.25718],[89.15985,25.25766],[89.15635,25.25947],[89.15506,25.26153],[89.1487,25.26093],[89.14494,25.25721],[89.14421,25.26075],[89.14583,25.26377],[89.14552,25.26503],[89.14235,25.26845],[89.14279,25.27022],[89.1469,25.27295],[89.1385,25.27496],[89.14137,25.27712],[89.14827,25.27792],[89.15078,25.27917],[89.15041,25.28065],[89.14699,25.28139],[89.14687,25.28254],[89.14893,25.2859],[89.14713,25.29058],[89.1472,25.29258],[89.149,25.29389],[89.15031,25.29794],[89.14952,25.29965],[89.14709,25.30045],[89.1436,25.29943],[89.14185,25.30068],[89.15215,25.30769],[89.15304,25.31271],[89.16302,25.31806],[89.16021,25.31983],[89.15997,25.3208],[89.16583,25.32251],[89.16714,25.32461],[89.16722,25.32969],[89.16915,25.33089],[89.17496,25.33196],[89.17714,25.3331],[89.17957,25.33715],[89.18463,25.3384],[89.1862,25.34016],[89.19033,25.34912],[89.19283,25.35061],[89.19669,25.35145],[89.1983,25.34979],[89.20092,25.34945],[89.202,25.35423],[89.19964,25.35755],[89.19958,25.35892],[89.20931,25.36432],[89.20869,25.36626],[89.21238,25.36882],[89.21381,25.3678],[89.21924,25.3675],[89.2269,25.37011],[89.22834,25.3692],[89.2307,25.3643],[89.23251,25.36378],[89.23412,25.36395],[89.23438,25.36571],[89.23334,25.37079],[89.23589,25.37005],[89.23818,25.36605],[89.23824,25.36194],[89.23779,25.35972],[89.23405,25.35887],[89.23286,25.35767],[89.23472,25.3539],[89.23758,25.35122],[89.23932,25.35122],[89.24251,25.35241],[89.24519,25.35549],[89.24731,25.356],[89.24812,25.35469],[89.24524,25.34927],[89.24149,25.34808],[89.24018,25.34665],[89.24098,25.34443],[89.24408,25.34225],[89.24397,25.3414],[89.2431,25.34066],[89.2406,25.3406],[89.23698,25.34204],[89.23257,25.34256],[89.22576,25.3388],[89.22355,25.33424],[89.22455,25.32911],[89.22748,25.33093],[89.23193,25.33793],[89.23349,25.33885],[89.23705,25.33918],[89.24107,25.3337],[89.2427,25.33347],[89.24818,25.33574],[89.2508,25.33346],[89.25004,25.32998],[89.24536,25.3281],[89.24,25.32759],[89.23888,25.32612],[89.23862,25.32372],[89.24203,25.31921],[89.24819,25.31601],[89.25237,25.3168],[89.25616,25.31594],[89.26184,25.31827],[89.26503,25.3214],[89.26865,25.32071],[89.26095,25.30977],[89.26138,25.30834],[89.27148,25.31266],[89.27726,25.30706],[89.28349,25.30596],[89.28591,25.30431],[89.28706,25.30198]]]}},{"type":"Feature","properties":{"district_id":"dinajpur","upazila_id":"dinajpur-hakimpur","source_name":"Hakimpur","source_pcode":"552747","match_method":"exact"},"geometry":{"type":"Polygon","coordinates":[[[89.0379,25.3296],[89.0409,25.32983],[89.04159,25.3288],[89.04158,25.32424],[89.04594,25.32024],[89.04967,25.32001],[89.05517,25.32161],[89.05672,25.32087],[89.05759,25.31836],[89.06419,25.31654],[89.06506,25.31157],[89.06673,25.31054],[89.06898,25.31168],[89.07339,25.30717],[89.07539,25.30751],[89.08012,25.30614],[89.07776,25.30403],[89.07787,25.30175],[89.08124,25.30209],[89.0848,25.30449],[89.08866,25.30471],[89.09818,25.30294],[89.10915,25.30407],[89.1109,25.30356],[89.11326,25.30059],[89.12062,25.30109],[89.12235,25.30047],[89.12279,25.29807],[89.12491,25.29739],[89.13693,25.2988],[89.14185,25.30068],[89.1436,25.29943],[89.14709,25.30045],[89.14952,25.29965],[89.15026,25.29651],[89.149,25.29389],[89.1472,25.29258],[89.14713,25.29058],[89.14893,25.2859],[89.14687,25.28254],[89.14699,25.28139],[89.15041,25.28065],[89.15078,25.27917],[89.14827,25.27792],[89.14137,25.27712],[89.1385,25.27496],[89.1469,25.27295],[89.14279,25.27022],[89.14235,25.26845],[89.14552,25.26503],[89.14583,25.26377],[89.14421,25.26075],[89.14494,25.25721],[89.14382,25.25636],[89.14599,25.25225],[89.14212,25.24929],[89.13589,25.2473],[89.13421,25.24798],[89.13017,25.2542],[89.12781,25.255],[89.12656,25.25346],[89.12599,25.25078],[89.12649,25.24525],[89.12592,25.2428],[89.12436,25.24149],[89.12249,25.24177],[89.12038,25.24491],[89.11658,25.2452],[89.1139,25.244],[89.11172,25.2415],[89.10829,25.24224],[89.10344,25.24099],[89.10138,25.24207],[89.09958,25.24435],[89.09915,25.24886],[89.09231,25.25257],[89.08758,25.25645],[89.07938,25.2669],[89.07732,25.26832],[89.07496,25.26849],[89.07072,25.2669],[89.07065,25.26302],[89.06922,25.26057],[89.0651,25.25959],[89.06287,25.25988],[89.06156,25.26388],[89.05974,25.26491],[89.05197,25.26531],[89.04874,25.26708],[89.0412,25.2693],[89.03958,25.27039],[89.0389,25.27341],[89.03635,25.27541],[89.03461,25.27581],[89.03105,25.27632],[89.03062,25.26988],[89.02737,25.26908],[89.02544,25.26948],[89.02229,25.26495],[89.02013,25.26396],[89.01096,25.26845],[89.00863,25.2704],[89.00703,25.27533],[89.00761,25.2766],[89.00745,25.28223],[89.01125,25.29238],[89.01101,25.29557],[89.00977,25.29653],[89.00782,25.29725],[88.99809,25.29596],[88.98928,25.29575],[88.9866,25.29868],[88.9866,25.30387],[88.98443,25.30558],[88.98106,25.30546],[88.97601,25.3021],[88.96798,25.30712],[88.96243,25.3078],[88.95621,25.3078],[88.95184,25.30363],[88.94835,25.30157],[88.9448,25.3018],[88.94244,25.30351],[88.93918,25.30973],[88.93701,25.31115],[88.9349,25.31035],[88.93091,25.30436],[88.92884,25.30329],[88.92561,25.30356],[88.91907,25.30857],[88.91587,25.31392],[88.9324,25.31874],[88.93457,25.31875],[88.93887,25.32076],[88.94537,25.31981],[88.95401,25.32085],[88.9551,25.31989],[88.95834,25.3199],[88.96268,25.31797],[88.96593,25.31798],[88.97023,25.32097],[88.96803,25.32488],[88.96801,25.32783],[88.96692,25.32881],[88.96906,25.33177],[88.98303,25.33477],[88.98357,25.33558],[88.98694,25.33576],[88.99392,25.3345],[89.00072,25.33542],[89.00682,25.3305],[89.01704,25.32846],[89.02532,25.32852],[89.02881,25.3268],[89.03187,25.3264],[89.03591,25.32777],[89.0379,25.3296]]]}},{"type":"Feature","properties":{"district_id":"dinajpur","upazila_id":"dinajpur-kaharol","source_name":"Kaharole","source_pcode":"552756","match_method":"unique-near"},"geometry":{"type":"Polygon","coordinates":[[[88.72722,25.82204],[88.72347,25.81662],[88.71829,25.80628],[88.71305,25.79903],[88.71013,25.78716],[88.70888,25.78607],[88.70631,25.78561],[88.70294,25.78201],[88.70439,25.77574],[88.70358,25.77317],[88.70133,25.7702],[88.70034,25.76586],[88.69853,25.76255],[88.69472,25.76008],[88.68935,25.75996],[88.68141,25.75241],[88.67799,25.7463],[88.67536,25.74492],[88.67317,25.74475],[88.66516,25.74615],[88.66121,25.7458],[88.65879,25.74454],[88.65523,25.74055],[88.65167,25.73814],[88.6361,25.73901],[88.63235,25.74179],[88.62721,25.74172],[88.62177,25.74382],[88.6199,25.74073],[88.61784,25.73993],[88.61183,25.7398],[88.60282,25.74417],[88.60113,25.7469],[88.59876,25.74769],[88.59338,25.74607],[88.59112,25.74704],[88.59119,25.74812],[88.58424,25.7469],[88.56213,25.76053],[88.55656,25.76256],[88.54279,25.76531],[88.53698,25.76307],[88.53466,25.76323],[88.53103,25.7651],[88.52926,25.77234],[88.52588,25.77353],[88.52363,25.77164],[88.52182,25.77129],[88.51555,25.77526],[88.51028,25.77752],[88.50605,25.79114],[88.50704,25.79388],[88.51192,25.79482],[88.51279,25.79607],[88.51254,25.79865],[88.5069,25.80005],[88.50639,25.80221],[88.50826,25.80524],[88.50907,25.80598],[88.51176,25.80594],[88.51289,25.80817],[88.51193,25.81203],[88.50974,25.8126],[88.50961,25.81386],[88.51566,25.82198],[88.51302,25.82226],[88.50715,25.81898],[88.5059,25.81931],[88.50594,25.82531],[88.51614,25.82769],[88.51743,25.83345],[88.5166,25.83944],[88.51083,25.84221],[88.50957,25.84512],[88.50917,25.85299],[88.50502,25.85868],[88.50501,25.86136],[88.507,25.86599],[88.50605,25.87042],[88.50655,25.87192],[88.50847,25.87341],[88.51305,25.87434],[88.51379,25.87696],[88.51735,25.87668],[88.52036,25.88012],[88.52254,25.88121],[88.53777,25.87721],[88.54058,25.8778],[88.54464,25.88083],[88.54921,25.88199],[88.55171,25.88359],[88.55321,25.8832],[88.55479,25.87904],[88.56118,25.87792],[88.56294,25.87615],[88.56508,25.86943],[88.56554,25.86225],[88.56817,25.8582],[88.57125,25.85713],[88.57125,25.85553],[88.57333,25.8544],[88.57476,25.85583],[88.57721,25.85602],[88.58052,25.85488],[88.59168,25.84721],[88.59882,25.84438],[88.60222,25.83902],[88.60693,25.8274],[88.60913,25.82661],[88.61257,25.82622],[88.61708,25.82384],[88.61908,25.82464],[88.62345,25.82996],[88.62902,25.8322],[88.6329,25.83106],[88.63733,25.83119],[88.64035,25.82926],[88.64461,25.82807],[88.64674,25.82933],[88.64812,25.83236],[88.65668,25.83318],[88.66149,25.83815],[88.6668,25.83994],[88.66856,25.8396],[88.67081,25.83647],[88.67113,25.83202],[88.67539,25.82895],[88.67666,25.82678],[88.67716,25.82176],[88.67629,25.81743],[88.67768,25.81481],[88.68349,25.81533],[88.68587,25.81448],[88.68732,25.81312],[88.68901,25.80913],[88.69001,25.80907],[88.69126,25.8105],[88.69188,25.81296],[88.69788,25.81874],[88.6975,25.82124],[88.6955,25.82352],[88.69224,25.82494],[88.68835,25.82544],[88.68817,25.82687],[88.69199,25.82863],[88.69279,25.83445],[88.69397,25.83544],[88.6981,25.83379],[88.69917,25.82923],[88.70125,25.82507],[88.70708,25.82286],[88.71015,25.82292],[88.71214,25.82452],[88.71326,25.82686],[88.71538,25.82755],[88.71858,25.82699],[88.7234,25.82238],[88.72722,25.82204]]]}},{"type":"Feature","properties":{"district_id":"dinajpur","upazila_id":"dinajpur-khansama","source_name":"Khansama","source_pcode":"552760","match_method":"exact"},"geometry":{"type":"Polygon","coordinates":[[[88.71544,26.00775],[88.72102,26.00873],[88.72559,26.01336],[88.72903,26.0185],[88.73084,26.01959],[88.74044,26.01727],[88.73843,26.01407],[88.73788,26.00808],[88.74052,26.00158],[88.74767,25.98909],[88.74457,25.96953],[88.75467,25.95472],[88.75236,25.94656],[88.74916,25.94421],[88.74916,25.9412],[88.75388,25.93686],[88.75676,25.93681],[88.75901,25.94092],[88.76132,25.94115],[88.76953,25.93917],[88.77786,25.93941],[88.79472,25.93208],[88.80043,25.92866],[88.80356,25.92485],[88.80512,25.92138],[88.80338,25.91196],[88.80389,25.90449],[88.80627,25.89941],[88.81272,25.8907],[88.81391,25.88796],[88.8205,25.8712],[88.82201,25.86212],[88.82952,25.85729],[88.83021,25.85456],[88.82815,25.84571],[88.82571,25.84086],[88.82596,25.83744],[88.82816,25.83071],[88.82677,25.82341],[88.82766,25.8185],[88.82935,25.8156],[88.83661,25.81703],[88.84374,25.81459],[88.84487,25.81259],[88.84493,25.80724],[88.84193,25.80569],[88.83929,25.80232],[88.8353,25.803],[88.83343,25.80054],[88.83172,25.80037],[88.82562,25.79608],[88.82479,25.79339],[88.8231,25.79186],[88.8196,25.79088],[88.81235,25.79144],[88.80696,25.79583],[88.80496,25.79565],[88.80277,25.79434],[88.79871,25.79439],[88.79495,25.79342],[88.7892,25.7877],[88.78632,25.78735],[88.78188,25.78815],[88.77957,25.78758],[88.78051,25.78381],[88.77982,25.78181],[88.77626,25.77941],[88.77413,25.78049],[88.77275,25.78288],[88.7715,25.78294],[88.76056,25.77955],[88.75099,25.77936],[88.74892,25.78056],[88.74986,25.78296],[88.74948,25.78496],[88.7436,25.78454],[88.73878,25.78653],[88.73434,25.78498],[88.72277,25.78382],[88.71669,25.78985],[88.71069,25.79138],[88.71305,25.79903],[88.71829,25.80628],[88.72347,25.81662],[88.72722,25.82204],[88.7286,25.82228],[88.73273,25.82617],[88.73347,25.8277],[88.73309,25.83255],[88.73558,25.84271],[88.73144,25.8504],[88.72806,25.85405],[88.72749,25.85724],[88.72842,25.86443],[88.72384,25.87337],[88.72321,25.87708],[88.72501,25.88461],[88.72975,25.89563],[88.73081,25.90008],[88.73143,25.90596],[88.73055,25.91583],[88.72727,25.92232],[88.71963,25.9246],[88.71625,25.92681],[88.71648,25.93354],[88.72037,25.93731],[88.72055,25.9388],[88.71809,25.94797],[88.71902,25.95625],[88.715,25.96154],[88.71099,25.96279],[88.71387,25.96462],[88.72102,25.96606],[88.72151,25.96692],[88.72462,25.9801],[88.72336,25.98967],[88.72222,25.99122],[88.71902,25.99195],[88.71246,25.99023],[88.70757,25.99062],[88.70562,25.9917],[88.70663,25.99393],[88.7085,25.99535],[88.7137,25.99742],[88.71532,25.99942],[88.71538,26.00273],[88.71544,26.00775]]]}},{"type":"Feature","properties":{"district_id":"dinajpur","upazila_id":"dinajpur-nawabganj","source_name":"Nawabganj","source_pcode":"552769","match_method":"exact"},"geometry":{"type":"Polygon","coordinates":[[[89.0929,25.55541],[89.09176,25.54982],[89.09257,25.548],[89.09793,25.54451],[89.09924,25.53938],[89.10267,25.53478],[89.10193,25.53223],[89.10394,25.52216],[89.1085,25.51999],[89.1081,25.51896],[89.10501,25.51826],[89.10398,25.5173],[89.10558,25.51614],[89.11076,25.51607],[89.10999,25.51448],[89.1059,25.51385],[89.10663,25.51133],[89.10906,25.51039],[89.10837,25.50743],[89.10493,25.50484],[89.10267,25.50453],[89.10373,25.50093],[89.1036,25.49711],[89.10548,25.49322],[89.10448,25.4888],[89.10899,25.48744],[89.11233,25.48224],[89.11594,25.47844],[89.11543,25.47727],[89.10709,25.47877],[89.10657,25.47713],[89.10706,25.47536],[89.11384,25.47376],[89.11478,25.47245],[89.11456,25.4661],[89.11645,25.46501],[89.11765,25.46556],[89.11866,25.46743],[89.11912,25.47281],[89.12038,25.47433],[89.12171,25.47477],[89.1224,25.47419],[89.12276,25.46886],[89.12459,25.46652],[89.12994,25.46331],[89.12849,25.46235],[89.12028,25.46095],[89.11711,25.45854],[89.11717,25.45701],[89.11824,25.45621],[89.12058,25.45636],[89.12386,25.45395],[89.12601,25.45376],[89.12846,25.45017],[89.13201,25.45213],[89.13924,25.44979],[89.13967,25.44718],[89.13728,25.44538],[89.13808,25.44396],[89.14314,25.44061],[89.1497,25.434],[89.15315,25.42458],[89.15322,25.41682],[89.15227,25.41558],[89.14923,25.4143],[89.14786,25.41192],[89.14958,25.41087],[89.15417,25.41184],[89.15578,25.41114],[89.15058,25.40578],[89.15212,25.4049],[89.16105,25.40502],[89.16241,25.40432],[89.16404,25.39984],[89.16577,25.39914],[89.16789,25.39934],[89.17032,25.40512],[89.17208,25.40601],[89.1763,25.40561],[89.17715,25.40155],[89.17519,25.40009],[89.1756,25.39866],[89.17923,25.39651],[89.1822,25.39578],[89.18747,25.39719],[89.18901,25.39649],[89.19003,25.39039],[89.19114,25.38929],[89.19205,25.39099],[89.19323,25.39132],[89.19972,25.3914],[89.20387,25.39363],[89.20556,25.39332],[89.20957,25.38605],[89.20971,25.38229],[89.21151,25.38096],[89.21456,25.38019],[89.21709,25.37765],[89.22134,25.37715],[89.22057,25.37608],[89.21467,25.37427],[89.2129,25.3726],[89.21238,25.36882],[89.20869,25.36626],[89.20931,25.36432],[89.19958,25.35892],[89.19964,25.35755],[89.202,25.35423],[89.20092,25.34945],[89.1983,25.34979],[89.19669,25.35145],[89.19283,25.35061],[89.19033,25.34912],[89.1862,25.34016],[89.18463,25.3384],[89.17957,25.33715],[89.17714,25.3331],[89.17496,25.33196],[89.16915,25.33089],[89.16722,25.32969],[89.16714,25.32461],[89.16583,25.32251],[89.15997,25.3208],[89.16021,25.31983],[89.16302,25.31806],[89.15304,25.31271],[89.15215,25.30769],[89.14185,25.30068],[89.13693,25.2988],[89.12491,25.29739],[89.12279,25.29807],[89.12235,25.30047],[89.12062,25.30109],[89.11326,25.30059],[89.1109,25.30356],[89.10915,25.30407],[89.09818,25.30294],[89.08866,25.30471],[89.0848,25.30449],[89.08124,25.30209],[89.07787,25.30175],[89.07776,25.30403],[89.08012,25.30614],[89.07539,25.30751],[89.07339,25.30717],[89.06898,25.31168],[89.06673,25.31054],[89.06506,25.31157],[89.06419,25.31654],[89.05759,25.31836],[89.05672,25.32087],[89.05517,25.32161],[89.04967,25.32001],[89.04594,25.32024],[89.04158,25.32424],[89.04159,25.3288],[89.0409,25.32983],[89.0379,25.3296],[89.03729,25.33212],[89.03687,25.33884],[89.03856,25.34534],[89.0418,25.34962],[89.04469,25.35857],[89.05348,25.36758],[89.05692,25.37426],[89.06304,25.38099],[89.06417,25.38344],[89.06442,25.38829],[89.06643,25.39291],[89.06631,25.39798],[89.064,25.40032],[89.05945,25.40152],[89.04842,25.40227],[89.04411,25.40204],[89.03407,25.39913],[89.0294,25.39902],[89.01929,25.39702],[89.01486,25.39765],[89.014,25.39976],[89.015,25.4021],[89.02068,25.40974],[89.02074,25.41197],[89.02718,25.42263],[89.02737,25.42845],[89.02507,25.43403],[89.02615,25.44192],[89.02558,25.44403],[89.02172,25.44625],[89.01997,25.45013],[89.01077,25.47751],[89.00753,25.48036],[88.99648,25.48247],[88.99274,25.48418],[88.98533,25.49017],[88.98364,25.49565],[88.98489,25.49685],[88.9892,25.49833],[88.98734,25.50278],[88.98841,25.505],[88.98996,25.50614],[88.99027,25.50785],[88.98834,25.51213],[88.98946,25.51618],[88.98822,25.52075],[88.98835,25.5232],[88.99253,25.52696],[88.98623,25.52799],[88.98486,25.52987],[88.98692,25.53928],[88.99167,25.5382],[88.99586,25.54076],[88.99786,25.54071],[89.00041,25.53826],[89.00391,25.53661],[89.01046,25.53598],[89.01376,25.53626],[89.01402,25.53718],[89.01277,25.53929],[89.01714,25.5394],[89.02277,25.541],[89.0385,25.53934],[89.04562,25.54282],[89.0498,25.54305],[89.05061,25.54231],[89.05067,25.5406],[89.0486,25.53643],[89.0526,25.5354],[89.05646,25.53141],[89.06001,25.53055],[89.06332,25.53249],[89.06327,25.53574],[89.0654,25.53825],[89.06435,25.54738],[89.0666,25.54977],[89.07022,25.55086],[89.07541,25.55542],[89.07741,25.55519],[89.08166,25.55804],[89.08901,25.5549],[89.0929,25.55541]]]}},{"type":"Feature","properties":{"district_id":"dinajpur","upazila_id":"dinajpur-parbatipur","source_name":"Parbatipur","source_pcode":"552777","match_method":"exact"},"geometry":{"type":"Polygon","coordinates":[[[88.94117,25.74008],[88.9417,25.73245],[88.94111,25.73092],[88.93086,25.72822],[88.92844,25.72681],[88.92724,25.72386],[88.92807,25.70994],[88.93476,25.70105],[88.9373,25.69454],[88.93707,25.69259],[88.93468,25.68846],[88.93766,25.68666],[88.94504,25.68478],[88.94939,25.68188],[88.9529,25.68184],[88.95358,25.68571],[88.95542,25.68688],[88.95856,25.68691],[88.95979,25.68547],[88.96045,25.67914],[88.96203,25.67611],[88.96734,25.67532],[88.96971,25.67432],[88.97119,25.67271],[88.97159,25.66947],[88.96821,25.6654],[88.96899,25.66273],[88.97389,25.65858],[88.97633,25.65821],[88.98705,25.66344],[88.99034,25.66159],[88.99265,25.65514],[88.99606,25.65282],[88.9953,25.65147],[88.98931,25.64914],[88.98866,25.64614],[88.98874,25.64254],[88.99342,25.6404],[88.99458,25.63794],[88.99467,25.63567],[88.9929,25.63358],[88.99192,25.63024],[88.99187,25.62598],[88.99322,25.62306],[89.00292,25.61649],[89.00662,25.60541],[89.00867,25.60301],[89.0116,25.60279],[89.02023,25.60595],[89.02361,25.60614],[89.0333,25.60354],[89.03599,25.60243],[89.03778,25.60014],[89.03875,25.59661],[89.03953,25.58654],[89.04114,25.58436],[89.04301,25.584],[89.05092,25.59028],[89.0545,25.5911],[89.05676,25.59136],[89.06184,25.59028],[89.06767,25.58794],[89.07193,25.58814],[89.07462,25.58578],[89.07461,25.58306],[89.07906,25.58148],[89.09225,25.5715],[89.09476,25.57045],[89.10072,25.57186],[89.10153,25.57066],[89.10111,25.56789],[89.09498,25.56055],[89.0929,25.55541],[89.08901,25.5549],[89.08166,25.55804],[89.07741,25.55519],[89.07541,25.55542],[89.07022,25.55086],[89.0666,25.54977],[89.06435,25.54738],[89.0654,25.53825],[89.06327,25.53574],[89.06332,25.53249],[89.06001,25.53055],[89.05646,25.53141],[89.0526,25.5354],[89.0486,25.53643],[89.05067,25.5406],[89.05061,25.54231],[89.0498,25.54305],[89.04562,25.54282],[89.0385,25.53934],[89.02277,25.541],[89.01714,25.5394],[89.01277,25.53929],[89.01402,25.53718],[89.01376,25.53626],[89.01046,25.53598],[89.00391,25.53661],[89.00041,25.53826],[88.99786,25.54071],[88.99586,25.54076],[88.99167,25.5382],[88.98692,25.53928],[88.98486,25.52987],[88.98623,25.52799],[88.99253,25.52696],[88.98835,25.5232],[88.98822,25.52075],[88.98946,25.51618],[88.98834,25.51213],[88.99027,25.50785],[88.98996,25.50614],[88.98841,25.505],[88.98596,25.50523],[88.97866,25.51116],[88.97455,25.51219],[88.96955,25.51161],[88.9645,25.51487],[88.96156,25.5123],[88.95769,25.50436],[88.955,25.50134],[88.94171,25.50099],[88.93771,25.49871],[88.93204,25.50013],[88.92879,25.50207],[88.92736,25.50424],[88.92499,25.50429],[88.9238,25.50286],[88.92262,25.49836],[88.91806,25.50121],[88.91981,25.50514],[88.91912,25.50651],[88.91637,25.50817],[88.90664,25.50958],[88.90308,25.50867],[88.8969,25.50336],[88.89497,25.50438],[88.89253,25.50741],[88.88904,25.50889],[88.88667,25.51099],[88.8866,25.51356],[88.89029,25.51858],[88.88079,25.51812],[88.87325,25.51925],[88.87025,25.51908],[88.86794,25.51714],[88.86639,25.50789],[88.86445,25.50727],[88.86282,25.50812],[88.86295,25.51279],[88.86214,25.51411],[88.85783,25.51102],[88.8564,25.51108],[88.85347,25.51376],[88.84772,25.51654],[88.84186,25.52099],[88.83649,25.52035],[88.83492,25.52235],[88.83948,25.5304],[88.84235,25.5316],[88.84591,25.52989],[88.85009,25.5295],[88.85021,25.53212],[88.84673,25.53531],[88.84528,25.53559],[88.84209,25.53428],[88.84079,25.53468],[88.8391,25.54267],[88.83479,25.54951],[88.83341,25.5536],[88.83279,25.56233],[88.83041,25.57647],[88.82491,25.58514],[88.82497,25.58805],[88.82921,25.59449],[88.82933,25.59838],[88.82783,25.60482],[88.82333,25.60858],[88.82058,25.60989],[88.81927,25.61257],[88.81902,25.62243],[88.81969,25.62706],[88.8252,25.6294],[88.8255,25.63528],[88.81844,25.63657],[88.81776,25.63869],[88.81818,25.64485],[88.82112,25.64708],[88.82169,25.64857],[88.81912,25.64993],[88.81856,25.6529],[88.82062,25.65529],[88.82274,25.65621],[88.82455,25.65901],[88.82586,25.66283],[88.8263,25.66808],[88.82936,25.67002],[88.83036,25.67213],[88.83035,25.6751],[88.83548,25.67904],[88.83554,25.68093],[88.83135,25.68777],[88.83122,25.68999],[88.83491,25.69142],[88.84142,25.6912],[88.8436,25.69234],[88.84373,25.69467],[88.84266,25.69748],[88.83827,25.70363],[88.83791,25.70825],[88.84615,25.72127],[88.85003,25.72589],[88.85647,25.72881],[88.8641,25.72905],[88.86672,25.73008],[88.87479,25.73704],[88.87691,25.74064],[88.87516,25.74976],[88.87316,25.75176],[88.86384,25.7546],[88.8569,25.76435],[88.85614,25.76868],[88.85733,25.77433],[88.85757,25.78094],[88.86077,25.77783],[88.86285,25.77699],[88.87629,25.7766],[88.88081,25.77548],[88.88339,25.77373],[88.88559,25.77062],[88.88862,25.75886],[88.89082,25.75426],[88.88745,25.74674],[88.88789,25.74283],[88.88941,25.74196],[88.89714,25.7393],[88.90478,25.7417],[88.91214,25.74092],[88.9184,25.74486],[88.92106,25.74467],[88.92527,25.73992],[88.92915,25.74194],[88.93424,25.73974],[88.93861,25.74164],[88.94062,25.74162],[88.94117,25.74008]]]}},{"type":"Feature","properties":{"district_id":"dinajpur","upazila_id":"dinajpur-fulbari","source_name":"Phulbari","source_pcode":"552738","match_method":"unique-near"},"geometry":{"type":"Polygon","coordinates":[[[88.80459,25.52128],[88.80546,25.52636],[88.80682,25.52739],[88.82,25.53134],[88.82206,25.53106],[88.82281,25.52906],[88.82468,25.5273],[88.83143,25.52668],[88.83761,25.52714],[88.83492,25.52235],[88.83649,25.52035],[88.84186,25.52099],[88.84772,25.51654],[88.85347,25.51376],[88.8564,25.51108],[88.85783,25.51102],[88.86214,25.51411],[88.86295,25.51279],[88.86282,25.50812],[88.86445,25.50727],[88.86639,25.50789],[88.86725,25.51126],[88.86707,25.51497],[88.86794,25.51714],[88.87025,25.51908],[88.88079,25.51812],[88.89029,25.51858],[88.8866,25.51356],[88.88667,25.51099],[88.88904,25.50889],[88.89253,25.50741],[88.89497,25.50438],[88.8969,25.50336],[88.90308,25.50867],[88.90664,25.50958],[88.91637,25.50817],[88.91912,25.50651],[88.91981,25.50514],[88.91806,25.50121],[88.92262,25.49836],[88.9238,25.50286],[88.92499,25.50429],[88.92736,25.50424],[88.92879,25.50207],[88.93204,25.50013],[88.93771,25.49871],[88.94171,25.50099],[88.955,25.50134],[88.95769,25.50436],[88.96156,25.5123],[88.9645,25.51487],[88.96955,25.51161],[88.97455,25.51219],[88.97866,25.51116],[88.98596,25.50523],[88.98841,25.505],[88.98734,25.50278],[88.9892,25.49833],[88.98489,25.49685],[88.98364,25.49565],[88.98533,25.49017],[88.98257,25.4876],[88.98108,25.48287],[88.97221,25.47922],[88.97159,25.47824],[88.9729,25.47676],[88.97502,25.47693],[88.97552,25.4754],[88.97208,25.4726],[88.97059,25.46997],[88.97258,25.46786],[88.98119,25.46484],[88.98431,25.46273],[88.98624,25.46079],[88.98754,25.45754],[88.98642,25.45264],[88.98829,25.45075],[88.98704,25.44642],[88.98579,25.44556],[88.98329,25.44568],[88.98011,25.44391],[88.97922,25.44231],[88.98129,25.43746],[88.9799,25.42349],[88.98183,25.42024],[88.98065,25.41898],[88.97304,25.41573],[88.97142,25.41401],[88.97366,25.41151],[88.97385,25.40979],[88.97153,25.40866],[88.96736,25.40934],[88.96581,25.40876],[88.96368,25.40626],[88.96312,25.40386],[88.96106,25.4022],[88.95914,25.40118],[88.95513,25.40169],[88.95432,25.39872],[88.95084,25.39633],[88.94877,25.39359],[88.94415,25.3828],[88.9411,25.38417],[88.93792,25.38918],[88.93935,25.39227],[88.93867,25.39347],[88.93554,25.3958],[88.93094,25.40191],[88.92764,25.40219],[88.91959,25.39944],[88.90862,25.39995],[88.89708,25.39663],[88.88548,25.39628],[88.88367,25.39554],[88.88168,25.39297],[88.88025,25.38783],[88.87389,25.38891],[88.86872,25.38662],[88.86198,25.38747],[88.85699,25.38678],[88.85213,25.38877],[88.84932,25.38888],[88.84097,25.38328],[88.84047,25.38522],[88.84458,25.38991],[88.84496,25.39202],[88.84389,25.39333],[88.84184,25.39446],[88.83878,25.39823],[88.83105,25.39725],[88.82781,25.39787],[88.82675,25.39901],[88.82594,25.40403],[88.82362,25.40609],[88.82014,25.40653],[88.81689,25.40818],[88.82044,25.41195],[88.82811,25.41128],[88.83098,25.41311],[88.83261,25.41452],[88.83398,25.41938],[88.83179,25.42315],[88.83696,25.42509],[88.8374,25.42635],[88.83553,25.43136],[88.8344,25.43342],[88.83047,25.43415],[88.82872,25.44089],[88.83247,25.44728],[88.83895,25.44928],[88.84212,25.45339],[88.84157,25.45584],[88.83732,25.46017],[88.83683,25.46234],[88.83938,25.46691],[88.83907,25.46959],[88.83626,25.47398],[88.83192,25.4854],[88.82764,25.48805],[88.81903,25.48565],[88.81716,25.48565],[88.81455,25.48712],[88.81185,25.49545],[88.81115,25.50714],[88.80928,25.51153],[88.81108,25.51735],[88.81039,25.51975],[88.8069,25.52105],[88.80459,25.52128]]]}},{"type":"Feature","properties":{"district_id":"gaibandha","upazila_id":"gaibandha-gaibandha-sadar","source_name":"Gaibandha S.","source_pcode":"553224","match_method":"exact"},"geometry":{"type":"Polygon","coordinates":[[[89.70296,25.40465],[89.69972,25.40169],[89.69907,25.39994],[89.70124,25.39866],[89.7038,25.39446],[89.70847,25.3965],[89.71331,25.39386],[89.72462,25.39608],[89.73559,25.39677],[89.73943,25.39808],[89.74243,25.39802],[89.7441,25.39703],[89.74364,25.39164],[89.74569,25.39064],[89.7537,25.39034],[89.75359,25.38795],[89.74456,25.37564],[89.74667,25.37425],[89.7461,25.37051],[89.72563,25.35576],[89.72701,25.35205],[89.73432,25.34016],[89.7352,25.33657],[89.73097,25.33476],[89.72744,25.34431],[89.72488,25.34543],[89.72104,25.34333],[89.71886,25.34438],[89.71796,25.36463],[89.71661,25.36675],[89.71199,25.36768],[89.70784,25.36996],[89.70599,25.37198],[89.70504,25.37478],[89.7001,25.37883],[89.70329,25.38231],[89.70499,25.38285],[89.70445,25.38473],[89.70113,25.38501],[89.69662,25.38474],[89.69341,25.38331],[89.6925,25.37349],[89.69396,25.36363],[89.69274,25.36201],[89.68961,25.36165],[89.681,25.36354],[89.67977,25.36118],[89.68137,25.3554],[89.68005,25.35106],[89.6683,25.33276],[89.66545,25.33121],[89.66096,25.33184],[89.65931,25.33067],[89.65839,25.32746],[89.66058,25.32389],[89.65859,25.32113],[89.65601,25.32031],[89.64444,25.3243],[89.64318,25.3279],[89.63957,25.33324],[89.62763,25.33393],[89.62189,25.33549],[89.61604,25.33302],[89.60741,25.33309],[89.60339,25.32849],[89.59905,25.32741],[89.59468,25.32776],[89.58948,25.32698],[89.5865,25.3289],[89.58318,25.32861],[89.575,25.31764],[89.57585,25.31621],[89.57573,25.31217],[89.57733,25.3109],[89.57459,25.30792],[89.57349,25.30527],[89.57738,25.30618],[89.58032,25.30585],[89.58098,25.30374],[89.57992,25.30035],[89.57813,25.29798],[89.57314,25.29476],[89.57184,25.29154],[89.57321,25.29112],[89.57713,25.29356],[89.5776,25.2918],[89.57629,25.28772],[89.57676,25.2859],[89.57369,25.28196],[89.57317,25.27981],[89.57652,25.27777],[89.57712,25.27662],[89.5759,25.27494],[89.57307,25.27402],[89.57109,25.27523],[89.56618,25.26934],[89.56707,25.26625],[89.56832,25.26641],[89.57015,25.26354],[89.57043,25.26086],[89.56934,25.25485],[89.56281,25.24943],[89.56248,25.24819],[89.56403,25.24788],[89.56825,25.2494],[89.56902,25.24678],[89.571,25.245],[89.57016,25.24388],[89.56678,25.24312],[89.56636,25.24029],[89.56685,25.23943],[89.57206,25.24077],[89.57227,25.23895],[89.57081,25.2371],[89.5633,25.23249],[89.5569,25.22695],[89.55457,25.22597],[89.55075,25.22573],[89.54214,25.2271],[89.54012,25.22599],[89.5358,25.22071],[89.53378,25.21977],[89.53062,25.22141],[89.52818,25.22139],[89.52557,25.21847],[89.51984,25.22057],[89.5165,25.21909],[89.51977,25.23291],[89.51869,25.23594],[89.51403,25.24203],[89.51335,25.24704],[89.51588,25.24883],[89.52064,25.24883],[89.52134,25.25034],[89.51862,25.25197],[89.52027,25.25411],[89.52554,25.25449],[89.52737,25.25606],[89.52682,25.2568],[89.52289,25.2577],[89.52336,25.25975],[89.52569,25.26068],[89.52634,25.26249],[89.52522,25.26706],[89.52294,25.26976],[89.51498,25.27254],[89.50967,25.27301],[89.50809,25.27167],[89.50513,25.26603],[89.49914,25.27509],[89.49633,25.27553],[89.48521,25.27171],[89.48319,25.27396],[89.4793,25.27276],[89.47409,25.27471],[89.47323,25.27535],[89.47376,25.2775],[89.47639,25.28179],[89.47585,25.2831],[89.47362,25.28354],[89.47215,25.28492],[89.47398,25.29017],[89.47752,25.29315],[89.47945,25.29312],[89.48002,25.29413],[89.47414,25.29661],[89.46995,25.29486],[89.46775,25.2962],[89.46708,25.29745],[89.46815,25.29841],[89.47062,25.29803],[89.47245,25.29959],[89.47448,25.30211],[89.47438,25.30394],[89.46696,25.31008],[89.46365,25.30883],[89.46004,25.31151],[89.45603,25.31215],[89.44963,25.30772],[89.44304,25.30801],[89.43577,25.30581],[89.4301,25.30629],[89.43195,25.30972],[89.43148,25.3141],[89.4339,25.32605],[89.43739,25.32787],[89.43845,25.3313],[89.43465,25.33724],[89.4363,25.34492],[89.43427,25.34955],[89.43497,25.35056],[89.43753,25.35035],[89.44208,25.34797],[89.44461,25.3523],[89.4463,25.3521],[89.44735,25.35141],[89.44764,25.35004],[89.44643,25.34546],[89.44729,25.34392],[89.44953,25.34338],[89.46053,25.34469],[89.46775,25.34215],[89.47081,25.34244],[89.47263,25.3439],[89.47649,25.34293],[89.47789,25.34484],[89.47531,25.34818],[89.47441,25.35131],[89.47028,25.35109],[89.46982,25.35399],[89.47651,25.35401],[89.47715,25.35531],[89.47635,25.35662],[89.47361,25.35695],[89.47281,25.35838],[89.47515,25.36028],[89.47684,25.36066],[89.479,25.36312],[89.47739,25.36451],[89.47733,25.369],[89.47646,25.36925],[89.47273,25.36667],[89.47174,25.36714],[89.47387,25.37217],[89.46969,25.37291],[89.47291,25.37508],[89.47541,25.37505],[89.48508,25.36838],[89.48816,25.36913],[89.48997,25.36871],[89.49114,25.36744],[89.49481,25.37029],[89.49839,25.37524],[89.50492,25.38112],[89.50558,25.38344],[89.5046,25.38505],[89.50244,25.38689],[89.49808,25.38837],[89.49894,25.39183],[89.498,25.39616],[89.4986,25.39883],[89.50314,25.40439],[89.50564,25.40436],[89.51223,25.40938],[89.51817,25.40913],[89.52093,25.41716],[89.51236,25.4224],[89.51522,25.42924],[89.51299,25.43868],[89.5187,25.43627],[89.52471,25.43544],[89.53117,25.43979],[89.53899,25.43974],[89.5414,25.43737],[89.54494,25.43545],[89.55439,25.43918],[89.56198,25.43935],[89.56071,25.44267],[89.56168,25.44396],[89.56963,25.44431],[89.57205,25.44285],[89.57378,25.44061],[89.57586,25.43756],[89.57705,25.43391],[89.58131,25.43072],[89.58422,25.43159],[89.58814,25.43426],[89.5915,25.43251],[89.59265,25.43022],[89.595,25.42831],[89.59918,25.41927],[89.60365,25.42],[89.60725,25.41824],[89.61053,25.42018],[89.61189,25.41936],[89.61258,25.41504],[89.61552,25.41117],[89.62231,25.41262],[89.62473,25.41111],[89.62488,25.40872],[89.62094,25.40878],[89.61935,25.40795],[89.62287,25.4042],[89.62711,25.40306],[89.63105,25.40686],[89.63274,25.40684],[89.63835,25.40141],[89.64146,25.3996],[89.64767,25.40031],[89.66644,25.39605],[89.67115,25.39649],[89.67364,25.39884],[89.67772,25.40025],[89.67939,25.40285],[89.68066,25.40345],[89.68858,25.40578],[89.6951,25.40574],[89.70296,25.40465]]]}},{"type":"Feature","properties":{"district_id":"gaibandha","upazila_id":"gaibandha-gobindaganj","source_name":"Gobindaganj","source_pcode":"553230","match_method":"exact"},"geometry":{"type":"Polygon","coordinates":[[[89.30457,25.22878],[89.30807,25.22993],[89.31846,25.22869],[89.32121,25.22739],[89.322,25.22606],[89.3196,25.22319],[89.32229,25.22122],[89.32544,25.22202],[89.32667,25.22166],[89.32693,25.21966],[89.33187,25.21946],[89.33753,25.21385],[89.34142,25.21232],[89.34315,25.21229],[89.34785,25.21455],[89.34838,25.21625],[89.34546,25.22022],[89.34641,25.22197],[89.3499,25.22197],[89.35946,25.21627],[89.36127,25.21636],[89.36253,25.21725],[89.36233,25.21987],[89.35796,25.22391],[89.35586,25.22991],[89.35875,25.23146],[89.36281,25.2322],[89.36038,25.23672],[89.35564,25.24043],[89.35638,25.24434],[89.35159,25.24554],[89.34873,25.25014],[89.34778,25.25333],[89.34954,25.25472],[89.35171,25.25395],[89.35304,25.25132],[89.35612,25.24878],[89.36337,25.24879],[89.36499,25.24945],[89.3676,25.24811],[89.36725,25.24168],[89.36797,25.24003],[89.3701,25.2404],[89.37165,25.23975],[89.37218,25.23753],[89.3754,25.23538],[89.37579,25.23242],[89.37444,25.22914],[89.37646,25.22729],[89.38144,25.2258],[89.3818,25.22921],[89.38388,25.2306],[89.39163,25.23067],[89.39452,25.23558],[89.39853,25.23632],[89.40106,25.23862],[89.40269,25.23866],[89.40572,25.23606],[89.40707,25.23047],[89.40918,25.22987],[89.41179,25.23262],[89.41985,25.23285],[89.42572,25.23187],[89.42704,25.23276],[89.42608,25.23527],[89.42324,25.2377],[89.42296,25.23964],[89.42867,25.24508],[89.42686,25.24914],[89.42702,25.25051],[89.42873,25.25156],[89.43476,25.24659],[89.43566,25.24788],[89.43403,25.25116],[89.4356,25.25147],[89.44007,25.24618],[89.44706,25.24273],[89.4594,25.24313],[89.46661,25.2399],[89.47803,25.2431],[89.4809,25.24237],[89.48262,25.24076],[89.48331,25.23689],[89.48026,25.22971],[89.47485,25.23171],[89.47276,25.2297],[89.47274,25.22822],[89.48055,25.22437],[89.48438,25.22425],[89.48875,25.22823],[89.49107,25.22871],[89.49248,25.22664],[89.492,25.22426],[89.49054,25.22275],[89.49208,25.22074],[89.49328,25.21703],[89.49312,25.21515],[89.48872,25.21243],[89.48778,25.20897],[89.48875,25.20669],[89.49272,25.20498],[89.49567,25.20528],[89.49805,25.2065],[89.49961,25.20585],[89.49863,25.20291],[89.50274,25.20144],[89.5048,25.19697],[89.50841,25.1954],[89.50768,25.19257],[89.50377,25.19028],[89.50479,25.18346],[89.5032,25.18189],[89.49786,25.17941],[89.49673,25.17533],[89.49476,25.17303],[89.49384,25.17037],[89.49448,25.16297],[89.49003,25.15308],[89.49039,25.15194],[89.49458,25.15262],[89.49495,25.15188],[89.49367,25.14951],[89.48763,25.14312],[89.48734,25.1405],[89.48881,25.13798],[89.49192,25.13697],[89.49787,25.13803],[89.50166,25.13718],[89.50314,25.13596],[89.5041,25.13265],[89.50265,25.13154],[89.49707,25.13054],[89.49593,25.12958],[89.50206,25.12592],[89.50954,25.11683],[89.50993,25.10944],[89.5146,25.10357],[89.51487,25.10113],[89.51389,25.09769],[89.50737,25.09254],[89.507,25.08839],[89.50623,25.08743],[89.50424,25.08786],[89.50209,25.08999],[89.5007,25.08933],[89.49993,25.08644],[89.50137,25.08421],[89.50397,25.08235],[89.50124,25.07512],[89.50253,25.07311],[89.50713,25.07247],[89.50862,25.07154],[89.50999,25.0713],[89.51462,25.07294],[89.51593,25.07247],[89.5161,25.07076],[89.51136,25.06662],[89.51086,25.06242],[89.51375,25.06062],[89.52069,25.06029],[89.52124,25.05932],[89.52075,25.05586],[89.52204,25.05482],[89.52554,25.05494],[89.52638,25.05231],[89.52952,25.04959],[89.52986,25.04754],[89.52787,25.03967],[89.522,25.04044],[89.50765,25.04473],[89.50512,25.04744],[89.49655,25.05096],[89.49361,25.05481],[89.49213,25.06001],[89.49027,25.0614],[89.48537,25.0593],[89.47878,25.0615],[89.4762,25.06045],[89.47665,25.05613],[89.47594,25.05477],[89.47337,25.05373],[89.46737,25.05404],[89.4632,25.055],[89.46913,25.05919],[89.46834,25.06028],[89.46285,25.0608],[89.45876,25.06342],[89.4557,25.06283],[89.45752,25.05906],[89.45715,25.05617],[89.45572,25.05567],[89.45348,25.05627],[89.45126,25.05829],[89.45091,25.06022],[89.45132,25.06272],[89.4557,25.068],[89.45718,25.07094],[89.45583,25.07266],[89.45077,25.07205],[89.44727,25.06755],[89.44501,25.06741],[89.44538,25.0707],[89.4429,25.0721],[89.43427,25.07108],[89.43206,25.07008],[89.42998,25.06369],[89.42792,25.06366],[89.42558,25.0654],[89.42611,25.07244],[89.42471,25.07541],[89.41567,25.08127],[89.41459,25.08077],[89.41405,25.07663],[89.41161,25.07644],[89.40358,25.07847],[89.40144,25.07708],[89.40209,25.0748],[89.40437,25.07215],[89.40526,25.06879],[89.40356,25.06813],[89.39441,25.06984],[89.39258,25.06857],[89.3927,25.05929],[89.39183,25.05464],[89.39035,25.05142],[89.38804,25.05162],[89.38644,25.0538],[89.38552,25.05927],[89.38097,25.06359],[89.37253,25.06819],[89.36401,25.07058],[89.36266,25.0723],[89.35955,25.07796],[89.36001,25.08444],[89.36173,25.08726],[89.36468,25.0879],[89.3662,25.08952],[89.36527,25.09068],[89.36108,25.08994],[89.35828,25.09043],[89.35046,25.09883],[89.3471,25.10046],[89.34509,25.0998],[89.33319,25.10155],[89.3361,25.10452],[89.34455,25.11055],[89.34521,25.1135],[89.3345,25.12091],[89.33114,25.12158],[89.32732,25.12123],[89.31947,25.11741],[89.30789,25.12056],[89.30589,25.12036],[89.29659,25.1165],[89.29036,25.11254],[89.28325,25.10029],[89.27801,25.09473],[89.27318,25.09764],[89.26675,25.09839],[89.26618,25.10227],[89.26073,25.10131],[89.25777,25.10368],[89.25492,25.10087],[89.25175,25.10267],[89.24998,25.10536],[89.24872,25.1097],[89.24808,25.118],[89.23507,25.13663],[89.23384,25.13914],[89.23304,25.14495],[89.22958,25.14767],[89.22398,25.14546],[89.22075,25.14669],[89.21782,25.15201],[89.22138,25.15759],[89.22141,25.16004],[89.21714,25.16793],[89.21534,25.16898],[89.21153,25.16953],[89.21143,25.17124],[89.2103,25.17154],[89.20505,25.1708],[89.20291,25.17526],[89.19873,25.17542],[89.19736,25.17859],[89.19794,25.18722],[89.19639,25.18855],[89.18556,25.19048],[89.18501,25.19214],[89.18731,25.19491],[89.19262,25.19902],[89.19353,25.20164],[89.19193,25.20999],[89.19501,25.2159],[89.19501,25.22229],[89.20593,25.23119],[89.21801,25.23345],[89.23112,25.23478],[89.23543,25.23388],[89.24128,25.23075],[89.25285,25.22823],[89.26129,25.22934],[89.26885,25.22881],[89.2737,25.22758],[89.27535,25.2283],[89.275,25.23052],[89.27167,25.23207],[89.27036,25.23398],[89.27082,25.2351],[89.27309,25.23531],[89.28427,25.233],[89.29044,25.22784],[89.29667,25.22597],[89.29863,25.22646],[89.30457,25.22878]]]}},{"type":"Feature","properties":{"district_id":"gaibandha","upazila_id":"gaibandha-palashbari","source_name":"Palashbari","source_pcode":"553267","match_method":"exact"},"geometry":{"type":"Polygon","coordinates":[[[89.34728,25.3081],[89.3511,25.30447],[89.3524,25.3016],[89.35279,25.2948],[89.35559,25.29271],[89.35929,25.29659],[89.36403,25.29799],[89.36574,25.29984],[89.36353,25.30353],[89.36777,25.30647],[89.37126,25.30464],[89.38432,25.30188],[89.38728,25.30389],[89.39252,25.30297],[89.39455,25.30425],[89.39378,25.30751],[89.39438,25.30937],[89.39614,25.30992],[89.40141,25.30719],[89.40607,25.3063],[89.41208,25.30101],[89.42109,25.2987],[89.42544,25.30156],[89.4301,25.30629],[89.43577,25.30581],[89.44304,25.30801],[89.44963,25.30772],[89.45603,25.31215],[89.46004,25.31151],[89.46365,25.30883],[89.46696,25.31008],[89.46782,25.30967],[89.47359,25.30498],[89.47448,25.30211],[89.47062,25.29803],[89.46815,25.29841],[89.46708,25.29745],[89.46775,25.2962],[89.46995,25.29486],[89.47414,25.29661],[89.48002,25.29413],[89.47945,25.29312],[89.47752,25.29315],[89.47398,25.29017],[89.47215,25.28492],[89.47362,25.28354],[89.47585,25.2831],[89.47639,25.28179],[89.47376,25.2775],[89.47323,25.27535],[89.47409,25.27471],[89.4793,25.27276],[89.48319,25.27396],[89.48521,25.27171],[89.49633,25.27553],[89.49914,25.27509],[89.50513,25.26603],[89.50809,25.27167],[89.50967,25.27301],[89.51878,25.27158],[89.52294,25.26976],[89.52522,25.26706],[89.52634,25.26249],[89.52569,25.26068],[89.52336,25.25975],[89.52289,25.2577],[89.52682,25.2568],[89.52737,25.25606],[89.52554,25.25449],[89.52027,25.25411],[89.51862,25.25197],[89.52134,25.25034],[89.52064,25.24883],[89.51588,25.24883],[89.51335,25.24704],[89.51403,25.24203],[89.51869,25.23594],[89.51977,25.23291],[89.5165,25.21909],[89.51984,25.22057],[89.52557,25.21847],[89.52637,25.21329],[89.52412,25.20962],[89.52687,25.20458],[89.52693,25.19277],[89.52231,25.19294],[89.52046,25.19035],[89.51788,25.18891],[89.5146,25.19168],[89.51438,25.19345],[89.51302,25.19517],[89.50841,25.1954],[89.5048,25.19697],[89.50274,25.20144],[89.49863,25.20291],[89.49961,25.20585],[89.49805,25.2065],[89.49567,25.20528],[89.49272,25.20498],[89.48875,25.20669],[89.48778,25.20897],[89.48872,25.21243],[89.49312,25.21515],[89.49328,25.21703],[89.49208,25.22074],[89.49054,25.22275],[89.492,25.22426],[89.49248,25.22664],[89.49107,25.22871],[89.48875,25.22823],[89.48438,25.22425],[89.48055,25.22437],[89.47274,25.22822],[89.47276,25.2297],[89.47485,25.23171],[89.48026,25.22971],[89.48331,25.23689],[89.48262,25.24076],[89.4809,25.24237],[89.47803,25.2431],[89.46661,25.2399],[89.4594,25.24313],[89.44706,25.24273],[89.44007,25.24618],[89.4356,25.25147],[89.43403,25.25116],[89.43566,25.24788],[89.43476,25.24659],[89.42873,25.25156],[89.42702,25.25051],[89.42686,25.24914],[89.42867,25.24508],[89.42296,25.23964],[89.42324,25.2377],[89.42608,25.23527],[89.42704,25.23276],[89.42572,25.23187],[89.41985,25.23285],[89.41179,25.23262],[89.40918,25.22987],[89.40707,25.23047],[89.40572,25.23606],[89.40269,25.23866],[89.40106,25.23862],[89.39853,25.23632],[89.39452,25.23558],[89.39163,25.23067],[89.38388,25.2306],[89.3818,25.22921],[89.38144,25.2258],[89.37646,25.22729],[89.37444,25.22914],[89.37579,25.23242],[89.3754,25.23538],[89.37218,25.23753],[89.37165,25.23975],[89.3701,25.2404],[89.36797,25.24003],[89.36725,25.24168],[89.3676,25.24811],[89.36499,25.24945],[89.36337,25.24879],[89.35612,25.24878],[89.35304,25.25132],[89.35171,25.25395],[89.34954,25.25472],[89.34778,25.25333],[89.34873,25.25014],[89.35159,25.24554],[89.35638,25.24434],[89.35564,25.24043],[89.36038,25.23672],[89.36281,25.2322],[89.35875,25.23146],[89.35586,25.22991],[89.35796,25.22391],[89.36233,25.21987],[89.36253,25.21725],[89.35946,25.21627],[89.3499,25.22197],[89.34641,25.22197],[89.34546,25.22022],[89.34838,25.21625],[89.34785,25.21455],[89.34315,25.21229],[89.34142,25.21232],[89.33753,25.21385],[89.33187,25.21946],[89.32693,25.21966],[89.32667,25.22166],[89.32544,25.22202],[89.32229,25.22122],[89.3196,25.22319],[89.322,25.22606],[89.32121,25.22739],[89.31846,25.22869],[89.30807,25.22993],[89.30457,25.22878],[89.29527,25.24199],[89.29302,25.24789],[89.29164,25.25532],[89.28973,25.25857],[89.28449,25.26176],[89.27757,25.26446],[89.27608,25.26607],[89.27645,25.26919],[89.27513,25.27234],[89.27136,25.27802],[89.26527,25.28116],[89.26557,25.28373],[89.26434,25.28539],[89.25769,25.2875],[89.25791,25.28909],[89.25957,25.29028],[89.27039,25.29264],[89.27353,25.29443],[89.27459,25.29642],[89.27006,25.29794],[89.26833,25.30097],[89.26829,25.30244],[89.27013,25.30329],[89.27708,25.30092],[89.28143,25.30061],[89.28706,25.30198],[89.29244,25.30213],[89.29829,25.30079],[89.3075,25.30098],[89.31921,25.30395],[89.33727,25.30366],[89.34425,25.30661],[89.34728,25.3081]]]}},{"type":"Feature","properties":{"district_id":"gaibandha","upazila_id":"gaibandha-phulchari","source_name":"Phulchhari","source_pcode":"553221","match_method":"unique-near"},"geometry":{"type":"Polygon","coordinates":[[[89.7352,25.33657],[89.73902,25.32855],[89.74075,25.32154],[89.74476,25.31329],[89.74706,25.29779],[89.74814,25.29522],[89.75676,25.28684],[89.757,25.28274],[89.75875,25.27925],[89.75307,25.26842],[89.75056,25.26073],[89.75056,25.2576],[89.75689,25.24341],[89.75156,25.239],[89.74662,25.23152],[89.74436,25.23076],[89.73653,25.23031],[89.71648,25.23153],[89.71085,25.23105],[89.70657,25.22958],[89.70353,25.22718],[89.69736,25.21681],[89.69483,25.20777],[89.69157,25.20298],[89.68615,25.19777],[89.67737,25.18381],[89.6792,25.17685],[89.67686,25.16796],[89.66197,25.15171],[89.65435,25.13999],[89.6528,25.12517],[89.65331,25.11857],[89.65599,25.10989],[89.6519,25.10842],[89.6481,25.10903],[89.63047,25.10782],[89.62644,25.10993],[89.62516,25.11188],[89.62309,25.11123],[89.62217,25.0963],[89.61897,25.09191],[89.61672,25.09166],[89.61022,25.09931],[89.60918,25.10473],[89.60989,25.10989],[89.60934,25.1149],[89.60955,25.11633],[89.61479,25.11976],[89.61935,25.12783],[89.61967,25.13186],[89.6179,25.13461],[89.61814,25.13785],[89.61971,25.14237],[89.61967,25.14778],[89.61716,25.15053],[89.61528,25.15091],[89.61371,25.14991],[89.60959,25.14229],[89.60572,25.14263],[89.60361,25.15142],[89.60652,25.16218],[89.60984,25.1623],[89.61213,25.16096],[89.61327,25.16179],[89.61383,25.16605],[89.61324,25.17197],[89.60609,25.1748],[89.60269,25.18076],[89.59624,25.18427],[89.59305,25.18369],[89.58819,25.18472],[89.588,25.18831],[89.58994,25.1922],[89.58451,25.2012],[89.58327,25.20594],[89.57889,25.21374],[89.57613,25.21338],[89.57522,25.21503],[89.57532,25.2172],[89.57391,25.2196],[89.57172,25.21901],[89.56973,25.21949],[89.56913,25.22132],[89.57004,25.22375],[89.57269,25.22468],[89.5746,25.22357],[89.576,25.22503],[89.57534,25.22697],[89.57581,25.23305],[89.5733,25.23308],[89.57104,25.23192],[89.5698,25.23239],[89.56747,25.23533],[89.57081,25.2371],[89.57227,25.23895],[89.57206,25.24077],[89.56685,25.23943],[89.56678,25.24312],[89.57016,25.24388],[89.571,25.245],[89.56902,25.24678],[89.56825,25.2494],[89.56403,25.24788],[89.56248,25.24819],[89.56281,25.24943],[89.56934,25.25485],[89.57043,25.26086],[89.57015,25.26354],[89.56832,25.26641],[89.56707,25.26625],[89.56618,25.26934],[89.57109,25.27523],[89.57307,25.27402],[89.5759,25.27494],[89.57712,25.27662],[89.57652,25.27777],[89.57317,25.27981],[89.57369,25.28196],[89.57676,25.2859],[89.57629,25.28772],[89.5776,25.2918],[89.57713,25.29356],[89.57321,25.29112],[89.57184,25.29154],[89.57314,25.29476],[89.57813,25.29798],[89.57992,25.30035],[89.58098,25.30374],[89.58032,25.30585],[89.57738,25.30618],[89.57349,25.30527],[89.57459,25.30792],[89.57733,25.3109],[89.57573,25.31217],[89.57585,25.31621],[89.575,25.31764],[89.57552,25.31888],[89.58318,25.32861],[89.5865,25.3289],[89.58948,25.32698],[89.59468,25.32776],[89.59905,25.32741],[89.60339,25.32849],[89.60741,25.33309],[89.61604,25.33302],[89.62189,25.33549],[89.62763,25.33393],[89.63957,25.33324],[89.64318,25.3279],[89.64444,25.3243],[89.65601,25.32031],[89.65859,25.32113],[89.66058,25.32389],[89.65839,25.32746],[89.65931,25.33067],[89.66096,25.33184],[89.66545,25.33121],[89.6683,25.33276],[89.68005,25.35106],[89.68137,25.3554],[89.67977,25.36118],[89.681,25.36354],[89.68961,25.36165],[89.69274,25.36201],[89.69396,25.36363],[89.6925,25.37349],[89.69286,25.38036],[89.69341,25.38331],[89.69662,25.38474],[89.70445,25.38473],[89.70499,25.38285],[89.70329,25.38231],[89.7001,25.37883],[89.70504,25.37478],[89.70599,25.37198],[89.70784,25.36996],[89.71199,25.36768],[89.71661,25.36675],[89.71796,25.36463],[89.71833,25.36099],[89.71886,25.34438],[89.72104,25.34333],[89.72488,25.34543],[89.72744,25.34431],[89.73097,25.33476],[89.7352,25.33657]]]}},{"type":"Feature","properties":{"district_id":"gaibandha","upazila_id":"gaibandha-sadullapur","source_name":"Sadullapur","source_pcode":"553282","match_method":"exact"},"geometry":{"type":"Polygon","coordinates":[[[89.4119,25.46591],[89.41608,25.46528],[89.41848,25.46377],[89.42229,25.46541],[89.42538,25.46985],[89.428,25.47553],[89.42992,25.47625],[89.43585,25.4756],[89.43913,25.4865],[89.44067,25.48757],[89.44362,25.48708],[89.44604,25.4891],[89.44831,25.49294],[89.45356,25.49287],[89.45647,25.49196],[89.46655,25.49218],[89.47151,25.49368],[89.47948,25.49353],[89.48178,25.49447],[89.48313,25.49836],[89.48699,25.4992],[89.49144,25.50674],[89.49272,25.5049],[89.49325,25.50211],[89.49835,25.50186],[89.50052,25.50063],[89.50086,25.49892],[89.49845,25.49572],[89.49417,25.49271],[89.49402,25.49084],[89.50022,25.48796],[89.50403,25.48894],[89.5059,25.48424],[89.5005,25.47852],[89.49741,25.4768],[89.49086,25.47634],[89.48997,25.47504],[89.49038,25.4698],[89.48941,25.468],[89.48404,25.46751],[89.48179,25.46037],[89.4839,25.45658],[89.48748,25.45443],[89.4923,25.45509],[89.49951,25.4489],[89.50022,25.4465],[89.4991,25.44271],[89.50446,25.44178],[89.5085,25.43979],[89.50979,25.43807],[89.51299,25.43868],[89.51522,25.42924],[89.51236,25.4224],[89.52093,25.41716],[89.51959,25.41206],[89.51817,25.40913],[89.51223,25.40938],[89.50564,25.40436],[89.50314,25.40439],[89.4986,25.39883],[89.498,25.39616],[89.49894,25.39183],[89.49808,25.38837],[89.50244,25.38689],[89.50558,25.38344],[89.50492,25.38112],[89.49839,25.37524],[89.49252,25.36805],[89.49114,25.36744],[89.48997,25.36871],[89.48816,25.36913],[89.48508,25.36838],[89.47541,25.37505],[89.47291,25.37508],[89.46969,25.37291],[89.47387,25.37217],[89.47174,25.36714],[89.47273,25.36667],[89.47646,25.36925],[89.47733,25.369],[89.47739,25.36451],[89.479,25.36312],[89.47684,25.36066],[89.47515,25.36028],[89.47281,25.35838],[89.47361,25.35695],[89.47635,25.35662],[89.47715,25.35531],[89.47651,25.35401],[89.46982,25.35399],[89.47028,25.35109],[89.47441,25.35131],[89.47531,25.34818],[89.47789,25.34484],[89.47649,25.34293],[89.47263,25.3439],[89.47081,25.34244],[89.46775,25.34215],[89.46053,25.34469],[89.44953,25.34338],[89.44729,25.34392],[89.44643,25.34546],[89.44764,25.35004],[89.44735,25.35141],[89.4463,25.3521],[89.44461,25.3523],[89.44208,25.34797],[89.43753,25.35035],[89.43497,25.35056],[89.43427,25.34955],[89.4363,25.34492],[89.43465,25.33724],[89.43845,25.3313],[89.43739,25.32787],[89.4339,25.32605],[89.43148,25.3141],[89.43195,25.30972],[89.4301,25.30629],[89.42544,25.30156],[89.42109,25.2987],[89.41901,25.29895],[89.41739,25.30016],[89.41208,25.30101],[89.40607,25.3063],[89.40141,25.30719],[89.39614,25.30992],[89.39438,25.30937],[89.39378,25.30751],[89.39455,25.30425],[89.39252,25.30297],[89.38728,25.30389],[89.38432,25.30188],[89.37126,25.30464],[89.36777,25.30647],[89.36353,25.30353],[89.36574,25.29984],[89.36403,25.29799],[89.35929,25.29659],[89.35559,25.29271],[89.35279,25.2948],[89.3524,25.3016],[89.3511,25.30447],[89.34728,25.3081],[89.34939,25.31188],[89.34692,25.31967],[89.34466,25.32044],[89.34138,25.31674],[89.33861,25.31518],[89.33652,25.31514],[89.33552,25.31646],[89.33736,25.32312],[89.33994,25.32773],[89.34338,25.32843],[89.34683,25.32787],[89.35188,25.33278],[89.35201,25.33662],[89.34406,25.33928],[89.34282,25.34292],[89.34812,25.35175],[89.34789,25.3555],[89.34577,25.36347],[89.34599,25.36682],[89.34933,25.37001],[89.35254,25.37127],[89.35523,25.37135],[89.35474,25.37749],[89.35938,25.38402],[89.36659,25.38972],[89.37136,25.40342],[89.3783,25.40724],[89.3808,25.41047],[89.38049,25.41422],[89.38383,25.41885],[89.3811,25.42123],[89.38293,25.42467],[89.38672,25.42843],[89.38425,25.43143],[89.38175,25.4318],[89.38452,25.44089],[89.38739,25.4445],[89.39277,25.44256],[89.39495,25.44368],[89.39977,25.45351],[89.40276,25.46539],[89.40461,25.46685],[89.40622,25.4649],[89.40842,25.46425],[89.4119,25.46591]]]}},{"type":"Feature","properties":{"district_id":"gaibandha","upazila_id":"gaibandha-saghata","source_name":"Sughatta","source_pcode":"553288","match_method":"unique-near"},"geometry":{"type":"Polygon","coordinates":[[[89.56747,25.23533],[89.5698,25.23239],[89.57104,25.23192],[89.5733,25.23308],[89.57581,25.23305],[89.57534,25.22697],[89.576,25.22503],[89.5746,25.22357],[89.57269,25.22468],[89.57004,25.22375],[89.56913,25.22132],[89.56973,25.21949],[89.57172,25.21901],[89.57391,25.2196],[89.57532,25.2172],[89.57522,25.21503],[89.57613,25.21338],[89.57889,25.21374],[89.58327,25.20594],[89.58451,25.2012],[89.58994,25.1922],[89.588,25.18831],[89.58819,25.18472],[89.59305,25.18369],[89.59624,25.18427],[89.60269,25.18076],[89.60609,25.1748],[89.61324,25.17197],[89.61383,25.16605],[89.61327,25.16179],[89.61213,25.16096],[89.60984,25.1623],[89.60652,25.16218],[89.60361,25.15142],[89.60572,25.14263],[89.60959,25.14229],[89.61371,25.14991],[89.61528,25.15091],[89.61716,25.15053],[89.61967,25.14778],[89.62007,25.14538],[89.6179,25.13461],[89.61967,25.13186],[89.61935,25.12783],[89.61479,25.11976],[89.60955,25.11633],[89.60989,25.10989],[89.60918,25.10473],[89.61022,25.09931],[89.6153,25.09276],[89.61672,25.09166],[89.61897,25.09191],[89.62217,25.0963],[89.62309,25.11123],[89.62516,25.11188],[89.62644,25.10993],[89.63047,25.10782],[89.6481,25.10903],[89.6519,25.10842],[89.65599,25.10989],[89.65538,25.10728],[89.64856,25.09869],[89.64379,25.08899],[89.64317,25.08621],[89.64536,25.08242],[89.65021,25.07707],[89.65367,25.07467],[89.65575,25.07624],[89.6572,25.07627],[89.65823,25.07467],[89.65666,25.06651],[89.66064,25.05399],[89.66064,25.05025],[89.65764,25.04575],[89.64721,25.04159],[89.64389,25.03726],[89.64156,25.03593],[89.63615,25.03777],[89.61802,25.0476],[89.61442,25.04878],[89.60912,25.0492],[89.60348,25.04791],[89.59711,25.04351],[89.57804,25.04209],[89.57386,25.038],[89.57223,25.03768],[89.56982,25.03862],[89.56461,25.03728],[89.55888,25.0381],[89.55506,25.03764],[89.54224,25.04049],[89.53767,25.03948],[89.52787,25.03967],[89.52986,25.04754],[89.52952,25.04959],[89.52638,25.05231],[89.52554,25.05494],[89.52204,25.05482],[89.52075,25.05586],[89.52124,25.05932],[89.52069,25.06029],[89.51375,25.06062],[89.51086,25.06242],[89.51136,25.06662],[89.5161,25.07076],[89.51593,25.07247],[89.51462,25.07294],[89.50999,25.0713],[89.50439,25.07308],[89.50358,25.07269],[89.50154,25.07426],[89.50126,25.07636],[89.5033,25.07923],[89.50397,25.08235],[89.50137,25.08421],[89.49993,25.08644],[89.5007,25.08933],[89.50209,25.08999],[89.50424,25.08786],[89.50623,25.08743],[89.507,25.08839],[89.50737,25.09254],[89.51389,25.09769],[89.51487,25.10113],[89.5146,25.10357],[89.50993,25.10944],[89.50954,25.11683],[89.50206,25.12592],[89.49593,25.12958],[89.49707,25.13054],[89.50265,25.13154],[89.5041,25.13265],[89.50314,25.13596],[89.50166,25.13718],[89.49787,25.13803],[89.49192,25.13697],[89.48881,25.13798],[89.48734,25.1405],[89.48763,25.14312],[89.49367,25.14951],[89.49495,25.15188],[89.49458,25.15262],[89.49039,25.15194],[89.49003,25.15308],[89.49448,25.16297],[89.49384,25.17037],[89.49476,25.17303],[89.49673,25.17533],[89.49786,25.17941],[89.5032,25.18189],[89.50479,25.18346],[89.50377,25.19028],[89.50768,25.19257],[89.50841,25.1954],[89.51302,25.19517],[89.51438,25.19345],[89.5146,25.19168],[89.51788,25.18891],[89.52046,25.19035],[89.52231,25.19294],[89.52693,25.19277],[89.52687,25.20458],[89.52412,25.20962],[89.52637,25.21329],[89.52557,25.21847],[89.52818,25.22139],[89.53062,25.22141],[89.53378,25.21977],[89.5358,25.22071],[89.54012,25.22599],[89.54214,25.2271],[89.55075,25.22573],[89.55457,25.22597],[89.5569,25.22695],[89.5633,25.23249],[89.56747,25.23533]]]}},{"type":"Feature","properties":{"district_id":"gaibandha","upazila_id":"gaibandha-sundarganj","source_name":"Sundarganj","source_pcode":"553291","match_method":"exact"},"geometry":{"type":"Polygon","coordinates":[[[89.41344,25.56223],[89.41275,25.56787],[89.41608,25.57529],[89.41644,25.58422],[89.41773,25.5868],[89.41986,25.58864],[89.43027,25.58774],[89.43845,25.59068],[89.44032,25.59002],[89.4437,25.58493],[89.44569,25.5837],[89.44737,25.58407],[89.45201,25.58837],[89.45853,25.59026],[89.46648,25.59594],[89.47018,25.59713],[89.473,25.59704],[89.47572,25.59478],[89.47791,25.58992],[89.48377,25.58655],[89.48622,25.58367],[89.48907,25.57658],[89.49187,25.57473],[89.49511,25.57383],[89.49725,25.57465],[89.49855,25.5777],[89.4969,25.58124],[89.5015,25.58238],[89.50165,25.5843],[89.49286,25.59204],[89.49187,25.5937],[89.49149,25.59729],[89.4938,25.60544],[89.4976,25.61317],[89.49892,25.61321],[89.50428,25.61064],[89.50562,25.61154],[89.50588,25.61272],[89.5025,25.618],[89.50255,25.62038],[89.50443,25.62036],[89.5099,25.61722],[89.51551,25.61764],[89.52254,25.62301],[89.52442,25.6227],[89.52607,25.62415],[89.52396,25.626],[89.52533,25.62916],[89.53444,25.64177],[89.53808,25.64314],[89.5447,25.64139],[89.55228,25.63617],[89.55547,25.62782],[89.55229,25.61656],[89.55427,25.61033],[89.55363,25.6096],[89.54823,25.60939],[89.5469,25.60424],[89.54542,25.60187],[89.54283,25.60106],[89.54053,25.60257],[89.53828,25.60266],[89.53812,25.60062],[89.54282,25.59174],[89.54978,25.58806],[89.56966,25.58476],[89.57353,25.58283],[89.58038,25.57176],[89.58373,25.56944],[89.58744,25.56541],[89.59104,25.55944],[89.59358,25.55742],[89.59915,25.55694],[89.60236,25.55792],[89.60529,25.56009],[89.61212,25.56801],[89.61833,25.56803],[89.63297,25.56151],[89.64088,25.55508],[89.64373,25.54856],[89.6525,25.54433],[89.66479,25.54063],[89.66989,25.53464],[89.67395,25.53338],[89.68635,25.53257],[89.69661,25.53498],[89.69842,25.53455],[89.70155,25.53053],[89.69855,25.52739],[89.69691,25.52684],[89.69599,25.52424],[89.68816,25.52061],[89.68615,25.51785],[89.68587,25.5149],[89.68767,25.50976],[89.6897,25.50756],[89.68827,25.50475],[89.69996,25.49906],[89.70183,25.49471],[89.70071,25.4916],[89.69748,25.48936],[89.68813,25.48861],[89.67818,25.48915],[89.67577,25.48811],[89.6743,25.4862],[89.67376,25.48342],[89.67483,25.47971],[89.68167,25.47671],[89.68721,25.47071],[89.68698,25.46805],[89.68503,25.46353],[89.68649,25.46146],[89.69173,25.46337],[89.69773,25.46294],[89.69845,25.46446],[89.70398,25.46574],[89.70773,25.46506],[89.70957,25.46276],[89.71021,25.45962],[89.70381,25.43636],[89.69793,25.42553],[89.69273,25.42135],[89.6908,25.4187],[89.69128,25.41739],[89.70071,25.41912],[89.70313,25.41818],[89.70595,25.41131],[89.70558,25.40745],[89.70296,25.40465],[89.68858,25.40578],[89.68066,25.40345],[89.67939,25.40285],[89.67772,25.40025],[89.67364,25.39884],[89.67001,25.39622],[89.66644,25.39605],[89.64767,25.40031],[89.64146,25.3996],[89.63835,25.40141],[89.63274,25.40684],[89.63105,25.40686],[89.62711,25.40306],[89.62287,25.4042],[89.61935,25.40795],[89.62094,25.40878],[89.62488,25.40872],[89.62473,25.41111],[89.62231,25.41262],[89.61552,25.41117],[89.61258,25.41504],[89.61189,25.41936],[89.61053,25.42018],[89.60725,25.41824],[89.60365,25.42],[89.59918,25.41927],[89.595,25.42831],[89.59265,25.43022],[89.5915,25.43251],[89.58814,25.43426],[89.58422,25.43159],[89.58131,25.43072],[89.57705,25.43391],[89.57586,25.43756],[89.57378,25.44061],[89.57205,25.44285],[89.56963,25.44431],[89.56168,25.44396],[89.56071,25.44267],[89.56198,25.43935],[89.55439,25.43918],[89.54494,25.43545],[89.5414,25.43737],[89.53899,25.43974],[89.53117,25.43979],[89.52889,25.43868],[89.52673,25.43621],[89.52233,25.43537],[89.51299,25.43868],[89.50979,25.43807],[89.5085,25.43979],[89.50446,25.44178],[89.4991,25.44271],[89.50022,25.4465],[89.49951,25.4489],[89.4923,25.45509],[89.48748,25.45443],[89.4839,25.45658],[89.48179,25.46037],[89.48404,25.46751],[89.48941,25.468],[89.49038,25.4698],[89.48997,25.47504],[89.49086,25.47634],[89.49741,25.4768],[89.5005,25.47852],[89.5059,25.48424],[89.50403,25.48894],[89.50022,25.48796],[89.49402,25.49084],[89.49417,25.49271],[89.49845,25.49572],[89.50086,25.49892],[89.50052,25.50063],[89.49835,25.50186],[89.49325,25.50211],[89.49272,25.5049],[89.49144,25.50674],[89.48699,25.4992],[89.48313,25.49836],[89.48178,25.49447],[89.47948,25.49353],[89.47151,25.49368],[89.46655,25.49218],[89.45647,25.49196],[89.45356,25.49287],[89.44831,25.49294],[89.44508,25.49508],[89.44395,25.49668],[89.44323,25.50083],[89.44726,25.50491],[89.44286,25.5096],[89.443,25.51159],[89.446,25.51568],[89.44505,25.51892],[89.44337,25.52114],[89.44048,25.51852],[89.43816,25.52002],[89.43791,25.52161],[89.43961,25.52267],[89.43818,25.52489],[89.44185,25.5278],[89.44281,25.53017],[89.44135,25.5328],[89.4401,25.53379],[89.437,25.53048],[89.4346,25.52915],[89.43247,25.52911],[89.43043,25.53091],[89.43102,25.53585],[89.42972,25.53599],[89.42692,25.53375],[89.42538,25.52865],[89.42387,25.52764],[89.4216,25.52744],[89.41881,25.52913],[89.41779,25.53376],[89.41624,25.53504],[89.41039,25.53123],[89.40769,25.53161],[89.4043,25.53484],[89.40345,25.53811],[89.40391,25.54101],[89.40488,25.54209],[89.40646,25.54224],[89.40993,25.53797],[89.41111,25.53938],[89.41435,25.53906],[89.41519,25.53996],[89.41477,25.54259],[89.41243,25.54405],[89.41026,25.547],[89.4165,25.548],[89.41715,25.5489],[89.41667,25.55177],[89.41296,25.55347],[89.41529,25.55669],[89.41471,25.55915],[89.41344,25.56223]]]}},{"type":"Feature","properties":{"district_id":"kurigram","upazila_id":"kurigram-bhurungamari","source_name":"Bhurungamari","source_pcode":"554906","match_method":"exact"},"geometry":{"type":"Polygon","coordinates":[[[89.6376,26.22235],[89.63758,26.22768],[89.6391,26.22851],[89.64481,26.22632],[89.65108,26.22083],[89.65717,26.21847],[89.66087,26.21767],[89.6667,26.21946],[89.67325,26.21868],[89.6745,26.21906],[89.6742,26.22719],[89.68034,26.23546],[89.68217,26.23572],[89.68311,26.22831],[89.68486,26.22709],[89.68855,26.22874],[89.68935,26.22828],[89.68933,26.22668],[89.68696,26.22405],[89.68277,26.22286],[89.68188,26.22185],[89.6823,26.22128],[89.68571,26.22128],[89.68932,26.22225],[89.69215,26.22175],[89.69245,26.22073],[89.69014,26.21815],[89.68848,26.21777],[89.68124,26.21878],[89.6808,26.21783],[89.68153,26.21611],[89.68559,26.20986],[89.68684,26.20938],[89.69386,26.21121],[89.69392,26.2103],[89.68867,26.20595],[89.67956,26.20773],[89.67765,26.20668],[89.67615,26.20363],[89.67636,26.20136],[89.68115,26.19731],[89.68728,26.19773],[89.68717,26.19534],[89.68525,26.19327],[89.68504,26.18873],[89.68984,26.18138],[89.69592,26.17515],[89.70518,26.17165],[89.69624,26.16781],[89.69272,26.1686],[89.68785,26.16788],[89.68389,26.16431],[89.68336,26.16289],[89.68464,26.16042],[89.68971,26.15824],[89.69314,26.16058],[89.69554,26.16014],[89.70091,26.15757],[89.70544,26.15312],[89.7084,26.15239],[89.71111,26.15292],[89.7131,26.15442],[89.71395,26.16453],[89.71614,26.16739],[89.71835,26.16753],[89.71975,26.16472],[89.72195,26.16452],[89.72359,26.1604],[89.72267,26.15496],[89.72449,26.15466],[89.73912,26.15823],[89.74442,26.15855],[89.74844,26.1578],[89.75092,26.15561],[89.75535,26.149],[89.75709,26.14414],[89.75734,26.14027],[89.75913,26.13837],[89.76627,26.13559],[89.76936,26.13202],[89.77066,26.12745],[89.7706,26.12421],[89.7606,26.11233],[89.75913,26.10904],[89.76105,26.10691],[89.76687,26.1083],[89.76913,26.10792],[89.77411,26.1042],[89.77711,26.10347],[89.78384,26.10627],[89.78704,26.10525],[89.79017,26.10043],[89.78654,26.09844],[89.78969,26.09458],[89.7858,26.08822],[89.78589,26.08321],[89.78813,26.08119],[89.79453,26.08723],[89.79642,26.08748],[89.79754,26.08616],[89.79865,26.08098],[89.79579,26.07686],[89.79539,26.07484],[89.79623,26.07372],[89.79992,26.07447],[89.79974,26.07083],[89.80182,26.06784],[89.8022,26.06494],[89.80136,26.06342],[89.8038,26.05929],[89.80347,26.05764],[89.80125,26.05671],[89.79739,26.05598],[89.79116,26.05619],[89.78829,26.05436],[89.7887,26.05196],[89.79222,26.04838],[89.79218,26.04611],[89.78337,26.04295],[89.78114,26.04145],[89.77796,26.03692],[89.77901,26.03444],[89.77613,26.03193],[89.77334,26.03083],[89.76931,26.03402],[89.76903,26.03596],[89.77502,26.04433],[89.77567,26.04876],[89.77433,26.05179],[89.77215,26.05301],[89.76926,26.05335],[89.76775,26.0532],[89.76569,26.05079],[89.7644,26.04211],[89.75934,26.04026],[89.75779,26.03869],[89.75724,26.03512],[89.75647,26.03462],[89.75181,26.03407],[89.74341,26.03624],[89.7381,26.03524],[89.73409,26.03286],[89.73235,26.03015],[89.72897,26.02753],[89.72632,26.02735],[89.72438,26.02829],[89.72711,26.03314],[89.72708,26.03524],[89.72567,26.03765],[89.72029,26.03967],[89.71707,26.03915],[89.71762,26.03436],[89.71685,26.03301],[89.71162,26.03264],[89.70982,26.03425],[89.70943,26.04176],[89.7059,26.04494],[89.70008,26.04679],[89.69566,26.04646],[89.69286,26.0444],[89.69065,26.04017],[89.68791,26.03816],[89.68417,26.04078],[89.68109,26.03696],[89.67707,26.03765],[89.67707,26.0414],[89.68172,26.04822],[89.6799,26.04886],[89.67802,26.04769],[89.67712,26.04862],[89.67734,26.04982],[89.67487,26.05286],[89.68093,26.05396],[89.68113,26.05481],[89.67848,26.05815],[89.67987,26.05869],[89.68389,26.05795],[89.68536,26.05958],[89.67986,26.06119],[89.68021,26.06386],[89.67508,26.06939],[89.6729,26.07068],[89.67163,26.07063],[89.67293,26.06528],[89.6724,26.06369],[89.66689,26.05809],[89.66551,26.05834],[89.66109,26.06562],[89.6556,26.06849],[89.65513,26.06639],[89.65711,26.06091],[89.65577,26.05973],[89.65458,26.05981],[89.65089,26.06157],[89.65235,26.06223],[89.65269,26.06359],[89.6502,26.06868],[89.64008,26.07485],[89.63712,26.0782],[89.63566,26.08146],[89.63682,26.0832],[89.63999,26.08515],[89.64342,26.09021],[89.63556,26.09465],[89.63978,26.09891],[89.63629,26.10117],[89.63471,26.10466],[89.63267,26.10697],[89.62872,26.10839],[89.62732,26.10774],[89.62647,26.10575],[89.62634,26.10143],[89.62537,26.09997],[89.62255,26.10075],[89.62001,26.10317],[89.61686,26.10305],[89.61627,26.10129],[89.61978,26.09692],[89.62006,26.09482],[89.61923,26.09386],[89.61492,26.09608],[89.61327,26.09486],[89.61297,26.08844],[89.61145,26.08818],[89.60819,26.09307],[89.60608,26.09462],[89.59845,26.09842],[89.59666,26.10089],[89.59688,26.10254],[89.60388,26.10341],[89.6041,26.10505],[89.59803,26.10741],[89.59849,26.1086],[89.60213,26.1086],[89.60297,26.10939],[89.60139,26.11293],[89.60334,26.11262],[89.60521,26.11117],[89.60779,26.10693],[89.61196,26.10795],[89.61441,26.10769],[89.61703,26.10623],[89.6188,26.10643],[89.62045,26.10697],[89.63161,26.11545],[89.63299,26.1189],[89.63121,26.1262],[89.62847,26.12783],[89.6268,26.12621],[89.62348,26.11921],[89.6214,26.11918],[89.61872,26.12138],[89.61652,26.12556],[89.61497,26.12689],[89.6133,26.12538],[89.61066,26.11701],[89.6095,26.11611],[89.60818,26.11653],[89.60621,26.11923],[89.606,26.12173],[89.60969,26.12356],[89.60928,26.12515],[89.60539,26.12663],[89.60072,26.13369],[89.60036,26.13568],[89.60103,26.13766],[89.59866,26.13912],[89.60069,26.14443],[89.60004,26.14683],[89.60038,26.15245],[89.59459,26.15691],[89.59689,26.15949],[89.59962,26.16047],[89.60207,26.15953],[89.6054,26.15539],[89.6079,26.1582],[89.6097,26.15215],[89.61153,26.15201],[89.61349,26.15335],[89.61436,26.15572],[89.61344,26.15755],[89.61182,26.15837],[89.61268,26.16103],[89.61598,26.16172],[89.61739,26.16437],[89.62197,26.16681],[89.62129,26.16772],[89.617,26.16705],[89.61512,26.16787],[89.61397,26.17056],[89.61381,26.17261],[89.61797,26.17278],[89.61803,26.17692],[89.61951,26.17804],[89.62448,26.17797],[89.62547,26.17619],[89.62383,26.17331],[89.62476,26.17137],[89.6269,26.17145],[89.62936,26.17534],[89.63319,26.17818],[89.63708,26.17738],[89.63876,26.17645],[89.63779,26.17481],[89.63437,26.17333],[89.63377,26.17175],[89.6393,26.17053],[89.64143,26.16607],[89.64318,26.16479],[89.64935,26.16413],[89.65188,26.16466],[89.65273,26.16641],[89.65188,26.16864],[89.65555,26.16967],[89.65952,26.17336],[89.66062,26.17563],[89.65904,26.17893],[89.65623,26.18024],[89.65143,26.18014],[89.64446,26.18189],[89.64139,26.1788],[89.63343,26.18176],[89.63076,26.18413],[89.62984,26.18619],[89.63132,26.18787],[89.63645,26.18904],[89.63303,26.19171],[89.63414,26.19465],[89.63616,26.1949],[89.63853,26.19328],[89.6399,26.18797],[89.64138,26.18602],[89.64734,26.18423],[89.64912,26.18522],[89.65035,26.18753],[89.65304,26.18994],[89.64371,26.19747],[89.64097,26.20757],[89.6366,26.21019],[89.63725,26.21886],[89.6376,26.22235]]]}},{"type":"Feature","properties":{"district_id":"kurigram","upazila_id":"kurigram-charrajibpur","source_name":"Charrajibpur","source_pcode":"554908","match_method":"exact"},"geometry":{"type":"Polygon","coordinates":[[[89.74798,25.61803],[89.74939,25.61585],[89.75089,25.61577],[89.75217,25.61706],[89.7525,25.61836],[89.75024,25.62147],[89.75021,25.62334],[89.7515,25.62543],[89.75774,25.62777],[89.77178,25.63699],[89.78376,25.63748],[89.78934,25.63364],[89.791,25.63066],[89.79051,25.62135],[89.79198,25.61956],[89.79535,25.61826],[89.79895,25.61269],[89.80174,25.61065],[89.80277,25.60483],[89.80658,25.60376],[89.80684,25.60079],[89.80265,25.58983],[89.80442,25.58429],[89.80195,25.57949],[89.79314,25.56725],[89.79008,25.56014],[89.78912,25.55543],[89.79034,25.55405],[89.80135,25.55194],[89.807,25.54901],[89.80904,25.54738],[89.81062,25.54463],[89.81174,25.54006],[89.80941,25.53635],[89.8038,25.53473],[89.79852,25.53033],[89.79752,25.52682],[89.79736,25.51744],[89.79598,25.51036],[89.79214,25.50951],[89.78642,25.51233],[89.78072,25.51185],[89.77503,25.51313],[89.7717,25.51266],[89.76465,25.51807],[89.76239,25.51793],[89.75945,25.51457],[89.75635,25.51274],[89.75096,25.51209],[89.74722,25.51038],[89.74497,25.50723],[89.7443,25.50491],[89.74857,25.50172],[89.74918,25.50046],[89.74994,25.49653],[89.74705,25.49282],[89.74908,25.49069],[89.74989,25.48692],[89.75238,25.48575],[89.75622,25.48694],[89.75897,25.48633],[89.7608,25.48346],[89.76205,25.47582],[89.76157,25.4698],[89.76381,25.46903],[89.7651,25.46764],[89.76376,25.46238],[89.76481,25.46139],[89.76503,25.45957],[89.76315,25.45642],[89.76616,25.4562],[89.76865,25.45497],[89.77011,25.45273],[89.76541,25.44916],[89.76262,25.44352],[89.75779,25.43655],[89.75916,25.4355],[89.76211,25.43529],[89.77001,25.43232],[89.77408,25.43197],[89.77264,25.42944],[89.77332,25.42806],[89.77711,25.42613],[89.77892,25.42258],[89.77875,25.41951],[89.7774,25.41754],[89.77711,25.4155],[89.78216,25.41388],[89.78318,25.41159],[89.78636,25.41081],[89.78738,25.40499],[89.78448,25.39611],[89.78373,25.38896],[89.78147,25.38519],[89.77913,25.38341],[89.7663,25.3803],[89.75441,25.38067],[89.74916,25.37757],[89.74667,25.37425],[89.74456,25.37564],[89.75359,25.38795],[89.7537,25.39034],[89.74569,25.39064],[89.74364,25.39164],[89.7441,25.39703],[89.74243,25.39802],[89.73943,25.39808],[89.73559,25.39677],[89.72462,25.39608],[89.71331,25.39386],[89.70847,25.3965],[89.7038,25.39446],[89.70124,25.39866],[89.69907,25.39994],[89.69972,25.40169],[89.70558,25.40745],[89.70595,25.41131],[89.70313,25.41818],[89.70071,25.41912],[89.69128,25.41739],[89.6908,25.4187],[89.69273,25.42135],[89.69793,25.42553],[89.70381,25.43636],[89.71021,25.45962],[89.70957,25.46276],[89.70773,25.46506],[89.70398,25.46574],[89.69845,25.46446],[89.69773,25.46294],[89.69173,25.46337],[89.68649,25.46146],[89.68503,25.46353],[89.68698,25.46805],[89.68721,25.47071],[89.68167,25.47671],[89.67483,25.47971],[89.67376,25.48342],[89.6743,25.4862],[89.67577,25.48811],[89.67818,25.48915],[89.68813,25.48861],[89.69748,25.48936],[89.70071,25.4916],[89.70183,25.49471],[89.69996,25.49906],[89.68827,25.50475],[89.6897,25.50756],[89.68767,25.50976],[89.68587,25.5149],[89.68615,25.51785],[89.68816,25.52061],[89.69599,25.52424],[89.69691,25.52684],[89.69855,25.52739],[89.70155,25.53053],[89.70537,25.53086],[89.71483,25.52646],[89.72512,25.52306],[89.72855,25.52608],[89.7328,25.53266],[89.73359,25.53464],[89.73314,25.53794],[89.72982,25.54152],[89.72935,25.54386],[89.72764,25.54621],[89.72528,25.54762],[89.71267,25.54718],[89.71195,25.55293],[89.71993,25.56173],[89.7252,25.56922],[89.72255,25.57147],[89.7113,25.57045],[89.70846,25.5689],[89.70568,25.56411],[89.70367,25.56426],[89.7012,25.56634],[89.69888,25.57019],[89.69875,25.57371],[89.70056,25.5767],[89.70335,25.57899],[89.71305,25.58515],[89.71424,25.58854],[89.71433,25.59399],[89.71699,25.59896],[89.71878,25.60041],[89.72629,25.5966],[89.72807,25.598],[89.72861,25.60439],[89.73103,25.60641],[89.7344,25.60477],[89.73579,25.60237],[89.73822,25.60102],[89.74062,25.60195],[89.74194,25.60562],[89.74257,25.61346],[89.74449,25.61598],[89.74798,25.61803]]]}},{"type":"Feature","properties":{"district_id":"kurigram","upazila_id":"kurigram-chilmari","source_name":"Chilmari","source_pcode":"554909","match_method":"exact"},"geometry":{"type":"Polygon","coordinates":[[[89.74798,25.61803],[89.74449,25.61598],[89.74257,25.61346],[89.74194,25.60562],[89.74062,25.60195],[89.73822,25.60102],[89.73579,25.60237],[89.7344,25.60477],[89.73103,25.60641],[89.72861,25.60439],[89.72807,25.598],[89.72629,25.5966],[89.71878,25.60041],[89.71699,25.59896],[89.71433,25.59399],[89.71424,25.58854],[89.71305,25.58515],[89.70335,25.57899],[89.70056,25.5767],[89.69875,25.57371],[89.69888,25.57019],[89.7012,25.56634],[89.70367,25.56426],[89.70568,25.56411],[89.70846,25.5689],[89.7113,25.57045],[89.72255,25.57147],[89.7252,25.56922],[89.71993,25.56173],[89.71195,25.55293],[89.71267,25.54718],[89.72528,25.54762],[89.72764,25.54621],[89.72935,25.54386],[89.72982,25.54152],[89.73314,25.53794],[89.73359,25.53464],[89.7328,25.53266],[89.72855,25.52608],[89.72512,25.52306],[89.71483,25.52646],[89.70537,25.53086],[89.70155,25.53053],[89.69842,25.53455],[89.69661,25.53498],[89.68635,25.53257],[89.67395,25.53338],[89.66989,25.53464],[89.66479,25.54063],[89.6525,25.54433],[89.64373,25.54856],[89.64088,25.55508],[89.63297,25.56151],[89.6348,25.56688],[89.63627,25.57595],[89.63761,25.57758],[89.64272,25.58001],[89.64567,25.58394],[89.65276,25.58423],[89.65767,25.59263],[89.65777,25.59866],[89.65842,25.60007],[89.65665,25.60305],[89.65356,25.60258],[89.6516,25.60119],[89.65099,25.59819],[89.64934,25.59713],[89.64665,25.59797],[89.64397,25.60267],[89.64538,25.60492],[89.65324,25.61032],[89.65869,25.62473],[89.66154,25.6264],[89.66476,25.62714],[89.66649,25.62984],[89.66601,25.63076],[89.6585,25.63213],[89.65913,25.6361],[89.65712,25.63992],[89.65801,25.64072],[89.66302,25.64037],[89.66603,25.63599],[89.6679,25.63511],[89.66984,25.63918],[89.67544,25.63966],[89.67879,25.64114],[89.67734,25.64458],[89.67793,25.64576],[89.68391,25.64715],[89.6862,25.64888],[89.6866,25.65018],[89.68445,25.65368],[89.68547,25.65435],[89.6998,25.65578],[89.70914,25.65535],[89.71384,25.65141],[89.71898,25.65065],[89.72146,25.64891],[89.72269,25.64372],[89.72464,25.64021],[89.74026,25.62526],[89.74634,25.62119],[89.74798,25.61803]]]}},{"type":"Feature","properties":{"district_id":"kurigram","upazila_id":"kurigram-kurigram-sadar","source_name":"Kurigram S.","source_pcode":"554952","match_method":"exact"},"geometry":{"type":"Polygon","coordinates":[[[89.6492,25.89902],[89.66211,25.9002],[89.66295,25.90127],[89.6634,25.9062],[89.6686,25.90903],[89.67017,25.91241],[89.67264,25.91334],[89.67383,25.91287],[89.67418,25.91139],[89.67419,25.90428],[89.67467,25.90302],[89.6758,25.90306],[89.67728,25.90469],[89.67799,25.90944],[89.67963,25.91022],[89.68207,25.90638],[89.68559,25.90502],[89.6871,25.90199],[89.68432,25.89691],[89.69001,25.89535],[89.69163,25.89379],[89.69063,25.89056],[89.68637,25.88813],[89.68304,25.88795],[89.68095,25.8869],[89.6794,25.88459],[89.68272,25.87676],[89.69008,25.87647],[89.69186,25.87747],[89.69379,25.88074],[89.69663,25.88155],[89.71613,25.88108],[89.72796,25.8784],[89.73038,25.87684],[89.73296,25.87315],[89.73765,25.87154],[89.73829,25.86858],[89.74171,25.86597],[89.74162,25.86444],[89.74248,25.86334],[89.74899,25.86159],[89.75313,25.85835],[89.7569,25.85408],[89.75955,25.8462],[89.76311,25.84534],[89.77848,25.84755],[89.78657,25.84998],[89.79173,25.84643],[89.79728,25.8514],[89.80545,25.8548],[89.8103,25.85546],[89.81306,25.85559],[89.82428,25.85342],[89.83051,25.85329],[89.8309,25.83762],[89.82552,25.82921],[89.81453,25.81698],[89.81694,25.81296],[89.81748,25.80282],[89.81462,25.79741],[89.80863,25.79284],[89.80613,25.78975],[89.80621,25.78401],[89.79844,25.77743],[89.79694,25.77461],[89.79707,25.7675],[89.78831,25.76611],[89.78407,25.76401],[89.77511,25.76535],[89.77228,25.76511],[89.76785,25.76336],[89.76365,25.7636],[89.7552,25.7689],[89.74983,25.76756],[89.74809,25.76787],[89.74672,25.76931],[89.7461,25.77347],[89.74511,25.77394],[89.74348,25.77454],[89.73842,25.7724],[89.73347,25.77276],[89.73122,25.7774],[89.72731,25.78007],[89.71958,25.78036],[89.69933,25.7751],[89.68954,25.77149],[89.6899,25.76649],[89.69093,25.76472],[89.69144,25.75384],[89.68792,25.74958],[89.68256,25.74801],[89.67918,25.74522],[89.67597,25.74453],[89.67296,25.74514],[89.66747,25.74744],[89.66618,25.74927],[89.66393,25.75016],[89.65592,25.75176],[89.65469,25.75364],[89.65511,25.75581],[89.65446,25.75859],[89.65318,25.76079],[89.65125,25.76165],[89.64856,25.75875],[89.64546,25.76135],[89.64383,25.76126],[89.64188,25.75748],[89.63964,25.75848],[89.63475,25.7556],[89.63326,25.75619],[89.63261,25.75921],[89.63303,25.76108],[89.63437,25.76271],[89.63947,25.76406],[89.64031,25.76501],[89.63852,25.76708],[89.63583,25.76746],[89.63102,25.76554],[89.62923,25.76381],[89.62709,25.75941],[89.62486,25.75779],[89.62278,25.75708],[89.61973,25.75843],[89.61951,25.76009],[89.62059,25.76132],[89.62412,25.76286],[89.61995,25.76855],[89.61553,25.771],[89.61422,25.77261],[89.61523,25.77577],[89.61365,25.7783],[89.60787,25.77526],[89.60485,25.77496],[89.60081,25.77729],[89.5997,25.78305],[89.60217,25.78847],[89.60262,25.79268],[89.60212,25.79677],[89.60078,25.7998],[89.5975,25.80275],[89.59222,25.80249],[89.59112,25.80421],[89.59175,25.8088],[89.59096,25.81012],[89.58203,25.81406],[89.58299,25.81512],[89.58766,25.81659],[89.58884,25.81907],[89.5888,25.8209],[89.58738,25.82245],[89.58082,25.82499],[89.57871,25.82688],[89.57857,25.82974],[89.58121,25.83345],[89.58125,25.83612],[89.58046,25.83813],[89.57613,25.84262],[89.57516,25.8445],[89.57526,25.84683],[89.57609,25.84791],[89.57812,25.84845],[89.5801,25.84762],[89.58302,25.84457],[89.58472,25.84523],[89.58642,25.85356],[89.58715,25.85508],[89.59043,25.85691],[89.59161,25.85974],[89.59164,25.86212],[89.58652,25.8639],[89.58884,25.86756],[89.58846,25.87047],[89.59177,25.87411],[89.59347,25.87767],[89.59892,25.88095],[89.60162,25.88488],[89.60684,25.88862],[89.60825,25.89047],[89.60883,25.89552],[89.60785,25.89713],[89.61275,25.90473],[89.61625,25.90718],[89.61971,25.90669],[89.62188,25.90505],[89.62273,25.90282],[89.62218,25.90028],[89.61625,25.89132],[89.6154,25.88861],[89.61744,25.88306],[89.61686,25.87813],[89.6182,25.87561],[89.6197,25.8748],[89.62235,25.87549],[89.62401,25.87694],[89.63047,25.87583],[89.63312,25.87653],[89.63979,25.88063],[89.64654,25.88235],[89.64953,25.88424],[89.65062,25.8869],[89.64892,25.88925],[89.64241,25.88759],[89.64079,25.88807],[89.64017,25.88938],[89.64072,25.89148],[89.64212,25.89288],[89.64822,25.89654],[89.6492,25.89902]]]}},{"type":"Feature","properties":{"district_id":"kurigram","upazila_id":"kurigram-nageshwari","source_name":"Nageshwari","source_pcode":"554961","match_method":"exact"},"geometry":{"type":"Polygon","coordinates":[[[89.60172,26.03803],[89.59507,26.04345],[89.59596,26.04424],[89.60201,26.0446],[89.6069,26.04766],[89.61559,26.0514],[89.61668,26.05297],[89.61442,26.05676],[89.60892,26.0594],[89.60789,26.06157],[89.60836,26.06361],[89.61033,26.06489],[89.61259,26.06451],[89.61553,26.05958],[89.61819,26.05983],[89.62106,26.05848],[89.62067,26.05366],[89.6216,26.05279],[89.62559,26.05444],[89.62942,26.05773],[89.63144,26.06151],[89.63371,26.06222],[89.63897,26.06026],[89.64429,26.06212],[89.6477,26.06241],[89.65577,26.05973],[89.65711,26.06091],[89.65513,26.06639],[89.6556,26.06849],[89.66109,26.06562],[89.66551,26.05834],[89.66689,26.05809],[89.6724,26.06369],[89.67293,26.06528],[89.67163,26.07063],[89.6729,26.07068],[89.67508,26.06939],[89.68021,26.06386],[89.67986,26.06119],[89.68536,26.05958],[89.68389,26.05795],[89.67987,26.05869],[89.67848,26.05815],[89.68113,26.05481],[89.68093,26.05396],[89.67487,26.05286],[89.67734,26.04982],[89.67712,26.04862],[89.67802,26.04769],[89.6799,26.04886],[89.68172,26.04822],[89.67707,26.0414],[89.67707,26.03765],[89.68109,26.03696],[89.68417,26.04078],[89.68791,26.03816],[89.69065,26.04017],[89.69286,26.0444],[89.69566,26.04646],[89.70008,26.04679],[89.7059,26.04494],[89.70943,26.04176],[89.70982,26.03425],[89.71162,26.03264],[89.71685,26.03301],[89.71762,26.03436],[89.71707,26.03915],[89.72029,26.03967],[89.72567,26.03765],[89.72708,26.03524],[89.72711,26.03314],[89.72438,26.02829],[89.72632,26.02735],[89.72897,26.02753],[89.73075,26.02871],[89.73409,26.03286],[89.7381,26.03524],[89.74341,26.03624],[89.75181,26.03407],[89.75647,26.03462],[89.75724,26.03512],[89.75779,26.03869],[89.75934,26.04026],[89.7644,26.04211],[89.76569,26.05079],[89.76775,26.0532],[89.77215,26.05301],[89.77433,26.05179],[89.77538,26.05018],[89.77549,26.04592],[89.77385,26.04185],[89.76903,26.03596],[89.76931,26.03402],[89.77334,26.03083],[89.77473,26.03098],[89.77901,26.03444],[89.78032,26.03374],[89.7812,26.03412],[89.78557,26.03861],[89.78766,26.0397],[89.79018,26.03961],[89.7916,26.0385],[89.79262,26.03506],[89.79575,26.03389],[89.79741,26.03557],[89.79768,26.03983],[89.79971,26.0411],[89.80204,26.04101],[89.80409,26.03938],[89.80469,26.0375],[89.80243,26.03083],[89.80107,26.02864],[89.79648,26.02552],[89.79706,26.02267],[89.79616,26.02149],[89.79234,26.01951],[89.79137,26.01799],[89.79351,26.01574],[89.79467,26.01566],[89.79861,26.01821],[89.80552,26.02753],[89.80814,26.03375],[89.80973,26.0414],[89.81095,26.04286],[89.81482,26.04075],[89.81744,26.03252],[89.82327,26.02368],[89.82044,26.02077],[89.82001,26.01804],[89.82608,26.00908],[89.82417,26.0036],[89.82321,25.99593],[89.82115,25.9933],[89.81821,25.99431],[89.81773,25.99233],[89.82037,25.98769],[89.82296,25.98491],[89.82887,25.98113],[89.83758,25.97945],[89.83975,25.98101],[89.83913,25.98477],[89.83612,25.98914],[89.83673,25.99158],[89.83432,25.99747],[89.83583,26.00119],[89.83656,26.00653],[89.83958,26.01046],[89.8414,26.00986],[89.84933,26.00291],[89.84999,26.00119],[89.84975,25.99472],[89.85313,25.98755],[89.86533,25.98236],[89.8699,25.97808],[89.87437,25.97766],[89.87643,25.97331],[89.8743,25.97056],[89.87208,25.9694],[89.86283,25.96631],[89.85918,25.96586],[89.85129,25.9682],[89.84402,25.9661],[89.84149,25.96392],[89.84966,25.95458],[89.84859,25.95119],[89.8513,25.94775],[89.85146,25.94644],[89.84882,25.94642],[89.84451,25.94785],[89.83859,25.95123],[89.83336,25.95144],[89.82963,25.94926],[89.82852,25.94742],[89.8282,25.94356],[89.8295,25.94218],[89.83194,25.94146],[89.84064,25.94223],[89.84364,25.94133],[89.84407,25.93734],[89.84606,25.93594],[89.84731,25.93598],[89.85387,25.9398],[89.87144,25.94144],[89.87733,25.94311],[89.88607,25.94359],[89.88988,25.94149],[89.89036,25.94023],[89.88641,25.93421],[89.88148,25.91934],[89.8696,25.90873],[89.86077,25.89728],[89.85516,25.89277],[89.8522,25.88923],[89.84913,25.88269],[89.84351,25.87454],[89.83809,25.86996],[89.83663,25.86572],[89.83973,25.85624],[89.83836,25.85365],[89.82428,25.85342],[89.81306,25.85559],[89.8103,25.85546],[89.80545,25.8548],[89.79728,25.8514],[89.79173,25.84643],[89.78657,25.84998],[89.77848,25.84755],[89.76311,25.84534],[89.75955,25.8462],[89.7569,25.85408],[89.75313,25.85835],[89.74899,25.86159],[89.74248,25.86334],[89.74162,25.86444],[89.74171,25.86597],[89.73829,25.86858],[89.73765,25.87154],[89.73296,25.87315],[89.73038,25.87684],[89.72796,25.8784],[89.71613,25.88108],[89.69663,25.88155],[89.69379,25.88074],[89.69186,25.87747],[89.69008,25.87647],[89.68272,25.87676],[89.6794,25.88459],[89.68095,25.8869],[89.68304,25.88795],[89.68637,25.88813],[89.69063,25.89056],[89.69163,25.89379],[89.69001,25.89535],[89.68432,25.89691],[89.6871,25.90199],[89.68559,25.90502],[89.68207,25.90638],[89.67963,25.91022],[89.67799,25.90944],[89.67728,25.90469],[89.6758,25.90306],[89.67467,25.90302],[89.67419,25.90428],[89.67418,25.91139],[89.67383,25.91287],[89.67264,25.91334],[89.67017,25.91241],[89.6686,25.90903],[89.6634,25.9062],[89.66295,25.90127],[89.66211,25.9002],[89.6492,25.89902],[89.64974,25.90555],[89.64882,25.90676],[89.64645,25.9081],[89.64186,25.90812],[89.64013,25.90973],[89.64224,25.91209],[89.64566,25.91369],[89.64956,25.91324],[89.65406,25.91549],[89.65599,25.91825],[89.65545,25.91968],[89.65264,25.92114],[89.65385,25.9226],[89.65739,25.92352],[89.65755,25.92494],[89.65135,25.93151],[89.64695,25.93072],[89.64589,25.9313],[89.64541,25.93279],[89.64823,25.93616],[89.64831,25.93735],[89.64689,25.93868],[89.64589,25.93921],[89.6417,25.93699],[89.63599,25.94213],[89.63348,25.94615],[89.62984,25.95445],[89.62994,25.95717],[89.6284,25.96226],[89.63132,25.96841],[89.62785,25.97181],[89.62352,25.9721],[89.62146,25.97736],[89.62208,25.98173],[89.62138,25.98407],[89.62027,25.98562],[89.61771,25.98685],[89.61804,25.98804],[89.62283,25.99189],[89.62193,26.00299],[89.618,26.00896],[89.6179,26.01493],[89.61987,26.02297],[89.61864,26.0252],[89.61028,26.03022],[89.60566,26.03582],[89.60172,26.03803]]]}},{"type":"Feature","properties":{"district_id":"kurigram","upazila_id":"kurigram-phulbari","source_name":"Phulbari","source_pcode":"554918","match_method":"exact"},"geometry":{"type":"Polygon","coordinates":[[[89.48295,25.99733],[89.48897,25.99998],[89.49353,26.00634],[89.4961,26.00585],[89.50153,26.00271],[89.50829,26.00034],[89.51164,26.00132],[89.51707,26.0067],[89.52131,26.00829],[89.52367,26.00621],[89.52757,26.00569],[89.53262,26.00284],[89.53968,26.00314],[89.54235,26.00538],[89.54921,26.00079],[89.55229,26.00086],[89.55366,25.99988],[89.55287,25.99779],[89.55135,25.99666],[89.54469,25.99398],[89.54236,25.98946],[89.54117,25.98922],[89.54013,25.98547],[89.54501,25.98113],[89.54504,25.97925],[89.54328,25.97587],[89.54359,25.97051],[89.55006,25.96633],[89.5545,25.96462],[89.5579,25.96458],[89.56145,25.96606],[89.56261,25.96799],[89.56759,25.97194],[89.56931,25.97823],[89.57259,25.97795],[89.57275,25.96897],[89.57353,25.96745],[89.57693,25.96686],[89.58041,25.96818],[89.58134,25.97124],[89.58113,25.97368],[89.57796,25.97623],[89.57801,25.97941],[89.57885,25.98076],[89.58134,25.9784],[89.58523,25.97789],[89.59012,25.97529],[89.59121,25.97848],[89.59119,25.98087],[89.58848,25.98892],[89.59137,25.99207],[89.59177,25.99399],[89.589,25.99829],[89.58367,26.0032],[89.58409,26.00513],[89.58249,26.00787],[89.58412,26.01172],[89.58107,26.02205],[89.58148,26.02421],[89.58853,26.02422],[89.58862,26.02592],[89.58518,26.03133],[89.59006,26.03648],[89.59239,26.03673],[89.59449,26.03465],[89.60172,26.03803],[89.60566,26.03582],[89.61028,26.03022],[89.61864,26.0252],[89.61987,26.02297],[89.6179,26.01493],[89.618,26.00896],[89.62193,26.00299],[89.62283,25.99189],[89.61804,25.98804],[89.61771,25.98685],[89.62027,25.98562],[89.62138,25.98407],[89.62208,25.98173],[89.62146,25.97736],[89.62352,25.9721],[89.62785,25.97181],[89.63132,25.96841],[89.6284,25.96226],[89.62994,25.95717],[89.62984,25.95445],[89.63348,25.94615],[89.63599,25.94213],[89.6417,25.93699],[89.64589,25.93921],[89.64689,25.93868],[89.64831,25.93735],[89.64823,25.93616],[89.64541,25.93279],[89.64589,25.9313],[89.64695,25.93072],[89.65135,25.93151],[89.65755,25.92494],[89.65739,25.92352],[89.65385,25.9226],[89.65264,25.92114],[89.65545,25.91968],[89.65599,25.91825],[89.65406,25.91549],[89.64956,25.91324],[89.64566,25.91369],[89.64224,25.91209],[89.64013,25.90973],[89.64317,25.90775],[89.64796,25.90757],[89.64974,25.90555],[89.6492,25.89902],[89.64822,25.89654],[89.64212,25.89288],[89.64072,25.89148],[89.64017,25.88938],[89.64079,25.88807],[89.64241,25.88759],[89.64892,25.88925],[89.65062,25.8869],[89.64953,25.88424],[89.64654,25.88235],[89.63979,25.88063],[89.63312,25.87653],[89.63047,25.87583],[89.62401,25.87694],[89.62235,25.87549],[89.6197,25.8748],[89.6182,25.87561],[89.61686,25.87813],[89.61744,25.88306],[89.6154,25.88861],[89.61625,25.89132],[89.62218,25.90028],[89.62273,25.90282],[89.62188,25.90505],[89.61971,25.90669],[89.61625,25.90718],[89.61275,25.90473],[89.60785,25.89713],[89.60883,25.89552],[89.6086,25.89291],[89.60825,25.89047],[89.60684,25.88862],[89.60162,25.88488],[89.59892,25.88095],[89.59347,25.87767],[89.58983,25.87863],[89.58282,25.8847],[89.58184,25.88614],[89.5822,25.88897],[89.58131,25.88961],[89.57487,25.88686],[89.57034,25.88613],[89.5631,25.8864],[89.55517,25.88958],[89.55019,25.88897],[89.54807,25.88951],[89.54708,25.89498],[89.54597,25.89705],[89.5389,25.89914],[89.53551,25.90316],[89.53425,25.90722],[89.5348,25.91028],[89.5324,25.91418],[89.52357,25.91623],[89.52096,25.9182],[89.52048,25.9202],[89.52146,25.92661],[89.52038,25.92997],[89.51548,25.93436],[89.5153,25.93937],[89.51595,25.94083],[89.51481,25.9442],[89.51127,25.94738],[89.49796,25.9533],[89.49899,25.95522],[89.50299,25.95625],[89.50797,25.96181],[89.50491,25.96389],[89.50436,25.96527],[89.50796,25.96987],[89.50395,25.9709],[89.50166,25.96974],[89.49635,25.96305],[89.4947,25.96239],[89.48823,25.96299],[89.48588,25.96603],[89.48541,25.96877],[89.48162,25.97569],[89.48092,25.97928],[89.48317,25.98403],[89.48091,25.98724],[89.48458,25.98873],[89.48799,25.99255],[89.48849,25.99413],[89.48727,25.99551],[89.48295,25.99733]]]}},{"type":"Feature","properties":{"district_id":"kurigram","upazila_id":"kurigram-rajarhat","source_name":"Rajarhat","source_pcode":"554977","match_method":"exact"},"geometry":{"type":"Polygon","coordinates":[[[89.59347,25.87767],[89.59177,25.87411],[89.58846,25.87047],[89.58884,25.86756],[89.58652,25.8639],[89.59164,25.86212],[89.59161,25.85974],[89.59043,25.85691],[89.58715,25.85508],[89.58642,25.85356],[89.58472,25.84523],[89.58302,25.84457],[89.5801,25.84762],[89.57812,25.84845],[89.57609,25.84791],[89.57526,25.84683],[89.57516,25.8445],[89.57613,25.84262],[89.58046,25.83813],[89.58125,25.83612],[89.58121,25.83345],[89.57857,25.82974],[89.57871,25.82688],[89.58082,25.82499],[89.58738,25.82245],[89.5888,25.8209],[89.58884,25.81907],[89.58766,25.81659],[89.58299,25.81512],[89.58203,25.81406],[89.59096,25.81012],[89.59175,25.8088],[89.59112,25.80421],[89.59222,25.80249],[89.5975,25.80275],[89.60078,25.7998],[89.60212,25.79677],[89.60262,25.79268],[89.60217,25.78847],[89.5997,25.78305],[89.60081,25.77729],[89.60485,25.77496],[89.60787,25.77526],[89.61365,25.7783],[89.61523,25.77577],[89.61422,25.77261],[89.61553,25.771],[89.61995,25.76855],[89.62412,25.76286],[89.62059,25.76132],[89.61951,25.76009],[89.61973,25.75843],[89.62278,25.75708],[89.62486,25.75779],[89.63054,25.75049],[89.63027,25.74242],[89.62904,25.73988],[89.62669,25.73793],[89.62334,25.73678],[89.61629,25.7362],[89.60677,25.73367],[89.60471,25.73074],[89.60307,25.72542],[89.60022,25.72415],[89.59398,25.72669],[89.59045,25.72577],[89.58972,25.71959],[89.58482,25.71926],[89.57217,25.71342],[89.56905,25.71426],[89.55963,25.72264],[89.55626,25.72387],[89.55364,25.72067],[89.54363,25.71934],[89.54039,25.72046],[89.53697,25.7229],[89.53101,25.7227],[89.52403,25.7183],[89.51537,25.71444],[89.51321,25.71749],[89.51071,25.71798],[89.49875,25.71632],[89.49432,25.71735],[89.49295,25.71855],[89.48949,25.726],[89.48933,25.72782],[89.49164,25.73136],[89.50108,25.73374],[89.50256,25.73514],[89.50542,25.74215],[89.5049,25.74903],[89.49989,25.75007],[89.4968,25.75341],[89.49525,25.7544],[89.49135,25.75451],[89.48987,25.75663],[89.48807,25.75728],[89.48228,25.75725],[89.48169,25.75948],[89.48304,25.76513],[89.48212,25.76742],[89.47556,25.77416],[89.46968,25.78442],[89.46788,25.78643],[89.46589,25.78713],[89.46096,25.78488],[89.45921,25.78525],[89.45891,25.78638],[89.46304,25.79377],[89.46244,25.80015],[89.4588,25.80463],[89.4582,25.80685],[89.46293,25.81213],[89.46333,25.81412],[89.45976,25.81502],[89.45928,25.81656],[89.46,25.81837],[89.46255,25.82032],[89.46606,25.81977],[89.46916,25.81734],[89.4781,25.81812],[89.47865,25.8213],[89.48006,25.82293],[89.4856,25.82405],[89.50034,25.8135],[89.50373,25.81351],[89.50835,25.81538],[89.51149,25.81545],[89.51366,25.81366],[89.51541,25.81334],[89.51775,25.82269],[89.51886,25.82438],[89.52081,25.82538],[89.52689,25.82376],[89.53188,25.82636],[89.53616,25.8346],[89.53359,25.84316],[89.53342,25.86045],[89.53674,25.86455],[89.5401,25.86609],[89.54166,25.8655],[89.54343,25.86258],[89.54854,25.85904],[89.55168,25.85917],[89.55468,25.86146],[89.55666,25.86353],[89.55888,25.86924],[89.56081,25.87177],[89.56047,25.87848],[89.56142,25.88341],[89.5631,25.8864],[89.57034,25.88613],[89.57487,25.88686],[89.58131,25.88961],[89.5822,25.88897],[89.58184,25.88614],[89.58282,25.8847],[89.58983,25.87863],[89.59347,25.87767]]]}},{"type":"Feature","properties":{"district_id":"kurigram","upazila_id":"kurigram-rowmari","source_name":"Raomari","source_pcode":"554979","match_method":"unique-near"},"geometry":{"type":"Polygon","coordinates":[[[89.83779,25.71194],[89.8438,25.71048],[89.8497,25.71083],[89.85474,25.7086],[89.85566,25.70711],[89.85602,25.70261],[89.85416,25.69662],[89.85236,25.69414],[89.85206,25.69164],[89.85292,25.68743],[89.85444,25.68427],[89.86224,25.67454],[89.86751,25.6607],[89.87373,25.65759],[89.87618,25.65379],[89.87978,25.64214],[89.88306,25.63628],[89.88521,25.62983],[89.88668,25.62105],[89.88659,25.61269],[89.88638,25.60809],[89.88504,25.60305],[89.87868,25.58781],[89.87825,25.58492],[89.8797,25.57847],[89.87875,25.57474],[89.87669,25.57159],[89.87718,25.56754],[89.87653,25.56579],[89.87263,25.5621],[89.87177,25.55985],[89.8701,25.54422],[89.87406,25.5429],[89.874,25.54206],[89.87321,25.54009],[89.87095,25.53864],[89.87145,25.5373],[89.86533,25.53961],[89.86085,25.53802],[89.85857,25.53652],[89.85778,25.53483],[89.85827,25.53011],[89.86337,25.51746],[89.86411,25.51023],[89.86301,25.50468],[89.85792,25.50044],[89.85801,25.4985],[89.85988,25.49462],[89.85963,25.49143],[89.85513,25.48843],[89.85548,25.47956],[89.8548,25.47309],[89.85699,25.46606],[89.85667,25.46249],[89.85531,25.45967],[89.84821,25.45177],[89.84515,25.445],[89.83984,25.43856],[89.83387,25.42369],[89.83303,25.41523],[89.82988,25.41347],[89.81488,25.41473],[89.80193,25.42028],[89.79086,25.42796],[89.77689,25.43204],[89.77001,25.43232],[89.76211,25.43529],[89.75916,25.4355],[89.75779,25.43655],[89.76262,25.44352],[89.76541,25.44916],[89.77011,25.45273],[89.76865,25.45497],[89.76616,25.4562],[89.76315,25.45642],[89.76503,25.45957],[89.76481,25.46139],[89.76376,25.46238],[89.7651,25.46764],[89.76381,25.46903],[89.76157,25.4698],[89.76205,25.47582],[89.7608,25.48346],[89.75897,25.48633],[89.75622,25.48694],[89.75238,25.48575],[89.74989,25.48692],[89.74908,25.49069],[89.74705,25.49282],[89.74994,25.49653],[89.74918,25.50046],[89.74857,25.50172],[89.7443,25.50491],[89.74497,25.50723],[89.74722,25.51038],[89.75096,25.51209],[89.75635,25.51274],[89.75945,25.51457],[89.76239,25.51793],[89.76465,25.51807],[89.7717,25.51266],[89.77503,25.51313],[89.78072,25.51185],[89.78642,25.51233],[89.79214,25.50951],[89.79598,25.51036],[89.79736,25.51744],[89.79752,25.52682],[89.79852,25.53033],[89.8038,25.53473],[89.80941,25.53635],[89.81133,25.53871],[89.81141,25.54291],[89.80904,25.54738],[89.807,25.54901],[89.80135,25.55194],[89.79034,25.55405],[89.78912,25.55543],[89.79008,25.56014],[89.79314,25.56725],[89.80195,25.57949],[89.80442,25.58429],[89.80265,25.58983],[89.80684,25.60079],[89.80658,25.60376],[89.80277,25.60483],[89.80174,25.61065],[89.79895,25.61269],[89.79535,25.61826],[89.79198,25.61956],[89.79051,25.62135],[89.791,25.63066],[89.78934,25.63364],[89.78376,25.63748],[89.78541,25.64923],[89.78555,25.65695],[89.77933,25.66416],[89.77893,25.66644],[89.7813,25.67316],[89.78336,25.67603],[89.78917,25.67794],[89.79026,25.67973],[89.79025,25.68178],[89.78799,25.68602],[89.79312,25.68861],[89.79595,25.68879],[89.80224,25.68585],[89.80061,25.68161],[89.79723,25.67962],[89.79607,25.67765],[89.79623,25.67566],[89.79947,25.67475],[89.80875,25.6746],[89.80962,25.67351],[89.80941,25.66516],[89.81005,25.66231],[89.81335,25.66072],[89.81738,25.66128],[89.81569,25.66557],[89.81807,25.66928],[89.81683,25.6734],[89.81804,25.68129],[89.82158,25.68571],[89.82826,25.70215],[89.83466,25.7086],[89.83779,25.71194]]]}},{"type":"Feature","properties":{"district_id":"kurigram","upazila_id":"kurigram-ulipur","source_name":"Ulipur","source_pcode":"554994","match_method":"exact"},"geometry":{"type":"Polygon","coordinates":[[[89.81694,25.81296],[89.82108,25.81436],[89.82327,25.81114],[89.82747,25.80982],[89.83116,25.8055],[89.83331,25.79894],[89.83371,25.79352],[89.83675,25.78767],[89.83809,25.78168],[89.84357,25.76824],[89.84494,25.75719],[89.84275,25.75052],[89.83816,25.74297],[89.83035,25.73503],[89.8318,25.725],[89.83469,25.71745],[89.83779,25.71194],[89.82826,25.70215],[89.82158,25.68571],[89.81804,25.68129],[89.81683,25.6734],[89.81807,25.66928],[89.81569,25.66557],[89.81738,25.66128],[89.81335,25.66072],[89.81005,25.66231],[89.80941,25.66516],[89.80962,25.67351],[89.80875,25.6746],[89.79947,25.67475],[89.79623,25.67566],[89.79607,25.67765],[89.79723,25.67962],[89.80061,25.68161],[89.80224,25.68585],[89.79595,25.68879],[89.79312,25.68861],[89.78927,25.68714],[89.78799,25.68602],[89.79025,25.68178],[89.79026,25.67973],[89.78917,25.67794],[89.78336,25.67603],[89.7813,25.67316],[89.77893,25.66644],[89.77933,25.66416],[89.78555,25.65695],[89.78541,25.64923],[89.78376,25.63748],[89.77178,25.63699],[89.75774,25.62777],[89.7515,25.62543],[89.75021,25.62334],[89.75024,25.62147],[89.7525,25.61836],[89.75089,25.61577],[89.74939,25.61585],[89.74634,25.62119],[89.74026,25.62526],[89.72464,25.64021],[89.72269,25.64372],[89.72146,25.64891],[89.71898,25.65065],[89.71384,25.65141],[89.70914,25.65535],[89.6998,25.65578],[89.68547,25.65435],[89.68445,25.65368],[89.6866,25.65018],[89.6862,25.64888],[89.68391,25.64715],[89.67793,25.64576],[89.67734,25.64458],[89.67879,25.64114],[89.67544,25.63966],[89.66984,25.63918],[89.6679,25.63511],[89.66603,25.63599],[89.66302,25.64037],[89.65801,25.64072],[89.65712,25.63992],[89.65913,25.6361],[89.6585,25.63213],[89.66601,25.63076],[89.66649,25.62984],[89.66476,25.62714],[89.66154,25.6264],[89.65869,25.62473],[89.65324,25.61032],[89.64538,25.60492],[89.64397,25.60267],[89.64665,25.59797],[89.64934,25.59713],[89.65099,25.59819],[89.6516,25.60119],[89.65356,25.60258],[89.65665,25.60305],[89.65842,25.60007],[89.65777,25.59866],[89.65767,25.59263],[89.65276,25.58423],[89.64567,25.58394],[89.64272,25.58001],[89.63761,25.57758],[89.63627,25.57595],[89.6348,25.56688],[89.63297,25.56151],[89.62045,25.56749],[89.61212,25.56801],[89.60529,25.56009],[89.60236,25.55792],[89.59915,25.55694],[89.59358,25.55742],[89.59104,25.55944],[89.58744,25.56541],[89.58373,25.56944],[89.58038,25.57176],[89.57353,25.58283],[89.56966,25.58476],[89.54978,25.58806],[89.54282,25.59174],[89.53812,25.60062],[89.53828,25.60266],[89.54053,25.60257],[89.54283,25.60106],[89.54542,25.60187],[89.5469,25.60424],[89.54823,25.60939],[89.55363,25.6096],[89.55427,25.61033],[89.55229,25.61656],[89.55547,25.62782],[89.55228,25.63617],[89.55123,25.63726],[89.5447,25.64139],[89.53808,25.64314],[89.53789,25.64707],[89.53439,25.6483],[89.53675,25.65059],[89.53381,25.65144],[89.53054,25.65108],[89.52557,25.64586],[89.52388,25.64617],[89.52298,25.65704],[89.51869,25.65602],[89.51822,25.66211],[89.52444,25.68345],[89.52103,25.6864],[89.51963,25.6892],[89.5189,25.70695],[89.51537,25.71444],[89.52403,25.7183],[89.53101,25.7227],[89.53697,25.7229],[89.54039,25.72046],[89.54363,25.71934],[89.55364,25.72067],[89.55626,25.72387],[89.55963,25.72264],[89.56905,25.71426],[89.57217,25.71342],[89.58482,25.71926],[89.58972,25.71959],[89.59045,25.72577],[89.59398,25.72669],[89.60022,25.72415],[89.60307,25.72542],[89.60471,25.73074],[89.60677,25.73367],[89.61629,25.7362],[89.62334,25.73678],[89.62669,25.73793],[89.62904,25.73988],[89.63027,25.74242],[89.63054,25.75049],[89.62486,25.75779],[89.62709,25.75941],[89.62923,25.76381],[89.63102,25.76554],[89.63583,25.76746],[89.63852,25.76708],[89.64031,25.76501],[89.63947,25.76406],[89.63437,25.76271],[89.63303,25.76108],[89.63261,25.75921],[89.63326,25.75619],[89.63475,25.7556],[89.63964,25.75848],[89.64188,25.75748],[89.64383,25.76126],[89.64546,25.76135],[89.64856,25.75875],[89.65125,25.76165],[89.65318,25.76079],[89.65446,25.75859],[89.65511,25.75581],[89.65469,25.75364],[89.65592,25.75176],[89.66393,25.75016],[89.66618,25.74927],[89.66909,25.74662],[89.67597,25.74453],[89.67918,25.74522],[89.68527,25.74927],[89.68792,25.74958],[89.69144,25.75384],[89.69093,25.76472],[89.6899,25.76649],[89.68954,25.77149],[89.71632,25.77995],[89.72731,25.78007],[89.73122,25.7774],[89.73347,25.77276],[89.73842,25.7724],[89.74348,25.77454],[89.7461,25.77347],[89.74672,25.76931],[89.74809,25.76787],[89.74983,25.76756],[89.7552,25.7689],[89.76365,25.7636],[89.76785,25.76336],[89.77228,25.76511],[89.77511,25.76535],[89.78407,25.76401],[89.78831,25.76611],[89.79593,25.76684],[89.79707,25.7675],[89.79694,25.77461],[89.79844,25.77743],[89.80621,25.78401],[89.80613,25.78975],[89.80863,25.79284],[89.81462,25.79741],[89.81702,25.8018],[89.8176,25.806],[89.81684,25.81289],[89.81694,25.81296]]]}},{"type":"Feature","properties":{"district_id":"lalmonirhat","upazila_id":"lalmonirhat-aditmari","source_name":"Aditmari","source_pcode":"555202","match_method":"exact"},"geometry":{"type":"Polygon","coordinates":[[[89.38072,26.00943],[89.3915,26.01024],[89.39742,26.00678],[89.39841,26.00688],[89.40141,26.01217],[89.39706,26.02013],[89.41189,26.03038],[89.41322,26.03308],[89.41366,26.03943],[89.42653,26.04237],[89.42954,26.04562],[89.43496,26.04208],[89.4389,26.03595],[89.4396,26.03179],[89.43404,26.01959],[89.43298,26.01552],[89.43392,26.01192],[89.43851,26.0086],[89.44508,26.00698],[89.45286,26.00619],[89.45541,26.0048],[89.45838,26.00151],[89.46146,26.00047],[89.45055,25.99883],[89.44613,25.9973],[89.44415,25.99568],[89.44363,25.99404],[89.44518,25.98941],[89.4432,25.98705],[89.44208,25.98372],[89.44203,25.97297],[89.43886,25.96351],[89.44097,25.95814],[89.44154,25.9463],[89.44032,25.9362],[89.43835,25.9311],[89.43116,25.92148],[89.43013,25.92024],[89.42692,25.91977],[89.42576,25.91831],[89.42602,25.91467],[89.42474,25.91269],[89.4201,25.91002],[89.41906,25.9072],[89.41907,25.90356],[89.41727,25.90131],[89.40824,25.89852],[89.40305,25.89513],[89.394,25.8944],[89.39667,25.88738],[89.39474,25.88405],[89.3931,25.88288],[89.38499,25.88106],[89.38262,25.8757],[89.38086,25.87459],[89.35796,25.87534],[89.35596,25.87644],[89.35341,25.88288],[89.35017,25.88361],[89.34977,25.87936],[89.35195,25.87639],[89.35332,25.87053],[89.35088,25.8661],[89.35419,25.86277],[89.35263,25.86109],[89.34389,25.86021],[89.34189,25.8574],[89.33916,25.84654],[89.33418,25.85098],[89.32261,25.85472],[89.31851,25.85896],[89.31315,25.861],[89.30506,25.87035],[89.29825,25.88048],[89.29929,25.88491],[89.2965,25.88837],[89.28711,25.8938],[89.28317,25.8947],[89.28379,25.91601],[89.28504,25.91898],[89.28553,25.92553],[89.28503,25.93403],[89.2858,25.93623],[89.28951,25.93811],[89.30086,25.93524],[89.30613,25.9354],[89.30877,25.93701],[89.30896,25.94399],[89.31079,25.9447],[89.317,25.94445],[89.32124,25.9469],[89.32801,25.9592],[89.33288,25.96448],[89.33945,25.98638],[89.34093,25.98762],[89.3434,25.98788],[89.34933,25.98656],[89.35289,25.98704],[89.3708,25.99285],[89.37379,25.99573],[89.37614,26.00647],[89.38072,26.00943]]]}},{"type":"Feature","properties":{"district_id":"lalmonirhat","upazila_id":"lalmonirhat-hatibandha","source_name":"Hatibandha","source_pcode":"555233","match_method":"exact"},"geometry":{"type":"Polygon","coordinates":[[[89.02405,26.24605],[89.0332,26.24771],[89.03617,26.24974],[89.03781,26.24999],[89.03876,26.24993],[89.04256,26.24466],[89.04479,26.24674],[89.04713,26.24677],[89.04984,26.24438],[89.05183,26.24383],[89.05206,26.24087],[89.0554,26.23742],[89.06503,26.23395],[89.07311,26.22919],[89.07413,26.22616],[89.0743,26.22109],[89.07991,26.21431],[89.08274,26.21439],[89.0832,26.21524],[89.08418,26.21807],[89.08385,26.22092],[89.08665,26.23186],[89.09003,26.23529],[89.0911,26.23534],[89.09428,26.23252],[89.0985,26.23708],[89.10059,26.2374],[89.10537,26.2361],[89.10956,26.23657],[89.1116,26.23791],[89.11208,26.23962],[89.11153,26.24116],[89.10996,26.24248],[89.1017,26.24472],[89.10309,26.24892],[89.10641,26.25184],[89.10819,26.25751],[89.11111,26.25776],[89.11681,26.25635],[89.11875,26.25463],[89.12109,26.24875],[89.12562,26.24586],[89.12703,26.2429],[89.12861,26.2431],[89.13112,26.24598],[89.13252,26.25149],[89.13683,26.2483],[89.13757,26.24715],[89.13761,26.24259],[89.13902,26.24041],[89.14057,26.2388],[89.14511,26.23755],[89.14688,26.23536],[89.14615,26.22973],[89.14834,26.2232],[89.1474,26.21729],[89.14905,26.21408],[89.15536,26.20865],[89.15099,26.20245],[89.14844,26.20038],[89.14622,26.19971],[89.14571,26.19454],[89.14149,26.18617],[89.14037,26.18231],[89.14059,26.1801],[89.14512,26.17561],[89.14641,26.17127],[89.14846,26.16933],[89.15441,26.16919],[89.15685,26.16813],[89.16217,26.16074],[89.16183,26.15926],[89.16026,26.15877],[89.15535,26.159],[89.15414,26.15827],[89.15492,26.15514],[89.15777,26.15107],[89.16005,26.14229],[89.16239,26.13873],[89.17066,26.13068],[89.17346,26.129],[89.17725,26.13026],[89.18166,26.12992],[89.18508,26.12675],[89.19213,26.1265],[89.19463,26.12528],[89.19778,26.12194],[89.20117,26.12474],[89.20501,26.12453],[89.20692,26.12649],[89.20837,26.12687],[89.21076,26.12656],[89.21714,26.12308],[89.22245,26.12432],[89.22621,26.1229],[89.23017,26.12264],[89.23396,26.1185],[89.23717,26.11329],[89.23955,26.11156],[89.24133,26.11193],[89.24382,26.11083],[89.24648,26.10619],[89.25406,26.10218],[89.25743,26.09221],[89.26848,26.0931],[89.27131,26.09267],[89.2722,26.09164],[89.27212,26.08999],[89.27077,26.08723],[89.26283,26.0791],[89.26161,26.07491],[89.26081,26.06636],[89.26157,26.06392],[89.27724,26.06083],[89.28022,26.06148],[89.28514,26.06595],[89.28641,26.0648],[89.28797,26.05804],[89.28259,26.04975],[89.28305,26.04902],[89.28582,26.04848],[89.2837,26.04247],[89.28375,26.03632],[89.28459,26.03459],[89.28774,26.03238],[89.28764,26.03107],[89.28555,26.0306],[89.28477,26.02957],[89.28529,26.02613],[89.28444,26.0246],[89.27967,26.02774],[89.26918,26.02602],[89.26648,26.03215],[89.26547,26.03296],[89.26109,26.03277],[89.25848,26.02978],[89.25786,26.0274],[89.26064,26.02138],[89.26036,26.01995],[89.25562,26.01733],[89.25372,26.02008],[89.24922,26.02001],[89.24414,26.02223],[89.24395,26.02974],[89.24002,26.03798],[89.23584,26.04183],[89.23389,26.04315],[89.22562,26.04369],[89.22449,26.04484],[89.22397,26.04809],[89.22166,26.0501],[89.22267,26.05521],[89.22224,26.05715],[89.22063,26.05869],[89.21761,26.05941],[89.21419,26.05843],[89.21085,26.05358],[89.20889,26.05235],[89.20593,26.05374],[89.20359,26.05702],[89.20081,26.05648],[89.19674,26.05835],[89.19181,26.05636],[89.18535,26.05769],[89.18446,26.05741],[89.18535,26.05246],[89.18489,26.05064],[89.18166,26.04915],[89.18035,26.04462],[89.1796,26.044],[89.17646,26.04471],[89.17407,26.04435],[89.16737,26.04036],[89.16679,26.03882],[89.16892,26.03204],[89.16763,26.02649],[89.16655,26.02508],[89.16183,26.02321],[89.14334,26.02509],[89.14095,26.02364],[89.14063,26.02138],[89.14224,26.01808],[89.1423,26.01615],[89.14111,26.01202],[89.14597,26.00675],[89.14814,25.9998],[89.14544,25.99848],[89.14468,25.99701],[89.14541,25.99382],[89.14465,25.99276],[89.13895,25.99141],[89.13434,25.98738],[89.13258,25.98684],[89.12808,25.98848],[89.12582,25.98823],[89.12075,25.99208],[89.11819,25.99773],[89.11563,26.00727],[89.11103,26.01746],[89.10865,26.02037],[89.10784,26.0236],[89.10799,26.02759],[89.10188,26.03481],[89.10238,26.03941],[89.10104,26.04721],[89.09962,26.05281],[89.09798,26.05562],[89.09786,26.05898],[89.0999,26.0714],[89.10128,26.07378],[89.10409,26.07574],[89.10538,26.07812],[89.10016,26.08797],[89.09538,26.09479],[89.0956,26.09916],[89.09866,26.10887],[89.09853,26.11086],[89.09481,26.1131],[89.09525,26.11395],[89.10488,26.11758],[89.10658,26.11937],[89.10703,26.12186],[89.10395,26.13494],[89.10309,26.14495],[89.10144,26.14984],[89.09902,26.15277],[89.0929,26.15665],[89.09171,26.1582],[89.09085,26.15945],[89.09116,26.16382],[89.0905,26.16702],[89.08527,26.17146],[89.08289,26.17234],[89.07603,26.17282],[89.06799,26.16949],[89.05733,26.17735],[89.05515,26.17811],[89.05091,26.17674],[89.04745,26.17717],[89.04144,26.17946],[89.04183,26.18042],[89.04449,26.1817],[89.04406,26.18239],[89.03886,26.18415],[89.03756,26.18564],[89.03608,26.19203],[89.03484,26.19341],[89.02989,26.19563],[89.02835,26.19758],[89.02839,26.20014],[89.03265,26.203],[89.03949,26.20504],[89.04072,26.20695],[89.04112,26.21589],[89.0425,26.21923],[89.04304,26.22509],[89.03994,26.22871],[89.03725,26.23021],[89.02991,26.23234],[89.02719,26.23613],[89.02396,26.23895],[89.02325,26.24208],[89.02405,26.24605]]]}},{"type":"Feature","properties":{"district_id":"lalmonirhat","upazila_id":"lalmonirhat-kaliganj","source_name":"Kaliganj","source_pcode":"555239","match_method":"exact"},"geometry":{"type":"Polygon","coordinates":[[[89.28582,26.04848],[89.29184,26.04942],[89.29929,26.04567],[89.30286,26.04698],[89.30463,26.04928],[89.30865,26.0479],[89.31775,26.04082],[89.32264,26.03835],[89.32838,26.03708],[89.33295,26.03241],[89.33497,26.0275],[89.33857,26.02762],[89.342,26.02429],[89.33999,26.01981],[89.34371,26.0191],[89.34665,26.01476],[89.34927,26.01649],[89.35086,26.01625],[89.35214,26.01505],[89.35119,26.01166],[89.35245,26.01051],[89.35915,26.01033],[89.36313,26.00762],[89.37162,26.00925],[89.37535,26.0091],[89.37911,26.01053],[89.38072,26.00943],[89.37614,26.00647],[89.37379,25.99573],[89.3708,25.99285],[89.35289,25.98704],[89.34933,25.98656],[89.3434,25.98788],[89.34093,25.98762],[89.33945,25.98638],[89.33288,25.96448],[89.32801,25.9592],[89.32124,25.9469],[89.317,25.94445],[89.31079,25.9447],[89.30896,25.94399],[89.30877,25.93701],[89.30795,25.93634],[89.30613,25.9354],[89.30086,25.93524],[89.28951,25.93811],[89.2858,25.93623],[89.28503,25.93403],[89.28504,25.91898],[89.28379,25.91601],[89.28317,25.8947],[89.28004,25.8919],[89.2749,25.89064],[89.27221,25.88879],[89.2691,25.8891],[89.26842,25.89009],[89.26885,25.89366],[89.26729,25.89566],[89.26915,25.9075],[89.26725,25.90927],[89.26167,25.91142],[89.2579,25.90867],[89.25657,25.90028],[89.25521,25.89881],[89.25228,25.89868],[89.24956,25.90028],[89.24761,25.90251],[89.24451,25.90379],[89.23969,25.90861],[89.23438,25.91219],[89.23329,25.91528],[89.23316,25.91903],[89.23167,25.9203],[89.22996,25.91958],[89.22722,25.91991],[89.22447,25.92353],[89.22261,25.92441],[89.22201,25.92539],[89.22272,25.92966],[89.21991,25.93266],[89.22058,25.93447],[89.21906,25.93626],[89.21385,25.93686],[89.21023,25.93902],[89.20601,25.94341],[89.20252,25.94437],[89.19099,25.95309],[89.18501,25.95638],[89.17816,25.95486],[89.16673,25.95658],[89.15771,25.96006],[89.12732,25.98299],[89.12582,25.98823],[89.12808,25.98848],[89.13258,25.98684],[89.13434,25.98738],[89.13895,25.99141],[89.14465,25.99276],[89.14541,25.99382],[89.14468,25.99701],[89.14544,25.99848],[89.14814,25.9998],[89.14597,26.00675],[89.14111,26.01202],[89.1423,26.01615],[89.14224,26.01808],[89.14063,26.02138],[89.14095,26.02364],[89.14334,26.02509],[89.16183,26.02321],[89.16655,26.02508],[89.16763,26.02649],[89.16892,26.03204],[89.16679,26.03882],[89.16737,26.04036],[89.17407,26.04435],[89.17646,26.04471],[89.1796,26.044],[89.18035,26.04462],[89.18166,26.04915],[89.18489,26.05064],[89.18535,26.05246],[89.18446,26.05741],[89.19181,26.05636],[89.19674,26.05835],[89.20081,26.05648],[89.20359,26.05702],[89.20593,26.05374],[89.20889,26.05235],[89.21085,26.05358],[89.21419,26.05843],[89.21761,26.05941],[89.22063,26.05869],[89.22224,26.05715],[89.22267,26.05521],[89.22166,26.0501],[89.22397,26.04809],[89.22449,26.04484],[89.22562,26.04369],[89.23389,26.04315],[89.23584,26.04183],[89.24002,26.03798],[89.24395,26.02974],[89.24414,26.02223],[89.24922,26.02001],[89.25372,26.02008],[89.25562,26.01733],[89.26036,26.01995],[89.26064,26.02138],[89.25786,26.0274],[89.25848,26.02978],[89.26109,26.03277],[89.26547,26.03296],[89.26648,26.03215],[89.26918,26.02602],[89.27967,26.02774],[89.28444,26.0246],[89.28529,26.02613],[89.28477,26.02957],[89.28555,26.0306],[89.28764,26.03107],[89.28774,26.03238],[89.28459,26.03459],[89.28375,26.03632],[89.2837,26.04247],[89.28437,26.0444],[89.28582,26.04848]]]}},{"type":"Feature","properties":{"district_id":"lalmonirhat","upazila_id":"lalmonirhat-lalmonirhat-sadar","source_name":"Lalhonirhat S.","source_pcode":"555255","match_method":"unique-near"},"geometry":{"type":"Polygon","coordinates":[[[89.46146,26.00047],[89.46735,25.998],[89.47834,25.99671],[89.48295,25.99733],[89.48727,25.99551],[89.48849,25.99413],[89.48799,25.99255],[89.48458,25.98873],[89.48091,25.98724],[89.48317,25.98403],[89.48092,25.97928],[89.48162,25.97569],[89.48541,25.96877],[89.48698,25.96419],[89.48823,25.96299],[89.4947,25.96239],[89.49635,25.96305],[89.50166,25.96974],[89.50395,25.9709],[89.50796,25.96987],[89.50436,25.96527],[89.50491,25.96389],[89.50797,25.96181],[89.50299,25.95625],[89.49899,25.95522],[89.49796,25.9533],[89.51127,25.94738],[89.51481,25.9442],[89.51595,25.94083],[89.5153,25.93937],[89.51548,25.93436],[89.52038,25.92997],[89.52146,25.92661],[89.52048,25.9202],[89.52096,25.9182],[89.52357,25.91623],[89.5324,25.91418],[89.5348,25.91028],[89.53425,25.90722],[89.53551,25.90316],[89.5389,25.89914],[89.54597,25.89705],[89.54708,25.89498],[89.54807,25.88951],[89.55019,25.88897],[89.55517,25.88958],[89.5631,25.8864],[89.56142,25.88341],[89.56047,25.87848],[89.56081,25.87177],[89.55888,25.86924],[89.55666,25.86353],[89.55468,25.86146],[89.55168,25.85917],[89.54854,25.85904],[89.54585,25.86033],[89.54166,25.8655],[89.5401,25.86609],[89.53674,25.86455],[89.53342,25.86045],[89.53359,25.84316],[89.53616,25.8346],[89.53188,25.82636],[89.52689,25.82376],[89.52081,25.82538],[89.51886,25.82438],[89.51775,25.82269],[89.51541,25.81334],[89.51366,25.81366],[89.51149,25.81545],[89.50835,25.81538],[89.50373,25.81351],[89.50034,25.8135],[89.4856,25.82405],[89.48006,25.82293],[89.47865,25.8213],[89.4781,25.81812],[89.46916,25.81734],[89.46606,25.81977],[89.46255,25.82032],[89.46,25.81837],[89.45928,25.81656],[89.45976,25.81502],[89.46333,25.81412],[89.46293,25.81213],[89.4582,25.80685],[89.4588,25.80463],[89.46244,25.80015],[89.46304,25.79377],[89.45961,25.79297],[89.45795,25.79128],[89.4539,25.79321],[89.44819,25.79016],[89.44675,25.79023],[89.43321,25.7928],[89.4318,25.79919],[89.42415,25.79997],[89.41721,25.7987],[89.41497,25.79896],[89.41022,25.80107],[89.39291,25.80307],[89.3839,25.80753],[89.37738,25.81326],[89.37442,25.82161],[89.37234,25.82397],[89.36472,25.82484],[89.35622,25.82858],[89.35298,25.83131],[89.3497,25.8374],[89.3429,25.84098],[89.33916,25.84654],[89.34189,25.8574],[89.34389,25.86021],[89.35263,25.86109],[89.35419,25.86277],[89.35088,25.8661],[89.35332,25.87053],[89.35195,25.87639],[89.34977,25.87936],[89.35017,25.88361],[89.35341,25.88288],[89.35596,25.87644],[89.35796,25.87534],[89.38086,25.87459],[89.38262,25.8757],[89.38499,25.88106],[89.3931,25.88288],[89.39474,25.88405],[89.39667,25.88738],[89.394,25.8944],[89.40305,25.89513],[89.40824,25.89852],[89.41727,25.90131],[89.41907,25.90356],[89.41906,25.9072],[89.4201,25.91002],[89.42474,25.91269],[89.42602,25.91467],[89.42576,25.91831],[89.42692,25.91977],[89.43013,25.92024],[89.43116,25.92148],[89.43835,25.9311],[89.44032,25.9362],[89.44154,25.9463],[89.44097,25.95814],[89.43886,25.96351],[89.44203,25.97297],[89.44208,25.98372],[89.4432,25.98705],[89.44518,25.98941],[89.44363,25.99404],[89.44415,25.99568],[89.44613,25.9973],[89.45055,25.99883],[89.45992,26.00028],[89.46146,26.00047]]]}},{"type":"Feature","properties":{"district_id":"lalmonirhat","upazila_id":"lalmonirhat-patgram","source_name":"Patgram","source_pcode":"555270","match_method":"exact"},"geometry":{"type":"Polygon","coordinates":[[[89.04724,26.40235],[89.04998,26.40278],[89.05855,26.40144],[89.064,26.39814],[89.0678,26.39969],[89.07063,26.39899],[89.07184,26.39902],[89.07286,26.40014],[89.07607,26.39988],[89.07846,26.39906],[89.08133,26.39687],[89.08169,26.39499],[89.08327,26.39474],[89.08537,26.39751],[89.09127,26.39949],[89.09354,26.39923],[89.09351,26.39685],[89.08981,26.39263],[89.09093,26.3921],[89.10093,26.39427],[89.10243,26.39351],[89.10229,26.39164],[89.09713,26.38771],[89.09975,26.38479],[89.09678,26.37897],[89.09681,26.37601],[89.09811,26.37367],[89.09675,26.37067],[89.09376,26.36825],[89.08795,26.36821],[89.08685,26.36612],[89.08766,26.36475],[89.08949,26.36439],[89.09328,26.36537],[89.10013,26.36222],[89.1029,26.36191],[89.10389,26.36036],[89.10332,26.35429],[89.10661,26.34869],[89.10567,26.34358],[89.10713,26.338],[89.10425,26.33303],[89.09975,26.33161],[89.09668,26.32687],[89.09212,26.32584],[89.09022,26.32433],[89.09114,26.32188],[89.10049,26.32354],[89.10471,26.32968],[89.10592,26.3295],[89.10696,26.32596],[89.10884,26.32492],[89.11195,26.32551],[89.11442,26.32747],[89.11713,26.32659],[89.11858,26.32521],[89.1203,26.31975],[89.12202,26.31923],[89.127,26.32086],[89.13042,26.32297],[89.13471,26.32401],[89.13584,26.32326],[89.13457,26.32117],[89.13544,26.31969],[89.13878,26.31965],[89.14131,26.32132],[89.14371,26.32182],[89.14445,26.32078],[89.14463,26.31947],[89.14172,26.31621],[89.14008,26.31578],[89.13876,26.31313],[89.14183,26.3123],[89.1432,26.30996],[89.14194,26.30839],[89.1398,26.30768],[89.13477,26.30779],[89.13408,26.30684],[89.13483,26.30564],[89.13904,26.30372],[89.14053,26.29967],[89.13303,26.2958],[89.13216,26.29041],[89.1305,26.2885],[89.12628,26.28974],[89.1246,26.29282],[89.12225,26.30277],[89.12062,26.3063],[89.11709,26.30861],[89.11553,26.3139],[89.11372,26.31687],[89.11252,26.31699],[89.11156,26.31569],[89.10885,26.30687],[89.1101,26.30493],[89.1151,26.3025],[89.11509,26.3008],[89.11182,26.2964],[89.11502,26.29234],[89.11364,26.29013],[89.11009,26.28875],[89.10843,26.28234],[89.11211,26.2822],[89.11364,26.28298],[89.11351,26.27792],[89.11599,26.2746],[89.12561,26.27057],[89.13206,26.26482],[89.13224,26.2638],[89.12807,26.25488],[89.12831,26.25374],[89.13252,26.25149],[89.13112,26.24598],[89.12861,26.2431],[89.12703,26.2429],[89.12562,26.24586],[89.12109,26.24875],[89.11875,26.25463],[89.11681,26.25635],[89.11111,26.25776],[89.10819,26.25751],[89.10641,26.25184],[89.10309,26.24892],[89.1017,26.24472],[89.10996,26.24248],[89.11153,26.24116],[89.11208,26.23962],[89.1116,26.23791],[89.10956,26.23657],[89.10537,26.2361],[89.10059,26.2374],[89.0985,26.23708],[89.09428,26.23252],[89.0911,26.23534],[89.09003,26.23529],[89.08665,26.23186],[89.08385,26.22092],[89.08418,26.21807],[89.08274,26.21439],[89.07991,26.21431],[89.0743,26.22109],[89.07413,26.22616],[89.07311,26.22919],[89.06503,26.23395],[89.0554,26.23742],[89.05206,26.24087],[89.05183,26.24383],[89.05568,26.24367],[89.05746,26.24502],[89.05654,26.24974],[89.05695,26.25252],[89.06107,26.2582],[89.06359,26.25795],[89.06745,26.25531],[89.0697,26.25533],[89.06856,26.2588],[89.0673,26.27403],[89.06574,26.27621],[89.06173,26.27812],[89.063,26.27959],[89.0686,26.27959],[89.06951,26.28122],[89.06902,26.28361],[89.06584,26.28671],[89.06687,26.28926],[89.0666,26.29289],[89.06516,26.29394],[89.06069,26.29393],[89.05927,26.29582],[89.05589,26.29717],[89.05348,26.29657],[89.05132,26.29325],[89.0508,26.29126],[89.05216,26.28914],[89.05209,26.28756],[89.05051,26.28671],[89.04661,26.28694],[89.04447,26.28498],[89.03895,26.28641],[89.03335,26.28556],[89.03201,26.28865],[89.02837,26.29034],[89.02814,26.29222],[89.02943,26.29527],[89.02928,26.29947],[89.03323,26.30624],[89.03229,26.30784],[89.02689,26.30966],[89.02562,26.3087],[89.02325,26.30306],[89.0256,26.29582],[89.02482,26.29339],[89.02361,26.29238],[89.02128,26.29286],[89.01991,26.29424],[89.01894,26.29885],[89.01587,26.30421],[89.0129,26.30469],[89.01125,26.30386],[89.01051,26.29881],[89.00801,26.29486],[89.0059,26.29329],[89.00211,26.29395],[89.00332,26.30183],[88.99611,26.30292],[88.99189,26.30478],[88.99114,26.30608],[88.9905,26.3124],[88.99217,26.31562],[88.99118,26.31819],[88.99221,26.32022],[88.99366,26.32026],[89.00033,26.31662],[89.00229,26.3166],[89.00337,26.31796],[89.00269,26.31972],[88.99944,26.3231],[89.00002,26.32475],[89.00405,26.32471],[89.00659,26.32661],[89.00763,26.32864],[89.00726,26.33131],[89.00665,26.3328],[89.0037,26.33465],[89.00079,26.33502],[88.99798,26.33749],[88.99367,26.33566],[88.99247,26.33669],[88.98907,26.34366],[88.99048,26.34455],[88.99274,26.34368],[88.99422,26.34167],[88.99593,26.34143],[88.99546,26.34484],[88.99287,26.35095],[88.99143,26.35221],[88.98561,26.35],[88.98173,26.35351],[88.97435,26.35319],[88.97207,26.35219],[88.96919,26.35455],[88.96837,26.35427],[88.96753,26.35225],[88.96888,26.34903],[88.96913,26.34182],[88.96662,26.33719],[88.96786,26.33473],[88.96575,26.33242],[88.9638,26.33267],[88.96207,26.33536],[88.95917,26.33613],[88.95856,26.33807],[88.95869,26.34477],[88.964,26.34562],[88.96464,26.34687],[88.9625,26.34832],[88.95625,26.34673],[88.95403,26.34699],[88.95362,26.34897],[88.95621,26.35627],[88.96415,26.36136],[88.9655,26.36419],[88.96087,26.3677],[88.95677,26.36803],[88.95568,26.36611],[88.9548,26.36038],[88.95184,26.35939],[88.9454,26.36019],[88.93768,26.36294],[88.9352,26.36762],[88.93254,26.36714],[88.92917,26.36365],[88.92638,26.36254],[88.92576,26.36368],[88.92686,26.36663],[88.92663,26.36828],[88.92214,26.36866],[88.91989,26.36994],[88.91773,26.37473],[88.92022,26.3776],[88.92609,26.37857],[88.92801,26.38111],[88.9267,26.38231],[88.9219,26.38185],[88.91592,26.38333],[88.91677,26.38491],[88.92221,26.38776],[88.92482,26.39029],[88.92583,26.39647],[88.9252,26.40443],[88.92403,26.40621],[88.92245,26.40668],[88.91789,26.4049],[88.91644,26.40526],[88.91364,26.40886],[88.91145,26.41025],[88.91127,26.41207],[88.91417,26.41108],[88.92036,26.41237],[88.93095,26.41045],[88.93374,26.41219],[88.93526,26.41371],[88.93701,26.41852],[88.93633,26.41989],[88.93195,26.42289],[88.93143,26.42801],[88.93195,26.42885],[88.93756,26.4292],[88.93922,26.4306],[88.93913,26.43154],[88.93331,26.43339],[88.93295,26.43475],[88.93378,26.43634],[88.94167,26.43552],[88.94646,26.43005],[88.94879,26.42903],[88.95145,26.42917],[88.95285,26.43745],[88.9562,26.4377],[88.95805,26.4395],[88.95594,26.44321],[88.95698,26.44664],[88.9531,26.4508],[88.9533,26.45159],[88.95508,26.45294],[88.95869,26.45364],[88.96073,26.45663],[88.96684,26.45378],[88.97031,26.45432],[88.97052,26.4563],[88.96983,26.45722],[88.96718,26.45736],[88.96457,26.4608],[88.96434,26.46313],[88.96649,26.4635],[88.97002,26.4625],[88.97582,26.45602],[88.98073,26.45438],[88.9831,26.45225],[88.98558,26.45393],[88.98684,26.45352],[88.99003,26.45025],[88.98923,26.44685],[88.99104,26.44359],[88.99045,26.44229],[88.98716,26.44164],[88.98589,26.44006],[88.98637,26.43852],[88.99006,26.43439],[88.98944,26.43008],[88.99611,26.42319],[88.99776,26.42266],[89.0005,26.41996],[89.00336,26.41996],[89.00349,26.41788],[89.0049,26.41713],[89.00603,26.41741],[89.00568,26.41917],[89.00176,26.42512],[89.00196,26.42609],[89.01122,26.42496],[89.0124,26.42279],[89.01303,26.41699],[89.0146,26.4155],[89.02666,26.41724],[89.02892,26.41632],[89.02988,26.41141],[89.03749,26.40866],[89.03832,26.40439],[89.04101,26.40158],[89.04104,26.39792],[89.04472,26.39723],[89.04582,26.39794],[89.04682,26.40214],[89.04724,26.40235]]]}},{"type":"Feature","properties":{"district_id":"nilphamari","upazila_id":"nilphamari-dimla","source_name":"Dimla","source_pcode":"557312","match_method":"exact"},"geometry":{"type":"Polygon","coordinates":[[[88.88511,26.23885],[88.88497,26.24414],[88.8839,26.24529],[88.88073,26.24338],[88.87872,26.24357],[88.87817,26.24778],[88.87263,26.25316],[88.8701,26.2546],[88.86803,26.25785],[88.86805,26.26749],[88.86964,26.27031],[88.86821,26.27747],[88.87281,26.28107],[88.87601,26.28633],[88.88106,26.29027],[88.89709,26.29229],[88.92392,26.2917],[88.92811,26.28836],[88.93253,26.28894],[88.93485,26.2883],[88.94196,26.27225],[88.94862,26.26509],[88.95008,26.25961],[88.95834,26.24793],[88.96203,26.24477],[88.96555,26.24309],[88.97044,26.24156],[88.97359,26.24159],[88.9863,26.24749],[88.99649,26.24859],[89.01116,26.24681],[89.0221,26.24715],[89.02405,26.24605],[89.02325,26.24208],[89.02396,26.23895],[89.02719,26.23613],[89.02854,26.23366],[89.02991,26.23234],[89.03994,26.22871],[89.04304,26.22509],[89.0425,26.21923],[89.04112,26.21589],[89.04072,26.20695],[89.03949,26.20504],[89.03265,26.203],[89.02839,26.20014],[89.02835,26.19758],[89.02989,26.19563],[89.03484,26.19341],[89.03608,26.19203],[89.03756,26.18564],[89.03886,26.18415],[89.04406,26.18239],[89.04449,26.1817],[89.04183,26.18042],[89.04144,26.17946],[89.04745,26.17717],[89.05091,26.17674],[89.05515,26.17811],[89.05733,26.17735],[89.06799,26.16949],[89.07603,26.17282],[89.08289,26.17234],[89.08527,26.17146],[89.0905,26.16702],[89.09116,26.16382],[89.09085,26.15945],[89.09171,26.1582],[89.0929,26.15665],[89.09902,26.15277],[89.10144,26.14984],[89.10309,26.14495],[89.10395,26.13494],[89.10703,26.12186],[89.10658,26.11937],[89.10488,26.11758],[89.09525,26.11395],[89.09481,26.1131],[89.09853,26.11086],[89.09866,26.10887],[89.0956,26.09916],[89.09538,26.09479],[89.09786,26.09067],[89.09267,26.08896],[89.08535,26.09125],[89.08376,26.09103],[89.08094,26.0885],[89.08184,26.08496],[89.0796,26.0835],[89.07516,26.08434],[89.06989,26.08421],[89.06351,26.08682],[89.06255,26.08626],[89.06205,26.08194],[89.06114,26.08052],[89.0593,26.08026],[89.05504,26.08371],[89.05415,26.08366],[89.05304,26.0806],[89.05228,26.08055],[89.0484,26.08832],[89.04581,26.08959],[89.03883,26.09103],[89.03107,26.09031],[89.02866,26.08959],[89.02754,26.08619],[89.02483,26.08548],[89.02355,26.08413],[89.02927,26.07736],[89.03003,26.07286],[89.02963,26.07133],[89.02753,26.0697],[89.01999,26.07206],[88.99909,26.08081],[88.99087,26.08732],[88.97601,26.09646],[88.96673,26.09815],[88.96399,26.10035],[88.95692,26.1027],[88.94895,26.10284],[88.94178,26.10656],[88.92752,26.10945],[88.91907,26.11562],[88.90462,26.12011],[88.90237,26.12292],[88.90227,26.12507],[88.90375,26.12893],[88.90591,26.13095],[88.9088,26.14034],[88.90736,26.14149],[88.90569,26.1456],[88.90711,26.15262],[88.90909,26.15635],[88.90811,26.16011],[88.9088,26.166],[88.90839,26.16971],[88.8991,26.17998],[88.89688,26.18432],[88.89392,26.19589],[88.89175,26.19864],[88.88949,26.1994],[88.88888,26.20157],[88.88988,26.21111],[88.889,26.21664],[88.88308,26.22181],[88.88261,26.22472],[88.88654,26.23048],[88.88776,26.23377],[88.88511,26.23885]]]}},{"type":"Feature","properties":{"district_id":"nilphamari","upazila_id":"nilphamari-domar","source_name":"Domar","source_pcode":"557315","match_method":"exact"},"geometry":{"type":"Polygon","coordinates":[[[88.76158,26.30059],[88.77554,26.3062],[88.78518,26.30704],[88.78943,26.31054],[88.79596,26.31304],[88.79893,26.31317],[88.80415,26.3118],[88.82159,26.30071],[88.82307,26.29806],[88.81827,26.29389],[88.8157,26.27982],[88.8196,26.27571],[88.82045,26.27364],[88.82031,26.27094],[88.8186,26.26806],[88.81921,26.2597],[88.82092,26.25835],[88.83113,26.25609],[88.83096,26.25304],[88.83604,26.25201],[88.8331,26.24753],[88.83305,26.24596],[88.8349,26.24386],[88.84455,26.24001],[88.84679,26.23427],[88.84914,26.23374],[88.85123,26.23435],[88.85283,26.23633],[88.86377,26.23642],[88.87054,26.23523],[88.87624,26.23643],[88.88351,26.23665],[88.88511,26.23885],[88.88776,26.23377],[88.88654,26.23048],[88.88261,26.22472],[88.88277,26.22261],[88.889,26.21664],[88.88988,26.21111],[88.88888,26.20157],[88.88949,26.1994],[88.89175,26.19864],[88.89392,26.19589],[88.89688,26.18432],[88.8991,26.17998],[88.90839,26.16971],[88.9088,26.166],[88.90811,26.16011],[88.90909,26.15635],[88.90711,26.15262],[88.90569,26.1456],[88.90736,26.14149],[88.9088,26.14034],[88.90591,26.13095],[88.90305,26.12774],[88.90237,26.12292],[88.89772,26.12427],[88.895,26.12379],[88.89374,26.1123],[88.89282,26.10987],[88.88657,26.10122],[88.88651,26.09188],[88.88517,26.08962],[88.87839,26.0865],[88.87742,26.0844],[88.87712,26.07991],[88.88181,26.07849],[88.88262,26.07685],[88.8816,26.07538],[88.87843,26.07348],[88.87927,26.06915],[88.87779,26.06564],[88.87924,26.0596],[88.87747,26.05808],[88.87446,26.05806],[88.8682,26.05977],[88.86579,26.05809],[88.8651,26.05583],[88.86358,26.0546],[88.85159,26.05342],[88.84737,26.05033],[88.84677,26.04693],[88.84771,26.04579],[88.85717,26.04506],[88.85628,26.04337],[88.8446,26.04173],[88.83989,26.04296],[88.8391,26.04735],[88.83407,26.04802],[88.83115,26.04589],[88.83238,26.04252],[88.83219,26.03655],[88.82939,26.03504],[88.82438,26.03832],[88.81982,26.04398],[88.81638,26.0468],[88.80351,26.05112],[88.79087,26.06187],[88.78293,26.06131],[88.78229,26.06013],[88.78098,26.06071],[88.77764,26.05895],[88.78094,26.06484],[88.76927,26.07248],[88.75702,26.08574],[88.75948,26.08706],[88.76411,26.08616],[88.76669,26.0881],[88.77414,26.10089],[88.77539,26.10574],[88.78297,26.11323],[88.78867,26.12128],[88.78992,26.12898],[88.78446,26.13331],[88.78425,26.14141],[88.78464,26.14397],[88.78608,26.14631],[88.78451,26.15572],[88.78061,26.16108],[88.77979,26.16376],[88.78134,26.17648],[88.78065,26.17768],[88.77714,26.17813],[88.77657,26.17904],[88.77883,26.18087],[88.78442,26.18156],[88.79088,26.18613],[88.79446,26.1903],[88.7979,26.20371],[88.79652,26.20446],[88.79137,26.20415],[88.79099,26.20839],[88.79268,26.20958],[88.79639,26.2089],[88.79739,26.2097],[88.79569,26.21426],[88.79525,26.21888],[88.78777,26.23005],[88.78551,26.23215],[88.77564,26.23716],[88.77269,26.23778],[88.76572,26.23429],[88.76372,26.23511],[88.76195,26.23993],[88.75998,26.25664],[88.75848,26.25943],[88.76493,26.27074],[88.76563,26.27537],[88.76604,26.2822],[88.76535,26.28853],[88.76025,26.29491],[88.76176,26.29971],[88.76158,26.30059]]]}},{"type":"Feature","properties":{"district_id":"nilphamari","upazila_id":"nilphamari-jaldhaka","source_name":"Jaldhaka","source_pcode":"557336","match_method":"exact"},"geometry":{"type":"Polygon","coordinates":[[[89.09786,26.09067],[89.10016,26.08797],[89.10538,26.07812],[89.10409,26.07574],[89.10128,26.07378],[89.0999,26.0714],[89.09786,26.05898],[89.09798,26.05562],[89.10058,26.04961],[89.10191,26.04231],[89.10188,26.03481],[89.10799,26.02759],[89.10784,26.0236],[89.10865,26.02037],[89.11103,26.01746],[89.11563,26.00727],[89.11819,25.99773],[89.12075,25.99208],[89.12582,25.98823],[89.12732,25.98299],[89.12863,25.98165],[89.13738,25.97569],[89.14916,25.96608],[89.14004,25.96447],[89.13664,25.96132],[89.13324,25.96271],[89.12937,25.96616],[89.1273,25.96704],[89.11826,25.96661],[89.11565,25.96578],[89.11134,25.96235],[89.10279,25.96208],[89.09423,25.95754],[89.09023,25.9569],[89.08375,25.95855],[89.08196,25.95737],[89.07983,25.95426],[89.07718,25.95417],[89.06756,25.96064],[89.0648,25.96147],[89.05221,25.96177],[89.04758,25.96301],[89.04366,25.9663],[89.042,25.96927],[89.04191,25.97223],[89.04049,25.97425],[89.03295,25.9738],[89.0319,25.97434],[89.03207,25.97871],[89.0302,25.97976],[89.02813,25.97944],[89.02711,25.97809],[89.02773,25.97587],[89.02731,25.97252],[89.02174,25.97088],[89.01756,25.97105],[89.01544,25.97199],[89.0173,25.97781],[89.01594,25.97959],[89.01125,25.98005],[89.00932,25.98104],[89.00776,25.98344],[89.00491,25.98353],[89.0068,25.97636],[89.00532,25.96996],[89.00368,25.96863],[89.00244,25.9687],[88.99525,25.97373],[88.99521,25.96885],[88.99655,25.96571],[88.99603,25.9635],[88.98874,25.96461],[88.98276,25.96241],[88.97893,25.9629],[88.97625,25.966],[88.96819,25.96783],[88.96095,25.973],[88.95635,25.96895],[88.95311,25.96778],[88.95265,25.96625],[88.95107,25.96614],[88.94717,25.96964],[88.94576,25.97511],[88.94196,25.97423],[88.94019,25.97481],[88.93851,25.97812],[88.93284,25.98544],[88.92921,25.98758],[88.92134,25.98867],[88.92017,25.9913],[88.92398,25.99484],[88.92339,25.99826],[88.92191,26.00077],[88.91695,26.0015],[88.91488,26.00289],[88.91439,26.00437],[88.9097,26.00653],[88.90604,26.0052],[88.8997,26.00532],[88.89801,26.00658],[88.89669,26.01251],[88.89241,26.01153],[88.88642,26.01466],[88.88316,26.0147],[88.87634,26.01175],[88.86993,26.01119],[88.86705,26.01173],[88.85918,26.01033],[88.84977,26.01583],[88.84742,26.01837],[88.84493,26.02431],[88.84083,26.0276],[88.83594,26.03009],[88.83524,26.03283],[88.83571,26.03515],[88.83883,26.03826],[88.83989,26.04296],[88.8446,26.04173],[88.8473,26.04193],[88.85458,26.04282],[88.85741,26.04449],[88.85516,26.04554],[88.84771,26.04579],[88.84677,26.04693],[88.84737,26.05033],[88.85159,26.05342],[88.86358,26.0546],[88.8651,26.05583],[88.86579,26.05809],[88.8682,26.05977],[88.87446,26.05806],[88.87747,26.05808],[88.87924,26.0596],[88.87779,26.06564],[88.87927,26.06915],[88.87843,26.07348],[88.8816,26.07538],[88.88262,26.07685],[88.88181,26.07849],[88.87712,26.07991],[88.87742,26.0844],[88.87839,26.0865],[88.88517,26.08962],[88.88651,26.09188],[88.88657,26.10122],[88.89282,26.10987],[88.89374,26.1123],[88.895,26.12379],[88.89772,26.12427],[88.90237,26.12292],[88.90462,26.12011],[88.91907,26.11562],[88.92752,26.10945],[88.94178,26.10656],[88.94895,26.10284],[88.95692,26.1027],[88.96399,26.10035],[88.96673,26.09815],[88.97601,26.09646],[88.99087,26.08732],[88.99909,26.08081],[89.01999,26.07206],[89.02753,26.0697],[89.02963,26.07133],[89.03003,26.07286],[89.02927,26.07736],[89.02355,26.08413],[89.02483,26.08548],[89.02754,26.08619],[89.02866,26.08959],[89.03107,26.09031],[89.03883,26.09103],[89.04581,26.08959],[89.0484,26.08832],[89.05228,26.08055],[89.05304,26.0806],[89.05415,26.08366],[89.05504,26.08371],[89.0593,26.08026],[89.06114,26.08052],[89.06205,26.08194],[89.06255,26.08626],[89.06351,26.08682],[89.06989,26.08421],[89.07516,26.08434],[89.0796,26.0835],[89.08184,26.08496],[89.08094,26.0885],[89.08376,26.09103],[89.08535,26.09125],[89.09267,26.08896],[89.09786,26.09067]]]}},{"type":"Feature","properties":{"district_id":"nilphamari","upazila_id":"nilphamari-kishorganj","source_name":"Kishoreganj","source_pcode":"557345","match_method":"unique-near"},"geometry":{"type":"Polygon","coordinates":[[[89.14916,25.96608],[89.16199,25.9579],[89.17816,25.95486],[89.18501,25.95638],[89.19099,25.95309],[89.19644,25.94894],[89.19574,25.94463],[89.19651,25.93584],[89.19588,25.93317],[89.19414,25.9321],[89.19252,25.93229],[89.19142,25.93356],[89.19127,25.93785],[89.1882,25.93661],[89.18391,25.93147],[89.18316,25.92657],[89.17635,25.9215],[89.17558,25.91546],[89.17715,25.91299],[89.18233,25.9106],[89.1823,25.90923],[89.18081,25.90719],[89.17838,25.90585],[89.16873,25.90465],[89.16611,25.90245],[89.16541,25.89888],[89.16618,25.89243],[89.16374,25.88956],[89.15926,25.88767],[89.16127,25.87946],[89.16008,25.87885],[89.15282,25.88098],[89.15012,25.88005],[89.14786,25.88042],[89.14606,25.88198],[89.14646,25.88424],[89.14057,25.88983],[89.14104,25.89193],[89.14308,25.89446],[89.14312,25.89691],[89.13871,25.90049],[89.13519,25.90064],[89.12672,25.89192],[89.1213,25.88937],[89.11681,25.8846],[89.10706,25.87888],[89.10567,25.87623],[89.10409,25.86809],[89.10014,25.86474],[89.09945,25.86225],[89.10345,25.85632],[89.10289,25.85445],[89.10014,25.85251],[89.09369,25.85111],[89.09249,25.84954],[89.09122,25.84593],[89.09079,25.83719],[89.08896,25.83585],[89.08399,25.83653],[89.08157,25.83518],[89.07712,25.83829],[89.07085,25.83903],[89.06451,25.8384],[89.06036,25.83518],[89.04817,25.82217],[89.04665,25.82139],[89.03362,25.82168],[89.01867,25.82329],[89.01553,25.82322],[89.012,25.82155],[89.01001,25.82384],[89.00813,25.82449],[89.00525,25.82054],[89.00332,25.82243],[88.99971,25.82222],[88.99792,25.82116],[88.99378,25.8258],[88.99599,25.83367],[88.99543,25.83503],[88.99087,25.83422],[88.98961,25.83457],[88.98824,25.83628],[88.98862,25.83844],[88.99476,25.83975],[88.99533,25.84105],[88.9949,25.84479],[88.99378,25.84712],[88.99345,25.85326],[88.99226,25.85515],[88.98388,25.85871],[88.97816,25.86633],[88.97697,25.86657],[88.97601,25.86312],[88.97325,25.86259],[88.96724,25.86694],[88.96511,25.86582],[88.96651,25.8608],[88.9642,25.86008],[88.96071,25.86116],[88.95834,25.86102],[88.95705,25.857],[88.95629,25.85655],[88.95317,25.85762],[88.95065,25.85627],[88.94864,25.85646],[88.94798,25.85943],[88.95112,25.86837],[88.95954,25.8787],[88.95961,25.88312],[88.95725,25.88774],[88.958,25.89034],[88.96229,25.89466],[88.96751,25.91062],[88.96982,25.92391],[88.96909,25.92893],[88.9697,25.93132],[88.97099,25.93307],[88.97513,25.93588],[88.97811,25.94007],[88.98254,25.94133],[88.98381,25.94258],[88.98057,25.94644],[88.98072,25.95515],[88.97893,25.9629],[88.98276,25.96241],[88.98874,25.96461],[88.99603,25.9635],[88.99655,25.96571],[88.99521,25.96885],[88.99525,25.97373],[89.00244,25.9687],[89.00368,25.96863],[89.00532,25.96996],[89.0068,25.97636],[89.00491,25.98353],[89.00776,25.98344],[89.00932,25.98104],[89.01125,25.98005],[89.01594,25.97959],[89.0173,25.97781],[89.01544,25.97199],[89.01756,25.97105],[89.02174,25.97088],[89.02731,25.97252],[89.02773,25.97587],[89.02711,25.97809],[89.02813,25.97944],[89.0302,25.97976],[89.03207,25.97871],[89.0319,25.97434],[89.03295,25.9738],[89.04049,25.97425],[89.04191,25.97223],[89.042,25.96927],[89.04366,25.9663],[89.04758,25.96301],[89.05221,25.96177],[89.0648,25.96147],[89.06756,25.96064],[89.07718,25.95417],[89.07983,25.95426],[89.08196,25.95737],[89.08375,25.95855],[89.09023,25.9569],[89.09423,25.95754],[89.10279,25.96208],[89.11134,25.96235],[89.11565,25.96578],[89.11826,25.96661],[89.1273,25.96704],[89.12937,25.96616],[89.13324,25.96271],[89.13664,25.96132],[89.14004,25.96447],[89.14283,25.96524],[89.14916,25.96608]]]}},{"type":"Feature","properties":{"district_id":"nilphamari","upazila_id":"nilphamari-nilphamari-sadar","source_name":"Nilphahari S.","source_pcode":"557364","match_method":"unique-near"},"geometry":{"type":"Polygon","coordinates":[[[88.83989,26.04296],[88.83883,26.03826],[88.83571,26.03515],[88.83524,26.03283],[88.83594,26.03009],[88.84083,26.0276],[88.84493,26.02431],[88.84742,26.01837],[88.85225,26.014],[88.85918,26.01033],[88.86075,26.0102],[88.86705,26.01173],[88.86993,26.01119],[88.87634,26.01175],[88.88316,26.0147],[88.88642,26.01466],[88.89241,26.01153],[88.89669,26.01251],[88.89801,26.00658],[88.8997,26.00532],[88.90604,26.0052],[88.9097,26.00653],[88.91439,26.00437],[88.91488,26.00289],[88.91695,26.0015],[88.92191,26.00077],[88.92339,25.99826],[88.92398,25.99484],[88.92017,25.9913],[88.92134,25.98867],[88.92921,25.98758],[88.93284,25.98544],[88.93851,25.97812],[88.94019,25.97481],[88.94196,25.97423],[88.94576,25.97511],[88.94717,25.96964],[88.94987,25.96678],[88.95265,25.96625],[88.95311,25.96778],[88.95635,25.96895],[88.96095,25.973],[88.96819,25.96783],[88.97625,25.966],[88.9775,25.96502],[88.97893,25.9629],[88.98072,25.95515],[88.98057,25.94644],[88.98381,25.94258],[88.98254,25.94133],[88.97811,25.94007],[88.97513,25.93588],[88.97099,25.93307],[88.9697,25.93132],[88.96909,25.92893],[88.96982,25.92391],[88.96751,25.91062],[88.96229,25.89466],[88.958,25.89034],[88.95725,25.88774],[88.95961,25.88312],[88.95954,25.8787],[88.95112,25.86837],[88.94798,25.85943],[88.93862,25.86383],[88.93648,25.86413],[88.93481,25.86283],[88.93162,25.85495],[88.93013,25.85359],[88.92315,25.85198],[88.92191,25.85034],[88.92174,25.84845],[88.92326,25.8444],[88.92194,25.84264],[88.91599,25.84015],[88.91447,25.84107],[88.91367,25.84581],[88.90769,25.84822],[88.90228,25.84795],[88.90115,25.84693],[88.89954,25.84265],[88.89836,25.84225],[88.89101,25.8438],[88.88967,25.84306],[88.88382,25.83427],[88.88251,25.82944],[88.8831,25.82623],[88.88136,25.82175],[88.8716,25.81834],[88.86137,25.81781],[88.85773,25.81671],[88.85341,25.81292],[88.84908,25.81111],[88.84493,25.80724],[88.84487,25.81259],[88.84374,25.81459],[88.83661,25.81703],[88.82935,25.8156],[88.82766,25.8185],[88.82677,25.82341],[88.82816,25.83071],[88.82596,25.83744],[88.82571,25.84086],[88.82815,25.84571],[88.83021,25.85456],[88.82952,25.85729],[88.82201,25.86212],[88.8205,25.8712],[88.81391,25.88796],[88.81272,25.8907],[88.80627,25.89941],[88.80389,25.90449],[88.80338,25.91196],[88.80512,25.92138],[88.80356,25.92485],[88.80043,25.92866],[88.79472,25.93208],[88.77786,25.93941],[88.76953,25.93917],[88.76132,25.94115],[88.75901,25.94092],[88.75676,25.93681],[88.75388,25.93686],[88.74916,25.9412],[88.74916,25.94421],[88.75236,25.94656],[88.75467,25.95472],[88.74457,25.96953],[88.74767,25.98909],[88.74052,26.00158],[88.73788,26.00808],[88.73843,26.01407],[88.74044,26.01727],[88.74876,26.02544],[88.75133,26.0267],[88.75308,26.02659],[88.75597,26.02328],[88.75816,26.0226],[88.76042,26.02476],[88.76117,26.02643],[88.75822,26.03316],[88.75877,26.03755],[88.76003,26.03772],[88.76141,26.03522],[88.76241,26.03505],[88.76685,26.04772],[88.76936,26.05097],[88.77362,26.05372],[88.77764,26.05895],[88.78098,26.06071],[88.78229,26.06013],[88.78293,26.06131],[88.79087,26.06187],[88.80351,26.05112],[88.81638,26.0468],[88.81982,26.04398],[88.82438,26.03832],[88.82939,26.03504],[88.83219,26.03655],[88.83259,26.03814],[88.83238,26.04252],[88.83115,26.04589],[88.83204,26.04712],[88.8354,26.04823],[88.8391,26.04735],[88.83929,26.04649],[88.83989,26.04296]]]}},{"type":"Feature","properties":{"district_id":"nilphamari","upazila_id":"nilphamari-syedpur","source_name":"Saidpur","source_pcode":"557385","match_method":"unique-near"},"geometry":{"type":"Polygon","coordinates":[[[89.012,25.82155],[89.00528,25.81752],[88.99964,25.81643],[88.99477,25.81698],[88.99158,25.81535],[88.98817,25.81162],[88.98531,25.81079],[88.98088,25.81162],[88.96731,25.81725],[88.96017,25.81612],[88.95807,25.81471],[88.95315,25.81487],[88.94826,25.81258],[88.94568,25.80857],[88.94629,25.80674],[88.94924,25.80529],[88.95576,25.80688],[88.95689,25.80642],[88.96039,25.7969],[88.96081,25.79411],[88.9594,25.79111],[88.96266,25.78853],[88.96258,25.78558],[88.96137,25.78281],[88.95879,25.78182],[88.95458,25.78169],[88.95087,25.7798],[88.9491,25.778],[88.9479,25.77048],[88.94476,25.76836],[88.94437,25.76688],[88.94935,25.76536],[88.94866,25.76293],[88.94695,25.76074],[88.94707,25.75853],[88.95386,25.75688],[88.95555,25.7555],[88.95588,25.74794],[88.95516,25.7454],[88.95396,25.74484],[88.94838,25.74607],[88.94117,25.74008],[88.94062,25.74162],[88.93861,25.74164],[88.93424,25.73974],[88.92915,25.74194],[88.92527,25.73992],[88.92106,25.74467],[88.9184,25.74486],[88.91214,25.74092],[88.90478,25.7417],[88.89714,25.7393],[88.89296,25.74035],[88.88789,25.74283],[88.88745,25.74674],[88.89082,25.75426],[88.88862,25.75886],[88.88559,25.77062],[88.88339,25.77373],[88.88081,25.77548],[88.87629,25.7766],[88.86508,25.77671],[88.86077,25.77783],[88.85611,25.78211],[88.8515,25.78394],[88.84929,25.79075],[88.84318,25.79455],[88.84097,25.80111],[88.84493,25.80724],[88.84908,25.81111],[88.85341,25.81292],[88.85773,25.81671],[88.86137,25.81781],[88.8716,25.81834],[88.88136,25.82175],[88.8831,25.82623],[88.88251,25.82944],[88.88382,25.83427],[88.88967,25.84306],[88.89101,25.8438],[88.89836,25.84225],[88.89954,25.84265],[88.90115,25.84693],[88.90228,25.84795],[88.90505,25.84834],[88.91063,25.84741],[88.91367,25.84581],[88.91447,25.84107],[88.91599,25.84015],[88.92194,25.84264],[88.92326,25.8444],[88.92174,25.84845],[88.92191,25.85034],[88.92315,25.85198],[88.93013,25.85359],[88.93162,25.85495],[88.93481,25.86283],[88.93648,25.86413],[88.93862,25.86383],[88.94798,25.85943],[88.94864,25.85646],[88.95065,25.85627],[88.95317,25.85762],[88.95629,25.85655],[88.95705,25.857],[88.95834,25.86102],[88.96071,25.86116],[88.9642,25.86008],[88.96651,25.8608],[88.96511,25.86582],[88.96568,25.86638],[88.96724,25.86694],[88.97325,25.86259],[88.97601,25.86312],[88.97697,25.86657],[88.97816,25.86633],[88.98388,25.85871],[88.99226,25.85515],[88.99345,25.85326],[88.99378,25.84712],[88.9949,25.84479],[88.99533,25.84105],[88.99476,25.83975],[88.98862,25.83844],[88.98824,25.83628],[88.98961,25.83457],[88.99087,25.83422],[88.99543,25.83503],[88.99599,25.83367],[88.99378,25.8258],[88.99467,25.82409],[88.99792,25.82116],[88.99971,25.82222],[89.00332,25.82243],[89.00525,25.82054],[89.00699,25.8237],[89.00813,25.82449],[89.01001,25.82384],[89.012,25.82155]]]}},{"type":"Feature","properties":{"district_id":"panchagarh","upazila_id":"panchagarh-atwari","source_name":"Atowari","source_pcode":"557704","match_method":"unique-near"},"geometry":{"type":"Polygon","coordinates":[[[88.32191,26.20205],[88.32806,26.20441],[88.3259,26.20725],[88.32848,26.20898],[88.32984,26.21132],[88.33292,26.21088],[88.33315,26.21408],[88.34953,26.21854],[88.35252,26.21999],[88.35239,26.22318],[88.35464,26.22483],[88.35464,26.22627],[88.35331,26.22832],[88.35863,26.23228],[88.35893,26.23393],[88.35735,26.23666],[88.36011,26.23844],[88.36073,26.24016],[88.36015,26.24278],[88.35191,26.24479],[88.35285,26.24605],[88.35517,26.24623],[88.35567,26.24704],[88.3551,26.24812],[88.35139,26.24884],[88.35018,26.25317],[88.35217,26.25712],[88.35184,26.25962],[88.3531,26.26191],[88.35177,26.26384],[88.3539,26.26551],[88.35281,26.26727],[88.35012,26.26732],[88.35136,26.27086],[88.35121,26.27365],[88.35216,26.27411],[88.35158,26.27776],[88.35245,26.27976],[88.35175,26.28158],[88.35414,26.28285],[88.35487,26.28588],[88.35593,26.28658],[88.35808,26.28584],[88.35927,26.28629],[88.36146,26.28853],[88.36445,26.29242],[88.36592,26.29909],[88.3709,26.29952],[88.37119,26.30249],[88.3732,26.30433],[88.37365,26.30227],[88.37453,26.30188],[88.37584,26.30308],[88.37577,26.30559],[88.37967,26.30435],[88.38135,26.30744],[88.38581,26.30786],[88.38642,26.31197],[88.3878,26.31277],[88.38906,26.3125],[88.38943,26.31369],[88.39528,26.31263],[88.40148,26.31682],[88.41374,26.31512],[88.41613,26.31597],[88.41707,26.31689],[88.41666,26.32105],[88.41547,26.32276],[88.41145,26.32234],[88.40976,26.32325],[88.4088,26.3261],[88.40627,26.32934],[88.40696,26.33042],[88.41103,26.33266],[88.41248,26.33393],[88.41309,26.33581],[88.41486,26.33673],[88.42114,26.33544],[88.43151,26.33503],[88.43497,26.33544],[88.4381,26.33705],[88.43877,26.3423],[88.44152,26.3475],[88.44556,26.35995],[88.44756,26.36288],[88.4517,26.36607],[88.45789,26.37375],[88.45997,26.37404],[88.46105,26.37102],[88.46076,26.36218],[88.4621,26.35979],[88.46927,26.35714],[88.47794,26.35654],[88.4823,26.35107],[88.48702,26.34922],[88.48232,26.346],[88.47642,26.3449],[88.46818,26.34652],[88.46042,26.3494],[88.45911,26.34861],[88.45161,26.33705],[88.44211,26.32623],[88.44224,26.32332],[88.44942,26.3202],[88.46926,26.32297],[88.47461,26.32231],[88.47606,26.32026],[88.47665,26.31359],[88.4781,26.3112],[88.48515,26.30963],[88.48716,26.30792],[88.48679,26.29064],[88.48192,26.28132],[88.47534,26.27445],[88.46997,26.26639],[88.46967,26.26411],[88.47108,26.25521],[88.47259,26.25311],[88.47261,26.24747],[88.47507,26.24548],[88.47909,26.24434],[88.48769,26.24444],[88.49467,26.24247],[88.50202,26.24188],[88.51234,26.23569],[88.51573,26.23473],[88.53098,26.23758],[88.54115,26.24154],[88.54536,26.24047],[88.54819,26.23735],[88.54814,26.23307],[88.55141,26.23142],[88.55568,26.2315],[88.55512,26.22898],[88.55325,26.22761],[88.55238,26.22368],[88.55334,26.21649],[88.55046,26.21277],[88.55047,26.20826],[88.54809,26.20757],[88.54703,26.20574],[88.55036,26.20357],[88.55288,26.1988],[88.55521,26.19636],[88.55447,26.19225],[88.55611,26.19089],[88.55981,26.19044],[88.56013,26.18919],[88.55589,26.17948],[88.55137,26.17963],[88.55212,26.18294],[88.55128,26.18595],[88.54897,26.18693],[88.54583,26.18646],[88.53399,26.17712],[88.5296,26.1758],[88.52721,26.1759],[88.5247,26.1792],[88.5251,26.1905],[88.52337,26.20082],[88.52349,26.20321],[88.52574,26.2067],[88.50834,26.2128],[88.49992,26.2142],[88.49766,26.21242],[88.49285,26.20476],[88.49072,26.20355],[88.48752,26.20234],[88.48225,26.20328],[88.47647,26.20145],[88.47334,26.20166],[88.47221,26.20046],[88.4731,26.19704],[88.47172,26.19641],[88.46883,26.1972],[88.46827,26.1964],[88.46973,26.19218],[88.46464,26.19061],[88.4585,26.19157],[88.45033,26.1949],[88.44749,26.19529],[88.44167,26.19424],[88.43933,26.19577],[88.43864,26.19839],[88.43743,26.19942],[88.42494,26.19919],[88.41817,26.1974],[88.41082,26.19851],[88.40964,26.19645],[88.40989,26.1936],[88.4079,26.19245],[88.40163,26.19157],[88.39886,26.19208],[88.39771,26.19833],[88.39619,26.20004],[88.38859,26.20047],[88.38614,26.20143],[88.38237,26.19941],[88.37572,26.20001],[88.37403,26.19926],[88.36861,26.18897],[88.36723,26.18862],[88.3614,26.18922],[88.36081,26.19373],[88.35905,26.19492],[88.35566,26.19456],[88.35147,26.19043],[88.34136,26.19153],[88.33395,26.19053],[88.32542,26.19225],[88.32429,26.19384],[88.32426,26.19584],[88.3222,26.20129],[88.32191,26.20205]]]}},{"type":"Feature","properties":{"district_id":"panchagarh","upazila_id":"panchagarh-boda","source_name":"Boda","source_pcode":"557725","match_method":"exact"},"geometry":{"type":"Polygon","coordinates":[[[88.48702,26.34922],[88.49216,26.35146],[88.48957,26.35784],[88.49026,26.35984],[88.50139,26.35782],[88.50742,26.36132],[88.5088,26.36036],[88.50449,26.34974],[88.5047,26.34832],[88.50582,26.34792],[88.50896,26.3489],[88.51373,26.35222],[88.51725,26.35124],[88.51989,26.35218],[88.52241,26.35065],[88.52517,26.35066],[88.52982,26.35256],[88.53414,26.35583],[88.5357,26.35566],[88.53505,26.3475],[88.53889,26.34632],[88.54448,26.34799],[88.547,26.34577],[88.54726,26.34281],[88.54601,26.33835],[88.54144,26.33212],[88.55276,26.32845],[88.55951,26.3226],[88.56354,26.32084],[88.56811,26.32451],[88.57012,26.32497],[88.57734,26.32288],[88.58375,26.32273],[88.5849,26.32193],[88.58477,26.32017],[88.58102,26.31365],[88.58298,26.31166],[88.58618,26.31213],[88.59132,26.31676],[88.5944,26.31825],[88.59722,26.31786],[88.60051,26.31394],[88.60289,26.31252],[88.61012,26.3114],[88.62193,26.31251],[88.62739,26.31652],[88.63805,26.32727],[88.6488,26.3285],[88.6518,26.33245],[88.65551,26.33359],[88.6679,26.32797],[88.6804,26.3291],[88.69054,26.32244],[88.69173,26.32244],[88.69581,26.32598],[88.69688,26.32428],[88.69513,26.31771],[88.69645,26.31572],[88.70161,26.31408],[88.7178,26.32249],[88.72887,26.32372],[88.73672,26.32287],[88.73879,26.32328],[88.74011,26.32488],[88.73998,26.32625],[88.73684,26.33018],[88.73526,26.33365],[88.73507,26.33605],[88.72746,26.34527],[88.73505,26.35036],[88.73411,26.35276],[88.73517,26.3551],[88.74919,26.35324],[88.75052,26.34942],[88.75348,26.34543],[88.75474,26.33791],[88.76097,26.33512],[88.7616,26.33376],[88.75671,26.31972],[88.75797,26.31379],[88.75748,26.31071],[88.76176,26.29971],[88.76025,26.29491],[88.74903,26.2901],[88.74594,26.28645],[88.74789,26.28297],[88.75719,26.27666],[88.75707,26.27483],[88.75194,26.2706],[88.75049,26.26786],[88.75074,26.26392],[88.74986,26.26152],[88.74522,26.26146],[88.74289,26.26425],[88.74194,26.2683],[88.74068,26.2699],[88.73711,26.26909],[88.7319,26.26195],[88.73033,26.262],[88.72761,26.2681],[88.72617,26.26815],[88.72385,26.26632],[88.72135,26.26079],[88.7169,26.25508],[88.71414,26.24999],[88.71427,26.24674],[88.71648,26.24247],[88.71718,26.23711],[88.719,26.23506],[88.71944,26.23312],[88.71645,26.22325],[88.71896,26.21469],[88.71746,26.21047],[88.71973,26.20705],[88.7193,26.20044],[88.72176,26.19656],[88.72408,26.19497],[88.72583,26.19806],[88.72835,26.198],[88.72885,26.19641],[88.72723,26.18802],[88.72874,26.18323],[88.72855,26.18129],[88.72761,26.18112],[88.72297,26.18413],[88.71744,26.18554],[88.71518,26.18514],[88.71518,26.18406],[88.71669,26.18309],[88.7177,26.18093],[88.71808,26.17864],[88.71726,26.17682],[88.71381,26.18012],[88.70489,26.1825],[88.70344,26.18477],[88.7035,26.189],[88.70451,26.1902],[88.70739,26.19111],[88.7075,26.19448],[88.7109,26.19511],[88.71171,26.19614],[88.7112,26.19808],[88.70826,26.20115],[88.71107,26.20282],[88.70673,26.21039],[88.69856,26.21243],[88.69448,26.21247],[88.68852,26.21104],[88.68722,26.20964],[88.68571,26.20356],[88.68421,26.20104],[88.67611,26.19783],[88.67036,26.18943],[88.6681,26.18766],[88.66389,26.18714],[88.66108,26.18509],[88.66051,26.18331],[88.66102,26.1812],[88.65865,26.17406],[88.66267,26.16546],[88.66206,26.16357],[88.65498,26.15694],[88.65372,26.15437],[88.65461,26.15243],[88.659,26.15102],[88.66089,26.14954],[88.66071,26.1476],[88.65777,26.144],[88.65237,26.14427],[88.64942,26.14347],[88.64804,26.14244],[88.64686,26.13964],[88.64806,26.13684],[88.6544,26.13047],[88.65485,26.12802],[88.65197,26.12208],[88.65242,26.11963],[88.6565,26.11354],[88.65694,26.11103],[88.65252,26.09921],[88.64901,26.0964],[88.64801,26.09355],[88.6489,26.08865],[88.6479,26.08682],[88.64383,26.08635],[88.64131,26.0887],[88.64193,26.09245],[88.64041,26.09861],[88.6367,26.10373],[88.63487,26.10812],[88.63174,26.11057],[88.62859,26.1162],[88.62645,26.11831],[88.62481,26.12292],[88.62091,26.12736],[88.61185,26.13504],[88.59802,26.14224],[88.59396,26.14326],[88.58925,26.14244],[88.58604,26.14284],[88.58315,26.14642],[88.57836,26.14966],[88.57436,26.14981],[88.56938,26.15613],[88.56642,26.15772],[88.5668,26.16109],[88.56226,26.16592],[88.56194,26.16814],[88.56413,26.17266],[88.56344,26.17385],[88.55853,26.17481],[88.55589,26.17948],[88.56013,26.18919],[88.55981,26.19044],[88.55611,26.19089],[88.55447,26.19225],[88.55521,26.19636],[88.55288,26.1988],[88.55036,26.20357],[88.54703,26.20574],[88.54809,26.20757],[88.55047,26.20826],[88.55046,26.21277],[88.55334,26.21649],[88.55238,26.22368],[88.55325,26.22761],[88.55512,26.22898],[88.55568,26.2315],[88.55141,26.23142],[88.54814,26.23307],[88.54819,26.23735],[88.54724,26.2391],[88.54391,26.24104],[88.54115,26.24154],[88.53098,26.23758],[88.51573,26.23473],[88.51234,26.23569],[88.50202,26.24188],[88.49467,26.24247],[88.48769,26.24444],[88.47909,26.24434],[88.47507,26.24548],[88.47261,26.24747],[88.47259,26.25311],[88.47108,26.25521],[88.46967,26.26411],[88.46997,26.26639],[88.47534,26.27445],[88.48192,26.28132],[88.48679,26.29064],[88.48716,26.30792],[88.48515,26.30963],[88.4781,26.3112],[88.47665,26.31359],[88.47606,26.32026],[88.47461,26.32231],[88.46926,26.32297],[88.44942,26.3202],[88.44224,26.32332],[88.44211,26.32623],[88.45161,26.33705],[88.45911,26.34861],[88.46042,26.3494],[88.46818,26.34652],[88.47642,26.3449],[88.48006,26.3452],[88.48403,26.34717],[88.48702,26.34922]]]}},{"type":"Feature","properties":{"district_id":"panchagarh","upazila_id":"panchagarh-debiganj","source_name":"Debiganj","source_pcode":"557734","match_method":"exact"},"geometry":{"type":"Polygon","coordinates":[[[88.76025,26.29491],[88.76535,26.28853],[88.76604,26.2822],[88.76493,26.27074],[88.75848,26.25943],[88.75998,26.25664],[88.76195,26.23993],[88.76372,26.23511],[88.76572,26.23429],[88.77269,26.23778],[88.77564,26.23716],[88.78551,26.23215],[88.78777,26.23005],[88.79525,26.21888],[88.79569,26.21426],[88.79739,26.2097],[88.79639,26.2089],[88.79268,26.20958],[88.79099,26.20839],[88.79137,26.20415],[88.79652,26.20446],[88.7979,26.20371],[88.79446,26.1903],[88.79088,26.18613],[88.78442,26.18156],[88.77883,26.18087],[88.77657,26.17904],[88.77714,26.17813],[88.78065,26.17768],[88.78134,26.17648],[88.77979,26.16376],[88.78061,26.16108],[88.78451,26.15572],[88.78608,26.14631],[88.78464,26.14397],[88.78425,26.14141],[88.78446,26.13331],[88.78992,26.12898],[88.78867,26.12128],[88.78297,26.11323],[88.77539,26.10574],[88.77414,26.10089],[88.76669,26.0881],[88.76411,26.08616],[88.75948,26.08706],[88.75702,26.08574],[88.76927,26.07248],[88.78094,26.06484],[88.77594,26.05652],[88.77362,26.05372],[88.76936,26.05097],[88.76685,26.04772],[88.76241,26.03505],[88.76141,26.03522],[88.76003,26.03772],[88.75877,26.03755],[88.75822,26.03316],[88.76117,26.02643],[88.75816,26.0226],[88.75597,26.02328],[88.75308,26.02659],[88.75133,26.0267],[88.74876,26.02544],[88.74044,26.01727],[88.73084,26.01959],[88.72903,26.0185],[88.72559,26.01336],[88.72102,26.00873],[88.7103,26.00614],[88.70402,26.00852],[88.70121,26.01131],[88.69996,26.01439],[88.69217,26.01604],[88.67713,26.01428],[88.66779,26.01608],[88.66478,26.01841],[88.661,26.02451],[88.64611,26.04415],[88.63619,26.04863],[88.62564,26.0584],[88.63065,26.06511],[88.64131,26.0887],[88.64383,26.08635],[88.6479,26.08682],[88.6489,26.08865],[88.64801,26.09355],[88.64901,26.0964],[88.65252,26.09921],[88.65694,26.11103],[88.6565,26.11354],[88.65242,26.11963],[88.65197,26.12208],[88.65485,26.12802],[88.6544,26.13047],[88.64806,26.13684],[88.64686,26.13964],[88.64804,26.14244],[88.64942,26.14347],[88.65237,26.14427],[88.65777,26.144],[88.66071,26.1476],[88.66089,26.14954],[88.659,26.15102],[88.65461,26.15243],[88.65372,26.15437],[88.65498,26.15694],[88.66206,26.16357],[88.66267,26.16546],[88.65865,26.17406],[88.66102,26.1812],[88.66051,26.18331],[88.66108,26.18509],[88.66389,26.18714],[88.6681,26.18766],[88.67036,26.18943],[88.67611,26.19783],[88.68421,26.20104],[88.68571,26.20356],[88.68722,26.20964],[88.68852,26.21104],[88.69448,26.21247],[88.69856,26.21243],[88.70673,26.21039],[88.71107,26.20282],[88.70826,26.20115],[88.7112,26.19808],[88.71171,26.19614],[88.7109,26.19511],[88.7075,26.19448],[88.70739,26.19111],[88.70451,26.1902],[88.7035,26.189],[88.70344,26.18477],[88.70489,26.1825],[88.71381,26.18012],[88.71726,26.17682],[88.71808,26.17864],[88.7177,26.18093],[88.71669,26.18309],[88.71518,26.18406],[88.71518,26.18514],[88.71744,26.18554],[88.72297,26.18413],[88.72761,26.18112],[88.72855,26.18129],[88.72874,26.18323],[88.72723,26.18802],[88.72885,26.19641],[88.72835,26.198],[88.72583,26.19806],[88.72408,26.19497],[88.72176,26.19656],[88.7193,26.20044],[88.71973,26.20705],[88.71746,26.21047],[88.71896,26.21469],[88.71645,26.22325],[88.71944,26.23312],[88.719,26.23506],[88.71718,26.23711],[88.71648,26.24247],[88.71427,26.24674],[88.71414,26.24999],[88.7169,26.25508],[88.72135,26.26079],[88.72385,26.26632],[88.72617,26.26815],[88.72761,26.2681],[88.73033,26.262],[88.7319,26.26195],[88.73711,26.26909],[88.74068,26.2699],[88.74194,26.2683],[88.74289,26.26425],[88.74522,26.26146],[88.74986,26.26152],[88.75074,26.26392],[88.75049,26.26786],[88.75194,26.2706],[88.75707,26.27483],[88.75719,26.27666],[88.74789,26.28297],[88.74664,26.28456],[88.74594,26.28645],[88.7477,26.28873],[88.74903,26.2901],[88.75178,26.29085],[88.76025,26.29491]]]}},{"type":"Feature","properties":{"district_id":"panchagarh","upazila_id":"panchagarh-panchagarh-sadar","source_name":"Panchagarh S.","source_pcode":"557773","match_method":"exact"},"geometry":{"type":"Polygon","coordinates":[[[88.52531,26.48995],[88.52513,26.48474],[88.52658,26.48442],[88.52666,26.48174],[88.5305,26.48089],[88.54937,26.4833],[88.56106,26.48892],[88.55919,26.48287],[88.55743,26.48081],[88.55473,26.48057],[88.5522,26.47762],[88.55357,26.4749],[88.55508,26.47399],[88.55978,26.47489],[88.5628,26.47375],[88.56312,26.47267],[88.55686,26.45925],[88.55712,26.45685],[88.57442,26.45674],[88.58374,26.4542],[88.58563,26.4517],[88.58884,26.44948],[88.59702,26.44939],[88.59556,26.45891],[88.59435,26.46204],[88.59427,26.47009],[88.59521,26.4718],[88.61156,26.47025],[88.6207,26.47107],[88.62334,26.46828],[88.62524,26.46373],[88.625,26.45802],[88.62767,26.44708],[88.62786,26.44377],[88.62711,26.44131],[88.62366,26.43749],[88.62455,26.43543],[88.63084,26.43271],[88.63299,26.43078],[88.64966,26.42724],[88.65156,26.42376],[88.65131,26.42125],[88.64597,26.41815],[88.65341,26.4156],[88.65881,26.41721],[88.66094,26.41671],[88.66251,26.41494],[88.66422,26.40993],[88.66687,26.40993],[88.67052,26.40703],[88.68002,26.40899],[88.68152,26.41088],[88.68158,26.41248],[88.68302,26.41271],[88.68742,26.41072],[88.68806,26.4089],[88.6877,26.40125],[88.68462,26.40256],[88.67933,26.40276],[88.67198,26.39894],[88.67482,26.39569],[88.67809,26.39406],[88.68935,26.39556],[88.68946,26.39453],[88.68595,26.39247],[88.68608,26.39099],[88.68841,26.39013],[88.68929,26.3874],[88.6908,26.38706],[88.69979,26.38988],[88.70198,26.38954],[88.70268,26.38846],[88.69986,26.38503],[88.68528,26.38317],[88.68307,26.38231],[88.68182,26.38031],[88.68327,26.37843],[88.68704,26.37832],[88.68749,26.37524],[88.68951,26.37131],[88.6895,26.36812],[88.69077,26.36561],[88.69298,26.36379],[88.69632,26.36369],[88.69669,26.36306],[88.69374,26.35969],[88.69595,26.35736],[88.69839,26.35645],[88.69872,26.35063],[88.69621,26.34589],[88.69657,26.34434],[88.70377,26.341],[88.7032,26.33724],[88.70437,26.33436],[88.70673,26.3328],[88.70856,26.3328],[88.7105,26.33389],[88.71426,26.34462],[88.71796,26.34503],[88.72041,26.34429],[88.72746,26.34527],[88.73425,26.33759],[88.73684,26.33018],[88.73998,26.32625],[88.74011,26.32488],[88.73879,26.32328],[88.73672,26.32287],[88.72887,26.32372],[88.7178,26.32249],[88.70161,26.31408],[88.69645,26.31572],[88.69513,26.31771],[88.69688,26.32428],[88.69581,26.32598],[88.69173,26.32244],[88.69054,26.32244],[88.6804,26.3291],[88.6679,26.32797],[88.65551,26.33359],[88.6518,26.33245],[88.6488,26.3285],[88.63805,26.32727],[88.62739,26.31652],[88.62193,26.31251],[88.61012,26.3114],[88.60289,26.31252],[88.60051,26.31394],[88.59722,26.31786],[88.5944,26.31825],[88.59132,26.31676],[88.58618,26.31213],[88.58298,26.31166],[88.58102,26.31365],[88.58477,26.32017],[88.5849,26.32193],[88.58375,26.32273],[88.57734,26.32288],[88.57012,26.32497],[88.56811,26.32451],[88.56354,26.32084],[88.55951,26.3226],[88.55276,26.32845],[88.54144,26.33212],[88.54601,26.33835],[88.54726,26.34281],[88.547,26.34577],[88.54448,26.34799],[88.53889,26.34632],[88.53505,26.3475],[88.5357,26.35566],[88.53414,26.35583],[88.52982,26.35256],[88.52517,26.35066],[88.52241,26.35065],[88.51989,26.35218],[88.52376,26.3579],[88.52477,26.36093],[88.52174,26.36251],[88.51746,26.36204],[88.51633,26.36358],[88.51658,26.36505],[88.51897,26.36616],[88.52299,26.36594],[88.52317,26.36816],[88.52523,26.37285],[88.52485,26.37433],[88.52396,26.37439],[88.52058,26.3709],[88.51751,26.37071],[88.51611,26.37253],[88.51529,26.37458],[88.51565,26.37989],[88.51764,26.38474],[88.52016,26.38641],[88.52072,26.38789],[88.5192,26.38994],[88.51544,26.38668],[88.51374,26.38684],[88.5119,26.39271],[88.50654,26.39857],[88.51181,26.40047],[88.5118,26.40389],[88.51638,26.40807],[88.52032,26.41339],[88.52447,26.41682],[88.52929,26.42009],[88.53717,26.42211],[88.53973,26.42474],[88.53996,26.4309],[88.54121,26.43433],[88.54023,26.44431],[88.5374,26.44521],[88.53268,26.4448],[88.52934,26.44586],[88.53391,26.4545],[88.53378,26.4578],[88.52905,26.46241],[88.52866,26.46412],[88.53023,26.46532],[88.53608,26.46648],[88.53727,26.46922],[88.53555,26.4719],[88.53342,26.47297],[88.51956,26.47709],[88.51615,26.48097],[88.51577,26.48278],[88.51682,26.4861],[88.51884,26.48764],[88.52434,26.4896],[88.52531,26.48995]]]}},{"type":"Feature","properties":{"district_id":"panchagarh","upazila_id":"panchagarh-tetulia","source_name":"Tentulia","source_pcode":"557790","match_method":"unique-near"},"geometry":{"type":"Polygon","coordinates":[[[88.33715,26.49714],[88.34456,26.50525],[88.34971,26.5087],[88.35258,26.51202],[88.35147,26.52228],[88.35252,26.52502],[88.35849,26.52915],[88.35776,26.53754],[88.36131,26.54782],[88.36417,26.55205],[88.37052,26.55676],[88.37315,26.56065],[88.37349,26.56521],[88.37019,26.57461],[88.37383,26.57862],[88.37462,26.58426],[88.37693,26.58833],[88.37754,26.59351],[88.37904,26.59478],[88.38477,26.5968],[88.3874,26.6012],[88.39028,26.60304],[88.39255,26.60322],[88.39688,26.60119],[88.39917,26.60171],[88.39847,26.60433],[88.38988,26.60754],[88.38849,26.60902],[88.3888,26.6109],[88.39131,26.61399],[88.39646,26.61618],[88.39964,26.62521],[88.40089,26.62692],[88.41132,26.63381],[88.41535,26.63412],[88.41675,26.63297],[88.41745,26.63093],[88.41659,26.62428],[88.41894,26.62095],[88.41858,26.61137],[88.42148,26.59952],[88.42158,26.59051],[88.42406,26.58316],[88.42433,26.57867],[88.42297,26.57084],[88.42342,26.56867],[88.43212,26.55109],[88.43541,26.54682],[88.43781,26.54512],[88.44197,26.54502],[88.44386,26.54417],[88.44621,26.53894],[88.45025,26.53587],[88.45642,26.53647],[88.45724,26.53721],[88.45641,26.5404],[88.45947,26.54566],[88.46218,26.54722],[88.46628,26.54416],[88.48,26.54482],[88.48164,26.54181],[88.48606,26.54131],[88.48656,26.54046],[88.48619,26.53829],[88.48412,26.53509],[88.48439,26.53148],[88.48495,26.53058],[88.48721,26.53093],[88.48992,26.53254],[88.49037,26.53174],[88.49012,26.52906],[88.48842,26.52746],[88.48889,26.52584],[88.4907,26.52593],[88.49158,26.52496],[88.49193,26.51681],[88.49394,26.51409],[88.49754,26.51173],[88.50103,26.51333],[88.5078,26.5145],[88.51202,26.51203],[88.51405,26.50816],[88.52192,26.50847],[88.52476,26.50614],[88.52477,26.50232],[88.52207,26.49854],[88.5253,26.49394],[88.52531,26.48995],[88.51884,26.48764],[88.51682,26.4861],[88.51577,26.48278],[88.51748,26.47874],[88.51956,26.47709],[88.53342,26.47297],[88.53555,26.4719],[88.53727,26.46922],[88.53608,26.46648],[88.53023,26.46532],[88.52866,26.46412],[88.52905,26.46241],[88.53378,26.4578],[88.53391,26.4545],[88.52934,26.44586],[88.53268,26.4448],[88.5374,26.44521],[88.54023,26.44431],[88.54121,26.43433],[88.53996,26.4309],[88.53973,26.42474],[88.53717,26.42211],[88.5274,26.41906],[88.52032,26.41339],[88.51638,26.40807],[88.5118,26.40389],[88.51073,26.40588],[88.50934,26.40593],[88.50602,26.40284],[88.50483,26.40284],[88.50381,26.40358],[88.50211,26.40745],[88.49644,26.40844],[88.49676,26.40977],[88.50227,26.41412],[88.50289,26.41726],[88.50144,26.41737],[88.49786,26.41536],[88.49428,26.41643],[88.4939,26.41769],[88.4984,26.4258],[88.49147,26.42903],[88.4914,26.42999],[88.49656,26.43117],[88.498,26.43277],[88.49755,26.43567],[88.49251,26.43913],[88.492,26.44032],[88.49255,26.44306],[88.48783,26.44436],[88.488,26.44972],[88.48277,26.45084],[88.47951,26.45254],[88.47955,26.45482],[88.48376,26.45763],[88.48419,26.46049],[88.4575,26.46557],[88.43755,26.46568],[88.43539,26.47022],[88.43408,26.47085],[88.4303,26.47071],[88.42638,26.47241],[88.42426,26.47075],[88.42214,26.46521],[88.41367,26.47196],[88.40748,26.48055],[88.40627,26.48408],[88.4045,26.48544],[88.40324,26.48537],[88.39897,26.48131],[88.39125,26.47911],[88.38463,26.48262],[88.37896,26.48333],[88.37663,26.48463],[88.37611,26.48663],[88.37498,26.48719],[88.36761,26.48705],[88.3646,26.48595],[88.36259,26.48406],[88.36268,26.47995],[88.36364,26.47522],[88.36649,26.4713],[88.36649,26.4701],[88.36281,26.46467],[88.36228,26.45468],[88.35591,26.44581],[88.35362,26.44963],[88.35196,26.45663],[88.3493,26.46141],[88.34914,26.46632],[88.34756,26.46751],[88.34203,26.46919],[88.34212,26.47644],[88.3411,26.4778],[88.33683,26.47715],[88.33505,26.4776],[88.33437,26.47868],[88.3325,26.48723],[88.33586,26.49557],[88.33715,26.49714]]]}},{"type":"Feature","properties":{"district_id":"rangpur","upazila_id":"rangpur-badargonj","source_name":"Badarganj","source_pcode":"558503","match_method":"unique-near"},"geometry":{"type":"Polygon","coordinates":[[[88.94117,25.74008],[88.94838,25.74607],[88.95396,25.74484],[88.95516,25.7454],[88.95834,25.74343],[88.96391,25.74286],[88.96623,25.74448],[88.96928,25.75143],[88.97118,25.75333],[88.98008,25.75344],[88.98293,25.75869],[88.98611,25.76007],[88.98866,25.75924],[88.99671,25.75192],[89.00429,25.7495],[89.00764,25.74752],[89.01407,25.74148],[89.01693,25.7403],[89.01799,25.74001],[89.02391,25.74256],[89.02781,25.74297],[89.03547,25.74284],[89.04181,25.74118],[89.04468,25.73837],[89.04865,25.73254],[89.05814,25.72655],[89.06023,25.72676],[89.06046,25.72909],[89.05712,25.73611],[89.05729,25.74031],[89.06021,25.74137],[89.07006,25.74232],[89.0816,25.74212],[89.08469,25.73994],[89.0878,25.73526],[89.09106,25.73351],[89.09032,25.73034],[89.08767,25.72985],[89.08569,25.72845],[89.08547,25.72657],[89.08739,25.72439],[89.08951,25.71832],[89.09101,25.71808],[89.09489,25.72043],[89.10074,25.71921],[89.10165,25.7212],[89.10166,25.72456],[89.10357,25.72761],[89.105,25.72691],[89.10661,25.72346],[89.1141,25.72956],[89.11751,25.73036],[89.12778,25.72809],[89.13444,25.72413],[89.13668,25.7241],[89.1407,25.72717],[89.14227,25.7276],[89.14388,25.72701],[89.14429,25.72434],[89.14285,25.71777],[89.14389,25.71486],[89.15158,25.71239],[89.15289,25.70959],[89.15251,25.70604],[89.1476,25.69719],[89.14817,25.69464],[89.14956,25.69355],[89.15472,25.69469],[89.158,25.69443],[89.15977,25.69203],[89.15991,25.68779],[89.1588,25.6813],[89.16087,25.67027],[89.15758,25.66906],[89.14359,25.66946],[89.13974,25.66721],[89.13968,25.66328],[89.1415,25.65597],[89.13723,25.65532],[89.13315,25.64275],[89.13065,25.63787],[89.13067,25.63519],[89.13446,25.63287],[89.14194,25.6324],[89.14436,25.63078],[89.14474,25.62809],[89.13869,25.62354],[89.13574,25.62004],[89.13473,25.61636],[89.13486,25.61141],[89.14147,25.59308],[89.14555,25.58753],[89.14528,25.58617],[89.14329,25.58699],[89.13944,25.59044],[89.13831,25.58932],[89.14005,25.58112],[89.13696,25.57588],[89.12777,25.57249],[89.12434,25.56862],[89.11825,25.55931],[89.11272,25.55645],[89.11124,25.55471],[89.10961,25.54652],[89.10798,25.54388],[89.09958,25.53879],[89.09793,25.54451],[89.09257,25.548],[89.09176,25.54982],[89.0929,25.55541],[89.09498,25.56055],[89.10111,25.56789],[89.10153,25.57066],[89.10072,25.57186],[89.09476,25.57045],[89.09225,25.5715],[89.07906,25.58148],[89.07461,25.58306],[89.07462,25.58578],[89.07193,25.58814],[89.06767,25.58794],[89.05676,25.59136],[89.05092,25.59028],[89.04301,25.584],[89.04114,25.58436],[89.03953,25.58654],[89.03875,25.59661],[89.03778,25.60014],[89.03599,25.60243],[89.0333,25.60354],[89.02361,25.60614],[89.02023,25.60595],[89.0116,25.60279],[89.00867,25.60301],[89.00662,25.60541],[89.00292,25.61649],[88.99322,25.62306],[88.99187,25.62598],[88.99192,25.63024],[88.9929,25.63358],[88.99467,25.63567],[88.99458,25.63794],[88.99342,25.6404],[88.98874,25.64254],[88.98866,25.64614],[88.98931,25.64914],[88.9953,25.65147],[88.99606,25.65282],[88.99265,25.65514],[88.99034,25.66159],[88.98705,25.66344],[88.97633,25.65821],[88.97389,25.65858],[88.96899,25.66273],[88.96821,25.6654],[88.97159,25.66947],[88.97119,25.67271],[88.96971,25.67432],[88.96734,25.67532],[88.96203,25.67611],[88.96045,25.67914],[88.95979,25.68547],[88.95856,25.68691],[88.95542,25.68688],[88.95358,25.68571],[88.9529,25.68184],[88.94939,25.68188],[88.94504,25.68478],[88.93766,25.68666],[88.93468,25.68846],[88.93707,25.69259],[88.9373,25.69454],[88.93476,25.70105],[88.92807,25.70994],[88.92724,25.72386],[88.92844,25.72681],[88.93086,25.72822],[88.94022,25.73019],[88.9417,25.73245],[88.94162,25.73547],[88.94117,25.74008]]]}},{"type":"Feature","properties":{"district_id":"rangpur","upazila_id":"rangpur-gangachara","source_name":"Gangachhara","source_pcode":"558527","match_method":"unique-near"},"geometry":{"type":"Polygon","coordinates":[[[89.28317,25.8947],[89.28711,25.8938],[89.2965,25.88837],[89.29929,25.88491],[89.29825,25.88048],[89.30506,25.87035],[89.31315,25.861],[89.31851,25.85896],[89.32261,25.85472],[89.33418,25.85098],[89.33916,25.84654],[89.3371,25.83952],[89.3318,25.83069],[89.33016,25.83008],[89.32558,25.83037],[89.32117,25.82566],[89.31754,25.82475],[89.31314,25.8176],[89.30963,25.81452],[89.30586,25.81581],[89.30438,25.81816],[89.30353,25.82185],[89.30043,25.82438],[89.29765,25.82474],[89.2965,25.82379],[89.29537,25.81965],[89.2941,25.81938],[89.29093,25.82088],[89.28519,25.82649],[89.28316,25.82685],[89.28091,25.82579],[89.2791,25.82262],[89.27668,25.82258],[89.27123,25.82422],[89.26958,25.82401],[89.26529,25.82115],[89.26256,25.82072],[89.25726,25.82259],[89.25601,25.82408],[89.25518,25.82784],[89.25331,25.8295],[89.24691,25.82894],[89.23825,25.82352],[89.23603,25.82292],[89.22881,25.82396],[89.22517,25.82599],[89.22219,25.82483],[89.21795,25.82743],[89.21078,25.82729],[89.20816,25.82869],[89.20851,25.83181],[89.21092,25.83309],[89.21087,25.83428],[89.20851,25.83636],[89.20791,25.83818],[89.20077,25.83997],[89.1982,25.83978],[89.19481,25.83527],[89.19217,25.83513],[89.19153,25.83332],[89.19268,25.83075],[89.19108,25.82815],[89.19137,25.82741],[89.19718,25.82495],[89.19698,25.82331],[89.19398,25.81976],[89.19115,25.81963],[89.18879,25.82045],[89.18914,25.82351],[89.18644,25.8227],[89.18353,25.82062],[89.18134,25.82049],[89.18085,25.82163],[89.18174,25.82725],[89.18112,25.82794],[89.17943,25.82722],[89.17809,25.82484],[89.17487,25.82183],[89.17342,25.82145],[89.16522,25.82423],[89.15925,25.82466],[89.15566,25.82057],[89.15361,25.82082],[89.14986,25.82378],[89.14818,25.82415],[89.1447,25.82301],[89.14007,25.82535],[89.13528,25.81804],[89.13546,25.81241],[89.13464,25.81089],[89.13167,25.81184],[89.12916,25.8145],[89.12448,25.81258],[89.12125,25.81342],[89.12058,25.81036],[89.12122,25.8071],[89.11939,25.80627],[89.11491,25.811],[89.10883,25.8154],[89.10833,25.8233],[89.10709,25.82592],[89.10596,25.82701],[89.09598,25.83093],[89.08896,25.83585],[89.09079,25.83719],[89.09122,25.84593],[89.09249,25.84954],[89.09369,25.85111],[89.10014,25.85251],[89.10289,25.85445],[89.10345,25.85632],[89.09945,25.86225],[89.10014,25.86474],[89.10409,25.86809],[89.10567,25.87623],[89.10706,25.87888],[89.11681,25.8846],[89.1213,25.88937],[89.12672,25.89192],[89.13519,25.90064],[89.13871,25.90049],[89.14312,25.89691],[89.14308,25.89446],[89.14104,25.89193],[89.14057,25.88983],[89.14646,25.88424],[89.14606,25.88198],[89.14786,25.88042],[89.15012,25.88005],[89.15282,25.88098],[89.16008,25.87885],[89.16127,25.87946],[89.15926,25.88767],[89.16374,25.88956],[89.16618,25.89243],[89.16541,25.89888],[89.16611,25.90245],[89.16873,25.90465],[89.17838,25.90585],[89.18081,25.90719],[89.1823,25.90923],[89.18233,25.9106],[89.17715,25.91299],[89.17558,25.91546],[89.17635,25.9215],[89.18316,25.92657],[89.18391,25.93147],[89.1882,25.93661],[89.19127,25.93785],[89.19142,25.93356],[89.19252,25.93229],[89.19414,25.9321],[89.19588,25.93317],[89.19651,25.93584],[89.19574,25.94463],[89.19644,25.94894],[89.20252,25.94437],[89.20601,25.94341],[89.21023,25.93902],[89.21385,25.93686],[89.21906,25.93626],[89.22058,25.93447],[89.21991,25.93266],[89.22272,25.92966],[89.22201,25.92539],[89.22261,25.92441],[89.22447,25.92353],[89.22722,25.91991],[89.22996,25.91958],[89.23167,25.9203],[89.23316,25.91903],[89.23329,25.91528],[89.23438,25.91219],[89.23969,25.90861],[89.24451,25.90379],[89.24761,25.90251],[89.24956,25.90028],[89.25228,25.89868],[89.25521,25.89881],[89.25657,25.90028],[89.2579,25.90867],[89.26167,25.91142],[89.26725,25.90927],[89.26915,25.9075],[89.26729,25.89566],[89.26885,25.89366],[89.26842,25.89009],[89.2691,25.8891],[89.27221,25.88879],[89.2749,25.89064],[89.28004,25.8919],[89.28317,25.8947]]]}},{"type":"Feature","properties":{"district_id":"rangpur","upazila_id":"rangpur-kaunia","source_name":"Kaunia","source_pcode":"558542","match_method":"exact"},"geometry":{"type":"Polygon","coordinates":[[[89.33916,25.84654],[89.3429,25.84098],[89.3497,25.8374],[89.35298,25.83131],[89.35622,25.82858],[89.36472,25.82484],[89.37234,25.82397],[89.37442,25.82161],[89.37738,25.81326],[89.37928,25.81095],[89.3839,25.80753],[89.39291,25.80307],[89.41022,25.80107],[89.41721,25.7987],[89.42415,25.79997],[89.42979,25.79972],[89.4318,25.79919],[89.43321,25.7928],[89.44675,25.79023],[89.44819,25.79016],[89.4539,25.79321],[89.45795,25.79128],[89.45961,25.79297],[89.46304,25.79377],[89.45891,25.78638],[89.45921,25.78525],[89.46096,25.78488],[89.46589,25.78713],[89.46788,25.78643],[89.46968,25.78442],[89.47556,25.77416],[89.48212,25.76742],[89.48304,25.76513],[89.48169,25.75948],[89.48228,25.75725],[89.48807,25.75728],[89.48987,25.75663],[89.49135,25.75451],[89.49525,25.7544],[89.4968,25.75341],[89.49989,25.75007],[89.5049,25.74903],[89.50542,25.74215],[89.50256,25.73514],[89.50108,25.73374],[89.49164,25.73136],[89.4903,25.73002],[89.48933,25.72782],[89.48949,25.726],[89.49125,25.72228],[89.48657,25.72115],[89.47688,25.72037],[89.47096,25.71533],[89.46742,25.71396],[89.46007,25.71747],[89.45824,25.71726],[89.4549,25.70747],[89.45274,25.70597],[89.44853,25.70511],[89.44546,25.70652],[89.44318,25.70911],[89.44246,25.71184],[89.44249,25.71412],[89.44632,25.71839],[89.44764,25.72286],[89.44646,25.72412],[89.4434,25.72474],[89.43994,25.72416],[89.43781,25.7247],[89.43864,25.72622],[89.44359,25.72928],[89.44394,25.732],[89.43798,25.73231],[89.43565,25.73655],[89.43352,25.73703],[89.42856,25.73641],[89.42494,25.73828],[89.42107,25.73572],[89.40776,25.74283],[89.40217,25.74325],[89.3999,25.7422],[89.39733,25.73331],[89.39574,25.73152],[89.3926,25.73116],[89.38992,25.73182],[89.38863,25.73383],[89.38922,25.73602],[89.38792,25.73679],[89.38279,25.73289],[89.38041,25.73252],[89.37493,25.7347],[89.36935,25.73273],[89.36477,25.72632],[89.35821,25.72574],[89.35569,25.72385],[89.35252,25.71918],[89.34898,25.72014],[89.34638,25.72235],[89.34535,25.72497],[89.34657,25.72779],[89.34462,25.7397],[89.34564,25.74264],[89.3422,25.74542],[89.34251,25.75064],[89.3403,25.75318],[89.33854,25.75701],[89.33575,25.75751],[89.33251,25.75648],[89.3297,25.75386],[89.31793,25.75451],[89.31655,25.75119],[89.31138,25.7502],[89.30707,25.74401],[89.30438,25.74432],[89.29995,25.74858],[89.3028,25.76237],[89.30968,25.78286],[89.31355,25.80198],[89.3168,25.80336],[89.3174,25.80501],[89.31574,25.80891],[89.31807,25.81241],[89.31767,25.81458],[89.31314,25.8176],[89.31754,25.82475],[89.32117,25.82566],[89.32558,25.83037],[89.33016,25.83008],[89.3318,25.83069],[89.3371,25.83952],[89.33916,25.84654]]]}},{"type":"Feature","properties":{"district_id":"rangpur","upazila_id":"rangpur-mithapukur","source_name":"Mithapukur","source_pcode":"558558","match_method":"exact"},"geometry":{"type":"Polygon","coordinates":[[[89.31828,25.66807],[89.32042,25.66739],[89.32117,25.66323],[89.32446,25.66154],[89.32455,25.65892],[89.32571,25.65714],[89.32727,25.65706],[89.33093,25.65934],[89.3377,25.65742],[89.33976,25.65808],[89.34033,25.65903],[89.33913,25.66474],[89.33989,25.66575],[89.34151,25.66573],[89.34666,25.65836],[89.34925,25.65697],[89.35005,25.65694],[89.35193,25.66135],[89.3554,25.66118],[89.35638,25.6602],[89.35651,25.65701],[89.35485,25.65464],[89.35452,25.65032],[89.35748,25.64895],[89.36181,25.64849],[89.36439,25.64686],[89.36369,25.63986],[89.36416,25.63815],[89.36544,25.63699],[89.36681,25.63691],[89.37049,25.64039],[89.37509,25.63958],[89.37712,25.63819],[89.3833,25.62979],[89.392,25.62592],[89.39136,25.61916],[89.39548,25.61808],[89.39537,25.6144],[89.39629,25.61155],[89.39471,25.61067],[89.39266,25.6066],[89.39352,25.6042],[89.39841,25.60069],[89.39852,25.59972],[89.39336,25.59876],[89.3914,25.59765],[89.39108,25.59556],[89.39275,25.59327],[89.39749,25.59163],[89.39799,25.59083],[89.39767,25.58953],[89.39307,25.58987],[89.38978,25.58826],[89.39077,25.58259],[89.3902,25.58089],[89.38714,25.57776],[89.38808,25.57564],[89.39049,25.57375],[89.3936,25.57287],[89.39165,25.56693],[89.39189,25.56472],[89.39578,25.56122],[89.39574,25.55878],[89.39884,25.5579],[89.40247,25.55541],[89.4082,25.56025],[89.41344,25.56223],[89.41529,25.55669],[89.41296,25.55347],[89.41667,25.55177],[89.4172,25.55066],[89.4165,25.548],[89.41026,25.547],[89.41243,25.54405],[89.41477,25.54259],[89.41519,25.53996],[89.41435,25.53906],[89.41111,25.53938],[89.40993,25.53797],[89.40646,25.54224],[89.40488,25.54209],[89.40391,25.54101],[89.40345,25.53811],[89.4043,25.53484],[89.40769,25.53161],[89.41039,25.53123],[89.41624,25.53504],[89.41779,25.53376],[89.41881,25.52913],[89.4216,25.52744],[89.42387,25.52764],[89.42538,25.52865],[89.42692,25.53375],[89.42972,25.53599],[89.43102,25.53585],[89.43043,25.53091],[89.43247,25.52911],[89.4346,25.52915],[89.437,25.53048],[89.4401,25.53379],[89.44281,25.53017],[89.44185,25.5278],[89.43818,25.52489],[89.43961,25.52267],[89.43791,25.52161],[89.43816,25.52002],[89.44048,25.51852],[89.44337,25.52114],[89.44505,25.51892],[89.446,25.51568],[89.443,25.51159],[89.44286,25.5096],[89.44726,25.50491],[89.44323,25.50083],[89.44395,25.49668],[89.44831,25.49294],[89.44604,25.4891],[89.44362,25.48708],[89.44067,25.48757],[89.43913,25.4865],[89.43585,25.4756],[89.42992,25.47625],[89.428,25.47553],[89.42538,25.46985],[89.42229,25.46541],[89.41848,25.46377],[89.41608,25.46528],[89.4119,25.46591],[89.41254,25.46795],[89.40624,25.47358],[89.40317,25.479],[89.40305,25.48137],[89.40663,25.48507],[89.40759,25.48715],[89.4069,25.48869],[89.40432,25.49025],[89.4023,25.49004],[89.40046,25.48808],[89.3936,25.49201],[89.39007,25.49318],[89.38706,25.49599],[89.38365,25.50318],[89.38095,25.50389],[89.37926,25.50538],[89.37068,25.50383],[89.36808,25.50216],[89.36205,25.50342],[89.35587,25.50229],[89.35248,25.50313],[89.35081,25.50519],[89.34835,25.50488],[89.34378,25.5063],[89.33942,25.50447],[89.33609,25.5094],[89.33283,25.51001],[89.32663,25.5065],[89.31886,25.50727],[89.31774,25.50871],[89.32047,25.5159],[89.31705,25.51821],[89.30779,25.51992],[89.29729,25.51851],[89.2962,25.51693],[89.2962,25.51221],[89.29444,25.51144],[89.29247,25.51447],[89.28798,25.51589],[89.28595,25.51927],[89.28426,25.5202],[89.279,25.51992],[89.27431,25.52595],[89.27168,25.52626],[89.27083,25.52349],[89.27233,25.51796],[89.27185,25.51501],[89.2616,25.51752],[89.26242,25.52291],[89.26157,25.52434],[89.25932,25.52499],[89.25567,25.52424],[89.25292,25.52467],[89.25031,25.52647],[89.24682,25.52748],[89.24535,25.52556],[89.24516,25.52062],[89.24395,25.51802],[89.24255,25.51646],[89.23798,25.51559],[89.23682,25.51442],[89.23646,25.50999],[89.23444,25.50899],[89.22745,25.5101],[89.21911,25.50855],[89.21015,25.51355],[89.19904,25.5163],[89.18831,25.51228],[89.18505,25.51204],[89.17307,25.51384],[89.171,25.51284],[89.16928,25.51008],[89.16949,25.50565],[89.16809,25.50311],[89.15902,25.5022],[89.15543,25.49957],[89.14858,25.50011],[89.14693,25.49899],[89.1457,25.49396],[89.14394,25.49182],[89.14417,25.48887],[89.14777,25.48452],[89.14876,25.47386],[89.15332,25.4721],[89.15551,25.47026],[89.15564,25.46619],[89.15333,25.46373],[89.15289,25.46084],[89.15682,25.45536],[89.15669,25.45377],[89.15065,25.44291],[89.14314,25.44061],[89.13808,25.44396],[89.13728,25.44538],[89.13967,25.44718],[89.13924,25.44979],[89.13201,25.45213],[89.12846,25.45017],[89.12601,25.45376],[89.12386,25.45395],[89.12058,25.45636],[89.11824,25.45621],[89.11717,25.45701],[89.11711,25.45854],[89.12028,25.46095],[89.12849,25.46235],[89.12994,25.46331],[89.12408,25.46698],[89.12276,25.46886],[89.1224,25.47419],[89.12171,25.47477],[89.11912,25.47281],[89.11866,25.46743],[89.11765,25.46556],[89.11645,25.46501],[89.11456,25.4661],[89.11478,25.47245],[89.11384,25.47376],[89.10706,25.47536],[89.10657,25.47713],[89.10709,25.47877],[89.11543,25.47727],[89.11594,25.47844],[89.11233,25.48224],[89.10899,25.48744],[89.10448,25.4888],[89.10548,25.49322],[89.1036,25.49711],[89.10373,25.50093],[89.10267,25.50453],[89.10493,25.50484],[89.10837,25.50743],[89.10906,25.51039],[89.10663,25.51133],[89.1059,25.51385],[89.10999,25.51448],[89.11087,25.51539],[89.10977,25.51637],[89.10558,25.51614],[89.10398,25.5173],[89.10501,25.51826],[89.1081,25.51896],[89.1085,25.51999],[89.10394,25.52216],[89.10193,25.53223],[89.10267,25.53478],[89.09958,25.53879],[89.10798,25.54388],[89.10961,25.54652],[89.11124,25.55471],[89.11272,25.55645],[89.11825,25.55931],[89.12434,25.56862],[89.12777,25.57249],[89.13696,25.57588],[89.14005,25.58112],[89.13831,25.58932],[89.13944,25.59044],[89.14329,25.58699],[89.14528,25.58617],[89.14518,25.5885],[89.14147,25.59308],[89.13599,25.6069],[89.13486,25.61141],[89.13473,25.61636],[89.13574,25.62004],[89.13869,25.62354],[89.14474,25.62809],[89.14436,25.63078],[89.14194,25.6324],[89.13446,25.63287],[89.13067,25.63519],[89.13065,25.63787],[89.13315,25.64275],[89.13723,25.65532],[89.1415,25.65597],[89.13968,25.66328],[89.13974,25.66721],[89.14359,25.66946],[89.15758,25.66906],[89.16087,25.67027],[89.1669,25.66399],[89.16962,25.66276],[89.17508,25.66233],[89.17917,25.65982],[89.18123,25.65756],[89.18447,25.65608],[89.19226,25.65812],[89.19844,25.65779],[89.21352,25.65877],[89.22326,25.66802],[89.22823,25.66904],[89.22964,25.6659],[89.23201,25.66463],[89.23327,25.66511],[89.23457,25.67301],[89.23593,25.6764],[89.24049,25.67868],[89.24446,25.67825],[89.24428,25.67381],[89.245,25.67091],[89.24852,25.66951],[89.25043,25.67091],[89.25942,25.67105],[89.26012,25.67571],[89.26987,25.67926],[89.27329,25.67991],[89.2767,25.67926],[89.2793,25.67759],[89.28083,25.67814],[89.28194,25.68131],[89.28365,25.68187],[89.29069,25.6805],[89.2911,25.67794],[89.29362,25.67718],[89.29404,25.67286],[89.2963,25.67181],[89.30515,25.67218],[89.30924,25.6677],[89.31535,25.66773],[89.31828,25.66807]]]}},{"type":"Feature","properties":{"district_id":"rangpur","upazila_id":"rangpur-pirgacha","source_name":"Pirgachha","source_pcode":"558573","match_method":"unique-near"},"geometry":{"type":"Polygon","coordinates":[[[89.49125,25.72228],[89.49295,25.71855],[89.49619,25.71664],[89.49875,25.71632],[89.51071,25.71798],[89.51321,25.71749],[89.51537,25.71444],[89.5189,25.70695],[89.51963,25.6892],[89.52103,25.6864],[89.52444,25.68345],[89.51822,25.66211],[89.51869,25.65602],[89.52298,25.65704],[89.52388,25.64617],[89.52557,25.64586],[89.53054,25.65108],[89.53381,25.65144],[89.53675,25.65059],[89.53439,25.6483],[89.53789,25.64707],[89.53808,25.64314],[89.53444,25.64177],[89.53073,25.63739],[89.52396,25.626],[89.52607,25.62415],[89.52442,25.6227],[89.52254,25.62301],[89.51551,25.61764],[89.5099,25.61722],[89.50443,25.62036],[89.50255,25.62038],[89.5025,25.618],[89.50588,25.61272],[89.50562,25.61154],[89.50428,25.61064],[89.49892,25.61321],[89.4976,25.61317],[89.4938,25.60544],[89.49149,25.59729],[89.49187,25.5937],[89.49286,25.59204],[89.50165,25.5843],[89.5015,25.58238],[89.4969,25.58124],[89.49855,25.5777],[89.49725,25.57465],[89.49511,25.57383],[89.49187,25.57473],[89.48907,25.57658],[89.48622,25.58367],[89.48377,25.58655],[89.47791,25.58992],[89.47572,25.59478],[89.473,25.59704],[89.47018,25.59713],[89.46648,25.59594],[89.46123,25.59164],[89.45201,25.58837],[89.44737,25.58407],[89.44569,25.5837],[89.4437,25.58493],[89.44032,25.59002],[89.43845,25.59068],[89.43027,25.58774],[89.41986,25.58864],[89.41773,25.5868],[89.41644,25.58422],[89.41608,25.57529],[89.41275,25.56787],[89.41344,25.56223],[89.4082,25.56025],[89.40247,25.55541],[89.39884,25.5579],[89.39574,25.55878],[89.39578,25.56122],[89.39189,25.56472],[89.39165,25.56693],[89.3936,25.57287],[89.39049,25.57375],[89.38808,25.57564],[89.38714,25.57776],[89.3902,25.58089],[89.39077,25.58259],[89.38978,25.58826],[89.39307,25.58987],[89.39767,25.58953],[89.39799,25.59083],[89.39749,25.59163],[89.39275,25.59327],[89.39108,25.59556],[89.3914,25.59765],[89.39336,25.59876],[89.39852,25.59972],[89.39841,25.60069],[89.39352,25.6042],[89.39266,25.6066],[89.39471,25.61067],[89.39629,25.61155],[89.39537,25.6144],[89.39548,25.61808],[89.39136,25.61916],[89.392,25.62592],[89.3833,25.62979],[89.37712,25.63819],[89.37509,25.63958],[89.37049,25.64039],[89.36681,25.63691],[89.36544,25.63699],[89.36416,25.63815],[89.36369,25.63986],[89.36439,25.64686],[89.36181,25.64849],[89.35748,25.64895],[89.35452,25.65032],[89.35485,25.65464],[89.35651,25.65701],[89.35638,25.6602],[89.3554,25.66118],[89.35193,25.66135],[89.35005,25.65694],[89.34925,25.65697],[89.34666,25.65836],[89.34151,25.66573],[89.33989,25.66575],[89.33913,25.66474],[89.34033,25.65903],[89.33976,25.65808],[89.3377,25.65742],[89.33093,25.65934],[89.32727,25.65706],[89.32571,25.65714],[89.32455,25.65892],[89.32446,25.66154],[89.32063,25.66404],[89.32042,25.66739],[89.31636,25.66887],[89.31703,25.67284],[89.32284,25.67549],[89.3243,25.67785],[89.323,25.68139],[89.32593,25.68617],[89.32481,25.68784],[89.31547,25.68965],[89.31309,25.69132],[89.31084,25.69435],[89.31065,25.69792],[89.31098,25.70205],[89.31225,25.70391],[89.31483,25.70359],[89.31753,25.70464],[89.31901,25.70949],[89.32027,25.71033],[89.32522,25.71066],[89.32629,25.71144],[89.32568,25.71372],[89.32439,25.71556],[89.31007,25.7247],[89.30663,25.73171],[89.30516,25.73315],[89.30048,25.73464],[89.30019,25.73584],[89.30143,25.74078],[89.30438,25.74432],[89.30707,25.74401],[89.31138,25.7502],[89.31655,25.75119],[89.31793,25.75451],[89.3297,25.75386],[89.33251,25.75648],[89.33575,25.75751],[89.33854,25.75701],[89.3403,25.75318],[89.34215,25.75167],[89.3422,25.74542],[89.34564,25.74264],[89.34462,25.7397],[89.34637,25.73109],[89.34657,25.72779],[89.34535,25.72497],[89.34638,25.72235],[89.34898,25.72014],[89.35252,25.71918],[89.35569,25.72385],[89.35821,25.72574],[89.36477,25.72632],[89.36935,25.73273],[89.37493,25.7347],[89.38041,25.73252],[89.38279,25.73289],[89.38792,25.73679],[89.38922,25.73602],[89.38863,25.73383],[89.38992,25.73182],[89.3926,25.73116],[89.39574,25.73152],[89.39733,25.73331],[89.3999,25.7422],[89.40468,25.74344],[89.40776,25.74283],[89.42107,25.73572],[89.42494,25.73828],[89.42856,25.73641],[89.43352,25.73703],[89.43565,25.73655],[89.43798,25.73231],[89.44394,25.732],[89.44359,25.72928],[89.43864,25.72622],[89.43781,25.7247],[89.43994,25.72416],[89.4434,25.72474],[89.44646,25.72412],[89.44764,25.72286],[89.44632,25.71839],[89.44249,25.71412],[89.44246,25.71184],[89.44318,25.70911],[89.44546,25.70652],[89.44853,25.70511],[89.45274,25.70597],[89.4549,25.70747],[89.45824,25.71726],[89.46007,25.71747],[89.46742,25.71396],[89.47096,25.71533],[89.47688,25.72037],[89.48657,25.72115],[89.49125,25.72228]]]}},{"type":"Feature","properties":{"district_id":"rangpur","upazila_id":"rangpur-pirgonj","source_name":"Pirganj","source_pcode":"558576","match_method":"unique-near"},"geometry":{"type":"Polygon","coordinates":[[[89.14314,25.44061],[89.15065,25.44291],[89.15669,25.45377],[89.15682,25.45536],[89.15289,25.46084],[89.15333,25.46373],[89.15564,25.46619],[89.15551,25.47026],[89.15332,25.4721],[89.14876,25.47386],[89.14777,25.48452],[89.14417,25.48887],[89.14394,25.49182],[89.1457,25.49396],[89.14693,25.49899],[89.14858,25.50011],[89.15543,25.49957],[89.15902,25.5022],[89.16809,25.50311],[89.16949,25.50565],[89.16928,25.51008],[89.171,25.51284],[89.17307,25.51384],[89.18505,25.51204],[89.18831,25.51228],[89.19904,25.5163],[89.21015,25.51355],[89.21911,25.50855],[89.22745,25.5101],[89.23444,25.50899],[89.23646,25.50999],[89.23682,25.51442],[89.23798,25.51559],[89.24255,25.51646],[89.24395,25.51802],[89.24516,25.52062],[89.24535,25.52556],[89.24682,25.52748],[89.25031,25.52647],[89.25292,25.52467],[89.25567,25.52424],[89.25932,25.52499],[89.26157,25.52434],[89.26242,25.52291],[89.2616,25.51752],[89.27185,25.51501],[89.27233,25.51796],[89.27083,25.52349],[89.27168,25.52626],[89.27431,25.52595],[89.279,25.51992],[89.28426,25.5202],[89.28595,25.51927],[89.28798,25.51589],[89.29247,25.51447],[89.29444,25.51144],[89.2962,25.51221],[89.2962,25.51693],[89.29729,25.51851],[89.30779,25.51992],[89.31705,25.51821],[89.32047,25.5159],[89.31774,25.50871],[89.31886,25.50727],[89.32663,25.5065],[89.33283,25.51001],[89.33609,25.5094],[89.33942,25.50447],[89.34378,25.5063],[89.34835,25.50488],[89.35081,25.50519],[89.35248,25.50313],[89.35587,25.50229],[89.36205,25.50342],[89.36808,25.50216],[89.37068,25.50383],[89.37926,25.50538],[89.38095,25.50389],[89.38365,25.50318],[89.38706,25.49599],[89.39007,25.49318],[89.3936,25.49201],[89.40046,25.48808],[89.4023,25.49004],[89.40432,25.49025],[89.4069,25.48869],[89.40759,25.48715],[89.40663,25.48507],[89.40305,25.48137],[89.40317,25.479],[89.40624,25.47358],[89.41254,25.46795],[89.4119,25.46591],[89.40842,25.46425],[89.40622,25.4649],[89.40461,25.46685],[89.40276,25.46539],[89.39977,25.45351],[89.39495,25.44368],[89.39277,25.44256],[89.38739,25.4445],[89.38452,25.44089],[89.38175,25.4318],[89.38425,25.43143],[89.38672,25.42843],[89.38293,25.42467],[89.3811,25.42123],[89.38383,25.41885],[89.38049,25.41422],[89.3808,25.41047],[89.3783,25.40724],[89.37136,25.40342],[89.36659,25.38972],[89.35938,25.38402],[89.35474,25.37749],[89.35523,25.37135],[89.35254,25.37127],[89.34933,25.37001],[89.34599,25.36682],[89.34577,25.36347],[89.34789,25.3555],[89.34812,25.35175],[89.34282,25.34292],[89.34406,25.33928],[89.35201,25.33662],[89.35188,25.33278],[89.34683,25.32787],[89.34338,25.32843],[89.33994,25.32773],[89.33736,25.32312],[89.33552,25.31646],[89.33652,25.31514],[89.33861,25.31518],[89.34138,25.31674],[89.34466,25.32044],[89.34692,25.31967],[89.34939,25.31188],[89.34728,25.3081],[89.34089,25.30471],[89.33727,25.30366],[89.31921,25.30395],[89.3075,25.30098],[89.29829,25.30079],[89.29244,25.30213],[89.28706,25.30198],[89.28591,25.30431],[89.28349,25.30596],[89.27726,25.30706],[89.27539,25.30832],[89.27148,25.31266],[89.26138,25.30834],[89.26095,25.30977],[89.26865,25.32071],[89.26503,25.3214],[89.26184,25.31827],[89.25616,25.31594],[89.25237,25.3168],[89.24819,25.31601],[89.24203,25.31921],[89.23862,25.32372],[89.23888,25.32612],[89.24,25.32759],[89.24536,25.3281],[89.25004,25.32998],[89.2508,25.33346],[89.24818,25.33574],[89.2427,25.33347],[89.24107,25.3337],[89.23705,25.33918],[89.23349,25.33885],[89.23193,25.33793],[89.22748,25.33093],[89.22455,25.32911],[89.22355,25.33424],[89.22576,25.3388],[89.23257,25.34256],[89.23698,25.34204],[89.2406,25.3406],[89.2431,25.34066],[89.24397,25.3414],[89.24408,25.34225],[89.24098,25.34443],[89.24018,25.34665],[89.24149,25.34808],[89.24524,25.34927],[89.24624,25.35029],[89.24812,25.35469],[89.24731,25.356],[89.24519,25.35549],[89.24251,25.35241],[89.23932,25.35122],[89.23758,25.35122],[89.23472,25.3539],[89.23286,25.35767],[89.23405,25.35887],[89.23779,25.35972],[89.23824,25.36194],[89.23818,25.36605],[89.23589,25.37005],[89.23334,25.37079],[89.23438,25.36571],[89.23412,25.36395],[89.23251,25.36378],[89.2307,25.3643],[89.22834,25.3692],[89.2269,25.37011],[89.21924,25.3675],[89.21381,25.3678],[89.21238,25.36882],[89.2129,25.3726],[89.21467,25.37427],[89.22057,25.37608],[89.22134,25.37715],[89.21709,25.37765],[89.21456,25.38019],[89.21151,25.38096],[89.20971,25.38229],[89.20957,25.38605],[89.20556,25.39332],[89.20387,25.39363],[89.19972,25.3914],[89.19323,25.39132],[89.19205,25.39099],[89.19114,25.38929],[89.19003,25.39039],[89.18901,25.39649],[89.18747,25.39719],[89.1822,25.39578],[89.17923,25.39651],[89.1756,25.39866],[89.17519,25.40009],[89.17715,25.40155],[89.1763,25.40561],[89.17208,25.40601],[89.17032,25.40512],[89.16789,25.39934],[89.16577,25.39914],[89.16404,25.39984],[89.16241,25.40432],[89.16105,25.40502],[89.15212,25.4049],[89.15058,25.40578],[89.15578,25.41114],[89.15417,25.41184],[89.14958,25.41087],[89.14786,25.41192],[89.14923,25.4143],[89.15227,25.41558],[89.15322,25.41682],[89.15315,25.42458],[89.1497,25.434],[89.14314,25.44061]]]}},{"type":"Feature","properties":{"district_id":"rangpur","upazila_id":"rangpur-rangpur-sadar","source_name":"Rangpur S.","source_pcode":"558549","match_method":"exact"},"geometry":{"type":"Polygon","coordinates":[[[89.31314,25.8176],[89.31767,25.81458],[89.31807,25.81241],[89.31574,25.80891],[89.3174,25.80501],[89.3168,25.80336],[89.31355,25.80198],[89.30968,25.78286],[89.3028,25.76237],[89.29995,25.74858],[89.30438,25.74432],[89.30143,25.74078],[89.30019,25.73584],[89.30048,25.73464],[89.30516,25.73315],[89.30663,25.73171],[89.31007,25.7247],[89.32439,25.71556],[89.32629,25.71144],[89.32522,25.71066],[89.32027,25.71033],[89.31901,25.70949],[89.31753,25.70464],[89.31483,25.70359],[89.31225,25.70391],[89.31098,25.70205],[89.31084,25.69435],[89.31309,25.69132],[89.31547,25.68965],[89.32481,25.68784],[89.32593,25.68617],[89.32346,25.68308],[89.323,25.68139],[89.3243,25.67785],[89.32284,25.67549],[89.31703,25.67284],[89.31636,25.66887],[89.31828,25.66807],[89.30924,25.6677],[89.30515,25.67218],[89.2963,25.67181],[89.29404,25.67286],[89.29362,25.67718],[89.2911,25.67794],[89.29069,25.6805],[89.28587,25.68173],[89.28194,25.68131],[89.28083,25.67814],[89.2793,25.67759],[89.2767,25.67926],[89.27329,25.67991],[89.26987,25.67926],[89.26012,25.67571],[89.25942,25.67105],[89.25043,25.67091],[89.24852,25.66951],[89.245,25.67091],[89.24428,25.67381],[89.24446,25.67825],[89.24271,25.67889],[89.2374,25.67763],[89.23593,25.6764],[89.23457,25.67301],[89.23327,25.66511],[89.23201,25.66463],[89.22964,25.6659],[89.22823,25.66904],[89.22604,25.66884],[89.22326,25.66802],[89.2201,25.66556],[89.2159,25.66039],[89.21352,25.65877],[89.19844,25.65779],[89.19226,25.65812],[89.18447,25.65608],[89.18123,25.65756],[89.17917,25.65982],[89.17508,25.66233],[89.16962,25.66276],[89.1669,25.66399],[89.16087,25.67027],[89.1588,25.6813],[89.15991,25.68779],[89.15977,25.69203],[89.158,25.69443],[89.15472,25.69469],[89.14956,25.69355],[89.14817,25.69464],[89.1476,25.69719],[89.15251,25.70604],[89.15289,25.70959],[89.15158,25.71239],[89.14389,25.71486],[89.14285,25.71777],[89.14429,25.72434],[89.14388,25.72701],[89.14227,25.7276],[89.1407,25.72717],[89.13668,25.7241],[89.13444,25.72413],[89.12778,25.72809],[89.11751,25.73036],[89.1141,25.72956],[89.10661,25.72346],[89.105,25.72691],[89.10357,25.72761],[89.10166,25.72456],[89.10165,25.7212],[89.10074,25.71921],[89.09489,25.72043],[89.09101,25.71808],[89.08884,25.71907],[89.08739,25.72439],[89.08547,25.72657],[89.08569,25.72845],[89.08767,25.72985],[89.09032,25.73034],[89.09106,25.73351],[89.09759,25.73577],[89.10029,25.73835],[89.10105,25.74043],[89.10088,25.74361],[89.09925,25.75196],[89.10013,25.75359],[89.10843,25.75597],[89.10968,25.75737],[89.10962,25.75862],[89.10658,25.76291],[89.10677,25.76478],[89.10342,25.76862],[89.10328,25.77215],[89.10517,25.77798],[89.10543,25.78163],[89.09964,25.78414],[89.0998,25.78591],[89.10271,25.78901],[89.1069,25.78857],[89.10841,25.78895],[89.10914,25.79037],[89.10822,25.80464],[89.10883,25.8154],[89.11491,25.811],[89.11939,25.80627],[89.12122,25.8071],[89.12058,25.81036],[89.12125,25.81342],[89.12448,25.81258],[89.12916,25.8145],[89.13167,25.81184],[89.13464,25.81089],[89.13546,25.81241],[89.13528,25.81804],[89.14007,25.82535],[89.1447,25.82301],[89.14818,25.82415],[89.14986,25.82378],[89.15361,25.82082],[89.15566,25.82057],[89.15925,25.82466],[89.16522,25.82423],[89.17342,25.82145],[89.17487,25.82183],[89.17809,25.82484],[89.17943,25.82722],[89.18112,25.82794],[89.18174,25.82725],[89.18085,25.82163],[89.18134,25.82049],[89.18353,25.82062],[89.18644,25.8227],[89.18914,25.82351],[89.18879,25.82045],[89.19115,25.81963],[89.19398,25.81976],[89.19698,25.82331],[89.19718,25.82495],[89.19137,25.82741],[89.19108,25.82815],[89.19268,25.83075],[89.19153,25.83332],[89.19217,25.83513],[89.19481,25.83527],[89.1982,25.83978],[89.20077,25.83997],[89.20791,25.83818],[89.20851,25.83636],[89.21087,25.83428],[89.21092,25.83309],[89.20851,25.83181],[89.20816,25.82869],[89.21078,25.82729],[89.21795,25.82743],[89.22219,25.82483],[89.22517,25.82599],[89.22881,25.82396],[89.23603,25.82292],[89.23825,25.82352],[89.24691,25.82894],[89.25331,25.8295],[89.25518,25.82784],[89.25601,25.82408],[89.25726,25.82259],[89.26256,25.82072],[89.26529,25.82115],[89.26958,25.82401],[89.27123,25.82422],[89.27668,25.82258],[89.2791,25.82262],[89.28091,25.82579],[89.28316,25.82685],[89.28519,25.82649],[89.29093,25.82088],[89.2941,25.81938],[89.29537,25.81965],[89.2965,25.82379],[89.29765,25.82474],[89.30043,25.82438],[89.30353,25.82185],[89.30438,25.81816],[89.30586,25.81581],[89.30963,25.81452],[89.3111,25.81586],[89.31314,25.8176]]]}},{"type":"Feature","properties":{"district_id":"rangpur","upazila_id":"rangpur-taragonj","source_name":"Taraganj","source_pcode":"558592","match_method":"unique-near"},"geometry":{"type":"Polygon","coordinates":[[[89.08896,25.83585],[89.0984,25.82966],[89.10596,25.82701],[89.10833,25.8233],[89.10868,25.81983],[89.10822,25.80464],[89.10914,25.79037],[89.10841,25.78895],[89.1069,25.78857],[89.10271,25.78901],[89.0998,25.78591],[89.09964,25.78414],[89.10543,25.78163],[89.10517,25.77798],[89.10328,25.77215],[89.10342,25.76862],[89.10677,25.76478],[89.10658,25.76291],[89.10962,25.75862],[89.10968,25.75737],[89.10843,25.75597],[89.10013,25.75359],[89.09925,25.75196],[89.09938,25.74992],[89.10105,25.74043],[89.10029,25.73835],[89.09759,25.73577],[89.09106,25.73351],[89.08898,25.73429],[89.08469,25.73994],[89.0816,25.74212],[89.07006,25.74232],[89.06021,25.74137],[89.05729,25.74031],[89.05695,25.73867],[89.05712,25.73611],[89.06046,25.72909],[89.06023,25.72676],[89.05814,25.72655],[89.04865,25.73254],[89.04468,25.73837],[89.04181,25.74118],[89.03547,25.74284],[89.02781,25.74297],[89.02391,25.74256],[89.01799,25.74001],[89.01693,25.7403],[89.01407,25.74148],[89.00764,25.74752],[89.00429,25.7495],[88.99671,25.75192],[88.98866,25.75924],[88.98611,25.76007],[88.98293,25.75869],[88.98008,25.75344],[88.97118,25.75333],[88.96928,25.75143],[88.96623,25.74448],[88.96391,25.74286],[88.95834,25.74343],[88.95516,25.7454],[88.95588,25.74794],[88.95555,25.7555],[88.95386,25.75688],[88.94707,25.75853],[88.94695,25.76074],[88.94866,25.76293],[88.94935,25.76536],[88.94437,25.76688],[88.94476,25.76836],[88.9479,25.77048],[88.9491,25.778],[88.95087,25.7798],[88.95458,25.78169],[88.95879,25.78182],[88.96137,25.78281],[88.96258,25.78558],[88.96266,25.78853],[88.9594,25.79111],[88.96081,25.79411],[88.96039,25.7969],[88.95689,25.80642],[88.95576,25.80688],[88.94924,25.80529],[88.94629,25.80674],[88.94568,25.80857],[88.94653,25.81055],[88.95042,25.81387],[88.95315,25.81487],[88.95807,25.81471],[88.96017,25.81612],[88.96731,25.81725],[88.98088,25.81162],[88.98531,25.81079],[88.98817,25.81162],[88.99158,25.81535],[88.99477,25.81698],[88.99964,25.81643],[89.00528,25.81752],[89.01553,25.82322],[89.04665,25.82139],[89.04817,25.82217],[89.06036,25.83518],[89.06451,25.8384],[89.06712,25.83905],[89.07712,25.83829],[89.08157,25.83518],[89.08399,25.83653],[89.08776,25.83591],[89.08896,25.83585]]]}},{"type":"Feature","properties":{"district_id":"thakurgaon","upazila_id":"thakurgaon-baliadangi","source_name":"Baliadangi","source_pcode":"559408","match_method":"exact"},"geometry":{"type":"Polygon","coordinates":[[[88.34858,26.19088],[88.34823,26.18624],[88.35162,26.18564],[88.35132,26.18342],[88.35836,26.18151],[88.3598,26.18038],[88.35987,26.17906],[88.3575,26.17643],[88.35518,26.17556],[88.35418,26.17425],[88.36172,26.17365],[88.36359,26.17252],[88.35956,26.1648],[88.35818,26.16337],[88.35493,26.1621],[88.35368,26.16015],[88.34959,26.14833],[88.3456,26.14432],[88.34073,26.13534],[88.34212,26.13426],[88.35098,26.13356],[88.35532,26.13187],[88.35583,26.12805],[88.35291,26.12245],[88.35212,26.1176],[88.35387,26.11686],[88.36617,26.11686],[88.36806,26.1163],[88.36844,26.1151],[88.36639,26.10968],[88.36226,26.10743],[88.35866,26.10103],[88.35622,26.09908],[88.3549,26.09924],[88.354,26.1046],[88.34823,26.10303],[88.34417,26.09896],[88.34188,26.09251],[88.34193,26.08241],[88.33839,26.07624],[88.33582,26.07474],[88.33274,26.07649],[88.33149,26.07569],[88.32628,26.06374],[88.32116,26.05881],[88.31956,26.05088],[88.31578,26.04276],[88.31397,26.04065],[88.30746,26.03907],[88.30555,26.03187],[88.30609,26.01362],[88.30748,26.00912],[88.31157,26.00617],[88.31177,26.00435],[88.3106,26.00218],[88.3067,26.00187],[88.31232,25.99409],[88.31196,25.99032],[88.30953,25.98734],[88.30602,25.98778],[88.30411,25.99342],[88.29783,25.99721],[88.29256,25.9969],[88.27955,25.99245],[88.2729,25.99389],[88.27001,25.9957],[88.26711,25.99859],[88.26685,26.00122],[88.27244,26.01071],[88.27857,26.0258],[88.27917,26.03026],[88.2787,26.03408],[88.27625,26.03743],[88.2728,26.0389],[88.2706,26.03843],[88.26636,26.0351],[88.26373,26.03406],[88.25828,26.03391],[88.25475,26.03583],[88.24756,26.04458],[88.24607,26.05359],[88.24066,26.05572],[88.23785,26.05503],[88.23058,26.05527],[88.22699,26.05639],[88.22544,26.05301],[88.22356,26.05312],[88.21916,26.05579],[88.2179,26.0556],[88.21622,26.05432],[88.2143,26.04953],[88.21249,26.04798],[88.21004,26.04808],[88.20778,26.05018],[88.20633,26.04977],[88.20361,26.04576],[88.20182,26.03965],[88.20007,26.03805],[88.19239,26.03424],[88.1865,26.03398],[88.18407,26.03242],[88.18382,26.0298],[88.17599,26.03026],[88.17335,26.03156],[88.17309,26.03276],[88.17808,26.03746],[88.17825,26.03883],[88.17315,26.0436],[88.17282,26.0456],[88.17506,26.04771],[88.17947,26.04609],[88.18134,26.04662],[88.18201,26.04884],[88.17871,26.05681],[88.17983,26.05772],[88.18366,26.05729],[88.18684,26.06033],[88.18802,26.0629],[88.18624,26.0654],[88.18616,26.06871],[88.18527,26.07053],[88.1749,26.07629],[88.17184,26.08289],[88.17072,26.08294],[88.16978,26.08184],[88.16563,26.07418],[88.16362,26.07372],[88.16224,26.07439],[88.16096,26.07798],[88.16189,26.07964],[88.1677,26.08355],[88.16125,26.09247],[88.16241,26.0964],[88.16622,26.09974],[88.1655,26.10339],[88.16682,26.10522],[88.17207,26.10674],[88.17564,26.10892],[88.17622,26.11737],[88.18039,26.12179],[88.18095,26.1235],[88.17622,26.12598],[88.18056,26.13388],[88.18087,26.13593],[88.17884,26.14003],[88.18044,26.14569],[88.18269,26.14684],[88.1858,26.15125],[88.18987,26.15236],[88.19741,26.15086],[88.19827,26.15319],[88.1947,26.15393],[88.19581,26.15695],[88.19867,26.16085],[88.20383,26.15797],[88.20804,26.1581],[88.2168,26.16084],[88.2198,26.16467],[88.22363,26.16498],[88.22649,26.16716],[88.22945,26.16729],[88.22957,26.16855],[88.22762,26.17014],[88.22754,26.17122],[88.22867,26.17168],[88.23351,26.17097],[88.23606,26.174],[88.23801,26.17401],[88.23882,26.1751],[88.23749,26.17743],[88.23478,26.17884],[88.23545,26.18244],[88.23759,26.18114],[88.23878,26.1816],[88.24227,26.18556],[88.24477,26.18648],[88.24748,26.18611],[88.24797,26.1885],[88.25073,26.18908],[88.25182,26.18629],[88.25421,26.18408],[88.25558,26.18466],[88.2562,26.18689],[88.25852,26.18736],[88.26022,26.18611],[88.26273,26.18652],[88.26455,26.18778],[88.26889,26.18587],[88.27227,26.18697],[88.27617,26.18659],[88.28119,26.18838],[88.28078,26.19265],[88.28159,26.19358],[88.28304,26.19387],[88.28455,26.19171],[88.28593,26.19114],[88.28687,26.19189],[88.28547,26.19707],[88.28785,26.19806],[88.28917,26.1967],[88.29367,26.20094],[88.29486,26.20077],[88.29369,26.19747],[88.29826,26.19822],[88.29927,26.19783],[88.29941,26.19612],[88.30054,26.19584],[88.30148,26.19624],[88.3029,26.19962],[88.30391,26.20031],[88.30675,26.19735],[88.30781,26.19827],[88.30861,26.20175],[88.30992,26.20255],[88.31168,26.20297],[88.31608,26.20111],[88.31664,26.20271],[88.31789,26.20345],[88.32029,26.20124],[88.32191,26.20205],[88.32426,26.19584],[88.32429,26.19384],[88.32542,26.19225],[88.33395,26.19053],[88.34136,26.19153],[88.3457,26.19109],[88.34858,26.19088]]]}},{"type":"Feature","properties":{"district_id":"thakurgaon","upazila_id":"thakurgaon-haripur","source_name":"Haripur","source_pcode":"559451","match_method":"exact"},"geometry":{"type":"Polygon","coordinates":[[[88.10789,25.82961],[88.11022,25.83119],[88.11151,25.83428],[88.11112,25.83811],[88.10886,25.83922],[88.10322,25.8401],[88.10289,25.84141],[88.1045,25.84387],[88.10663,25.84383],[88.11399,25.84793],[88.1153,25.84976],[88.11534,25.85244],[88.11356,25.85591],[88.11118,25.85698],[88.10979,25.86906],[88.10582,25.87676],[88.10704,25.8772],[88.10715,25.87994],[88.10329,25.88437],[88.1039,25.88694],[88.10847,25.88856],[88.10835,25.88959],[88.10738,25.89107],[88.10594,25.89163],[88.10207,25.88938],[88.09974,25.89222],[88.09259,25.89365],[88.09246,25.89462],[88.09352,25.89548],[88.09938,25.89803],[88.09103,25.90209],[88.09119,25.90771],[88.08676,25.9125],[88.08913,25.91594],[88.08835,25.91924],[88.09373,25.9296],[88.09827,25.93288],[88.10265,25.93467],[88.10912,25.93192],[88.11187,25.93313],[88.11348,25.93577],[88.11494,25.94178],[88.11692,25.94594],[88.12035,25.94888],[88.12077,25.9503],[88.11888,25.95263],[88.12062,25.95532],[88.12034,25.9563],[88.11834,25.95862],[88.11952,25.96039],[88.12595,25.96397],[88.12875,25.96689],[88.12886,25.96941],[88.12476,25.97383],[88.12456,25.97582],[88.12561,25.978],[88.13136,25.98009],[88.13008,25.98424],[88.13032,25.98664],[88.13131,25.98773],[88.13918,25.99291],[88.14265,25.98917],[88.1451,25.98776],[88.14781,25.98732],[88.16048,25.99179],[88.16319,25.98963],[88.16479,25.98576],[88.16436,25.98422],[88.16512,25.98263],[88.17447,25.98017],[88.17793,25.97734],[88.1774,25.97232],[88.17813,25.96566],[88.1804,25.96412],[88.18245,25.96408],[88.18783,25.96839],[88.18921,25.96668],[88.19017,25.96189],[88.1897,25.95847],[88.18613,25.94864],[88.19337,25.94041],[88.19601,25.93883],[88.19772,25.93621],[88.19711,25.93467],[88.18725,25.92851],[88.18384,25.92216],[88.18524,25.91777],[88.18966,25.91295],[88.19204,25.91165],[88.19894,25.91106],[88.20101,25.90948],[88.20165,25.9068],[88.20098,25.904],[88.19601,25.89793],[88.19352,25.89249],[88.19427,25.88508],[88.1949,25.88339],[88.20362,25.88074],[88.20657,25.87842],[88.20677,25.87591],[88.20478,25.86444],[88.20073,25.86145],[88.19073,25.85842],[88.18906,25.85482],[88.18847,25.8494],[88.18931,25.84433],[88.19165,25.83989],[88.19518,25.83632],[88.19976,25.83332],[88.21368,25.82957],[88.22634,25.82502],[88.23191,25.82499],[88.23848,25.82623],[88.242,25.82191],[88.24208,25.8198],[88.23916,25.81574],[88.24062,25.81312],[88.24075,25.81021],[88.24304,25.80623],[88.24021,25.80696],[88.23815,25.80586],[88.23573,25.80231],[88.23383,25.79478],[88.23196,25.79436],[88.22901,25.79543],[88.22626,25.79411],[88.22043,25.79807],[88.21893,25.79755],[88.21457,25.79399],[88.21484,25.78897],[88.20855,25.78545],[88.20667,25.7855],[88.2041,25.78691],[88.20246,25.7885],[88.20094,25.79294],[88.19698,25.79503],[88.19477,25.79867],[88.19189,25.79973],[88.19045,25.79876],[88.18458,25.79821],[88.18342,25.79261],[88.18243,25.79164],[88.1788,25.79099],[88.17743,25.78972],[88.17477,25.78446],[88.17033,25.78523],[88.16788,25.787],[88.16469,25.78663],[88.16252,25.78439],[88.15955,25.77764],[88.15794,25.77586],[88.1517,25.77377],[88.14975,25.77467],[88.14929,25.77735],[88.14573,25.77779],[88.1441,25.7788],[88.1447,25.78137],[88.1465,25.78389],[88.14648,25.78846],[88.14156,25.79385],[88.13473,25.79603],[88.12723,25.79387],[88.12316,25.79402],[88.11898,25.79491],[88.11714,25.79666],[88.11668,25.79923],[88.12095,25.80764],[88.12025,25.8102],[88.11779,25.81195],[88.11291,25.81238],[88.11108,25.81328],[88.11164,25.81545],[88.11118,25.81853],[88.10462,25.82579],[88.10574,25.82802],[88.10789,25.82961]]]}},{"type":"Feature","properties":{"district_id":"thakurgaon","upazila_id":"thakurgaon-pirganj","source_name":"Pirganj","source_pcode":"559482","match_method":"exact"},"geometry":{"type":"Polygon","coordinates":[[[88.54089,25.96302],[88.54097,25.95817],[88.53867,25.95241],[88.53661,25.95154],[88.52664,25.95196],[88.52421,25.95001],[88.5211,25.94447],[88.51866,25.94178],[88.51522,25.93977],[88.51291,25.93714],[88.51093,25.93205],[88.51094,25.92612],[88.49979,25.92745],[88.49803,25.92693],[88.49673,25.9255],[88.49905,25.92358],[88.50444,25.92325],[88.50532,25.922],[88.50446,25.91429],[88.50584,25.91378],[88.51054,25.9158],[88.51123,25.91409],[88.50948,25.91164],[88.50143,25.90436],[88.4859,25.90265],[88.48335,25.90133],[88.48203,25.89927],[88.48153,25.89533],[88.48426,25.88849],[88.48435,25.88068],[88.48594,25.87469],[88.48566,25.8658],[88.47684,25.86091],[88.47034,25.86089],[88.46908,25.86237],[88.46925,25.86813],[88.46844,25.8695],[88.46579,25.87068],[88.46349,25.87039],[88.4626,25.86794],[88.46349,25.86576],[88.46201,25.86086],[88.46107,25.85949],[88.45644,25.85906],[88.44893,25.86126],[88.44704,25.86251],[88.44559,25.86456],[88.44527,25.86946],[88.44351,25.86957],[88.43564,25.86555],[88.43319,25.86525],[88.42987,25.8674],[88.428,25.86546],[88.42287,25.86435],[88.42244,25.8631],[88.42684,25.85861],[88.4256,25.85598],[88.42378,25.8554],[88.41695,25.85966],[88.41431,25.86032],[88.41324,25.86152],[88.41261,25.86505],[88.40295,25.86752],[88.40076,25.86654],[88.40015,25.86443],[88.4018,25.85822],[88.40538,25.8543],[88.40435,25.84676],[88.40298,25.84368],[88.3981,25.84429],[88.39411,25.84182],[88.38647,25.84104],[88.38572,25.83893],[88.38952,25.83484],[88.39071,25.83216],[88.39055,25.82588],[88.38955,25.82491],[88.38493,25.82352],[88.3857,25.81668],[88.38703,25.81326],[88.39067,25.81208],[88.39418,25.81198],[88.39449,25.81033],[88.39406,25.80793],[88.39089,25.80296],[88.39159,25.80119],[88.38746,25.80037],[88.38379,25.79545],[88.38232,25.79031],[88.38626,25.78833],[88.38903,25.78441],[88.39487,25.78067],[88.39543,25.77936],[88.39475,25.77856],[88.38988,25.7774],[88.38702,25.77155],[88.38928,25.76889],[88.397,25.76419],[88.39625,25.76254],[88.3925,25.76206],[88.39157,25.76063],[88.3922,25.75915],[88.39497,25.75723],[88.39478,25.75637],[88.38714,25.75827],[88.38551,25.75804],[88.38377,25.75541],[88.3841,25.7517],[88.38731,25.74698],[88.39458,25.74388],[88.39911,25.73756],[88.40071,25.72764],[88.40485,25.72367],[88.40643,25.72293],[88.40935,25.72591],[88.41324,25.73369],[88.41512,25.735],[88.4165,25.73455],[88.41835,25.72675],[88.42017,25.72425],[88.42342,25.72443],[88.43235,25.72743],[88.43367,25.7263],[88.43231,25.72116],[88.43338,25.71945],[88.43545,25.7186],[88.4349,25.71638],[88.43327,25.71489],[88.4264,25.71378],[88.42416,25.71166],[88.42386,25.70881],[88.4248,25.7071],[88.42787,25.70682],[88.43835,25.70816],[88.43949,25.70761],[88.44082,25.70488],[88.43576,25.70138],[88.43523,25.69459],[88.43629,25.69294],[88.44093,25.69239],[88.44243,25.69085],[88.44395,25.68732],[88.4429,25.68298],[88.44115,25.68258],[88.43901,25.68548],[88.43513,25.6882],[88.432,25.6891],[88.42963,25.68675],[88.42915,25.68395],[88.42971,25.68207],[88.43266,25.68083],[88.43417,25.67901],[88.43262,25.6749],[88.43569,25.67086],[88.43408,25.66988],[88.4312,25.67073],[88.42951,25.66969],[88.42878,25.6649],[88.42715,25.66615],[88.40714,25.66932],[88.40544,25.67091],[88.40506,25.67319],[88.40804,25.67816],[88.40646,25.68249],[88.40446,25.68311],[88.3969,25.68136],[88.39478,25.68181],[88.39352,25.68329],[88.39337,25.68962],[88.39223,25.69116],[88.38322,25.6942],[88.37497,25.6949],[88.37395,25.69678],[88.3745,25.70306],[88.37858,25.71255],[88.37639,25.71408],[88.37051,25.71422],[88.36699,25.71757],[88.36137,25.71789],[88.36134,25.72405],[88.36002,25.7257],[88.35734,25.72517],[88.34744,25.72809],[88.33978,25.73433],[88.33227,25.73629],[88.32608,25.73512],[88.32464,25.7362],[88.32243,25.74212],[88.31941,25.74416],[88.32008,25.74867],[88.31925,25.75072],[88.30389,25.75829],[88.29881,25.76379],[88.29328,25.76645],[88.29377,25.76993],[88.29251,25.77158],[88.28968,25.77328],[88.28111,25.77323],[88.27176,25.77992],[88.27449,25.78501],[88.27602,25.79026],[88.27561,25.79682],[88.27357,25.80371],[88.26993,25.80814],[88.27142,25.81049],[88.27226,25.81574],[88.27059,25.82355],[88.26908,25.82673],[88.26823,25.83534],[88.2692,25.83911],[88.27094,25.8418],[88.27362,25.84393],[88.28586,25.8489],[88.29297,25.85418],[88.29101,25.85765],[88.2915,25.85919],[88.29789,25.85877],[88.30316,25.85623],[88.31017,25.85638],[88.31155,25.85718],[88.31459,25.86193],[88.32543,25.88503],[88.3308,25.88733],[88.33223,25.89082],[88.33709,25.89415],[88.33801,25.89963],[88.33728,25.90836],[88.3328,25.91598],[88.32468,25.92512],[88.32375,25.9343],[88.32568,25.93979],[88.32761,25.94282],[88.33259,25.94866],[88.33694,25.95228],[88.33914,25.95582],[88.34127,25.96701],[88.34282,25.97118],[88.34794,25.97435],[88.34912,25.97629],[88.35047,25.98257],[88.35443,25.98151],[88.35701,25.97792],[88.35909,25.97679],[88.36139,25.97931],[88.36602,25.98059],[88.38132,25.96229],[88.38072,25.95675],[88.38218,25.95476],[88.38632,25.95398],[88.39445,25.9535],[88.40846,25.96001],[88.41866,25.96279],[88.4268,25.96385],[88.43307,25.96291],[88.43999,25.95558],[88.44313,25.95439],[88.44644,25.95532],[88.44813,25.95869],[88.44848,25.96183],[88.44955,25.9624],[88.45232,25.96064],[88.4537,25.95802],[88.4566,25.9557],[88.46286,25.95447],[88.47401,25.95434],[88.47934,25.95533],[88.48396,25.96014],[88.48659,25.96083],[88.4938,25.95795],[88.49912,25.95956],[88.50288,25.95929],[88.50481,25.9609],[88.5077,25.95988],[88.50984,25.95715],[88.51273,25.95647],[88.52004,25.96032],[88.52856,25.95932],[88.53407,25.96071],[88.53732,25.96266],[88.54089,25.96302]]]}},{"type":"Feature","properties":{"district_id":"thakurgaon","upazila_id":"thakurgaon-ranisankail","source_name":"Ranisankail","source_pcode":"559486","match_method":"exact"},"geometry":{"type":"Polygon","coordinates":[[[88.13918,25.99291],[88.14677,26.00072],[88.14637,26.00516],[88.14302,26.00902],[88.144,26.01182],[88.15375,26.01781],[88.15757,26.0192],[88.17059,26.02014],[88.17681,26.01858],[88.18169,26.02066],[88.18711,26.02406],[88.18609,26.02827],[88.18382,26.0298],[88.18407,26.03242],[88.1865,26.03398],[88.19239,26.03424],[88.20007,26.03805],[88.20182,26.03965],[88.20361,26.04576],[88.20633,26.04977],[88.20778,26.05018],[88.21004,26.04808],[88.21249,26.04798],[88.2143,26.04953],[88.21622,26.05432],[88.2179,26.0556],[88.21916,26.05579],[88.22356,26.05312],[88.22544,26.05301],[88.22699,26.05639],[88.23058,26.05527],[88.23785,26.05503],[88.24066,26.05572],[88.24607,26.05359],[88.24756,26.04458],[88.25475,26.03583],[88.25828,26.03391],[88.26373,26.03406],[88.26636,26.0351],[88.2706,26.03843],[88.2728,26.0389],[88.27625,26.03743],[88.2787,26.03408],[88.27917,26.03026],[88.27857,26.0258],[88.27244,26.01071],[88.26685,26.00122],[88.26711,25.99859],[88.2729,25.99389],[88.27955,25.99245],[88.29256,25.9969],[88.29783,25.99721],[88.30411,25.99342],[88.30602,25.98778],[88.30953,25.98734],[88.31337,25.98501],[88.31544,25.98486],[88.31812,25.98596],[88.32162,25.98962],[88.32372,25.99528],[88.33111,25.99714],[88.33354,25.99898],[88.34395,25.99703],[88.34116,25.99142],[88.34431,25.98848],[88.34393,25.98688],[88.34514,25.9846],[88.34902,25.98399],[88.35047,25.98257],[88.34912,25.97629],[88.34794,25.97435],[88.34282,25.97118],[88.34127,25.96701],[88.33914,25.95582],[88.33694,25.95228],[88.33259,25.94866],[88.32761,25.94282],[88.32568,25.93979],[88.32375,25.9343],[88.32468,25.92512],[88.3328,25.91598],[88.33728,25.90836],[88.33801,25.89963],[88.33709,25.89415],[88.33223,25.89082],[88.3308,25.88733],[88.32543,25.88503],[88.31459,25.86193],[88.31155,25.85718],[88.31017,25.85638],[88.30316,25.85623],[88.29789,25.85877],[88.2915,25.85919],[88.29101,25.85765],[88.29297,25.85418],[88.28586,25.8489],[88.27362,25.84393],[88.27094,25.8418],[88.2692,25.83911],[88.26823,25.83534],[88.26908,25.82673],[88.27059,25.82355],[88.27226,25.81574],[88.27142,25.81049],[88.26993,25.80814],[88.26427,25.81182],[88.26302,25.81193],[88.26059,25.80935],[88.25941,25.80906],[88.25438,25.81108],[88.25258,25.81101],[88.25089,25.80993],[88.24899,25.80404],[88.2463,25.80357],[88.24304,25.80623],[88.24075,25.81021],[88.24062,25.81312],[88.23916,25.81574],[88.24208,25.8198],[88.242,25.82191],[88.23848,25.82623],[88.23191,25.82499],[88.22634,25.82502],[88.2217,25.82637],[88.21368,25.82957],[88.19976,25.83332],[88.19518,25.83632],[88.19165,25.83989],[88.18931,25.84433],[88.18847,25.8494],[88.18906,25.85482],[88.19073,25.85842],[88.20073,25.86145],[88.20478,25.86444],[88.20677,25.87591],[88.20657,25.87842],[88.20362,25.88074],[88.1949,25.88339],[88.19427,25.88508],[88.19352,25.89249],[88.19601,25.89793],[88.20098,25.904],[88.20165,25.9068],[88.20101,25.90948],[88.19894,25.91106],[88.19204,25.91165],[88.18966,25.91295],[88.18524,25.91777],[88.18384,25.92216],[88.18725,25.92851],[88.19711,25.93467],[88.19772,25.93621],[88.19601,25.93883],[88.19337,25.94041],[88.18613,25.94864],[88.1897,25.95847],[88.19017,25.96189],[88.18921,25.96668],[88.18783,25.96839],[88.18245,25.96408],[88.1804,25.96412],[88.17813,25.96566],[88.1774,25.97232],[88.17793,25.97734],[88.17447,25.98017],[88.16512,25.98263],[88.16436,25.98422],[88.16479,25.98576],[88.16225,25.99094],[88.16048,25.99179],[88.14781,25.98732],[88.1451,25.98776],[88.14265,25.98917],[88.13958,25.99248],[88.13918,25.99291]]]}},{"type":"Feature","properties":{"district_id":"thakurgaon","upazila_id":"thakurgaon-thakurgaon-sadar","source_name":"Thakurgaon S.","source_pcode":"559494","match_method":"exact"},"geometry":{"type":"Polygon","coordinates":[[[88.55589,26.17948],[88.55853,26.17481],[88.56344,26.17385],[88.56413,26.17266],[88.56194,26.16814],[88.56226,26.16592],[88.5668,26.16109],[88.56642,26.15772],[88.56938,26.15613],[88.57436,26.14981],[88.57836,26.14966],[88.58315,26.14642],[88.58604,26.14284],[88.58925,26.14244],[88.59396,26.14326],[88.59802,26.14224],[88.60538,26.13873],[88.61185,26.13504],[88.62091,26.12736],[88.62481,26.12292],[88.62645,26.11831],[88.62859,26.1162],[88.63174,26.11057],[88.63487,26.10812],[88.6367,26.10373],[88.64041,26.09861],[88.64193,26.09245],[88.64131,26.0887],[88.63744,26.07932],[88.62908,26.06259],[88.62564,26.0584],[88.6215,26.05966],[88.61937,26.05708],[88.61336,26.05456],[88.61167,26.05256],[88.6103,26.04742],[88.61125,26.04366],[88.6112,26.03898],[88.60852,26.0331],[88.60157,26.03017],[88.597,26.02616],[88.5947,26.02193],[88.59219,26.02073],[88.57934,26.02075],[88.57513,26.02182],[88.56879,26.02557],[88.55844,26.0281],[88.55782,26.02696],[88.55909,26.02303],[88.55816,26.01954],[88.55477,26.01731],[88.55083,26.01752],[88.54864,26.0166],[88.54446,26.007],[88.54447,26.00512],[88.54623,26.00422],[88.5463,26.00194],[88.5423,25.99896],[88.54306,25.99508],[88.53698,25.99323],[88.53535,25.99203],[88.5338,25.99003],[88.53212,25.98512],[88.53226,25.97753],[88.53335,25.97383],[88.54089,25.96302],[88.53732,25.96266],[88.53407,25.96071],[88.52856,25.95932],[88.52004,25.96032],[88.51273,25.95647],[88.50984,25.95715],[88.5077,25.95988],[88.50481,25.9609],[88.50288,25.95929],[88.49912,25.95956],[88.4938,25.95795],[88.48659,25.96083],[88.48396,25.96014],[88.47934,25.95533],[88.47401,25.95434],[88.46286,25.95447],[88.4566,25.9557],[88.4537,25.95802],[88.45232,25.96064],[88.44955,25.9624],[88.44848,25.96183],[88.44813,25.95869],[88.44644,25.95532],[88.44313,25.95439],[88.43999,25.95558],[88.43307,25.96291],[88.4268,25.96385],[88.41866,25.96279],[88.40846,25.96001],[88.39445,25.9535],[88.38632,25.95398],[88.38218,25.95476],[88.38072,25.95675],[88.38132,25.96229],[88.36602,25.98059],[88.36139,25.97931],[88.35909,25.97679],[88.35701,25.97792],[88.35443,25.98151],[88.35047,25.98257],[88.34902,25.98399],[88.34514,25.9846],[88.34393,25.98688],[88.34431,25.98848],[88.34116,25.99142],[88.34395,25.99703],[88.33354,25.99898],[88.33111,25.99714],[88.32372,25.99528],[88.32162,25.98962],[88.31812,25.98596],[88.31544,25.98486],[88.31337,25.98501],[88.30953,25.98734],[88.31196,25.99032],[88.31232,25.99409],[88.3067,26.00187],[88.3106,26.00218],[88.31177,26.00435],[88.31157,26.00617],[88.30748,26.00912],[88.30609,26.01362],[88.30555,26.03187],[88.30746,26.03907],[88.31397,26.04065],[88.31578,26.04276],[88.31956,26.05088],[88.32116,26.05881],[88.32628,26.06374],[88.33149,26.07569],[88.33274,26.07649],[88.33582,26.07474],[88.33839,26.07624],[88.34193,26.08241],[88.34188,26.09251],[88.34417,26.09896],[88.34823,26.10303],[88.354,26.1046],[88.3549,26.09924],[88.35622,26.09908],[88.35866,26.10103],[88.36226,26.10743],[88.36639,26.10968],[88.36844,26.1151],[88.36806,26.1163],[88.36617,26.11686],[88.35387,26.11686],[88.35212,26.1176],[88.35291,26.12245],[88.35583,26.12805],[88.35532,26.13187],[88.35098,26.13356],[88.34212,26.13426],[88.34073,26.13534],[88.3456,26.14432],[88.34959,26.14833],[88.35368,26.16015],[88.35493,26.1621],[88.35818,26.16337],[88.35956,26.1648],[88.36359,26.17252],[88.36172,26.17365],[88.35418,26.17425],[88.35518,26.17556],[88.3575,26.17643],[88.35987,26.17906],[88.3598,26.18038],[88.35836,26.18151],[88.35132,26.18342],[88.35162,26.18564],[88.34823,26.18624],[88.34858,26.19088],[88.35147,26.19043],[88.35566,26.19456],[88.35905,26.19492],[88.36081,26.19373],[88.3614,26.18922],[88.36861,26.18897],[88.37403,26.19926],[88.37572,26.20001],[88.38237,26.19941],[88.38614,26.20143],[88.38859,26.20047],[88.39619,26.20004],[88.39771,26.19833],[88.39886,26.19208],[88.40163,26.19157],[88.4079,26.19245],[88.40989,26.1936],[88.40964,26.19645],[88.41082,26.19851],[88.41817,26.1974],[88.42494,26.19919],[88.43743,26.19942],[88.43864,26.19839],[88.43933,26.19577],[88.44167,26.19424],[88.44749,26.19529],[88.45033,26.1949],[88.4585,26.19157],[88.46464,26.19061],[88.46722,26.19098],[88.46973,26.19218],[88.46827,26.1964],[88.46883,26.1972],[88.47172,26.19641],[88.4731,26.19704],[88.47221,26.20046],[88.47334,26.20166],[88.47647,26.20145],[88.48225,26.20328],[88.48752,26.20234],[88.49072,26.20355],[88.49285,26.20476],[88.49766,26.21242],[88.49992,26.2142],[88.50834,26.2128],[88.52574,26.2067],[88.52349,26.20321],[88.52337,26.20082],[88.5251,26.1905],[88.5247,26.1792],[88.52721,26.1759],[88.5296,26.1758],[88.53399,26.17712],[88.54583,26.18646],[88.54897,26.18693],[88.55128,26.18595],[88.55212,26.18294],[88.55137,26.17963],[88.55344,26.17958],[88.55589,26.17948]]]}}]}
