{"type":"FeatureCollection","metadata":{"division":"sylhet","verified_polygon_count":38,"boundary_reference_year":"2020","boundary_source":"geoBoundaries gbOpen BGD ADM3 / BBS, OCHA ROAP","note":"Only canonical verified matches are published; unsupported registry rows never receive fabricated polygons."},"features":[{"type":"Feature","id":"habiganj-ajmiriganj","properties":{"canonical_id":"habiganj-ajmiriganj","name_en":"Ajmiriganj","name_bn":"আজমিরীগঞ্জ","district_id":"habiganj","division_id":"sylhet","pcode":"BD-G-20-366","parent_pcode":"BD6036","source_name":"Ajmiriganj","match_method":"exact_name_or_alias","boundary_reference_year":"2020","boundary_source":"geoBoundaries gbOpen BGD ADM3 / BBS, OCHA ROAP","source_dataset_updated":"2026-08-09"},"geometry":{"type":"Polygon","coordinates":[[[91.21906775900004,24.48514050600005],[91.22129055200008,24.486682555000073],[91.23242616600004,24.485330101000045],[91.23311430700005,24.488036992000048],[91.23894096600009,24.487120695000044],[91.24046467000005,24.48898086400004],[91.24263031100008,24.487749603000054],[91.24389405000005,24.491452941000034],[91.24785600800004,24.491942322000057],[91.25083632900004,24.49089554300008],[91.24694832800003,24.483516585000075],[91.25584065700008,24.482569227000056],[91.25705931600004,24.483875828000066],[91.26270979100008,24.484378419000052],[91.26004237900008,24.48975568700007],[91.26907912400009,24.490692541000044],[91.27071331300004,24.48950598600004],[91.27022045400008,24.481821382000078],[91.27412226600006,24.482545938000044],[91.27619267200004,24.487324681000075],[91.28023284500006,24.48780690700005],[91.28062308200003,24.483527190000075],[91.27868128900008,24.478974871000048],[91.28052457100006,24.47452481600004],[91.29294761000006,24.47243291600006],[91.29510283800005,24.47568737000006],[91.29756576600005,24.476582808000046],[91.29812200400005,24.47898685100006],[91.30481993700005,24.477497854000035],[91.30550465400006,24.479908092000073],[91.31061860600005,24.479523483000037],[91.30263171900003,24.483345763000045],[91.30334784900003,24.491617491000056],[91.29830033000007,24.491374827000072],[91.29748814200008,24.50364148700004],[91.30062779200006,24.504189017000044],[91.30175397700003,24.50280050600003],[91.30249988400004,24.504614226000058],[91.30589936500007,24.505053297000075],[91.30690689100004,24.49714483400004],[91.30933434400004,24.495995589000074],[91.31151761800004,24.496818707000045],[91.31394209100006,24.500906369000063],[91.31336951600008,24.507357782000042],[91.31544033200004,24.508022092000033],[91.31555995100007,24.512993859000062],[91.31894860700004,24.511543721000066],[91.31983931100007,24.51313596700004],[91.32430964200006,24.512547093000023],[91.32346601800003,24.51692565600007],[91.32093759200006,24.51741004200005],[91.32376959200008,24.518345241000077],[91.32407585500005,24.52749178700003],[91.31982857900005,24.531822282000064],[91.31991413300005,24.53593250800003],[91.31500864700007,24.535281734000023],[91.30796616300006,24.53702259000005],[91.30623347000005,24.540873739000062],[91.30736800300008,24.54449459700004],[91.30454068700004,24.547460100000023],[91.30636766500004,24.550138090000075],[91.30886412600006,24.55072596900004],[91.31265667500008,24.54760581100004],[91.31886280500004,24.54938701800006],[91.32054238500007,24.547856945000035],[91.32206384400007,24.548375259000068],[91.32218476700007,24.546843593000062],[91.33959974600003,24.547801680000077],[91.34351154100005,24.54385232900006],[91.34889108800007,24.54476882000006],[91.35261959000007,24.551956069000028],[91.35464819100008,24.562846697000055],[91.35718720800008,24.561213120000048],[91.35855380500004,24.562049628000068],[91.35767590300009,24.56739653900007],[91.35998723700004,24.568219999000064],[91.36113246300005,24.578830630000027],[91.35719434700007,24.580609525000057],[91.35496274500008,24.58388945100006],[91.34605536200007,24.58521491500005],[91.34357142600004,24.584086334000062],[91.34090655600005,24.58671186600003],[91.34885194700007,24.59276494200003],[91.35589815400004,24.591544678000048],[91.35912573800005,24.594810390000077],[91.36395212800005,24.58969697300006],[91.36521575800003,24.59455041600006],[91.37238876600009,24.605077880000067],[91.37332572000008,24.609648074000063],[91.37802199600009,24.610355751000043],[91.37502183300006,24.61718780600006],[91.36915281200004,24.617997029000037],[91.36300041600003,24.623254711000072],[91.35849688400003,24.62379661600005],[91.35265224000005,24.622092964000046],[91.34913696900009,24.62486344000007],[91.34781812500006,24.62353149100005],[91.34173213700006,24.623496733000025],[91.33924482700007,24.625076012000022],[91.33734662200004,24.63566138300007],[91.33892170000007,24.635541825000075],[91.34398571700007,24.62887541500004],[91.34771707900006,24.630401384000038],[91.34978942100008,24.628644528000052],[91.35310342800005,24.63337748400005],[91.35511138400005,24.632924270000046],[91.35469393400007,24.63457882000006],[91.36426254100007,24.642603429000076],[91.36178322900008,24.645438730000023],[91.35903122700006,24.64585418300004],[91.36132855600005,24.64826808400005],[91.36087454500006,24.649622168000064],[91.33862354500008,24.65199879100004],[91.33432006100008,24.66292664300005],[91.31284479400006,24.64652543400007],[91.31043324700005,24.647928639000042],[91.30779097200008,24.654396845000065],[91.30508490600005,24.654400055000053],[91.30381154900005,24.647625024000035],[91.30722439500005,24.642033998000045],[91.30814601300006,24.63684837200003],[91.29961554100004,24.61497528500007],[91.29664192900003,24.60205965700004],[91.29368228800007,24.597163703000035],[91.29029923900003,24.59537768000007],[91.28376243000008,24.59555829800007],[91.27356206300004,24.598233780000044],[91.27201665000007,24.60021260600007],[91.27391411800005,24.60520435500007],[91.27267171400007,24.605655652000053],[91.26459222100004,24.592872656000054],[91.26641994500005,24.586557029000062],[91.26512199800004,24.579745047000074],[91.23396119200004,24.56896290700007],[91.22625961900007,24.554472282000063],[91.22241103400006,24.54117473900004],[91.21284632500004,24.523017353000057],[91.19097831500005,24.500764408000066],[91.18285840800007,24.494944876000034],[91.17906708600003,24.494422538000038],[91.17577372300008,24.50008833800007],[91.17348389400007,24.501326967000068],[91.16930253500004,24.500732920000075],[91.16599873800004,24.49837836100005],[91.15125007900008,24.482772698000076],[91.15007198200004,24.479093242000033],[91.15371522100008,24.476354593000053],[91.16024763300004,24.48278061600007],[91.16682074900007,24.485456646000046],[91.19163918800007,24.481745501000034],[91.19520945300007,24.479533610000033],[91.19525533600006,24.47812336100003],[91.18785321300004,24.477417536000075],[91.18409898800007,24.47118208200004],[91.18744726700004,24.47036789400005],[91.18983921900008,24.46589646900003],[91.19610845800008,24.466074438000078],[91.19904332900006,24.46662348900003],[91.19975809000005,24.474113126000077],[91.20532080800007,24.480937656000037],[91.21541118100004,24.47532114200004],[91.21980801000007,24.474795241000038],[91.21469595200006,24.482208098000058],[91.21906775900004,24.48514050600005]]]}},{"type":"Feature","id":"habiganj-bahubal","properties":{"canonical_id":"habiganj-bahubal","name_en":"Bahubal","name_bn":"বাহুবল","district_id":"habiganj","division_id":"sylhet","pcode":"BD-G-20-365","parent_pcode":"BD6036","source_name":"Bahubal","match_method":"exact_name_or_alias","boundary_reference_year":"2020","boundary_source":"geoBoundaries gbOpen BGD ADM3 / BBS, OCHA ROAP","source_dataset_updated":"2026-08-09"},"geometry":{"type":"Polygon","coordinates":[[[91.61038259000009,24.437843799000063],[91.60382828100006,24.424412076000067],[91.59696566400004,24.42852763800005],[91.59480625600008,24.43164924100006],[91.59167219300008,24.43128551500007],[91.58344646100005,24.43396727700008],[91.56907087600007,24.435260457000027],[91.56588894300006,24.431922564000047],[91.56533533900006,24.43366480000003],[91.56304665300007,24.433422095000026],[91.56288315300009,24.436410330000058],[91.55713350200006,24.436699325000063],[91.55758080200007,24.438285626000038],[91.56028600200005,24.438805729000023],[91.55636045700004,24.445030345000077],[91.55507375000008,24.445272145000047],[91.55515114300005,24.443541046000064],[91.54801964400008,24.444740668000065],[91.54776743700006,24.446653022000078],[91.55061791800006,24.44674063700006],[91.55150388400006,24.448810622000053],[91.55708322900006,24.449365587000045],[91.55871078600006,24.453023305000045],[91.56210185800006,24.455391305000035],[91.55743372400008,24.457515155000067],[91.55945840000004,24.460065461000056],[91.55822031800005,24.462266216000046],[91.55717222800007,24.462773081000023],[91.55557885600007,24.460350368000036],[91.54977010100004,24.466630888000054],[91.54561254200007,24.46148594300007],[91.54395100300007,24.465032953000048],[91.54030676000008,24.465062240000066],[91.53621849600006,24.45985084700004],[91.52841204600008,24.46110836500003],[91.52550935600004,24.46290694700008],[91.52291393700006,24.470675524000058],[91.51124441200005,24.473141550000037],[91.51167497000006,24.475528989000054],[91.50907071100005,24.474632865000046],[91.50979719600008,24.469678444000067],[91.50536759300007,24.469843413000035],[91.49526597500005,24.455146168000056],[91.49605302200007,24.45110319500003],[91.49328519800008,24.446896147000075],[91.49931562100005,24.444693027000028],[91.50026090900008,24.441117449000046],[91.49891649400007,24.438363713000058],[91.50278153600004,24.43351530500007],[91.49817515400008,24.432595374000073],[91.49518163200008,24.434360972000036],[91.49158043400007,24.434259385000075],[91.49211932100008,24.43657417000003],[91.48363793400006,24.435077379000063],[91.48337814300004,24.43047019100004],[91.48094141100006,24.43020511000003],[91.47826889500004,24.426369290000025],[91.47957949700003,24.421835904000034],[91.47645202800004,24.41770875700007],[91.47817095200008,24.415424350000023],[91.47508427600008,24.413621963000026],[91.47464607700005,24.40964518000004],[91.47307026900006,24.408381664000046],[91.47614817200008,24.40181065200005],[91.47411338000006,24.40081743500008],[91.47669907400007,24.400269070000036],[91.47600811600006,24.397979390000046],[91.47819821500008,24.39897614800003],[91.48506063600007,24.39641619200006],[91.48499063400004,24.394171260000064],[91.48268597000003,24.39396809300007],[91.48272364800005,24.391758224000057],[91.47733186100004,24.390668063000078],[91.47660772200004,24.377616174000025],[91.47827169800007,24.378863008000053],[91.48183061400005,24.378326521000076],[91.48115523100006,24.374672059000034],[91.48244578600008,24.37226989900006],[91.48664848500005,24.370742747000065],[91.48626162700003,24.364844368000036],[91.48776097600006,24.363717287000043],[91.48396496400005,24.357464591000053],[91.48806566500008,24.354686078000043],[91.48517178400004,24.350491830000067],[91.47975465700006,24.350568489000068],[91.48065624700007,24.34636020100004],[91.47960672000005,24.343299694000052],[91.47693246100005,24.340839131000052],[91.47370466000007,24.34115666100007],[91.47134338200004,24.33874148800004],[91.47043559400004,24.328510847000075],[91.47649645000007,24.322673374000033],[91.47676126800008,24.31879129200007],[91.48078578600007,24.315958436000074],[91.48024642800004,24.313371525000036],[91.47816672700009,24.31236575500003],[91.47912038900006,24.310748001000036],[91.48485762800004,24.310224137000034],[91.48864399900003,24.304279205000057],[91.49178388500007,24.304479223000044],[91.49162309600007,24.301314106000063],[91.48925343100007,24.298035776000063],[91.49352989500005,24.295184902000074],[91.49220439000004,24.29404660700004],[91.48739089700007,24.29446065600007],[91.48699618200004,24.29260998700005],[91.48872606200007,24.291943450000076],[91.48771753600005,24.286085528000058],[91.48960564600009,24.287431124000022],[91.49118200900006,24.28522589000005],[91.48674666800008,24.276471870000023],[91.48872043400007,24.274245844000063],[91.49050167200005,24.265601911000033],[91.49302328100003,24.27066162500006],[91.49593642200006,24.270811330000072],[91.50673886700008,24.261964205000027],[91.51050346800008,24.261251867000055],[91.51241189300003,24.264639448000025],[91.50845451300006,24.266446374000054],[91.50724513900008,24.26871811500007],[91.50821915100005,24.27055000200005],[91.51063392600008,24.271089835000055],[91.51870119400007,24.26512250500008],[91.51768749700005,24.257935200000077],[91.52459225500007,24.256525194000062],[91.52743330000004,24.254015717000073],[91.52983052700006,24.262008490000028],[91.52969486500007,24.264252094000028],[91.52645995700004,24.267302287000064],[91.52850760800004,24.274616249000076],[91.53270311800009,24.273624736000045],[91.53390378800003,24.27589266900003],[91.54182426100004,24.27645139200007],[91.54407612300008,24.27892697900006],[91.54651496700006,24.278481729000077],[91.54742835200005,24.276325024000073],[91.54965519200005,24.276577746000044],[91.55017031500006,24.279301194000027],[91.55199614600008,24.279988580000065],[91.55619678400006,24.278764413000033],[91.55658602800008,24.276452180000035],[91.56395980900004,24.276352217000067],[91.56375508800005,24.27813601400004],[91.56198920200006,24.27847642300003],[91.57281476500003,24.279346200000077],[91.57939725100005,24.281563591000065],[91.59926513800008,24.279244550000044],[91.60809993900006,24.27992843900006],[91.61443155700005,24.28275982200006],[91.61493508900008,24.287522119000073],[91.62547574700005,24.29751552700003],[91.62585794200004,24.301076430000023],[91.63151941400008,24.31119428900007],[91.63222724900004,24.317612335000035],[91.62961532500003,24.344276412000056],[91.62763822800008,24.34795234300003],[91.62308468600008,24.351469618000067],[91.62046274100004,24.36049954500004],[91.62406592400004,24.361889345000066],[91.62479085800004,24.36394990200006],[91.61898412100004,24.365139596000063],[91.61856594100004,24.361519267000062],[91.60328374200003,24.362484735000066],[91.60275696700006,24.364779868000028],[91.60374743800008,24.382202670000027],[91.60214303200007,24.394376817000023],[91.60296819300004,24.411610556000028],[91.60168071800007,24.415614109000046],[91.60415950200007,24.417167457000062],[91.62035841600004,24.415949157000057],[91.62073389700004,24.417648884000073],[91.61803822700006,24.42196334600004],[91.61883967100005,24.427145025000073],[91.61605995400004,24.428656706000027],[91.61993190000004,24.433321337000052],[91.61787011700005,24.439512216000026],[91.61338064900008,24.440631298000028],[91.61038259000009,24.437843799000063]]]}},{"type":"Feature","id":"habiganj-baniachong","properties":{"canonical_id":"habiganj-baniachong","name_en":"Baniachong","name_bn":"বানিয়াচং","district_id":"habiganj","division_id":"sylhet","pcode":"BD-G-20-367","parent_pcode":"BD6036","source_name":"Baniachong","match_method":"exact_name_or_alias","boundary_reference_year":"2020","boundary_source":"geoBoundaries gbOpen BGD ADM3 / BBS, OCHA ROAP","source_dataset_updated":"2026-08-09"},"geometry":{"type":"Polygon","coordinates":[[[91.21906775900004,24.48514050600005],[91.22604423100006,24.48272201800006],[91.23245892500006,24.473054683000043],[91.23713654200003,24.460387423000043],[91.23786122300004,24.441535544000033],[91.24212198200007,24.42725170400007],[91.23930806500005,24.426069776000077],[91.22618621500004,24.434588009000038],[91.21710544600006,24.432475965000037],[91.21990988100004,24.418639532000043],[91.21525572800005,24.409277892000034],[91.21601896100003,24.40768747100003],[91.21395224700007,24.402394100000038],[91.22099290800008,24.402170991000048],[91.21748384500006,24.407153055000038],[91.21954256500004,24.409537476000025],[91.22765936700006,24.405830885000057],[91.23125743500003,24.407975761000046],[91.23751785600007,24.406785183000068],[91.24314337500005,24.39892717200007],[91.24241948300005,24.396686781000028],[91.24373707700005,24.395233911000048],[91.24184876300006,24.393595133000076],[91.24539787400005,24.391828189000023],[91.24724712000005,24.388481291000062],[91.25441071700004,24.382572654000057],[91.25576715600005,24.379466223000065],[91.25175474400004,24.376061632000074],[91.24297533100008,24.379545733000043],[91.24069414000007,24.376645317000055],[91.24549335600005,24.37220357900003],[91.23968052000004,24.36678833700006],[91.24435680500005,24.36234651600006],[91.25201999800004,24.362509188000047],[91.25834069100006,24.357194340000035],[91.25626314300007,24.353944785000067],[91.25798438000004,24.35256183000007],[91.26847764000007,24.352763398000036],[91.27159390800006,24.35622926700006],[91.27049179900007,24.359323537000023],[91.27273681400004,24.36036070700004],[91.27790562100006,24.36056443700005],[91.28400728600008,24.358819115000074],[91.28876596700007,24.35947464700007],[91.29198581000009,24.366274231000034],[91.29472971800004,24.367264481000063],[91.30370239900003,24.365675554000063],[91.30844857000005,24.367298505000065],[91.31139072500008,24.36604946500006],[91.31404555000006,24.365739762000032],[91.31664439600007,24.370618428000057],[91.31925707200008,24.372177711000063],[91.33374192600007,24.366362972000047],[91.33464262500007,24.369407287000058],[91.32825564700005,24.38044198600005],[91.33004491100007,24.384073965000027],[91.33560419100007,24.386568210000064],[91.34974797600006,24.38778609900004],[91.35625560100004,24.392245907000074],[91.37611420200005,24.389716683000074],[91.38069297600003,24.390575773000023],[91.38120740900007,24.391923913000028],[91.37665475900008,24.396096097000054],[91.36682610300005,24.397442012000056],[91.36877234400004,24.39944550100006],[91.37109642800004,24.398536697000054],[91.37334229200007,24.40304948800008],[91.37476189700004,24.403129164000063],[91.38298499900009,24.394953112000053],[91.39472668900004,24.390403744000025],[91.39327521500007,24.39763160600006],[91.39503426400006,24.398266144000047],[91.40562571000004,24.38902580000007],[91.40790510300008,24.39024401100005],[91.40277489700009,24.39805636400007],[91.40383762100004,24.399863823000032],[91.40607233900005,24.40020316400006],[91.41398132900008,24.389256749000026],[91.41912895100006,24.393745085000035],[91.42147817900008,24.40256064700003],[91.42357528100007,24.401227076000055],[91.42495012000006,24.397483045000058],[91.42751664700006,24.39647403600003],[91.43141607600006,24.402789281000025],[91.43687506000003,24.40582414100004],[91.44052424500006,24.405988124000032],[91.44063056300007,24.410251521000077],[91.43609372900005,24.41199339700006],[91.43390450600003,24.41537726100006],[91.43755290000007,24.416916128000025],[91.44294559800005,24.416548196000065],[91.44775612900008,24.412211331000037],[91.45119073700005,24.406367101000058],[91.46129834400006,24.411410729000067],[91.44826260700006,24.42386189900003],[91.44583216000007,24.430026636000036],[91.44789517500004,24.431523936000076],[91.45464324100004,24.422922533000076],[91.46063426100005,24.424128446000054],[91.46184748700006,24.43478386700008],[91.45491559600003,24.43419829000004],[91.45321194400003,24.437281453000026],[91.45967128000007,24.445370430000025],[91.46330524500007,24.45281825400008],[91.46213159300004,24.454066703000024],[91.45920387200005,24.455264362000037],[91.46070024700003,24.460825293000028],[91.46631190700003,24.465423590000057],[91.47031127500009,24.471115292000036],[91.47063217200008,24.47814132700006],[91.47649511400004,24.479496174000076],[91.47747533000006,24.48153184000006],[91.47607246800004,24.484761295000055],[91.47044795700003,24.481179965000024],[91.46483037300004,24.482430435000026],[91.46547690200003,24.483836204000056],[91.46980093300004,24.484459009000034],[91.47349823800005,24.486916904000054],[91.46688041900006,24.49361429700008],[91.47377143300008,24.496652880000056],[91.47597239900006,24.49959371500006],[91.47345172800004,24.503088037000055],[91.46792634900004,24.500302560000023],[91.46557620000004,24.50075769600005],[91.46523720900007,24.507533911000053],[91.46829990600008,24.510424157000045],[91.47666222800007,24.50331401300008],[91.48114730700007,24.504723863000038],[91.48252398900007,24.50782730900005],[91.47748231800006,24.51057439300007],[91.47588582200007,24.513937804000022],[91.48398729000007,24.520817462000025],[91.48409736900004,24.526404095000032],[91.49083876500003,24.528130581000028],[91.49267614100006,24.531177994000075],[91.49750962500008,24.53330849300005],[91.48643406100007,24.54226718900003],[91.48808825500004,24.54337450500003],[91.49260376800004,24.542323057000033],[91.49632253200008,24.54848620100006],[91.49426805200005,24.551516286000037],[91.48713210400007,24.553486485000064],[91.47998799600003,24.551101851000055],[91.46914162900003,24.55322836600004],[91.46401623500003,24.54857091100007],[91.45794674500007,24.54974209100004],[91.45521003100004,24.551856675000067],[91.45821557900007,24.554208103000065],[91.45427978300006,24.55610175000004],[91.44915665600007,24.574629428000037],[91.45192086900005,24.576403119000076],[91.45240368600008,24.58091673100006],[91.45382855900004,24.58197244300004],[91.44887232600007,24.587035117000028],[91.45278674000008,24.590473287000066],[91.45026045500003,24.59336176900007],[91.44538341800006,24.595535183000038],[91.44191284700008,24.594524402000047],[91.43830438900005,24.59764597700007],[91.44001922700005,24.612808616000052],[91.43701470000008,24.611942268000064],[91.43103647000004,24.61323350500004],[91.43659388800006,24.61941559400003],[91.43134429300005,24.62465436900004],[91.43387473900003,24.62842445600006],[91.43044236500003,24.63241556500003],[91.43297587800004,24.63378992500003],[91.43291728900005,24.639478661000055],[91.42834735700006,24.641690984000036],[91.42892729800008,24.64029263300006],[91.42660279000006,24.63917075300003],[91.42377267800003,24.641484372000036],[91.42283977100004,24.638712036000072],[91.42111610600006,24.63857144700006],[91.42179785100006,24.633996498000045],[91.41367121900004,24.635475566000025],[91.41633199700004,24.637468117000026],[91.41454671900004,24.64555981600006],[91.40817906500007,24.645879215000036],[91.40989115800005,24.648445121000066],[91.40352182900006,24.65155681300007],[91.39708979700004,24.651782671000035],[91.39777220500008,24.65927220100008],[91.40100245600007,24.660527168000044],[91.40152585200008,24.66249078100003],[91.40923095300008,24.668012648000058],[91.40726204200007,24.67313067400005],[91.39906410800006,24.671064385000022],[91.39789571900008,24.672074185000042],[91.39860161700005,24.677053753000052],[91.39498792300003,24.674013847000026],[91.39058303300004,24.673907401000065],[91.39095129900005,24.678375439000035],[91.38608400400005,24.68316223000005],[91.39178351100009,24.686072970000055],[91.39190741700008,24.687663323000038],[91.38576505900005,24.690236081000023],[91.38005663400008,24.69532618200003],[91.37162993800007,24.690632290000053],[91.35386104500003,24.69003848400007],[91.34899724000007,24.688268957000048],[91.34926566400009,24.68577598400003],[91.35777813000004,24.68218435600005],[91.35981287500005,24.679462055000045],[91.35924131400003,24.67801736800004],[91.34850269200007,24.665952580000067],[91.34533161600007,24.66701663400005],[91.34328776000007,24.673686601000043],[91.33871506900005,24.665614025000025],[91.33432006100008,24.66292664300005],[91.33862354500008,24.65199879100004],[91.36087454500006,24.649622168000064],[91.36132855600005,24.64826808400005],[91.35903122700006,24.64585418300004],[91.36178322900008,24.645438730000023],[91.36426254100007,24.642603429000076],[91.35469393400007,24.63457882000006],[91.35511138400005,24.632924270000046],[91.35310342800005,24.63337748400005],[91.34978942100008,24.628644528000052],[91.34771707900006,24.630401384000038],[91.34398571700007,24.62887541500004],[91.33892170000007,24.635541825000075],[91.33734662200004,24.63566138300007],[91.33924482700007,24.625076012000022],[91.34173213700006,24.623496733000025],[91.34781812500006,24.62353149100005],[91.34913696900009,24.62486344000007],[91.35265224000005,24.622092964000046],[91.35849688400003,24.62379661600005],[91.36300041600003,24.623254711000072],[91.36915281200004,24.617997029000037],[91.37502183300006,24.61718780600006],[91.37802199600009,24.610355751000043],[91.37332572000008,24.609648074000063],[91.37238876600009,24.605077880000067],[91.36521575800003,24.59455041600006],[91.36395212800005,24.58969697300006],[91.35912573800005,24.594810390000077],[91.35589815400004,24.591544678000048],[91.34885194700007,24.59276494200003],[91.34090655600005,24.58671186600003],[91.34357142600004,24.584086334000062],[91.34605536200007,24.58521491500005],[91.35496274500008,24.58388945100006],[91.35719434700007,24.580609525000057],[91.36113246300005,24.578830630000027],[91.35998723700004,24.568219999000064],[91.35767590300009,24.56739653900007],[91.35855380500004,24.562049628000068],[91.35718720800008,24.561213120000048],[91.35464819100008,24.562846697000055],[91.35261959000007,24.551956069000028],[91.34889108800007,24.54476882000006],[91.34351154100005,24.54385232900006],[91.33959974600003,24.547801680000077],[91.32218476700007,24.546843593000062],[91.32206384400007,24.548375259000068],[91.32054238500007,24.547856945000035],[91.31886280500004,24.54938701800006],[91.31265667500008,24.54760581100004],[91.30886412600006,24.55072596900004],[91.30636766500004,24.550138090000075],[91.30454068700004,24.547460100000023],[91.30736800300008,24.54449459700004],[91.30623347000005,24.540873739000062],[91.30796616300006,24.53702259000005],[91.31500864700007,24.535281734000023],[91.31991413300005,24.53593250800003],[91.31982857900005,24.531822282000064],[91.32407585500005,24.52749178700003],[91.32376959200008,24.518345241000077],[91.32093759200006,24.51741004200005],[91.32346601800003,24.51692565600007],[91.32430964200006,24.512547093000023],[91.31983931100007,24.51313596700004],[91.31894860700004,24.511543721000066],[91.31555995100007,24.512993859000062],[91.31544033200004,24.508022092000033],[91.31336951600008,24.507357782000042],[91.31394209100006,24.500906369000063],[91.31151761800004,24.496818707000045],[91.30933434400004,24.495995589000074],[91.30690689100004,24.49714483400004],[91.30589936500007,24.505053297000075],[91.30249988400004,24.504614226000058],[91.30175397700003,24.50280050600003],[91.30062779200006,24.504189017000044],[91.29748814200008,24.50364148700004],[91.29830033000007,24.491374827000072],[91.30334784900003,24.491617491000056],[91.30263171900003,24.483345763000045],[91.31061860600005,24.479523483000037],[91.30550465400006,24.479908092000073],[91.30481993700005,24.477497854000035],[91.29812200400005,24.47898685100006],[91.29756576600005,24.476582808000046],[91.29510283800005,24.47568737000006],[91.29294761000006,24.47243291600006],[91.28052457100006,24.47452481600004],[91.27868128900008,24.478974871000048],[91.28062308200003,24.483527190000075],[91.28023284500006,24.48780690700005],[91.27619267200004,24.487324681000075],[91.27412226600006,24.482545938000044],[91.27022045400008,24.481821382000078],[91.27071331300004,24.48950598600004],[91.26907912400009,24.490692541000044],[91.26004237900008,24.48975568700007],[91.26270979100008,24.484378419000052],[91.25705931600004,24.483875828000066],[91.25584065700008,24.482569227000056],[91.24694832800003,24.483516585000075],[91.25083632900004,24.49089554300008],[91.24785600800004,24.491942322000057],[91.24389405000005,24.491452941000034],[91.24263031100008,24.487749603000054],[91.24046467000005,24.48898086400004],[91.23894096600009,24.487120695000044],[91.23311430700005,24.488036992000048],[91.23242616600004,24.485330101000045],[91.22129055200008,24.486682555000073],[91.21906775900004,24.48514050600005]]]}},{"type":"Feature","id":"habiganj-chunarughat","properties":{"canonical_id":"habiganj-chunarughat","name_en":"Chunarughat","name_bn":"চুনারুঘাট","district_id":"habiganj","division_id":"sylhet","pcode":"BD-G-20-369","parent_pcode":"BD6036","source_name":"Chunarughat","match_method":"exact_name_or_alias","boundary_reference_year":"2020","boundary_source":"geoBoundaries gbOpen BGD ADM3 / BBS, OCHA ROAP","source_dataset_updated":"2026-08-09"},"geometry":{"type":"Polygon","coordinates":[[[91.48674666800008,24.276471870000023],[91.48398811300007,24.27654962200006],[91.48056125700003,24.270759803000033],[91.47080206800007,24.274724479000042],[91.46869967800006,24.26766636700006],[91.46708560100006,24.26660454900008],[91.45576195900009,24.263928735000036],[91.45155719500008,24.262241921000054],[91.45094245800004,24.260204159000068],[91.44688994100005,24.259606147000056],[91.44421960600005,24.260872044000052],[91.44812302600008,24.25227266400003],[91.44472275700008,24.249722374000044],[91.44059407300006,24.24916158700006],[91.43775666400006,24.25170559000003],[91.42692418000007,24.251396155000066],[91.42303318000006,24.25255686500003],[91.41291925900003,24.248539570000048],[91.40986717800007,24.252098146000037],[91.40604509100007,24.252937778000046],[91.40397253400005,24.25933623000003],[91.40115233900008,24.259496],[91.39679072700005,24.262085479000064],[91.39642839600003,24.26408223800007],[91.39425585300006,24.264196991000063],[91.39243515900006,24.26959627800005],[91.38724684900006,24.268391888000053],[91.38599713500008,24.26947619500004],[91.38181851700006,24.25591177900003],[91.38105117900005,24.24556662200007],[91.36686788300005,24.215896170000065],[91.36493351400009,24.210626223000077],[91.36636096600006,24.206507414000043],[91.36158889500007,24.200256507000063],[91.36382444200007,24.198063569000055],[91.36994989000004,24.196676634000028],[91.37003677900003,24.193579553000063],[91.37693421300008,24.18939275500003],[91.37785476800008,24.183560396000075],[91.38185983500006,24.182800018000023],[91.38210307800006,24.176252470000065],[91.38726151700007,24.169867986000042],[91.38441450500005,24.169586824000078],[91.38650802800004,24.163555255000063],[91.41440156100003,24.162575032000063],[91.41279755500005,24.145542870000043],[91.41417198000005,24.140994084000056],[91.41831373100007,24.13710082500006],[91.44107533100004,24.124356990000024],[91.42817486400008,24.107504318000053],[91.42856946200004,24.10191098000007],[91.42995921500005,24.102184967000028],[91.43075187100004,24.100121081000054],[91.43724149700006,24.102871234000077],[91.44049935900006,24.10263255800004],[91.44212846000005,24.097447791000036],[91.44422750900009,24.09749176100007],[91.44953622200006,24.101595622000048],[91.45199535500007,24.098406114000056],[91.45418997200005,24.098780841000064],[91.45475876900008,24.09668696400007],[91.45834174500004,24.09766410800006],[91.46247497900004,24.09623117700005],[91.46540453200004,24.098771432000035],[91.47123276500008,24.098924286000056],[91.47310811900007,24.101907536000056],[91.47346037400007,24.099956320000047],[91.47575663400005,24.10065800700005],[91.47745120200005,24.09848798400003],[91.48280332200005,24.097968586000036],[91.48728511200005,24.09539194000007],[91.49210958100008,24.097184304000052],[91.49493502100006,24.095649881000043],[91.49239700200008,24.091022830000043],[91.49757474200004,24.087434733000066],[91.50856600500003,24.086578684000074],[91.54416056900004,24.076076689000047],[91.54521117600007,24.074345314000027],[91.55725920400005,24.076983321000057],[91.57284470100007,24.07489719000006],[91.57238510500008,24.077480411000067],[91.57440202300006,24.080146822000074],[91.58227123600005,24.07355014500007],[91.58597893100006,24.072751996000022],[91.58733466000007,24.07501142800004],[91.59236102700004,24.07571507600005],[91.59183610100007,24.07843622000007],[91.59384019500004,24.082793262000052],[91.59843216700006,24.08460709700006],[91.59838188100008,24.08677737100004],[91.59296490900005,24.08933302300005],[91.59109113800008,24.093138488000022],[91.59529449700005,24.09342937100007],[91.59445536500004,24.09665278400007],[91.59727288600004,24.09599185600007],[91.59917431000008,24.09724460800004],[91.60028193300008,24.095447618000037],[91.60253344000006,24.09674483400005],[91.60267173900007,24.095526498000027],[91.60446505200008,24.095918005000044],[91.60350872300006,24.09421734700004],[91.61120045400008,24.091816055000038],[91.61566649000008,24.095577880000064],[91.61693823800005,24.09439506700005],[91.61972469400007,24.09683033500005],[91.62140485200007,24.095354271000076],[91.62259005200008,24.097356881000053],[91.62483160200009,24.096726715000045],[91.62571012800004,24.099431432000074],[91.62690252800007,24.098983920000023],[91.62917429100008,24.10160664800003],[91.63183813100005,24.10000208300005],[91.63416429700004,24.10232155800003],[91.63517857100004,24.101192465000054],[91.63786816300006,24.103065955000034],[91.63672020500007,24.106697525000072],[91.63946514300005,24.108640137000066],[91.64110855100006,24.11322455900006],[91.63844422500006,24.129735125000025],[91.63435922400004,24.13817814400005],[91.64652755200007,24.156755962000034],[91.64416099500005,24.17072814000005],[91.64518713100006,24.17399663200007],[91.64133952800006,24.176584650000052],[91.64118793800009,24.18796027700006],[91.63752636200007,24.19120463300004],[91.63656763700004,24.19721458400005],[91.62939096900004,24.199182093000047],[91.63141927700008,24.202642455000046],[91.62921346100006,24.210143764000065],[91.62547510500008,24.211482854000053],[91.62389281700007,24.217480772000044],[91.62179659600008,24.219790446000047],[91.61984682400004,24.22915692600003],[91.61558893600005,24.23175814800004],[91.61820632400008,24.23954044900006],[91.61570491800006,24.247521610000035],[91.61289093300007,24.250264892000075],[91.61440581500005,24.253683482000042],[91.61822433200007,24.254876015000036],[91.61881487600004,24.25747083500005],[91.61853279300004,24.260715482000023],[91.61607288200008,24.263386770000068],[91.61677311500006,24.277469523000036],[91.61443155700005,24.28275982200006],[91.60809993900006,24.27992843900006],[91.59926513800008,24.279244550000044],[91.57939725100005,24.281563591000065],[91.57281476500003,24.279346200000077],[91.56198920200006,24.27847642300003],[91.56375508800005,24.27813601400004],[91.56395980900004,24.276352217000067],[91.55658602800008,24.276452180000035],[91.55619678400006,24.278764413000033],[91.55199614600008,24.279988580000065],[91.55017031500006,24.279301194000027],[91.54965519200005,24.276577746000044],[91.54742835200005,24.276325024000073],[91.54651496700006,24.278481729000077],[91.54407612300008,24.27892697900006],[91.54182426100004,24.27645139200007],[91.53390378800003,24.27589266900003],[91.53270311800009,24.273624736000045],[91.52850760800004,24.274616249000076],[91.52645995700004,24.267302287000064],[91.52969486500007,24.264252094000028],[91.52983052700006,24.262008490000028],[91.52743330000004,24.254015717000073],[91.52459225500007,24.256525194000062],[91.51768749700005,24.257935200000077],[91.51870119400007,24.26512250500008],[91.51063392600008,24.271089835000055],[91.50821915100005,24.27055000200005],[91.50724513900008,24.26871811500007],[91.50845451300006,24.266446374000054],[91.51241189300003,24.264639448000025],[91.51050346800008,24.261251867000055],[91.50673886700008,24.261964205000027],[91.49593642200006,24.270811330000072],[91.49302328100003,24.27066162500006],[91.49050167200005,24.265601911000033],[91.48872043400007,24.274245844000063],[91.48674666800008,24.276471870000023]]]}},{"type":"Feature","id":"habiganj-habiganj-sadar","properties":{"canonical_id":"habiganj-habiganj-sadar","name_en":"Habiganj Sadar","name_bn":"হবিগঞ্জ সদর","district_id":"habiganj","division_id":"sylhet","pcode":"BD-G-20-370","parent_pcode":"BD6036","source_name":"Habiganj Sadar","match_method":"exact_name_or_alias","boundary_reference_year":"2020","boundary_source":"geoBoundaries gbOpen BGD ADM3 / BBS, OCHA ROAP","source_dataset_updated":"2026-08-09"},"geometry":{"type":"Polygon","coordinates":[[[91.49328519800008,24.446896147000075],[91.473305,24.450608713000065],[91.47855731100003,24.453897914000038],[91.47708525900003,24.454711444000054],[91.46870367900004,24.455429149000054],[91.46213159300004,24.454066703000024],[91.46330524500007,24.45281825400008],[91.45967128000007,24.445370430000025],[91.45321194400003,24.437281453000026],[91.45491559600003,24.43419829000004],[91.46184748700006,24.43478386700008],[91.46063426100005,24.424128446000054],[91.45464324100004,24.422922533000076],[91.44789517500004,24.431523936000076],[91.44583216000007,24.430026636000036],[91.44826260700006,24.42386189900003],[91.46129834400006,24.411410729000067],[91.45119073700005,24.406367101000058],[91.44775612900008,24.412211331000037],[91.44294559800005,24.416548196000065],[91.43755290000007,24.416916128000025],[91.43390450600003,24.41537726100006],[91.43609372900005,24.41199339700006],[91.44063056300007,24.410251521000077],[91.44052424500006,24.405988124000032],[91.43687506000003,24.40582414100004],[91.43141607600006,24.402789281000025],[91.42751664700006,24.39647403600003],[91.42495012000006,24.397483045000058],[91.42357528100007,24.401227076000055],[91.42147817900008,24.40256064700003],[91.41912895100006,24.393745085000035],[91.41398132900008,24.389256749000026],[91.40607233900005,24.40020316400006],[91.40383762100004,24.399863823000032],[91.40277489700009,24.39805636400007],[91.40790510300008,24.39024401100005],[91.40562571000004,24.38902580000007],[91.39503426400006,24.398266144000047],[91.39327521500007,24.39763160600006],[91.39472668900004,24.390403744000025],[91.38298499900009,24.394953112000053],[91.37476189700004,24.403129164000063],[91.37334229200007,24.40304948800008],[91.37109642800004,24.398536697000054],[91.36877234400004,24.39944550100006],[91.36682610300005,24.397442012000056],[91.37665475900008,24.396096097000054],[91.38120740900007,24.391923913000028],[91.38069297600003,24.390575773000023],[91.37611420200005,24.389716683000074],[91.35625560100004,24.392245907000074],[91.34974797600006,24.38778609900004],[91.33560419100007,24.386568210000064],[91.33004491100007,24.384073965000027],[91.32825564700005,24.38044198600005],[91.33464262500007,24.369407287000058],[91.33374192600007,24.366362972000047],[91.31925707200008,24.372177711000063],[91.31664439600007,24.370618428000057],[91.31404555000006,24.365739762000032],[91.31139072500008,24.36604946500006],[91.30821041000007,24.364750612000023],[91.31317724700006,24.362500873000045],[91.31540452400009,24.35594528100006],[91.31851360400003,24.35627102600006],[91.32313381700004,24.351722946000052],[91.32744236400004,24.352527937000048],[91.33655201400006,24.348404035000044],[91.34408454300006,24.353839175000076],[91.34642168600004,24.34944834600003],[91.34366069600009,24.345027667000068],[91.34484273900006,24.34011656100006],[91.34110012100007,24.337390931000073],[91.34506141600008,24.330141208000043],[91.34364251500006,24.32660373400006],[91.34588660100007,24.320615936000024],[91.34450198400003,24.31623213000006],[91.33967990900004,24.312281088000077],[91.34131725600008,24.30968000200005],[91.33849313800005,24.308586288000072],[91.33768352500005,24.30256057500003],[91.33900652300008,24.300643510000043],[91.33594737000004,24.295489837000048],[91.34067032300004,24.287910127000032],[91.33944267900006,24.284287920000054],[91.34120316300005,24.279078795000032],[91.33903353900007,24.277155263000054],[91.33819130800003,24.269049434000067],[91.33878672400004,24.266646621000064],[91.34608355000006,24.26501994000006],[91.34676785000005,24.258506357000044],[91.34880322300006,24.259863195000037],[91.34956160700006,24.25880781400008],[91.35678677700008,24.259476681000024],[91.35823806400003,24.262225887000056],[91.35903218900006,24.25961692000004],[91.36174992600007,24.25982852800007],[91.36150602600009,24.261146885000073],[91.36398846600008,24.259727757000064],[91.36865310300004,24.26019832000003],[91.36971864500003,24.26179838400003],[91.37364498100004,24.261328949000074],[91.37349185000005,24.267301064000037],[91.37509111400004,24.267625810000027],[91.37777960400007,24.262195139000028],[91.37646949100008,24.256472753000025],[91.38181851700006,24.25591177900003],[91.38599713500008,24.26947619500004],[91.38724684900006,24.268391888000053],[91.39243515900006,24.26959627800005],[91.39425585300006,24.264196991000063],[91.39642839600003,24.26408223800007],[91.39679072700005,24.262085479000064],[91.40115233900008,24.259496],[91.40397253400005,24.25933623000003],[91.40604509100007,24.252937778000046],[91.40986717800007,24.252098146000037],[91.41291925900003,24.248539570000048],[91.42303318000006,24.25255686500003],[91.42692418000007,24.251396155000066],[91.43775666400006,24.25170559000003],[91.44059407300006,24.24916158700006],[91.44472275700008,24.249722374000044],[91.44812302600008,24.25227266400003],[91.44421960600005,24.260872044000052],[91.44688994100005,24.259606147000056],[91.45094245800004,24.260204159000068],[91.45155719500008,24.262241921000054],[91.45576195900009,24.263928735000036],[91.46708560100006,24.26660454900008],[91.46869967800006,24.26766636700006],[91.47080206800007,24.274724479000042],[91.48056125700003,24.270759803000033],[91.48398811300007,24.27654962200006],[91.48674666800008,24.276471870000023],[91.49118200900006,24.28522589000005],[91.48960564600009,24.287431124000022],[91.48771753600005,24.286085528000058],[91.48872606200007,24.291943450000076],[91.48699618200004,24.29260998700005],[91.48739089700007,24.29446065600007],[91.49220439000004,24.29404660700004],[91.49352989500005,24.295184902000074],[91.48925343100007,24.298035776000063],[91.49162309600007,24.301314106000063],[91.49178388500007,24.304479223000044],[91.48864399900003,24.304279205000057],[91.48485762800004,24.310224137000034],[91.47912038900006,24.310748001000036],[91.47816672700009,24.31236575500003],[91.48024642800004,24.313371525000036],[91.48078578600007,24.315958436000074],[91.47676126800008,24.31879129200007],[91.47649645000007,24.322673374000033],[91.47043559400004,24.328510847000075],[91.47134338200004,24.33874148800004],[91.47370466000007,24.34115666100007],[91.47693246100005,24.340839131000052],[91.47960672000005,24.343299694000052],[91.48065624700007,24.34636020100004],[91.47975465700006,24.350568489000068],[91.48517178400004,24.350491830000067],[91.48806566500008,24.354686078000043],[91.48396496400005,24.357464591000053],[91.48776097600006,24.363717287000043],[91.48626162700003,24.364844368000036],[91.48664848500005,24.370742747000065],[91.48244578600008,24.37226989900006],[91.48115523100006,24.374672059000034],[91.48183061400005,24.378326521000076],[91.47827169800007,24.378863008000053],[91.47660772200004,24.377616174000025],[91.47733186100004,24.390668063000078],[91.48272364800005,24.391758224000057],[91.48268597000003,24.39396809300007],[91.48499063400004,24.394171260000064],[91.48506063600007,24.39641619200006],[91.47819821500008,24.39897614800003],[91.47600811600006,24.397979390000046],[91.47669907400007,24.400269070000036],[91.47411338000006,24.40081743500008],[91.47614817200008,24.40181065200005],[91.47307026900006,24.408381664000046],[91.47464607700005,24.40964518000004],[91.47508427600008,24.413621963000026],[91.47817095200008,24.415424350000023],[91.47645202800004,24.41770875700007],[91.47957949700003,24.421835904000034],[91.47826889500004,24.426369290000025],[91.48094141100006,24.43020511000003],[91.48337814300004,24.43047019100004],[91.48363793400006,24.435077379000063],[91.49211932100008,24.43657417000003],[91.49158043400007,24.434259385000075],[91.49518163200008,24.434360972000036],[91.49817515400008,24.432595374000073],[91.50278153600004,24.43351530500007],[91.49891649400007,24.438363713000058],[91.50026090900008,24.441117449000046],[91.49931562100005,24.444693027000028],[91.49328519800008,24.446896147000075]]]}},{"type":"Feature","id":"habiganj-lakhai","properties":{"canonical_id":"habiganj-lakhai","name_en":"Lakhai","name_bn":"লাখাই","district_id":"habiganj","division_id":"sylhet","pcode":"BD-G-20-368","parent_pcode":"BD6036","source_name":"Lakhai","match_method":"exact_name_or_alias","boundary_reference_year":"2020","boundary_source":"geoBoundaries gbOpen BGD ADM3 / BBS, OCHA ROAP","source_dataset_updated":"2026-08-09"},"geometry":{"type":"Polygon","coordinates":[[[91.17355789400006,24.26519860600007],[91.17782908600003,24.258814122000047],[91.17744552400006,24.256873780000035],[91.18651247100007,24.248107816000072],[91.19088528800006,24.24595762900003],[91.19488236800004,24.239842943000042],[91.20299360000007,24.23959898800007],[91.20359343600006,24.23720899800003],[91.20542443300008,24.23672885900004],[91.21008109900004,24.239546182000026],[91.21480900400007,24.23655490300007],[91.22008614000003,24.23812636400004],[91.22104361300006,24.23680471800003],[91.21892488100008,24.235116024000035],[91.22046309600006,24.234344553000028],[91.22523102500008,24.237444416000073],[91.22716259400005,24.23455934800006],[91.23426887200009,24.233998990000032],[91.23533814100006,24.23611591100007],[91.23920420800005,24.234332531000064],[91.23891454300008,24.231432656000038],[91.24075316200003,24.233857655000065],[91.24219228900006,24.23265894800005],[91.24630221000007,24.233120909000036],[91.24904713900008,24.229691030000026],[91.25758606000005,24.22864936700006],[91.26022859500006,24.226237781000066],[91.26568851200005,24.225186138000026],[91.26695400900007,24.223267892000024],[91.26722972500005,24.227371144000074],[91.27025853500004,24.224026587000026],[91.27215281500008,24.227980287000037],[91.27319322000005,24.224972300000047],[91.27996268100009,24.224908765000066],[91.28188354200006,24.226937466000038],[91.28599167100003,24.22336904200006],[91.28608454300007,24.230531195000026],[91.28468269500007,24.23153583100003],[91.28173613100006,24.230532880000055],[91.28082050800003,24.231662637000056],[91.28417825200006,24.24088503400003],[91.28370854900004,24.24486752200005],[91.28753449100003,24.24819456000006],[91.28742514700008,24.250968990000047],[91.29167304400005,24.255635065000035],[91.29296236400006,24.259493125000063],[91.29685934600008,24.260045799000068],[91.30138179000005,24.26615580600003],[91.30732786600004,24.267966771000033],[91.31607577500006,24.264731769000036],[91.32098649800008,24.264404727000056],[91.32967475300006,24.264252807000048],[91.33012863700009,24.26698844200007],[91.33819130800003,24.269049434000067],[91.33903353900007,24.277155263000054],[91.34120316300005,24.279078795000032],[91.33944267900006,24.284287920000054],[91.34067032300004,24.287910127000032],[91.33594737000004,24.295489837000048],[91.33900652300008,24.300643510000043],[91.33768352500005,24.30256057500003],[91.33849313800005,24.308586288000072],[91.34131725600008,24.30968000200005],[91.33967990900004,24.312281088000077],[91.34450198400003,24.31623213000006],[91.34588660100007,24.320615936000024],[91.34364251500006,24.32660373400006],[91.34506141600008,24.330141208000043],[91.34110012100007,24.337390931000073],[91.34484273900006,24.34011656100006],[91.34366069600009,24.345027667000068],[91.34642168600004,24.34944834600003],[91.34408454300006,24.353839175000076],[91.33655201400006,24.348404035000044],[91.32744236400004,24.352527937000048],[91.32313381700004,24.351722946000052],[91.31851360400003,24.35627102600006],[91.31540452400009,24.35594528100006],[91.31317724700006,24.362500873000045],[91.30821041000007,24.364750612000023],[91.31139072500008,24.36604946500006],[91.30844857000005,24.367298505000065],[91.30370239900003,24.365675554000063],[91.29472971800004,24.367264481000063],[91.29198581000009,24.366274231000034],[91.28876596700007,24.35947464700007],[91.28400728600008,24.358819115000074],[91.27790562100006,24.36056443700005],[91.27273681400004,24.36036070700004],[91.27049179900007,24.359323537000023],[91.27159390800006,24.35622926700006],[91.26847764000007,24.352763398000036],[91.25798438000004,24.35256183000007],[91.25626314300007,24.353944785000067],[91.25834069100006,24.357194340000035],[91.25201999800004,24.362509188000047],[91.24435680500005,24.36234651600006],[91.23968052000004,24.36678833700006],[91.24549335600005,24.37220357900003],[91.24069414000007,24.376645317000055],[91.23729093100008,24.37127063400004],[91.23051752500004,24.36594413800003],[91.22417156800003,24.367202791000068],[91.21931495000007,24.366490139000064],[91.21372467200007,24.36346629800005],[91.21246931800005,24.360657670000023],[91.21257556000006,24.35874628600004],[91.22160823100006,24.35063374500004],[91.23456958100007,24.33255627500006],[91.23735859800007,24.321119477000025],[91.23496387800003,24.31603613200008],[91.22830032400003,24.315074245000062],[91.19776997800005,24.32171696900008],[91.18699819100004,24.322161116000075],[91.17656410500007,24.321032235000075],[91.16991607600005,24.31477282800006],[91.15961686500003,24.292899729000055],[91.15857079100005,24.28267413100008],[91.18509479300008,24.29278384400004],[91.19593065100008,24.293197318000068],[91.19645660100008,24.290312382000025],[91.19306787700003,24.279831787000035],[91.17355789400006,24.26519860600007]]]}},{"type":"Feature","id":"habiganj-madhabpur","properties":{"canonical_id":"habiganj-madhabpur","name_en":"Madhabpur","name_bn":"মাধবপুর","district_id":"habiganj","division_id":"sylhet","pcode":"BD-G-20-371","parent_pcode":"BD6036","source_name":"Madhabpur","match_method":"exact_name_or_alias","boundary_reference_year":"2020","boundary_source":"geoBoundaries gbOpen BGD ADM3 / BBS, OCHA ROAP","source_dataset_updated":"2026-08-09"},"geometry":{"type":"Polygon","coordinates":[[[91.30314268900008,23.997076917000072],[91.30394804000008,23.99814043500004],[91.30513910300004,23.995396111000048],[91.31488150800004,23.990572517000032],[91.32346181600008,23.99463531400005],[91.32682407000004,23.991704222000067],[91.32998836200005,23.992617100000075],[91.33371835000008,23.99079352900003],[91.33735016600008,23.984568764000073],[91.34116401400007,23.982126040000026],[91.34746470700009,23.98434332000005],[91.35273158600006,23.981841091000035],[91.36158089700007,23.986398733000044],[91.36270120600005,23.98329947600007],[91.37356452800003,23.975365561000046],[91.37946250900006,23.975454907000028],[91.37959500800008,23.979156904000035],[91.37768213800007,23.980264317000035],[91.38008455500005,23.98260425600006],[91.37732440800005,23.982718397000042],[91.37794535500007,23.985550586000045],[91.37613839700003,23.98680915400007],[91.37651206100008,23.988443456000027],[91.37845606700006,23.988701983000055],[91.37671261900005,23.990721809000036],[91.37895390600005,23.991244891000065],[91.37822132200006,23.99312534200004],[91.37657612100008,23.992793559000063],[91.37417878400004,23.995103106000045],[91.37616474200007,23.995291003000034],[91.37648974700005,23.996770726000022],[91.37495110900005,23.996061586000053],[91.37537731700007,23.99787045900007],[91.37369339500003,23.997767331000034],[91.37516822100008,23.99941157300003],[91.37391139000005,24.000928437000027],[91.37490112100005,24.00231824800005],[91.37324987500006,24.00280370100006],[91.39080838200005,24.02591135700004],[91.39638258300005,24.042470039000023],[91.39653445100004,24.049753640000063],[91.37707510800004,24.079991738000047],[91.37453406600008,24.107898085000045],[91.38714692900004,24.107360738000068],[91.38892537200007,24.10869731300005],[91.39412280400006,24.108418335000067],[91.40146684800004,24.111602008000034],[91.40131512600004,24.109761606000063],[91.40373768300003,24.109208057000046],[91.41249944800006,24.110084708000045],[91.42557672400005,24.107030535000035],[91.42805109300008,24.10858722000006],[91.42817486400008,24.107504318000053],[91.44107533100004,24.124356990000024],[91.41831373100007,24.13710082500006],[91.41417198000005,24.140994084000056],[91.41279755500005,24.145542870000043],[91.41440156100003,24.162575032000063],[91.38650802800004,24.163555255000063],[91.38441450500005,24.169586824000078],[91.38726151700007,24.169867986000042],[91.38210307800006,24.176252470000065],[91.38185983500006,24.182800018000023],[91.37785476800008,24.183560396000075],[91.37693421300008,24.18939275500003],[91.37003677900003,24.193579553000063],[91.36994989000004,24.196676634000028],[91.36382444200007,24.198063569000055],[91.36158889500007,24.200256507000063],[91.36636096600006,24.206507414000043],[91.36493351400009,24.210626223000077],[91.36686788300005,24.215896170000065],[91.38105117900005,24.24556662200007],[91.38181851700006,24.25591177900003],[91.37646949100008,24.256472753000025],[91.37777960400007,24.262195139000028],[91.37509111400004,24.267625810000027],[91.37349185000005,24.267301064000037],[91.37364498100004,24.261328949000074],[91.36971864500003,24.26179838400003],[91.36865310300004,24.26019832000003],[91.36398846600008,24.259727757000064],[91.36150602600009,24.261146885000073],[91.36174992600007,24.25982852800007],[91.35903218900006,24.25961692000004],[91.35823806400003,24.262225887000056],[91.35678677700008,24.259476681000024],[91.34956160700006,24.25880781400008],[91.34880322300006,24.259863195000037],[91.34676785000005,24.258506357000044],[91.34608355000006,24.26501994000006],[91.33878672400004,24.266646621000064],[91.33819130800003,24.269049434000067],[91.33012863700009,24.26698844200007],[91.32967475300006,24.264252807000048],[91.32098649800008,24.264404727000056],[91.32063971100007,24.26152759000007],[91.32516396200003,24.260396678000063],[91.32416971200007,24.255581386000074],[91.32603486200009,24.254797549000045],[91.32570867600003,24.249817842000027],[91.32885974700008,24.249516050000068],[91.32836204000006,24.24231296800008],[91.32495919200005,24.240396571000076],[91.32336041800005,24.234064318000037],[91.32401530800007,24.22954225500007],[91.32179215000008,24.229358390000073],[91.32083817900008,24.231507460000046],[91.32070387000005,24.229645523000045],[91.31988575300005,24.23112346000005],[91.31446020600004,24.230760650000036],[91.31464778900005,24.22727099900004],[91.30869560800005,24.227874838000048],[91.30613866500005,24.220367031000023],[91.30296892200005,24.22016165100007],[91.29853479400003,24.223023270000056],[91.29813495800005,24.21369303700004],[91.29209448200004,24.213849950000053],[91.28971437000007,24.21870656300007],[91.28380205900004,24.217554326000027],[91.28473249300004,24.210242987000072],[91.28107617900008,24.20898466600005],[91.28153319500007,24.20687104600006],[91.27937029200007,24.206515584000044],[91.27941894200006,24.204731630000026],[91.27725082200004,24.20323098600005],[91.27807110000003,24.199590409000052],[91.28536076500006,24.19538968300003],[91.29114662900008,24.196246651000024],[91.29388727600008,24.199782584000047],[91.29691083900008,24.198240869000074],[91.29746792600008,24.203368316000024],[91.30521751500004,24.198393447000058],[91.30473575900004,24.20275086600003],[91.31266229200008,24.203490445000057],[91.31476704100004,24.192714102000025],[91.31274147800008,24.18273643300006],[91.30920677100005,24.190445633000024],[91.30524816800005,24.19070591600007],[91.30130866300004,24.189515397000037],[91.29799041900009,24.185868807000077],[91.28429480700004,24.185905797000032],[91.28406149300008,24.18066830600003],[91.27721483900007,24.18151825800004],[91.27538159200003,24.168724746000066],[91.27718966200007,24.165078161000054],[91.27527616100008,24.15656074800006],[91.27146300900006,24.15600896500007],[91.26697999800007,24.158137431000057],[91.26833596800003,24.148500004000027],[91.26176140000007,24.14645486200004],[91.26201707700005,24.142676211000037],[91.26362892900005,24.140085734000024],[91.27171388100004,24.14102043500003],[91.27160070000008,24.123667167000065],[91.28616508800008,24.121441055000048],[91.29246959100004,24.117143981000027],[91.28998577200008,24.11499083700005],[91.28349231800007,24.11705091300007],[91.28417297800007,24.11143430100003],[91.27080235600005,24.11251069700006],[91.26764638500003,24.093692549000025],[91.26911992000004,24.094980188000022],[91.27503445600007,24.09396242100007],[91.27940698600008,24.08886754100007],[91.28202372600003,24.093635864000078],[91.29313705700008,24.09353717700003],[91.29236999400007,24.086144689000037],[91.28914892600005,24.08625259200005],[91.28830114200008,24.077581768000073],[91.28342987800005,24.071844172000056],[91.28415606100003,24.06840582600006],[91.28703552400003,24.066388090000032],[91.28409763500008,24.06377184300004],[91.28406735600004,24.06079138000007],[91.28537925500007,24.05932867000007],[91.28587824400006,24.060734971000045],[91.29459026600006,24.060636115000023],[91.29597888000006,24.05825604900008],[91.30078593100006,24.05853924200005],[91.30160840300005,24.05647268100006],[91.30406762400008,24.05628975600007],[91.30358120600005,24.043729331000065],[91.30621912100008,24.044102507000048],[91.30760251100008,24.041244325000036],[91.31164606900006,24.039634443000068],[91.31244786500008,24.028664270000036],[91.31038773900008,24.026578309000058],[91.30607408100008,24.027509758000065],[91.30403193300003,24.026036517000023],[91.30460173100005,24.023737854000046],[91.30685886600008,24.02435471900003],[91.30840000400008,24.022591857000066],[91.30752286600006,24.016247902000032],[91.30408942900004,24.011024638000038],[91.30120265000005,24.012963136000053],[91.30174594600004,24.009557305000044],[91.29726095100006,24.008243535000076],[91.29804824100006,24.006917809000072],[91.29525128000006,24.00537067600004],[91.29560465600008,24.00139187800005],[91.29428647400005,24.00129915900004],[91.29651757600004,23.998196851000046],[91.29987410000007,23.998949596000045],[91.30314268900008,23.997076917000072]]]}},{"type":"Feature","id":"habiganj-nabiganj","properties":{"canonical_id":"habiganj-nabiganj","name_en":"Nabiganj","name_bn":"নবীগঞ্জ","district_id":"habiganj","division_id":"sylhet","pcode":"BD-G-20-364","parent_pcode":"BD6036","source_name":"Nabiganj","match_method":"exact_name_or_alias","boundary_reference_year":"2020","boundary_source":"geoBoundaries gbOpen BGD ADM3 / BBS, OCHA ROAP","source_dataset_updated":"2026-08-09"},"geometry":{"type":"Polygon","coordinates":[[[91.61038259000009,24.437843799000063],[91.60737780700003,24.442390507000027],[91.61100198000008,24.451896086000033],[91.61096659800006,24.458808515000044],[91.61389233700004,24.463329271000077],[91.61184824100008,24.471738310000035],[91.60964886800008,24.479932836000046],[91.61240119600006,24.49195042100007],[91.61016147200007,24.49225028400008],[91.61287157400005,24.492711205000035],[91.61251945600009,24.494066556000064],[91.61501533800003,24.495858175000023],[91.61581192300008,24.498977773000036],[91.61344131800007,24.501836668000067],[91.62290449500006,24.513638182000022],[91.61996357600003,24.515753311000026],[91.62052567400008,24.517353938000042],[91.62854267900008,24.516844365000054],[91.63098169600005,24.519290364000028],[91.63543473000004,24.51977940200004],[91.63198762500008,24.526248993000024],[91.63347000900006,24.528494790000025],[91.63491335900005,24.527246650000052],[91.63822481700004,24.52825473300004],[91.63997778900006,24.53564759900007],[91.63533282900005,24.538196339000024],[91.63519233100004,24.543920177000075],[91.63798910100007,24.545262265000076],[91.64553786500005,24.54141203100005],[91.64823753400003,24.542260071000044],[91.64769031700007,24.544291428000065],[91.65193083400004,24.54426364400007],[91.65446264800005,24.546276485000078],[91.65213828000003,24.548231412000064],[91.65264805000004,24.550550286000032],[91.64930465300006,24.54965351100003],[91.64720091900006,24.551553472000023],[91.64584892800008,24.556265706000033],[91.64117346500007,24.556470757000056],[91.64389010500008,24.566213049000055],[91.63482002100005,24.56478636500003],[91.63111718100004,24.573847872000044],[91.63152491100004,24.577503129000036],[91.62932348600003,24.576486903000045],[91.62419762400003,24.578100950000078],[91.62692076700006,24.582671971000025],[91.62982130200004,24.583767570000077],[91.62972290600004,24.587417585000026],[91.62583763300006,24.589883386000054],[91.62243667000007,24.590144679000048],[91.60983157300006,24.583011397000064],[91.60831341100004,24.585910795000075],[91.61184448600005,24.59393620700007],[91.61814458900005,24.597470170000065],[91.62120601000004,24.601880755000025],[91.62774492800008,24.597535950000065],[91.62802792700006,24.59579532300006],[91.62967029500004,24.595842447000052],[91.62947177500007,24.589853124000058],[91.63158091000008,24.58849225800003],[91.63559866100007,24.589680025000064],[91.63120487800006,24.594002481000075],[91.63307278700006,24.595260994000057],[91.63799486500005,24.59274196900003],[91.64412463200006,24.596276670000066],[91.65414379500004,24.59656982200005],[91.66139477200005,24.59241781000003],[91.66448906100004,24.60042464600008],[91.66376387400004,24.60299468200003],[91.66760173700004,24.607132687000046],[91.66392933000003,24.613541137000027],[91.66413633600007,24.61602919300003],[91.66246335300008,24.616627248000043],[91.66092173000004,24.62590590700006],[91.65423745400005,24.628791033000027],[91.65089563800007,24.62624993600008],[91.64277959500004,24.626409357000057],[91.63611488900005,24.628226906000066],[91.63470791100008,24.630645668000057],[91.63157470800007,24.63054764700007],[91.63283078100005,24.633613534000062],[91.63515646200005,24.633802137000032],[91.63841020000007,24.637691585000027],[91.64146083900005,24.63802511800003],[91.64559169900008,24.642249615000026],[91.64630929900005,24.645416066000053],[91.63966233700006,24.648238109000033],[91.64174100400004,24.652321423000046],[91.64030529400009,24.657086999000057],[91.64811948000005,24.662894679000033],[91.65738800700007,24.679346399000053],[91.65234344500004,24.678648071000055],[91.64913400700004,24.675005690000035],[91.63692386500009,24.67483229900006],[91.63193537200004,24.67211069500007],[91.63051537100006,24.669626170000072],[91.63199088400006,24.657771213000046],[91.62713690500004,24.656218358000046],[91.61406378200007,24.675269369000034],[91.61261364000006,24.674931119000064],[91.61208312700006,24.669791290000035],[91.60024913600006,24.670412199000054],[91.59239280000008,24.666995168000028],[91.58986764500008,24.663637063000067],[91.59230910600007,24.660401857000068],[91.59097091100006,24.65889121300006],[91.58378544800007,24.661092972000063],[91.58405621300005,24.671873362000042],[91.58289184500006,24.67430210400005],[91.57987566300005,24.67495237600008],[91.56836295100004,24.66443479800006],[91.56978277900004,24.661331930000074],[91.57469739400005,24.660566049000067],[91.57685949400008,24.658069897000075],[91.57866715500006,24.649788510000064],[91.57641289300005,24.645325720000073],[91.57318179600009,24.653360709000026],[91.56535937500007,24.658560925000074],[91.56137481600007,24.663945519000038],[91.55892153800005,24.66441287500004],[91.55938884300008,24.659132045000035],[91.55706838600008,24.658452384000043],[91.55131262500004,24.66695723600003],[91.54802340200007,24.664600637000035],[91.54436988200007,24.65416072800008],[91.53707978900007,24.648225812000078],[91.53569918100004,24.649897397000075],[91.53538309600003,24.658281652000028],[91.52884611400003,24.66179249100003],[91.52664111600006,24.65658628700004],[91.52254802600004,24.66420637500005],[91.51873122000006,24.66255029100006],[91.51330774600007,24.663051419000055],[91.49583405700008,24.669013807000056],[91.49432268100009,24.66858753100007],[91.49364137600008,24.664533266000035],[91.48288564400008,24.670890556000074],[91.48261324500004,24.664043178000043],[91.47608933200007,24.668613761000074],[91.46450642000008,24.657451389000073],[91.46322134100006,24.65851191200005],[91.46415136900004,24.66168805700005],[91.46270289000006,24.66468081900007],[91.45455668500006,24.66688189100006],[91.44672165300005,24.664335564000055],[91.44727208700004,24.65701621900007],[91.44457177500004,24.65209618700004],[91.44180216200004,24.651176924000026],[91.44241466900007,24.657726611000044],[91.43804798500008,24.66176411400005],[91.43820354100006,24.66919124800006],[91.43542450600006,24.669205417000057],[91.43069160300007,24.673353451000025],[91.42848669700004,24.66944989700005],[91.42545293700005,24.669876028000033],[91.42879665900006,24.68223415400007],[91.41599764000006,24.679796606000025],[91.41443765900004,24.677461882000046],[91.41543305600004,24.672570794000023],[91.41378724000003,24.671213773000034],[91.41129219800007,24.673529106000046],[91.40726204200007,24.67313067400005],[91.40923095300008,24.668012648000058],[91.40152585200008,24.66249078100003],[91.40100245600007,24.660527168000044],[91.39777220500008,24.65927220100008],[91.39708979700004,24.651782671000035],[91.40352182900006,24.65155681300007],[91.40989115800005,24.648445121000066],[91.40817906500007,24.645879215000036],[91.41454671900004,24.64555981600006],[91.41633199700004,24.637468117000026],[91.41367121900004,24.635475566000025],[91.42179785100006,24.633996498000045],[91.42111610600006,24.63857144700006],[91.42283977100004,24.638712036000072],[91.42377267800003,24.641484372000036],[91.42660279000006,24.63917075300003],[91.42892729800008,24.64029263300006],[91.42834735700006,24.641690984000036],[91.43291728900005,24.639478661000055],[91.43297587800004,24.63378992500003],[91.43044236500003,24.63241556500003],[91.43387473900003,24.62842445600006],[91.43134429300005,24.62465436900004],[91.43659388800006,24.61941559400003],[91.43103647000004,24.61323350500004],[91.43701470000008,24.611942268000064],[91.44001922700005,24.612808616000052],[91.43830438900005,24.59764597700007],[91.44191284700008,24.594524402000047],[91.44538341800006,24.595535183000038],[91.45026045500003,24.59336176900007],[91.45278674000008,24.590473287000066],[91.44887232600007,24.587035117000028],[91.45382855900004,24.58197244300004],[91.45240368600008,24.58091673100006],[91.45192086900005,24.576403119000076],[91.44915665600007,24.574629428000037],[91.45427978300006,24.55610175000004],[91.45821557900007,24.554208103000065],[91.45521003100004,24.551856675000067],[91.45794674500007,24.54974209100004],[91.46401623500003,24.54857091100007],[91.46914162900003,24.55322836600004],[91.47998799600003,24.551101851000055],[91.48713210400007,24.553486485000064],[91.49426805200005,24.551516286000037],[91.49632253200008,24.54848620100006],[91.49260376800004,24.542323057000033],[91.48808825500004,24.54337450500003],[91.48643406100007,24.54226718900003],[91.49750962500008,24.53330849300005],[91.49267614100006,24.531177994000075],[91.49083876500003,24.528130581000028],[91.48409736900004,24.526404095000032],[91.48398729000007,24.520817462000025],[91.47588582200007,24.513937804000022],[91.47748231800006,24.51057439300007],[91.48252398900007,24.50782730900005],[91.48114730700007,24.504723863000038],[91.47666222800007,24.50331401300008],[91.46829990600008,24.510424157000045],[91.46523720900007,24.507533911000053],[91.46557620000004,24.50075769600005],[91.46792634900004,24.500302560000023],[91.47345172800004,24.503088037000055],[91.47597239900006,24.49959371500006],[91.47377143300008,24.496652880000056],[91.46688041900006,24.49361429700008],[91.47349823800005,24.486916904000054],[91.46980093300004,24.484459009000034],[91.46547690200003,24.483836204000056],[91.46483037300004,24.482430435000026],[91.47044795700003,24.481179965000024],[91.47607246800004,24.484761295000055],[91.47747533000006,24.48153184000006],[91.47649511400004,24.479496174000076],[91.47063217200008,24.47814132700006],[91.47031127500009,24.471115292000036],[91.46631190700003,24.465423590000057],[91.46070024700003,24.460825293000028],[91.45920387200005,24.455264362000037],[91.46213159300004,24.454066703000024],[91.46870367900004,24.455429149000054],[91.47708525900003,24.454711444000054],[91.47855731100003,24.453897914000038],[91.473305,24.450608713000065],[91.49328519800008,24.446896147000075],[91.49605302200007,24.45110319500003],[91.49526597500005,24.455146168000056],[91.50536759300007,24.469843413000035],[91.50979719600008,24.469678444000067],[91.50907071100005,24.474632865000046],[91.51167497000006,24.475528989000054],[91.51124441200005,24.473141550000037],[91.52291393700006,24.470675524000058],[91.52550935600004,24.46290694700008],[91.52841204600008,24.46110836500003],[91.53621849600006,24.45985084700004],[91.54030676000008,24.465062240000066],[91.54395100300007,24.465032953000048],[91.54561254200007,24.46148594300007],[91.54977010100004,24.466630888000054],[91.55557885600007,24.460350368000036],[91.55717222800007,24.462773081000023],[91.55822031800005,24.462266216000046],[91.55945840000004,24.460065461000056],[91.55743372400008,24.457515155000067],[91.56210185800006,24.455391305000035],[91.55871078600006,24.453023305000045],[91.55708322900006,24.449365587000045],[91.55150388400006,24.448810622000053],[91.55061791800006,24.44674063700006],[91.54776743700006,24.446653022000078],[91.54801964400008,24.444740668000065],[91.55515114300005,24.443541046000064],[91.55507375000008,24.445272145000047],[91.55636045700004,24.445030345000077],[91.56028600200005,24.438805729000023],[91.55758080200007,24.438285626000038],[91.55713350200006,24.436699325000063],[91.56288315300009,24.436410330000058],[91.56304665300007,24.433422095000026],[91.56533533900006,24.43366480000003],[91.56588894300006,24.431922564000047],[91.56907087600007,24.435260457000027],[91.58344646100005,24.43396727700008],[91.59167219300008,24.43128551500007],[91.59480625600008,24.43164924100006],[91.59696566400004,24.42852763800005],[91.60382828100006,24.424412076000067],[91.61038259000009,24.437843799000063]]]}},{"type":"Feature","id":"moulvibazar-barlekha","properties":{"canonical_id":"moulvibazar-barlekha","name_en":"Barlekha","name_bn":"বড়লেখা","district_id":"moulvibazar","division_id":"sylhet","pcode":"BD-G-38-357","parent_pcode":"BD6058","source_name":"Barlekha","match_method":"exact_name_or_alias","boundary_reference_year":"2020","boundary_source":"geoBoundaries gbOpen BGD ADM3 / BBS, OCHA ROAP","source_dataset_updated":"2026-08-09"},"geometry":{"type":"Polygon","coordinates":[[[92.25077784900003,24.83622626300007],[92.24857437900005,24.83598525900004],[92.24481062700005,24.831467498000052],[92.23734479800004,24.831284965000066],[92.24396769600008,24.82407869900004],[92.24354921600008,24.81951795200007],[92.22902122900007,24.819107922000057],[92.21314268600008,24.813209441000026],[92.21138448000005,24.805257840000024],[92.20335407300007,24.80249335800005],[92.20087123100006,24.806973482000046],[92.19580318300007,24.802755613000045],[92.19343389800008,24.798428039000044],[92.19433954700008,24.793171710000024],[92.19319623500007,24.789170289000026],[92.19683683600005,24.784494444000075],[92.19827542100006,24.778105836000066],[92.19408133200005,24.768444613000042],[92.18030026200006,24.769355141000062],[92.17735064300007,24.773166355000058],[92.17446042500006,24.773481438000033],[92.16316054300006,24.768989361000024],[92.16162113100006,24.77094342500004],[92.15684275100006,24.770166604000053],[92.15083757600007,24.765251884000065],[92.14250096100005,24.76678305300004],[92.13789181300007,24.763173117000065],[92.13357644700005,24.76310772100004],[92.12710475500006,24.760296925000034],[92.12006302400005,24.765527735000035],[92.11652448400008,24.76547398200006],[92.10675390900008,24.757606672000065],[92.09936346400008,24.75662320200007],[92.09472928900004,24.759053297000037],[92.09292599100007,24.76486176000003],[92.08014610400005,24.76624389600005],[92.07737058100008,24.765219999000067],[92.07890967900005,24.754631868000047],[92.07725632300009,24.749213431000044],[92.08401544800006,24.748237674000052],[92.08425537000005,24.746360553000045],[92.08282969900006,24.745118777000073],[92.08369755100006,24.73769563700006],[92.08260895800004,24.732020009000053],[92.08176944100006,24.73061208400003],[92.08037586800003,24.731991777000076],[92.07975234000008,24.729342932000066],[92.07776577000004,24.728310303000058],[92.08047012700007,24.723547410000037],[92.07739315200007,24.721720797000046],[92.07568096200004,24.717931469000064],[92.06330428000007,24.718357884000056],[92.06206852200006,24.720248126000058],[92.06287214300005,24.726576187000035],[92.05769518400007,24.728627221000067],[92.05965299700006,24.71021376400006],[92.05226621500003,24.701129313000024],[92.04910870500004,24.69968233000003],[92.04880442300004,24.697278899000025],[92.04677909600008,24.69719143900005],[92.04288032700003,24.70087486400007],[92.03926657300008,24.70011491400004],[92.04137754100003,24.70295195800003],[92.03991749000005,24.706782668000073],[92.03107615500005,24.69953708500003],[92.02571865700008,24.69707890600006],[92.03173238200009,24.695635522000032],[92.03146343300006,24.691885849000073],[92.03510308400007,24.687376233000066],[92.03306937700006,24.68105329100007],[92.03185972600005,24.681135122000057],[92.03315097600006,24.66704720100006],[92.03123622600003,24.656104275000075],[92.02962794200005,24.650382599000068],[92.02484440600006,24.644867342000055],[92.02523023600008,24.633230828000023],[92.02837306000004,24.629418746000056],[92.03270759000009,24.62945781800005],[92.03840892100004,24.62349559100005],[92.04116514700007,24.628448912000067],[92.04489373700005,24.634685],[92.04849956100009,24.63462067000006],[92.05532072400007,24.637791105000076],[92.05427790100003,24.63951556300003],[92.05714565900007,24.642021043000057],[92.05575080100004,24.642831753000053],[92.05777627200007,24.64452607900006],[92.05672105300005,24.645570256000042],[92.06224808600007,24.647669067000038],[92.06124427700007,24.65608936500007],[92.06647764100006,24.65816832200005],[92.06536041300006,24.660435539000048],[92.06869379300008,24.660768269000073],[92.06743095500008,24.663527259000034],[92.07033429700004,24.664098328000023],[92.07178179300007,24.666503995000028],[92.07686095600008,24.66505204200007],[92.08091358000007,24.667716089000066],[92.08335047100007,24.667258565000054],[92.08064128700005,24.663771389000033],[92.08096111900005,24.66045944700005],[92.07522651900007,24.654970959000025],[92.07276154400006,24.649530251000044],[92.07643827200008,24.64555695000007],[92.08085825200004,24.64640140000006],[92.08684303400008,24.643667092000044],[92.08952222200008,24.637581900000043],[92.09390100100006,24.63404362700004],[92.09689550900003,24.63571149300003],[92.09972657200007,24.645355782000024],[92.10382718000005,24.64577632700008],[92.10281409900006,24.65049106300006],[92.10965059200004,24.650187591000076],[92.10920267500006,24.655934285000058],[92.11588564200008,24.65551756700006],[92.11605038700009,24.64903178000003],[92.11819798100004,24.648143902000072],[92.11799280200006,24.646704081000053],[92.12479121800004,24.64555413900007],[92.12501819100004,24.643281073000026],[92.12952376400006,24.644322034000027],[92.13135941400003,24.642669933000036],[92.13595177300004,24.64206195400004],[92.13523021200007,24.635822934000032],[92.13947516400003,24.634296173000052],[92.13823716600007,24.630322515000046],[92.13554559000005,24.62950316100006],[92.13821641100003,24.625077842000053],[92.13728312800004,24.622535768000034],[92.13895297600004,24.61885363500005],[92.14387366400007,24.62372497700005],[92.14924618200007,24.625868467000032],[92.15024520300005,24.623255974000074],[92.15256728300005,24.624271623000027],[92.16205699600005,24.618243966000023],[92.16605955500006,24.621580100000074],[92.16840557900008,24.62115303300004],[92.17014821300006,24.618345773000044],[92.17004469600005,24.61192090700007],[92.17872834600007,24.611297746000048],[92.18061736600004,24.607948876000023],[92.18154938500004,24.611194230000024],[92.18536922400006,24.612419530000068],[92.18949025000006,24.60985001000006],[92.19495228900007,24.609623714000065],[92.19471704400007,24.607425056000068],[92.19862826500008,24.605794940000067],[92.19540743100004,24.598152989000027],[92.19799217800005,24.595669427000075],[92.19783061700008,24.593238369000062],[92.19880266100006,24.594661200000075],[92.19913556200004,24.593478278000077],[92.20270339000007,24.59488908000003],[92.20254016200005,24.596597621000058],[92.19997830700004,24.597457143000042],[92.20418833300005,24.598815070000057],[92.20404651900003,24.599842869000042],[92.20255650800004,24.600491517000023],[92.20032596400006,24.599023369000065],[92.20010971900007,24.60038400700006],[92.20221441600006,24.601430281000034],[92.20266555900008,24.604604092000045],[92.20550106100006,24.60670877700005],[92.20594770300005,24.609021664000068],[92.20839272600006,24.608878591000064],[92.20858832300007,24.60708494200003],[92.21301204100007,24.606851234000032],[92.24211847500004,24.61514244700004],[92.24363386300007,24.616149766000035],[92.24430556400006,24.620356651000066],[92.24337003500005,24.625590437000028],[92.24922831200007,24.643253564000076],[92.24981235900003,24.649174965000043],[92.24700588900004,24.654918544000054],[92.24855926700008,24.658608161000075],[92.25153131900004,24.660117858000035],[92.25701609900005,24.673585982000077],[92.25437808300006,24.675272197000027],[92.25433826300008,24.678179860000057],[92.25595354600006,24.679809799000054],[92.25830061000005,24.67964778700008],[92.25963645600007,24.68740209200007],[92.26773575100003,24.694465256000058],[92.27606202700008,24.707586072000026],[92.27490820400004,24.708156631000065],[92.27702536600003,24.71168324300004],[92.28712851700004,24.722695250000072],[92.29588223900004,24.73663313800006],[92.28117608600007,24.74241664400006],[92.28179114400007,24.743552372000067],[92.27895819500009,24.745724266000025],[92.28004564000008,24.745564239000032],[92.27972563600008,24.748305326000036],[92.28886171400006,24.761162281000054],[92.28015385100008,24.766331064000042],[92.28298273900003,24.77094587700003],[92.28172188900004,24.775457603000064],[92.28462839800005,24.774740201000043],[92.28783354100005,24.779326966000042],[92.28883247100003,24.784631638000064],[92.28734323200007,24.787545694000073],[92.28844513500007,24.78832267300004],[92.28099645600008,24.79074315200006],[92.27881311500005,24.797534144000053],[92.27304297600006,24.800323346000027],[92.27523001800006,24.803846217000057],[92.27416510900008,24.806668497000032],[92.27607866500006,24.81004107600006],[92.27616958500005,24.81214215700004],[92.27377657600005,24.814247757000032],[92.27619509400006,24.81557086600003],[92.27266631600008,24.82153590000007],[92.27298796600007,24.827570132000062],[92.26922138900005,24.829952350000042],[92.25289866100007,24.832278228000064],[92.25216099400006,24.83063411300003],[92.24900527400007,24.82987483000005],[92.24829592000003,24.83241851400004],[92.25161723400004,24.834334375000026],[92.25077784900003,24.83622626300007]]]}},{"type":"Feature","id":"moulvibazar-juri","properties":{"canonical_id":"moulvibazar-juri","name_en":"Juri","name_bn":"জুড়ী","district_id":"moulvibazar","division_id":"sylhet","pcode":"BD-G-38-363","parent_pcode":"BD6058","source_name":"Juri","match_method":"exact_name_or_alias","boundary_reference_year":"2020","boundary_source":"geoBoundaries gbOpen BGD ADM3 / BBS, OCHA ROAP","source_dataset_updated":"2026-08-09"},"geometry":{"type":"Polygon","coordinates":[[[92.04116514700007,24.628448912000067],[92.05199172500005,24.627259390000063],[92.06418276100004,24.631139209000025],[92.06547085800008,24.62808875500008],[92.05920939000004,24.617620033000037],[92.06782690900008,24.616083874000026],[92.06774470600004,24.60707078100006],[92.06288167700006,24.60606549000005],[92.06090133500004,24.607126314000027],[92.05911926600004,24.600509635000037],[92.06218380100006,24.592408098000078],[92.05097475600007,24.590839759000062],[92.05015024200009,24.585909369000035],[92.05374837800008,24.58205621600007],[92.05308772600006,24.57510531300005],[92.05813410000007,24.57377817400004],[92.05905464000006,24.571550384000034],[92.06296014700007,24.571926888000064],[92.06489353700005,24.56897650600007],[92.06435688400006,24.56992445000003],[92.06580716500008,24.570211510000036],[92.07086291600007,24.56947627900007],[92.07151400200007,24.56779887600004],[92.07684519900005,24.56611625900007],[92.07991671700006,24.568228692000048],[92.08387933700004,24.567810553000072],[92.08572135600008,24.564629296000078],[92.08996737300004,24.564716581000027],[92.10096373600004,24.55750057000006],[92.10177351100003,24.56122335500004],[92.10654026600008,24.56110035200004],[92.10734114700006,24.55575774700003],[92.11207481500008,24.553931074000047],[92.11362628500007,24.547676288000048],[92.11065511800007,24.54566243900007],[92.11007204000003,24.541892521000022],[92.10574366000009,24.537821749000045],[92.10453973800008,24.53446219800003],[92.11194970100007,24.53493184100006],[92.11851871500005,24.537624711000035],[92.11868882600004,24.536074642000074],[92.11536799800007,24.533573216000036],[92.11672786900004,24.53327088700007],[92.11471922500004,24.52584898500004],[92.11662578500005,24.521483878000026],[92.11625900500007,24.516453273000025],[92.10850406300005,24.504710166000052],[92.11547989400003,24.503516234000074],[92.11226538100004,24.499902218000045],[92.11777105200008,24.49522150300004],[92.12047255400006,24.502766832000077],[92.12320694600004,24.502561375000028],[92.12503823000009,24.497971550000045],[92.12369671100004,24.48946999800006],[92.12811514200007,24.487169486000028],[92.11988380400004,24.480308560000026],[92.11733580200007,24.481160750000072],[92.11486711400005,24.479162978000033],[92.11282924600005,24.480290627000045],[92.11050143800009,24.474943771000028],[92.10727084100006,24.473158498000032],[92.10533713000007,24.466576006000025],[92.10542022700008,24.465234224000028],[92.10829977500003,24.464685128000042],[92.10648580500003,24.463403096000036],[92.10801019400003,24.460622159000025],[92.11574438400004,24.45747848700006],[92.11965182000006,24.454090807000057],[92.11640920000008,24.452186819000076],[92.11630280000008,24.45043015600004],[92.11770793900007,24.44521952100007],[92.12014530200008,24.445864133000043],[92.12053902200006,24.444457054000054],[92.11590597500003,24.44087926800006],[92.12141631100008,24.437954366000042],[92.11877198200006,24.430486555000073],[92.11493162500005,24.430209098000034],[92.11177769200003,24.428111324000042],[92.11331864200008,24.425391624000042],[92.11320123900003,24.418382620000045],[92.11163377500009,24.415063090000046],[92.11235882300008,24.41282874500007],[92.10988731800006,24.413054500000044],[92.10643188900008,24.407573093000053],[92.10642058000008,24.39835131600006],[92.10854863700007,24.38999971900006],[92.10570913400005,24.382225902000073],[92.11029371200004,24.379921514000046],[92.11517814900003,24.382667602000026],[92.11802583600007,24.380696655000065],[92.11783709700006,24.38244579800005],[92.12039225100006,24.381517529000064],[92.11993578000005,24.383201504000056],[92.12165015600004,24.38226661300007],[92.12125692300003,24.383708987000034],[92.12356591100007,24.384533490000024],[92.12169633300005,24.384932750000075],[92.12279919000008,24.385253327000044],[92.12189874000006,24.387148342000046],[92.11907639700007,24.388743388000023],[92.12067958400007,24.38966656200006],[92.11883578700008,24.390158392000046],[92.12248836700007,24.396067189000064],[92.12635839400008,24.396930333000057],[92.12689086800003,24.399897543000066],[92.12829694500005,24.399863667000034],[92.12728344500005,24.401773338000055],[92.13144552100005,24.406758853000042],[92.13489873900005,24.406971944000077],[92.13443211100008,24.410205172000076],[92.13254288000007,24.411107667000067],[92.13274869100007,24.414458351000064],[92.13324332400003,24.41706414400005],[92.13660076500008,24.420168645000047],[92.13669930100008,24.42509768000008],[92.14410880100007,24.422184912000034],[92.14535205200008,24.42351861700007],[92.14763243800007,24.42116627100006],[92.15363226900007,24.425708021000048],[92.15633827500005,24.42275395200005],[92.16032911400004,24.42264262200007],[92.15983157900007,24.421342761000062],[92.16384066300003,24.41849796400004],[92.16638591100008,24.421820619000073],[92.16745030300007,24.427235300000063],[92.16904408100004,24.427910964000034],[92.16591827400003,24.428259498000045],[92.16697791400009,24.431543803000068],[92.16590719200008,24.433435624000026],[92.16734112000006,24.434690842000066],[92.16622326400005,24.436962299000072],[92.16379679900007,24.436757901000078],[92.16434320900004,24.438954885000044],[92.16251946100004,24.44003566500004],[92.16439135600007,24.440896328000065],[92.16435868500008,24.44477027100004],[92.16090985000005,24.448860378000063],[92.16230148800008,24.451078257000063],[92.16157948600005,24.452778972000033],[92.15949302900003,24.453393237000057],[92.16110904000004,24.458843683000055],[92.15799509900006,24.459791379000023],[92.16032299200003,24.463290510000036],[92.15835146600006,24.463924617000032],[92.15790813300003,24.466425951000076],[92.15545894400003,24.465939940000055],[92.15641682700004,24.46873404200005],[92.15811005000006,24.467631680000068],[92.15809876500003,24.469718472000068],[92.15533471200007,24.469808515000068],[92.15419268300008,24.472210664000045],[92.15717554100007,24.474100041000042],[92.15257686500007,24.48163459600005],[92.15348877300005,24.487381846000062],[92.15192677400006,24.487283535000074],[92.15119510400007,24.49114544200006],[92.15356555200003,24.49177326000006],[92.15040030800009,24.495367006000038],[92.15174508300004,24.499604591000036],[92.15379580900009,24.499962117000052],[92.15221687800005,24.502415539000026],[92.15903502700007,24.507333946000074],[92.15339978700007,24.51218348200007],[92.15602987600005,24.51377174600003],[92.15697140300006,24.51268107100003],[92.15813197900007,24.51533508800003],[92.15534454800007,24.518209333000073],[92.15764407200004,24.52202814800006],[92.15485826600008,24.52311891100004],[92.15848742300005,24.523342163000052],[92.16008025900004,24.525487181000074],[92.15872702500008,24.52760080300004],[92.15968027600007,24.52943956400003],[92.16177438500006,24.527622992000033],[92.16559805200006,24.52921887900004],[92.16560903400006,24.531538098000055],[92.16939743200004,24.531877145000067],[92.17352853200003,24.527319345000024],[92.17617964200008,24.526489922000053],[92.17585997000003,24.523602605000065],[92.17969816600004,24.524208311000052],[92.18031300100006,24.522418663000053],[92.18207009300005,24.523956654000074],[92.18282247700006,24.522588178000035],[92.18529084900007,24.52314999200007],[92.18601419100008,24.52095881500003],[92.18790045800006,24.52122527000006],[92.18847050400007,24.518772746000025],[92.19254717400008,24.51830629600005],[92.19631803600004,24.511401851000073],[92.19970831900008,24.511364713000034],[92.20148085400007,24.507597459000067],[92.20753264600006,24.506252566000057],[92.20891279600005,24.50424199200006],[92.21253438000008,24.503768367000077],[92.21994700100004,24.516366017000053],[92.22359963800005,24.517430009000066],[92.23102881000005,24.531019206000053],[92.23227855700009,24.571083953000027],[92.23459027000007,24.575404603000038],[92.23310006100007,24.579307980000067],[92.23613994900006,24.59585371600008],[92.23529115400004,24.597638484000072],[92.23906820500008,24.607584950000046],[92.24221236800008,24.611479160000044],[92.24211847500004,24.61514244700004],[92.21301204100007,24.606851234000032],[92.20858832300007,24.60708494200003],[92.20839272600006,24.608878591000064],[92.20594770300005,24.609021664000068],[92.20550106100006,24.60670877700005],[92.20266555900008,24.604604092000045],[92.20221441600006,24.601430281000034],[92.20010971900007,24.60038400700006],[92.20032596400006,24.599023369000065],[92.20255650800004,24.600491517000023],[92.20404651900003,24.599842869000042],[92.20418833300005,24.598815070000057],[92.19997830700004,24.597457143000042],[92.20254016200005,24.596597621000058],[92.20270339000007,24.59488908000003],[92.19913556200004,24.593478278000077],[92.19880266100006,24.594661200000075],[92.19783061700008,24.593238369000062],[92.19799217800005,24.595669427000075],[92.19540743100004,24.598152989000027],[92.19862826500008,24.605794940000067],[92.19471704400007,24.607425056000068],[92.19495228900007,24.609623714000065],[92.18949025000006,24.60985001000006],[92.18536922400006,24.612419530000068],[92.18154938500004,24.611194230000024],[92.18061736600004,24.607948876000023],[92.17872834600007,24.611297746000048],[92.17004469600005,24.61192090700007],[92.17014821300006,24.618345773000044],[92.16840557900008,24.62115303300004],[92.16605955500006,24.621580100000074],[92.16205699600005,24.618243966000023],[92.15256728300005,24.624271623000027],[92.15024520300005,24.623255974000074],[92.14924618200007,24.625868467000032],[92.14387366400007,24.62372497700005],[92.13895297600004,24.61885363500005],[92.13728312800004,24.622535768000034],[92.13821641100003,24.625077842000053],[92.13554559000005,24.62950316100006],[92.13823716600007,24.630322515000046],[92.13947516400003,24.634296173000052],[92.13523021200007,24.635822934000032],[92.13595177300004,24.64206195400004],[92.13135941400003,24.642669933000036],[92.12952376400006,24.644322034000027],[92.12501819100004,24.643281073000026],[92.12479121800004,24.64555413900007],[92.11799280200006,24.646704081000053],[92.11819798100004,24.648143902000072],[92.11605038700009,24.64903178000003],[92.11588564200008,24.65551756700006],[92.10920267500006,24.655934285000058],[92.10965059200004,24.650187591000076],[92.10281409900006,24.65049106300006],[92.10382718000005,24.64577632700008],[92.09972657200007,24.645355782000024],[92.09689550900003,24.63571149300003],[92.09390100100006,24.63404362700004],[92.08952222200008,24.637581900000043],[92.08684303400008,24.643667092000044],[92.08085825200004,24.64640140000006],[92.07643827200008,24.64555695000007],[92.07276154400006,24.649530251000044],[92.07522651900007,24.654970959000025],[92.08096111900005,24.66045944700005],[92.08064128700005,24.663771389000033],[92.08335047100007,24.667258565000054],[92.08091358000007,24.667716089000066],[92.07686095600008,24.66505204200007],[92.07178179300007,24.666503995000028],[92.07033429700004,24.664098328000023],[92.06743095500008,24.663527259000034],[92.06869379300008,24.660768269000073],[92.06536041300006,24.660435539000048],[92.06647764100006,24.65816832200005],[92.06124427700007,24.65608936500007],[92.06224808600007,24.647669067000038],[92.05672105300005,24.645570256000042],[92.05777627200007,24.64452607900006],[92.05575080100004,24.642831753000053],[92.05714565900007,24.642021043000057],[92.05427790100003,24.63951556300003],[92.05532072400007,24.637791105000076],[92.04849956100009,24.63462067000006],[92.04489373700005,24.634685],[92.04116514700007,24.628448912000067]]]}},{"type":"Feature","id":"moulvibazar-kamolganj","properties":{"canonical_id":"moulvibazar-kamolganj","name_en":"Kamolganj","name_bn":"কমলগঞ্জ","district_id":"moulvibazar","division_id":"sylhet","pcode":"BD-G-38-358","parent_pcode":"BD6058","source_name":"Kamolganj","match_method":"exact_name_or_alias","boundary_reference_year":"2020","boundary_source":"geoBoundaries gbOpen BGD ADM3 / BBS, OCHA ROAP","source_dataset_updated":"2026-08-09"},"geometry":{"type":"Polygon","coordinates":[[[91.81038062200008,24.21724813000003],[91.81291910200008,24.213695520000044],[91.81246990700004,24.212109398000052],[91.81519866700006,24.212187199000027],[91.81619179900008,24.210114263000037],[91.81896520700008,24.21080048700003],[91.82069204000004,24.209373154000048],[91.82151949100006,24.211012367000023],[91.82378601600004,24.21023765800004],[91.82640511300008,24.213767790000077],[91.82915645500003,24.213280518000033],[91.83121725300003,24.21834283800007],[91.83576297400003,24.217812019000064],[91.83780539100007,24.218885784000065],[91.83694908800004,24.225706634000062],[91.84320657100005,24.226503266000066],[91.84572755800008,24.225054673000045],[91.84266257100006,24.222750372000064],[91.84298038100007,24.220375070000046],[91.84924734800006,24.221336741000073],[91.84965058900008,24.22030733500003],[91.84568118700008,24.21751544700004],[91.84755803800005,24.217991374000064],[91.84854843700003,24.21615070200005],[91.85093597900004,24.216830512000058],[91.85170268200005,24.214867914000024],[91.85508503000005,24.21320568400006],[91.85440739500007,24.21178110900007],[91.84976425000008,24.21288995200007],[91.85206225600007,24.208743921000064],[91.85155837900004,24.20780262200003],[91.84917330500008,24.208528588000036],[91.84910956400006,24.203800865000062],[91.84599842400007,24.20072649800005],[91.84392549700004,24.202124706000063],[91.84190256600004,24.20148148900006],[91.84413417000007,24.19987460300007],[91.84391802500005,24.196875774000034],[91.84519444000006,24.19748551600003],[91.84475503800007,24.195703339000033],[91.84711226000007,24.19324653600006],[91.84480558700005,24.18992957000006],[91.84676074600009,24.189152381000042],[91.84797547500006,24.184956267000075],[91.84925197000007,24.18541341100007],[91.85104973700004,24.181989747000046],[91.85415627900005,24.183591043000035],[91.85815879000006,24.18072697300005],[91.86113015000006,24.182894668000074],[91.86106045000008,24.181439795000074],[91.86505710900008,24.180164750000074],[91.86603285400008,24.176665711000055],[91.86927502900005,24.177335086000028],[91.87139206000006,24.174712414000055],[91.87391433800008,24.174618259000056],[91.87344067100008,24.171119780000026],[91.87541610800008,24.171413820000055],[91.87627875300007,24.169874348000064],[91.87405577800007,24.169685455000035],[91.87329525300004,24.16802114400008],[91.87475065500007,24.167639118000068],[91.87355955800007,24.16699155200007],[91.87490342100006,24.165263594000066],[91.87369186600006,24.163297417000024],[91.87511167200006,24.162824544000046],[91.87452696800005,24.161550876000035],[91.87658169900004,24.161576163000063],[91.87723667600005,24.15769355300006],[91.87511704600007,24.15525987600006],[91.87901202900008,24.151637780000044],[91.87777613800006,24.150354523000033],[91.87862510700006,24.146348550000027],[91.88118668900006,24.145950991000063],[91.88196862600006,24.143670386000053],[91.88437824500005,24.142713248000064],[91.88456388400004,24.138759407000066],[91.88901488700003,24.138967944000058],[91.89034889000004,24.13660959300006],[91.89576553900008,24.139403154000036],[91.89804544900005,24.139553626000065],[91.90208689400004,24.137048024000023],[91.90570151800006,24.138815699000077],[91.90600577700008,24.14496027200005],[91.91012756000003,24.146468429000038],[91.91121826400007,24.149175282000044],[91.90961982100004,24.15075993100004],[91.91298415800009,24.151628238000058],[91.91093505500004,24.152266376000057],[91.91132993100007,24.153719607000028],[91.91447122800008,24.15376862200003],[91.91274258400006,24.15467395400003],[91.91416142200006,24.155290467000043],[91.91299918000004,24.155752952000057],[91.91414868100009,24.15954593300006],[91.91243151600008,24.16091804200005],[91.91385576200008,24.162426340000025],[91.91133061600004,24.164199366000048],[91.91519506800006,24.166707986000063],[91.91132183500008,24.16831497800007],[91.94074254600008,24.268238576000044],[91.91989658800009,24.33760118300006],[91.92145429700008,24.335969157000022],[91.92228554400003,24.34351969100004],[91.92755962300004,24.350316707000047],[91.92657518200008,24.355512736000037],[91.92909260600004,24.358273928000074],[91.92974897900007,24.363332272000036],[91.92812744100007,24.371199266000076],[91.92518482500003,24.375769005000052],[91.92946249400006,24.384354312000028],[91.93236933100007,24.394929682000054],[91.93182224500003,24.39614873800008],[91.92647980600003,24.396370854000054],[91.92153679600005,24.398437431000048],[91.92119214700006,24.405020209000043],[91.91872874000006,24.408701234000034],[91.91621693800005,24.40967597200006],[91.91402869500007,24.41490465800007],[91.91418707500009,24.417233143000033],[91.91967277000003,24.41709085800005],[91.91964895200005,24.42191068900007],[91.91767214800007,24.42441351800005],[91.91915662300005,24.42855457400003],[91.91299997400006,24.430378450000035],[91.91524454200004,24.435715799000036],[91.90985060500003,24.43922049400004],[91.90833839000004,24.443379162000042],[91.90227675800008,24.445309218000034],[91.90033570000008,24.447076700000025],[91.89967777100009,24.440525165000054],[91.89473001500005,24.434584935000032],[91.88807362100005,24.43526406600006],[91.88496001400006,24.432503472000064],[91.88467741500006,24.43650384600005],[91.87826590000003,24.43824713600003],[91.87434725000008,24.443017171000065],[91.87589051000003,24.456906627000023],[91.85680378000006,24.455381163000027],[91.84787559400007,24.456233191000024],[91.83051102900004,24.460857867000072],[91.82376233400004,24.463947739000048],[91.82177823000006,24.46762099700004],[91.81822254500008,24.465980519000027],[91.82025411800004,24.460586182000043],[91.81594751500006,24.46064758600005],[91.81858383800005,24.45941449000003],[91.81661554200008,24.456590134000066],[91.81447685200004,24.45765752400007],[91.81419638700004,24.459940669000048],[91.81294494400004,24.456800677000047],[91.80871938100006,24.45795282100005],[91.80815932800004,24.454478902000062],[91.80273066400008,24.450147251000033],[91.80432579100005,24.45614482800005],[91.80225260300006,24.455237898000064],[91.80358886800008,24.459678263000058],[91.79900377000007,24.461704028000042],[91.79758232400008,24.46436865800007],[91.79283154500007,24.462420122000026],[91.78763462300003,24.465148600000077],[91.78796217400009,24.45861231200007],[91.78554163100006,24.453177869000058],[91.78626758300004,24.445202960000074],[91.78826466000004,24.443269737000037],[91.79501657200007,24.44232973000004],[91.79429411500007,24.426694585000064],[91.78796538600005,24.42672832100004],[91.78645094000007,24.430571662000034],[91.78249162400004,24.42764727900004],[91.78713186600004,24.423956690000068],[91.79037135500005,24.41784812000003],[91.78738336800006,24.402783069000066],[91.78715966200008,24.39980502000003],[91.79393008700004,24.39087093300003],[91.79566787200008,24.385784528000045],[91.79167638100006,24.384027693000064],[91.78865373400004,24.38512939800006],[91.78851646900006,24.38268755000007],[91.79837641800003,24.37629230500005],[91.79529538800006,24.367352347000065],[91.79612618300007,24.364978604000044],[91.78735448800006,24.360997234000024],[91.77569254500008,24.36743995300003],[91.77127779200003,24.359161174000064],[91.77274545800003,24.35666384700005],[91.78305619500009,24.35811906300006],[91.78286357400003,24.33310861500007],[91.76845172500003,24.330312355000046],[91.76761200900006,24.326874711000073],[91.76813363400004,24.325320704000035],[91.77254610100005,24.323408106000045],[91.76854748900007,24.312494530000038],[91.76845929500007,24.30711250300004],[91.78213939700004,24.306603806000055],[91.78806444800006,24.307848441000033],[91.78790571000008,24.305837392000058],[91.79220134100007,24.303260872000067],[91.79325685600008,24.29976658000004],[91.79154471100009,24.281183502000033],[91.79268346300006,24.27292651600004],[91.78779159600003,24.272550172000024],[91.78595426200008,24.26979193300008],[91.78026361700006,24.271544310000024],[91.77603717200003,24.27000970200004],[91.77680329000003,24.258700764000025],[91.76739490000006,24.256163724000032],[91.76598358900009,24.254208934000076],[91.76642477600006,24.25108083500004],[91.76895532500004,24.250698159000024],[91.77235641600004,24.254862777000028],[91.77606918800006,24.254951516000062],[91.78070232200008,24.259559197000044],[91.78644769600004,24.262024477000068],[91.78946259100007,24.25832884600004],[91.79243832200007,24.258305085000075],[91.79271551200009,24.251516441000035],[91.79065576100004,24.24903286600005],[91.79351122800006,24.243696874000022],[91.79205103300006,24.241124980000052],[91.79343378000004,24.239358165000056],[91.78912192700005,24.234420326000077],[91.78619161500006,24.226679517000036],[91.78329103200008,24.225062383000022],[91.79138274900004,24.21988086600004],[91.79369799200003,24.221039141000063],[91.79424088900004,24.219648644000074],[91.79568703600006,24.220618642000034],[91.79782343900007,24.219678870000052],[91.79871865300004,24.220902378000062],[91.80226784400008,24.219474023000032],[91.80601273900004,24.220844643000078],[91.80704877100004,24.219358469000042],[91.80584546200004,24.21883749600005],[91.81038062200008,24.21724813000003]]]}},{"type":"Feature","id":"moulvibazar-kulaura","properties":{"canonical_id":"moulvibazar-kulaura","name_en":"Kulaura","name_bn":"কুলাউড়া","district_id":"moulvibazar","division_id":"sylhet","pcode":"BD-G-38-359","parent_pcode":"BD6058","source_name":"Kulaura","match_method":"exact_name_or_alias","boundary_reference_year":"2020","boundary_source":"geoBoundaries gbOpen BGD ADM3 / BBS, OCHA ROAP","source_dataset_updated":"2026-08-09"},"geometry":{"type":"Polygon","coordinates":[[[92.03123622600003,24.656104275000075],[92.02897664400007,24.652332388000048],[92.02091818600007,24.653043610000054],[92.02181913500004,24.65182795800007],[92.02054555800004,24.651066999000022],[92.01605874800003,24.654662828000028],[92.01660755700004,24.650701801000025],[92.01045929000009,24.652221893000046],[92.01008227300008,24.653699620000054],[92.00100478700006,24.653207460000033],[91.99508198400008,24.655105930000047],[91.99286276200007,24.65384663900005],[91.99195527200004,24.65066332500004],[91.98866698600006,24.65003599000005],[91.98430224400005,24.646338598000057],[91.98382980900004,24.643907266000042],[91.97726039000008,24.64319598700007],[91.97359135200008,24.639263396000047],[91.96789939600006,24.640321525000047],[91.96685668000003,24.638940897000055],[91.96647106800003,24.62491794500005],[91.95806225400008,24.625093697000068],[91.94995640300004,24.627134445000024],[91.94853454000008,24.625923917000023],[91.94778885000005,24.612739436000027],[91.95446590200004,24.59971600800003],[91.95239296100004,24.59717495800004],[91.94659783000009,24.59616438200004],[91.94300319000007,24.59093947200006],[91.94370951600007,24.588125391000062],[91.94196016800004,24.586173039000073],[91.93652289600004,24.58640558700006],[91.93594582600008,24.572071589000075],[91.93152526300008,24.56408751200007],[91.93054486100004,24.558367099000066],[91.93248377800006,24.557672457000024],[91.93397362500008,24.55332426500007],[91.93308599400007,24.550757506000025],[91.93466075000003,24.54177556600007],[91.93019241300004,24.541349828000023],[91.92724728900004,24.543032926000024],[91.92178448200008,24.540985516000035],[91.91984983800006,24.542070437000064],[91.92631759400007,24.525089094000066],[91.92619006000007,24.522268792000034],[91.92365848800006,24.52196422800006],[91.92408274500008,24.517304121000052],[91.92663662700005,24.515802723000036],[91.93383284500004,24.51673254900004],[91.93252661400004,24.511938864000058],[91.93340048100004,24.509640108000042],[91.93749151800006,24.50926318000006],[91.93486494200005,24.501530799000022],[91.93796497600005,24.496907442000065],[91.93742588900005,24.491466874000025],[91.93575828500008,24.491812723000066],[91.93566323000005,24.494102069000064],[91.92748364500005,24.49309792500003],[91.92632150300005,24.494609214000036],[91.92197689800008,24.49324656400006],[91.92178796700006,24.488930563000054],[91.92522514300003,24.489387288000046],[91.92355822000007,24.483860570000047],[91.92461808300004,24.483370817000036],[91.92628610600008,24.485567152000044],[91.92702946700007,24.48053223000005],[91.92303171100008,24.479687115000047],[91.91793490900005,24.474750162000078],[91.91471117700007,24.475047806000077],[91.90908758100005,24.47026278800007],[91.90982814500006,24.465735235000068],[91.91144844900003,24.463457626000036],[91.91256141400004,24.463837974000057],[91.90991819800007,24.467821935000075],[91.91101814800004,24.469869342000038],[91.91738728800004,24.466033366000033],[91.91566432800005,24.46091124900005],[91.91078772200007,24.460404195000024],[91.90630188300008,24.458047414000077],[91.90331687300005,24.459641892000036],[91.89925664000003,24.459428324000044],[91.90121269200006,24.45659359900003],[91.90371446900008,24.455949297000075],[91.90227675800008,24.445309218000034],[91.90833839000004,24.443379162000042],[91.90985060500003,24.43922049400004],[91.91524454200004,24.435715799000036],[91.91299997400006,24.430378450000035],[91.91915662300005,24.42855457400003],[91.91767214800007,24.42441351800005],[91.91964895200005,24.42191068900007],[91.91967277000003,24.41709085800005],[91.91418707500009,24.417233143000033],[91.91402869500007,24.41490465800007],[91.91621693800005,24.40967597200006],[91.91872874000006,24.408701234000034],[91.92119214700006,24.405020209000043],[91.92153679600005,24.398437431000048],[91.92647980600003,24.396370854000054],[91.93182224500003,24.39614873800008],[91.93236933100007,24.394929682000054],[91.92946249400006,24.384354312000028],[91.92518482500003,24.375769005000052],[91.92812744100007,24.371199266000076],[91.92974897900007,24.363332272000036],[91.92909260600004,24.358273928000074],[91.92657518200008,24.355512736000037],[91.92755962300004,24.350316707000047],[91.92228554400003,24.34351969100004],[91.92145429700008,24.335969157000022],[91.92595301700004,24.336529065000036],[91.92712102600007,24.339177660000075],[91.93154510200009,24.339891673000068],[91.93221827100007,24.34141577300005],[91.93481591800008,24.33984044400006],[91.93833872600004,24.343378071000075],[91.94127488900006,24.342721768000047],[91.94328413900007,24.349064723000026],[91.94596860600006,24.348489966000045],[91.94618569100004,24.35081296900006],[91.95007722100007,24.350946882000073],[91.95666692700007,24.35681706200006],[91.96429562700007,24.350431461000028],[91.96891876200004,24.350276286000053],[91.96584488900004,24.346850261000043],[91.97088697800007,24.343204370000024],[91.97317072400006,24.333399086000043],[91.97704300400005,24.327567870000053],[91.98051550700006,24.328501888000062],[91.98219300300008,24.324037848000046],[91.98545564800008,24.322354568000037],[91.99029562100009,24.324060376000034],[91.99585731400003,24.322179034000044],[91.99640025800005,24.326730476000023],[91.99488577000005,24.330996708000043],[91.99629487600004,24.33811084000007],[91.99302403200005,24.339970521000055],[91.99204059200008,24.34350481200005],[91.98920778900003,24.34374982500003],[91.98581922900007,24.350164386000074],[91.97807448900005,24.357511827000053],[91.97951731000006,24.360557800000038],[91.98179752100003,24.359152350000045],[91.98425984700003,24.35962302100006],[91.98457491300007,24.361012449000043],[91.97827711100007,24.366776302000062],[91.97889721600006,24.36970410400005],[91.97745518500005,24.37288588100006],[91.97380724400006,24.37080574500004],[91.96989029100007,24.37488783400005],[91.97265388200003,24.37716223800004],[91.97215563400005,24.379657604000045],[91.96758126000003,24.37882306000006],[91.96685129300005,24.379814547000024],[91.97003478000005,24.38439747500007],[91.97191653000004,24.384879127000033],[91.97584929700008,24.38233894600006],[91.98163177300006,24.381155596000042],[91.98350812500007,24.377370855000038],[91.98568735000003,24.37700420500005],[91.98821532000005,24.37910576300004],[91.98821485300004,24.384136630000057],[91.99200609700006,24.387712969000063],[91.99190089700005,24.389278525000066],[91.98952906700003,24.390291817000048],[91.99492709700007,24.388217999000062],[91.99617237700005,24.39073346500004],[91.99470680900004,24.392271739000023],[91.99650148300003,24.393875491000074],[92.00182811400003,24.388479602000075],[92.00447942500006,24.387624120000055],[92.00546293300005,24.385771568000052],[92.00434444500007,24.383744728000067],[92.00691824100005,24.38168143200005],[92.01763451200009,24.384739040000056],[92.01999061700008,24.386691159000065],[92.02362928400004,24.38569354200007],[92.02145948900005,24.383441782000034],[92.02469970800007,24.383633806000034],[92.02675524800009,24.379792198000075],[92.03348500800007,24.378793768000037],[92.03578955300009,24.380257098000072],[92.03838823800004,24.377176190000057],[92.04299263800004,24.37764898100005],[92.04395738600005,24.374993422000045],[92.04825325300004,24.377707332000057],[92.04936085200006,24.37555841300008],[92.08012628600005,24.37477338900004],[92.08514352400005,24.375745949000077],[92.08612346600006,24.373427927000023],[92.09032586200004,24.371765476000064],[92.09611051300004,24.372882512000047],[92.09740997200004,24.376408738000066],[92.10008447700005,24.375925704000053],[92.10155028900004,24.37901044700004],[92.09997516700008,24.380647888000055],[92.10182105400008,24.38284788800007],[92.10369280100008,24.382635939000068],[92.10407828300004,24.381175454000072],[92.10570913400005,24.382225902000073],[92.10854863700007,24.38999971900006],[92.10642058000008,24.39835131600006],[92.10643188900008,24.407573093000053],[92.10988731800006,24.413054500000044],[92.11235882300008,24.41282874500007],[92.11163377500009,24.415063090000046],[92.11320123900003,24.418382620000045],[92.11331864200008,24.425391624000042],[92.11177769200003,24.428111324000042],[92.11493162500005,24.430209098000034],[92.11877198200006,24.430486555000073],[92.12141631100008,24.437954366000042],[92.11590597500003,24.44087926800006],[92.12053902200006,24.444457054000054],[92.12014530200008,24.445864133000043],[92.11770793900007,24.44521952100007],[92.11630280000008,24.45043015600004],[92.11640920000008,24.452186819000076],[92.11965182000006,24.454090807000057],[92.11574438400004,24.45747848700006],[92.10801019400003,24.460622159000025],[92.10648580500003,24.463403096000036],[92.10829977500003,24.464685128000042],[92.10542022700008,24.465234224000028],[92.10533713000007,24.466576006000025],[92.10727084100006,24.473158498000032],[92.11050143800009,24.474943771000028],[92.11282924600005,24.480290627000045],[92.11486711400005,24.479162978000033],[92.11733580200007,24.481160750000072],[92.11988380400004,24.480308560000026],[92.12811514200007,24.487169486000028],[92.12369671100004,24.48946999800006],[92.12503823000009,24.497971550000045],[92.12320694600004,24.502561375000028],[92.12047255400006,24.502766832000077],[92.11777105200008,24.49522150300004],[92.11226538100004,24.499902218000045],[92.11547989400003,24.503516234000074],[92.10850406300005,24.504710166000052],[92.11625900500007,24.516453273000025],[92.11662578500005,24.521483878000026],[92.11471922500004,24.52584898500004],[92.11672786900004,24.53327088700007],[92.11536799800007,24.533573216000036],[92.11868882600004,24.536074642000074],[92.11851871500005,24.537624711000035],[92.11194970100007,24.53493184100006],[92.10453973800008,24.53446219800003],[92.10574366000009,24.537821749000045],[92.11007204000003,24.541892521000022],[92.11065511800007,24.54566243900007],[92.11362628500007,24.547676288000048],[92.11207481500008,24.553931074000047],[92.10734114700006,24.55575774700003],[92.10654026600008,24.56110035200004],[92.10177351100003,24.56122335500004],[92.10096373600004,24.55750057000006],[92.08996737300004,24.564716581000027],[92.08572135600008,24.564629296000078],[92.08387933700004,24.567810553000072],[92.07991671700006,24.568228692000048],[92.07684519900005,24.56611625900007],[92.07151400200007,24.56779887600004],[92.07086291600007,24.56947627900007],[92.06580716500008,24.570211510000036],[92.06435688400006,24.56992445000003],[92.06489353700005,24.56897650600007],[92.06296014700007,24.571926888000064],[92.05905464000006,24.571550384000034],[92.05813410000007,24.57377817400004],[92.05308772600006,24.57510531300005],[92.05374837800008,24.58205621600007],[92.05015024200009,24.585909369000035],[92.05097475600007,24.590839759000062],[92.06218380100006,24.592408098000078],[92.05911926600004,24.600509635000037],[92.06090133500004,24.607126314000027],[92.06288167700006,24.60606549000005],[92.06774470600004,24.60707078100006],[92.06782690900008,24.616083874000026],[92.05920939000004,24.617620033000037],[92.06547085800008,24.62808875500008],[92.06418276100004,24.631139209000025],[92.05199172500005,24.627259390000063],[92.04116514700007,24.628448912000067],[92.03840892100004,24.62349559100005],[92.03270759000009,24.62945781800005],[92.02837306000004,24.629418746000056],[92.02523023600008,24.633230828000023],[92.02484440600006,24.644867342000055],[92.02962794200005,24.650382599000068],[92.03123622600003,24.656104275000075]]]}},{"type":"Feature","id":"moulvibazar-moulvibazar-sadar","properties":{"canonical_id":"moulvibazar-moulvibazar-sadar","name_en":"Moulvibazar Sadar","name_bn":"মৌলভীবাজার সদর","district_id":"moulvibazar","division_id":"sylhet","pcode":"BD-G-38-360","parent_pcode":"BD6058","source_name":"Moulvibazar Sadar","match_method":"exact_name_or_alias","boundary_reference_year":"2020","boundary_source":"geoBoundaries gbOpen BGD ADM3 / BBS, OCHA ROAP","source_dataset_updated":"2026-08-09"},"geometry":{"type":"Polygon","coordinates":[[[91.66092173000004,24.62590590700006],[91.66246335300008,24.616627248000043],[91.66413633600007,24.61602919300003],[91.66392933000003,24.613541137000027],[91.66760173700004,24.607132687000046],[91.66376387400004,24.60299468200003],[91.66448906100004,24.60042464600008],[91.66139477200005,24.59241781000003],[91.65414379500004,24.59656982200005],[91.64412463200006,24.596276670000066],[91.63799486500005,24.59274196900003],[91.63307278700006,24.595260994000057],[91.63120487800006,24.594002481000075],[91.63559866100007,24.589680025000064],[91.63158091000008,24.58849225800003],[91.62947177500007,24.589853124000058],[91.62967029500004,24.595842447000052],[91.62802792700006,24.59579532300006],[91.62774492800008,24.597535950000065],[91.62120601000004,24.601880755000025],[91.61814458900005,24.597470170000065],[91.61184448600005,24.59393620700007],[91.60831341100004,24.585910795000075],[91.60983157300006,24.583011397000064],[91.62243667000007,24.590144679000048],[91.62583763300006,24.589883386000054],[91.62972290600004,24.587417585000026],[91.62982130200004,24.583767570000077],[91.62692076700006,24.582671971000025],[91.62419762400003,24.578100950000078],[91.62932348600003,24.576486903000045],[91.63152491100004,24.577503129000036],[91.63111718100004,24.573847872000044],[91.63482002100005,24.56478636500003],[91.64389010500008,24.566213049000055],[91.64117346500007,24.556470757000056],[91.64584892800008,24.556265706000033],[91.64720091900006,24.551553472000023],[91.64930465300006,24.54965351100003],[91.65264805000004,24.550550286000032],[91.65213828000003,24.548231412000064],[91.65446264800005,24.546276485000078],[91.65193083400004,24.54426364400007],[91.64769031700007,24.544291428000065],[91.64823753400003,24.542260071000044],[91.64553786500005,24.54141203100005],[91.63798910100007,24.545262265000076],[91.63519233100004,24.543920177000075],[91.63533282900005,24.538196339000024],[91.63997778900006,24.53564759900007],[91.63822481700004,24.52825473300004],[91.63491335900005,24.527246650000052],[91.63347000900006,24.528494790000025],[91.63198762500008,24.526248993000024],[91.63543473000004,24.51977940200004],[91.63098169600005,24.519290364000028],[91.62854267900008,24.516844365000054],[91.62052567400008,24.517353938000042],[91.61996357600003,24.515753311000026],[91.62290449500006,24.513638182000022],[91.61344131800007,24.501836668000067],[91.61581192300008,24.498977773000036],[91.61501533800003,24.495858175000023],[91.61251945600009,24.494066556000064],[91.61287157400005,24.492711205000035],[91.61016147200007,24.49225028400008],[91.61240119600006,24.49195042100007],[91.60964886800008,24.479932836000046],[91.61184824100008,24.471738310000035],[91.61741300500006,24.472604355000044],[91.62032441000008,24.471337823000056],[91.62176614600008,24.467257990000064],[91.62540515800004,24.46754564200006],[91.63059185600008,24.46453545600008],[91.63318311300009,24.46581504100004],[91.63381535700006,24.460770941000078],[91.63785501700005,24.45872833800007],[91.63389208100006,24.45534457800005],[91.63784560400006,24.454710931000022],[91.63611625800007,24.452703691000067],[91.63852063200005,24.449464317000036],[91.63413705400006,24.45034359700003],[91.63374705100006,24.445054889000062],[91.63733239300007,24.440903220000052],[91.64262176300008,24.440783217000046],[91.64256107300008,24.43419694000005],[91.64932369400003,24.433912854000027],[91.65029536200007,24.42459861800006],[91.65393706000003,24.423860770000033],[91.65426382300006,24.42089048500003],[91.65647093400008,24.419143426000062],[91.65446465000008,24.41620374100006],[91.64784186300005,24.416408053000055],[91.64394414500003,24.41444986600004],[91.64976403200006,24.40501854200005],[91.66055524900008,24.405710381000063],[91.66781174200008,24.408990655000025],[91.67144550700004,24.408395270000028],[91.67112152600004,24.404570411000066],[91.67680118700008,24.40659338100005],[91.67873310600004,24.404723218000072],[91.68091648800004,24.407979451000074],[91.68907978000004,24.41368594000005],[91.68848960200006,24.402863036000042],[91.69021917200007,24.403308181000057],[91.69284271000004,24.40110224800003],[91.69561952800007,24.401890582000078],[91.69790990600006,24.40537842200007],[91.70828420400005,24.40722782200004],[91.71241911100003,24.405657989000076],[91.71466950100006,24.399621891000038],[91.72691718400006,24.400544186000047],[91.72781118900008,24.402616901000044],[91.74645452700008,24.40165752300004],[91.74630415500008,24.40367274600004],[91.75393057500008,24.402725692000047],[91.75569626500004,24.401223894000054],[91.75560417900004,24.403744637000045],[91.76310014600006,24.405435682000075],[91.76586674400005,24.403772566000043],[91.76700469300005,24.407474170000057],[91.77219827000005,24.40851950900003],[91.77375647300005,24.407879949000062],[91.77524883200005,24.402929796000024],[91.78674268000003,24.40410999000005],[91.78738336800006,24.402783069000066],[91.79037135500005,24.41784812000003],[91.78713186600004,24.423956690000068],[91.78249162400004,24.42764727900004],[91.78645094000007,24.430571662000034],[91.78796538600005,24.42672832100004],[91.79429411500007,24.426694585000064],[91.79501657200007,24.44232973000004],[91.78826466000004,24.443269737000037],[91.78626758300004,24.445202960000074],[91.78554163100006,24.453177869000058],[91.78796217400009,24.45861231200007],[91.78763462300003,24.465148600000077],[91.79283154500007,24.462420122000026],[91.79758232400008,24.46436865800007],[91.79900377000007,24.461704028000042],[91.80358886800008,24.459678263000058],[91.80225260300006,24.455237898000064],[91.80432579100005,24.45614482800005],[91.80273066400008,24.450147251000033],[91.80815932800004,24.454478902000062],[91.80871938100006,24.45795282100005],[91.81294494400004,24.456800677000047],[91.81419638700004,24.459940669000048],[91.81447685200004,24.45765752400007],[91.81661554200008,24.456590134000066],[91.81858383800005,24.45941449000003],[91.81594751500006,24.46064758600005],[91.82025411800004,24.460586182000043],[91.81822254500008,24.465980519000027],[91.82177823000006,24.46762099700004],[91.82376233400004,24.463947739000048],[91.83051102900004,24.460857867000072],[91.83156797100008,24.464157486000033],[91.82876473300007,24.472908708000034],[91.83391796600006,24.47435855200007],[91.83418525600007,24.475656574000027],[91.83122858700006,24.47513040700005],[91.83038339300003,24.477994299000045],[91.82814074200007,24.477259092000054],[91.82889936600009,24.479919598000038],[91.82686444000007,24.47977945100007],[91.82720175500003,24.481617801000027],[91.82370528800004,24.481465944000036],[91.82504179200004,24.484993023000072],[91.82172682800007,24.484006591000025],[91.82206509200006,24.485829142000057],[91.82517350600006,24.487710778000064],[91.82259136400006,24.492609034000054],[91.82501705000004,24.496437264000065],[91.82094848600008,24.496925418000046],[91.81528420600006,24.491206755000064],[91.81367126700007,24.49255449800006],[91.81576638000007,24.497643554000035],[91.81483203000005,24.499742694000076],[91.81076035000007,24.502047661000063],[91.80597873600004,24.502242076000073],[91.80599341500005,24.505340471000068],[91.80741953500007,24.507126335000066],[91.80890205700007,24.50677507200004],[91.80853559100007,24.510471108000047],[91.81268364500005,24.51398318500003],[91.80661071500003,24.51310066600007],[91.80377124200004,24.515093320000062],[91.80022735600005,24.525827440000057],[91.80240720800003,24.527685037000026],[91.80243381700006,24.529980287000058],[91.80098433700005,24.53266730400003],[91.79820342400006,24.53322133900008],[91.79792332100004,24.537980031000075],[91.78765368700005,24.53843282300005],[91.78764273300004,24.54475538500003],[91.77570131700008,24.546134605000077],[91.77432107800007,24.54958633800004],[91.77359447700007,24.548457254000027],[91.77290801000004,24.54978692800006],[91.76672792900007,24.550482490000036],[91.76314103500005,24.557677627000032],[91.76412852600004,24.56065349800008],[91.76222402300004,24.562387321000074],[91.76418215900009,24.565674616000024],[91.76116313500006,24.56775554400008],[91.76416830500006,24.569841034000035],[91.76276273500008,24.573946437000075],[91.75907792800007,24.573571369000035],[91.75886887600007,24.570133808000037],[91.75243376500003,24.571915275000038],[91.75088733700005,24.57124367600005],[91.75246390200004,24.56898053200007],[91.75125546700008,24.570115862000023],[91.75052924000005,24.568564560000027],[91.74880810500008,24.570283681000035],[91.74654065600004,24.569587111000033],[91.74975572800008,24.575779744000045],[91.75218865900007,24.577184231000047],[91.74994944500008,24.579773346000025],[91.75018491800006,24.58286244100003],[91.75157150800004,24.58281358800008],[91.75115075600007,24.585706035000044],[91.73938732000005,24.586752059000048],[91.73950963900006,24.58783298900005],[91.74272725500003,24.587956039000062],[91.74306861900004,24.58965573000006],[91.73789781300007,24.590078361000053],[91.73930524400004,24.593853124000077],[91.73655063000007,24.59781984700004],[91.72516017300006,24.59352834500004],[91.71318502800005,24.596554393000076],[91.69360334300006,24.604066964000026],[91.68719988500004,24.604641703000027],[91.68344412500005,24.607093968000072],[91.68419658500005,24.61640580200003],[91.67504173200007,24.631196647000024],[91.67229240300009,24.627564265000046],[91.66997148100006,24.630328129000077],[91.66753324900009,24.62728473100003],[91.66564333700006,24.62964421600003],[91.66494733600007,24.626784617000055],[91.66159106800006,24.62787701800005],[91.66092173000004,24.62590590700006]]]}},{"type":"Feature","id":"moulvibazar-rajnagar","properties":{"canonical_id":"moulvibazar-rajnagar","name_en":"Rajnagar","name_bn":"রাজনগর","district_id":"moulvibazar","division_id":"sylhet","pcode":"BD-G-38-361","parent_pcode":"BD6058","source_name":"Rajnagar","match_method":"exact_name_or_alias","boundary_reference_year":"2020","boundary_source":"geoBoundaries gbOpen BGD ADM3 / BBS, OCHA ROAP","source_dataset_updated":"2026-08-09"},"geometry":{"type":"Polygon","coordinates":[[[91.73655063000007,24.59781984700004],[91.73930524400004,24.593853124000077],[91.73789781300007,24.590078361000053],[91.74306861900004,24.58965573000006],[91.74272725500003,24.587956039000062],[91.73950963900006,24.58783298900005],[91.73938732000005,24.586752059000048],[91.75115075600007,24.585706035000044],[91.75157150800004,24.58281358800008],[91.75018491800006,24.58286244100003],[91.74994944500008,24.579773346000025],[91.75218865900007,24.577184231000047],[91.74975572800008,24.575779744000045],[91.74654065600004,24.569587111000033],[91.74880810500008,24.570283681000035],[91.75052924000005,24.568564560000027],[91.75125546700008,24.570115862000023],[91.75246390200004,24.56898053200007],[91.75088733700005,24.57124367600005],[91.75243376500003,24.571915275000038],[91.75886887600007,24.570133808000037],[91.75907792800007,24.573571369000035],[91.76276273500008,24.573946437000075],[91.76416830500006,24.569841034000035],[91.76116313500006,24.56775554400008],[91.76418215900009,24.565674616000024],[91.76222402300004,24.562387321000074],[91.76412852600004,24.56065349800008],[91.76314103500005,24.557677627000032],[91.76672792900007,24.550482490000036],[91.77290801000004,24.54978692800006],[91.77359447700007,24.548457254000027],[91.77432107800007,24.54958633800004],[91.77570131700008,24.546134605000077],[91.78764273300004,24.54475538500003],[91.78765368700005,24.53843282300005],[91.79792332100004,24.537980031000075],[91.79820342400006,24.53322133900008],[91.80098433700005,24.53266730400003],[91.80243381700006,24.529980287000058],[91.80240720800003,24.527685037000026],[91.80022735600005,24.525827440000057],[91.80377124200004,24.515093320000062],[91.80661071500003,24.51310066600007],[91.81268364500005,24.51398318500003],[91.80853559100007,24.510471108000047],[91.80890205700007,24.50677507200004],[91.80741953500007,24.507126335000066],[91.80599341500005,24.505340471000068],[91.80597873600004,24.502242076000073],[91.81076035000007,24.502047661000063],[91.81483203000005,24.499742694000076],[91.81576638000007,24.497643554000035],[91.81367126700007,24.49255449800006],[91.81528420600006,24.491206755000064],[91.82094848600008,24.496925418000046],[91.82501705000004,24.496437264000065],[91.82259136400006,24.492609034000054],[91.82517350600006,24.487710778000064],[91.82206509200006,24.485829142000057],[91.82172682800007,24.484006591000025],[91.82504179200004,24.484993023000072],[91.82370528800004,24.481465944000036],[91.82720175500003,24.481617801000027],[91.82686444000007,24.47977945100007],[91.82889936600009,24.479919598000038],[91.82814074200007,24.477259092000054],[91.83038339300003,24.477994299000045],[91.83122858700006,24.47513040700005],[91.83418525600007,24.475656574000027],[91.83391796600006,24.47435855200007],[91.82876473300007,24.472908708000034],[91.83156797100008,24.464157486000033],[91.83051102900004,24.460857867000072],[91.84787559400007,24.456233191000024],[91.85680378000006,24.455381163000027],[91.87589051000003,24.456906627000023],[91.87434725000008,24.443017171000065],[91.87826590000003,24.43824713600003],[91.88467741500006,24.43650384600005],[91.88496001400006,24.432503472000064],[91.88807362100005,24.43526406600006],[91.89473001500005,24.434584935000032],[91.89967777100009,24.440525165000054],[91.90033570000008,24.447076700000025],[91.90227675800008,24.445309218000034],[91.90371446900008,24.455949297000075],[91.90121269200006,24.45659359900003],[91.89925664000003,24.459428324000044],[91.90331687300005,24.459641892000036],[91.90630188300008,24.458047414000077],[91.91078772200007,24.460404195000024],[91.91566432800005,24.46091124900005],[91.91738728800004,24.466033366000033],[91.91101814800004,24.469869342000038],[91.90991819800007,24.467821935000075],[91.91256141400004,24.463837974000057],[91.91144844900003,24.463457626000036],[91.90982814500006,24.465735235000068],[91.90908758100005,24.47026278800007],[91.91471117700007,24.475047806000077],[91.91793490900005,24.474750162000078],[91.92303171100008,24.479687115000047],[91.92702946700007,24.48053223000005],[91.92628610600008,24.485567152000044],[91.92461808300004,24.483370817000036],[91.92355822000007,24.483860570000047],[91.92522514300003,24.489387288000046],[91.92178796700006,24.488930563000054],[91.92197689800008,24.49324656400006],[91.92632150300005,24.494609214000036],[91.92748364500005,24.49309792500003],[91.93566323000005,24.494102069000064],[91.93575828500008,24.491812723000066],[91.93742588900005,24.491466874000025],[91.93796497600005,24.496907442000065],[91.93486494200005,24.501530799000022],[91.93749151800006,24.50926318000006],[91.93340048100004,24.509640108000042],[91.93252661400004,24.511938864000058],[91.93383284500004,24.51673254900004],[91.92663662700005,24.515802723000036],[91.92408274500008,24.517304121000052],[91.92365848800006,24.52196422800006],[91.92619006000007,24.522268792000034],[91.92631759400007,24.525089094000066],[91.91984983800006,24.542070437000064],[91.92178448200008,24.540985516000035],[91.92724728900004,24.543032926000024],[91.93019241300004,24.541349828000023],[91.93466075000003,24.54177556600007],[91.93308599400007,24.550757506000025],[91.93397362500008,24.55332426500007],[91.93248377800006,24.557672457000024],[91.93054486100004,24.558367099000066],[91.93152526300008,24.56408751200007],[91.93594582600008,24.572071589000075],[91.93652289600004,24.58640558700006],[91.94196016800004,24.586173039000073],[91.94370951600007,24.588125391000062],[91.94300319000007,24.59093947200006],[91.94659783000009,24.59616438200004],[91.95239296100004,24.59717495800004],[91.95446590200004,24.59971600800003],[91.94778885000005,24.612739436000027],[91.94853454000008,24.625923917000023],[91.94995640300004,24.627134445000024],[91.95806225400008,24.625093697000068],[91.96647106800003,24.62491794500005],[91.96685668000003,24.638940897000055],[91.96334305700003,24.641050888000052],[91.96380949700006,24.645729819000053],[91.94723984700005,24.64955557500008],[91.94217467400006,24.654738416000043],[91.94017305500006,24.65314541200007],[91.93353314500007,24.655054706000044],[91.93091189200004,24.657604469000034],[91.93107667900006,24.66177169100007],[91.92618951500003,24.654132799000024],[91.92280430900007,24.65244894600005],[91.90999511000007,24.655677431000072],[91.91123582600005,24.661735427000053],[91.90322848500006,24.663645015000043],[91.90235453900004,24.65194354700003],[91.89666871000009,24.647938569000075],[91.89069566900008,24.646155692000036],[91.88855491000004,24.64687723000003],[91.88784785400009,24.653435631000036],[91.88522942700007,24.656729444000064],[91.88129455700005,24.65727251000004],[91.87568780000004,24.65576490500007],[91.87102191500009,24.65767899000008],[91.86563033100003,24.657141138000043],[91.86166163300004,24.64983556800007],[91.84680014600008,24.644450059000064],[91.84516592100005,24.645081250000032],[91.84413072500007,24.649380244000042],[91.84093956800007,24.65179895400007],[91.83176281300007,24.65379751300003],[91.82393271100005,24.65207859000003],[91.79961441900008,24.63744799500006],[91.79743809300004,24.63800221100007],[91.79482476800007,24.646252928000024],[91.78707564500007,24.644739294000033],[91.78194487700006,24.642079183000078],[91.77900535200007,24.63832475600003],[91.78167799300007,24.62888064200007],[91.78111107100005,24.626427025000055],[91.77120888600007,24.625614022000036],[91.77004318100006,24.619594824000046],[91.75392740000007,24.608388649000062],[91.75015140700003,24.59891506100007],[91.73655063000007,24.59781984700004]]]}},{"type":"Feature","id":"moulvibazar-sreemangal","properties":{"canonical_id":"moulvibazar-sreemangal","name_en":"Sreemangal","name_bn":"শ্রীমঙ্গল","district_id":"moulvibazar","division_id":"sylhet","pcode":"BD-G-38-362","parent_pcode":"BD6058","source_name":"Sreemangal","match_method":"exact_name_or_alias","boundary_reference_year":"2020","boundary_source":"geoBoundaries gbOpen BGD ADM3 / BBS, OCHA ROAP","source_dataset_updated":"2026-08-09"},"geometry":{"type":"Polygon","coordinates":[[[91.61443155700005,24.28275982200006],[91.61677311500006,24.277469523000036],[91.61607288200008,24.263386770000068],[91.61853279300004,24.260715482000023],[91.61881487600004,24.25747083500005],[91.61822433200007,24.254876015000036],[91.61440581500005,24.253683482000042],[91.61289093300007,24.250264892000075],[91.61570491800006,24.247521610000035],[91.61820632400008,24.23954044900006],[91.61558893600005,24.23175814800004],[91.61984682400004,24.22915692600003],[91.62179659600008,24.219790446000047],[91.62389281700007,24.217480772000044],[91.62547510500008,24.211482854000053],[91.62921346100006,24.210143764000065],[91.63141927700008,24.202642455000046],[91.62939096900004,24.199182093000047],[91.63656763700004,24.19721458400005],[91.63752636200007,24.19120463300004],[91.64118793800009,24.18796027700006],[91.64133952800006,24.176584650000052],[91.64518713100006,24.17399663200007],[91.64668278200008,24.17875626400007],[91.65503160000009,24.17580766900005],[91.65747632900008,24.17968789200006],[91.65889423100003,24.183206576000032],[91.65743838500003,24.18493054000004],[91.66006899200005,24.189667689000032],[91.65750095600004,24.193381561000024],[91.65905349500008,24.195540896000068],[91.65253382900005,24.196025633000033],[91.65265234000003,24.19832705300007],[91.65403366300006,24.198618974000055],[91.65299729400004,24.201831326000047],[91.65443661500007,24.202659159000063],[91.65255061200008,24.203715541000065],[91.65101933100004,24.20902629400007],[91.65232080600003,24.209594112000048],[91.64715433400005,24.21532329000007],[91.64871732500006,24.216590987000075],[91.64819841400003,24.219493915000044],[91.64968073500006,24.220590694000066],[91.65084894800003,24.218502914000055],[91.65230119500006,24.21973944800004],[91.65423424900007,24.223350848000052],[91.65691027200006,24.22468636900004],[91.65616562500009,24.22615219100004],[91.65786408300005,24.227948619000074],[91.66270846700007,24.23022787600007],[91.66414502900005,24.229232136000064],[91.66534360000009,24.23365543700004],[91.66798819900004,24.23119662700003],[91.66790786300004,24.22322508700006],[91.66589946100004,24.21722355000003],[91.66782383900005,24.216677445000073],[91.66690870300005,24.21066013500007],[91.66959786900009,24.20915126400007],[91.67154234800006,24.204571331000068],[91.67332047700006,24.203828687000055],[91.67268019400007,24.202545061000023],[91.67470282300008,24.202198863000035],[91.67385773500007,24.201247171000034],[91.67661731400005,24.200757226000064],[91.67559683500008,24.197907221000037],[91.67788843400007,24.19686775400004],[91.67722330800007,24.194436240000073],[91.67953407100003,24.193621998000026],[91.68052719400004,24.18919431300003],[91.67882036100008,24.18765601700005],[91.68075363400004,24.184129335000023],[91.67986909600006,24.179180080000037],[91.68110393700005,24.177811414000075],[91.67994838100003,24.176761029000033],[91.68134417800007,24.176736710000057],[91.68011327400006,24.175737024000057],[91.68250450500005,24.174261796000053],[91.68189161700008,24.17232986700003],[91.68437712500008,24.166292433000024],[91.68874698700006,24.164299925000023],[91.68819973600006,24.162219220000054],[91.69490061100004,24.159670064000068],[91.69736724100005,24.163799642000072],[91.70328247100008,24.163678677000064],[91.70633435600007,24.15788352800007],[91.70600578400007,24.154413886000043],[91.71331297600005,24.153016571000023],[91.71434622500004,24.153906651000057],[91.71671950800004,24.15212753000003],[91.72169264900003,24.152617982000038],[91.72326333900008,24.148463468000045],[91.72661205700007,24.146749525000075],[91.72832924300008,24.143407074000038],[91.73098466200008,24.143760495000038],[91.73236767100008,24.145898826000064],[91.73418299900004,24.143831483000042],[91.73663473900007,24.146038833000034],[91.73942848800004,24.141657403000067],[91.74121514100005,24.142933629000026],[91.74351457500006,24.141175754000074],[91.74472980600007,24.143173842000067],[91.74621404500004,24.141269261000048],[91.75165607400004,24.142723941000042],[91.75918134900007,24.14156633600004],[91.75975189100006,24.14552119800004],[91.74497450800004,24.24708623300006],[91.78329103200008,24.225062383000022],[91.78619161500006,24.226679517000036],[91.78912192700005,24.234420326000077],[91.79343378000004,24.239358165000056],[91.79205103300006,24.241124980000052],[91.79351122800006,24.243696874000022],[91.79065576100004,24.24903286600005],[91.79271551200009,24.251516441000035],[91.79243832200007,24.258305085000075],[91.78946259100007,24.25832884600004],[91.78644769600004,24.262024477000068],[91.78070232200008,24.259559197000044],[91.77606918800006,24.254951516000062],[91.77235641600004,24.254862777000028],[91.76895532500004,24.250698159000024],[91.76642477600006,24.25108083500004],[91.76598358900009,24.254208934000076],[91.76739490000006,24.256163724000032],[91.77680329000003,24.258700764000025],[91.77603717200003,24.27000970200004],[91.78026361700006,24.271544310000024],[91.78595426200008,24.26979193300008],[91.78779159600003,24.272550172000024],[91.79268346300006,24.27292651600004],[91.79154471100009,24.281183502000033],[91.79325685600008,24.29976658000004],[91.79220134100007,24.303260872000067],[91.78790571000008,24.305837392000058],[91.78806444800006,24.307848441000033],[91.78213939700004,24.306603806000055],[91.76845929500007,24.30711250300004],[91.76854748900007,24.312494530000038],[91.77254610100005,24.323408106000045],[91.76813363400004,24.325320704000035],[91.76761200900006,24.326874711000073],[91.76845172500003,24.330312355000046],[91.78286357400003,24.33310861500007],[91.78305619500009,24.35811906300006],[91.77274545800003,24.35666384700005],[91.77127779200003,24.359161174000064],[91.77569254500008,24.36743995300003],[91.78735448800006,24.360997234000024],[91.79612618300007,24.364978604000044],[91.79529538800006,24.367352347000065],[91.79837641800003,24.37629230500005],[91.78851646900006,24.38268755000007],[91.78865373400004,24.38512939800006],[91.79167638100006,24.384027693000064],[91.79566787200008,24.385784528000045],[91.79393008700004,24.39087093300003],[91.78715966200008,24.39980502000003],[91.78738336800006,24.402783069000066],[91.78674268000003,24.40410999000005],[91.77524883200005,24.402929796000024],[91.77375647300005,24.407879949000062],[91.77219827000005,24.40851950900003],[91.76700469300005,24.407474170000057],[91.76586674400005,24.403772566000043],[91.76310014600006,24.405435682000075],[91.75560417900004,24.403744637000045],[91.75569626500004,24.401223894000054],[91.75393057500008,24.402725692000047],[91.74630415500008,24.40367274600004],[91.74645452700008,24.40165752300004],[91.72781118900008,24.402616901000044],[91.72691718400006,24.400544186000047],[91.71466950100006,24.399621891000038],[91.71241911100003,24.405657989000076],[91.70828420400005,24.40722782200004],[91.69790990600006,24.40537842200007],[91.69561952800007,24.401890582000078],[91.69284271000004,24.40110224800003],[91.69021917200007,24.403308181000057],[91.68848960200006,24.402863036000042],[91.68907978000004,24.41368594000005],[91.68091648800004,24.407979451000074],[91.67873310600004,24.404723218000072],[91.67680118700008,24.40659338100005],[91.67112152600004,24.404570411000066],[91.67144550700004,24.408395270000028],[91.66781174200008,24.408990655000025],[91.66055524900008,24.405710381000063],[91.64976403200006,24.40501854200005],[91.64394414500003,24.41444986600004],[91.64784186300005,24.416408053000055],[91.65446465000008,24.41620374100006],[91.65647093400008,24.419143426000062],[91.65426382300006,24.42089048500003],[91.65393706000003,24.423860770000033],[91.65029536200007,24.42459861800006],[91.64932369400003,24.433912854000027],[91.64256107300008,24.43419694000005],[91.64262176300008,24.440783217000046],[91.63733239300007,24.440903220000052],[91.63374705100006,24.445054889000062],[91.63413705400006,24.45034359700003],[91.63852063200005,24.449464317000036],[91.63611625800007,24.452703691000067],[91.63784560400006,24.454710931000022],[91.63389208100006,24.45534457800005],[91.63785501700005,24.45872833800007],[91.63381535700006,24.460770941000078],[91.63318311300009,24.46581504100004],[91.63059185600008,24.46453545600008],[91.62540515800004,24.46754564200006],[91.62176614600008,24.467257990000064],[91.62032441000008,24.471337823000056],[91.61741300500006,24.472604355000044],[91.61184824100008,24.471738310000035],[91.61389233700004,24.463329271000077],[91.61096659800006,24.458808515000044],[91.61100198000008,24.451896086000033],[91.60737780700003,24.442390507000027],[91.61038259000009,24.437843799000063],[91.61338064900008,24.440631298000028],[91.61787011700005,24.439512216000026],[91.61993190000004,24.433321337000052],[91.61605995400004,24.428656706000027],[91.61883967100005,24.427145025000073],[91.61803822700006,24.42196334600004],[91.62073389700004,24.417648884000073],[91.62035841600004,24.415949157000057],[91.60415950200007,24.417167457000062],[91.60168071800007,24.415614109000046],[91.60296819300004,24.411610556000028],[91.60214303200007,24.394376817000023],[91.60374743800008,24.382202670000027],[91.60275696700006,24.364779868000028],[91.60328374200003,24.362484735000066],[91.61856594100004,24.361519267000062],[91.61898412100004,24.365139596000063],[91.62479085800004,24.36394990200006],[91.62406592400004,24.361889345000066],[91.62046274100004,24.36049954500004],[91.62308468600008,24.351469618000067],[91.62763822800008,24.34795234300003],[91.62961532500003,24.344276412000056],[91.63222724900004,24.317612335000035],[91.63151941400008,24.31119428900007],[91.62585794200004,24.301076430000023],[91.62547574700005,24.29751552700003],[91.61493508900008,24.287522119000073],[91.61443155700005,24.28275982200006]]]}},{"type":"Feature","id":"sunamganj-bishwambarpur","properties":{"canonical_id":"sunamganj-bishwambarpur","name_en":"Bishwambarpur","name_bn":"বিশ্বম্ভরপুর","district_id":"sunamganj","division_id":"sylhet","pcode":"BD-G-61-374","parent_pcode":"BD6090","source_name":"Bishwambarpur","match_method":"exact_name_or_alias","boundary_reference_year":"2020","boundary_source":"geoBoundaries gbOpen BGD ADM3 / BBS, OCHA ROAP","source_dataset_updated":"2026-08-09"},"geometry":{"type":"Polygon","coordinates":[[[91.38847757400004,25.16782709900008],[91.38435522700007,25.169937579000077],[91.37614639700007,25.16809267900004],[91.36844047300008,25.170823902000052],[91.36372813900005,25.17816547600006],[91.36064326500008,25.177709096000058],[91.35366493500004,25.171333971000024],[91.35148948200003,25.175922392000075],[91.34718695200007,25.174290891000055],[91.33711672800007,25.173650516000066],[91.33232491500007,25.177397031000055],[91.32694276300003,25.176295808000077],[91.32380853000006,25.181202677000044],[91.31768401600004,25.183791358000065],[91.31040103800007,25.184117100000037],[91.30456024400007,25.18270608800003],[91.30005849200006,25.184350062000078],[91.29240728500008,25.183923254000035],[91.28835230800007,25.18661133100005],[91.28664613900008,25.18557859300006],[91.28417724600007,25.183353345000057],[91.28528552700004,25.18081095200006],[91.28279247600005,25.17228729800007],[91.27943053200005,25.169062391000068],[91.28231333800005,25.162704937000058],[91.28594892200005,25.159925610000073],[91.28568827400005,25.15629688200005],[91.27894993700005,25.15883722800004],[91.27796879400006,25.168992624000055],[91.26297223000006,25.170606141000064],[91.25709410200005,25.173519681000073],[91.26005577500007,25.15962735200003],[91.27178159200008,25.160958839000045],[91.27085606000009,25.16439349700005],[91.27779603400006,25.16276939000005],[91.27807258900003,25.160032186000024],[91.27383976900006,25.14986528600008],[91.26533925400008,25.141752852000025],[91.26806910200008,25.137256485000023],[91.26691561700005,25.133797868000045],[91.25978422000009,25.134930938000025],[91.25718920500003,25.13058208800004],[91.25589610800006,25.130832337000072],[91.25340556300006,25.13159498300007],[91.25308823000006,25.13603684800006],[91.25032812000006,25.137310204000073],[91.24573371200006,25.131582927000068],[91.24187886600004,25.122686095000063],[91.24162849200007,25.117724142000043],[91.24512227500009,25.119701676000034],[91.24444724500006,25.11682688600007],[91.24608637100005,25.11617483400005],[91.25126835300006,25.11586594000005],[91.25409341700004,25.121975442000064],[91.25952311100008,25.11932435800003],[91.25901141400004,25.116693750000024],[91.26237083400008,25.10605030100004],[91.26318550800005,25.08700607700007],[91.26563618600005,25.08276157800003],[91.26150303700007,25.082718329000045],[91.25916988800003,25.079809151000063],[91.25288908200008,25.08104858400003],[91.24241423500007,25.079356674000053],[91.23154360700005,25.080320346000065],[91.22561087000008,25.07136737700006],[91.22524138300008,25.066366818000063],[91.22048471700003,25.06468865200003],[91.22006480500005,25.060640560000024],[91.22198398000006,25.055550614000026],[91.22571420400004,25.05510111700005],[91.23389150900005,25.050316485000053],[91.23825126600008,25.049773972000025],[91.23733720200005,25.046970518000023],[91.24171081400004,25.042589023000062],[91.24008281200008,25.039942233000033],[91.23588741500004,25.038862015000063],[91.23466546100008,25.03115341700004],[91.23619897700007,25.027795139000034],[91.23444673000006,25.025079325000036],[91.23873980600007,25.02390642100005],[91.24450142400008,25.018746321000037],[91.24938760900005,25.02571863000003],[91.25539695100008,25.02844689500006],[91.25798038300007,25.031833205000055],[91.26648260200005,25.031640780000032],[91.26805239200007,25.032137571000078],[91.26893694500006,25.036472738000043],[91.27350991800006,25.038047669000036],[91.27619029800007,25.04241365400003],[91.28130628600007,25.04196497600003],[91.28802081200007,25.048425744000042],[91.29411228700008,25.050178156000072],[91.29454909800006,25.060031297000023],[91.29260235700008,25.067760665000037],[91.29681412200006,25.06737572800006],[91.29693813900008,25.063736848000076],[91.30015398100005,25.062697409000066],[91.30280535300005,25.058847882000066],[91.30739393800008,25.06247750700004],[91.30765520200003,25.064851677000036],[91.31160338900008,25.064632870000025],[91.31752074000008,25.061645874000078],[91.32280808200005,25.062675068000033],[91.32702359300004,25.061515531000055],[91.33183518400006,25.063521020000053],[91.33454940400009,25.060589144000062],[91.33758321400006,25.06057031000006],[91.34989256200004,25.053487027000074],[91.35691251400004,25.052819770000042],[91.35797361500005,25.053650376000064],[91.35277906800007,25.05451438700004],[91.35277739000009,25.056054492000044],[91.36257445400008,25.056416392000074],[91.36566670100007,25.057880665000027],[91.37025650500004,25.069928210000057],[91.37376304700007,25.073221441000044],[91.37576307200004,25.080196743000045],[91.38286246800004,25.077051174000076],[91.38512278200005,25.079351770000073],[91.39005676400006,25.079873356000064],[91.39182845100004,25.08316939100007],[91.39574001600005,25.08154856400006],[91.39828879600003,25.092900387000043],[91.38912506700007,25.113476288000072],[91.39210906700004,25.115898625000057],[91.39089061600004,25.118485108000073],[91.39774643000004,25.117911591000052],[91.39792435800007,25.12014805000007],[91.39324339700005,25.122078118000047],[91.39319252500007,25.128359033000038],[91.39114331700006,25.12946913600007],[91.38911633100008,25.13440968200007],[91.39088771300004,25.14827219600005],[91.38881633800008,25.15172670900006],[91.39049759500006,25.156629061000046],[91.38847757400004,25.16782709900008]]]}},{"type":"Feature","id":"sunamganj-chhatak","properties":{"canonical_id":"sunamganj-chhatak","name_en":"Chhatak","name_bn":"ছাতক","district_id":"sunamganj","division_id":"sylhet","pcode":"BD-G-61-375","parent_pcode":"BD6090","source_name":"Chhatak","match_method":"exact_name_or_alias","boundary_reference_year":"2020","boundary_source":"geoBoundaries gbOpen BGD ADM3 / BBS, OCHA ROAP","source_dataset_updated":"2026-08-09"},"geometry":{"type":"Polygon","coordinates":[[[91.69065403200005,24.936935997000035],[91.69173066600007,24.939095175000034],[91.69657336400007,24.937460093000027],[91.70073266800006,24.937806549000072],[91.70383809200007,24.942656131000035],[91.70978526400006,24.942753894000077],[91.71371286100003,24.946557211000027],[91.70461819300004,24.949510099000065],[91.70709269700006,24.95664484200006],[91.71157208600005,24.961513448000062],[91.71226560800005,24.96466209600004],[91.71128577700006,24.967978392000077],[91.70452204900005,24.970884769000065],[91.69927559200005,24.97543310900005],[91.70383946200008,24.976382542000067],[91.70441526800005,24.979665746000023],[91.70238849100008,24.98178809700005],[91.67517707600007,24.99070351200004],[91.66927106600008,24.994835066000064],[91.66575818900009,24.99958855600005],[91.66861933000007,25.000217271000054],[91.67879697600006,24.99615100400007],[91.68772648800007,24.994680420000066],[91.69663251500003,24.997739116000048],[91.68882640400005,25.00212784000007],[91.67995273500009,25.012974688000043],[91.67150776900007,25.01685739900006],[91.66783584700005,25.020143318000066],[91.66906568800005,25.025310271000023],[91.68098437100008,25.02451910600007],[91.67977701900008,25.029955573000052],[91.67213348600006,25.03917255500005],[91.68145640600005,25.038838224000074],[91.68741472600004,25.041445947000057],[91.68863614200006,25.045466712000064],[91.68371013000007,25.05047481500003],[91.68643195500005,25.057170218000067],[91.70319400700004,25.060134351000045],[91.70978761400005,25.06631587100003],[91.71732927400006,25.064019092000024],[91.72504913200004,25.065708751000045],[91.73262971400004,25.064398804000064],[91.73499063600008,25.06536378900006],[91.73428995200004,25.067474469000047],[91.72902746300008,25.06975234300006],[91.73347411800006,25.073200676000056],[91.73435981600005,25.07564436100006],[91.72272984700004,25.084758607000026],[91.71850192700003,25.092722759000026],[91.72064656800006,25.096931097000038],[91.71771354700007,25.10215926500007],[91.72404724500007,25.109075435000022],[91.72017315800008,25.10680972800003],[91.71941981300006,25.112231563000023],[91.72630578400003,25.120251121000024],[91.72790502500004,25.12911865500007],[91.71900892300005,25.12963800400007],[91.71827994800003,25.132957058000045],[91.72049954400006,25.134186808000038],[91.72050340300007,25.135744723000073],[91.71390141800003,25.13603229100005],[91.71276525700006,25.146964148000052],[91.70490544100005,25.15006469000008],[91.69936152800005,25.137328355000022],[91.69616345200006,25.137098105000064],[91.69520960300008,25.131228677000024],[91.68947803700007,25.13039073400006],[91.69007952000004,25.12851554300005],[91.68744650100007,25.126085291000038],[91.68906855400007,25.124324312000056],[91.68868381800007,25.122128004000047],[91.68428363700008,25.113935050000066],[91.68533881500008,25.10708960100004],[91.68439620000004,25.101074339000036],[91.68720100900003,25.09669522100006],[91.68353614000006,25.09162050900005],[91.68365063900006,25.08835087800003],[91.68184201800005,25.085548844000073],[91.68721154000008,25.077221118000068],[91.68800442000008,25.072869936000075],[91.68629569800004,25.069027396000024],[91.68692204200005,25.064503745000025],[91.68434074900006,25.061668178000048],[91.67868489200004,25.062413897000056],[91.67279377000006,25.056926673000078],[91.67593196500007,25.06101622600005],[91.66998891700007,25.06278904000004],[91.66973221100005,25.067204660000073],[91.67150069700006,25.071199097000033],[91.66826517900006,25.074614456000063],[91.66471050300004,25.072677670000076],[91.66244582500008,25.07661132100003],[91.66003704700006,25.07556782900008],[91.65666585800005,25.077728360000037],[91.65584910100006,25.076198659000056],[91.65285222400007,25.080355902000065],[91.65437301000009,25.08383247100005],[91.64803867400008,25.08393231200006],[91.64463797100007,25.088043666000033],[91.63747735800007,25.087442343000077],[91.63905056900006,25.08129675400005],[91.63387909500005,25.074703589000023],[91.61776807300004,25.07253769400006],[91.61530754700004,25.073514771000077],[91.61192693500004,25.07113520300004],[91.61577964000008,25.069263859000046],[91.61738207600007,25.06645313300004],[91.61456935500007,25.04655272100007],[91.61235255300005,25.04320510900004],[91.61290532100008,25.03739923200004],[91.61418065900006,25.03678383700003],[91.60969910700004,25.03069286300007],[91.60729584700005,25.029875811000068],[91.60465194200003,25.020268350000038],[91.59938845500005,25.02041762500005],[91.59810451300007,25.021557785000027],[91.59879567000007,25.024664183000027],[91.59610964800004,25.024811557000078],[91.59413995800008,25.013673565000033],[91.58790100200008,25.01158129600003],[91.58762146200007,25.00876895500005],[91.59955439000004,25.00172550700006],[91.59484900500007,24.99204401000003],[91.59161546200005,24.992268247000027],[91.58695679900006,24.99670551400004],[91.57421088100006,24.996878199000037],[91.57276963900006,25.006722032000027],[91.56821445300005,25.006384151000077],[91.56633449300006,25.00351074300005],[91.56743859300008,24.995361181000078],[91.56418635200004,24.994317016000025],[91.56137157600006,24.989275672000076],[91.55642725300004,24.98655049100006],[91.55410873400007,24.98326840800007],[91.55012116500006,24.98131796800004],[91.54588005800008,24.981263330000047],[91.54954704000005,24.97626372800005],[91.54705929600004,24.97243871300003],[91.54341094100005,24.971638576000032],[91.54162032000005,24.96928530400004],[91.53623457500004,24.97154295000007],[91.52839699400005,24.97154519000003],[91.52396931400006,24.968431520000024],[91.51481857100003,24.96573151700005],[91.50870939600009,24.967280543000072],[91.50775943500008,24.969947001000037],[91.48518522400008,24.96303970300005],[91.48348412600006,24.959481079000057],[91.48776752000003,24.955232411000054],[91.48754656700004,24.949208159000023],[91.49375409000004,24.94688026500006],[91.50051704300006,24.94188346800007],[91.50786208900007,24.930143005000048],[91.52420826600007,24.913961780000022],[91.52857823400007,24.911453207000022],[91.52974442300007,24.90807392800008],[91.52890495500009,24.903822452000043],[91.52405576600006,24.902053822000028],[91.52577592200004,24.89898944600003],[91.52878865300005,24.897697334000043],[91.52672821300007,24.895273778000046],[91.52492686600004,24.895350327000074],[91.52301787800008,24.898806008000065],[91.52123455800006,24.899095645000045],[91.51485235700005,24.898837798000045],[91.51060317500009,24.896415902000058],[91.50621585900006,24.898351327000057],[91.49888542000008,24.897241197000028],[91.49837871300008,24.89488569400004],[91.49233306000008,24.891210415000046],[91.49289422600003,24.88879341300003],[91.50176562100006,24.88190251900005],[91.50104469500008,24.86985396600005],[91.49839775800007,24.866158219000056],[91.50231968900005,24.866587207000066],[91.50622819100005,24.864528091000068],[91.51102675700008,24.857745455000043],[91.51277275400008,24.849603675000026],[91.51145874000008,24.836286897000036],[91.51392291700006,24.83032179500003],[91.51845818400005,24.827081113000077],[91.52026561800005,24.829811600000028],[91.51868773100006,24.833985632000065],[91.51958095700007,24.834918423000033],[91.52477700300005,24.831654463000064],[91.53351274400006,24.83685736600006],[91.53515895100008,24.82712950000007],[91.53681887700009,24.825495643000068],[91.54325919500008,24.82720467400003],[91.54930134900007,24.834569834000035],[91.55949363500008,24.832931126000062],[91.55998305600008,24.828462780000052],[91.56258853600008,24.825481893000074],[91.56604708400005,24.825098080000032],[91.57494492500007,24.828946959000064],[91.57741636500003,24.82747002900004],[91.58136314200004,24.827649543000064],[91.58224152600008,24.825095727000075],[91.58544101500007,24.825886866000076],[91.59811275300007,24.81663312300003],[91.59701792300007,24.807289539000067],[91.60130227100007,24.80641249200005],[91.61034419900005,24.813306742000066],[91.60895878200006,24.81647787600008],[91.60989912200006,24.819101983000053],[91.60645803400007,24.825653464000027],[91.60744666900007,24.826699801000075],[91.60920308300007,24.826436556000033],[91.61007163200009,24.823836994000033],[91.61469150800008,24.82209704400003],[91.61578662600004,24.818385],[91.63084335700006,24.816010559000063],[91.63332351100007,24.81597841100006],[91.63869262900005,24.82085851900007],[91.64782884900006,24.821283477000065],[91.65364214200008,24.819555148000063],[91.66083650500008,24.821441451000055],[91.65853284200006,24.822799917000054],[91.65710906100009,24.833917880000058],[91.65802283900007,24.834740096000075],[91.65818995800004,24.829599667000025],[91.66005688300004,24.832112679000033],[91.66143579700008,24.823769893000076],[91.66452359300007,24.82565869900003],[91.66486256700006,24.835516160000054],[91.66429255000008,24.83709804800003],[91.66109259900009,24.836557495000022],[91.66067315100008,24.84367917700007],[91.65741016900006,24.84436097400004],[91.65729624000005,24.84681076100003],[91.66448705400006,24.85436190100006],[91.66721848500003,24.853781241000036],[91.67060443800005,24.856990969000037],[91.67518528300008,24.85720036600003],[91.67405835700004,24.859309947000042],[91.67559384500004,24.867367312000056],[91.67492563600007,24.869097055000054],[91.67254783200008,24.869593774000066],[91.67313820700008,24.871268212000075],[91.67691765700005,24.87205307000005],[91.67820232200006,24.869436645000064],[91.67960348700007,24.871050023000066],[91.67977087500003,24.868973210000036],[91.68172546500006,24.870618147000073],[91.68154164500004,24.86841606300004],[91.68344547800007,24.867774444000077],[91.68270244200005,24.86205122900003],[91.68761616200004,24.860205257000075],[91.69329574400007,24.861471016000053],[91.69449061100005,24.866682291000075],[91.69769969300006,24.86664865800003],[91.69946971900004,24.87007129400007],[91.69583236400007,24.877661249000028],[91.69130892300007,24.875817664000067],[91.68398655300007,24.878305492000038],[91.68193834000004,24.883690552000076],[91.68348076300003,24.88986576600007],[91.67964093300009,24.888776493000023],[91.67697026100006,24.88978446400006],[91.68233411700004,24.89390665600007],[91.69003551600008,24.894242834000067],[91.68885924600005,24.896775174000027],[91.69134138700008,24.89718381700004],[91.69485751400003,24.90140828600005],[91.69405114800009,24.904067376000057],[91.68108440600008,24.904775571000073],[91.68118485500008,24.906298040000024],[91.69369532800005,24.90759769400006],[91.69511844600004,24.91135778000006],[91.69190336500009,24.91353127900004],[91.69169485500004,24.916616386000044],[91.68557910300007,24.915497248000065],[91.69090778500004,24.918976728000075],[91.68988466500008,24.92277079400003],[91.68755410700004,24.924398102000055],[91.69072914800006,24.92434462700004],[91.69147932100003,24.928392259000077],[91.69386140100005,24.929446391000056],[91.68985033400008,24.933277771000064],[91.69065403200005,24.936935997000035]]]}},{"type":"Feature","id":"sunamganj-derai","properties":{"canonical_id":"sunamganj-derai","name_en":"Derai","name_bn":"দিরাই","district_id":"sunamganj","division_id":"sylhet","pcode":"BD-G-61-382","parent_pcode":"BD6090","source_name":"Derai","match_method":"exact_name_or_alias","boundary_reference_year":"2020","boundary_source":"geoBoundaries gbOpen BGD ADM3 / BBS, OCHA ROAP","source_dataset_updated":"2026-08-09"},"geometry":{"type":"Polygon","coordinates":[[[91.40726204200007,24.67313067400005],[91.41129219800007,24.673529106000046],[91.41378724000003,24.671213773000034],[91.41543305600004,24.672570794000023],[91.41443765900004,24.677461882000046],[91.41599764000006,24.679796606000025],[91.42879665900006,24.68223415400007],[91.42545293700005,24.669876028000033],[91.42848669700004,24.66944989700005],[91.43069160300007,24.673353451000025],[91.43542450600006,24.669205417000057],[91.43820354100006,24.66919124800006],[91.43804798500008,24.66176411400005],[91.44241466900007,24.657726611000044],[91.44180216200004,24.651176924000026],[91.44457177500004,24.65209618700004],[91.44727208700004,24.65701621900007],[91.44672165300005,24.664335564000055],[91.45455668500006,24.66688189100006],[91.45330757500005,24.66807743100003],[91.45427931500006,24.676940788000024],[91.45066818100008,24.679411467000023],[91.45424413600006,24.68610000700005],[91.45966021600003,24.686016967000057],[91.46037103600008,24.690352172000075],[91.46443102300003,24.691132053000047],[91.46011070300005,24.694515100000046],[91.46090765800005,24.696430087000067],[91.45961357600004,24.698767803000067],[91.45281686700008,24.69874064000004],[91.44817704700006,24.702484252000033],[91.45151831500004,24.707049738000023],[91.45257256000008,24.71176145900006],[91.45772019800006,24.714897842000028],[91.45791814100005,24.72085770600006],[91.45479517900009,24.72295355400007],[91.44989854500005,24.722040454000023],[91.45149993600006,24.726984470000048],[91.44941656000003,24.727954991000047],[91.44821959400008,24.732533843000056],[91.44275024400008,24.737548350000054],[91.44129172400005,24.74096203000005],[91.44277131200005,24.742372214000056],[91.44561966900005,24.742280995000044],[91.45041119700005,24.736944492000077],[91.45829957000007,24.74408427000003],[91.46020107700008,24.74450989500008],[91.46197276100008,24.741073243000073],[91.47026803500006,24.74301076100005],[91.46841402600006,24.745786897000073],[91.46822863100004,24.755305836000048],[91.46370719100008,24.75920794700005],[91.45554529700007,24.761271157000067],[91.45818875500004,24.76921457700007],[91.45536662200004,24.771606077000058],[91.45903297200005,24.776979647000076],[91.46699935400005,24.778448102000027],[91.47003702900008,24.783079214000054],[91.46511943800004,24.786487528000066],[91.46259176300003,24.793502210000042],[91.46546881200004,24.798333054000068],[91.45879802400003,24.804140437000058],[91.46274292600003,24.813707020000038],[91.45714852100008,24.814717065000025],[91.44949423200006,24.819592888000045],[91.44981199900008,24.824262006000026],[91.45534022400005,24.831408172000067],[91.45023828800004,24.83458083000005],[91.44903336200008,24.83801186900007],[91.43953718100005,24.838107594000064],[91.43335687200005,24.836418657000024],[91.42893620200005,24.840768639000032],[91.42542685700005,24.84096242800007],[91.41958671600008,24.844585823000045],[91.41796066400008,24.843383966000033],[91.41870520000003,24.839415747000032],[91.41024267200004,24.839332187000025],[91.40696659000008,24.834229745000073],[91.40191058300007,24.841110968000066],[91.38872259500005,24.836955191000072],[91.38670423800005,24.84191483500007],[91.38530362800003,24.83548913000004],[91.38359688100007,24.835222199000043],[91.37283327800009,24.841406886000073],[91.36214814600004,24.843955664000077],[91.35889831500003,24.84630193600003],[91.36001959500004,24.849296364000054],[91.37000198800007,24.855280993000065],[91.37002359300004,24.857971632000044],[91.36852916800007,24.85903785200003],[91.36223944200003,24.858164730000055],[91.35892247100008,24.859437657000058],[91.35276865900005,24.856954483000038],[91.34750697200008,24.858349162000025],[91.34402615900007,24.85529574700007],[91.33788461100005,24.855172543000037],[91.33743994100007,24.86196350000006],[91.33041563500007,24.87307695000004],[91.31816019100006,24.878694376000055],[91.31632074300006,24.888834092000025],[91.30549414700005,24.886734965000073],[91.30113719000008,24.881000156000027],[91.29853134500007,24.879816807000054],[91.28232345900005,24.88472806300007],[91.28212595400004,24.877582080000025],[91.28015191100008,24.876390714000024],[91.27491144100009,24.87682610300004],[91.27364748400004,24.878632141000026],[91.26996151700007,24.878938393000055],[91.26369728000003,24.884266697000044],[91.25982374600005,24.88061807300005],[91.25786714200007,24.882294381000065],[91.25511232900004,24.88231361900006],[91.25414294300003,24.880913668000062],[91.25270869300005,24.88286149700008],[91.24908849700006,24.882960126000057],[91.23607009500006,24.891733294000062],[91.23413877700006,24.887600589000044],[91.23403716800004,24.885096185000066],[91.23543567800004,24.88437407200007],[91.23358901000006,24.87280109900007],[91.23775942400005,24.860889934000056],[91.22889241300004,24.85698431900005],[91.22291637100005,24.857540739000058],[91.22447138100006,24.84817292100007],[91.21538501400005,24.846750384000075],[91.21329377800004,24.842560511000045],[91.20827961500004,24.846697392000067],[91.20598932200005,24.845428550000065],[91.20845536800005,24.836963274000027],[91.20477457600003,24.837380153000026],[91.19828979100004,24.844817754000076],[91.19349216800003,24.845799794000072],[91.19499594100006,24.835898711000027],[91.18317404200008,24.825297156000033],[91.17774965000007,24.824743429000023],[91.17158788900008,24.82034844100008],[91.17214863800007,24.80962130200004],[91.17000405600004,24.805715048000025],[91.16404663600008,24.801816459000065],[91.16049895500004,24.79193111400008],[91.16796680300007,24.791931717000068],[91.17026853800007,24.789229514000056],[91.17580003700004,24.793704637000076],[91.17816559800008,24.793192758000032],[91.17954704600004,24.797208200000057],[91.18371477100004,24.80097924000006],[91.19314532300007,24.80573375700004],[91.19715528000006,24.80562496600004],[91.20028871900007,24.809587777000047],[91.20504244600005,24.809586806000027],[91.20649964200004,24.808287706000044],[91.20796745700005,24.801196833000063],[91.21662023100004,24.800988451000023],[91.21967705400004,24.79896735400007],[91.22105221700008,24.79973667400003],[91.22026810000006,24.80193342700005],[91.22550064900008,24.801173899000048],[91.22699739000007,24.796951367000077],[91.22544792500008,24.793985272000043],[91.22037952500006,24.797967753000023],[91.21743328300005,24.796303129000023],[91.21204985000008,24.79691798400006],[91.20582693700004,24.79467574100005],[91.20230192500009,24.790858401000037],[91.20207411900003,24.788839178000046],[91.20647346300007,24.78890593400007],[91.21149090200004,24.78170170900006],[91.21837788400006,24.777366115000063],[91.21915251400009,24.77180347600006],[91.21734524000004,24.77017300600005],[91.21261656200005,24.77043317300007],[91.20721791500006,24.768148144000065],[91.20611492500007,24.762874398000065],[91.20288665800007,24.76018623300007],[91.20561086700008,24.753685199000074],[91.20503962000004,24.750207541000066],[91.20247317500008,24.750042474000054],[91.19705789000005,24.756746715000077],[91.19373010000004,24.757900911000036],[91.19143847700008,24.74709873100005],[91.19631570600006,24.74572058800004],[91.20083013700008,24.74686009800007],[91.20464690000006,24.744473721000077],[91.20693658000005,24.746645114000046],[91.20614165500007,24.748870674000045],[91.20879102900005,24.749305349000053],[91.21112743800006,24.747672909000073],[91.20847576200003,24.746741635000035],[91.21020559500005,24.744507387000056],[91.22168317400008,24.74772606500005],[91.22627582500007,24.745975653000073],[91.23046821900004,24.74733587700007],[91.23155222000008,24.745955527000035],[91.23041415900008,24.74310007100007],[91.23188075400003,24.741101963000062],[91.24268936900006,24.740357493000033],[91.24435715600004,24.739038810000068],[91.24335241000006,24.736064395000028],[91.24663276900009,24.733669011000075],[91.25111292100007,24.733177364000028],[91.24809066600005,24.730279064000058],[91.24807230000005,24.727447720000043],[91.25174770900009,24.729550438000047],[91.25188469500006,24.727555340000038],[91.25413533800008,24.72843671800007],[91.25740522900009,24.72510206900006],[91.25933106700006,24.72821539100005],[91.26603593900006,24.732532293000077],[91.26829588900006,24.742415188000052],[91.27643099500006,24.751421846000028],[91.27544805800005,24.75206175200003],[91.26857571300008,24.748856871000044],[91.26200197100007,24.75070766400006],[91.26430518600006,24.75636926100003],[91.26057338600003,24.761578864000057],[91.27101719300003,24.76370804000004],[91.27652844900007,24.769121488000053],[91.28004543400004,24.766035387000045],[91.29303856600006,24.761198856000078],[91.29232184500006,24.76737475300007],[91.29492749700006,24.768478731000073],[91.29893861600004,24.76629769300007],[91.29739746000007,24.76240899000004],[91.30556098800008,24.76121609100005],[91.30289753400007,24.757289816000025],[91.30326118400006,24.752690981000057],[91.30028541600007,24.75275690600006],[91.29984901200004,24.75108676600007],[91.30318490700006,24.747629234000044],[91.30842437500007,24.74815923700004],[91.31343393400005,24.746039094000025],[91.31519466700007,24.742343961000074],[91.31158178500004,24.737262987000065],[91.30467566400006,24.73212651800003],[91.30738284300008,24.72627579300007],[91.31555857500007,24.735993861000054],[91.32447437200005,24.74317087600008],[91.32705583400008,24.743417243000067],[91.32772503300004,24.745213345000025],[91.33082082900006,24.74570284500004],[91.32896487700003,24.73883346100007],[91.33829343300005,24.73922058000005],[91.34015913900004,24.740957398000035],[91.34578133400004,24.74025969300004],[91.34496867700005,24.735718763000023],[91.34667275300006,24.73455159300005],[91.34548792400005,24.732346532000065],[91.35064162000003,24.73093386100004],[91.35146156600007,24.726641809000057],[91.35120165200004,24.725232108000057],[91.34483868500007,24.723170113000037],[91.34321301000006,24.714475927000024],[91.34683721700009,24.71487460700007],[91.34889261200004,24.717611376000036],[91.35335614600007,24.718026611000028],[91.36303569000006,24.708914761000074],[91.36312074900007,24.711449681000033],[91.36532666500005,24.709494412000026],[91.37123303300007,24.71209813100006],[91.37471964300005,24.702386258000047],[91.38027177500004,24.705767180000066],[91.38201105200005,24.70528161900006],[91.38030960700007,24.70219385000007],[91.37308403600008,24.700099757000032],[91.37337629700005,24.697964350000063],[91.37877316000004,24.697363480000035],[91.38005663400008,24.69532618200003],[91.38576505900005,24.690236081000023],[91.39190741700008,24.687663323000038],[91.39178351100009,24.686072970000055],[91.38608400400005,24.68316223000005],[91.39095129900005,24.678375439000035],[91.39058303300004,24.673907401000065],[91.39498792300003,24.674013847000026],[91.39860161700005,24.677053753000052],[91.39789571900008,24.672074185000042],[91.39906410800006,24.671064385000022],[91.40726204200007,24.67313067400005]]]}},{"type":"Feature","id":"sunamganj-dharmapasha","properties":{"canonical_id":"sunamganj-dharmapasha","name_en":"Dharmapasha","name_bn":"ধর্মপাশা","district_id":"sunamganj","division_id":"sylhet","pcode":"BD-G-61-379","parent_pcode":"BD6090","source_name":"Dharmapasha","match_method":"exact_name_or_alias","boundary_reference_year":"2020","boundary_source":"geoBoundaries gbOpen BGD ADM3 / BBS, OCHA ROAP","source_dataset_updated":"2026-08-09"},"geometry":{"type":"Polygon","coordinates":[[[90.99805530300006,24.89213513900006],[91.00535987400008,24.892822083000055],[91.01560041000005,24.898552491000032],[91.01624199800005,24.89332405500005],[91.02048947600008,24.89056507500004],[91.01550167200008,24.88897871200004],[91.01651023700003,24.885728246000042],[91.02014663600005,24.88506115000007],[91.02534565500008,24.888485848000073],[91.02771072800005,24.883577382000055],[91.02931047400006,24.88302171500004],[91.03117225100004,24.891745164000042],[91.03954965000008,24.900163129000077],[91.03875152800003,24.905206476000046],[91.04513529600007,24.908135111000036],[91.04739984400004,24.906765810000024],[91.04872368600007,24.90275665200005],[91.05404606800005,24.902822423000032],[91.05384077300005,24.900581541000065],[91.06083414200003,24.903289596000036],[91.06678542000003,24.902006623000034],[91.06725104900005,24.899089339000056],[91.07081471300006,24.899091458000044],[91.07476177600006,24.901279439000064],[91.07842042100003,24.90002830900005],[91.08409907700008,24.89180236800007],[91.08764781600007,24.89266884500006],[91.08880545600005,24.887581457000067],[91.09564461100007,24.887542129000053],[91.09844576500006,24.889586636000047],[91.09795780400003,24.884853875000033],[91.10118922600003,24.88462688800007],[91.10109526900004,24.881426369000053],[91.10374179200005,24.879931511000052],[91.10888759600005,24.871556793000025],[91.10666999200004,24.867557617000045],[91.10391496800008,24.869340597000075],[91.10345686900007,24.863662272000056],[91.10905732600008,24.860280165000063],[91.11036105000005,24.853113454000038],[91.11225849700008,24.85231935400003],[91.11381036500006,24.847542650000037],[91.12090939800004,24.846252986000025],[91.12349976800004,24.848716841000055],[91.12452540700008,24.844280368000057],[91.13041208200008,24.840565173000073],[91.12071595700007,24.83761758600008],[91.11863099800007,24.834446094000043],[91.11810765900003,24.830232885000044],[91.11481048700006,24.826200665000044],[91.11578936200004,24.822601014000043],[91.11248704800005,24.817060713000046],[91.11303877800003,24.81451458500004],[91.11561119300006,24.81299526500004],[91.12643770800008,24.81931600200005],[91.13084381000004,24.82381874600003],[91.13650531600007,24.833703977000027],[91.14571859200004,24.840698634000034],[91.14827178200005,24.844121792000067],[91.14787320200008,24.85032801500006],[91.15799119700006,24.862604858000054],[91.16096478300005,24.875515156000063],[91.15485412300006,24.874839576000056],[91.15182046000007,24.876336053000045],[91.13966248800006,24.89004230300003],[91.15331665600007,24.899744657000042],[91.15579750600006,24.89902788300003],[91.15720079000005,24.893041905000075],[91.16041571300008,24.895808928000065],[91.16053728600008,24.90259013900004],[91.15852677300006,24.90888280000007],[91.16187907200003,24.914045060000035],[91.16310210700004,24.919473878000076],[91.16123285900005,24.92519939300007],[91.15516117500005,24.933883816000048],[91.15713261400003,24.935017032000076],[91.16410629600006,24.93486677800007],[91.17114140400008,24.93146095800006],[91.17601293500007,24.934964621000063],[91.17720071600007,24.93835165400003],[91.17452984800008,24.940247020000072],[91.17098726000006,24.935649841000043],[91.16857055800006,24.936540772000058],[91.16586964200008,24.941764914000032],[91.16531550400003,24.948197494000055],[91.16074875700008,24.952669146000062],[91.16172443200009,24.959732605000056],[91.16064294100005,24.96231289700006],[91.15871037900007,24.962076800000034],[91.15501094100006,24.957199415000048],[91.15266069600005,24.96136184200003],[91.14048384200004,24.960908715000073],[91.14237881800005,24.967472577000024],[91.14171380400006,24.970282634000057],[91.13282100700008,24.967707580000024],[91.13606540500007,24.975207712000042],[91.13191985100008,24.979377314000033],[91.12726659700007,24.992409692000024],[91.12237877300004,24.991654822000044],[91.12153775300004,24.995603911000046],[91.11444596100006,24.999255121000033],[91.11006950600006,25.00346763600004],[91.10518720200008,25.00191583000003],[91.10275294600007,25.009918741000035],[91.09967227600004,25.010122720000027],[91.09939354700003,25.012346179000076],[91.09485873900007,25.01159345800005],[91.09376069000007,25.015586062000068],[91.09471154100004,25.021744349000073],[91.09001313400006,25.021931256000073],[91.08876097600006,25.025474016000032],[91.08496588800006,25.024362282000027],[91.08246142300004,25.02540489200004],[91.08419510900006,25.03011781200007],[91.08955769600004,25.02955823900004],[91.09446366900005,25.032486308000045],[91.09685392200004,25.031622682000034],[91.09818810300004,25.033487130000026],[91.09873933800009,25.039179321000063],[91.09091123800005,25.042871038000044],[91.09168599900005,25.046620719000032],[91.09638235500006,25.047700212000052],[91.10333974700006,25.045000642000048],[91.10740009300008,25.046517949000076],[91.10344723300005,25.053132507000043],[91.09454696900008,25.056663642000046],[91.09576347700005,25.067769500000054],[91.09321730500005,25.06769063300004],[91.08989478700005,25.069929113000057],[91.08611168300007,25.068366990000072],[91.08308176700007,25.073666055000047],[91.07772399100008,25.077263453000057],[91.07773617900006,25.083680333000075],[91.07584360000004,25.082622315000037],[91.07402120500007,25.084561171000075],[91.07102712800008,25.084896042000025],[91.06549261000004,25.079486813000074],[91.06205275300005,25.082586770000034],[91.05763665200004,25.082515029000035],[91.05607012300004,25.084695096000075],[91.05189464900008,25.086102407000055],[91.05046343700008,25.08919575400006],[91.04553554300008,25.08902061300006],[91.04713732400006,25.09546864400005],[91.05162504400005,25.097410532000026],[91.05105478300004,25.102481004000026],[91.04523512600008,25.102387246000035],[91.04597027200003,25.106544925000037],[91.04435113400007,25.110033475000023],[91.03584266900003,25.111984395000036],[91.03087648200005,25.115925084000025],[91.02602019100004,25.116806472000064],[91.02402673400007,25.124258791000045],[91.02589708200009,25.12708130200008],[91.02226402800005,25.127582179000058],[91.02585345700004,25.13454947500003],[91.03188812100007,25.13916707900006],[91.04914976700007,25.13794418300006],[91.05142723400007,25.14006871600003],[91.05560934000005,25.139581831000044],[91.05726600200006,25.138502784000025],[91.05724374500005,25.13347040600007],[91.06522709500007,25.131392203000075],[91.08532943800003,25.144658072000027],[91.08452631400007,25.14898647600006],[91.08763894300006,25.151782682000032],[91.08759230000004,25.157222429000058],[91.08193357500005,25.169265790000054],[91.07767024300006,25.16879629300007],[91.07599547300003,25.174265380000065],[91.07301600100004,25.176445728000033],[91.07422269900007,25.178970998000068],[91.07245336300008,25.185642837000046],[91.07613023800008,25.18946852600004],[91.07114668300005,25.19835678000004],[91.06957432200005,25.19852065500004],[91.06956323200006,25.19699704800007],[91.07181815300004,25.193470355000045],[91.06780835700005,25.191642006000052],[91.05508372100007,25.192550933000064],[91.04992654400007,25.189864920000048],[91.04153720000005,25.187769850000052],[91.03948072500003,25.188635384000065],[91.03833802500009,25.186396252000065],[91.03033482300003,25.185243675000038],[91.01903405900003,25.187086719000035],[91.01869011600007,25.183930339000028],[91.01048346900006,25.182470248000072],[91.00939300900006,25.18331094100006],[91.00652701100006,25.180531633000044],[91.00191248400006,25.181417620000047],[90.99910621500004,25.17941574500003],[90.98493621000006,25.17517554500006],[90.97727588700008,25.17412775100007],[90.97303924100004,25.175169793000066],[90.96532929900008,25.171028711000076],[90.96484836000008,25.17187864600004],[90.96229103800005,25.167350166000062],[90.96692592600004,25.16473452300005],[90.97026229400007,25.160580280000033],[90.96609612100008,25.157721826000056],[90.96692734800007,25.15390285700005],[90.96305729200003,25.15452406600008],[90.95801965200008,25.14856691800003],[90.95222649100003,25.14921719700004],[90.94923017200006,25.137251109000033],[90.95333296800004,25.135442432000048],[90.95224354000004,25.132232430000045],[90.95564105400007,25.130163525000057],[90.95453424300007,25.125036988000033],[90.95589987900007,25.119526534000045],[90.94742263700005,25.113832652000042],[90.95270775600005,25.106548643000053],[90.95753021400003,25.104640990000064],[90.95974597200006,25.10096604000006],[90.96534588600008,25.097153374000072],[90.97108766900004,25.095418781000035],[90.97214285200005,25.09271127200003],[90.96811071000008,25.08886988200004],[90.97009620300008,25.084754369000052],[90.97012212000004,25.079943911000043],[90.97418225800004,25.076625797000077],[90.97466440600004,25.074280415000032],[90.96976308700005,25.070396780000067],[90.96631336100006,25.070075562000056],[90.96268568300007,25.072988812000062],[90.95656635600005,25.070438945000035],[90.95106288600005,25.07378390100007],[90.94417586900005,25.081563996000057],[90.93914330800004,25.07875195400004],[90.93449139500007,25.08099148100007],[90.93199339000006,25.078795332000027],[90.92779547700007,25.07822337500005],[90.93266204400004,25.073803019000025],[90.93248511000007,25.07122372200007],[90.93573783700003,25.065766446000055],[90.92878712500004,25.06312018400007],[90.93146847800006,25.06101512600003],[90.92953604100006,25.05725989700005],[90.93008089200003,25.053676524000025],[90.93226785500008,25.052833715000077],[90.93286427100008,25.04486070300004],[90.93583235400007,25.04312740200004],[90.93886842000006,25.045777273000056],[90.94560382400005,25.043233719000057],[90.95069154700008,25.044936763000067],[90.95263222000005,25.041283424000028],[90.95885949500007,25.03735864300006],[90.96502914700005,25.035700588000054],[90.95757371600007,25.03197189100007],[90.95280760100007,25.03431428600004],[90.94835726800005,25.03174427700003],[90.94655139900004,25.03221577200003],[90.94520445800003,25.029602727000054],[90.93787852800006,25.028199201000064],[90.93807834900008,25.02514963300007],[90.93512501300006,25.024354379000044],[90.93407083400007,25.017738931000054],[90.93656781600004,25.01245231100006],[90.93617052700006,25.009230969000043],[90.94135338300003,25.004440378000027],[90.94742654700008,25.00475456600003],[90.94610537900007,25.000615217000075],[90.94700095200005,24.99415619000007],[90.94276442800003,24.993184110000072],[90.94031379100005,24.986084235000078],[90.94123424800006,24.98465387300007],[90.94496674900006,24.983240667000075],[90.94365821000008,24.97592475400006],[90.94781719600007,24.975258867000036],[90.94811779700007,24.971338890000027],[90.95440306200004,24.97102499700003],[90.95664897300009,24.972890031000077],[90.96003565500007,24.972781312000052],[90.96420364400007,24.969325093000066],[90.96740945800008,24.962014530000033],[90.97166372400005,24.960866503000034],[90.97317249500009,24.95842353000006],[90.97065727100005,24.948104674000035],[90.96522434700006,24.945786989000055],[90.96338692700004,24.94187404200005],[90.95234678700007,24.941892523000035],[90.94913873600007,24.93967626500006],[90.95007615200007,24.93655817800004],[90.95392547900008,24.940308307000066],[90.95525789700008,24.939544039000054],[90.95493733100005,24.929675270000075],[90.95680579200007,24.92572206600005],[90.95341560000008,24.918929751000064],[90.95727768000006,24.91485202900003],[90.96464830800005,24.911388206000026],[90.96723006100007,24.911842196000066],[90.96838575400005,24.915838563000023],[90.97064717800004,24.917023778000043],[90.97208206100004,24.91334807900006],[90.97277536700005,24.91597253900005],[90.97981719200004,24.917156831000057],[90.98954324900006,24.913600665000047],[90.99286753400008,24.914100639000026],[90.99649216100005,24.908457870000063],[90.99805530300006,24.89213513900006]]]}},{"type":"Feature","id":"sunamganj-dowarabazar","properties":{"canonical_id":"sunamganj-dowarabazar","name_en":"Dowarabazar","name_bn":"দোয়ারাবাজার","district_id":"sunamganj","division_id":"sylhet","pcode":"BD-G-61-377","parent_pcode":"BD6090","source_name":"Dowarabazar","match_method":"exact_name_or_alias","boundary_reference_year":"2020","boundary_source":"geoBoundaries gbOpen BGD ADM3 / BBS, OCHA ROAP","source_dataset_updated":"2026-08-09"},"geometry":{"type":"Polygon","coordinates":[[[91.70490544100005,25.15006469000008],[91.70374870000006,25.15102997300005],[91.70282050400004,25.149005749000025],[91.70097948800009,25.150720023000076],[91.69875170500006,25.146309901000052],[91.69427867500008,25.14549080000006],[91.69417066800008,25.14051289500003],[91.69163528300004,25.13721705000006],[91.68622000300007,25.137850401000037],[91.68062930200006,25.13506906200007],[91.67556998800006,25.138145268000073],[91.66796359000006,25.13781870300005],[91.66389927700004,25.13523364100007],[91.66494889500007,25.128551338000022],[91.66008073300009,25.127127364000046],[91.65833228100007,25.129638502000034],[91.65881959600006,25.131586371000026],[91.65268682900006,25.131305218000023],[91.65110777600006,25.127230005000058],[91.64536712200004,25.12733264800005],[91.64199206000006,25.123167721000073],[91.63657732400009,25.122825856000077],[91.63552583400008,25.124259726000048],[91.62692184500008,25.12552581700004],[91.62310415500008,25.12801677300007],[91.62141264200005,25.143515566000076],[91.61536490600008,25.145223404000035],[91.61221109000007,25.141069241000025],[91.61103982700007,25.146385244000044],[91.60687038900005,25.144799728000066],[91.60371062700005,25.140325804000042],[91.60160490000004,25.143699706000064],[91.59939149900003,25.15129726400005],[91.60258054000008,25.154995969000026],[91.60355483600006,25.15912994000007],[91.59984737000008,25.15956665400006],[91.60396860300006,25.16755356500005],[91.60818296200006,25.16985286700003],[91.61536176900006,25.169770044000074],[91.61511631300004,25.174855965000063],[91.60935705300005,25.177136227000062],[91.60541129400008,25.173764429000073],[91.59197488800004,25.174430788000052],[91.58902441700008,25.171754962000023],[91.57697016600008,25.172102362000032],[91.57146802300008,25.165374693000047],[91.57625870300006,25.160034048000057],[91.57007078000004,25.16094692300004],[91.56688759900004,25.159414049000077],[91.56298986600007,25.160771840000052],[91.55811331900009,25.155756176000068],[91.55714698500003,25.149845921000065],[91.52641748400004,25.144602578000047],[91.51792780000005,25.147474803000023],[91.51918502100006,25.14161917100006],[91.51707204100006,25.13869287400007],[91.51718100800008,25.133665448000045],[91.51357646100007,25.134033002000024],[91.50635931500005,25.130631524000023],[91.49624315300008,25.129244234000055],[91.49998451900007,25.125213889000065],[91.49918785600005,25.116872924000063],[91.49360971700008,25.11424253000007],[91.49286673400007,25.108592748000035],[91.49004794000007,25.104755535000038],[91.48460767400007,25.10526945600003],[91.48365070900007,25.103211375000058],[91.48376111700009,25.094898427000032],[91.48986019000006,25.093965983000032],[91.49576955900005,25.09013066600005],[91.49946190800006,25.09289691200007],[91.49806038200006,25.089303398000027],[91.50265757800008,25.08857464500005],[91.49953540100006,25.07904614800003],[91.49260237600004,25.076391517000047],[91.48912607200003,25.072273616000075],[91.46943327800005,25.070401082000046],[91.46730211600004,25.06397308000004],[91.47181994800007,25.056609654000056],[91.46814338900003,25.053672062000032],[91.46378279400005,25.05305710600004],[91.46046020200004,25.05555084200006],[91.45972761200005,25.059916328000043],[91.45741961500005,25.062517403000072],[91.44677712300006,25.064278358000024],[91.44574209600006,25.048197771000048],[91.45465746400004,25.04182468600004],[91.47468374800007,25.04007196200007],[91.47778345900008,25.03800790200006],[91.47590742500006,25.03052047700004],[91.46747993900004,25.018122172000062],[91.46687683300007,25.01505762100004],[91.48055920600007,24.997951037000064],[91.48263406000007,24.988751043000036],[91.49062682500005,24.98041510200005],[91.48518522400008,24.96303970300005],[91.50775943500008,24.969947001000037],[91.50870939600009,24.967280543000072],[91.51481857100003,24.96573151700005],[91.52396931400006,24.968431520000024],[91.52839699400005,24.97154519000003],[91.53623457500004,24.97154295000007],[91.54162032000005,24.96928530400004],[91.54341094100005,24.971638576000032],[91.54705929600004,24.97243871300003],[91.54954704000005,24.97626372800005],[91.54588005800008,24.981263330000047],[91.55012116500006,24.98131796800004],[91.55410873400007,24.98326840800007],[91.55642725300004,24.98655049100006],[91.56137157600006,24.989275672000076],[91.56418635200004,24.994317016000025],[91.56743859300008,24.995361181000078],[91.56633449300006,25.00351074300005],[91.56821445300005,25.006384151000077],[91.57276963900006,25.006722032000027],[91.57421088100006,24.996878199000037],[91.58695679900006,24.99670551400004],[91.59161546200005,24.992268247000027],[91.59484900500007,24.99204401000003],[91.59955439000004,25.00172550700006],[91.58762146200007,25.00876895500005],[91.58790100200008,25.01158129600003],[91.59413995800008,25.013673565000033],[91.59610964800004,25.024811557000078],[91.59879567000007,25.024664183000027],[91.59810451300007,25.021557785000027],[91.59938845500005,25.02041762500005],[91.60465194200003,25.020268350000038],[91.60729584700005,25.029875811000068],[91.60969910700004,25.03069286300007],[91.61418065900006,25.03678383700003],[91.61290532100008,25.03739923200004],[91.61235255300005,25.04320510900004],[91.61456935500007,25.04655272100007],[91.61738207600007,25.06645313300004],[91.61577964000008,25.069263859000046],[91.61192693500004,25.07113520300004],[91.61530754700004,25.073514771000077],[91.61776807300004,25.07253769400006],[91.63387909500005,25.074703589000023],[91.63905056900006,25.08129675400005],[91.63747735800007,25.087442343000077],[91.64463797100007,25.088043666000033],[91.64803867400008,25.08393231200006],[91.65437301000009,25.08383247100005],[91.65285222400007,25.080355902000065],[91.65584910100006,25.076198659000056],[91.65666585800005,25.077728360000037],[91.66003704700006,25.07556782900008],[91.66244582500008,25.07661132100003],[91.66471050300004,25.072677670000076],[91.66826517900006,25.074614456000063],[91.67150069700006,25.071199097000033],[91.66973221100005,25.067204660000073],[91.66998891700007,25.06278904000004],[91.67593196500007,25.06101622600005],[91.67279377000006,25.056926673000078],[91.67868489200004,25.062413897000056],[91.68434074900006,25.061668178000048],[91.68692204200005,25.064503745000025],[91.68629569800004,25.069027396000024],[91.68800442000008,25.072869936000075],[91.68721154000008,25.077221118000068],[91.68184201800005,25.085548844000073],[91.68365063900006,25.08835087800003],[91.68353614000006,25.09162050900005],[91.68720100900003,25.09669522100006],[91.68439620000004,25.101074339000036],[91.68533881500008,25.10708960100004],[91.68428363700008,25.113935050000066],[91.68868381800007,25.122128004000047],[91.68906855400007,25.124324312000056],[91.68744650100007,25.126085291000038],[91.69007952000004,25.12851554300005],[91.68947803700007,25.13039073400006],[91.69520960300008,25.131228677000024],[91.69616345200006,25.137098105000064],[91.69936152800005,25.137328355000022],[91.70490544100005,25.15006469000008]]]}},{"type":"Feature","id":"sunamganj-jagannathpur","properties":{"canonical_id":"sunamganj-jagannathpur","name_en":"Jagannathpur","name_bn":"জগন্নাথপুর","district_id":"sunamganj","division_id":"sylhet","pcode":"BD-G-61-376","parent_pcode":"BD6090","source_name":"Jagannathpur","match_method":"exact_name_or_alias","boundary_reference_year":"2020","boundary_source":"geoBoundaries gbOpen BGD ADM3 / BBS, OCHA ROAP","source_dataset_updated":"2026-08-09"},"geometry":{"type":"Polygon","coordinates":[[[91.67312573300006,24.749483401000077],[91.67369173500003,24.754923227000063],[91.67673012400007,24.755690566000055],[91.67746783000007,24.758117296000023],[91.67615366900009,24.761547765000046],[91.67268212100004,24.76222593800003],[91.67166518700003,24.760772345000078],[91.67062590900008,24.761850485000025],[91.67067665500008,24.767998627000054],[91.66622798500003,24.768137919000026],[91.66604855000008,24.770530895000036],[91.66243873500008,24.772777467000026],[91.65907064900006,24.77192321600006],[91.65797075700004,24.77003536500007],[91.65777683300007,24.773396854000055],[91.65332864800007,24.769996968000044],[91.64974765700003,24.770420197000078],[91.65104270600006,24.77721095800007],[91.64860019500009,24.781108492000044],[91.64240616900008,24.779565468000044],[91.63604230100003,24.779860316000054],[91.63752584500008,24.782456868000054],[91.63912391700006,24.782380122000063],[91.63944390300009,24.78462258600007],[91.64453733100004,24.786453203000065],[91.64566683000004,24.78323211000003],[91.64729215700004,24.783440521000045],[91.64706387600006,24.785673193000036],[91.65084366400004,24.78673929200005],[91.65369772500009,24.789591409000025],[91.65353068100006,24.791865168000072],[91.65142267900006,24.79251426700006],[91.65239717500003,24.79351362400007],[91.66408884400005,24.786300295000046],[91.66749616000004,24.786959291000073],[91.67102920100007,24.78505033500005],[91.67453765400006,24.785462003000077],[91.67453039000009,24.78952509100003],[91.67036533400005,24.790819886000065],[91.67691128000007,24.793554096000037],[91.67236406800004,24.796230141000024],[91.67472550100007,24.80106014200004],[91.67417304300005,24.806369103000065],[91.67002404200008,24.805535732000067],[91.66727239700003,24.809978740000076],[91.66656238700006,24.807694440000034],[91.65824930000008,24.80860790500003],[91.65808662100005,24.816081144000066],[91.66254675700009,24.81546675100003],[91.66083650500008,24.821441451000055],[91.65364214200008,24.819555148000063],[91.64782884900006,24.821283477000065],[91.63869262900005,24.82085851900007],[91.63332351100007,24.81597841100006],[91.63084335700006,24.816010559000063],[91.61578662600004,24.818385],[91.61469150800008,24.82209704400003],[91.61007163200009,24.823836994000033],[91.60920308300007,24.826436556000033],[91.60744666900007,24.826699801000075],[91.60645803400007,24.825653464000027],[91.60989912200006,24.819101983000053],[91.60895878200006,24.81647787600008],[91.61034419900005,24.813306742000066],[91.60130227100007,24.80641249200005],[91.59701792300007,24.807289539000067],[91.59811275300007,24.81663312300003],[91.58544101500007,24.825886866000076],[91.58224152600008,24.825095727000075],[91.58136314200004,24.827649543000064],[91.57741636500003,24.82747002900004],[91.57494492500007,24.828946959000064],[91.56604708400005,24.825098080000032],[91.56258853600008,24.825481893000074],[91.55998305600008,24.828462780000052],[91.55949363500008,24.832931126000062],[91.54930134900007,24.834569834000035],[91.54325919500008,24.82720467400003],[91.53681887700009,24.825495643000068],[91.53515895100008,24.82712950000007],[91.53351274400006,24.83685736600006],[91.52477700300005,24.831654463000064],[91.51958095700007,24.834918423000033],[91.51868773100006,24.833985632000065],[91.52026561800005,24.829811600000028],[91.51845818400005,24.827081113000077],[91.51392291700006,24.83032179500003],[91.50831967500005,24.828733974000045],[91.50355330600007,24.833041020000053],[91.49491270100003,24.83285906800006],[91.49260427400009,24.835339254000075],[91.48932972200004,24.83610951000003],[91.48622955100006,24.83501790500003],[91.48208686700008,24.83917701000007],[91.47359809400007,24.840887382000062],[91.46618974400008,24.846449017000054],[91.46113048100005,24.846014377000074],[91.46388006000006,24.838906128000076],[91.45852235900009,24.839153210000063],[91.45437010900008,24.841158716000052],[91.44903336200008,24.83801186900007],[91.45023828800004,24.83458083000005],[91.45534022400005,24.831408172000067],[91.44981199900008,24.824262006000026],[91.44949423200006,24.819592888000045],[91.45714852100008,24.814717065000025],[91.46274292600003,24.813707020000038],[91.45879802400003,24.804140437000058],[91.46546881200004,24.798333054000068],[91.46259176300003,24.793502210000042],[91.46511943800004,24.786487528000066],[91.47003702900008,24.783079214000054],[91.46699935400005,24.778448102000027],[91.45903297200005,24.776979647000076],[91.45536662200004,24.771606077000058],[91.45818875500004,24.76921457700007],[91.45554529700007,24.761271157000067],[91.46370719100008,24.75920794700005],[91.46822863100004,24.755305836000048],[91.46841402600006,24.745786897000073],[91.47026803500006,24.74301076100005],[91.46197276100008,24.741073243000073],[91.46020107700008,24.74450989500008],[91.45829957000007,24.74408427000003],[91.45041119700005,24.736944492000077],[91.44561966900005,24.742280995000044],[91.44277131200005,24.742372214000056],[91.44129172400005,24.74096203000005],[91.44275024400008,24.737548350000054],[91.44821959400008,24.732533843000056],[91.44941656000003,24.727954991000047],[91.45149993600006,24.726984470000048],[91.44989854500005,24.722040454000023],[91.45479517900009,24.72295355400007],[91.45791814100005,24.72085770600006],[91.45772019800006,24.714897842000028],[91.45257256000008,24.71176145900006],[91.45151831500004,24.707049738000023],[91.44817704700006,24.702484252000033],[91.45281686700008,24.69874064000004],[91.45961357600004,24.698767803000067],[91.46090765800005,24.696430087000067],[91.46011070300005,24.694515100000046],[91.46443102300003,24.691132053000047],[91.46037103600008,24.690352172000075],[91.45966021600003,24.686016967000057],[91.45424413600006,24.68610000700005],[91.45066818100008,24.679411467000023],[91.45427931500006,24.676940788000024],[91.45330757500005,24.66807743100003],[91.45455668500006,24.66688189100006],[91.46270289000006,24.66468081900007],[91.46415136900004,24.66168805700005],[91.46322134100006,24.65851191200005],[91.46450642000008,24.657451389000073],[91.47608933200007,24.668613761000074],[91.48261324500004,24.664043178000043],[91.48288564400008,24.670890556000074],[91.49364137600008,24.664533266000035],[91.49432268100009,24.66858753100007],[91.49583405700008,24.669013807000056],[91.51330774600007,24.663051419000055],[91.51873122000006,24.66255029100006],[91.52254802600004,24.66420637500005],[91.52664111600006,24.65658628700004],[91.52884611400003,24.66179249100003],[91.53538309600003,24.658281652000028],[91.53569918100004,24.649897397000075],[91.53707978900007,24.648225812000078],[91.54436988200007,24.65416072800008],[91.54802340200007,24.664600637000035],[91.55131262500004,24.66695723600003],[91.55706838600008,24.658452384000043],[91.55938884300008,24.659132045000035],[91.55892153800005,24.66441287500004],[91.56137481600007,24.663945519000038],[91.56535937500007,24.658560925000074],[91.57318179600009,24.653360709000026],[91.57641289300005,24.645325720000073],[91.57866715500006,24.649788510000064],[91.57685949400008,24.658069897000075],[91.57469739400005,24.660566049000067],[91.56978277900004,24.661331930000074],[91.56836295100004,24.66443479800006],[91.57987566300005,24.67495237600008],[91.58289184500006,24.67430210400005],[91.58405621300005,24.671873362000042],[91.58378544800007,24.661092972000063],[91.59097091100006,24.65889121300006],[91.59230910600007,24.660401857000068],[91.58986764500008,24.663637063000067],[91.59239280000008,24.666995168000028],[91.60024913600006,24.670412199000054],[91.61208312700006,24.669791290000035],[91.61261364000006,24.674931119000064],[91.61406378200007,24.675269369000034],[91.62713690500004,24.656218358000046],[91.63199088400006,24.657771213000046],[91.63051537100006,24.669626170000072],[91.63193537200004,24.67211069500007],[91.63692386500009,24.67483229900006],[91.64913400700004,24.675005690000035],[91.65139724100004,24.685864258000038],[91.65490416900008,24.68988364100005],[91.65446856300008,24.694969551000042],[91.65140620400007,24.69699362800003],[91.64720274100006,24.696849651000036],[91.64560014400007,24.691231952000066],[91.64323888300004,24.691238635000047],[91.64386581800005,24.69782809000003],[91.66132584200005,24.700631754000028],[91.66282527700008,24.703813679000064],[91.65870232100008,24.705100810000033],[91.65717750400006,24.707555503000037],[91.65859758900007,24.71318803500003],[91.65274869400008,24.71661761200005],[91.65547192500009,24.716384423000022],[91.65655377900003,24.720172009000066],[91.65881794000006,24.720257021000066],[91.65961679800006,24.723798844000044],[91.66584220400006,24.723813329000052],[91.66557283200007,24.720657863000042],[91.67207098500006,24.71913526700007],[91.67248690100007,24.723166019000075],[91.67420686200006,24.72413154800006],[91.67021283200006,24.726044526000067],[91.67217585300006,24.72929113600003],[91.66741915600005,24.734213561000047],[91.66550011700008,24.734127113000056],[91.66356967200005,24.740055767000058],[91.65952804100004,24.742017544000078],[91.66317219500007,24.74366556600006],[91.66421823300004,24.74792635400007],[91.67312573300006,24.749483401000077]]]}},{"type":"Feature","id":"sunamganj-jamalganj","properties":{"canonical_id":"sunamganj-jamalganj","name_en":"Jamalganj","name_bn":"জামালগঞ্জ","district_id":"sunamganj","division_id":"sylhet","pcode":"BD-G-61-380","parent_pcode":"BD6090","source_name":"Jamalganj","match_method":"exact_name_or_alias","boundary_reference_year":"2020","boundary_source":"geoBoundaries gbOpen BGD ADM3 / BBS, OCHA ROAP","source_dataset_updated":"2026-08-09"},"geometry":{"type":"Polygon","coordinates":[[[91.22048471700003,25.06468865200003],[91.21457605100005,25.065493916000037],[91.19926251600003,25.06340836100003],[91.19475221000005,25.056740645000048],[91.19437105900005,25.053276820000065],[91.18900179900004,25.05408800400005],[91.17291597900004,25.044359800000052],[91.17027074700007,25.03986402000004],[91.16847186300004,25.039678957000035],[91.16949470300005,25.035832072000062],[91.16831297100003,25.03081848100004],[91.15121196300004,25.03572538900005],[91.13876217600006,25.02945236900007],[91.13445029900004,25.024673491000044],[91.13396611700006,25.027997964000065],[91.12828376100003,25.030268232000026],[91.12517830000007,25.03527351400004],[91.12609304100005,25.039049023000075],[91.12434222600007,25.038898049000068],[91.12292470300008,25.042420872000037],[91.12016178400006,25.04352081500008],[91.11873589300006,25.047915058000058],[91.12778851200005,25.053939575000072],[91.13294822900008,25.050299608000046],[91.13398952200004,25.05115741000003],[91.13171195800004,25.054789588000062],[91.12995272200004,25.055096457000047],[91.12227155400006,25.071174995000035],[91.09973931000007,25.07230646100004],[91.09576347700005,25.067769500000054],[91.09454696900008,25.056663642000046],[91.10344723300005,25.053132507000043],[91.10740009300008,25.046517949000076],[91.10333974700006,25.045000642000048],[91.09638235500006,25.047700212000052],[91.09168599900005,25.046620719000032],[91.09091123800005,25.042871038000044],[91.09873933800009,25.039179321000063],[91.09818810300004,25.033487130000026],[91.09685392200004,25.031622682000034],[91.09446366900005,25.032486308000045],[91.08955769600004,25.02955823900004],[91.08419510900006,25.03011781200007],[91.08246142300004,25.02540489200004],[91.08496588800006,25.024362282000027],[91.08876097600006,25.025474016000032],[91.09001313400006,25.021931256000073],[91.09471154100004,25.021744349000073],[91.09376069000007,25.015586062000068],[91.09485873900007,25.01159345800005],[91.09939354700003,25.012346179000076],[91.09967227600004,25.010122720000027],[91.10275294600007,25.009918741000035],[91.10518720200008,25.00191583000003],[91.11006950600006,25.00346763600004],[91.11444596100006,24.999255121000033],[91.12153775300004,24.995603911000046],[91.12237877300004,24.991654822000044],[91.12726659700007,24.992409692000024],[91.13191985100008,24.979377314000033],[91.13606540500007,24.975207712000042],[91.13282100700008,24.967707580000024],[91.14171380400006,24.970282634000057],[91.14237881800005,24.967472577000024],[91.14048384200004,24.960908715000073],[91.15266069600005,24.96136184200003],[91.15501094100006,24.957199415000048],[91.15871037900007,24.962076800000034],[91.16064294100005,24.96231289700006],[91.16172443200009,24.959732605000056],[91.16074875700008,24.952669146000062],[91.16531550400003,24.948197494000055],[91.16586964200008,24.941764914000032],[91.16857055800006,24.936540772000058],[91.17098726000006,24.935649841000043],[91.17452984800008,24.940247020000072],[91.17720071600007,24.93835165400003],[91.17601293500007,24.934964621000063],[91.17114140400008,24.93146095800006],[91.16410629600006,24.93486677800007],[91.15713261400003,24.935017032000076],[91.15516117500005,24.933883816000048],[91.16123285900005,24.92519939300007],[91.16310210700004,24.919473878000076],[91.16187907200003,24.914045060000035],[91.15852677300006,24.90888280000007],[91.16053728600008,24.90259013900004],[91.16041571300008,24.895808928000065],[91.15720079000005,24.893041905000075],[91.15579750600006,24.89902788300003],[91.15331665600007,24.899744657000042],[91.13966248800006,24.89004230300003],[91.15182046000007,24.876336053000045],[91.15485412300006,24.874839576000056],[91.16096478300005,24.875515156000063],[91.15799119700006,24.862604858000054],[91.14787320200008,24.85032801500006],[91.14827178200005,24.844121792000067],[91.14571859200004,24.840698634000034],[91.13650531600007,24.833703977000027],[91.13084381000004,24.82381874600003],[91.12643770800008,24.81931600200005],[91.11561119300006,24.81299526500004],[91.11622044800004,24.806525041000043],[91.12998704600005,24.799173778000068],[91.12882100800005,24.794945692000056],[91.13041131000006,24.792843744000038],[91.14455762600005,24.794589682000037],[91.14261631100004,24.800598901000058],[91.14904831000007,24.80883486700003],[91.15272993200006,24.809241685000075],[91.15284559500003,24.81064894000008],[91.14985097800007,24.819830873000058],[91.14337617400008,24.82451866200006],[91.14285067800006,24.82635524600005],[91.14493108400006,24.829317600000024],[91.15120628000005,24.83305305500005],[91.15382283000008,24.837908610000056],[91.15779700300004,24.835562768000045],[91.15844822700006,24.833101518000035],[91.16518108300005,24.83261122500005],[91.16443542900004,24.829194044000076],[91.17068783700006,24.82696161000007],[91.17158788900008,24.82034844100008],[91.17774965000007,24.824743429000023],[91.18317404200008,24.825297156000033],[91.19499594100006,24.835898711000027],[91.19349216800003,24.845799794000072],[91.19828979100004,24.844817754000076],[91.20477457600003,24.837380153000026],[91.20845536800005,24.836963274000027],[91.20598932200005,24.845428550000065],[91.20827961500004,24.846697392000067],[91.21329377800004,24.842560511000045],[91.21538501400005,24.846750384000075],[91.22447138100006,24.84817292100007],[91.22291637100005,24.857540739000058],[91.22889241300004,24.85698431900005],[91.23775942400005,24.860889934000056],[91.23358901000006,24.87280109900007],[91.23543567800004,24.88437407200007],[91.23403716800004,24.885096185000066],[91.23413877700006,24.887600589000044],[91.23607009500006,24.891733294000062],[91.24908849700006,24.882960126000057],[91.25270869300005,24.88286149700008],[91.25414294300003,24.880913668000062],[91.25511232900004,24.88231361900006],[91.25786714200007,24.882294381000065],[91.25982374600005,24.88061807300005],[91.26369728000003,24.884266697000044],[91.26996151700007,24.878938393000055],[91.27364748400004,24.878632141000026],[91.27491144100009,24.87682610300004],[91.28015191100008,24.876390714000024],[91.28212595400004,24.877582080000025],[91.28232345900005,24.88472806300007],[91.28155246200004,24.88651638500005],[91.27822571900003,24.88717982600008],[91.27376361800003,24.891402748000075],[91.27189896800007,24.89607184600004],[91.27637277300005,24.898380833000033],[91.28034038900006,24.90510847400003],[91.28861757800007,24.906973521000054],[91.28876588700007,24.909098192000044],[91.29357829500003,24.911283498000046],[91.29384400200007,24.913203972000076],[91.29220088600005,24.91818177300007],[91.28707342900003,24.91971208600006],[91.28794229500005,24.92548815500004],[91.29052853000007,24.928923058000066],[91.28305070400006,24.929151280000042],[91.28391017200005,24.938569269000027],[91.27998104300008,24.944443641000078],[91.28726753300003,24.947691959000053],[91.28920465900006,24.950867223000046],[91.28280860000007,24.950478857000064],[91.28131309600008,24.95604615700006],[91.28675192100008,24.96722548300005],[91.29461252300007,24.96519789200005],[91.29542903000004,24.97027508000008],[91.30449411000006,24.968332988000043],[91.30360769900005,24.97263606000007],[91.30613578700007,24.972536018000028],[91.30763641000004,24.975977257000068],[91.30646475400005,24.976717257000075],[91.30914122400009,24.977642418000073],[91.30729283300008,24.98541006800008],[91.31258262700004,24.98582119300005],[91.31406267800008,24.98840076600004],[91.30988789400004,24.993591812000034],[91.31413922900003,24.996647532000054],[91.31028777000006,24.999533744000075],[91.30546914900003,24.998056312000074],[91.30352606300005,25.003762031000065],[91.30607883300007,25.007809744000042],[91.30164321100006,25.009029260000034],[91.29952043600008,25.01316986100005],[91.29605773500003,25.014231160000065],[91.29194483500004,25.012646130000064],[91.29187236400008,25.014184060000048],[91.28425354800004,25.021178646000067],[91.27220272700004,25.018453152000063],[91.27156778000005,25.01627903900004],[91.26468919600006,25.016033522000043],[91.26732491800004,25.01733675400004],[91.27005154200003,25.025481980000052],[91.26670032300007,25.029015796000067],[91.26648260200005,25.031640780000032],[91.25798038300007,25.031833205000055],[91.25539695100008,25.02844689500006],[91.24938760900005,25.02571863000003],[91.24450142400008,25.018746321000037],[91.23873980600007,25.02390642100005],[91.23444673000006,25.025079325000036],[91.23619897700007,25.027795139000034],[91.23466546100008,25.03115341700004],[91.23588741500004,25.038862015000063],[91.24008281200008,25.039942233000033],[91.24171081400004,25.042589023000062],[91.23733720200005,25.046970518000023],[91.23825126600008,25.049773972000025],[91.23389150900005,25.050316485000053],[91.22571420400004,25.05510111700005],[91.22198398000006,25.055550614000026],[91.22006480500005,25.060640560000024],[91.22048471700003,25.06468865200003]]]}},{"type":"Feature","id":"sunamganj-shalla","properties":{"canonical_id":"sunamganj-shalla","name_en":"Shalla","name_bn":"শাল্লা","district_id":"sunamganj","division_id":"sylhet","pcode":"BD-G-61-381","parent_pcode":"BD6090","source_name":"Shalla","match_method":"exact_name_or_alias","boundary_reference_year":"2020","boundary_source":"geoBoundaries gbOpen BGD ADM3 / BBS, OCHA ROAP","source_dataset_updated":"2026-08-09"},"geometry":{"type":"Polygon","coordinates":[[[91.33432006100008,24.66292664300005],[91.33871506900005,24.665614025000025],[91.34328776000007,24.673686601000043],[91.34533161600007,24.66701663400005],[91.34850269200007,24.665952580000067],[91.35924131400003,24.67801736800004],[91.35981287500005,24.679462055000045],[91.35777813000004,24.68218435600005],[91.34926566400009,24.68577598400003],[91.34899724000007,24.688268957000048],[91.35386104500003,24.69003848400007],[91.37162993800007,24.690632290000053],[91.38005663400008,24.69532618200003],[91.37877316000004,24.697363480000035],[91.37337629700005,24.697964350000063],[91.37308403600008,24.700099757000032],[91.38030960700007,24.70219385000007],[91.38201105200005,24.70528161900006],[91.38027177500004,24.705767180000066],[91.37471964300005,24.702386258000047],[91.37123303300007,24.71209813100006],[91.36532666500005,24.709494412000026],[91.36312074900007,24.711449681000033],[91.36303569000006,24.708914761000074],[91.35335614600007,24.718026611000028],[91.34889261200004,24.717611376000036],[91.34683721700009,24.71487460700007],[91.34321301000006,24.714475927000024],[91.34483868500007,24.723170113000037],[91.35120165200004,24.725232108000057],[91.35146156600007,24.726641809000057],[91.35064162000003,24.73093386100004],[91.34548792400005,24.732346532000065],[91.34667275300006,24.73455159300005],[91.34496867700005,24.735718763000023],[91.34578133400004,24.74025969300004],[91.34015913900004,24.740957398000035],[91.33829343300005,24.73922058000005],[91.32896487700003,24.73883346100007],[91.33082082900006,24.74570284500004],[91.32772503300004,24.745213345000025],[91.32705583400008,24.743417243000067],[91.32447437200005,24.74317087600008],[91.31555857500007,24.735993861000054],[91.30738284300008,24.72627579300007],[91.30467566400006,24.73212651800003],[91.31158178500004,24.737262987000065],[91.31519466700007,24.742343961000074],[91.31343393400005,24.746039094000025],[91.30842437500007,24.74815923700004],[91.30318490700006,24.747629234000044],[91.29984901200004,24.75108676600007],[91.30028541600007,24.75275690600006],[91.30326118400006,24.752690981000057],[91.30289753400007,24.757289816000025],[91.30556098800008,24.76121609100005],[91.29739746000007,24.76240899000004],[91.29893861600004,24.76629769300007],[91.29492749700006,24.768478731000073],[91.29232184500006,24.76737475300007],[91.29303856600006,24.761198856000078],[91.28004543400004,24.766035387000045],[91.27652844900007,24.769121488000053],[91.27101719300003,24.76370804000004],[91.26057338600003,24.761578864000057],[91.26430518600006,24.75636926100003],[91.26200197100007,24.75070766400006],[91.26857571300008,24.748856871000044],[91.27544805800005,24.75206175200003],[91.27643099500006,24.751421846000028],[91.26829588900006,24.742415188000052],[91.26603593900006,24.732532293000077],[91.25933106700006,24.72821539100005],[91.25740522900009,24.72510206900006],[91.25413533800008,24.72843671800007],[91.25188469500006,24.727555340000038],[91.25174770900009,24.729550438000047],[91.24807230000005,24.727447720000043],[91.24809066600005,24.730279064000058],[91.25111292100007,24.733177364000028],[91.24663276900009,24.733669011000075],[91.24335241000006,24.736064395000028],[91.24435715600004,24.739038810000068],[91.24268936900006,24.740357493000033],[91.23188075400003,24.741101963000062],[91.23041415900008,24.74310007100007],[91.23155222000008,24.745955527000035],[91.23046821900004,24.74733587700007],[91.22627582500007,24.745975653000073],[91.22168317400008,24.74772606500005],[91.21020559500005,24.744507387000056],[91.20847576200003,24.746741635000035],[91.21112743800006,24.747672909000073],[91.20879102900005,24.749305349000053],[91.20614165500007,24.748870674000045],[91.20693658000005,24.746645114000046],[91.20464690000006,24.744473721000077],[91.20083013700008,24.74686009800007],[91.19631570600006,24.74572058800004],[91.19143847700008,24.74709873100005],[91.19373010000004,24.757900911000036],[91.19705789000005,24.756746715000077],[91.20247317500008,24.750042474000054],[91.20503962000004,24.750207541000066],[91.20561086700008,24.753685199000074],[91.20288665800007,24.76018623300007],[91.20611492500007,24.762874398000065],[91.20721791500006,24.768148144000065],[91.21261656200005,24.77043317300007],[91.21734524000004,24.77017300600005],[91.21915251400009,24.77180347600006],[91.21837788400006,24.777366115000063],[91.21149090200004,24.78170170900006],[91.20647346300007,24.78890593400007],[91.20207411900003,24.788839178000046],[91.20230192500009,24.790858401000037],[91.20582693700004,24.79467574100005],[91.21204985000008,24.79691798400006],[91.21743328300005,24.796303129000023],[91.22037952500006,24.797967753000023],[91.22544792500008,24.793985272000043],[91.22699739000007,24.796951367000077],[91.22550064900008,24.801173899000048],[91.22026810000006,24.80193342700005],[91.22105221700008,24.79973667400003],[91.21967705400004,24.79896735400007],[91.21662023100004,24.800988451000023],[91.20796745700005,24.801196833000063],[91.20649964200004,24.808287706000044],[91.20504244600005,24.809586806000027],[91.20028871900007,24.809587777000047],[91.19715528000006,24.80562496600004],[91.19314532300007,24.80573375700004],[91.18371477100004,24.80097924000006],[91.17954704600004,24.797208200000057],[91.17816559800008,24.793192758000032],[91.17580003700004,24.793704637000076],[91.17026853800007,24.789229514000056],[91.17120756600008,24.77993630900005],[91.16643418100006,24.779833606000068],[91.16550718800005,24.77423814200006],[91.15906107100005,24.770651816000054],[91.15851365500004,24.764817437000033],[91.15606716800005,24.764285494000035],[91.15137859300006,24.766277224000078],[91.14662648900008,24.76257910000004],[91.13530956200003,24.75741192600003],[91.13898444100005,24.754131434000044],[91.14885830900005,24.75490037900005],[91.14970272000005,24.748869015000025],[91.15195610400008,24.747194654000054],[91.15680762300008,24.750464616000045],[91.15933704100007,24.74810679600006],[91.15857784800005,24.74234627800007],[91.15553930000004,24.740962141000068],[91.15084203900005,24.746885460000044],[91.14726217900005,24.746724966000045],[91.14605781800003,24.742160902000023],[91.15141515200008,24.735500642000034],[91.15177275500008,24.730043598000066],[91.14179280400003,24.725968238000064],[91.14132690600007,24.72420917900007],[91.15874805700008,24.724900723000076],[91.15995398400008,24.722074513000052],[91.15909949000007,24.717746016000035],[91.16305368900004,24.71672151000007],[91.16562715000003,24.722426167000037],[91.16892506800008,24.724956064000025],[91.17208639400008,24.725622203000057],[91.18026794000008,24.72408045800006],[91.19766137800008,24.711025963000054],[91.20006153600008,24.71403754800008],[91.20684386900007,24.708984920000034],[91.20658711100003,24.71388361100003],[91.21235386000006,24.713148],[91.22058922200006,24.72062422600004],[91.21936132200005,24.72377840400003],[91.22193858900005,24.728142129000048],[91.22527540400006,24.727513266000074],[91.22930117200008,24.723741274000076],[91.22662515800005,24.715685720000067],[91.22658525200006,24.706631618000074],[91.22548430100005,24.704296159000023],[91.22191746400006,24.704208983000058],[91.21972071600004,24.70238752100005],[91.23091976400008,24.692855036000026],[91.24087651700006,24.692093535000026],[91.24027189300006,24.68293349000004],[91.24195282500006,24.679958268000064],[91.23858908200003,24.675035825000066],[91.23344949400007,24.672270302000072],[91.22381697100008,24.675215061000074],[91.22252540000005,24.669382469000027],[91.23274113600007,24.666434710000033],[91.22999394200008,24.65471400800004],[91.22754913800009,24.653906040000038],[91.22605044900007,24.650568061000058],[91.22406810600006,24.65195794400006],[91.22141495800008,24.650609192000047],[91.21993298300004,24.653291359000036],[91.20987672600006,24.65246342100005],[91.20779165500005,24.64968193900006],[91.20473913300003,24.63178470500003],[91.19902599400007,24.634324426000035],[91.19521432600004,24.631139414000074],[91.19494870300008,24.626451966000047],[91.19371311000003,24.625854489000062],[91.17825978900004,24.630293420000044],[91.18049593400008,24.624021798000058],[91.17733564800005,24.619635232000064],[91.17885034600005,24.616564333000042],[91.20002492000003,24.60941196500005],[91.19982473000005,24.601886210000032],[91.20430858000003,24.59418307800007],[91.19754648100007,24.591142430000048],[91.19672121700006,24.588805612000044],[91.19882104800007,24.586144706000027],[91.20299638700004,24.58773687000007],[91.20706454800006,24.585929287000056],[91.20487161700004,24.583550984000055],[91.20604983800007,24.577036876000022],[91.21273758200005,24.577864202000058],[91.22081096500006,24.574167095000064],[91.22526175300004,24.575476476000063],[91.23396119200004,24.56896290700007],[91.26512199800004,24.579745047000074],[91.26641994500005,24.586557029000062],[91.26459222100004,24.592872656000054],[91.27267171400007,24.605655652000053],[91.27391411800005,24.60520435500007],[91.27201665000007,24.60021260600007],[91.27356206300004,24.598233780000044],[91.28376243000008,24.59555829800007],[91.29029923900003,24.59537768000007],[91.29368228800007,24.597163703000035],[91.29664192900003,24.60205965700004],[91.29961554100004,24.61497528500007],[91.30814601300006,24.63684837200003],[91.30722439500005,24.642033998000045],[91.30381154900005,24.647625024000035],[91.30508490600005,24.654400055000053],[91.30779097200008,24.654396845000065],[91.31043324700005,24.647928639000042],[91.31284479400006,24.64652543400007],[91.33432006100008,24.66292664300005]]]}},{"type":"Feature","id":"sunamganj-shantiganj","properties":{"canonical_id":"sunamganj-shantiganj","name_en":"Shantiganj","name_bn":"শান্তিগঞ্জ","district_id":"sunamganj","division_id":"sylhet","pcode":"BD-G-61-373","parent_pcode":"BD6090","source_name":"South Sunamganj","match_method":"exact_name_or_alias","boundary_reference_year":"2020","boundary_source":"geoBoundaries gbOpen BGD ADM3 / BBS, OCHA ROAP","source_dataset_updated":"2026-08-09"},"geometry":{"type":"Polygon","coordinates":[[[91.26648260200005,25.031640780000032],[91.26670032300007,25.029015796000067],[91.27005154200003,25.025481980000052],[91.26732491800004,25.01733675400004],[91.26468919600006,25.016033522000043],[91.27156778000005,25.01627903900004],[91.27220272700004,25.018453152000063],[91.28425354800004,25.021178646000067],[91.29187236400008,25.014184060000048],[91.29194483500004,25.012646130000064],[91.29605773500003,25.014231160000065],[91.29952043600008,25.01316986100005],[91.30164321100006,25.009029260000034],[91.30607883300007,25.007809744000042],[91.30352606300005,25.003762031000065],[91.30546914900003,24.998056312000074],[91.31028777000006,24.999533744000075],[91.31413922900003,24.996647532000054],[91.30988789400004,24.993591812000034],[91.31406267800008,24.98840076600004],[91.31258262700004,24.98582119300005],[91.31782388600004,24.97976],[91.32314443600006,24.97890012700003],[91.32069875900004,24.972928425000077],[91.31764368000006,24.977316819000066],[91.31542995100006,24.976302505000035],[91.31585906000004,24.96955581800006],[91.31954095200007,24.960793248000073],[91.31399603000006,24.958409346000053],[91.32290467100006,24.95537947200006],[91.32465645300005,24.95241966900005],[91.32261832400008,24.95071142100005],[91.31605153000004,24.95266694700007],[91.31217664100006,24.951461809000023],[91.30767615500008,24.947223568000027],[91.30627334300004,24.94750225000007],[91.30436682300007,24.944271082000057],[91.30234165100006,24.944697957000074],[91.30051690400006,24.940044400000033],[91.30289118100006,24.938565358000062],[91.30838945600004,24.94120860000004],[91.31876345800003,24.93993481900003],[91.32460954400005,24.937559515000032],[91.32745978800006,24.933051484000032],[91.32670995900008,24.930710445000045],[91.33046444900003,24.928591124000036],[91.33136780800004,24.922518505000028],[91.33286348300004,24.922447574000046],[91.33581875900006,24.925276190000034],[91.33158789400005,24.93067710300005],[91.33157876000007,24.934319525000035],[91.33577487000008,24.94066762800003],[91.34802126500006,24.94341633700003],[91.35249972500009,24.949099385000068],[91.34684514100007,24.952287842000032],[91.34794257200008,24.953700640000022],[91.35264253800005,24.95446561600005],[91.35476476500008,24.96454929400005],[91.35728440700007,24.963757704000045],[91.36204772700006,24.96731417700005],[91.36601785800008,24.96836925100007],[91.36780022500005,24.966464019000057],[91.36572209900004,24.963561475000063],[91.36703333500003,24.961211355000046],[91.37375998000005,24.957244742000057],[91.37778631800006,24.960534361000043],[91.38170665100006,24.96157424300003],[91.39024067500009,24.952890832000037],[91.39174513800003,24.94927909200004],[91.39359898700008,24.949274739000032],[91.39543772600007,24.96116346200006],[91.39315135100009,24.964829957000063],[91.40628112300004,24.967210503000047],[91.40659111500008,24.96823015900003],[91.40760885900005,24.973666981000065],[91.40377037600007,24.979397982000023],[91.40617735400008,24.981606658000032],[91.40599286100007,24.987650777000056],[91.40804324700008,24.99397737000004],[91.40975077000007,24.99498377900005],[91.40773069600004,24.99600178600008],[91.41347874000007,24.99814424300007],[91.42479963000005,24.996316704000037],[91.43943210200007,24.998561266000024],[91.44381381300008,24.99765988400003],[91.44476326900008,24.99910438300003],[91.44284877800004,25.00346832200006],[91.44350661700008,25.005391388000078],[91.44996538700008,25.00220837100005],[91.45198513300005,25.005557718000034],[91.45844954900008,25.007434059000047],[91.46156715300003,25.012626872000055],[91.46687683300007,25.01505762100004],[91.46747993900004,25.018122172000062],[91.47590742500006,25.03052047700004],[91.47778345900008,25.03800790200006],[91.47468374800007,25.04007196200007],[91.45465746400004,25.04182468600004],[91.44574209600006,25.048197771000048],[91.44677712300006,25.064278358000024],[91.45741961500005,25.062517403000072],[91.45972761200005,25.059916328000043],[91.46046020200004,25.05555084200006],[91.46378279400005,25.05305710600004],[91.46814338900003,25.053672062000032],[91.47181994800007,25.056609654000056],[91.46730211600004,25.06397308000004],[91.46943327800005,25.070401082000046],[91.48912607200003,25.072273616000075],[91.49260237600004,25.076391517000047],[91.49953540100006,25.07904614800003],[91.50265757800008,25.08857464500005],[91.49806038200006,25.089303398000027],[91.49946190800006,25.09289691200007],[91.49576955900005,25.09013066600005],[91.48986019000006,25.093965983000032],[91.48376111700009,25.094898427000032],[91.48365070900007,25.103211375000058],[91.48460767400007,25.10526945600003],[91.49004794000007,25.104755535000038],[91.49286673400007,25.108592748000035],[91.49360971700008,25.11424253000007],[91.49918785600005,25.116872924000063],[91.49998451900007,25.125213889000065],[91.49624315300008,25.129244234000055],[91.50635931500005,25.130631524000023],[91.51357646100007,25.134033002000024],[91.51718100800008,25.133665448000045],[91.51707204100006,25.13869287400007],[91.51918502100006,25.14161917100006],[91.51792780000005,25.147474803000023],[91.50946733200004,25.147551044000068],[91.50179883200008,25.143906231000074],[91.49959242000006,25.13554714600008],[91.49242064000003,25.13697916700005],[91.49359682600004,25.138637542000026],[91.49185787000005,25.13895301200006],[91.48920410200003,25.13521570200004],[91.48222134100007,25.13721627900003],[91.47794686600008,25.13656932400005],[91.47968545700007,25.13522976400003],[91.47813378300003,25.133896872000037],[91.47055101300003,25.133748268000033],[91.46415891000004,25.13491298300005],[91.46493464500008,25.13710760300006],[91.47036188900006,25.139834751000024],[91.46693668000006,25.143913836000024],[91.46943135100008,25.15094506500003],[91.46854994700004,25.15192257600006],[91.46087434200007,25.151310054000078],[91.45712909600007,25.148367275000055],[91.45304156700007,25.152721433000067],[91.45070364800006,25.15216618000005],[91.44952940900004,25.14928715600007],[91.44326297700007,25.15080181600007],[91.44049313800008,25.14975450600008],[91.43713866900003,25.154229025000063],[91.43287832400006,25.156769593000035],[91.42495110500005,25.157176664000076],[91.42261126200003,25.16212692700003],[91.41456896700004,25.17124231500003],[91.41207674500004,25.169538158000023],[91.41277098400008,25.167347207000034],[91.41084653800004,25.16378031200003],[91.40672293900008,25.166213597000024],[91.39854965000006,25.164571697000042],[91.38847757400004,25.16782709900008],[91.39049759500006,25.156629061000046],[91.38881633800008,25.15172670900006],[91.39088771300004,25.14827219600005],[91.38911633100008,25.13440968200007],[91.39114331700006,25.12946913600007],[91.39319252500007,25.128359033000038],[91.39324339700005,25.122078118000047],[91.39792435800007,25.12014805000007],[91.39774643000004,25.117911591000052],[91.39089061600004,25.118485108000073],[91.39210906700004,25.115898625000057],[91.38912506700007,25.113476288000072],[91.39828879600003,25.092900387000043],[91.39574001600005,25.08154856400006],[91.39182845100004,25.08316939100007],[91.39005676400006,25.079873356000064],[91.38512278200005,25.079351770000073],[91.38286246800004,25.077051174000076],[91.37576307200004,25.080196743000045],[91.37376304700007,25.073221441000044],[91.37025650500004,25.069928210000057],[91.36566670100007,25.057880665000027],[91.36257445400008,25.056416392000074],[91.35277739000009,25.056054492000044],[91.35277906800007,25.05451438700004],[91.35797361500005,25.053650376000064],[91.35691251400004,25.052819770000042],[91.34989256200004,25.053487027000074],[91.33758321400006,25.06057031000006],[91.33454940400009,25.060589144000062],[91.33183518400006,25.063521020000053],[91.32702359300004,25.061515531000055],[91.32280808200005,25.062675068000033],[91.31752074000008,25.061645874000078],[91.31160338900008,25.064632870000025],[91.30765520200003,25.064851677000036],[91.30739393800008,25.06247750700004],[91.30280535300005,25.058847882000066],[91.30015398100005,25.062697409000066],[91.29693813900008,25.063736848000076],[91.29681412200006,25.06737572800006],[91.29260235700008,25.067760665000037],[91.29454909800006,25.060031297000023],[91.29411228700008,25.050178156000072],[91.28802081200007,25.048425744000042],[91.28130628600007,25.04196497600003],[91.27619029800007,25.04241365400003],[91.27350991800006,25.038047669000036],[91.26893694500006,25.036472738000043],[91.26805239200007,25.032137571000078],[91.26648260200005,25.031640780000032]]]}},{"type":"Feature","id":"sunamganj-sunamganj-sadar","properties":{"canonical_id":"sunamganj-sunamganj-sadar","name_en":"Sunamganj Sadar","name_bn":"সুনামগঞ্জ সদর","district_id":"sunamganj","division_id":"sylhet","pcode":"BD-G-61-372","parent_pcode":"BD6090","source_name":"Sunamganj Sadar","match_method":"exact_name_or_alias","boundary_reference_year":"2020","boundary_source":"geoBoundaries gbOpen BGD ADM3 / BBS, OCHA ROAP","source_dataset_updated":"2026-08-09"},"geometry":{"type":"Polygon","coordinates":[[[91.26648260200005,25.031640780000032],[91.26670032300007,25.029015796000067],[91.27005154200003,25.025481980000052],[91.26732491800004,25.01733675400004],[91.26468919600006,25.016033522000043],[91.27156778000005,25.01627903900004],[91.27220272700004,25.018453152000063],[91.28425354800004,25.021178646000067],[91.29187236400008,25.014184060000048],[91.29194483500004,25.012646130000064],[91.29605773500003,25.014231160000065],[91.29952043600008,25.01316986100005],[91.30164321100006,25.009029260000034],[91.30607883300007,25.007809744000042],[91.30352606300005,25.003762031000065],[91.30546914900003,24.998056312000074],[91.31028777000006,24.999533744000075],[91.31413922900003,24.996647532000054],[91.30988789400004,24.993591812000034],[91.31406267800008,24.98840076600004],[91.31258262700004,24.98582119300005],[91.31782388600004,24.97976],[91.32314443600006,24.97890012700003],[91.32069875900004,24.972928425000077],[91.31764368000006,24.977316819000066],[91.31542995100006,24.976302505000035],[91.31585906000004,24.96955581800006],[91.31954095200007,24.960793248000073],[91.31399603000006,24.958409346000053],[91.32290467100006,24.95537947200006],[91.32465645300005,24.95241966900005],[91.32261832400008,24.95071142100005],[91.31605153000004,24.95266694700007],[91.31217664100006,24.951461809000023],[91.30767615500008,24.947223568000027],[91.30627334300004,24.94750225000007],[91.30436682300007,24.944271082000057],[91.30234165100006,24.944697957000074],[91.30051690400006,24.940044400000033],[91.30289118100006,24.938565358000062],[91.30838945600004,24.94120860000004],[91.31876345800003,24.93993481900003],[91.32460954400005,24.937559515000032],[91.32745978800006,24.933051484000032],[91.32670995900008,24.930710445000045],[91.33046444900003,24.928591124000036],[91.33136780800004,24.922518505000028],[91.33286348300004,24.922447574000046],[91.33581875900006,24.925276190000034],[91.33158789400005,24.93067710300005],[91.33157876000007,24.934319525000035],[91.33577487000008,24.94066762800003],[91.34802126500006,24.94341633700003],[91.35249972500009,24.949099385000068],[91.34684514100007,24.952287842000032],[91.34794257200008,24.953700640000022],[91.35264253800005,24.95446561600005],[91.35476476500008,24.96454929400005],[91.35728440700007,24.963757704000045],[91.36204772700006,24.96731417700005],[91.36601785800008,24.96836925100007],[91.36780022500005,24.966464019000057],[91.36572209900004,24.963561475000063],[91.36703333500003,24.961211355000046],[91.37375998000005,24.957244742000057],[91.37778631800006,24.960534361000043],[91.38170665100006,24.96157424300003],[91.39024067500009,24.952890832000037],[91.39174513800003,24.94927909200004],[91.39359898700008,24.949274739000032],[91.39543772600007,24.96116346200006],[91.39315135100009,24.964829957000063],[91.40628112300004,24.967210503000047],[91.40659111500008,24.96823015900003],[91.40760885900005,24.973666981000065],[91.40377037600007,24.979397982000023],[91.40617735400008,24.981606658000032],[91.40599286100007,24.987650777000056],[91.40804324700008,24.99397737000004],[91.40975077000007,24.99498377900005],[91.40773069600004,24.99600178600008],[91.41347874000007,24.99814424300007],[91.42479963000005,24.996316704000037],[91.43943210200007,24.998561266000024],[91.44381381300008,24.99765988400003],[91.44476326900008,24.99910438300003],[91.44284877800004,25.00346832200006],[91.44350661700008,25.005391388000078],[91.44996538700008,25.00220837100005],[91.45198513300005,25.005557718000034],[91.45844954900008,25.007434059000047],[91.46156715300003,25.012626872000055],[91.46687683300007,25.01505762100004],[91.46747993900004,25.018122172000062],[91.47590742500006,25.03052047700004],[91.47778345900008,25.03800790200006],[91.47468374800007,25.04007196200007],[91.45465746400004,25.04182468600004],[91.44574209600006,25.048197771000048],[91.44677712300006,25.064278358000024],[91.45741961500005,25.062517403000072],[91.45972761200005,25.059916328000043],[91.46046020200004,25.05555084200006],[91.46378279400005,25.05305710600004],[91.46814338900003,25.053672062000032],[91.47181994800007,25.056609654000056],[91.46730211600004,25.06397308000004],[91.46943327800005,25.070401082000046],[91.48912607200003,25.072273616000075],[91.49260237600004,25.076391517000047],[91.49953540100006,25.07904614800003],[91.50265757800008,25.08857464500005],[91.49806038200006,25.089303398000027],[91.49946190800006,25.09289691200007],[91.49576955900005,25.09013066600005],[91.48986019000006,25.093965983000032],[91.48376111700009,25.094898427000032],[91.48365070900007,25.103211375000058],[91.48460767400007,25.10526945600003],[91.49004794000007,25.104755535000038],[91.49286673400007,25.108592748000035],[91.49360971700008,25.11424253000007],[91.49918785600005,25.116872924000063],[91.49998451900007,25.125213889000065],[91.49624315300008,25.129244234000055],[91.50635931500005,25.130631524000023],[91.51357646100007,25.134033002000024],[91.51718100800008,25.133665448000045],[91.51707204100006,25.13869287400007],[91.51918502100006,25.14161917100006],[91.51792780000005,25.147474803000023],[91.50946733200004,25.147551044000068],[91.50179883200008,25.143906231000074],[91.49959242000006,25.13554714600008],[91.49242064000003,25.13697916700005],[91.49359682600004,25.138637542000026],[91.49185787000005,25.13895301200006],[91.48920410200003,25.13521570200004],[91.48222134100007,25.13721627900003],[91.47794686600008,25.13656932400005],[91.47968545700007,25.13522976400003],[91.47813378300003,25.133896872000037],[91.47055101300003,25.133748268000033],[91.46415891000004,25.13491298300005],[91.46493464500008,25.13710760300006],[91.47036188900006,25.139834751000024],[91.46693668000006,25.143913836000024],[91.46943135100008,25.15094506500003],[91.46854994700004,25.15192257600006],[91.46087434200007,25.151310054000078],[91.45712909600007,25.148367275000055],[91.45304156700007,25.152721433000067],[91.45070364800006,25.15216618000005],[91.44952940900004,25.14928715600007],[91.44326297700007,25.15080181600007],[91.44049313800008,25.14975450600008],[91.43713866900003,25.154229025000063],[91.43287832400006,25.156769593000035],[91.42495110500005,25.157176664000076],[91.42261126200003,25.16212692700003],[91.41456896700004,25.17124231500003],[91.41207674500004,25.169538158000023],[91.41277098400008,25.167347207000034],[91.41084653800004,25.16378031200003],[91.40672293900008,25.166213597000024],[91.39854965000006,25.164571697000042],[91.38847757400004,25.16782709900008],[91.39049759500006,25.156629061000046],[91.38881633800008,25.15172670900006],[91.39088771300004,25.14827219600005],[91.38911633100008,25.13440968200007],[91.39114331700006,25.12946913600007],[91.39319252500007,25.128359033000038],[91.39324339700005,25.122078118000047],[91.39792435800007,25.12014805000007],[91.39774643000004,25.117911591000052],[91.39089061600004,25.118485108000073],[91.39210906700004,25.115898625000057],[91.38912506700007,25.113476288000072],[91.39828879600003,25.092900387000043],[91.39574001600005,25.08154856400006],[91.39182845100004,25.08316939100007],[91.39005676400006,25.079873356000064],[91.38512278200005,25.079351770000073],[91.38286246800004,25.077051174000076],[91.37576307200004,25.080196743000045],[91.37376304700007,25.073221441000044],[91.37025650500004,25.069928210000057],[91.36566670100007,25.057880665000027],[91.36257445400008,25.056416392000074],[91.35277739000009,25.056054492000044],[91.35277906800007,25.05451438700004],[91.35797361500005,25.053650376000064],[91.35691251400004,25.052819770000042],[91.34989256200004,25.053487027000074],[91.33758321400006,25.06057031000006],[91.33454940400009,25.060589144000062],[91.33183518400006,25.063521020000053],[91.32702359300004,25.061515531000055],[91.32280808200005,25.062675068000033],[91.31752074000008,25.061645874000078],[91.31160338900008,25.064632870000025],[91.30765520200003,25.064851677000036],[91.30739393800008,25.06247750700004],[91.30280535300005,25.058847882000066],[91.30015398100005,25.062697409000066],[91.29693813900008,25.063736848000076],[91.29681412200006,25.06737572800006],[91.29260235700008,25.067760665000037],[91.29454909800006,25.060031297000023],[91.29411228700008,25.050178156000072],[91.28802081200007,25.048425744000042],[91.28130628600007,25.04196497600003],[91.27619029800007,25.04241365400003],[91.27350991800006,25.038047669000036],[91.26893694500006,25.036472738000043],[91.26805239200007,25.032137571000078],[91.26648260200005,25.031640780000032]]]}},{"type":"Feature","id":"sunamganj-tahirpur","properties":{"canonical_id":"sunamganj-tahirpur","name_en":"Tahirpur","name_bn":"তাহিরপুর","district_id":"sunamganj","division_id":"sylhet","pcode":"BD-G-61-378","parent_pcode":"BD6090","source_name":"Tahirpur","match_method":"exact_name_or_alias","boundary_reference_year":"2020","boundary_source":"geoBoundaries gbOpen BGD ADM3 / BBS, OCHA ROAP","source_dataset_updated":"2026-08-09"},"geometry":{"type":"Polygon","coordinates":[[[91.28664613900008,25.18557859300006],[91.28857874800008,25.190233353000053],[91.29214076200003,25.193437364000033],[91.27613378000007,25.19916717900003],[91.26794715300008,25.20736202200004],[91.26020523400007,25.205211604000056],[91.25972686300008,25.201136142000053],[91.25150950600005,25.19934276400005],[91.25074565500006,25.19577577900003],[91.24726370800005,25.19789541800003],[91.23669814000004,25.197084052000037],[91.23629000300008,25.199159327000075],[91.23317985300008,25.199223138000036],[91.23022775700008,25.197006943000076],[91.22441875000004,25.20028334400007],[91.22319855400008,25.19912566800008],[91.19461246700007,25.20192531600003],[91.16471508800004,25.195972374000064],[91.16024094100004,25.197902740000075],[91.15600644000006,25.196320617000026],[91.14084361400006,25.196560201000068],[91.12517294500003,25.194120446000056],[91.07114668300005,25.19835678000004],[91.07613023800008,25.18946852600004],[91.07245336300008,25.185642837000046],[91.07422269900007,25.178970998000068],[91.07301600100004,25.176445728000033],[91.07599547300003,25.174265380000065],[91.07767024300006,25.16879629300007],[91.08193357500005,25.169265790000054],[91.08759230000004,25.157222429000058],[91.08763894300006,25.151782682000032],[91.08452631400007,25.14898647600006],[91.08532943800003,25.144658072000027],[91.06522709500007,25.131392203000075],[91.05724374500005,25.13347040600007],[91.05726600200006,25.138502784000025],[91.05560934000005,25.139581831000044],[91.05142723400007,25.14006871600003],[91.04914976700007,25.13794418300006],[91.03188812100007,25.13916707900006],[91.02585345700004,25.13454947500003],[91.02226402800005,25.127582179000058],[91.02589708200009,25.12708130200008],[91.02402673400007,25.124258791000045],[91.02602019100004,25.116806472000064],[91.03087648200005,25.115925084000025],[91.03584266900003,25.111984395000036],[91.04435113400007,25.110033475000023],[91.04597027200003,25.106544925000037],[91.04523512600008,25.102387246000035],[91.05105478300004,25.102481004000026],[91.05162504400005,25.097410532000026],[91.04713732400006,25.09546864400005],[91.04553554300008,25.08902061300006],[91.05046343700008,25.08919575400006],[91.05189464900008,25.086102407000055],[91.05607012300004,25.084695096000075],[91.05763665200004,25.082515029000035],[91.06205275300005,25.082586770000034],[91.06549261000004,25.079486813000074],[91.07102712800008,25.084896042000025],[91.07402120500007,25.084561171000075],[91.07584360000004,25.082622315000037],[91.07773617900006,25.083680333000075],[91.07772399100008,25.077263453000057],[91.08308176700007,25.073666055000047],[91.08611168300007,25.068366990000072],[91.08989478700005,25.069929113000057],[91.09321730500005,25.06769063300004],[91.09576347700005,25.067769500000054],[91.09973931000007,25.07230646100004],[91.12227155400006,25.071174995000035],[91.12995272200004,25.055096457000047],[91.13171195800004,25.054789588000062],[91.13398952200004,25.05115741000003],[91.13294822900008,25.050299608000046],[91.12778851200005,25.053939575000072],[91.11873589300006,25.047915058000058],[91.12016178400006,25.04352081500008],[91.12292470300008,25.042420872000037],[91.12434222600007,25.038898049000068],[91.12609304100005,25.039049023000075],[91.12517830000007,25.03527351400004],[91.12828376100003,25.030268232000026],[91.13396611700006,25.027997964000065],[91.13445029900004,25.024673491000044],[91.13876217600006,25.02945236900007],[91.15121196300004,25.03572538900005],[91.16831297100003,25.03081848100004],[91.16949470300005,25.035832072000062],[91.16847186300004,25.039678957000035],[91.17027074700007,25.03986402000004],[91.17291597900004,25.044359800000052],[91.18900179900004,25.05408800400005],[91.19437105900005,25.053276820000065],[91.19475221000005,25.056740645000048],[91.19926251600003,25.06340836100003],[91.21457605100005,25.065493916000037],[91.22048471700003,25.06468865200003],[91.22524138300008,25.066366818000063],[91.22561087000008,25.07136737700006],[91.23154360700005,25.080320346000065],[91.24241423500007,25.079356674000053],[91.25288908200008,25.08104858400003],[91.25916988800003,25.079809151000063],[91.26150303700007,25.082718329000045],[91.26563618600005,25.08276157800003],[91.26318550800005,25.08700607700007],[91.26237083400008,25.10605030100004],[91.25901141400004,25.116693750000024],[91.25952311100008,25.11932435800003],[91.25409341700004,25.121975442000064],[91.25126835300006,25.11586594000005],[91.24608637100005,25.11617483400005],[91.24444724500006,25.11682688600007],[91.24512227500009,25.119701676000034],[91.24162849200007,25.117724142000043],[91.24187886600004,25.122686095000063],[91.24573371200006,25.131582927000068],[91.25032812000006,25.137310204000073],[91.25308823000006,25.13603684800006],[91.25340556300006,25.13159498300007],[91.25589610800006,25.130832337000072],[91.25718920500003,25.13058208800004],[91.25978422000009,25.134930938000025],[91.26691561700005,25.133797868000045],[91.26806910200008,25.137256485000023],[91.26533925400008,25.141752852000025],[91.27383976900006,25.14986528600008],[91.27807258900003,25.160032186000024],[91.27779603400006,25.16276939000005],[91.27085606000009,25.16439349700005],[91.27178159200008,25.160958839000045],[91.26005577500007,25.15962735200003],[91.25709410200005,25.173519681000073],[91.26297223000006,25.170606141000064],[91.27796879400006,25.168992624000055],[91.27894993700005,25.15883722800004],[91.28568827400005,25.15629688200005],[91.28594892200005,25.159925610000073],[91.28231333800005,25.162704937000058],[91.27943053200005,25.169062391000068],[91.28279247600005,25.17228729800007],[91.28528552700004,25.18081095200006],[91.28417724600007,25.183353345000057],[91.28664613900008,25.18557859300006]]]}},{"type":"Feature","id":"sylhet-balaganj","properties":{"canonical_id":"sylhet-balaganj","name_en":"Balaganj","name_bn":"বালাগঞ্জ","district_id":"sylhet","division_id":"sylhet","pcode":"BD-G-60-344","parent_pcode":"BD6091","source_name":"Balaganj","match_method":"exact_name_or_alias","boundary_reference_year":"2020","boundary_source":"geoBoundaries gbOpen BGD ADM3 / BBS, OCHA ROAP","source_dataset_updated":"2026-08-09"},"geometry":{"type":"Polygon","coordinates":[[[91.89031681300008,24.75520715700003],[91.88866244600007,24.751109448000022],[91.88695091500006,24.75295585400005],[91.88256146800006,24.753424688000052],[91.88222724700006,24.75498795900006],[91.87909383000004,24.75487269000007],[91.87900875800005,24.760513048000064],[91.87712823300006,24.760179450000066],[91.87485793100007,24.755368719000046],[91.87070790100006,24.755494525000074],[91.86948921200008,24.760357945000067],[91.87202315700006,24.761326179000037],[91.87248696500006,24.762996824000027],[91.87067416000008,24.769040227000062],[91.86072676700007,24.76978826000004],[91.85899402400008,24.771126792000075],[91.85609502100004,24.770345129000077],[91.85474014100004,24.76679684900006],[91.84885353600004,24.765741665000064],[91.84784206800003,24.767340885000067],[91.84920584400004,24.770626177000054],[91.84349089900007,24.77245831500005],[91.83742955400004,24.771385656000064],[91.83706485700009,24.76751807100004],[91.82828586400007,24.76990802200004],[91.82836131100004,24.771472406000044],[91.83471513400008,24.77625817300003],[91.83412696800008,24.785059614000033],[91.82705522900005,24.783362435000072],[91.82620252100008,24.78042393000004],[91.82052625800009,24.780727815000034],[91.82267139200007,24.783421528000076],[91.81870777400007,24.78347595100007],[91.81898962400004,24.78589215200003],[91.81641147800008,24.786016007000057],[91.81509020500005,24.788197741000033],[91.81128994400007,24.78631789900004],[91.80548856800004,24.790683306000062],[91.79688047000008,24.791065677000063],[91.78855973100008,24.797136615000056],[91.78509457900003,24.796723752000048],[91.78828843300005,24.79024600200006],[91.78493422600008,24.78884712300004],[91.78193578200006,24.78517437200003],[91.78135759000008,24.780437866000057],[91.77137982000005,24.77877876900004],[91.77081450100007,24.77526655400004],[91.76301597200006,24.774575926000068],[91.75703188700004,24.776459343000056],[91.74584980300006,24.777210325000055],[91.74445872700005,24.786154229000033],[91.74443697400005,24.783361230000025],[91.73913138600005,24.78080521100003],[91.73819580200006,24.77389838700003],[91.73520719400005,24.767653004000067],[91.73293218100008,24.767070473000047],[91.73210123500007,24.763884475000054],[91.72883702500008,24.76188451200005],[91.72806006000008,24.752896871000075],[91.73021496400008,24.751654243000075],[91.72984698800008,24.749356719000048],[91.72710107300009,24.74937146800005],[91.72563318700008,24.746442740000077],[91.72508882500006,24.750204421000035],[91.72043186800005,24.74907293900003],[91.71586259200006,24.741720574000055],[91.71181109700007,24.74064507500003],[91.71089707300007,24.744335329000023],[91.70649316500004,24.74428961500007],[91.70244974100007,24.74743645700005],[91.70238950100008,24.74963679900003],[91.70066076400008,24.749747849000073],[91.69899246600005,24.747714401000053],[91.69364826600008,24.74792162400007],[91.68422751000008,24.751569408000023],[91.67840513400006,24.748904061000076],[91.67794099400004,24.74705889200004],[91.68079813900005,24.744976738000048],[91.67824222800004,24.740224561000048],[91.67701316300008,24.746115032000034],[91.67330589300008,24.74687823000005],[91.67312573300006,24.749483401000077],[91.66421823300004,24.74792635400007],[91.66317219500007,24.74366556600006],[91.65952804100004,24.742017544000078],[91.66356967200005,24.740055767000058],[91.66550011700008,24.734127113000056],[91.66741915600005,24.734213561000047],[91.67217585300006,24.72929113600003],[91.67021283200006,24.726044526000067],[91.67420686200006,24.72413154800006],[91.67248690100007,24.723166019000075],[91.67207098500006,24.71913526700007],[91.66557283200007,24.720657863000042],[91.66584220400006,24.723813329000052],[91.65961679800006,24.723798844000044],[91.65881794000006,24.720257021000066],[91.65655377900003,24.720172009000066],[91.65547192500009,24.716384423000022],[91.65274869400008,24.71661761200005],[91.65859758900007,24.71318803500003],[91.65717750400006,24.707555503000037],[91.65870232100008,24.705100810000033],[91.66282527700008,24.703813679000064],[91.66132584200005,24.700631754000028],[91.64386581800005,24.69782809000003],[91.64323888300004,24.691238635000047],[91.64560014400007,24.691231952000066],[91.64720274100006,24.696849651000036],[91.65140620400007,24.69699362800003],[91.65446856300008,24.694969551000042],[91.65490416900008,24.68988364100005],[91.65139724100004,24.685864258000038],[91.64913400700004,24.675005690000035],[91.65234344500004,24.678648071000055],[91.65738800700007,24.679346399000053],[91.64811948000005,24.662894679000033],[91.64030529400009,24.657086999000057],[91.64174100400004,24.652321423000046],[91.63966233700006,24.648238109000033],[91.64630929900005,24.645416066000053],[91.64559169900008,24.642249615000026],[91.64146083900005,24.63802511800003],[91.63841020000007,24.637691585000027],[91.63515646200005,24.633802137000032],[91.63283078100005,24.633613534000062],[91.63157470800007,24.63054764700007],[91.63470791100008,24.630645668000057],[91.63611488900005,24.628226906000066],[91.64277959500004,24.626409357000057],[91.65089563800007,24.62624993600008],[91.65423745400005,24.628791033000027],[91.66092173000004,24.62590590700006],[91.66159106800006,24.62787701800005],[91.66494733600007,24.626784617000055],[91.66564333700006,24.62964421600003],[91.66753324900009,24.62728473100003],[91.66997148100006,24.630328129000077],[91.67229240300009,24.627564265000046],[91.67504173200007,24.631196647000024],[91.68419658500005,24.61640580200003],[91.68344412500005,24.607093968000072],[91.68719988500004,24.604641703000027],[91.69360334300006,24.604066964000026],[91.71318502800005,24.596554393000076],[91.72516017300006,24.59352834500004],[91.73655063000007,24.59781984700004],[91.75015140700003,24.59891506100007],[91.75392740000007,24.608388649000062],[91.77004318100006,24.619594824000046],[91.77120888600007,24.625614022000036],[91.78111107100005,24.626427025000055],[91.78167799300007,24.62888064200007],[91.77900535200007,24.63832475600003],[91.78194487700006,24.642079183000078],[91.78707564500007,24.644739294000033],[91.79482476800007,24.646252928000024],[91.79743809300004,24.63800221100007],[91.79961441900008,24.63744799500006],[91.82393271100005,24.65207859000003],[91.83176281300007,24.65379751300003],[91.84093956800007,24.65179895400007],[91.84413072500007,24.649380244000042],[91.84516592100005,24.645081250000032],[91.84680014600008,24.644450059000064],[91.86166163300004,24.64983556800007],[91.86563033100003,24.657141138000043],[91.87102191500009,24.65767899000008],[91.87568780000004,24.65576490500007],[91.88129455700005,24.65727251000004],[91.88522942700007,24.656729444000064],[91.88784785400009,24.653435631000036],[91.88855491000004,24.64687723000003],[91.89069566900008,24.646155692000036],[91.89666871000009,24.647938569000075],[91.90235453900004,24.65194354700003],[91.90322848500006,24.663645015000043],[91.90796993200007,24.67122504300005],[91.91400057000004,24.67502875400004],[91.91431395400008,24.683134945000063],[91.91815043700007,24.68879237400006],[91.91504835900008,24.69178929800006],[91.90399905900006,24.693523381000034],[91.90234579700007,24.702598007000063],[91.89844109000006,24.705828805000067],[91.89938826900004,24.707922661000055],[91.90438415900007,24.707271352000078],[91.90451957800008,24.713410534000047],[91.90829319000005,24.711017482000045],[91.91377076500004,24.711768129000063],[91.91709571700005,24.715788356000076],[91.91425344200007,24.71998102300006],[91.91463473300007,24.723138282000036],[91.90741713000006,24.723366831000078],[91.90261394700008,24.72961953600003],[91.90266050600007,24.741041345000042],[91.89301280800004,24.74309275400003],[91.89229915000004,24.74676385300006],[91.89409253400004,24.748738126000035],[91.89276219500005,24.75036930400006],[91.89387970400008,24.75283681600007],[91.89031681300008,24.75520715700003]]]}},{"type":"Feature","id":"sylhet-beanibazar","properties":{"canonical_id":"sylhet-beanibazar","name_en":"Beanibazar","name_bn":"বিয়ানীবাজার","district_id":"sylhet","division_id":"sylhet","pcode":"BD-G-60-345","parent_pcode":"BD6091","source_name":"Beanibazar","match_method":"exact_name_or_alias","boundary_reference_year":"2020","boundary_source":"geoBoundaries gbOpen BGD ADM3 / BBS, OCHA ROAP","source_dataset_updated":"2026-08-09"},"geometry":{"type":"Polygon","coordinates":[[[92.25077784900003,24.83622626300007],[92.25487375600005,24.838576665000062],[92.24242122800007,24.84058052900008],[92.24258931700007,24.84207306600007],[92.24138736400005,24.842142215000024],[92.23972589400006,24.857826687000056],[92.23581111600004,24.859129594000024],[92.23485021900007,24.861504711000066],[92.23825452400007,24.86836947300003],[92.24618573500004,24.867613839000057],[92.24476294800007,24.871372996000048],[92.24674680200008,24.872125883000024],[92.24802590400003,24.885626219000073],[92.24713402500004,24.887656239000023],[92.23933432900003,24.890155143000072],[92.23940166500006,24.892036477000033],[92.23653271600006,24.892097351000075],[92.23602668000007,24.89926252600003],[92.23232602000007,24.900301814000045],[92.23120198700008,24.89935987100006],[92.22855273400006,24.902840405000063],[92.22585416400005,24.90354644200005],[92.22725744200005,24.90552832000003],[92.22642827300007,24.90875313300006],[92.22818960300003,24.911790866000047],[92.23087323800007,24.912446361000036],[92.22862833400006,24.912899121000066],[92.22874690900005,24.914814985000078],[92.21790732100004,24.91714593200004],[92.21845492800009,24.922197906000065],[92.21543730400003,24.921003292000023],[92.21675941600006,24.92677944600007],[92.21364616400007,24.927198650000037],[92.21625055800007,24.930326112000046],[92.21506217900009,24.930128831000047],[92.21589450000005,24.932246794000037],[92.21430826100004,24.933261076000065],[92.21597477600005,24.934243921000075],[92.21629384700003,24.936895329000038],[92.20755814700004,24.943553172000065],[92.20059104900008,24.937034467000046],[92.18801331600008,24.936884046000046],[92.17691038000004,24.930872230000034],[92.17357334200005,24.935691734000045],[92.16884400200007,24.949283724000054],[92.16715357100009,24.951062964000073],[92.16491050200005,24.95089868900004],[92.15977652100008,24.94784310700004],[92.15758124100006,24.94470078200004],[92.15745289700004,24.92735145000006],[92.14622642200004,24.916291132000026],[92.14571495600006,24.909115701000076],[92.14403259600005,24.90766734500005],[92.13897304000005,24.90818121800004],[92.13146217100007,24.911741126000038],[92.12365766700003,24.905948684000066],[92.11269273800008,24.90465331000007],[92.10520434500006,24.894483302000026],[92.10193923500003,24.89274983400003],[92.09792168500007,24.89480030800007],[92.09125723800008,24.90196233100005],[92.08452287700004,24.898272442000064],[92.08092139700005,24.897829048000062],[92.07491469200005,24.903997224000022],[92.07269552700006,24.904506540000057],[92.06522801700004,24.900157913000044],[92.06819246200007,24.899011533000078],[92.06847066400007,24.895773021000025],[92.06770015300003,24.893857469000068],[92.06571123000003,24.894254588000024],[92.06491940000006,24.892727492000063],[92.06977354600008,24.891923918000032],[92.07004566100005,24.890103365000073],[92.07224386900003,24.889686923000056],[92.06813272800008,24.888968738000074],[92.07028762400006,24.887254099000074],[92.06763942000003,24.886647051000068],[92.06963910300004,24.88282158000004],[92.06839351900004,24.879932566000036],[92.07135481200004,24.879739717000064],[92.06914571700008,24.87655996500007],[92.07429236000007,24.875459957000032],[92.07405247400004,24.871464685000035],[92.07078679900008,24.872455655000067],[92.06875237100007,24.86530757400004],[92.08025760500004,24.865855228000044],[92.08013506600008,24.864187421000054],[92.08479038800004,24.863401983000074],[92.08736345000005,24.867550808000033],[92.08588560900006,24.868669990000058],[92.08643031700007,24.87068677800005],[92.09077010600004,24.87249190700004],[92.09195414100003,24.871995171000037],[92.09080990700005,24.869344734000038],[92.09230728500006,24.868984096000077],[92.09290419600006,24.87045904300004],[92.09869433200004,24.87109147500007],[92.10032502600006,24.864422696000076],[92.09141270700007,24.861874569000065],[92.09108587900005,24.859945023000023],[92.09386433500003,24.855905249000045],[92.09128652800007,24.85191175700004],[92.09950294700008,24.85005870400005],[92.09947554000007,24.848069112000076],[92.10323963800005,24.846914251000044],[92.10475411600004,24.84111482900005],[92.10280574300003,24.839755996000065],[92.10284392600005,24.83499124900004],[92.09992718800004,24.83416563700007],[92.09390266500009,24.82835526300005],[92.09539124000008,24.826656424000078],[92.09503307500006,24.82388889300006],[92.09646112600007,24.826566381000077],[92.09800758600005,24.826177941000026],[92.09746540200007,24.82291254300003],[92.09559790700007,24.820716856000047],[92.09103915400004,24.82012225400007],[92.08522999500008,24.81584650800005],[92.08644875400006,24.81461079500008],[92.08517760600006,24.810390685000073],[92.09227136600003,24.806697537000048],[92.09046109800005,24.805681307000043],[92.08664113400005,24.806388584000047],[92.08679983700006,24.80423839100007],[92.09198646900006,24.803424550000045],[92.09112956600006,24.80160846900003],[92.08700883800003,24.79878004400007],[92.08127195500003,24.80046518200004],[92.07888198400008,24.795477418000075],[92.07847406400003,24.793031547000055],[92.07958819700008,24.79412814400007],[92.08017113600005,24.792948153000054],[92.07807091700005,24.79153857600005],[92.08362133100007,24.79062520800005],[92.08411116300005,24.782804502000033],[92.07750786600008,24.781781412000043],[92.07550579400004,24.785922369000048],[92.07605658100005,24.78901061600004],[92.07337673200004,24.789904827000043],[92.07124482700004,24.793314613000064],[92.07043119700006,24.790210800000068],[92.06907807600004,24.790013420000037],[92.06986248100009,24.787077073000034],[92.06699036600008,24.786775420000026],[92.07030227500007,24.78587032100006],[92.07167194200008,24.781894469000065],[92.07169727500008,24.780107787000077],[92.06773669000006,24.777699152000025],[92.07567259600006,24.776855823000062],[92.07595635200005,24.774744516000055],[92.08150509100005,24.77025412000006],[92.07691719000007,24.76968703700004],[92.08014610400005,24.76624389600005],[92.09292599100007,24.76486176000003],[92.09472928900004,24.759053297000037],[92.09936346400008,24.75662320200007],[92.10675390900008,24.757606672000065],[92.11652448400008,24.76547398200006],[92.12006302400005,24.765527735000035],[92.12710475500006,24.760296925000034],[92.13357644700005,24.76310772100004],[92.13789181300007,24.763173117000065],[92.14250096100005,24.76678305300004],[92.15083757600007,24.765251884000065],[92.15684275100006,24.770166604000053],[92.16162113100006,24.77094342500004],[92.16316054300006,24.768989361000024],[92.17446042500006,24.773481438000033],[92.17735064300007,24.773166355000058],[92.18030026200006,24.769355141000062],[92.19408133200005,24.768444613000042],[92.19827542100006,24.778105836000066],[92.19683683600005,24.784494444000075],[92.19319623500007,24.789170289000026],[92.19433954700008,24.793171710000024],[92.19343389800008,24.798428039000044],[92.19580318300007,24.802755613000045],[92.20087123100006,24.806973482000046],[92.20335407300007,24.80249335800005],[92.21138448000005,24.805257840000024],[92.21314268600008,24.813209441000026],[92.22902122900007,24.819107922000057],[92.24354921600008,24.81951795200007],[92.24396769600008,24.82407869900004],[92.23734479800004,24.831284965000066],[92.24481062700005,24.831467498000052],[92.24857437900005,24.83598525900004],[92.25077784900003,24.83622626300007]]]}},{"type":"Feature","id":"sylhet-bishwanath","properties":{"canonical_id":"sylhet-bishwanath","name_en":"Bishwanath","name_bn":"বিশ্বনাথ","district_id":"sylhet","division_id":"sylhet","pcode":"BD-G-60-346","parent_pcode":"BD6091","source_name":"Bishwanath","match_method":"exact_name_or_alias","boundary_reference_year":"2020","boundary_source":"geoBoundaries gbOpen BGD ADM3 / BBS, OCHA ROAP","source_dataset_updated":"2026-08-09"},"geometry":{"type":"Polygon","coordinates":[[[91.78855973100008,24.797136615000056],[91.78840774000008,24.814243546000057],[91.79487428900006,24.81666752500007],[91.79516675500008,24.81958642400008],[91.79333961300006,24.822023475000037],[91.79963309900006,24.824630997000042],[91.80092115200006,24.827675572000032],[91.79939675600008,24.829411597000046],[91.80447187900006,24.83175423600005],[91.80767924700007,24.842486963000056],[91.80265355800003,24.84312155400005],[91.80261494400008,24.849588639000046],[91.80402844600007,24.851578145000076],[91.80678735200007,24.851541976000078],[91.80787915600007,24.84807257400007],[91.81386716200007,24.852689674000032],[91.81548793900004,24.85653469700003],[91.80590785300006,24.858050254000034],[91.80716312000004,24.860588415000052],[91.80419010300005,24.863357154000028],[91.80794346900007,24.87248065800003],[91.80966617400009,24.87197732900006],[91.81028909000008,24.869349285000055],[91.80786278500005,24.861918408000065],[91.81512118700005,24.86627513700006],[91.81837677000004,24.86520459600007],[91.81837882500008,24.867627558000038],[91.81400367400005,24.87128254000004],[91.81143841100004,24.87864699100004],[91.80807477300004,24.87449014200007],[91.80419399100003,24.876488927000025],[91.80076757400008,24.874850457000036],[91.80281549300008,24.879276739000034],[91.80216420000005,24.884097308000037],[91.80078758700006,24.888558721000038],[91.79841614600008,24.888666886000067],[91.79821528700006,24.890046704000042],[91.80296840500006,24.889424503000043],[91.80414292500006,24.89094061700007],[91.80131482900003,24.89748030800007],[91.79547113600006,24.897064358000023],[91.79215438700004,24.894142921000025],[91.78920574900008,24.89365861500005],[91.77926103300007,24.896376057000055],[91.78897192600004,24.900140445000034],[91.78870850100003,24.907529982000028],[91.78671099700006,24.910988114000077],[91.78415257300009,24.912064918000056],[91.77975271200006,24.910209114000054],[91.77556789500005,24.90517033900005],[91.76977320300006,24.889950037000062],[91.76646132400003,24.884924854000076],[91.76224581100007,24.883636782000053],[91.75809266700008,24.886179903000027],[91.75755292000008,24.888517316000048],[91.76196136100003,24.897111822000056],[91.76434788700004,24.90801148500003],[91.75539570000007,24.907536487000073],[91.74562116000004,24.90349188400006],[91.73433260600007,24.903866790000052],[91.73282650700008,24.905139272000042],[91.73553038100005,24.914697312000044],[91.73267310800009,24.918738107000024],[91.71904191100003,24.918153876000076],[91.70592914900004,24.923178286000052],[91.70446402600004,24.924273971000048],[91.70433351900004,24.93242269900003],[91.69065403200005,24.936935997000035],[91.68985033400008,24.933277771000064],[91.69386140100005,24.929446391000056],[91.69147932100003,24.928392259000077],[91.69072914800006,24.92434462700004],[91.68755410700004,24.924398102000055],[91.68988466500008,24.92277079400003],[91.69090778500004,24.918976728000075],[91.68557910300007,24.915497248000065],[91.69169485500004,24.916616386000044],[91.69190336500009,24.91353127900004],[91.69511844600004,24.91135778000006],[91.69369532800005,24.90759769400006],[91.68118485500008,24.906298040000024],[91.68108440600008,24.904775571000073],[91.69405114800009,24.904067376000057],[91.69485751400003,24.90140828600005],[91.69134138700008,24.89718381700004],[91.68885924600005,24.896775174000027],[91.69003551600008,24.894242834000067],[91.68233411700004,24.89390665600007],[91.67697026100006,24.88978446400006],[91.67964093300009,24.888776493000023],[91.68348076300003,24.88986576600007],[91.68193834000004,24.883690552000076],[91.68398655300007,24.878305492000038],[91.69130892300007,24.875817664000067],[91.69583236400007,24.877661249000028],[91.69946971900004,24.87007129400007],[91.69769969300006,24.86664865800003],[91.69449061100005,24.866682291000075],[91.69329574400007,24.861471016000053],[91.68761616200004,24.860205257000075],[91.68270244200005,24.86205122900003],[91.68344547800007,24.867774444000077],[91.68154164500004,24.86841606300004],[91.68172546500006,24.870618147000073],[91.67977087500003,24.868973210000036],[91.67960348700007,24.871050023000066],[91.67820232200006,24.869436645000064],[91.67691765700005,24.87205307000005],[91.67313820700008,24.871268212000075],[91.67254783200008,24.869593774000066],[91.67492563600007,24.869097055000054],[91.67559384500004,24.867367312000056],[91.67405835700004,24.859309947000042],[91.67518528300008,24.85720036600003],[91.67060443800005,24.856990969000037],[91.66721848500003,24.853781241000036],[91.66448705400006,24.85436190100006],[91.65729624000005,24.84681076100003],[91.65741016900006,24.84436097400004],[91.66067315100008,24.84367917700007],[91.66109259900009,24.836557495000022],[91.66429255000008,24.83709804800003],[91.66486256700006,24.835516160000054],[91.66452359300007,24.82565869900003],[91.66143579700008,24.823769893000076],[91.66005688300004,24.832112679000033],[91.65818995800004,24.829599667000025],[91.65802283900007,24.834740096000075],[91.65710906100009,24.833917880000058],[91.65853284200006,24.822799917000054],[91.66083650500008,24.821441451000055],[91.66254675700009,24.81546675100003],[91.65808662100005,24.816081144000066],[91.65824930000008,24.80860790500003],[91.66656238700006,24.807694440000034],[91.66727239700003,24.809978740000076],[91.67002404200008,24.805535732000067],[91.67417304300005,24.806369103000065],[91.67472550100007,24.80106014200004],[91.67236406800004,24.796230141000024],[91.67691128000007,24.793554096000037],[91.67036533400005,24.790819886000065],[91.67453039000009,24.78952509100003],[91.67453765400006,24.785462003000077],[91.67102920100007,24.78505033500005],[91.66749616000004,24.786959291000073],[91.66408884400005,24.786300295000046],[91.65239717500003,24.79351362400007],[91.65142267900006,24.79251426700006],[91.65353068100006,24.791865168000072],[91.65369772500009,24.789591409000025],[91.65084366400004,24.78673929200005],[91.64706387600006,24.785673193000036],[91.64729215700004,24.783440521000045],[91.64566683000004,24.78323211000003],[91.64453733100004,24.786453203000065],[91.63944390300009,24.78462258600007],[91.63912391700006,24.782380122000063],[91.63752584500008,24.782456868000054],[91.63604230100003,24.779860316000054],[91.64240616900008,24.779565468000044],[91.64860019500009,24.781108492000044],[91.65104270600006,24.77721095800007],[91.64974765700003,24.770420197000078],[91.65332864800007,24.769996968000044],[91.65777683300007,24.773396854000055],[91.65797075700004,24.77003536500007],[91.65907064900006,24.77192321600006],[91.66243873500008,24.772777467000026],[91.66604855000008,24.770530895000036],[91.66622798500003,24.768137919000026],[91.67067665500008,24.767998627000054],[91.67062590900008,24.761850485000025],[91.67166518700003,24.760772345000078],[91.67268212100004,24.76222593800003],[91.67615366900009,24.761547765000046],[91.67746783000007,24.758117296000023],[91.67673012400007,24.755690566000055],[91.67369173500003,24.754923227000063],[91.67312573300006,24.749483401000077],[91.67330589300008,24.74687823000005],[91.67701316300008,24.746115032000034],[91.67824222800004,24.740224561000048],[91.68079813900005,24.744976738000048],[91.67794099400004,24.74705889200004],[91.67840513400006,24.748904061000076],[91.68422751000008,24.751569408000023],[91.69364826600008,24.74792162400007],[91.69899246600005,24.747714401000053],[91.70066076400008,24.749747849000073],[91.70238950100008,24.74963679900003],[91.70244974100007,24.74743645700005],[91.70649316500004,24.74428961500007],[91.71089707300007,24.744335329000023],[91.71181109700007,24.74064507500003],[91.71586259200006,24.741720574000055],[91.72043186800005,24.74907293900003],[91.72508882500006,24.750204421000035],[91.72563318700008,24.746442740000077],[91.72710107300009,24.74937146800005],[91.72984698800008,24.749356719000048],[91.73021496400008,24.751654243000075],[91.72806006000008,24.752896871000075],[91.72883702500008,24.76188451200005],[91.73210123500007,24.763884475000054],[91.73293218100008,24.767070473000047],[91.73520719400005,24.767653004000067],[91.73819580200006,24.77389838700003],[91.73913138600005,24.78080521100003],[91.74443697400005,24.783361230000025],[91.74445872700005,24.786154229000033],[91.74584980300006,24.777210325000055],[91.75703188700004,24.776459343000056],[91.76301597200006,24.774575926000068],[91.77081450100007,24.77526655400004],[91.77137982000005,24.77877876900004],[91.78135759000008,24.780437866000057],[91.78193578200006,24.78517437200003],[91.78493422600008,24.78884712300004],[91.78828843300005,24.79024600200006],[91.78509457900003,24.796723752000048],[91.78855973100008,24.797136615000056]]]}},{"type":"Feature","id":"sylhet-companiganj","properties":{"canonical_id":"sylhet-companiganj","name_en":"Companiganj","name_bn":"কোম্পানীগঞ্জ","district_id":"sylhet","division_id":"sylhet","pcode":"BD-G-60-347","parent_pcode":"BD6091","source_name":"Companiganj","match_method":"exact_name_or_alias","boundary_reference_year":"2020","boundary_source":"geoBoundaries gbOpen BGD ADM3 / BBS, OCHA ROAP","source_dataset_updated":"2026-08-09"},"geometry":{"type":"Polygon","coordinates":[[[91.70383946200008,24.976382542000067],[91.70460759900004,24.97412731600008],[91.70818020400009,24.972468545000027],[91.71335041400005,24.972638221000068],[91.71122786400008,24.979048670000054],[91.72193531500005,24.980541833000075],[91.72287543700008,24.985097135000046],[91.73073633900003,24.99022663900007],[91.73665316600005,24.99113219800006],[91.73557026800006,24.99531825500003],[91.74036835200008,25.005131436000056],[91.75419450200008,25.011394384000027],[91.76218943800006,25.01147701800005],[91.77560606900005,25.02096360300004],[91.77835440500007,25.021132753000074],[91.77873710200004,25.017049627000063],[91.78047484400008,25.015253064000035],[91.77904327300007,25.010493651000047],[91.78236786400004,25.009632255000042],[91.78380736000008,25.006618152000044],[91.79426674100006,25.00992192700005],[91.79823544600004,25.00618762000005],[91.80317517400005,25.010281362000057],[91.80902274300007,25.011354656000037],[91.80884747400006,25.014395355000033],[91.81178067500008,25.018729859000075],[91.82667253900007,25.017003774000045],[91.82821410200006,25.018567008000048],[91.83441044200003,25.019402506000063],[91.83801319700007,25.01477960400007],[91.84295287000003,25.026390109000033],[91.84818104500005,25.023543395000047],[91.85016357400008,25.02553989200004],[91.85495012300004,25.026614938000023],[91.85523903600006,25.030095036000034],[91.85199226900005,25.032836063000047],[91.85050875900004,25.03843389900004],[91.85021960700004,25.04887959100006],[91.84475880900004,25.049783191000074],[91.84250749400007,25.055682216000037],[91.84523097800007,25.06104435800006],[91.84558069400003,25.066771138000036],[91.84791667100006,25.070310973000062],[91.85198815800004,25.07039564300004],[91.85062556500009,25.07252012300006],[91.85312630100003,25.07838534600006],[91.85813614100005,25.083522255000048],[91.85519659800008,25.085559878000026],[91.85267301300007,25.09049757500003],[91.84666029800007,25.09388471400007],[91.84319073400007,25.092711911000038],[91.84419143500008,25.095563051000056],[91.84912144600008,25.100145448000035],[91.85709432400006,25.10455246500004],[91.85563720800008,25.107369385000027],[91.84909679500004,25.11070005700003],[91.85304693500007,25.119127442000035],[91.85700455500006,25.122067853000033],[91.84744001300004,25.128978706000055],[91.84359941600007,25.136763535000057],[91.84467454100007,25.140165551000052],[91.84352127300008,25.143156887000032],[91.84968130800007,25.152178004000064],[91.84829389200007,25.156743161000065],[91.84567074800003,25.15883539200007],[91.84574607400003,25.165033272000073],[91.84894742300008,25.169904511000027],[91.84880375800003,25.17362448700004],[91.84069878100007,25.177052125000046],[91.82709662800005,25.17794662600005],[91.82652288700007,25.176329768000073],[91.82296586400008,25.17691211700003],[91.81759197800005,25.171330476000037],[91.80394170900007,25.17185237600006],[91.80376656800007,25.17031399800004],[91.80696809800008,25.16985512800005],[91.80643366000004,25.168363492000026],[91.79718168200009,25.16891951200006],[91.78825625900004,25.167525041000033],[91.78026308200003,25.16603517300007],[91.77446938300005,25.163280668000027],[91.76623807100003,25.167619030000026],[91.76344272800009,25.16642511400005],[91.75846997100007,25.16849640500004],[91.75375746100008,25.172698077000064],[91.75633202600005,25.176561320000076],[91.75515745300004,25.177492854000036],[91.74724575300007,25.174114511000028],[91.74456887700006,25.169713399000045],[91.74973971100007,25.159352844000068],[91.74856742300005,25.156307293000054],[91.74459907200009,25.15329865600006],[91.74242879900004,25.144487296000023],[91.74757284000003,25.140272124000035],[91.73628329800005,25.143510327000058],[91.73540052700008,25.149828477000028],[91.73254558800005,25.147922],[91.73288749800008,25.150332443000025],[91.71647220300008,25.152439367000056],[91.71442826700007,25.157630956000048],[91.70822186800007,25.159182471000065],[91.70540495200004,25.157019449000074],[91.70363969100003,25.160084958000027],[91.70045166200003,25.15607069500004],[91.70374870000006,25.15102997300005],[91.70490544100005,25.15006469000008],[91.71276525700006,25.146964148000052],[91.71390141800003,25.13603229100005],[91.72050340300007,25.135744723000073],[91.72049954400006,25.134186808000038],[91.71827994800003,25.132957058000045],[91.71900892300005,25.12963800400007],[91.72790502500004,25.12911865500007],[91.72630578400003,25.120251121000024],[91.71941981300006,25.112231563000023],[91.72017315800008,25.10680972800003],[91.72404724500007,25.109075435000022],[91.71771354700007,25.10215926500007],[91.72064656800006,25.096931097000038],[91.71850192700003,25.092722759000026],[91.72272984700004,25.084758607000026],[91.73435981600005,25.07564436100006],[91.73347411800006,25.073200676000056],[91.72902746300008,25.06975234300006],[91.73428995200004,25.067474469000047],[91.73499063600008,25.06536378900006],[91.73262971400004,25.064398804000064],[91.72504913200004,25.065708751000045],[91.71732927400006,25.064019092000024],[91.70978761400005,25.06631587100003],[91.70319400700004,25.060134351000045],[91.68643195500005,25.057170218000067],[91.68371013000007,25.05047481500003],[91.68863614200006,25.045466712000064],[91.68741472600004,25.041445947000057],[91.68145640600005,25.038838224000074],[91.67213348600006,25.03917255500005],[91.67977701900008,25.029955573000052],[91.68098437100008,25.02451910600007],[91.66906568800005,25.025310271000023],[91.66783584700005,25.020143318000066],[91.67150776900007,25.01685739900006],[91.67995273500009,25.012974688000043],[91.68882640400005,25.00212784000007],[91.69663251500003,24.997739116000048],[91.68772648800007,24.994680420000066],[91.67879697600006,24.99615100400007],[91.66861933000007,25.000217271000054],[91.66575818900009,24.99958855600005],[91.66927106600008,24.994835066000064],[91.67517707600007,24.99070351200004],[91.70238849100008,24.98178809700005],[91.70441526800005,24.979665746000023],[91.70383946200008,24.976382542000067]]]}},{"type":"Feature","id":"sylhet-dakshinsurma","properties":{"canonical_id":"sylhet-dakshinsurma","name_en":"Dakshinsurma","name_bn":"দক্ষিণ সুরমা","district_id":"sylhet","division_id":"sylhet","pcode":"BD-G-60-355","parent_pcode":"BD6091","source_name":"Dakshinsurma","match_method":"exact_name_or_alias","boundary_reference_year":"2020","boundary_source":"geoBoundaries gbOpen BGD ADM3 / BBS, OCHA ROAP","source_dataset_updated":"2026-08-09"},"geometry":{"type":"Polygon","coordinates":[[[91.89031681300008,24.75520715700003],[91.89211303900004,24.757240095000043],[91.89327374500004,24.756112699000028],[91.89604246600004,24.757195485000068],[91.90331427600006,24.755769902000054],[91.90388938300003,24.754298332000076],[91.90880260100005,24.753537249000033],[91.91145172200004,24.750273073000074],[91.92018262300007,24.750712701000054],[91.92069423600003,24.74886327300004],[91.92439240500005,24.748306854000077],[91.92775012200008,24.748514217000036],[91.92895713800004,24.750413207000065],[91.93106167400003,24.75041148500003],[91.93167678800006,24.748672979000048],[91.93239039600007,24.749827839000034],[91.93391382200008,24.748770513000068],[91.93902454100004,24.75017433800008],[91.94874926900007,24.74991724700004],[91.95249893200008,24.742463172000043],[91.95267420600004,24.736202194000043],[91.96009804800008,24.73585362800003],[91.95849035900005,24.732809063000047],[91.95308832300003,24.730676707000043],[91.95469767400004,24.726645016000077],[91.95695577100008,24.72546899400004],[91.95719161900007,24.72968370500007],[91.96613884900006,24.73100715000004],[91.96754026900004,24.73337948900007],[91.96411926600007,24.735843302000035],[91.96376495700008,24.738931010000044],[91.96087119200007,24.737760276000074],[91.96248891600004,24.742222638000044],[91.95814003000004,24.74609725700003],[91.96311746200007,24.747662242000047],[91.96449302000008,24.749480280000057],[91.96439750700006,24.757197645000076],[91.96337289200005,24.759038685000064],[91.95665991100003,24.75905487600005],[91.96093386500007,24.775754927000037],[91.95738130500007,24.777554546000033],[91.95843007900004,24.780821373000038],[91.95961486900006,24.782828132000077],[91.96356922900009,24.78314644900007],[91.96365348700004,24.785357759000078],[91.96591590600008,24.787102614000048],[91.96923438500005,24.78632320300005],[91.97055134300007,24.791203521000057],[91.97059556500005,24.793258485000024],[91.96443821700007,24.79476079500006],[91.96459361600006,24.79728714400005],[91.96269871400006,24.79510524500006],[91.96383718900006,24.800553342000057],[91.96656799000004,24.80297362700003],[91.96690049400007,24.807982577000075],[91.96466242200006,24.808709967000027],[91.96381048900008,24.80701826300003],[91.96586531000008,24.80506041800004],[91.96288367000005,24.805790217000038],[91.96255759000007,24.812756165000053],[91.95755820300008,24.815116491000026],[91.95486094600005,24.813501919000032],[91.95029066700005,24.814654549000068],[91.94890792500007,24.811111038000035],[91.94406326700005,24.810525776000077],[91.94100993100005,24.811909485000058],[91.93328780200005,24.821058996000033],[91.93214494300008,24.82796949300007],[91.93382832400005,24.83273200700006],[91.93165932300008,24.834246861000054],[91.93145555400008,24.837132817000054],[91.92356417200006,24.83731586600004],[91.92245364900003,24.842318153000065],[91.91937364200004,24.842119640000078],[91.91943355100005,24.843758025000056],[91.92402463700006,24.84462039300007],[91.92656397100006,24.84823386100004],[91.93064290000007,24.848516928000038],[91.92941306900008,24.849362830000075],[91.93257777800005,24.851896026000077],[91.93351213600005,24.85571067500007],[91.93149139400003,24.85572723100006],[91.93101782000008,24.857169370000065],[91.93030992000007,24.855987391000042],[91.92765988800005,24.85689903100007],[91.92708337900007,24.866782545000035],[91.92442914700007,24.86368519100006],[91.91950633300007,24.871782376000056],[91.91670731000005,24.873687708000034],[91.90774871800005,24.870867229000055],[91.90001506800007,24.873867265000058],[91.89902674400008,24.869501783000032],[91.89549226300005,24.869679303000055],[91.89471128200006,24.867541655000025],[91.89354872000007,24.867960414000038],[91.89427161100008,24.870224070000063],[91.89100005200004,24.868538355000055],[91.89032495400005,24.870915659000048],[91.88730039300003,24.868183420000037],[91.88247126500005,24.86847404400004],[91.88113241400004,24.867179582000063],[91.88532188200008,24.864273277000052],[91.87583332000008,24.864812034000067],[91.87075429900005,24.872037936000027],[91.87140617800009,24.874540164000052],[91.86777519500004,24.874073294000027],[91.86658822300006,24.87744719600005],[91.86371046300007,24.877263095000046],[91.86292146300008,24.876043417000062],[91.86439919500003,24.87386214600008],[91.86259234000005,24.873481819000062],[91.85742877000007,24.88162247500003],[91.85366946900007,24.88077598500007],[91.85377309100005,24.88332517300006],[91.85551482500006,24.88385142800007],[91.85386189400003,24.886082759000033],[91.85668226100006,24.88820656400003],[91.84570001400004,24.889814993000073],[91.84124138200008,24.888434432000054],[91.84104789000008,24.891485621000072],[91.83808987100008,24.893264266000074],[91.83999150000005,24.900549479000063],[91.83563800900004,24.905730147000043],[91.83169003100005,24.89759398700005],[91.82700573800008,24.896133552000038],[91.82616029100006,24.898672394000073],[91.82521081800007,24.896833211000057],[91.82360031000007,24.897664330000055],[91.82276429700005,24.896428640000067],[91.82166962700006,24.897842530000048],[91.81526066200007,24.898329757000056],[91.81238962700007,24.892283510000027],[91.80500473300003,24.88890275600005],[91.80296840500006,24.889424503000043],[91.79821528700006,24.890046704000042],[91.79841614600008,24.888666886000067],[91.80078758700006,24.888558721000038],[91.80216420000005,24.884097308000037],[91.80281549300008,24.879276739000034],[91.80076757400008,24.874850457000036],[91.80419399100003,24.876488927000025],[91.80807477300004,24.87449014200007],[91.81143841100004,24.87864699100004],[91.81400367400005,24.87128254000004],[91.81837882500008,24.867627558000038],[91.81837677000004,24.86520459600007],[91.81512118700005,24.86627513700006],[91.80786278500005,24.861918408000065],[91.81028909000008,24.869349285000055],[91.80966617400009,24.87197732900006],[91.80794346900007,24.87248065800003],[91.80419010300005,24.863357154000028],[91.80716312000004,24.860588415000052],[91.80590785300006,24.858050254000034],[91.81548793900004,24.85653469700003],[91.81386716200007,24.852689674000032],[91.80787915600007,24.84807257400007],[91.80678735200007,24.851541976000078],[91.80402844600007,24.851578145000076],[91.80261494400008,24.849588639000046],[91.80265355800003,24.84312155400005],[91.80767924700007,24.842486963000056],[91.80447187900006,24.83175423600005],[91.79939675600008,24.829411597000046],[91.80092115200006,24.827675572000032],[91.79963309900006,24.824630997000042],[91.79333961300006,24.822023475000037],[91.79516675500008,24.81958642400008],[91.79487428900006,24.81666752500007],[91.78840774000008,24.814243546000057],[91.78855973100008,24.797136615000056],[91.79688047000008,24.791065677000063],[91.80548856800004,24.790683306000062],[91.81128994400007,24.78631789900004],[91.81509020500005,24.788197741000033],[91.81641147800008,24.786016007000057],[91.81898962400004,24.78589215200003],[91.81870777400007,24.78347595100007],[91.82267139200007,24.783421528000076],[91.82052625800009,24.780727815000034],[91.82620252100008,24.78042393000004],[91.82705522900005,24.783362435000072],[91.83412696800008,24.785059614000033],[91.83471513400008,24.77625817300003],[91.82836131100004,24.771472406000044],[91.82828586400007,24.76990802200004],[91.83706485700009,24.76751807100004],[91.83742955400004,24.771385656000064],[91.84349089900007,24.77245831500005],[91.84920584400004,24.770626177000054],[91.84784206800003,24.767340885000067],[91.84885353600004,24.765741665000064],[91.85474014100004,24.76679684900006],[91.85609502100004,24.770345129000077],[91.85899402400008,24.771126792000075],[91.86072676700007,24.76978826000004],[91.87067416000008,24.769040227000062],[91.87248696500006,24.762996824000027],[91.87202315700006,24.761326179000037],[91.86948921200008,24.760357945000067],[91.87070790100006,24.755494525000074],[91.87485793100007,24.755368719000046],[91.87712823300006,24.760179450000066],[91.87900875800005,24.760513048000064],[91.87909383000004,24.75487269000007],[91.88222724700006,24.75498795900006],[91.88256146800006,24.753424688000052],[91.88695091500006,24.75295585400005],[91.88866244600007,24.751109448000022],[91.89031681300008,24.75520715700003]]]}},{"type":"Feature","id":"sylhet-fenchuganj","properties":{"canonical_id":"sylhet-fenchuganj","name_en":"Fenchuganj","name_bn":"ফেঞ্চুগঞ্জ","district_id":"sylhet","division_id":"sylhet","pcode":"BD-G-60-348","parent_pcode":"BD6091","source_name":"Fenchuganj","match_method":"exact_name_or_alias","boundary_reference_year":"2020","boundary_source":"geoBoundaries gbOpen BGD ADM3 / BBS, OCHA ROAP","source_dataset_updated":"2026-08-09"},"geometry":{"type":"Polygon","coordinates":[[[91.90322848500006,24.663645015000043],[91.91123582600005,24.661735427000053],[91.90999511000007,24.655677431000072],[91.92280430900007,24.65244894600005],[91.92618951500003,24.654132799000024],[91.93107667900006,24.66177169100007],[91.93091189200004,24.657604469000034],[91.93353314500007,24.655054706000044],[91.94017305500006,24.65314541200007],[91.94217467400006,24.654738416000043],[91.94723984700005,24.64955557500008],[91.96380949700006,24.645729819000053],[91.96334305700003,24.641050888000052],[91.96685668000003,24.638940897000055],[91.96789939600006,24.640321525000047],[91.97359135200008,24.639263396000047],[91.97726039000008,24.64319598700007],[91.98382980900004,24.643907266000042],[91.98430224400005,24.646338598000057],[91.98866698600006,24.65003599000005],[91.99195527200004,24.65066332500004],[91.99286276200007,24.65384663900005],[91.99508198400008,24.655105930000047],[92.00100478700006,24.653207460000033],[92.01008227300008,24.653699620000054],[92.01045929000009,24.652221893000046],[92.01660755700004,24.650701801000025],[92.01605874800003,24.654662828000028],[92.02054555800004,24.651066999000022],[92.02181913500004,24.65182795800007],[92.02091818600007,24.653043610000054],[92.02897664400007,24.652332388000048],[92.03123622600003,24.656104275000075],[92.03315097600006,24.66704720100006],[92.03185972600005,24.681135122000057],[92.03306937700006,24.68105329100007],[92.03510308400007,24.687376233000066],[92.03146343300006,24.691885849000073],[92.03173238200009,24.695635522000032],[92.02571865700008,24.69707890600006],[92.03107615500005,24.69953708500003],[92.02327048400008,24.706215947000032],[92.01451835400007,24.70710393300004],[92.01169014500005,24.712565383000026],[92.00029398400005,24.710804462000056],[91.99901192400006,24.71263785800005],[91.99533467500004,24.712979671000028],[91.99303580600008,24.716211205000036],[91.98556669700008,24.715373637000027],[91.99654691500007,24.72565678500007],[91.99518824300009,24.726649888000054],[91.98958222100003,24.72545879100005],[91.99067628600005,24.729340381000043],[91.98570540200006,24.733955266000066],[91.98114750800005,24.73412786800003],[91.98097108900004,24.731025713000065],[91.97914378000007,24.729666879000035],[91.97565667300006,24.730545146000054],[91.97181517200005,24.729207676000044],[91.96613884900006,24.73100715000004],[91.95719161900007,24.72968370500007],[91.95695577100008,24.72546899400004],[91.95469767400004,24.726645016000077],[91.95308832300003,24.730676707000043],[91.95849035900005,24.732809063000047],[91.96009804800008,24.73585362800003],[91.95267420600004,24.736202194000043],[91.95249893200008,24.742463172000043],[91.94874926900007,24.74991724700004],[91.93902454100004,24.75017433800008],[91.93391382200008,24.748770513000068],[91.93239039600007,24.749827839000034],[91.93167678800006,24.748672979000048],[91.93106167400003,24.75041148500003],[91.92895713800004,24.750413207000065],[91.92775012200008,24.748514217000036],[91.92439240500005,24.748306854000077],[91.92069423600003,24.74886327300004],[91.92018262300007,24.750712701000054],[91.91145172200004,24.750273073000074],[91.90880260100005,24.753537249000033],[91.90388938300003,24.754298332000076],[91.90331427600006,24.755769902000054],[91.89604246600004,24.757195485000068],[91.89327374500004,24.756112699000028],[91.89211303900004,24.757240095000043],[91.89031681300008,24.75520715700003],[91.89387970400008,24.75283681600007],[91.89276219500005,24.75036930400006],[91.89409253400004,24.748738126000035],[91.89229915000004,24.74676385300006],[91.89301280800004,24.74309275400003],[91.90266050600007,24.741041345000042],[91.90261394700008,24.72961953600003],[91.90741713000006,24.723366831000078],[91.91463473300007,24.723138282000036],[91.91425344200007,24.71998102300006],[91.91709571700005,24.715788356000076],[91.91377076500004,24.711768129000063],[91.90829319000005,24.711017482000045],[91.90451957800008,24.713410534000047],[91.90438415900007,24.707271352000078],[91.89938826900004,24.707922661000055],[91.89844109000006,24.705828805000067],[91.90234579700007,24.702598007000063],[91.90399905900006,24.693523381000034],[91.91504835900008,24.69178929800006],[91.91815043700007,24.68879237400006],[91.91431395400008,24.683134945000063],[91.91400057000004,24.67502875400004],[91.90796993200007,24.67122504300005],[91.90322848500006,24.663645015000043]]]}},{"type":"Feature","id":"sylhet-golapganj","properties":{"canonical_id":"sylhet-golapganj","name_en":"Golapganj","name_bn":"গোলাপগঞ্জ","district_id":"sylhet","division_id":"sylhet","pcode":"BD-G-60-349","parent_pcode":"BD6091","source_name":"Golapganj","match_method":"exact_name_or_alias","boundary_reference_year":"2020","boundary_source":"geoBoundaries gbOpen BGD ADM3 / BBS, OCHA ROAP","source_dataset_updated":"2026-08-09"},"geometry":{"type":"Polygon","coordinates":[[[92.08014610400005,24.76624389600005],[92.07691719000007,24.76968703700004],[92.08150509100005,24.77025412000006],[92.07595635200005,24.774744516000055],[92.07567259600006,24.776855823000062],[92.06773669000006,24.777699152000025],[92.07169727500008,24.780107787000077],[92.07167194200008,24.781894469000065],[92.07030227500007,24.78587032100006],[92.06699036600008,24.786775420000026],[92.06986248100009,24.787077073000034],[92.06907807600004,24.790013420000037],[92.07043119700006,24.790210800000068],[92.07124482700004,24.793314613000064],[92.07337673200004,24.789904827000043],[92.07605658100005,24.78901061600004],[92.07550579400004,24.785922369000048],[92.07750786600008,24.781781412000043],[92.08411116300005,24.782804502000033],[92.08362133100007,24.79062520800005],[92.07807091700005,24.79153857600005],[92.08017113600005,24.792948153000054],[92.07958819700008,24.79412814400007],[92.07847406400003,24.793031547000055],[92.07888198400008,24.795477418000075],[92.08127195500003,24.80046518200004],[92.08700883800003,24.79878004400007],[92.09112956600006,24.80160846900003],[92.09198646900006,24.803424550000045],[92.08679983700006,24.80423839100007],[92.08664113400005,24.806388584000047],[92.09046109800005,24.805681307000043],[92.09227136600003,24.806697537000048],[92.08517760600006,24.810390685000073],[92.08644875400006,24.81461079500008],[92.08522999500008,24.81584650800005],[92.09103915400004,24.82012225400007],[92.09559790700007,24.820716856000047],[92.09746540200007,24.82291254300003],[92.09800758600005,24.826177941000026],[92.09646112600007,24.826566381000077],[92.09503307500006,24.82388889300006],[92.09539124000008,24.826656424000078],[92.09390266500009,24.82835526300005],[92.09992718800004,24.83416563700007],[92.10284392600005,24.83499124900004],[92.10280574300003,24.839755996000065],[92.10475411600004,24.84111482900005],[92.10323963800005,24.846914251000044],[92.09947554000007,24.848069112000076],[92.09950294700008,24.85005870400005],[92.09128652800007,24.85191175700004],[92.09386433500003,24.855905249000045],[92.09108587900005,24.859945023000023],[92.09141270700007,24.861874569000065],[92.10032502600006,24.864422696000076],[92.09869433200004,24.87109147500007],[92.09290419600006,24.87045904300004],[92.09230728500006,24.868984096000077],[92.09080990700005,24.869344734000038],[92.09195414100003,24.871995171000037],[92.09077010600004,24.87249190700004],[92.08643031700007,24.87068677800005],[92.08588560900006,24.868669990000058],[92.08736345000005,24.867550808000033],[92.08479038800004,24.863401983000074],[92.08013506600008,24.864187421000054],[92.08025760500004,24.865855228000044],[92.06875237100007,24.86530757400004],[92.07078679900008,24.872455655000067],[92.07405247400004,24.871464685000035],[92.07429236000007,24.875459957000032],[92.06914571700008,24.87655996500007],[92.07135481200004,24.879739717000064],[92.06839351900004,24.879932566000036],[92.06963910300004,24.88282158000004],[92.06763942000003,24.886647051000068],[92.07028762400006,24.887254099000074],[92.06813272800008,24.888968738000074],[92.07224386900003,24.889686923000056],[92.07004566100005,24.890103365000073],[92.06977354600008,24.891923918000032],[92.06491940000006,24.892727492000063],[92.06571123000003,24.894254588000024],[92.06770015300003,24.893857469000068],[92.06847066400007,24.895773021000025],[92.06819246200007,24.899011533000078],[92.06522801700004,24.900157913000044],[92.06172154000006,24.897093638000058],[92.05849695500007,24.89024116300004],[92.05529699700008,24.888178485000026],[92.04763270300003,24.886953437000045],[92.03380324600005,24.887978213000054],[92.02999978500009,24.884047141000053],[92.01933723400003,24.887954098000023],[92.02005636100006,24.891473045000055],[92.02909875700004,24.90214339700003],[92.02862369500008,24.904188971000053],[92.03011105300004,24.904235872000072],[92.02644975500004,24.91039623200004],[92.02971513800009,24.910738872000024],[92.03169617700007,24.913422987000047],[92.02383874500003,24.922889793000024],[92.02070883000005,24.924347904000058],[92.02141734700007,24.92628600300003],[92.01976431600008,24.927669327000046],[92.00930909200008,24.919958303000044],[92.00975719300004,24.917181335000066],[92.00184634300007,24.91526388500006],[92.00006130700007,24.91092464600007],[91.99277599000004,24.91097988100006],[91.98896132900006,24.908596713000065],[91.98290358300005,24.90010045300005],[91.97622264700004,24.89794290100008],[91.97246956800007,24.889113724000026],[91.96669628400008,24.885632971000064],[91.96187223900006,24.890063705000046],[91.95256587000006,24.892636302000028],[91.94587528600005,24.887282714000037],[91.93915597800003,24.887736390000043],[91.94026229300005,24.882728430000043],[91.93923253800006,24.879964595000047],[91.93976720500007,24.877723230000072],[91.94156297400008,24.877101778000053],[91.93771320300004,24.864407714000038],[91.92708337900007,24.866782545000035],[91.92765988800005,24.85689903100007],[91.93030992000007,24.855987391000042],[91.93101782000008,24.857169370000065],[91.93149139400003,24.85572723100006],[91.93351213600005,24.85571067500007],[91.93257777800005,24.851896026000077],[91.92941306900008,24.849362830000075],[91.93064290000007,24.848516928000038],[91.92656397100006,24.84823386100004],[91.92402463700006,24.84462039300007],[91.91943355100005,24.843758025000056],[91.91937364200004,24.842119640000078],[91.92245364900003,24.842318153000065],[91.92356417200006,24.83731586600004],[91.93145555400008,24.837132817000054],[91.93165932300008,24.834246861000054],[91.93382832400005,24.83273200700006],[91.93214494300008,24.82796949300007],[91.93328780200005,24.821058996000033],[91.94100993100005,24.811909485000058],[91.94406326700005,24.810525776000077],[91.94890792500007,24.811111038000035],[91.95029066700005,24.814654549000068],[91.95486094600005,24.813501919000032],[91.95755820300008,24.815116491000026],[91.96255759000007,24.812756165000053],[91.96288367000005,24.805790217000038],[91.96586531000008,24.80506041800004],[91.96381048900008,24.80701826300003],[91.96466242200006,24.808709967000027],[91.96690049400007,24.807982577000075],[91.96656799000004,24.80297362700003],[91.96383718900006,24.800553342000057],[91.96269871400006,24.79510524500006],[91.96459361600006,24.79728714400005],[91.96443821700007,24.79476079500006],[91.97059556500005,24.793258485000024],[91.97055134300007,24.791203521000057],[91.96923438500005,24.78632320300005],[91.96591590600008,24.787102614000048],[91.96365348700004,24.785357759000078],[91.96356922900009,24.78314644900007],[91.95961486900006,24.782828132000077],[91.95843007900004,24.780821373000038],[91.95738130500007,24.777554546000033],[91.96093386500007,24.775754927000037],[91.95665991100003,24.75905487600005],[91.96337289200005,24.759038685000064],[91.96439750700006,24.757197645000076],[91.96449302000008,24.749480280000057],[91.96311746200007,24.747662242000047],[91.95814003000004,24.74609725700003],[91.96248891600004,24.742222638000044],[91.96087119200007,24.737760276000074],[91.96376495700008,24.738931010000044],[91.96411926600007,24.735843302000035],[91.96754026900004,24.73337948900007],[91.96613884900006,24.73100715000004],[91.97181517200005,24.729207676000044],[91.97565667300006,24.730545146000054],[91.97914378000007,24.729666879000035],[91.98097108900004,24.731025713000065],[91.98114750800005,24.73412786800003],[91.98570540200006,24.733955266000066],[91.99067628600005,24.729340381000043],[91.98958222100003,24.72545879100005],[91.99518824300009,24.726649888000054],[91.99654691500007,24.72565678500007],[91.98556669700008,24.715373637000027],[91.99303580600008,24.716211205000036],[91.99533467500004,24.712979671000028],[91.99901192400006,24.71263785800005],[92.00029398400005,24.710804462000056],[92.01169014500005,24.712565383000026],[92.01451835400007,24.70710393300004],[92.02327048400008,24.706215947000032],[92.03107615500005,24.69953708500003],[92.03991749000005,24.706782668000073],[92.04137754100003,24.70295195800003],[92.03926657300008,24.70011491400004],[92.04288032700003,24.70087486400007],[92.04677909600008,24.69719143900005],[92.04880442300004,24.697278899000025],[92.04910870500004,24.69968233000003],[92.05226621500003,24.701129313000024],[92.05965299700006,24.71021376400006],[92.05769518400007,24.728627221000067],[92.06287214300005,24.726576187000035],[92.06206852200006,24.720248126000058],[92.06330428000007,24.718357884000056],[92.07568096200004,24.717931469000064],[92.07739315200007,24.721720797000046],[92.08047012700007,24.723547410000037],[92.07776577000004,24.728310303000058],[92.07975234000008,24.729342932000066],[92.08037586800003,24.731991777000076],[92.08176944100006,24.73061208400003],[92.08260895800004,24.732020009000053],[92.08369755100006,24.73769563700006],[92.08282969900006,24.745118777000073],[92.08425537000005,24.746360553000045],[92.08401544800006,24.748237674000052],[92.07725632300009,24.749213431000044],[92.07890967900005,24.754631868000047],[92.07737058100008,24.765219999000067],[92.08014610400005,24.76624389600005]]]}},{"type":"Feature","id":"sylhet-gowainghat","properties":{"canonical_id":"sylhet-gowainghat","name_en":"Gowainghat","name_bn":"গোয়াইনঘাট","district_id":"sylhet","division_id":"sylhet","pcode":"BD-G-60-350","parent_pcode":"BD6091","source_name":"Gowainghat","match_method":"exact_name_or_alias","boundary_reference_year":"2020","boundary_source":"geoBoundaries gbOpen BGD ADM3 / BBS, OCHA ROAP","source_dataset_updated":"2026-08-09"},"geometry":{"type":"Polygon","coordinates":[[[91.80902274300007,25.011354656000037],[91.81675977200007,25.009362691000035],[91.81701563500008,25.007015050000064],[91.82003619400007,25.005382370000063],[91.82251077300003,25.00116353900006],[91.82294025000004,24.99628135000006],[91.83202798400004,24.988799306000033],[91.82955328600008,24.984065693000048],[91.83664729200007,24.984975906000045],[91.84327552300005,24.98233727400003],[91.84716221000008,24.988891468000077],[91.85319931600009,24.992125190000024],[91.85620715500005,24.989044086000035],[91.86416137400005,24.989575461000072],[91.86734073400004,24.988363064000055],[91.87409417800006,24.99067000900004],[91.88040891400004,24.98699716400006],[91.88065087900009,24.992278886000065],[91.89089983700006,24.995806982000033],[91.89359957900007,25.00002875800004],[91.89902693200008,25.003000279000048],[91.90069734100007,25.00922852900004],[91.90328660400007,25.012106347000042],[91.90503989100006,25.012687632000052],[91.90953837400008,25.008798698000078],[91.91281481800007,25.010456646000023],[91.91909656100006,25.010375125000053],[91.91964501000007,25.00267855100003],[91.92710619900004,24.998414559000025],[91.92764734400004,24.99405160200007],[91.93169683800005,24.992499314000042],[91.93014499600008,24.989305543000057],[91.93670443000008,24.97584497300005],[91.94112055000005,24.958571336000034],[91.94288615700003,24.956666],[91.95362972800007,24.95656943800003],[91.95459845800008,24.96143569000003],[91.95341065100007,24.963549116000024],[91.95702749800006,24.966032781000024],[91.95619182400009,24.967985304000024],[91.95904357400008,24.972291855000037],[91.96587391100007,24.96810713900004],[91.97612034000008,24.968258653000078],[91.97482785100004,24.975967426000068],[91.97841800300006,24.97630849500007],[91.97888119500004,24.977904754000065],[91.97997901800005,24.977150443000028],[91.97944111500004,24.979162312000028],[91.98134209200003,24.979854148000072],[91.98396671600005,24.979194574000076],[91.98399903200004,24.975306597000042],[91.98949750700007,24.973950698000067],[91.99059647200005,24.972235415000057],[91.99137956800007,24.97854317300005],[91.99699827600006,24.979722715000037],[91.99952016800006,24.982170879000023],[92.00065909200003,24.996617239000045],[92.00554953400007,25.00367695600005],[92.00478086400005,25.007089590000078],[92.01555994100005,25.007704423000064],[92.01719518400006,25.009942513000055],[92.01559205400008,25.011870759000033],[92.02128194200009,25.012300736000043],[92.02360228600008,25.015149505000068],[92.01987470400007,25.01946119300004],[92.02586622700005,25.018931090000024],[92.02964896400005,25.020509503000028],[92.03257652200006,25.02441110700005],[92.03420398200007,25.023365351000052],[92.03766953000007,25.02870725500003],[92.04478118000009,25.034948486000076],[92.04858915800008,25.03688430300008],[92.05126724800004,25.035372497000026],[92.04687214500007,25.028172271000074],[92.04678571200003,25.02385892500007],[92.05085332500005,25.02198833800003],[92.04880479000008,25.02007795800006],[92.04961360400006,25.01866868700006],[92.05446471200008,25.022067095000068],[92.05556472300003,25.020819646000064],[92.05410180800004,25.01711776800005],[92.06491480600005,25.016078743000037],[92.07267930600005,25.020051584000043],[92.0743,25.02680453100004],[92.07920348900007,25.027338567000072],[92.08411908300008,25.03624505700003],[92.07495623400007,25.04261908700005],[92.07627375800007,25.046897095000077],[92.07461844500006,25.054890753000052],[92.08221868900006,25.060741206000046],[92.09746794000006,25.06746954500005],[92.09457380400005,25.07084935100005],[92.09549531400006,25.073964259000036],[92.10357333200005,25.079115604000037],[92.10899086400008,25.079225439000027],[92.11324823400008,25.086053100000072],[92.12029818000008,25.089162178000038],[92.11823131800008,25.09264795300004],[92.11360617000008,25.094047697000065],[92.09367675500005,25.08803057500006],[92.08922674200005,25.08986547300003],[92.08859120900007,25.107052013000043],[92.08026814200008,25.117299813000045],[92.07514972700005,25.11863764000003],[92.07105199000006,25.123143692000042],[92.06923300800008,25.127331781000066],[92.07096152700007,25.13269800100005],[92.06076362600004,25.13653349300006],[92.05614645900005,25.140290372000038],[92.05074858600005,25.14018749300004],[92.05177635900009,25.14390095400006],[92.04957995000007,25.146887237000044],[92.05107317100004,25.15040863200005],[92.04878567800006,25.152105834000054],[92.04923108400004,25.157467505000056],[92.05603372200005,25.158267435000027],[92.05781661100008,25.160669857000073],[92.06152412300008,25.16183524400003],[92.06241106200008,25.164293520000058],[92.06022675000008,25.167929185000048],[92.05913540300008,25.175811587000055],[92.05392164700004,25.17842635100004],[92.05718488700006,25.18086969600006],[92.05825757400004,25.18591127700006],[92.05700502300004,25.186695393000036],[92.05533949400007,25.184378804000062],[92.05410838100005,25.18658021300007],[92.04046192100003,25.186493812000037],[92.03889992900008,25.182420943000068],[92.03641125200005,25.182341672000064],[92.03392716100007,25.18439253100007],[92.02795371700006,25.18360199800003],[92.02611074100008,25.17930566900003],[92.01835812600007,25.182824436000033],[92.01691768600006,25.186224167000034],[92.00341755900007,25.186241394000035],[91.99847476500008,25.184116741000025],[91.98532219000003,25.17288403400005],[91.98050708600005,25.171788424000056],[91.96651705800008,25.176543863000063],[91.93436409100008,25.178187429000047],[91.93094057200005,25.181211381000026],[91.92592010300007,25.180064865000077],[91.91616029200009,25.18147977500007],[91.90734684100005,25.179440597000053],[91.89843756800008,25.180202923000024],[91.89730371400003,25.178191827000035],[91.89382305700008,25.17848719600005],[91.89463311200007,25.17637213100005],[91.88442875400006,25.177207132000035],[91.88056130800004,25.17302907900006],[91.87606461900003,25.175689454000064],[91.87588313600008,25.17754525500004],[91.87081951800008,25.17442103700006],[91.86430882100007,25.17542491000006],[91.86143037500005,25.172594719000074],[91.84880375800003,25.17362448700004],[91.84894742300008,25.169904511000027],[91.84574607400003,25.165033272000073],[91.84567074800003,25.15883539200007],[91.84829389200007,25.156743161000065],[91.84968130800007,25.152178004000064],[91.84352127300008,25.143156887000032],[91.84467454100007,25.140165551000052],[91.84359941600007,25.136763535000057],[91.84744001300004,25.128978706000055],[91.85700455500006,25.122067853000033],[91.85304693500007,25.119127442000035],[91.84909679500004,25.11070005700003],[91.85563720800008,25.107369385000027],[91.85709432400006,25.10455246500004],[91.84912144600008,25.100145448000035],[91.84419143500008,25.095563051000056],[91.84319073400007,25.092711911000038],[91.84666029800007,25.09388471400007],[91.85267301300007,25.09049757500003],[91.85519659800008,25.085559878000026],[91.85813614100005,25.083522255000048],[91.85312630100003,25.07838534600006],[91.85062556500009,25.07252012300006],[91.85198815800004,25.07039564300004],[91.84791667100006,25.070310973000062],[91.84558069400003,25.066771138000036],[91.84523097800007,25.06104435800006],[91.84250749400007,25.055682216000037],[91.84475880900004,25.049783191000074],[91.85021960700004,25.04887959100006],[91.85050875900004,25.03843389900004],[91.85199226900005,25.032836063000047],[91.85523903600006,25.030095036000034],[91.85495012300004,25.026614938000023],[91.85016357400008,25.02553989200004],[91.84818104500005,25.023543395000047],[91.84295287000003,25.026390109000033],[91.83801319700007,25.01477960400007],[91.83441044200003,25.019402506000063],[91.82821410200006,25.018567008000048],[91.82667253900007,25.017003774000045],[91.81178067500008,25.018729859000075],[91.80884747400006,25.014395355000033],[91.80902274300007,25.011354656000037]]]}},{"type":"Feature","id":"sylhet-jaintiapur","properties":{"canonical_id":"sylhet-jaintiapur","name_en":"Jaintiapur","name_bn":"জৈন্তাপুর","district_id":"sylhet","division_id":"sylhet","pcode":"BD-G-60-351","parent_pcode":"BD6091","source_name":"Jaintiapur","match_method":"exact_name_or_alias","boundary_reference_year":"2020","boundary_source":"geoBoundaries gbOpen BGD ADM3 / BBS, OCHA ROAP","source_dataset_updated":"2026-08-09"},"geometry":{"type":"Polygon","coordinates":[[[92.01976431600008,24.927669327000046],[92.02308383900004,24.933990444000074],[92.02156116100008,24.936806282000077],[92.02702832700004,24.94758256800003],[92.03104596900005,24.95086576700004],[92.03487754700006,24.951137888000062],[92.04218057300005,24.96199673600006],[92.05366696500005,24.96239391200004],[92.05862843400007,24.965268327000047],[92.06161847600004,24.97168944400005],[92.05948721100003,24.97725445100008],[92.06755555200004,24.977237915000046],[92.06566039400008,24.984399256000074],[92.06843862300008,24.986064571000043],[92.07102604200008,24.984688009000024],[92.07235769400006,24.986245303000032],[92.07787307800004,24.984757846000036],[92.08092601000004,24.981919524000034],[92.08688826200006,24.98480994700003],[92.08991540400007,24.988183153000023],[92.09501247200006,24.98901474400003],[92.09616016000007,24.986714112000072],[92.10119057500003,24.98588485600004],[92.11273365600005,24.988712194000072],[92.11547337800005,24.985774397000057],[92.11774559700007,24.98561681600006],[92.12539809000003,24.989439006000055],[92.13018684800005,24.989287002000026],[92.13553211600004,24.991428205000034],[92.14427245300004,25.00041472500004],[92.14795763700005,25.001182435000032],[92.15368127600004,25.005093541000065],[92.15411713500004,25.009812873000044],[92.15180113800005,25.01586123900006],[92.15634353300004,25.01831676300003],[92.15963793600008,25.029196658000046],[92.16696405500005,25.042937321000068],[92.17093001700005,25.04564276600007],[92.17394752000007,25.055062203000034],[92.19203861200003,25.05932539300005],[92.20037358800005,25.06435467800003],[92.20235234600005,25.062957208000057],[92.20733367700007,25.05007648000003],[92.20621834600007,25.046414079000044],[92.21196836400009,25.046159286000034],[92.22005500400007,25.048931673000027],[92.22198602200007,25.051987670000074],[92.22435102200006,25.052627002000065],[92.22270021200006,25.056524184000068],[92.22558435600007,25.054765899000074],[92.22891509000004,25.058285983000076],[92.21011522900005,25.065411053000048],[92.20286741300004,25.06519271800005],[92.20149251600003,25.067419603000076],[92.20421418400008,25.071983983000052],[92.21048539600008,25.07502184200007],[92.21228895400009,25.08358558200007],[92.21672918800004,25.084979361000023],[92.21712193500008,25.092711062000035],[92.21353300200008,25.093711916000075],[92.21292846100005,25.09513079800007],[92.22769638800008,25.09183384000005],[92.22713093900006,25.094033086000024],[92.22298731000006,25.098336838000023],[92.22345365600006,25.102545659000043],[92.22179325700006,25.104177115000027],[92.20690651200005,25.108774983000046],[92.20267040700008,25.106503556000064],[92.19609127700005,25.10816496700005],[92.20042647000008,25.11742265500004],[92.20033911400003,25.120119557000066],[92.21953292600006,25.116109866000045],[92.21296325200007,25.121089865000044],[92.19874059800009,25.125814900000023],[92.19442377200005,25.125753433000057],[92.19518086700003,25.130192583000053],[92.19141800300008,25.135369780000076],[92.18892520000009,25.13552523000004],[92.18800454700005,25.133581450000065],[92.18908036100004,25.13081275500008],[92.18815970500003,25.127340581000055],[92.18382413600006,25.11819564700005],[92.17666016500004,25.122982638000053],[92.17933091500004,25.12420161400007],[92.17890148900005,25.12638190200005],[92.17665493100009,25.123999568000045],[92.17616443300005,25.12643365100007],[92.17247471900004,25.126910157000054],[92.17085941900007,25.128700798000068],[92.16405473000003,25.125492330000043],[92.15949223900003,25.126710409000054],[92.15950174800008,25.127888992000067],[92.16481091500003,25.130603524000037],[92.15943011600007,25.130113635000043],[92.15874316900005,25.133107967000058],[92.16289645500007,25.133538541000064],[92.16566604300004,25.136021543000027],[92.16260492200007,25.136344595000025],[92.15546714300007,25.13334857700005],[92.15262297900006,25.133818244000054],[92.15309492600005,25.136336566000068],[92.15076130000006,25.13835290800006],[92.14732038400007,25.13540353700006],[92.13576148600004,25.138855921000072],[92.13945875200005,25.141073473000063],[92.13946548800004,25.139978407000058],[92.14450069900005,25.139788346000046],[92.13429766300004,25.142968706000033],[92.13509276100007,25.145744655000044],[92.13380688600006,25.148468026000046],[92.13580108000008,25.151519026000074],[92.13409638200005,25.153294837000033],[92.13794984100008,25.151894222000067],[92.13964473600004,25.154677110000023],[92.13272816300008,25.156455796000046],[92.13283405500005,25.160271132000048],[92.12105289100003,25.16369895500003],[92.11806253600008,25.16656157700004],[92.10893879200006,25.170458449000023],[92.10761775800006,25.172729425000057],[92.10514524700005,25.17270759300004],[92.10435674700005,25.174749336000048],[92.09219184100004,25.17766120600004],[92.08315882500006,25.18240268900007],[92.08097773700007,25.182745302000058],[92.07875142500006,25.181053992000045],[92.07376461200005,25.185059033000073],[92.06708494200006,25.185283766000055],[92.06183502700009,25.187118398000052],[92.05825757400004,25.18591127700006],[92.05718488700006,25.18086969600006],[92.05392164700004,25.17842635100004],[92.05913540300008,25.175811587000055],[92.06022675000008,25.167929185000048],[92.06241106200008,25.164293520000058],[92.06152412300008,25.16183524400003],[92.05781661100008,25.160669857000073],[92.05603372200005,25.158267435000027],[92.04923108400004,25.157467505000056],[92.04878567800006,25.152105834000054],[92.05107317100004,25.15040863200005],[92.04957995000007,25.146887237000044],[92.05177635900009,25.14390095400006],[92.05074858600005,25.14018749300004],[92.05614645900005,25.140290372000038],[92.06076362600004,25.13653349300006],[92.07096152700007,25.13269800100005],[92.06923300800008,25.127331781000066],[92.07105199000006,25.123143692000042],[92.07514972700005,25.11863764000003],[92.08026814200008,25.117299813000045],[92.08859120900007,25.107052013000043],[92.08922674200005,25.08986547300003],[92.09367675500005,25.08803057500006],[92.11360617000008,25.094047697000065],[92.11823131800008,25.09264795300004],[92.12029818000008,25.089162178000038],[92.11324823400008,25.086053100000072],[92.10899086400008,25.079225439000027],[92.10357333200005,25.079115604000037],[92.09549531400006,25.073964259000036],[92.09457380400005,25.07084935100005],[92.09746794000006,25.06746954500005],[92.08221868900006,25.060741206000046],[92.07461844500006,25.054890753000052],[92.07627375800007,25.046897095000077],[92.07495623400007,25.04261908700005],[92.08411908300008,25.03624505700003],[92.07920348900007,25.027338567000072],[92.0743,25.02680453100004],[92.07267930600005,25.020051584000043],[92.06491480600005,25.016078743000037],[92.05410180800004,25.01711776800005],[92.05556472300003,25.020819646000064],[92.05446471200008,25.022067095000068],[92.04961360400006,25.01866868700006],[92.04880479000008,25.02007795800006],[92.05085332500005,25.02198833800003],[92.04678571200003,25.02385892500007],[92.04687214500007,25.028172271000074],[92.05126724800004,25.035372497000026],[92.04858915800008,25.03688430300008],[92.04478118000009,25.034948486000076],[92.03766953000007,25.02870725500003],[92.03420398200007,25.023365351000052],[92.03257652200006,25.02441110700005],[92.02964896400005,25.020509503000028],[92.02586622700005,25.018931090000024],[92.01987470400007,25.01946119300004],[92.02360228600008,25.015149505000068],[92.02128194200009,25.012300736000043],[92.01559205400008,25.011870759000033],[92.01719518400006,25.009942513000055],[92.01555994100005,25.007704423000064],[92.00478086400005,25.007089590000078],[92.00554953400007,25.00367695600005],[92.00065909200003,24.996617239000045],[91.99952016800006,24.982170879000023],[91.99699827600006,24.979722715000037],[91.99137956800007,24.97854317300005],[91.99059647200005,24.972235415000057],[91.98949750700007,24.973950698000067],[91.98399903200004,24.975306597000042],[91.98396671600005,24.979194574000076],[91.98134209200003,24.979854148000072],[91.97944111500004,24.979162312000028],[91.97997901800005,24.977150443000028],[91.97888119500004,24.977904754000065],[91.97841800300006,24.97630849500007],[91.97482785100004,24.975967426000068],[91.97612034000008,24.968258653000078],[91.96587391100007,24.96810713900004],[91.95904357400008,24.972291855000037],[91.95619182400009,24.967985304000024],[91.95702749800006,24.966032781000024],[91.95341065100007,24.963549116000024],[91.95459845800008,24.96143569000003],[91.95362972800007,24.95656943800003],[91.95385386200007,24.953556285000047],[91.95172430700006,24.950265357000035],[91.95805982100006,24.950145519000046],[91.95983010700007,24.948286203000066],[91.96324886400004,24.94872077900004],[91.96396802500004,24.950867809000044],[91.96089045300005,24.954628378000052],[91.96256081900003,24.95798050600007],[91.97077939300004,24.957895647000043],[91.97012965700009,24.95494934900006],[91.97502395800007,24.948820126000044],[91.97688316800009,24.952082119000067],[91.98402953500005,24.95312683000003],[91.98355528800005,24.950644319000048],[91.98613942000009,24.949274342000024],[91.98654794200007,24.942952882000043],[91.98916332600004,24.941614040000047],[91.99071160400007,24.937722730000075],[91.98908617200004,24.934035745000074],[91.99154661100005,24.929384077000066],[91.99324163300008,24.920471380000038],[91.99528543500008,24.91986513300003],[91.99927721000006,24.92272702500003],[92.00079312000008,24.922228781000058],[92.00086370300005,24.92039182700006],[92.00488661000009,24.92115364600005],[92.00930909200008,24.919958303000044],[92.01976431600008,24.927669327000046]]]}},{"type":"Feature","id":"sylhet-kanaighat","properties":{"canonical_id":"sylhet-kanaighat","name_en":"Kanaighat","name_bn":"কানাইঘাট","district_id":"sylhet","division_id":"sylhet","pcode":"BD-G-60-352","parent_pcode":"BD6091","source_name":"Kanaighat","match_method":"exact_name_or_alias","boundary_reference_year":"2020","boundary_source":"geoBoundaries gbOpen BGD ADM3 / BBS, OCHA ROAP","source_dataset_updated":"2026-08-09"},"geometry":{"type":"Polygon","coordinates":[[[92.20755814700004,24.943553172000065],[92.22276820200005,24.945152629000063],[92.22244963100007,24.95608321900005],[92.21508741400004,24.962283795000076],[92.21608015500004,24.965326858000026],[92.21983315500006,24.966327634000038],[92.22696559500008,24.965206703000035],[92.23587144400005,24.957501999000044],[92.23974942200005,24.956524673000047],[92.24123425000005,24.961421899000072],[92.24046532500006,24.96994737400007],[92.24228151600005,24.97306978200004],[92.24555623600008,24.974942525000074],[92.25752315900007,24.97594901800005],[92.26043357800006,24.984081273000072],[92.26508101400003,24.987736315000063],[92.27918414400006,24.985184697000022],[92.28124171600007,24.98300991700006],[92.28407332300009,24.976134504000072],[92.28131230800005,24.970769954000048],[92.28382856800005,24.964759728000047],[92.30320204300006,24.95703071400004],[92.30504199900008,24.954747874000077],[92.31036144300003,24.954188712000075],[92.31623658500007,24.960674312000037],[92.32434567500007,24.958882544000062],[92.32562725900004,24.961086969000064],[92.32805157100006,24.961201392000078],[92.33057529200005,24.979495001000032],[92.33993132300009,24.975484881000057],[92.34276656600008,24.968919888000073],[92.35578062000008,24.967506057000037],[92.36135899500005,24.983733683000025],[92.37394600700009,24.984384055000078],[92.37593161100006,24.99770879500005],[92.37747397300006,24.999594298000034],[92.37739576700005,25.007813276000036],[92.38664553900009,24.999313098000073],[92.39231998600008,24.98962492900006],[92.39742229100005,24.988835352000024],[92.41433606300006,24.99031510100008],[92.41647556400005,24.991928517000076],[92.42408219400005,25.010247251000067],[92.42420396500006,25.01950387100004],[92.42587036400005,25.020190338000077],[92.42521962000006,25.02965947900003],[92.42369303400005,25.030140790000075],[92.42141320000007,25.027933550000057],[92.41692687600005,25.03040689200003],[92.41285515500005,25.02876387400005],[92.40504285100008,25.03274790100005],[92.40218582900008,25.03193845900006],[92.40060638100005,25.034154624000053],[92.39852998700007,25.03311599500006],[92.39272123800004,25.03990881200008],[92.38814818800006,25.039848189000054],[92.38371902000006,25.042463850000047],[92.38458503300006,25.041460995000023],[92.38317083700008,25.03861895400007],[92.38263848300005,25.04050716100005],[92.38130088900004,25.03921215300005],[92.38054254900004,25.04152042900006],[92.38095404400008,25.03985954600006],[92.37928899400004,25.039676756000063],[92.37679722700005,25.042931934000023],[92.37368705700004,25.042803590000062],[92.37470250300004,25.04371630600008],[92.37076875500009,25.04283814400003],[92.36962099900006,25.040999561000035],[92.36771382500007,25.04251340600007],[92.36896777400005,25.043870492000053],[92.36830736200005,25.046347352000055],[92.36290780700006,25.050021722000054],[92.36079337700005,25.046868828000072],[92.35838647700007,25.047303234000026],[92.35802025700008,25.050251502000037],[92.35652874300007,25.05013886300003],[92.35662895000007,25.047565332000033],[92.35430761100008,25.047954067000035],[92.35415278400006,25.049574317000065],[92.35088828700003,25.048506986000064],[92.35018194000008,25.04968724300005],[92.34729592200006,25.04779628700004],[92.34597213000006,25.049184995000076],[92.34140744900003,25.048663457000032],[92.33923548700005,25.050475369000026],[92.34230238300006,25.054347345000053],[92.33911417400003,25.050582788000042],[92.33810035300007,25.051640207000048],[92.34436194900007,25.055824447000077],[92.34470759400006,25.057785695000064],[92.34736521900004,25.058490583000037],[92.34898666700008,25.061256241000024],[92.34776950600008,25.074132563000035],[92.33813075700004,25.075856644000055],[92.33284788400005,25.079000762000078],[92.33024536900007,25.079068773000074],[92.32880367000007,25.077570131000073],[92.32374132200005,25.078496527000027],[92.31889914500005,25.07438284600005],[92.31902545400004,25.07003141000007],[92.31403403200005,25.07209414700003],[92.31054726300005,25.06916861800005],[92.30579358100005,25.070658535000064],[92.30641527000006,25.072097357000075],[92.30497797800007,25.07061844900005],[92.29951159900008,25.071802724000065],[92.28963161000007,25.075984636000044],[92.28775433100003,25.07558149600004],[92.28701773800003,25.076943115000063],[92.27818797000003,25.07767543700004],[92.27701374500003,25.07955720800004],[92.26696380200008,25.08324760800008],[92.25521897100003,25.085376663000034],[92.25430076300006,25.086869187000048],[92.23324384900008,25.09497960400006],[92.23116115500005,25.097135441000034],[92.22713093900006,25.094033086000024],[92.22769638800008,25.09183384000005],[92.21292846100005,25.09513079800007],[92.21353300200008,25.093711916000075],[92.21712193500008,25.092711062000035],[92.21672918800004,25.084979361000023],[92.21228895400009,25.08358558200007],[92.21048539600008,25.07502184200007],[92.20421418400008,25.071983983000052],[92.20149251600003,25.067419603000076],[92.20286741300004,25.06519271800005],[92.21011522900005,25.065411053000048],[92.22891509000004,25.058285983000076],[92.22558435600007,25.054765899000074],[92.22270021200006,25.056524184000068],[92.22435102200006,25.052627002000065],[92.22198602200007,25.051987670000074],[92.22005500400007,25.048931673000027],[92.21196836400009,25.046159286000034],[92.20621834600007,25.046414079000044],[92.20733367700007,25.05007648000003],[92.20235234600005,25.062957208000057],[92.20037358800005,25.06435467800003],[92.19203861200003,25.05932539300005],[92.17394752000007,25.055062203000034],[92.17093001700005,25.04564276600007],[92.16696405500005,25.042937321000068],[92.15963793600008,25.029196658000046],[92.15634353300004,25.01831676300003],[92.15180113800005,25.01586123900006],[92.15411713500004,25.009812873000044],[92.15368127600004,25.005093541000065],[92.14795763700005,25.001182435000032],[92.14427245300004,25.00041472500004],[92.13553211600004,24.991428205000034],[92.13018684800005,24.989287002000026],[92.12539809000003,24.989439006000055],[92.11774559700007,24.98561681600006],[92.11547337800005,24.985774397000057],[92.11273365600005,24.988712194000072],[92.10119057500003,24.98588485600004],[92.09616016000007,24.986714112000072],[92.09501247200006,24.98901474400003],[92.08991540400007,24.988183153000023],[92.08688826200006,24.98480994700003],[92.08092601000004,24.981919524000034],[92.07787307800004,24.984757846000036],[92.07235769400006,24.986245303000032],[92.07102604200008,24.984688009000024],[92.06843862300008,24.986064571000043],[92.06566039400008,24.984399256000074],[92.06755555200004,24.977237915000046],[92.05948721100003,24.97725445100008],[92.06161847600004,24.97168944400005],[92.05862843400007,24.965268327000047],[92.05366696500005,24.96239391200004],[92.04218057300005,24.96199673600006],[92.03487754700006,24.951137888000062],[92.03104596900005,24.95086576700004],[92.02702832700004,24.94758256800003],[92.02156116100008,24.936806282000077],[92.02308383900004,24.933990444000074],[92.01976431600008,24.927669327000046],[92.02141734700007,24.92628600300003],[92.02070883000005,24.924347904000058],[92.02383874500003,24.922889793000024],[92.03169617700007,24.913422987000047],[92.02971513800009,24.910738872000024],[92.02644975500004,24.91039623200004],[92.03011105300004,24.904235872000072],[92.02862369500008,24.904188971000053],[92.02909875700004,24.90214339700003],[92.02005636100006,24.891473045000055],[92.01933723400003,24.887954098000023],[92.02999978500009,24.884047141000053],[92.03380324600005,24.887978213000054],[92.04763270300003,24.886953437000045],[92.05529699700008,24.888178485000026],[92.05849695500007,24.89024116300004],[92.06172154000006,24.897093638000058],[92.06522801700004,24.900157913000044],[92.07269552700006,24.904506540000057],[92.07491469200005,24.903997224000022],[92.08092139700005,24.897829048000062],[92.08452287700004,24.898272442000064],[92.09125723800008,24.90196233100005],[92.09792168500007,24.89480030800007],[92.10193923500003,24.89274983400003],[92.10520434500006,24.894483302000026],[92.11269273800008,24.90465331000007],[92.12365766700003,24.905948684000066],[92.13146217100007,24.911741126000038],[92.13897304000005,24.90818121800004],[92.14403259600005,24.90766734500005],[92.14571495600006,24.909115701000076],[92.14622642200004,24.916291132000026],[92.15745289700004,24.92735145000006],[92.15758124100006,24.94470078200004],[92.15977652100008,24.94784310700004],[92.16491050200005,24.95089868900004],[92.16715357100009,24.951062964000073],[92.16884400200007,24.949283724000054],[92.17357334200005,24.935691734000045],[92.17691038000004,24.930872230000034],[92.18801331600008,24.936884046000046],[92.20059104900008,24.937034467000046],[92.20755814700004,24.943553172000065]]]}},{"type":"Feature","id":"sylhet-sylhet-sadar","properties":{"canonical_id":"sylhet-sylhet-sadar","name_en":"Sylhet Sadar","name_bn":"সিলেট সদর","district_id":"sylhet","division_id":"sylhet","pcode":"BD-G-60-353","parent_pcode":"BD6091","source_name":"Sylhet Sadar","match_method":"exact_name_or_alias","boundary_reference_year":"2020","boundary_source":"geoBoundaries gbOpen BGD ADM3 / BBS, OCHA ROAP","source_dataset_updated":"2026-08-09"},"geometry":{"type":"Polygon","coordinates":[[[91.80296840500006,24.889424503000043],[91.80500473300003,24.88890275600005],[91.81238962700007,24.892283510000027],[91.81526066200007,24.898329757000056],[91.82166962700006,24.897842530000048],[91.82276429700005,24.896428640000067],[91.82360031000007,24.897664330000055],[91.82521081800007,24.896833211000057],[91.82616029100006,24.898672394000073],[91.82700573800008,24.896133552000038],[91.83169003100005,24.89759398700005],[91.83563800900004,24.905730147000043],[91.83999150000005,24.900549479000063],[91.83808987100008,24.893264266000074],[91.84104789000008,24.891485621000072],[91.84124138200008,24.888434432000054],[91.84570001400004,24.889814993000073],[91.85668226100006,24.88820656400003],[91.85386189400003,24.886082759000033],[91.85551482500006,24.88385142800007],[91.85377309100005,24.88332517300006],[91.85366946900007,24.88077598500007],[91.85742877000007,24.88162247500003],[91.86259234000005,24.873481819000062],[91.86439919500003,24.87386214600008],[91.86292146300008,24.876043417000062],[91.86371046300007,24.877263095000046],[91.86658822300006,24.87744719600005],[91.86777519500004,24.874073294000027],[91.87140617800009,24.874540164000052],[91.87075429900005,24.872037936000027],[91.87583332000008,24.864812034000067],[91.88532188200008,24.864273277000052],[91.88113241400004,24.867179582000063],[91.88247126500005,24.86847404400004],[91.88730039300003,24.868183420000037],[91.89032495400005,24.870915659000048],[91.89100005200004,24.868538355000055],[91.89427161100008,24.870224070000063],[91.89354872000007,24.867960414000038],[91.89471128200006,24.867541655000025],[91.89549226300005,24.869679303000055],[91.89902674400008,24.869501783000032],[91.90001506800007,24.873867265000058],[91.90774871800005,24.870867229000055],[91.91670731000005,24.873687708000034],[91.91950633300007,24.871782376000056],[91.92442914700007,24.86368519100006],[91.92708337900007,24.866782545000035],[91.93771320300004,24.864407714000038],[91.94156297400008,24.877101778000053],[91.93976720500007,24.877723230000072],[91.93923253800006,24.879964595000047],[91.94026229300005,24.882728430000043],[91.93915597800003,24.887736390000043],[91.94587528600005,24.887282714000037],[91.95256587000006,24.892636302000028],[91.96187223900006,24.890063705000046],[91.96669628400008,24.885632971000064],[91.97246956800007,24.889113724000026],[91.97622264700004,24.89794290100008],[91.98290358300005,24.90010045300005],[91.98896132900006,24.908596713000065],[91.99277599000004,24.91097988100006],[92.00006130700007,24.91092464600007],[92.00184634300007,24.91526388500006],[92.00975719300004,24.917181335000066],[92.00930909200008,24.919958303000044],[92.00488661000009,24.92115364600005],[92.00086370300005,24.92039182700006],[92.00079312000008,24.922228781000058],[91.99927721000006,24.92272702500003],[91.99528543500008,24.91986513300003],[91.99324163300008,24.920471380000038],[91.99154661100005,24.929384077000066],[91.98908617200004,24.934035745000074],[91.99071160400007,24.937722730000075],[91.98916332600004,24.941614040000047],[91.98654794200007,24.942952882000043],[91.98613942000009,24.949274342000024],[91.98355528800005,24.950644319000048],[91.98402953500005,24.95312683000003],[91.97688316800009,24.952082119000067],[91.97502395800007,24.948820126000044],[91.97012965700009,24.95494934900006],[91.97077939300004,24.957895647000043],[91.96256081900003,24.95798050600007],[91.96089045300005,24.954628378000052],[91.96396802500004,24.950867809000044],[91.96324886400004,24.94872077900004],[91.95983010700007,24.948286203000066],[91.95805982100006,24.950145519000046],[91.95172430700006,24.950265357000035],[91.95385386200007,24.953556285000047],[91.95362972800007,24.95656943800003],[91.94288615700003,24.956666],[91.94112055000005,24.958571336000034],[91.93670443000008,24.97584497300005],[91.93014499600008,24.989305543000057],[91.93169683800005,24.992499314000042],[91.92764734400004,24.99405160200007],[91.92710619900004,24.998414559000025],[91.91964501000007,25.00267855100003],[91.91909656100006,25.010375125000053],[91.91281481800007,25.010456646000023],[91.90953837400008,25.008798698000078],[91.90503989100006,25.012687632000052],[91.90328660400007,25.012106347000042],[91.90069734100007,25.00922852900004],[91.89902693200008,25.003000279000048],[91.89359957900007,25.00002875800004],[91.89089983700006,24.995806982000033],[91.88065087900009,24.992278886000065],[91.88040891400004,24.98699716400006],[91.87409417800006,24.99067000900004],[91.86734073400004,24.988363064000055],[91.86416137400005,24.989575461000072],[91.85620715500005,24.989044086000035],[91.85319931600009,24.992125190000024],[91.84716221000008,24.988891468000077],[91.84327552300005,24.98233727400003],[91.83664729200007,24.984975906000045],[91.82955328600008,24.984065693000048],[91.83202798400004,24.988799306000033],[91.82294025000004,24.99628135000006],[91.82251077300003,25.00116353900006],[91.82003619400007,25.005382370000063],[91.81701563500008,25.007015050000064],[91.81675977200007,25.009362691000035],[91.80902274300007,25.011354656000037],[91.80317517400005,25.010281362000057],[91.79823544600004,25.00618762000005],[91.79426674100006,25.00992192700005],[91.78380736000008,25.006618152000044],[91.78236786400004,25.009632255000042],[91.77904327300007,25.010493651000047],[91.78047484400008,25.015253064000035],[91.77873710200004,25.017049627000063],[91.77835440500007,25.021132753000074],[91.77560606900005,25.02096360300004],[91.76218943800006,25.01147701800005],[91.75419450200008,25.011394384000027],[91.74036835200008,25.005131436000056],[91.73557026800006,24.99531825500003],[91.73665316600005,24.99113219800006],[91.73073633900003,24.99022663900007],[91.72287543700008,24.985097135000046],[91.72193531500005,24.980541833000075],[91.71122786400008,24.979048670000054],[91.71335041400005,24.972638221000068],[91.70818020400009,24.972468545000027],[91.70460759900004,24.97412731600008],[91.70383946200008,24.976382542000067],[91.69927559200005,24.97543310900005],[91.70452204900005,24.970884769000065],[91.71128577700006,24.967978392000077],[91.71226560800005,24.96466209600004],[91.71157208600005,24.961513448000062],[91.70709269700006,24.95664484200006],[91.70461819300004,24.949510099000065],[91.71371286100003,24.946557211000027],[91.70978526400006,24.942753894000077],[91.70383809200007,24.942656131000035],[91.70073266800006,24.937806549000072],[91.69657336400007,24.937460093000027],[91.69173066600007,24.939095175000034],[91.69065403200005,24.936935997000035],[91.70433351900004,24.93242269900003],[91.70446402600004,24.924273971000048],[91.70592914900004,24.923178286000052],[91.71904191100003,24.918153876000076],[91.73267310800009,24.918738107000024],[91.73553038100005,24.914697312000044],[91.73282650700008,24.905139272000042],[91.73433260600007,24.903866790000052],[91.74562116000004,24.90349188400006],[91.75539570000007,24.907536487000073],[91.76434788700004,24.90801148500003],[91.76196136100003,24.897111822000056],[91.75755292000008,24.888517316000048],[91.75809266700008,24.886179903000027],[91.76224581100007,24.883636782000053],[91.76646132400003,24.884924854000076],[91.76977320300006,24.889950037000062],[91.77556789500005,24.90517033900005],[91.77975271200006,24.910209114000054],[91.78415257300009,24.912064918000056],[91.78671099700006,24.910988114000077],[91.78870850100003,24.907529982000028],[91.78897192600004,24.900140445000034],[91.77926103300007,24.896376057000055],[91.78920574900008,24.89365861500005],[91.79215438700004,24.894142921000025],[91.79547113600006,24.897064358000023],[91.80131482900003,24.89748030800007],[91.80414292500006,24.89094061700007],[91.80296840500006,24.889424503000043]]]}},{"type":"Feature","id":"sylhet-zakiganj","properties":{"canonical_id":"sylhet-zakiganj","name_en":"Zakiganj","name_bn":"জকিগঞ্জ","district_id":"sylhet","division_id":"sylhet","pcode":"BD-G-60-354","parent_pcode":"BD6091","source_name":"Zakiganj","match_method":"exact_name_or_alias","boundary_reference_year":"2020","boundary_source":"geoBoundaries gbOpen BGD ADM3 / BBS, OCHA ROAP","source_dataset_updated":"2026-08-09"},"geometry":{"type":"Polygon","coordinates":[[[92.23232602000007,24.900301814000045],[92.23474997200003,24.90394574000004],[92.24614001900005,24.909162352000067],[92.26328875800004,24.90746899000004],[92.27102487100007,24.905103711000038],[92.28003239500003,24.905697402000044],[92.28375895000005,24.906515950000028],[92.28528994400006,24.910644732000037],[92.28792086200008,24.91268952300004],[92.29596289700004,24.91616747100005],[92.30065525200007,24.91567087100003],[92.30668598100004,24.910504763000063],[92.30717618500006,24.901741453000056],[92.31587614800009,24.89541441600005],[92.32373613900006,24.89712453100003],[92.32637718900008,24.896000181000034],[92.32822982800008,24.889779129000033],[92.33966163200006,24.878344329000072],[92.34225433200004,24.878357811000058],[92.34468564600007,24.880828965000035],[92.34464815700005,24.89194103400007],[92.34580921700007,24.89368292200004],[92.34750536500007,24.893367390000037],[92.35454187500005,24.88087233300007],[92.35956231800009,24.880025784000054],[92.36319083000006,24.872593857000027],[92.37177436600007,24.87493992000003],[92.37541669600006,24.87448483000003],[92.37820762400008,24.864186545000052],[92.38350200100007,24.860130557000048],[92.38590413800006,24.853331533000073],[92.40021766000007,24.849690246000023],[92.40224137900003,24.850497140000073],[92.40408210600003,24.857697475000066],[92.40720589500006,24.86012933300003],[92.41439315200006,24.859363391000045],[92.42500505800007,24.854127771000037],[92.43642184300006,24.857200313000078],[92.43914827200007,24.859015154000076],[92.44083170600004,24.86262511900003],[92.44174596100004,24.87088699800006],[92.44517311800007,24.87309640500007],[92.46136449500005,24.874346580000065],[92.47618090800006,24.868282747000023],[92.47988763100005,24.872795162000045],[92.48784339400004,24.87143094700008],[92.49190875500005,24.877963153000053],[92.49105612100004,24.891605774000027],[92.49672878000007,24.902214052000033],[92.49281973200004,24.906229936000045],[92.49452401600007,24.916005081000037],[92.48748431100006,24.920754551000073],[92.48393657000008,24.92860451300004],[92.48763854800006,24.94667352600004],[92.48434183600006,24.94765743100004],[92.47612135500003,24.942199850000065],[92.44915405200004,24.938900755000077],[92.44776969600008,24.943826707000028],[92.44965265900004,24.950124928000037],[92.45498118000006,24.954718917000037],[92.46607732300004,24.95719243700006],[92.46831176500007,24.962731982000037],[92.46178674700008,24.968849259000024],[92.45738990800004,24.970679715000074],[92.44959326000009,24.966045631000043],[92.42360666000008,24.96494170400007],[92.42068673600005,24.966086575000077],[92.41952827200004,24.96957675500005],[92.42204810300007,24.988488619000066],[92.42039291400005,24.99048986200006],[92.41433606300006,24.99031510100008],[92.39742229100005,24.988835352000024],[92.39231998600008,24.98962492900006],[92.38664553900009,24.999313098000073],[92.37739576700005,25.007813276000036],[92.37747397300006,24.999594298000034],[92.37593161100006,24.99770879500005],[92.37394600700009,24.984384055000078],[92.36135899500005,24.983733683000025],[92.35578062000008,24.967506057000037],[92.34276656600008,24.968919888000073],[92.33993132300009,24.975484881000057],[92.33057529200005,24.979495001000032],[92.32805157100006,24.961201392000078],[92.32562725900004,24.961086969000064],[92.32434567500007,24.958882544000062],[92.31623658500007,24.960674312000037],[92.31036144300003,24.954188712000075],[92.30504199900008,24.954747874000077],[92.30320204300006,24.95703071400004],[92.28382856800005,24.964759728000047],[92.28131230800005,24.970769954000048],[92.28407332300009,24.976134504000072],[92.28124171600007,24.98300991700006],[92.27918414400006,24.985184697000022],[92.26508101400003,24.987736315000063],[92.26043357800006,24.984081273000072],[92.25752315900007,24.97594901800005],[92.24555623600008,24.974942525000074],[92.24228151600005,24.97306978200004],[92.24046532500006,24.96994737400007],[92.24123425000005,24.961421899000072],[92.23974942200005,24.956524673000047],[92.23587144400005,24.957501999000044],[92.22696559500008,24.965206703000035],[92.21983315500006,24.966327634000038],[92.21608015500004,24.965326858000026],[92.21508741400004,24.962283795000076],[92.22244963100007,24.95608321900005],[92.22276820200005,24.945152629000063],[92.20755814700004,24.943553172000065],[92.21629384700003,24.936895329000038],[92.21597477600005,24.934243921000075],[92.21430826100004,24.933261076000065],[92.21589450000005,24.932246794000037],[92.21506217900009,24.930128831000047],[92.21625055800007,24.930326112000046],[92.21364616400007,24.927198650000037],[92.21675941600006,24.92677944600007],[92.21543730400003,24.921003292000023],[92.21845492800009,24.922197906000065],[92.21790732100004,24.91714593200004],[92.22874690900005,24.914814985000078],[92.22862833400006,24.912899121000066],[92.23087323800007,24.912446361000036],[92.22818960300003,24.911790866000047],[92.22642827300007,24.90875313300006],[92.22725744200005,24.90552832000003],[92.22585416400005,24.90354644200005],[92.22855273400006,24.902840405000063],[92.23120198700008,24.89935987100006],[92.23232602000007,24.900301814000045]]]}}]}