{"type":"FeatureCollection","metadata":{"source":"User-provided bd_district_map.html; matching 2020 Bangladesh district COD geometry is hosted by Bangladesh DGHS at gis.dghs.gov.bd","source_reference":"https://gis.dghs.gov.bd/server/rest/services/Hosted/bgd_admbnda_adm2_bbs_20201113/FeatureServer/0","reference_valid_on":"2020-11-13","precision":"5 decimal places","license_status":"Requires confirmation before production redistribution","note":"Visualization only; canonical district records and report counts remain authoritative in Supabase."},"features":[{"type":"Feature","properties":{"district_id":"bagerhat","ADM2_PCODE":"BD4001","source_name":"Bagerhat"},"geometry":{"type":"MultiPolygon","coordinates":[[[[89.84021,21.82784],[89.85325,21.81753],[89.84092,21.81073],[89.84021,21.82784]]],[[[89.54495,21.84952],[89.55747,21.83569],[89.60306,21.80239],[89.60523,21.7935],[89.60103,21.77523],[89.58658,21.76434],[89.58859,21.74905],[89.6063,21.71907],[89.58972,21.71358],[89.57385,21.71409],[89.5554,21.72532],[89.53812,21.76202],[89.5408,21.78593],[89.54984,21.7926],[89.53086,21.82295],[89.53482,21.83831],[89.54495,21.84952]]],[[[89.65411,21.85744],[89.63798,21.86491],[89.63212,21.87245],[89.63268,21.88646],[89.6443,21.89781],[89.66061,21.86974],[89.65411,21.85744]]],[[[89.61476,21.94673],[89.6223,21.94412],[89.62967,21.92893],[89.6457,21.91147],[89.62643,21.88441],[89.62574,21.86371],[89.6607,21.8215],[89.68081,21.80399],[89.69467,21.79728],[89.69994,21.77573],[89.68761,21.7638],[89.66994,21.75511],[89.63739,21.75708],[89.61017,21.76426],[89.61853,21.78627],[89.61606,21.79941],[89.60807,21.81087],[89.56615,21.8415],[89.55429,21.85627],[89.54854,21.87705],[89.55454,21.89853],[89.57341,21.93525],[89.58842,21.94647],[89.61476,21.94673]]],[[[89.5455,21.88108],[89.54707,21.92731],[89.54162,21.95737],[89.56885,21.93559],[89.56719,21.92555],[89.55297,21.90147],[89.5455,21.88108]]],[[[89.71448,21.97668],[89.7109,21.95712],[89.71356,21.9478],[89.72643,21.93075],[89.72534,21.92425],[89.71105,21.90768],[89.71556,21.89497],[89.72845,21.88983],[89.74087,21.86595],[89.74069,21.83831],[89.72766,21.83356],[89.70818,21.8342],[89.70155,21.84312],[89.68168,21.84658],[89.67076,21.83819],[89.66613,21.84875],[89.66859,21.87203],[89.65849,21.88669],[89.67845,21.90495],[89.68323,21.92236],[89.69455,21.94839],[89.69397,21.96402],[89.68726,21.9773],[89.68648,21.99264],[89.69617,22.00528],[89.70473,22.00625],[89.70511,21.98426],[89.71448,21.97668]]],[[[89.57364,21.9417],[89.56498,21.9433],[89.54861,21.96109],[89.55079,21.98495],[89.56848,22.03753],[89.58305,22.03297],[89.60576,22.02147],[89.60634,22.00869],[89.58688,21.98695],[89.563,21.97667],[89.56132,21.97346],[89.5658,21.96754],[89.57851,21.95806],[89.58251,21.94928],[89.57364,21.9417]]],[[[89.8502,21.87323],[89.84269,21.87948],[89.84824,21.8902],[89.84403,21.89794],[89.81235,21.91607],[89.80896,21.92367],[89.81563,21.93735],[89.84318,21.95244],[89.84481,21.95961],[89.83647,21.96945],[89.80659,21.98744],[89.81342,21.99376],[89.84117,22.00302],[89.84017,22.0263],[89.82654,22.04307],[89.84284,22.04743],[89.8535,22.03492],[89.86048,22.00256],[89.86131,21.9624],[89.86961,21.94209],[89.87632,21.91016],[89.87559,21.89792],[89.86467,21.88137],[89.8502,21.87323]]],[[[89.81745,22.05578],[89.82363,22.05067],[89.82686,22.03542],[89.83992,22.02109],[89.8361,22.00144],[89.81024,21.99525],[89.80377,21.98754],[89.83627,21.96511],[89.84253,21.95522],[89.81654,21.94223],[89.80843,21.93338],[89.80848,21.91617],[89.84478,21.89221],[89.83673,21.87834],[89.83586,21.85027],[89.78794,21.84204],[89.77953,21.83352],[89.77046,21.83891],[89.77281,21.85289],[89.75389,21.8527],[89.73879,21.87787],[89.73005,21.89737],[89.7163,21.90542],[89.73136,21.91898],[89.73087,21.93399],[89.72094,21.94459],[89.71629,21.96246],[89.73963,21.9668],[89.7494,21.97776],[89.73951,21.99156],[89.75331,22.00115],[89.7479,22.01046],[89.743,22.01594],[89.7468,22.02022],[89.75546,22.02326],[89.75834,22.02529],[89.7586,22.03543],[89.74532,22.03646],[89.74204,22.05114],[89.75234,22.0567],[89.75286,22.06535],[89.77394,22.08111],[89.78934,22.08097],[89.79634,22.07214],[89.81745,22.05578]]],[[[89.6366,22.09746],[89.64903,22.09886],[89.65006,22.08279],[89.64612,22.07437],[89.65798,22.07246],[89.6664,22.05514],[89.65903,22.05375],[89.65513,22.0495],[89.65194,22.03276],[89.65988,22.01993],[89.65475,22.00406],[89.63871,21.99227],[89.63171,22.00186],[89.61986,21.99629],[89.62693,21.97833],[89.64501,21.98176],[89.64243,21.96111],[89.62588,21.94835],[89.60391,21.95236],[89.58667,21.95031],[89.58211,21.95771],[89.56323,21.97339],[89.56343,21.97502],[89.58808,21.98562],[89.60587,22.00386],[89.609,22.01334],[89.60533,22.02378],[89.56873,22.03921],[89.57348,22.05335],[89.59579,22.08951],[89.59968,22.08546],[89.61185,22.09161],[89.6366,22.09746]]],[[[89.74705,22.13402],[89.75505,22.13278],[89.76688,22.11047],[89.77376,22.08881],[89.76996,22.07943],[89.7498,22.0643],[89.74981,22.05636],[89.73898,22.04994],[89.74303,22.03541],[89.75798,22.03228],[89.75507,22.02352],[89.75015,22.02294],[89.74357,22.0203],[89.74158,22.016],[89.74302,22.01194],[89.74942,22.0032],[89.73342,21.98883],[89.74608,21.97718],[89.73192,21.96913],[89.72468,21.97868],[89.70818,21.98644],[89.70678,22.00719],[89.69905,22.01315],[89.70475,22.02378],[89.69956,22.04055],[89.68166,22.04751],[89.68055,22.056],[89.70269,22.06357],[89.71071,22.07392],[89.70888,22.0931],[89.71331,22.10417],[89.71294,22.12837],[89.72489,22.1329],[89.74705,22.13402]]],[[[89.61857,22.16673],[89.63712,22.16325],[89.6613,22.13646],[89.67038,22.14241],[89.68024,22.13214],[89.67685,22.12036],[89.66414,22.1012],[89.66795,22.08387],[89.68018,22.06789],[89.67308,22.04678],[89.69852,22.03021],[89.67689,21.99072],[89.67833,21.97605],[89.6844,21.96712],[89.68523,21.94996],[89.67694,21.92269],[89.66978,21.90862],[89.65675,21.90286],[89.63933,21.93237],[89.62846,21.94492],[89.64649,21.96183],[89.64545,21.98569],[89.62817,21.98077],[89.62399,21.98894],[89.64203,21.99103],[89.65436,22.00115],[89.66119,22.02149],[89.65388,22.03605],[89.65756,22.05148],[89.66426,22.05167],[89.66797,22.0558],[89.65209,22.08393],[89.65074,22.09888],[89.6457,22.1008],[89.62204,22.09661],[89.59826,22.08877],[89.60374,22.1253],[89.61037,22.13369],[89.61418,22.14868],[89.61153,22.15641],[89.61857,22.16673]]],[[[89.88929,22.15819],[89.89122,22.15006],[89.8886,22.15096],[89.88774,22.16524],[89.88929,22.15819]]],[[[89.61981,22.2776],[89.60955,22.2663],[89.619,22.25651],[89.60419,22.24856],[89.61315,22.24141],[89.60035,22.22096],[89.60687,22.20586],[89.61807,22.19846],[89.60518,22.17804],[89.6134,22.16763],[89.61025,22.15935],[89.61287,22.15014],[89.59725,22.14183],[89.55615,22.1963],[89.55408,22.2095],[89.58125,22.21761],[89.59554,22.23298],[89.5994,22.25247],[89.59399,22.27671],[89.61257,22.29747],[89.6234,22.29242],[89.61392,22.28164],[89.61981,22.2776]]],[[[89.80105,22.94126],[89.816,22.93682],[89.8381,22.91668],[89.86409,22.90382],[89.86224,22.89608],[89.87405,22.88654],[89.89039,22.88107],[89.91988,22.88081],[89.92231,22.86406],[89.94378,22.85649],[89.94031,22.84539],[89.94579,22.8317],[89.92892,22.81598],[89.91532,22.80737],[89.91575,22.79826],[89.93162,22.7941],[89.91687,22.77724],[89.90538,22.77435],[89.91545,22.75153],[89.93055,22.7535],[89.93242,22.72556],[89.90273,22.72506],[89.86247,22.70195],[89.86729,22.6918],[89.90329,22.69537],[89.92087,22.69161],[89.93709,22.67944],[89.91409,22.65976],[89.89994,22.67285],[89.89008,22.66383],[89.8959,22.65627],[89.924,22.64548],[89.92721,22.64088],[89.92064,22.60616],[89.95774,22.59859],[89.96267,22.58912],[89.95805,22.56413],[89.9443,22.53796],[89.92346,22.5125],[89.9318,22.5081],[89.96463,22.50768],[89.96485,22.49251],[89.94987,22.49223],[89.9317,22.49679],[89.9139,22.50539],[89.89164,22.50684],[89.88193,22.49627],[89.88409,22.48561],[89.897,22.47494],[89.91271,22.47362],[89.92543,22.47783],[89.93819,22.47525],[89.94456,22.46638],[89.93984,22.45336],[89.93002,22.44633],[89.91073,22.44729],[89.87743,22.42827],[89.87089,22.41714],[89.8751,22.40615],[89.8982,22.38232],[89.90035,22.36126],[89.89193,22.34087],[89.87571,22.32013],[89.86236,22.29113],[89.85782,22.25612],[89.86478,22.22565],[89.87587,22.20999],[89.88587,22.17727],[89.87674,22.1765],[89.88487,22.14096],[89.88406,22.11487],[89.87515,22.09459],[89.86141,22.08485],[89.84445,22.06341],[89.81742,22.06596],[89.80571,22.07546],[89.83487,22.10107],[89.84076,22.11107],[89.83589,22.11986],[89.80285,22.07742],[89.77618,22.09147],[89.7705,22.11155],[89.75797,22.13467],[89.74405,22.1385],[89.73512,22.1335],[89.72361,22.13401],[89.71383,22.13059],[89.70603,22.14545],[89.69421,22.1823],[89.71361,22.18824],[89.71383,22.19871],[89.70355,22.20288],[89.6943,22.21445],[89.68706,22.19808],[89.6967,22.191],[89.68985,22.17648],[89.70894,22.12965],[89.71026,22.10419],[89.70446,22.09343],[89.70383,22.07068],[89.68508,22.067],[89.67447,22.07588],[89.66656,22.09861],[89.67891,22.12099],[89.68155,22.13476],[89.67714,22.14244],[89.65122,22.14857],[89.64389,22.16017],[89.63165,22.16713],[89.616,22.16826],[89.60689,22.17897],[89.6189,22.19367],[89.61782,22.20195],[89.60713,22.20807],[89.60963,22.22112],[89.62182,22.21497],[89.6153,22.24145],[89.60531,22.24788],[89.62066,22.25666],[89.61315,22.26535],[89.62506,22.27717],[89.61602,22.2827],[89.62544,22.29391],[89.61493,22.30006],[89.63086,22.32727],[89.63641,22.34963],[89.62882,22.36591],[89.62681,22.39142],[89.62262,22.40678],[89.60553,22.4318],[89.60262,22.44695],[89.59605,22.44993],[89.58761,22.47897],[89.58206,22.51517],[89.56762,22.55605],[89.53606,22.59881],[89.53237,22.6091],[89.53698,22.62538],[89.55261,22.64236],[89.54909,22.66137],[89.55828,22.67926],[89.57469,22.66965],[89.58002,22.67316],[89.5702,22.69165],[89.6031,22.70323],[89.59154,22.70913],[89.59761,22.72077],[89.59871,22.73855],[89.60821,22.75201],[89.61125,22.77398],[89.63577,22.76645],[89.64427,22.77404],[89.64716,22.75288],[89.65725,22.75837],[89.65506,22.77289],[89.66106,22.77623],[89.66588,22.79539],[89.67705,22.7979],[89.675,22.81117],[89.71152,22.82613],[89.71769,22.84859],[89.71141,22.85802],[89.69899,22.86464],[89.69527,22.87398],[89.70873,22.88206],[89.72141,22.90291],[89.73636,22.9134],[89.7297,22.92386],[89.75112,22.94568],[89.74916,22.96391],[89.76066,22.96471],[89.76756,22.97774],[89.7798,22.9834],[89.78636,22.96209],[89.80105,22.94126]]]]}},{"type":"Feature","properties":{"district_id":"bandarban","ADM2_PCODE":"BD2003","source_name":"Bandarban"},"geometry":{"type":"Polygon","coordinates":[[[92.61391,21.85191],[92.61555,21.83217],[92.60939,21.81711],[92.60818,21.79518],[92.61185,21.78168],[92.60536,21.74318],[92.60874,21.73109],[92.60162,21.7038],[92.60773,21.68131],[92.60183,21.65471],[92.61102,21.62141],[92.60901,21.58466],[92.61525,21.57036],[92.62014,21.53189],[92.61958,21.51709],[92.62563,21.49626],[92.62436,21.47493],[92.63444,21.43852],[92.63848,21.43732],[92.64341,21.39997],[92.6504,21.38589],[92.65111,21.35857],[92.65682,21.3477],[92.66471,21.31772],[92.67984,21.29769],[92.68026,21.28562],[92.62947,21.26858],[92.62991,21.26323],[92.61154,21.24649],[92.59461,21.2458],[92.58627,21.27136],[92.58564,21.28767],[92.56219,21.36369],[92.56399,21.37197],[92.55508,21.38434],[92.53946,21.37608],[92.53379,21.38044],[92.50852,21.3773],[92.5111,21.3639],[92.49911,21.36107],[92.45961,21.36911],[92.43882,21.36518],[92.4281,21.42357],[92.38098,21.47987],[92.34347,21.46688],[92.33785,21.43602],[92.32642,21.43199],[92.33004,21.42021],[92.29724,21.42013],[92.29172,21.43048],[92.26907,21.4282],[92.26956,21.40042],[92.2558,21.38925],[92.25881,21.36218],[92.2115,21.33984],[92.19776,21.31963],[92.21202,21.28328],[92.21974,21.25761],[92.21079,21.24823],[92.21806,21.2319],[92.21019,21.22468],[92.20119,21.20658],[92.1764,21.18435],[92.16823,21.21324],[92.17001,21.22824],[92.17877,21.23388],[92.18591,21.25742],[92.19274,21.2657],[92.17157,21.28918],[92.15367,21.32291],[92.14958,21.34408],[92.13941,21.3602],[92.13124,21.38053],[92.12714,21.40145],[92.156,21.41251],[92.15566,21.42488],[92.16344,21.43167],[92.18934,21.42451],[92.20167,21.39074],[92.21893,21.40033],[92.23515,21.39794],[92.24604,21.40155],[92.23774,21.41398],[92.23061,21.44775],[92.24032,21.46051],[92.23898,21.47495],[92.22127,21.48552],[92.22289,21.49466],[92.20027,21.5142],[92.17665,21.50777],[92.16962,21.51321],[92.15982,21.53273],[92.15926,21.54151],[92.1769,21.55462],[92.18468,21.56851],[92.17224,21.587],[92.16828,21.60495],[92.14998,21.59594],[92.14208,21.60091],[92.14082,21.61804],[92.10726,21.6413],[92.11438,21.65077],[92.11196,21.66674],[92.09282,21.68925],[92.11843,21.71775],[92.11377,21.73436],[92.12241,21.73876],[92.15617,21.73547],[92.15512,21.74515],[92.16086,21.76936],[92.17536,21.78305],[92.18668,21.77443],[92.1921,21.77454],[92.19435,21.78519],[92.21236,21.78654],[92.2036,21.80416],[92.2048,21.81647],[92.19215,21.82481],[92.18032,21.84777],[92.16793,21.83758],[92.17987,21.82154],[92.1905,21.77708],[92.18241,21.77897],[92.18147,21.7907],[92.16711,21.7802],[92.14331,21.77913],[92.12851,21.79718],[92.10996,21.79473],[92.09784,21.80633],[92.08052,21.80993],[92.07656,21.81733],[92.08161,21.83218],[92.0898,21.84015],[92.08194,21.85781],[92.08509,21.86219],[92.08088,21.88848],[92.06005,21.9078],[92.07694,21.92349],[92.09969,21.92207],[92.11199,21.91661],[92.12985,21.90158],[92.13671,21.90593],[92.16053,21.91085],[92.17504,21.91018],[92.15929,21.94271],[92.17609,21.94398],[92.19091,21.95057],[92.19821,21.9629],[92.2128,21.97734],[92.20253,21.99139],[92.20201,22.01908],[92.18523,22.02671],[92.16214,22.04492],[92.17645,22.06395],[92.15595,22.07392],[92.16427,22.08342],[92.144,22.09068],[92.17054,22.10523],[92.17323,22.11308],[92.16033,22.1298],[92.16985,22.13804],[92.15598,22.16438],[92.16323,22.17482],[92.16014,22.18898],[92.14508,22.20817],[92.1469,22.21807],[92.13766,22.23505],[92.14338,22.2587],[92.1378,22.26649],[92.13743,22.28609],[92.14811,22.29637],[92.15016,22.3153],[92.15473,22.32324],[92.14485,22.33219],[92.14594,22.34774],[92.18363,22.34739],[92.19742,22.34323],[92.19553,22.33228],[92.22127,22.33059],[92.26381,22.34389],[92.27972,22.35546],[92.33602,22.34453],[92.36193,22.34086],[92.38371,22.32846],[92.41311,22.30282],[92.43741,22.27765],[92.46585,22.25151],[92.48274,22.22218],[92.49786,22.14814],[92.49789,22.12193],[92.50139,22.10192],[92.51562,22.0679],[92.52323,22.02703],[92.53811,21.98853],[92.54786,21.97202],[92.56974,21.92799],[92.57759,21.90133],[92.58691,21.88053],[92.61391,21.85191]]]}},{"type":"Feature","properties":{"district_id":"barguna","ADM2_PCODE":"BD1004","source_name":"Barguna"},"geometry":{"type":"MultiPolygon","coordinates":[[[[89.89093,22.15827],[89.89122,22.15006],[89.88929,22.15819],[89.89093,22.15827]]],[[[90.23035,22.45329],[90.21134,22.41816],[90.19575,22.41494],[90.18767,22.39513],[90.18658,22.36634],[90.17839,22.33989],[90.15933,22.32174],[90.1564,22.31037],[90.14571,22.31247],[90.14344,22.28957],[90.14794,22.27301],[90.1614,22.24663],[90.17907,22.23559],[90.20909,22.22192],[90.22496,22.21712],[90.23284,22.22745],[90.23627,22.24832],[90.24568,22.26161],[90.27179,22.26261],[90.28886,22.24344],[90.30415,22.24449],[90.31317,22.25359],[90.33076,22.26309],[90.32831,22.2464],[90.34307,22.23847],[90.36321,22.21525],[90.35188,22.19549],[90.3655,22.18771],[90.3498,22.18058],[90.33681,22.16594],[90.33836,22.13486],[90.34149,22.11923],[90.33351,22.09982],[90.31736,22.08223],[90.29125,22.07163],[90.28894,22.05727],[90.27637,22.03089],[90.25613,22.03303],[90.24761,22.02016],[90.24083,22.02664],[90.23603,22.04217],[90.22718,22.05001],[90.23435,22.05893],[90.21783,22.06474],[90.20599,22.078],[90.19982,22.09194],[90.1855,22.08414],[90.1911,22.06049],[90.21121,22.0484],[90.19663,22.02053],[90.18031,22.02237],[90.1847,22.01094],[90.1787,22.00249],[90.19117,21.98469],[90.17152,21.9813],[90.15892,21.98672],[90.1535,21.98256],[90.14742,21.97477],[90.13522,21.95986],[90.13446,21.94451],[90.14147,21.93572],[90.13332,21.9288],[90.11469,21.92582],[90.10777,21.91313],[90.11033,21.89838],[90.1085,21.89581],[90.09031,21.87386],[90.07654,21.86232],[90.06601,21.86008],[90.04612,21.86506],[90.02399,21.88378],[90.02271,21.90835],[90.0259,21.93871],[90.03169,21.94837],[90.05397,21.95554],[90.07336,21.97269],[90.07691,21.99052],[90.07483,22.0015],[90.0903,22.04147],[90.09733,22.0496],[90.12548,22.07042],[90.14029,22.08428],[90.15807,22.11371],[90.18143,22.10635],[90.20744,22.11254],[90.22257,22.13188],[90.22385,22.14517],[90.21024,22.15278],[90.20438,22.12599],[90.17651,22.12745],[90.15484,22.1231],[90.14401,22.11455],[90.13647,22.10058],[90.12294,22.08625],[90.09987,22.0718],[90.08584,22.05976],[90.06464,22.02401],[90.06087,22.01273],[90.0565,21.97884],[90.0521,21.98121],[90.01648,21.98343],[89.9962,21.99989],[89.98673,22.03177],[89.99365,22.03851],[90.0205,22.04425],[90.03022,22.05486],[90.03566,22.07766],[90.03033,22.10807],[90.03583,22.13025],[90.06549,22.14898],[90.07073,22.16065],[90.05811,22.17921],[90.03143,22.17785],[90.03063,22.16917],[90.05621,22.16404],[90.0202,22.13527],[90.01432,22.12351],[90.01349,22.10311],[90.02264,22.08107],[90.01397,22.07007],[89.98376,22.051],[89.97351,22.0357],[89.97115,22.02403],[89.98849,21.96577],[89.98582,21.95525],[89.9745,21.9487],[89.95672,21.94672],[89.93834,21.95886],[89.93604,21.99496],[89.92868,22.01192],[89.91655,22.02387],[89.91181,22.04686],[89.90103,22.0731],[89.91029,22.1083],[89.91176,22.13263],[89.90719,22.15876],[89.93082,22.16257],[89.94296,22.17643],[89.95551,22.17102],[89.95882,22.18271],[89.96899,22.19101],[89.9639,22.20751],[89.9776,22.20256],[90.00055,22.2143],[89.99871,22.22914],[90.01888,22.23087],[90.02921,22.25983],[90.02025,22.27528],[90.02399,22.29311],[90.03919,22.30471],[90.04184,22.31704],[90.05289,22.31465],[90.05086,22.33691],[90.06795,22.34168],[90.07975,22.35246],[90.09404,22.34522],[90.10121,22.35605],[90.11654,22.36537],[90.12297,22.37902],[90.14259,22.40604],[90.16719,22.42323],[90.17696,22.43838],[90.17481,22.45738],[90.19049,22.47953],[90.21263,22.47472],[90.23728,22.48586],[90.24182,22.48247],[90.22846,22.46449],[90.23035,22.45329]]]]}},{"type":"Feature","properties":{"district_id":"barishal","ADM2_PCODE":"BD1006","source_name":"Barisal"},"geometry":{"type":"MultiPolygon","coordinates":[[[[90.55435,22.59264],[90.54678,22.59254],[90.54241,22.6049],[90.55435,22.59264]]],[[[90.538,22.58987],[90.53458,22.58373],[90.52361,22.57803],[90.52059,22.63803],[90.52577,22.64069],[90.52741,22.61488],[90.538,22.58987]]],[[[90.56024,22.69918],[90.55328,22.68654],[90.52517,22.68392],[90.52808,22.6496],[90.5262,22.64251],[90.51979,22.64601],[90.51885,22.69276],[90.52912,22.70554],[90.54708,22.69922],[90.56024,22.69918]]],[[[90.56352,22.70571],[90.54866,22.70303],[90.54279,22.74034],[90.54782,22.75765],[90.55989,22.76877],[90.56989,22.74591],[90.5728,22.72234],[90.56352,22.70571]]],[[[90.52466,22.72135],[90.51866,22.71025],[90.50502,22.72051],[90.49521,22.74401],[90.48597,22.7524],[90.50161,22.77482],[90.50157,22.79141],[90.51455,22.8015],[90.52898,22.78745],[90.52151,22.7618],[90.52466,22.72135]]],[[[90.56027,22.76989],[90.54776,22.75986],[90.54093,22.74298],[90.53071,22.73846],[90.52951,22.76782],[90.54127,22.78303],[90.56818,22.79951],[90.58217,22.80338],[90.57886,22.78891],[90.56835,22.79202],[90.56027,22.76989]]],[[[90.52022,22.87744],[90.48554,22.84584],[90.48242,22.85407],[90.49627,22.86842],[90.51041,22.87803],[90.52022,22.87744]]],[[[90.65142,22.8481],[90.64386,22.83671],[90.63322,22.82931],[90.61531,22.8259],[90.60245,22.81383],[90.57124,22.80999],[90.54065,22.79442],[90.51697,22.80406],[90.4967,22.80164],[90.50864,22.82238],[90.49235,22.81861],[90.4867,22.82903],[90.49091,22.84869],[90.53357,22.889],[90.55489,22.8873],[90.5709,22.87883],[90.59798,22.87559],[90.62299,22.86979],[90.65142,22.8481]]],[[[90.59693,22.91101],[90.60123,22.90041],[90.59349,22.88273],[90.56996,22.887],[90.56574,22.90126],[90.57521,22.90692],[90.59693,22.91101]]],[[[90.65694,22.92818],[90.66159,22.90871],[90.64948,22.91306],[90.64949,22.92621],[90.65694,22.92818]]],[[[90.67692,22.93136],[90.68742,22.91843],[90.68873,22.91615],[90.66699,22.9353],[90.66635,22.94352],[90.67692,22.93136]]],[[[90.45837,23.00404],[90.45814,22.9877],[90.43006,22.98897],[90.42005,22.9924],[90.41445,23.00202],[90.45174,23.00632],[90.45837,23.00404]]],[[[90.47571,23.00758],[90.48922,23.01395],[90.48981,23.02253],[90.51015,23.03405],[90.52842,23.01616],[90.54787,22.98775],[90.56551,22.97091],[90.58693,22.94531],[90.59217,22.92841],[90.58666,22.91954],[90.558,22.90029],[90.53915,22.8972],[90.5405,22.9111],[90.53402,22.93025],[90.51368,22.95569],[90.49389,22.96393],[90.48303,22.97482],[90.48104,22.99509],[90.47571,23.00758]]],[[[90.56684,23.04353],[90.58866,23.02543],[90.58654,23.0048],[90.57287,23.02125],[90.56684,23.04353]]],[[[90.56558,23.04493],[90.56688,23.0271],[90.57424,23.00833],[90.55959,22.99916],[90.54616,23.01102],[90.54151,23.03756],[90.54831,23.05973],[90.56558,23.04493]]],[[[90.49782,23.04876],[90.48739,23.05021],[90.4826,23.06563],[90.49851,23.06904],[90.49782,23.04876]]],[[[90.34879,23.05675],[90.38312,23.05629],[90.39444,23.04731],[90.42271,23.0389],[90.4214,23.02854],[90.40755,23.01708],[90.41734,23.00719],[90.41022,22.9989],[90.41959,22.98988],[90.45262,22.98466],[90.47324,22.97702],[90.48432,22.95839],[90.49596,22.94965],[90.51622,22.94266],[90.53125,22.92009],[90.52916,22.89936],[90.50897,22.89018],[90.48656,22.87636],[90.47533,22.8654],[90.47652,22.82189],[90.4677,22.79844],[90.47808,22.79784],[90.49388,22.78881],[90.49632,22.77914],[90.47402,22.75435],[90.46308,22.76753],[90.44831,22.77546],[90.43671,22.76822],[90.43235,22.75809],[90.45167,22.75554],[90.4705,22.74377],[90.49392,22.72324],[90.50346,22.71002],[90.50579,22.67603],[90.50324,22.65481],[90.51089,22.60742],[90.50685,22.5874],[90.50072,22.58412],[90.47704,22.58549],[90.47748,22.57891],[90.51132,22.58068],[90.53937,22.56334],[90.52014,22.55903],[90.52851,22.54694],[90.51414,22.53491],[90.49759,22.54527],[90.47723,22.5323],[90.45673,22.53522],[90.44013,22.51036],[90.44065,22.48679],[90.4302,22.4637],[90.42449,22.46204],[90.41085,22.48051],[90.39225,22.48459],[90.37109,22.50149],[90.36182,22.50378],[90.35797,22.49187],[90.33596,22.46841],[90.32199,22.48105],[90.31106,22.48175],[90.30523,22.4728],[90.29263,22.46873],[90.26775,22.47036],[90.26366,22.46261],[90.23035,22.45329],[90.22846,22.46449],[90.24182,22.48247],[90.23728,22.48586],[90.21263,22.47472],[90.19049,22.47953],[90.20962,22.50137],[90.23137,22.50812],[90.25312,22.52356],[90.27005,22.54078],[90.28374,22.54888],[90.28286,22.56122],[90.30882,22.56626],[90.33053,22.58316],[90.34714,22.57571],[90.36345,22.58056],[90.35022,22.60022],[90.36241,22.60022],[90.37831,22.59165],[90.38356,22.60458],[90.3741,22.61411],[90.35366,22.62705],[90.35558,22.63669],[90.36907,22.63141],[90.37278,22.6493],[90.35094,22.65122],[90.33711,22.65883],[90.31518,22.66077],[90.32158,22.67076],[90.29875,22.68564],[90.29057,22.68011],[90.27388,22.69006],[90.26786,22.71473],[90.27049,22.7318],[90.25546,22.75245],[90.24128,22.75567],[90.23103,22.75088],[90.21638,22.76161],[90.19239,22.78647],[90.18111,22.77587],[90.17715,22.75268],[90.15222,22.76285],[90.14066,22.75988],[90.11459,22.77807],[90.10625,22.77452],[90.09305,22.78545],[90.07973,22.7839],[90.06848,22.80048],[90.04404,22.8245],[90.02774,22.81755],[90.03442,22.83908],[90.03473,22.86552],[90.01837,22.87104],[90.02262,22.89984],[90.03296,22.92029],[90.03481,22.93384],[90.05649,22.93199],[90.05678,22.96134],[90.06968,22.96842],[90.07749,22.98277],[90.08787,22.98879],[90.09478,23.00684],[90.12667,23.0057],[90.12697,23.02588],[90.13651,23.04408],[90.13532,23.04979],[90.15504,23.05265],[90.15825,23.0633],[90.17261,23.06645],[90.19476,23.05451],[90.21377,23.0699],[90.22539,23.05328],[90.23679,23.0445],[90.23836,23.03672],[90.2327,23.01796],[90.23448,23.00219],[90.23022,22.97869],[90.23993,22.96665],[90.24744,22.97464],[90.25913,22.97169],[90.28053,22.97488],[90.2909,22.9725],[90.31988,22.98146],[90.3276,22.99661],[90.32682,23.01791],[90.31435,23.03693],[90.31575,23.05288],[90.32995,23.05798],[90.34879,23.05675]]]]}},{"type":"Feature","properties":{"district_id":"bhola","ADM2_PCODE":"BD1009","source_name":"Bhola"},"geometry":{"type":"MultiPolygon","coordinates":[[[[90.77172,21.85595],[90.77116,21.86811],[90.78965,21.90664],[90.80599,21.91735],[90.83282,21.89771],[90.82944,21.8842],[90.81052,21.86331],[90.79045,21.86125],[90.77172,21.85595]]],[[[90.72865,21.85834],[90.71594,21.86045],[90.71195,21.87175],[90.71575,21.89908],[90.73407,21.92548],[90.7549,21.93203],[90.76158,21.91182],[90.74912,21.88898],[90.74225,21.86755],[90.72865,21.85834]]],[[[90.60695,21.92382],[90.61267,21.9337],[90.61496,21.95782],[90.61003,21.96356],[90.61772,21.96738],[90.6132,21.93398],[90.60695,21.92382]]],[[[90.68238,21.97613],[90.69993,21.97482],[90.68466,21.93745],[90.67107,21.91986],[90.6474,21.89672],[90.6152,21.89063],[90.61282,21.89571],[90.621,21.91691],[90.62603,21.95963],[90.63232,21.97394],[90.68238,21.97613]]],[[[90.60179,21.96757],[90.58682,21.97425],[90.58729,21.98394],[90.59792,21.97773],[90.60179,21.96757]]],[[[90.86808,21.977],[90.86102,21.96795],[90.86256,21.94571],[90.84963,21.93894],[90.85564,21.92916],[90.84896,21.92054],[90.83818,21.93164],[90.83083,21.96175],[90.83759,21.97926],[90.85432,21.99074],[90.86808,21.977]]],[[[90.81805,21.94484],[90.80898,21.94484],[90.79256,21.93698],[90.7832,21.91599],[90.77686,21.91913],[90.77994,21.93456],[90.80947,21.9685],[90.82065,21.98838],[90.83008,21.9825],[90.81701,21.95704],[90.81805,21.94484]]],[[[90.69208,21.97994],[90.68119,21.98973],[90.70009,21.992],[90.69208,21.97994]]],[[[90.78055,22.00267],[90.77209,22.00259],[90.77346,22.01814],[90.78947,22.02333],[90.78569,22.00456],[90.78055,22.00267]]],[[[90.58983,21.98687],[90.5927,21.99605],[90.58245,22.02254],[90.59538,22.02841],[90.62034,21.99598],[90.62071,21.98653],[90.60704,21.97771],[90.58983,21.98687]]],[[[90.72894,22.01778],[90.7216,22.01925],[90.74064,22.04818],[90.75731,22.05231],[90.75314,22.04],[90.73562,22.02088],[90.72894,22.01778]]],[[[90.89093,22.04979],[90.87908,22.05722],[90.87972,22.08212],[90.89457,22.08572],[90.89769,22.05955],[90.89093,22.04979]]],[[[90.57856,22.05148],[90.58112,22.07395],[90.58585,22.08736],[90.58597,22.10271],[90.58117,22.12037],[90.58466,22.14019],[90.57257,22.1468],[90.58555,22.18478],[90.60155,22.18744],[90.60392,22.17826],[90.59894,22.16661],[90.60481,22.13884],[90.60778,22.10778],[90.59841,22.08778],[90.58977,22.05865],[90.57856,22.05148]]],[[[90.58676,22.18904],[90.62154,22.24348],[90.63164,22.24259],[90.63253,22.21295],[90.61853,22.19761],[90.58676,22.18904]]],[[[91.01366,22.26985],[91.01533,22.24263],[91.00941,22.25677],[91.01366,22.26985]]],[[[90.89871,22.20745],[90.89538,22.21559],[90.89375,22.246],[90.90881,22.29277],[90.91319,22.27897],[90.90895,22.24678],[90.89871,22.20745]]],[[[91.01061,22.28354],[91.00119,22.30611],[91.01154,22.30624],[91.01606,22.29598],[91.01061,22.28354]]],[[[91.0194,22.29282],[91.01681,22.3063],[91.00926,22.31796],[91.00773,22.33394],[91.01901,22.33231],[91.024,22.31618],[91.0194,22.29282]]],[[[90.99141,22.32915],[90.99247,22.31446],[91.00091,22.27799],[90.9955,22.235],[90.98907,22.19976],[90.97171,22.16545],[90.95822,22.1433],[90.93339,22.10879],[90.91975,22.07492],[90.91137,22.07205],[90.90099,22.08095],[90.89861,22.09815],[90.90007,22.12095],[90.91943,22.17223],[90.94722,22.22515],[90.95975,22.25629],[90.97199,22.30216],[90.96978,22.34314],[90.98872,22.34388],[90.99141,22.32915]]],[[[90.91796,22.28554],[90.91068,22.3038],[90.92961,22.34652],[90.93686,22.33912],[90.92127,22.28954],[90.91796,22.28554]]],[[[90.66072,22.35585],[90.65824,22.36603],[90.66766,22.37899],[90.66907,22.35126],[90.66072,22.35585]]],[[[90.89138,22.35524],[90.88613,22.34117],[90.8709,22.33399],[90.8649,22.35663],[90.88467,22.3951],[90.88991,22.38169],[90.89138,22.35524]]],[[[90.99018,22.391],[90.99417,22.37066],[90.98989,22.36486],[90.96295,22.36612],[90.95524,22.37376],[90.94893,22.39149],[90.95018,22.40099],[90.95984,22.41547],[90.97228,22.4206],[90.99018,22.391]]],[[[90.95088,22.46454],[90.96773,22.42763],[90.9476,22.41796],[90.93343,22.43253],[90.93786,22.45645],[90.95088,22.46454]]],[[[90.89661,22.45076],[90.8932,22.4644],[90.90836,22.46312],[90.89661,22.45076]]],[[[90.63235,22.46298],[90.61754,22.47581],[90.63519,22.47256],[90.63235,22.46298]]],[[[90.88438,22.51708],[90.90497,22.50234],[90.90394,22.49508],[90.88249,22.4907],[90.86307,22.4986],[90.86052,22.5271],[90.86873,22.52902],[90.88438,22.51708]]],[[[90.64122,22.55313],[90.65434,22.54089],[90.64176,22.5254],[90.64797,22.50787],[90.64849,22.49043],[90.62778,22.49414],[90.60228,22.53425],[90.60618,22.54389],[90.6177,22.55269],[90.64122,22.55313]]],[[[90.58623,22.54736],[90.57522,22.57046],[90.5927,22.56963],[90.60701,22.55476],[90.60279,22.54479],[90.58623,22.54736]]],[[[90.93211,22.49702],[90.93393,22.49373],[90.92205,22.49432],[90.87498,22.53086],[90.84744,22.55941],[90.84312,22.57219],[90.86041,22.57932],[90.89375,22.56028],[90.93211,22.49702]]],[[[90.57468,22.5712],[90.55774,22.58827],[90.58272,22.57534],[90.57468,22.5712]]],[[[90.55716,22.58902],[90.55435,22.59264],[90.54241,22.6049],[90.55354,22.6091],[90.56107,22.60056],[90.55716,22.58902]]],[[[90.74453,22.66983],[90.73103,22.66898],[90.73062,22.67955],[90.74105,22.68356],[90.74453,22.66983]]],[[[90.5262,22.64251],[90.52808,22.6496],[90.52517,22.68392],[90.55328,22.68654],[90.56024,22.69918],[90.56687,22.68925],[90.5716,22.66753],[90.56625,22.64844],[90.55054,22.64686],[90.53969,22.65106],[90.5262,22.64251]]],[[[90.72772,22.72883],[90.72744,22.70276],[90.71684,22.68484],[90.6952,22.72614],[90.70487,22.75172],[90.72772,22.72883]]],[[[90.56352,22.70571],[90.5728,22.72234],[90.56989,22.74591],[90.55989,22.76877],[90.56027,22.76989],[90.56835,22.79202],[90.57886,22.78891],[90.58217,22.80338],[90.59943,22.8082],[90.62401,22.80354],[90.65651,22.7825],[90.66267,22.74571],[90.67646,22.71903],[90.68058,22.69827],[90.68898,22.68327],[90.69812,22.67649],[90.70039,22.6576],[90.71518,22.63167],[90.72561,22.62152],[90.73865,22.61633],[90.75319,22.603],[90.75926,22.59259],[90.76187,22.54421],[90.76632,22.53023],[90.78025,22.50913],[90.81517,22.47984],[90.83124,22.4572],[90.8481,22.43957],[90.86076,22.43223],[90.86447,22.41094],[90.84829,22.38608],[90.84083,22.36718],[90.83638,22.34579],[90.8361,22.32476],[90.84289,22.29222],[90.8412,22.26589],[90.83062,22.22258],[90.82339,22.18137],[90.81716,22.15974],[90.81055,22.12497],[90.79537,22.10794],[90.78099,22.07751],[90.76369,22.0653],[90.74075,22.05312],[90.72426,22.0368],[90.70541,22.01147],[90.68459,21.9998],[90.63848,21.99341],[90.62926,21.99407],[90.61629,22.00664],[90.59688,22.03454],[90.59832,22.04715],[90.61886,22.10086],[90.62017,22.14335],[90.62315,22.16615],[90.62146,22.17959],[90.64013,22.19959],[90.65078,22.21609],[90.67778,22.27879],[90.68436,22.33178],[90.68138,22.36007],[90.67457,22.36935],[90.67753,22.39639],[90.67175,22.4241],[90.6737,22.47024],[90.66775,22.50189],[90.67039,22.53397],[90.66689,22.54697],[90.64724,22.5611],[90.62153,22.56699],[90.62086,22.55884],[90.60027,22.57111],[90.57691,22.59806],[90.55443,22.61444],[90.53434,22.61923],[90.53671,22.63169],[90.55242,22.6416],[90.57221,22.64897],[90.57746,22.66045],[90.57687,22.67295],[90.56798,22.70437],[90.56352,22.70571]]],[[[90.65634,22.84481],[90.66874,22.83232],[90.67625,22.81737],[90.67083,22.81109],[90.64967,22.80696],[90.62611,22.81194],[90.60245,22.81383],[90.61531,22.8259],[90.63322,22.82931],[90.64386,22.83671],[90.65634,22.84481]]]]}},{"type":"Feature","properties":{"district_id":"bogra","ADM2_PCODE":"BD5010","source_name":"Bogura"},"geometry":{"type":"Polygon","coordinates":[[[89.64783,25.04674],[89.66091,25.00783],[89.66211,24.986],[89.67651,24.96577],[89.67786,24.94319],[89.67224,24.92992],[89.68316,24.91598],[89.68606,24.90285],[89.66079,24.88807],[89.66849,24.86499],[89.67913,24.84674],[89.6868,24.8264],[89.70997,24.80702],[89.73032,24.79838],[89.71534,24.77735],[89.67953,24.78386],[89.66646,24.7471],[89.65534,24.74481],[89.66076,24.72841],[89.64807,24.71866],[89.63774,24.69633],[89.62403,24.68547],[89.60744,24.68706],[89.60396,24.69469],[89.59048,24.7028],[89.56475,24.69926],[89.5617,24.688],[89.54944,24.67375],[89.54611,24.65157],[89.56078,24.65016],[89.55452,24.63948],[89.55933,24.62647],[89.58306,24.61813],[89.60268,24.6043],[89.5993,24.59465],[89.60428,24.58311],[89.60124,24.56158],[89.59149,24.55397],[89.57105,24.54715],[89.5558,24.55545],[89.52212,24.55178],[89.50447,24.5568],[89.4998,24.55312],[89.48078,24.55512],[89.46393,24.54419],[89.43117,24.55078],[89.42572,24.56081],[89.40975,24.56099],[89.40358,24.55173],[89.37183,24.5544],[89.36778,24.55813],[89.33903,24.55946],[89.32735,24.57584],[89.32867,24.59918],[89.30794,24.59824],[89.3071,24.61382],[89.28578,24.62668],[89.25816,24.6257],[89.25278,24.61885],[89.25438,24.60619],[89.24356,24.60206],[89.23136,24.58325],[89.21675,24.5926],[89.21607,24.61306],[89.20488,24.61042],[89.2006,24.62707],[89.20407,24.6409],[89.19256,24.64109],[89.18859,24.65158],[89.17114,24.63523],[89.17267,24.62305],[89.15355,24.61898],[89.14622,24.62337],[89.13571,24.644],[89.13644,24.656],[89.16683,24.67172],[89.16189,24.68597],[89.14184,24.67876],[89.13796,24.68401],[89.13175,24.70014],[89.13548,24.71143],[89.14508,24.71446],[89.1509,24.73759],[89.12354,24.73097],[89.12088,24.71463],[89.10713,24.71531],[89.09657,24.73515],[89.08685,24.73901],[89.08981,24.75439],[89.08185,24.76444],[89.0887,24.78222],[89.07721,24.78914],[89.07166,24.78193],[89.04536,24.78891],[89.03755,24.78097],[89.02126,24.78],[89.01055,24.76476],[88.99724,24.76635],[88.98885,24.74346],[88.97336,24.73897],[88.96364,24.74335],[88.96634,24.76423],[88.97491,24.7728],[88.97741,24.80274],[88.96991,24.82332],[88.98147,24.82354],[88.97418,24.84868],[88.99003,24.85944],[89.03601,24.85666],[89.0391,24.86249],[89.06798,24.87107],[89.07736,24.86881],[89.08826,24.88807],[89.09786,24.8912],[89.09354,24.91312],[89.08499,24.93416],[89.09113,24.95426],[89.10331,24.97088],[89.12751,24.96237],[89.12195,24.94979],[89.15675,24.95062],[89.17454,24.9531],[89.18624,24.9422],[89.18713,24.96221],[89.18169,24.97288],[89.1916,24.98444],[89.19057,24.99541],[89.2037,25.00383],[89.21809,25.02419],[89.23237,25.01961],[89.24291,25.02976],[89.24461,25.04835],[89.25098,25.05196],[89.24644,25.06515],[89.25443,25.06773],[89.26985,25.08331],[89.28009,25.08763],[89.29055,25.10908],[89.30102,25.11842],[89.31781,25.11604],[89.33211,25.12292],[89.35329,25.08906],[89.36021,25.06632],[89.38117,25.06],[89.40959,25.07737],[89.42958,25.07328],[89.45328,25.07504],[89.45361,25.06542],[89.46485,25.05763],[89.4881,25.06163],[89.49292,25.05068],[89.51514,25.0404],[89.56414,25.03792],[89.57207,25.04281],[89.59557,25.04587],[89.61043,25.05086],[89.63448,25.03922],[89.64783,25.04674]]]}},{"type":"Feature","properties":{"district_id":"brahmanbaria","ADM2_PCODE":"BD2012","source_name":"Brahmanbaria"},"geometry":{"type":"Polygon","coordinates":[[[91.30314,23.99708],[91.30326,23.99695],[91.30344,23.99671],[91.29721,23.97639],[91.28462,23.98224],[91.27146,23.96305],[91.26393,23.94437],[91.27283,23.93778],[91.27168,23.92477],[91.25204,23.92615],[91.24138,23.92285],[91.24482,23.90712],[91.22843,23.89878],[91.22955,23.88074],[91.23571,23.87766],[91.24081,23.86184],[91.25404,23.83813],[91.23369,23.81097],[91.22636,23.79107],[91.23048,23.78453],[91.23065,23.76506],[91.22629,23.75126],[91.21767,23.74004],[91.21031,23.74929],[91.19654,23.75121],[91.1676,23.74978],[91.15878,23.74179],[91.14913,23.71167],[91.15418,23.68854],[91.19377,23.69005],[91.20658,23.68498],[91.19936,23.64674],[91.19289,23.65456],[91.17573,23.65855],[91.15643,23.6693],[91.13231,23.66503],[91.12426,23.67421],[91.10515,23.70933],[91.08751,23.71536],[91.07394,23.72782],[91.07874,23.7358],[91.05834,23.74594],[91.05344,23.76769],[91.03506,23.79552],[90.99514,23.78565],[90.9862,23.78563],[90.94631,23.77603],[90.91325,23.76512],[90.89977,23.76468],[90.8848,23.75293],[90.88732,23.73677],[90.88329,23.72651],[90.87342,23.71981],[90.85011,23.72734],[90.83368,23.72392],[90.82631,23.73421],[90.81735,23.73344],[90.80039,23.74647],[90.78104,23.729],[90.77582,23.70688],[90.78645,23.69739],[90.78203,23.68446],[90.77006,23.68473],[90.76461,23.69847],[90.74114,23.69262],[90.73863,23.70273],[90.72251,23.72559],[90.72375,23.74669],[90.73461,23.76284],[90.75859,23.79034],[90.76577,23.80192],[90.768,23.82025],[90.75947,23.85004],[90.76666,23.86421],[90.78113,23.86591],[90.83356,23.86333],[90.8581,23.87904],[90.89833,23.86273],[90.90877,23.86764],[90.92024,23.8829],[90.93012,23.90988],[90.95118,23.92851],[90.95306,23.95388],[90.97154,23.96751],[90.97435,23.98068],[90.96619,24.00624],[90.97516,24.02122],[90.98599,24.0306],[91.00851,24.0499],[91.04157,24.06592],[91.05134,24.07913],[91.05365,24.09289],[91.04423,24.10993],[91.03352,24.11833],[91.00947,24.12879],[90.98514,24.15257],[90.99189,24.1647],[91.00874,24.17379],[91.02451,24.18929],[91.03784,24.21017],[91.06537,24.21597],[91.08671,24.21153],[91.09027,24.21932],[91.07912,24.22733],[91.0851,24.24112],[91.13114,24.24259],[91.14619,24.24764],[91.15359,24.25665],[91.17356,24.2652],[91.18651,24.24811],[91.2068,24.23681],[91.22033,24.23806],[91.2463,24.23312],[91.26569,24.22519],[91.28164,24.22689],[91.28433,24.24602],[91.30173,24.26639],[91.32096,24.26438],[91.32843,24.24274],[91.31989,24.23112],[91.29853,24.22302],[91.29813,24.21369],[91.28473,24.21024],[91.27807,24.19959],[91.28847,24.1958],[91.29723,24.20311],[91.31477,24.19271],[91.29799,24.18587],[91.27731,24.18156],[91.27182,24.14061],[91.2716,24.12367],[91.29129,24.11892],[91.28417,24.11143],[91.27084,24.11254],[91.26912,24.09498],[91.29306,24.09319],[91.2841,24.06377],[91.30407,24.05629],[91.30343,24.04533],[91.31161,24.03927],[91.30793,24.01766],[91.29553,24.00564],[91.30314,23.99708]]]}},{"type":"Feature","properties":{"district_id":"chandpur","ADM2_PCODE":"BD2013","source_name":"Chandpur"},"geometry":{"type":"MultiPolygon","coordinates":[[[[90.60174,23.00992],[90.5976,23.01485],[90.59629,23.01635],[90.58959,23.02486],[90.59708,23.03918],[90.60839,23.02924],[90.60174,23.00992]]],[[[90.58866,23.02543],[90.56684,23.04353],[90.56719,23.05417],[90.56982,23.05822],[90.58041,23.05759],[90.58866,23.02543]]],[[[90.56558,23.04493],[90.54831,23.05973],[90.56295,23.07549],[90.56775,23.0867],[90.57726,23.08676],[90.58642,23.06718],[90.58061,23.0601],[90.57157,23.06019],[90.56753,23.05775],[90.56558,23.04493]]],[[[90.59867,23.1102],[90.60884,23.09789],[90.61976,23.07723],[90.61948,23.06065],[90.61425,23.05718],[90.61016,23.03368],[90.59576,23.04719],[90.58384,23.0519],[90.58834,23.07372],[90.58028,23.08704],[90.59328,23.09478],[90.59867,23.1102]]],[[[90.60821,23.29262],[90.60246,23.27386],[90.59412,23.28139],[90.58994,23.29661],[90.60821,23.29262]]],[[[90.6151,23.30148],[90.6263,23.27931],[90.62192,23.27722],[90.60915,23.29639],[90.6151,23.30148]]],[[[90.68775,23.49248],[90.69822,23.47017],[90.70959,23.45474],[90.71079,23.43522],[90.73305,23.42372],[90.7613,23.42239],[90.76971,23.44137],[90.78541,23.43826],[90.81768,23.44801],[90.8177,23.46296],[90.83322,23.46393],[90.8466,23.47196],[90.86393,23.45237],[90.87414,23.45285],[90.88195,23.44238],[90.89043,23.40817],[90.89773,23.39702],[90.90835,23.39572],[90.93023,23.37685],[90.93247,23.34714],[90.95258,23.34845],[90.95618,23.33236],[90.97495,23.31512],[90.97506,23.30087],[90.98099,23.2874],[90.9944,23.28921],[91.0141,23.24839],[91.02366,23.24735],[91.02882,23.22283],[91.01502,23.21262],[91.01421,23.19593],[91.00782,23.18539],[91.00562,23.15509],[91.00843,23.14179],[90.98788,23.1409],[90.98075,23.1332],[90.96185,23.13104],[90.95552,23.14593],[90.93501,23.14381],[90.91211,23.14781],[90.89294,23.17099],[90.87926,23.17386],[90.84928,23.16646],[90.84904,23.15153],[90.8363,23.13815],[90.82134,23.13346],[90.81701,23.12404],[90.79739,23.11928],[90.79012,23.08488],[90.792,23.07815],[90.76963,23.07719],[90.75205,23.06755],[90.74902,23.05885],[90.7316,23.04225],[90.70673,23.05815],[90.68843,23.06332],[90.6624,23.05049],[90.66671,23.03368],[90.66036,23.02053],[90.66284,23.00762],[90.64655,22.98437],[90.64491,23.04369],[90.64635,23.05764],[90.64345,23.10957],[90.63874,23.14049],[90.64421,23.14508],[90.63841,23.16712],[90.64298,23.18437],[90.63763,23.18994],[90.639,23.23148],[90.6553,23.2383],[90.66342,23.25466],[90.66321,23.28444],[90.64267,23.32257],[90.63907,23.33344],[90.62038,23.3436],[90.59058,23.3432],[90.59067,23.33595],[90.57606,23.358],[90.54681,23.36742],[90.53869,23.37935],[90.539,23.39119],[90.54584,23.40631],[90.57031,23.43689],[90.57776,23.45208],[90.57756,23.47059],[90.58428,23.48016],[90.57613,23.49571],[90.60141,23.49807],[90.61303,23.49043],[90.62349,23.49278],[90.6319,23.50198],[90.64699,23.50228],[90.66218,23.49385],[90.68242,23.48957],[90.68775,23.49248]]]]}},{"type":"Feature","properties":{"district_id":"chattogram","ADM2_PCODE":"BD2015","source_name":"Chattogram"},"geometry":{"type":"MultiPolygon","coordinates":[[[[91.87069,22.33311],[91.87598,22.35347],[91.88373,22.34717],[91.87069,22.33311]]],[[[91.39853,22.42257],[91.40334,22.42048],[91.40754,22.39511],[91.40538,22.38246],[91.38953,22.37309],[91.36607,22.37291],[91.35313,22.37646],[91.37508,22.39821],[91.39343,22.42348],[91.39853,22.42257]]],[[[91.33919,22.5301],[91.33259,22.56488],[91.3509,22.56239],[91.35533,22.54214],[91.35225,22.52654],[91.33919,22.5301]]],[[[91.52972,22.39043],[91.51021,22.38721],[91.48043,22.39982],[91.45718,22.443],[91.44316,22.46148],[91.4343,22.47996],[91.41997,22.52224],[91.42585,22.56922],[91.42074,22.59727],[91.439,22.60619],[91.46209,22.60732],[91.47616,22.59515],[91.49856,22.56793],[91.53053,22.52147],[91.54235,22.50171],[91.55148,22.49388],[91.5643,22.47249],[91.5712,22.44991],[91.56726,22.42548],[91.56841,22.40941],[91.55613,22.39944],[91.54399,22.39794],[91.52972,22.39043]]],[[[91.33221,22.56566],[91.31112,22.60281],[91.32968,22.61132],[91.34649,22.60939],[91.35339,22.60008],[91.35345,22.57478],[91.34897,22.56678],[91.33221,22.56566]]],[[[91.31818,22.64989],[91.33512,22.66811],[91.34318,22.68581],[91.34866,22.71589],[91.33841,22.73205],[91.35351,22.72853],[91.3731,22.71713],[91.40177,22.69262],[91.40998,22.67678],[91.40107,22.65595],[91.39497,22.63165],[91.37979,22.6271],[91.3576,22.63737],[91.32825,22.64135],[91.31818,22.64989]]],[[[91.71311,22.98869],[91.71722,22.96951],[91.73054,22.93961],[91.72494,22.93474],[91.72089,22.9144],[91.72254,22.90314],[91.71642,22.88694],[91.73413,22.87108],[91.74632,22.87139],[91.75415,22.86295],[91.7554,22.8436],[91.76506,22.83108],[91.76389,22.82192],[91.77522,22.79477],[91.78839,22.77791],[91.80278,22.77943],[91.8068,22.79132],[91.81849,22.79284],[91.84604,22.7732],[91.85984,22.77015],[91.86027,22.7596],[91.87819,22.76812],[91.88695,22.76583],[91.87692,22.71596],[91.8833,22.69724],[91.89774,22.69233],[91.90822,22.69895],[91.92394,22.69923],[91.92755,22.68871],[91.92573,22.68037],[91.94306,22.66839],[91.93472,22.65711],[91.93884,22.64109],[91.93888,22.62394],[91.96176,22.57357],[91.97824,22.50793],[91.97041,22.49573],[91.98102,22.4841],[91.99659,22.48485],[92.00491,22.49494],[92.01636,22.49943],[92.02157,22.50926],[92.01735,22.51761],[92.02739,22.52868],[92.01471,22.54877],[92.01724,22.56921],[92.00641,22.58163],[92.01286,22.60494],[92.03286,22.61304],[92.04142,22.61101],[92.06999,22.61458],[92.08027,22.60966],[92.08102,22.5943],[92.08617,22.58528],[92.10058,22.57708],[92.10674,22.55639],[92.10973,22.52906],[92.11659,22.52901],[92.12857,22.4925],[92.1283,22.45851],[92.14044,22.44846],[92.13617,22.43102],[92.12783,22.43085],[92.11855,22.41608],[92.09921,22.40082],[92.12245,22.36584],[92.13168,22.37003],[92.14594,22.34774],[92.14485,22.33219],[92.15473,22.32324],[92.15016,22.3153],[92.14811,22.29637],[92.13743,22.28609],[92.1378,22.26649],[92.14338,22.2587],[92.13766,22.23505],[92.1469,22.21807],[92.14508,22.20817],[92.16014,22.18898],[92.16323,22.17482],[92.15598,22.16438],[92.16985,22.13804],[92.16033,22.1298],[92.17323,22.11308],[92.17054,22.10523],[92.144,22.09068],[92.16427,22.08342],[92.15595,22.07392],[92.17645,22.06395],[92.16214,22.04492],[92.18523,22.02671],[92.20201,22.01908],[92.20253,21.99139],[92.2128,21.97734],[92.19821,21.9629],[92.19091,21.95057],[92.17609,21.94398],[92.15929,21.94271],[92.17504,21.91018],[92.16053,21.91085],[92.13671,21.90593],[92.12985,21.90158],[92.11199,21.91661],[92.09969,21.92207],[92.07694,21.92349],[92.06005,21.9078],[92.05717,21.92405],[92.03844,21.90679],[92.01659,21.90411],[91.99807,21.90779],[91.95394,21.88945],[91.93913,21.87796],[91.92232,21.87524],[91.92544,21.86299],[91.91657,21.85842],[91.91322,21.88928],[91.90659,21.91005],[91.90846,21.93031],[91.8997,21.94389],[91.89038,21.94801],[91.88276,21.9805],[91.87384,22.00292],[91.87837,22.02193],[91.87734,22.05119],[91.8647,22.08192],[91.86142,22.09896],[91.86237,22.1172],[91.84141,22.11842],[91.83234,22.13443],[91.82413,22.15675],[91.81232,22.20821],[91.81573,22.2297],[91.83053,22.24033],[91.84038,22.25991],[91.83595,22.27043],[91.81429,22.27502],[91.80184,22.28099],[91.79863,22.2934],[91.80448,22.30285],[91.82883,22.31887],[91.85979,22.32382],[91.87115,22.33014],[91.88481,22.34638],[91.88747,22.3841],[91.88203,22.3907],[91.86486,22.33794],[91.84879,22.32694],[91.83243,22.32493],[91.81493,22.31829],[91.798,22.30371],[91.79372,22.29434],[91.80236,22.27542],[91.83133,22.26468],[91.83363,22.25963],[91.82247,22.24236],[91.80015,22.22595],[91.76561,22.27226],[91.76798,22.3017],[91.74965,22.35876],[91.74735,22.37498],[91.73713,22.4085],[91.73759,22.4267],[91.7087,22.48823],[91.69003,22.51409],[91.65629,22.54792],[91.63723,22.57041],[91.60068,22.60418],[91.5848,22.61577],[91.58159,22.63418],[91.55792,22.66129],[91.5251,22.68978],[91.49691,22.70279],[91.48023,22.71484],[91.46253,22.74691],[91.45436,22.75689],[91.45031,22.77772],[91.44733,22.78452],[91.44331,22.79444],[91.44569,22.80925],[91.46152,22.82913],[91.46554,22.84832],[91.46533,22.85488],[91.47409,22.87217],[91.46241,22.87752],[91.46114,22.89088],[91.46621,22.9012],[91.49349,22.90367],[91.51053,22.9013],[91.51386,22.90707],[91.53074,22.91326],[91.53103,22.92558],[91.54515,22.95227],[91.56755,22.95487],[91.57677,22.96543],[91.59145,22.9766],[91.60556,22.97217],[91.60479,22.96231],[91.62547,22.94418],[91.62698,22.95601],[91.63538,22.96105],[91.64478,22.97602],[91.66407,22.98167],[91.68498,22.98038],[91.69361,22.98845],[91.71311,22.98869]]]]}},{"type":"Feature","properties":{"district_id":"chuadanga","ADM2_PCODE":"BD4018","source_name":"Chuadanga"},"geometry":{"type":"Polygon","coordinates":[[[89.01726,23.70874],[89.01065,23.70658],[89.00689,23.6915],[89.00608,23.66884],[89.01193,23.65599],[89.00373,23.60384],[88.98923,23.58859],[88.98283,23.57628],[88.98763,23.57075],[88.97639,23.55744],[88.94673,23.55175],[88.93386,23.53223],[88.94693,23.51187],[88.94312,23.50157],[88.94531,23.48315],[88.92964,23.46196],[88.9304,23.448],[88.9458,23.43806],[88.9356,23.43332],[88.93366,23.41271],[88.92111,23.41278],[88.9119,23.4053],[88.89513,23.40897],[88.87757,23.40672],[88.87524,23.39206],[88.86128,23.37685],[88.85229,23.3753],[88.833,23.38484],[88.82761,23.37727],[88.8083,23.38704],[88.80652,23.37892],[88.79406,23.37003],[88.78674,23.38046],[88.76481,23.37043],[88.75291,23.38926],[88.75113,23.40287],[88.76051,23.42706],[88.76561,23.44901],[88.78219,23.44142],[88.79036,23.45058],[88.78725,23.46958],[88.79922,23.49122],[88.79185,23.50286],[88.77185,23.49841],[88.75379,23.47915],[88.7319,23.49601],[88.72407,23.5126],[88.71249,23.50947],[88.68585,23.53278],[88.6739,23.54829],[88.66522,23.54709],[88.6542,23.55668],[88.64812,23.58051],[88.63824,23.59764],[88.63807,23.61041],[88.64392,23.61871],[88.6427,23.63076],[88.65366,23.64674],[88.68018,23.64823],[88.68733,23.6597],[88.73798,23.68403],[88.74652,23.69488],[88.77378,23.69977],[88.78411,23.71739],[88.77894,23.72231],[88.7806,23.73823],[88.78889,23.76617],[88.81885,23.77257],[88.82484,23.79661],[88.83378,23.81582],[88.84425,23.82127],[88.85078,23.83269],[88.85896,23.83266],[88.87304,23.83365],[88.89143,23.82744],[88.90322,23.83975],[88.92109,23.82083],[88.9098,23.78478],[88.92975,23.79132],[88.93818,23.80411],[88.9478,23.80125],[88.95785,23.80897],[88.97579,23.79916],[88.97666,23.78901],[88.99964,23.78199],[89.00221,23.77502],[88.98955,23.75231],[89.00592,23.74829],[89.00744,23.72342],[89.01726,23.70874]]]}},{"type":"Feature","properties":{"district_id":"cumilla","ADM2_PCODE":"BD2019","source_name":"Comilla"},"geometry":{"type":"Polygon","coordinates":[[[91.15643,23.6693],[91.16132,23.65446],[91.15805,23.62192],[91.16368,23.60117],[91.17704,23.59333],[91.17518,23.58563],[91.18591,23.5777],[91.2081,23.54319],[91.20063,23.52315],[91.20776,23.51221],[91.22351,23.51417],[91.21793,23.49965],[91.23551,23.50192],[91.23631,23.48915],[91.24926,23.49031],[91.25217,23.48115],[91.25148,23.45378],[91.2564,23.44169],[91.27061,23.42994],[91.26339,23.42385],[91.27638,23.41483],[91.2797,23.37678],[91.29099,23.35079],[91.31096,23.35262],[91.31073,23.34257],[91.29611,23.341],[91.2898,23.31866],[91.30947,23.314],[91.30715,23.29991],[91.30016,23.29258],[91.30972,23.27651],[91.32358,23.23761],[91.32467,23.16878],[91.32332,23.15822],[91.33305,23.15302],[91.33702,23.1312],[91.34756,23.11893],[91.34692,23.10246],[91.3719,23.06939],[91.36871,23.06733],[91.33077,23.06629],[91.30203,23.04795],[91.28127,23.05527],[91.25895,23.05461],[91.24225,23.05723],[91.2366,23.0657],[91.20439,23.06621],[91.19811,23.06057],[91.18304,23.06138],[91.1599,23.08407],[91.12931,23.07461],[91.07944,23.0716],[91.05074,23.08348],[91.04349,23.09005],[91.03709,23.11312],[91.02869,23.11198],[90.98671,23.1173],[90.98075,23.1332],[90.98788,23.1409],[91.00843,23.14179],[91.00562,23.15509],[91.00782,23.18539],[91.01421,23.19593],[91.01502,23.21262],[91.02882,23.22283],[91.02366,23.24735],[91.0141,23.24839],[90.9944,23.28921],[90.98099,23.2874],[90.97506,23.30087],[90.97495,23.31512],[90.95618,23.33236],[90.95258,23.34845],[90.93247,23.34714],[90.93023,23.37685],[90.90835,23.39572],[90.89773,23.39702],[90.89043,23.40817],[90.88195,23.44238],[90.87414,23.45285],[90.86393,23.45237],[90.8466,23.47196],[90.83322,23.46393],[90.8177,23.46296],[90.81768,23.44801],[90.78541,23.43826],[90.76971,23.44137],[90.7613,23.42239],[90.73305,23.42372],[90.71079,23.43522],[90.70959,23.45474],[90.69822,23.47017],[90.68775,23.49248],[90.70091,23.49838],[90.71108,23.51504],[90.70055,23.52516],[90.68728,23.55737],[90.66739,23.57177],[90.64697,23.57606],[90.64653,23.58832],[90.66655,23.58892],[90.6658,23.59694],[90.65305,23.6204],[90.6431,23.61738],[90.62995,23.62082],[90.63809,23.64979],[90.63787,23.66917],[90.64364,23.67505],[90.65711,23.67173],[90.67485,23.68012],[90.69831,23.66591],[90.72157,23.66173],[90.73022,23.6645],[90.74114,23.69262],[90.76461,23.69847],[90.77006,23.68473],[90.78203,23.68446],[90.78645,23.69739],[90.77582,23.70688],[90.78104,23.729],[90.80039,23.74647],[90.81735,23.73344],[90.82631,23.73421],[90.83368,23.72392],[90.85011,23.72734],[90.87342,23.71981],[90.88329,23.72651],[90.88732,23.73677],[90.8848,23.75293],[90.89977,23.76468],[90.91325,23.76512],[90.94631,23.77603],[90.9862,23.78563],[90.99514,23.78565],[91.03506,23.79552],[91.05344,23.76769],[91.05834,23.74594],[91.07874,23.7358],[91.07394,23.72782],[91.08751,23.71536],[91.10515,23.70933],[91.12426,23.67421],[91.13231,23.66503],[91.15643,23.6693]]]}},{"type":"Feature","properties":{"district_id":"coxsbazar","ADM2_PCODE":"BD2022","source_name":"Cox's Bazar"},"geometry":{"type":"MultiPolygon","coordinates":[[[[91.86333,21.60062],[91.85191,21.5951],[91.84664,21.61007],[91.8656,21.62248],[91.86333,21.60062]]],[[[91.87017,21.92309],[91.8798,21.92115],[91.89436,21.89058],[91.89463,21.86081],[91.87732,21.82144],[91.86777,21.79144],[91.85072,21.74508],[91.84523,21.74056],[91.84337,21.72211],[91.82938,21.72323],[91.83312,21.76028],[91.84472,21.7754],[91.84213,21.80511],[91.85055,21.82131],[91.84996,21.83694],[91.84084,21.85869],[91.84721,21.8797],[91.84633,21.89935],[91.87017,21.92309]]],[[[92.06005,21.9078],[92.08088,21.88848],[92.08509,21.86219],[92.08194,21.85781],[92.0898,21.84015],[92.08161,21.83218],[92.07656,21.81733],[92.08052,21.80993],[92.09784,21.80633],[92.10996,21.79473],[92.12851,21.79718],[92.14331,21.77913],[92.16711,21.7802],[92.18147,21.7907],[92.18241,21.77897],[92.1905,21.77708],[92.17987,21.82154],[92.16793,21.83758],[92.18032,21.84777],[92.19215,21.82481],[92.2048,21.81647],[92.2036,21.80416],[92.21236,21.78654],[92.19435,21.78519],[92.1921,21.77454],[92.18668,21.77443],[92.17536,21.78305],[92.16086,21.76936],[92.15512,21.74515],[92.15617,21.73547],[92.12241,21.73876],[92.11377,21.73436],[92.11843,21.71775],[92.09282,21.68925],[92.11196,21.66674],[92.11438,21.65077],[92.10726,21.6413],[92.14082,21.61804],[92.14208,21.60091],[92.14998,21.59594],[92.16828,21.60495],[92.17224,21.587],[92.18468,21.56851],[92.1769,21.55462],[92.15926,21.54151],[92.15982,21.53273],[92.16962,21.51321],[92.17665,21.50777],[92.20027,21.5142],[92.22289,21.49466],[92.22127,21.48552],[92.23898,21.47495],[92.24032,21.46051],[92.23061,21.44775],[92.23774,21.41398],[92.24604,21.40155],[92.23515,21.39794],[92.21893,21.40033],[92.20167,21.39074],[92.18934,21.42451],[92.16344,21.43167],[92.15566,21.42488],[92.156,21.41251],[92.12714,21.40145],[92.13124,21.38053],[92.13941,21.3602],[92.14958,21.34408],[92.15367,21.32291],[92.17157,21.28918],[92.19274,21.2657],[92.18591,21.25742],[92.17877,21.23388],[92.17001,21.22824],[92.16823,21.21324],[92.1764,21.18435],[92.1725,21.18123],[92.17581,21.15998],[92.19933,21.16129],[92.20325,21.15017],[92.19755,21.13929],[92.20044,21.12437],[92.207,21.1189],[92.22372,21.1199],[92.2335,21.09676],[92.25833,21.07879],[92.26502,21.06224],[92.25744,21.05027],[92.25123,21.0256],[92.25882,21.00358],[92.2634,20.97837],[92.26212,20.94952],[92.27014,20.91949],[92.2836,20.90097],[92.29927,20.88939],[92.31671,20.85003],[92.32278,20.81887],[92.33507,20.7916],[92.34263,20.75038],[92.3311,20.74651],[92.31696,20.75966],[92.30231,20.78226],[92.27723,20.83509],[92.25312,20.87395],[92.22478,20.91247],[92.20269,20.95765],[92.1882,21.00486],[92.174,21.02706],[92.09972,21.11205],[92.05444,21.16703],[92.04618,21.18457],[92.04674,21.22356],[92.04377,21.2345],[92.04799,21.28624],[92.03491,21.3286],[92.01739,21.36823],[91.98827,21.40715],[91.98296,21.41806],[91.96052,21.43835],[91.949,21.45856],[91.95108,21.46532],[91.97039,21.47635],[91.97955,21.47404],[92.0017,21.51601],[91.99223,21.57002],[91.99997,21.59086],[92.00945,21.60369],[92.00886,21.61302],[91.99697,21.63271],[91.98903,21.62963],[91.99336,21.60611],[91.98466,21.59422],[91.97756,21.51184],[91.97091,21.50654],[91.9395,21.50347],[91.93942,21.49171],[91.92692,21.49344],[91.92475,21.48405],[91.9141,21.47385],[91.89268,21.47997],[91.85602,21.51447],[91.85096,21.53237],[91.86144,21.54307],[91.88441,21.54475],[91.86432,21.55896],[91.86094,21.57333],[91.8711,21.57644],[91.88116,21.59275],[91.86899,21.61496],[91.88483,21.62805],[91.89238,21.64918],[91.87788,21.64789],[91.85601,21.67191],[91.85823,21.69702],[91.87065,21.71657],[91.88197,21.75702],[91.89175,21.78123],[91.90708,21.81157],[91.91502,21.83984],[91.91657,21.85842],[91.92544,21.86299],[91.92232,21.87524],[91.93913,21.87796],[91.95394,21.88945],[91.99807,21.90779],[92.01659,21.90411],[92.03844,21.90679],[92.05717,21.92405],[92.06005,21.9078]]]]}},{"type":"Feature","properties":{"district_id":"dhaka","ADM2_PCODE":"BD3026","source_name":"Dhaka"},"geometry":{"type":"Polygon","coordinates":[[[90.14755,24.03354],[90.14693,24.02579],[90.16154,24.01965],[90.17113,24.00088],[90.19405,24.00857],[90.23971,24.00921],[90.23984,24.03182],[90.24712,24.03237],[90.26035,24.01028],[90.25012,23.99162],[90.26013,23.97113],[90.27511,23.96537],[90.29781,23.96187],[90.30017,23.94884],[90.33072,23.95038],[90.34551,23.94714],[90.34837,23.92751],[90.34477,23.90424],[90.35539,23.8879],[90.37715,23.89804],[90.39373,23.88836],[90.3957,23.88018],[90.41898,23.88582],[90.4382,23.90106],[90.4612,23.88979],[90.4596,23.87962],[90.47165,23.86608],[90.47127,23.84731],[90.48661,23.8261],[90.4801,23.79182],[90.47093,23.78355],[90.48244,23.77336],[90.48993,23.73599],[90.50185,23.71805],[90.49902,23.70525],[90.46193,23.68353],[90.4484,23.66532],[90.47147,23.63947],[90.47023,23.62925],[90.44673,23.62387],[90.43019,23.60861],[90.39196,23.64849],[90.36826,23.65265],[90.34712,23.63668],[90.32771,23.64413],[90.30985,23.65904],[90.28618,23.67386],[90.27351,23.66241],[90.24694,23.65007],[90.24729,23.63349],[90.2262,23.61355],[90.22598,23.60188],[90.20861,23.58882],[90.20347,23.56426],[90.1853,23.56182],[90.17717,23.55204],[90.18153,23.54045],[90.17091,23.52726],[90.15826,23.52215],[90.14778,23.54118],[90.12989,23.5651],[90.10201,23.56858],[90.07814,23.56142],[90.07404,23.56549],[90.04655,23.57428],[90.05545,23.58445],[90.04198,23.59612],[90.03901,23.60939],[90.04761,23.61306],[90.04476,23.62901],[90.0077,23.63494],[90.00716,23.64471],[90.0183,23.6525],[90.02031,23.67337],[90.03775,23.6852],[90.04033,23.70494],[90.04951,23.71208],[90.05121,23.72561],[90.06621,23.7255],[90.08124,23.71746],[90.08449,23.7295],[90.10084,23.73008],[90.1071,23.7188],[90.11556,23.71759],[90.12382,23.73456],[90.13652,23.74542],[90.15417,23.74769],[90.15959,23.72566],[90.17621,23.7263],[90.1896,23.72058],[90.20361,23.72521],[90.22535,23.70923],[90.23634,23.71554],[90.25444,23.71471],[90.25425,23.72156],[90.2382,23.73554],[90.2265,23.7378],[90.21856,23.74831],[90.22623,23.76428],[90.24245,23.78401],[90.24741,23.80728],[90.23992,23.83216],[90.21868,23.84017],[90.19719,23.8303],[90.18546,23.81878],[90.17192,23.82767],[90.15093,23.83423],[90.14474,23.84661],[90.12167,23.87345],[90.11605,23.87558],[90.108,23.89578],[90.09372,23.90097],[90.08537,23.91139],[90.07161,23.90521],[90.06664,23.91686],[90.06771,23.94036],[90.06005,23.95771],[90.04646,23.96295],[90.0391,23.97248],[90.03901,23.98284],[90.04829,23.98781],[90.04358,24.00424],[90.00759,24.01136],[90.01944,24.02573],[90.02555,24.02105],[90.04056,24.02831],[90.07449,24.03382],[90.08165,24.04067],[90.10215,24.01904],[90.10967,24.01881],[90.12774,24.03299],[90.14755,24.03354]]]}},{"type":"Feature","properties":{"district_id":"dinajpur","ADM2_PCODE":"BD5527","source_name":"Dinajpur"},"geometry":{"type":"Polygon","coordinates":[[[88.62676,26.05593],[88.62987,26.04936],[88.64521,26.04357],[88.66339,26.01726],[88.67346,26.01281],[88.70007,26.01524],[88.70045,26.00766],[88.71762,26.00743],[88.72572,26.01625],[88.73495,26.01468],[88.73779,25.99699],[88.74796,25.97489],[88.74394,25.96654],[88.75131,25.94691],[88.75955,25.93895],[88.77858,25.93486],[88.80122,25.92244],[88.8032,25.89681],[88.81348,25.88308],[88.82016,25.86228],[88.82609,25.85615],[88.82267,25.83906],[88.82735,25.83281],[88.82782,25.81296],[88.8426,25.81235],[88.84785,25.79198],[88.85622,25.77687],[88.867,25.77113],[88.88571,25.77232],[88.89801,25.7351],[88.92656,25.73675],[88.94107,25.73433],[88.94626,25.72707],[88.93085,25.72092],[88.93198,25.7062],[88.93805,25.6994],[88.93898,25.68567],[88.97813,25.66878],[88.97958,25.65686],[88.9916,25.66072],[89.00119,25.64907],[89.00017,25.62058],[89.00973,25.61946],[89.01601,25.60251],[89.03831,25.60398],[89.04459,25.59846],[89.04695,25.58386],[89.06055,25.5883],[89.1031,25.56225],[89.09339,25.54534],[89.10095,25.54287],[89.1067,25.50678],[89.1039,25.49981],[89.10633,25.47175],[89.12309,25.46557],[89.12491,25.45182],[89.1377,25.44583],[89.1485,25.43392],[89.14866,25.41661],[89.16017,25.40279],[89.20489,25.38885],[89.22152,25.36561],[89.2318,25.36103],[89.23463,25.35136],[89.22708,25.34404],[89.23522,25.33304],[89.23782,25.31914],[89.26098,25.31447],[89.28066,25.30135],[89.26923,25.30058],[89.26453,25.28975],[89.27325,25.26458],[89.28578,25.25817],[89.29918,25.22251],[89.28031,25.2292],[89.24592,25.22372],[89.235,25.23069],[89.21507,25.23602],[89.20461,25.22846],[89.16751,25.24041],[89.15025,25.25626],[89.14023,25.24673],[89.11671,25.2464],[89.09595,25.2411],[89.09051,25.25064],[89.0701,25.26978],[89.06447,25.26263],[89.05095,25.26548],[89.02886,25.27659],[89.02144,25.26777],[89.00783,25.26766],[89.00933,25.29749],[88.99253,25.2963],[88.97587,25.30629],[88.95758,25.30086],[88.93917,25.30077],[88.92895,25.31247],[88.91505,25.3126],[88.90604,25.32797],[88.90639,25.33793],[88.87566,25.3374],[88.86672,25.34281],[88.86888,25.35231],[88.85562,25.3543],[88.83779,25.36814],[88.83714,25.40189],[88.82369,25.40113],[88.81978,25.41548],[88.82995,25.41705],[88.83288,25.43621],[88.82853,25.44888],[88.83728,25.45225],[88.83727,25.47286],[88.82965,25.49035],[88.81374,25.48799],[88.80326,25.52443],[88.78061,25.51545],[88.75918,25.52403],[88.75913,25.50971],[88.76893,25.49904],[88.74857,25.4937],[88.74213,25.50512],[88.72116,25.49981],[88.70751,25.49995],[88.71033,25.48071],[88.69581,25.47343],[88.68449,25.47571],[88.66297,25.47377],[88.66023,25.48184],[88.64635,25.47853],[88.64469,25.49875],[88.62244,25.49702],[88.61965,25.50388],[88.60274,25.51597],[88.59633,25.50618],[88.57765,25.50842],[88.54796,25.51825],[88.53308,25.5422],[88.50984,25.54586],[88.50027,25.55086],[88.4978,25.57009],[88.4999,25.58405],[88.46471,25.58776],[88.45705,25.59898],[88.44431,25.59703],[88.44506,25.61385],[88.45492,25.63087],[88.45437,25.66355],[88.42711,25.6697],[88.42625,25.67769],[88.43812,25.68847],[88.43552,25.70919],[88.42335,25.72375],[88.42146,25.73239],[88.40041,25.7313],[88.38665,25.76268],[88.38386,25.78687],[88.39058,25.81011],[88.38579,25.82283],[88.38627,25.83976],[88.39964,25.84313],[88.40379,25.8648],[88.40846,25.86845],[88.43791,25.87194],[88.44469,25.86188],[88.45927,25.86086],[88.48467,25.86612],[88.47987,25.90234],[88.49573,25.90732],[88.5019,25.92409],[88.50969,25.92649],[88.5119,25.94133],[88.52357,25.95163],[88.53629,25.95131],[88.53815,25.96244],[88.52972,25.97696],[88.53055,25.99152],[88.54068,25.99551],[88.54622,26.01938],[88.5685,26.02522],[88.58757,26.01981],[88.60911,26.03672],[88.60778,26.04973],[88.61471,26.05844],[88.62676,26.05593]]]}},{"type":"Feature","properties":{"district_id":"faridpur","ADM2_PCODE":"BD3029","source_name":"Faridpur"},"geometry":{"type":"Polygon","coordinates":[[[89.8649,23.71887],[89.8977,23.67369],[89.92085,23.66847],[89.93809,23.65387],[89.99369,23.64107],[90.0077,23.63494],[90.04476,23.62901],[90.04761,23.61306],[90.03901,23.60939],[90.04198,23.59612],[90.05545,23.58445],[90.04655,23.57428],[90.07404,23.56549],[90.07814,23.56142],[90.10201,23.56858],[90.12989,23.5651],[90.14778,23.54118],[90.15826,23.52215],[90.182,23.49804],[90.17078,23.4886],[90.15316,23.46561],[90.14162,23.47541],[90.13519,23.4652],[90.11069,23.45634],[90.10589,23.4457],[90.11112,23.43251],[90.10257,23.42012],[90.11018,23.41255],[90.09733,23.40293],[90.0972,23.38048],[90.08781,23.36692],[90.08405,23.34915],[90.0986,23.34264],[90.10219,23.33358],[90.09158,23.32646],[90.09289,23.31253],[90.08448,23.30605],[90.06759,23.30519],[90.05366,23.32528],[90.03934,23.3392],[90.0326,23.33288],[90.03132,23.31725],[90.02573,23.30588],[90.02389,23.28825],[90.00377,23.30306],[90.01895,23.31857],[89.99278,23.32544],[89.97148,23.34957],[89.94979,23.35797],[89.94704,23.34138],[89.96265,23.33776],[89.96053,23.32888],[89.94643,23.3218],[89.93162,23.32187],[89.92528,23.30971],[89.91437,23.30884],[89.90565,23.31572],[89.9161,23.33065],[89.90471,23.3422],[89.89637,23.34212],[89.87945,23.33285],[89.85028,23.34067],[89.83939,23.33187],[89.82358,23.34556],[89.81522,23.33313],[89.79291,23.31142],[89.76461,23.28961],[89.7479,23.2913],[89.75136,23.2765],[89.74256,23.26276],[89.7305,23.25703],[89.73124,23.24739],[89.71549,23.24048],[89.7169,23.23347],[89.68801,23.21039],[89.68556,23.22723],[89.66842,23.24488],[89.64183,23.23246],[89.63298,23.23769],[89.63683,23.26162],[89.64801,23.27242],[89.66572,23.28284],[89.64922,23.28972],[89.63376,23.28901],[89.61765,23.30444],[89.62148,23.31018],[89.60427,23.33774],[89.60799,23.36997],[89.61671,23.39397],[89.60851,23.41242],[89.60754,23.46696],[89.60064,23.47875],[89.5724,23.49807],[89.5271,23.513],[89.50821,23.50641],[89.50762,23.47819],[89.49587,23.47501],[89.49032,23.48219],[89.4899,23.50056],[89.50144,23.52098],[89.5375,23.53606],[89.52304,23.55055],[89.49926,23.55806],[89.49732,23.57906],[89.50707,23.58674],[89.52068,23.58589],[89.52938,23.57088],[89.54225,23.57679],[89.54822,23.59092],[89.56191,23.59184],[89.56481,23.60403],[89.5859,23.59439],[89.60501,23.59505],[89.61778,23.58933],[89.64627,23.59079],[89.65474,23.60961],[89.66796,23.60753],[89.67247,23.59669],[89.66946,23.58562],[89.69076,23.58963],[89.71311,23.58937],[89.72957,23.58165],[89.75218,23.59001],[89.75461,23.59785],[89.74692,23.60732],[89.72841,23.61911],[89.73136,23.6362],[89.72829,23.66617],[89.75573,23.66655],[89.7625,23.68097],[89.78984,23.68289],[89.79269,23.7086],[89.81051,23.72126],[89.81833,23.71515],[89.84079,23.70873],[89.8649,23.71887]]]}},{"type":"Feature","properties":{"district_id":"feni","ADM2_PCODE":"BD2030","source_name":"Feni"},"geometry":{"type":"MultiPolygon","coordinates":[[[[91.3311,22.8175],[91.32814,22.79751],[91.31411,22.80834],[91.31667,22.82177],[91.3311,22.8175]]],[[[91.44733,22.78452],[91.41995,22.80758],[91.43057,22.82785],[91.45215,22.82815],[91.46554,22.84832],[91.46152,22.82913],[91.44569,22.80925],[91.44331,22.79444],[91.44733,22.78452]]],[[[91.332,22.82066],[91.32523,22.827],[91.32519,22.83707],[91.31062,22.84434],[91.32892,22.84831],[91.31912,22.84422],[91.32139,22.83911],[91.33294,22.8416],[91.33662,22.83762],[91.332,22.82066]]],[[[91.57677,22.96543],[91.56755,22.95487],[91.54515,22.95227],[91.53103,22.92558],[91.53074,22.91326],[91.51386,22.90707],[91.51053,22.9013],[91.49349,22.90367],[91.46621,22.9012],[91.46114,22.89088],[91.46241,22.87752],[91.47409,22.87217],[91.46533,22.85488],[91.45624,22.84547],[91.45085,22.82989],[91.44184,22.82968],[91.43444,22.83978],[91.42364,22.83486],[91.42314,22.8244],[91.41284,22.8194],[91.40532,22.80842],[91.42179,22.79789],[91.42161,22.78441],[91.42953,22.78018],[91.42944,22.76405],[91.42412,22.75739],[91.40719,22.7654],[91.39458,22.78042],[91.37682,22.78533],[91.37262,22.79778],[91.35567,22.79505],[91.34453,22.78905],[91.33476,22.79391],[91.33187,22.80662],[91.33539,22.81889],[91.33599,22.82124],[91.33916,22.84083],[91.33677,22.84485],[91.34491,22.89765],[91.33896,22.90951],[91.29983,22.89401],[91.26945,22.89175],[91.26494,22.88162],[91.24709,22.90168],[91.26018,22.91041],[91.25874,22.91855],[91.26296,22.94449],[91.25615,22.96428],[91.25989,22.9933],[91.25913,23.01235],[91.26491,23.02222],[91.25562,23.04314],[91.25895,23.05461],[91.28127,23.05527],[91.30203,23.04795],[91.33077,23.06629],[91.36871,23.06733],[91.3719,23.06939],[91.39574,23.0563],[91.40627,23.05913],[91.41649,23.08162],[91.40516,23.08713],[91.4002,23.09658],[91.40337,23.11387],[91.38922,23.15277],[91.38475,23.1563],[91.38548,23.19198],[91.38823,23.21482],[91.3864,23.22768],[91.40083,23.22925],[91.39336,23.24673],[91.40867,23.24776],[91.41123,23.25581],[91.40884,23.28532],[91.41956,23.27339],[91.41544,23.26357],[91.45444,23.25758],[91.45784,23.24613],[91.47024,23.22778],[91.45427,23.22366],[91.45856,23.21345],[91.47534,23.22049],[91.48437,23.20933],[91.48487,23.18834],[91.50314,23.19223],[91.49817,23.17178],[91.49089,23.15776],[91.50436,23.14084],[91.50308,23.13064],[91.51419,23.12269],[91.51125,23.10434],[91.51887,23.09428],[91.53526,23.06348],[91.53043,23.03844],[91.55028,23.03855],[91.53835,23.01936],[91.54813,23.01939],[91.54245,22.99965],[91.55694,22.99674],[91.55718,22.9786],[91.57677,22.96543]]]]}},{"type":"Feature","properties":{"district_id":"gaibandha","ADM2_PCODE":"BD5532","source_name":"Gaibandha"},"geometry":{"type":"Polygon","coordinates":[[[89.74442,25.37399],[89.72309,25.35784],[89.73156,25.34403],[89.74144,25.31637],[89.74492,25.29866],[89.75633,25.28086],[89.74936,25.27112],[89.75066,25.25067],[89.74787,25.23508],[89.7126,25.23579],[89.70121,25.23215],[89.686,25.2043],[89.67198,25.1697],[89.65174,25.14351],[89.64982,25.10613],[89.64042,25.08897],[89.65307,25.07801],[89.65591,25.04999],[89.64783,25.04674],[89.63448,25.03922],[89.61043,25.05086],[89.59557,25.04587],[89.57207,25.04281],[89.56414,25.03792],[89.51514,25.0404],[89.49292,25.05068],[89.4881,25.06163],[89.46485,25.05763],[89.45361,25.06542],[89.45328,25.07504],[89.42958,25.07328],[89.40959,25.07737],[89.38117,25.06],[89.36021,25.06632],[89.35329,25.08906],[89.33211,25.12292],[89.31781,25.11604],[89.30102,25.11842],[89.29055,25.10908],[89.28009,25.08763],[89.25158,25.0974],[89.24935,25.11308],[89.23753,25.12922],[89.2313,25.14443],[89.21764,25.1449],[89.21964,25.15601],[89.21006,25.16768],[89.19781,25.17083],[89.19619,25.18084],[89.18395,25.18724],[89.19415,25.20007],[89.1946,25.21692],[89.20461,25.22846],[89.21507,25.23602],[89.235,25.23069],[89.24592,25.22372],[89.28031,25.2292],[89.29918,25.22251],[89.28578,25.25817],[89.27325,25.26458],[89.26453,25.28975],[89.26923,25.30058],[89.28066,25.30135],[89.31349,25.29945],[89.34276,25.3043],[89.34586,25.31468],[89.33021,25.32193],[89.34689,25.33686],[89.34029,25.34237],[89.34515,25.35439],[89.34314,25.36675],[89.36373,25.38869],[89.36617,25.40322],[89.37835,25.41002],[89.38034,25.44375],[89.39141,25.44184],[89.39814,25.45973],[89.41453,25.46294],[89.43002,25.47427],[89.43427,25.48762],[89.4421,25.48832],[89.43979,25.5121],[89.43404,25.5205],[89.4397,25.52976],[89.41126,25.53651],[89.40822,25.57101],[89.41288,25.58835],[89.44295,25.58444],[89.4655,25.59766],[89.48649,25.58103],[89.48948,25.60427],[89.49693,25.62197],[89.51338,25.61935],[89.53589,25.64899],[89.5489,25.62672],[89.53754,25.60094],[89.53599,25.59093],[89.55183,25.5848],[89.56538,25.58479],[89.58507,25.55799],[89.59089,25.55635],[89.60556,25.56819],[89.61673,25.56893],[89.63431,25.55985],[89.64535,25.54748],[89.67532,25.53499],[89.69098,25.5378],[89.68393,25.52273],[89.68335,25.51141],[89.6947,25.50467],[89.69387,25.49247],[89.67769,25.49343],[89.67136,25.48472],[89.68427,25.47538],[89.68255,25.46729],[89.70521,25.4692],[89.70608,25.45953],[89.69373,25.42332],[89.7015,25.41163],[89.70165,25.39024],[89.73986,25.39745],[89.74787,25.38631],[89.74442,25.37399]]]}},{"type":"Feature","properties":{"district_id":"gazipur","ADM2_PCODE":"BD3033","source_name":"Gazipur"},"geometry":{"type":"Polygon","coordinates":[[[90.64929,24.25799],[90.65639,24.25114],[90.68295,24.24435],[90.6848,24.23447],[90.67265,24.22261],[90.67174,24.2046],[90.68609,24.19008],[90.68456,24.1668],[90.68763,24.14475],[90.69456,24.14138],[90.67641,24.11802],[90.68454,24.11278],[90.69484,24.11661],[90.69984,24.10135],[90.66793,24.0996],[90.65723,24.09237],[90.63884,24.09825],[90.64106,24.07624],[90.63533,24.07078],[90.65728,24.02534],[90.65681,24.0113],[90.64117,24.00594],[90.63015,23.97961],[90.61758,23.96711],[90.61694,23.94025],[90.60815,23.92152],[90.59175,23.91431],[90.57663,23.91664],[90.56039,23.9111],[90.57067,23.89499],[90.55794,23.89336],[90.55399,23.88589],[90.51717,23.8883],[90.52107,23.87738],[90.50575,23.87014],[90.50304,23.85912],[90.48318,23.8469],[90.47127,23.84731],[90.47165,23.86608],[90.4596,23.87962],[90.4612,23.88979],[90.4382,23.90106],[90.41898,23.88582],[90.3957,23.88018],[90.39373,23.88836],[90.37715,23.89804],[90.35539,23.8879],[90.34477,23.90424],[90.34837,23.92751],[90.34551,23.94714],[90.33072,23.95038],[90.30017,23.94884],[90.29781,23.96187],[90.27511,23.96537],[90.26013,23.97113],[90.25012,23.99162],[90.26035,24.01028],[90.24712,24.03237],[90.23984,24.03182],[90.23971,24.00921],[90.19405,24.00857],[90.17113,24.00088],[90.16154,24.01965],[90.14693,24.02579],[90.14755,24.03354],[90.15041,24.05224],[90.15776,24.06427],[90.17636,24.07418],[90.17946,24.08445],[90.17234,24.09633],[90.18402,24.09976],[90.20755,24.09487],[90.23017,24.1056],[90.22987,24.11416],[90.21863,24.12343],[90.21994,24.1427],[90.22592,24.16239],[90.24203,24.18436],[90.24897,24.18777],[90.26616,24.21512],[90.29031,24.22717],[90.29026,24.2453],[90.30044,24.25519],[90.30083,24.26936],[90.2905,24.27777],[90.32442,24.29901],[90.35878,24.29098],[90.36457,24.28113],[90.38226,24.28846],[90.39283,24.28161],[90.40389,24.28428],[90.40974,24.29701],[90.42128,24.30828],[90.42923,24.33032],[90.43661,24.33852],[90.45557,24.33989],[90.48902,24.31362],[90.51198,24.31178],[90.52901,24.30329],[90.52114,24.29017],[90.54714,24.27264],[90.5542,24.259],[90.57708,24.24575],[90.60304,24.26282],[90.62242,24.26861],[90.64929,24.25799]]]}},{"type":"Feature","properties":{"district_id":"gopalganj","ADM2_PCODE":"BD3035","source_name":"Gopalganj"},"geometry":{"type":"Polygon","coordinates":[[[90.02389,23.28825],[90.02404,23.27408],[90.03129,23.26428],[90.02352,23.25675],[90.02343,23.24043],[90.01817,23.23046],[90.00278,23.22782],[89.99631,23.21676],[89.98473,23.21823],[89.98125,23.19914],[89.97633,23.19554],[89.9665,23.16454],[89.94412,23.1575],[89.94093,23.1249],[89.93646,23.11766],[89.96834,23.11065],[89.98431,23.11054],[89.99283,23.13194],[90.01184,23.13877],[90.01368,23.12922],[90.04419,23.12122],[90.05126,23.10725],[90.06363,23.12039],[90.07927,23.1133],[90.1187,23.11148],[90.11039,23.10341],[90.10838,23.07687],[90.12267,23.07625],[90.12418,23.06508],[90.11081,23.06706],[90.11484,23.03397],[90.12614,23.02734],[90.13532,23.04979],[90.13651,23.04408],[90.12697,23.02588],[90.12667,23.0057],[90.09478,23.00684],[90.08787,22.98879],[90.07749,22.98277],[90.06968,22.96842],[90.05678,22.96134],[90.05649,22.93199],[90.03481,22.93384],[90.03296,22.92029],[90.02262,22.89984],[90.01837,22.87104],[90.00954,22.86696],[89.98682,22.86555],[89.96703,22.85366],[89.94378,22.85649],[89.92231,22.86406],[89.91988,22.88081],[89.89039,22.88107],[89.87405,22.88654],[89.86224,22.89608],[89.86409,22.90382],[89.8381,22.91668],[89.816,22.93682],[89.80105,22.94126],[89.80624,22.95574],[89.80145,22.97192],[89.79247,22.98037],[89.79682,22.99631],[89.76874,23.00455],[89.75774,23.01361],[89.7547,23.03205],[89.74486,23.05047],[89.72973,23.05344],[89.73639,23.07107],[89.73288,23.07642],[89.70489,23.08952],[89.69064,23.09868],[89.67261,23.12314],[89.67748,23.13286],[89.69466,23.12761],[89.69998,23.11456],[89.71362,23.11629],[89.73857,23.1296],[89.74191,23.13987],[89.73018,23.15845],[89.73898,23.17336],[89.76075,23.17456],[89.75737,23.18657],[89.7325,23.18619],[89.71367,23.17791],[89.69606,23.16202],[89.68991,23.16351],[89.67977,23.17989],[89.68128,23.19803],[89.68801,23.21039],[89.7169,23.23347],[89.71549,23.24048],[89.73124,23.24739],[89.7305,23.25703],[89.74256,23.26276],[89.75136,23.2765],[89.7479,23.2913],[89.76461,23.28961],[89.79291,23.31142],[89.81522,23.33313],[89.82358,23.34556],[89.83939,23.33187],[89.85028,23.34067],[89.87945,23.33285],[89.89637,23.34212],[89.90471,23.3422],[89.9161,23.33065],[89.90565,23.31572],[89.91437,23.30884],[89.92528,23.30971],[89.93162,23.32187],[89.94643,23.3218],[89.96053,23.32888],[89.96265,23.33776],[89.94704,23.34138],[89.94979,23.35797],[89.97148,23.34957],[89.99278,23.32544],[90.01895,23.31857],[90.00377,23.30306],[90.02389,23.28825]]]}},{"type":"Feature","properties":{"district_id":"habiganj","ADM2_PCODE":"BD6036","source_name":"Habiganj"},"geometry":{"type":"Polygon","coordinates":[[[91.64913,24.67501],[91.64031,24.65709],[91.64633,24.64512],[91.63708,24.62782],[91.66092,24.62591],[91.66758,24.60749],[91.65414,24.59657],[91.63124,24.59453],[91.62133,24.60188],[91.61311,24.59499],[91.63001,24.58709],[91.63013,24.57648],[91.64117,24.55647],[91.65422,24.54751],[91.63998,24.53565],[91.63549,24.52008],[91.61465,24.50395],[91.60965,24.47993],[91.61372,24.46289],[91.60741,24.44176],[91.61787,24.43951],[91.62036,24.41595],[91.60308,24.41707],[91.6027,24.36515],[91.61857,24.36152],[91.62962,24.34428],[91.63162,24.31151],[91.62502,24.29684],[91.61433,24.28668],[91.61672,24.27669],[91.61404,24.25328],[91.62601,24.21082],[91.64119,24.18796],[91.64519,24.174],[91.64653,24.15676],[91.63436,24.13818],[91.64111,24.11322],[91.63835,24.10455],[91.61376,24.09293],[91.59917,24.09724],[91.59296,24.08933],[91.59111,24.07496],[91.55726,24.07698],[91.54521,24.07435],[91.50857,24.08658],[91.49757,24.08743],[91.47607,24.10051],[91.45476,24.09669],[91.42785,24.10676],[91.39804,24.10961],[91.37432,24.10614],[91.37708,24.07999],[91.39653,24.04975],[91.39081,24.02591],[91.37422,24.00445],[91.37808,23.99321],[91.37356,23.97537],[91.3627,23.9833],[91.34116,23.98213],[91.32364,23.99462],[91.31488,23.99057],[91.30314,23.99708],[91.29553,24.00564],[91.30793,24.01766],[91.31161,24.03927],[91.30343,24.04533],[91.30407,24.05629],[91.2841,24.06377],[91.29306,24.09319],[91.26912,24.09498],[91.27084,24.11254],[91.28417,24.11143],[91.29129,24.11892],[91.2716,24.12367],[91.27182,24.14061],[91.27731,24.18156],[91.29799,24.18587],[91.31477,24.19271],[91.29723,24.20311],[91.28847,24.1958],[91.27807,24.19959],[91.28473,24.21024],[91.29813,24.21369],[91.29853,24.22302],[91.31989,24.23112],[91.32843,24.24274],[91.32096,24.26438],[91.30173,24.26639],[91.28433,24.24602],[91.28164,24.22689],[91.26569,24.22519],[91.2463,24.23312],[91.22033,24.23806],[91.2068,24.23681],[91.18651,24.24811],[91.17356,24.2652],[91.19331,24.28017],[91.19598,24.29315],[91.18459,24.29265],[91.15896,24.28395],[91.15977,24.2933],[91.17018,24.31514],[91.17932,24.3218],[91.19657,24.32189],[91.23377,24.31544],[91.23408,24.33346],[91.21483,24.35798],[91.23023,24.36586],[91.2412,24.37854],[91.25447,24.38247],[91.24203,24.39442],[91.23723,24.40692],[91.2152,24.4089],[91.21994,24.41948],[91.21711,24.43248],[91.22999,24.43312],[91.23786,24.44154],[91.23714,24.46039],[91.22802,24.48062],[91.22094,24.48501],[91.20532,24.48094],[91.19899,24.46659],[91.1841,24.47144],[91.19164,24.48175],[91.15248,24.48489],[91.1693,24.50073],[91.17957,24.4941],[91.19098,24.50076],[91.21319,24.52344],[91.23396,24.56896],[91.26236,24.57833],[91.26462,24.59296],[91.2723,24.59955],[91.28956,24.59533],[91.31284,24.64653],[91.33184,24.66167],[91.35105,24.66788],[91.36678,24.68976],[91.38006,24.69533],[91.38665,24.68196],[91.40095,24.67066],[91.41543,24.67257],[91.4288,24.68223],[91.4385,24.66122],[91.45563,24.66683],[91.46742,24.66118],[91.47566,24.66839],[91.49619,24.669],[91.5234,24.66324],[91.54514,24.65543],[91.56836,24.66443],[91.58005,24.67501],[91.59234,24.66694],[91.61142,24.66966],[91.62537,24.65772],[91.63553,24.67443],[91.64913,24.67501]]]}},{"type":"Feature","properties":{"district_id":"jamalpur","ADM2_PCODE":"BD4539","source_name":"Jamalpur"},"geometry":{"type":"Polygon","coordinates":[[[89.82562,25.41522],[89.82728,25.40634],[89.81997,25.3826],[89.82137,25.35563],[89.8405,25.31903],[89.84155,25.30826],[89.83116,25.29614],[89.8568,25.28677],[89.88511,25.2881],[89.89994,25.30542],[89.90907,25.30818],[89.93893,25.29913],[89.9482,25.29366],[89.93094,25.28275],[89.93139,25.26081],[89.92064,25.26011],[89.90601,25.26599],[89.8987,25.22496],[89.88941,25.21438],[89.88627,25.18266],[89.90126,25.18101],[89.91045,25.17169],[89.90063,25.15899],[89.89968,25.13464],[89.89355,25.13244],[89.89456,25.11597],[89.91463,25.08924],[89.91131,25.07223],[89.92426,25.06122],[89.90479,25.04384],[89.90473,25.03385],[89.88255,25.03571],[89.87983,25.01989],[89.89245,25.01876],[89.89031,25.00791],[89.90553,24.98001],[89.90735,24.95495],[89.93255,24.96129],[89.9427,24.95022],[89.94445,24.93372],[89.95601,24.92437],[89.9821,24.91677],[89.99555,24.92289],[90.01283,24.911],[90.04626,24.91083],[90.06718,24.90597],[90.10882,24.90846],[90.13358,24.89883],[90.1546,24.90485],[90.15686,24.89523],[90.17057,24.88852],[90.19493,24.88526],[90.19214,24.87184],[90.19556,24.86036],[90.18834,24.8516],[90.18379,24.83026],[90.17172,24.82775],[90.15884,24.81227],[90.15957,24.79712],[90.14135,24.7876],[90.1246,24.78911],[90.10305,24.78252],[90.08707,24.79008],[90.07578,24.78787],[90.06937,24.78112],[90.04791,24.77394],[90.03222,24.77703],[90.02228,24.7701],[90.02045,24.75475],[90.0108,24.75127],[89.99215,24.73692],[89.99258,24.72834],[89.97385,24.72383],[89.96044,24.73217],[89.9581,24.74405],[89.94078,24.7446],[89.93581,24.75527],[89.91159,24.73613],[89.89522,24.7362],[89.88142,24.74186],[89.87822,24.72763],[89.88235,24.70532],[89.89515,24.69473],[89.89941,24.68149],[89.88705,24.67401],[89.87931,24.67905],[89.86723,24.6647],[89.86955,24.6524],[89.86407,24.6465],[89.85009,24.64654],[89.84263,24.63224],[89.84151,24.61407],[89.82706,24.6086],[89.8294,24.60132],[89.81634,24.57736],[89.80396,24.56686],[89.78907,24.57229],[89.78071,24.5912],[89.76503,24.61384],[89.76591,24.62346],[89.78454,24.62558],[89.78342,24.66951],[89.7986,24.67857],[89.7724,24.72402],[89.78739,24.72752],[89.78123,24.76341],[89.77096,24.77292],[89.758,24.76718],[89.74046,24.76844],[89.71534,24.77735],[89.73032,24.79838],[89.70997,24.80702],[89.6868,24.8264],[89.67913,24.84674],[89.66849,24.86499],[89.66079,24.88807],[89.68606,24.90285],[89.68316,24.91598],[89.67224,24.92992],[89.67786,24.94319],[89.67651,24.96577],[89.66211,24.986],[89.66091,25.00783],[89.64783,25.04674],[89.65591,25.04999],[89.65307,25.07801],[89.64042,25.08897],[89.64982,25.10613],[89.65174,25.14351],[89.67198,25.1697],[89.686,25.2043],[89.70121,25.23215],[89.7126,25.23579],[89.74787,25.23508],[89.75066,25.25067],[89.74936,25.27112],[89.75633,25.28086],[89.74492,25.29866],[89.74144,25.31637],[89.73156,25.34403],[89.72309,25.35784],[89.74442,25.37399],[89.74869,25.3791],[89.77181,25.38192],[89.78027,25.38796],[89.78419,25.40692],[89.77335,25.42647],[89.78671,25.42834],[89.79934,25.41978],[89.82562,25.41522]]]}},{"type":"Feature","properties":{"district_id":"jashore","ADM2_PCODE":"BD4041","source_name":"Jessore"},"geometry":{"type":"Polygon","coordinates":[[[89.25808,23.3705],[89.27662,23.36525],[89.27336,23.35449],[89.28372,23.34954],[89.28827,23.33587],[89.30052,23.33025],[89.30779,23.31847],[89.31906,23.32356],[89.32643,23.29846],[89.33673,23.30352],[89.34856,23.28484],[89.35846,23.29512],[89.39692,23.28028],[89.41492,23.2692],[89.42557,23.25872],[89.42613,23.23906],[89.41859,23.23084],[89.42252,23.20313],[89.42226,23.18115],[89.41208,23.16761],[89.40883,23.15343],[89.4193,23.14036],[89.39514,23.14308],[89.37822,23.13557],[89.38969,23.10475],[89.3846,23.08652],[89.39475,23.08086],[89.41663,23.08307],[89.43868,23.11188],[89.44364,23.09101],[89.44049,23.07355],[89.4437,23.05512],[89.45406,23.05394],[89.4573,23.04139],[89.46849,23.0324],[89.49107,23.03746],[89.50489,23.02891],[89.51029,23.01559],[89.52954,23.00682],[89.53719,22.98419],[89.55208,22.97728],[89.56055,22.98385],[89.56278,22.97066],[89.5449,22.95155],[89.52268,22.94309],[89.51219,22.92786],[89.4873,22.94698],[89.48198,22.95395],[89.47801,22.97668],[89.4559,23.00997],[89.43943,23.00798],[89.43016,22.99502],[89.42698,22.96191],[89.4063,22.95679],[89.39249,22.93258],[89.37289,22.93487],[89.36388,22.92414],[89.34091,22.92005],[89.35644,22.87944],[89.34527,22.86688],[89.35079,22.85377],[89.35273,22.83462],[89.32855,22.82731],[89.32859,22.83813],[89.29628,22.8428],[89.29618,22.85419],[89.26709,22.85107],[89.26562,22.84143],[89.25106,22.84591],[89.24674,22.83564],[89.23802,22.83472],[89.22346,22.82139],[89.21449,22.82137],[89.19579,22.811],[89.16827,22.81673],[89.1632,22.80226],[89.14796,22.79528],[89.14164,22.80308],[89.15888,22.8137],[89.15778,22.82735],[89.13716,22.82749],[89.12543,22.84168],[89.12283,22.85342],[89.12877,22.87078],[89.11116,22.88857],[89.11787,22.90379],[89.13756,22.89054],[89.1416,22.89804],[89.1261,22.92696],[89.10687,22.93298],[89.09682,22.92306],[89.0818,22.93248],[89.05872,22.93588],[89.03438,22.93026],[89.01459,22.9467],[88.98892,22.94377],[88.99166,22.92343],[88.96253,22.91873],[88.95006,22.92161],[88.94187,22.91247],[88.92997,22.91952],[88.92183,22.91318],[88.90859,22.91916],[88.8906,22.92741],[88.89316,22.95283],[88.86829,22.95137],[88.8589,22.94375],[88.85498,22.95913],[88.85955,22.97224],[88.87062,22.97763],[88.86488,22.98647],[88.87218,23.01675],[88.87989,23.02644],[88.88165,23.04061],[88.87421,23.04688],[88.87503,23.06173],[88.86099,23.07745],[88.87459,23.08992],[88.87115,23.10229],[88.88363,23.11122],[88.89977,23.11219],[88.9059,23.12522],[88.91787,23.12922],[88.92076,23.14329],[88.93082,23.14333],[88.93528,23.1725],[88.95618,23.18201],[88.9618,23.19322],[88.97436,23.19296],[88.98714,23.20573],[88.98796,23.21707],[88.97554,23.22457],[88.94222,23.20636],[88.91855,23.21465],[88.91492,23.22896],[88.90678,23.2361],[88.89037,23.2311],[88.89091,23.24533],[88.9074,23.24616],[88.90498,23.25628],[88.91456,23.26232],[88.92118,23.27695],[88.94441,23.28541],[88.96515,23.28921],[88.96752,23.31046],[88.96054,23.32922],[88.97868,23.34123],[89.00464,23.34411],[89.00841,23.34018],[89.03463,23.35222],[89.01707,23.36278],[89.02412,23.37372],[89.04134,23.37196],[89.03972,23.36035],[89.05151,23.35735],[89.0669,23.35978],[89.06954,23.35188],[89.05267,23.33511],[89.06125,23.32873],[89.06486,23.31269],[89.09474,23.30121],[89.1066,23.28597],[89.12711,23.27587],[89.14264,23.27578],[89.14624,23.28669],[89.15957,23.28297],[89.17041,23.2902],[89.19405,23.28985],[89.20723,23.30238],[89.20377,23.31023],[89.22239,23.32371],[89.2429,23.32899],[89.24272,23.33831],[89.25135,23.34494],[89.25074,23.36062],[89.25808,23.3705]]]}},{"type":"Feature","properties":{"district_id":"jhalokati","ADM2_PCODE":"BD1042","source_name":"Jhalokati"},"geometry":{"type":"Polygon","coordinates":[[[90.19049,22.47953],[90.17481,22.45738],[90.17696,22.43838],[90.16719,22.42323],[90.14259,22.40604],[90.12297,22.37902],[90.11654,22.36537],[90.10121,22.35605],[90.09404,22.34522],[90.07975,22.35246],[90.06795,22.34168],[90.05086,22.33691],[90.05581,22.35644],[90.03604,22.37109],[90.019,22.37183],[90.0229,22.39441],[90.03865,22.40181],[90.02907,22.41916],[90.02728,22.44283],[90.05547,22.44169],[90.05622,22.45382],[90.06562,22.46175],[90.07678,22.44021],[90.10071,22.44466],[90.10545,22.45389],[90.12323,22.46794],[90.13399,22.4869],[90.10056,22.49935],[90.08505,22.48786],[90.06454,22.50842],[90.06739,22.52924],[90.06569,22.55276],[90.05594,22.5795],[90.06367,22.59443],[90.07743,22.58781],[90.10053,22.59451],[90.10817,22.60543],[90.10637,22.62112],[90.09656,22.63944],[90.09871,22.65686],[90.13814,22.67356],[90.14295,22.68662],[90.15529,22.70477],[90.15885,22.72026],[90.17946,22.73508],[90.18331,22.7458],[90.17715,22.75268],[90.18111,22.77587],[90.19239,22.78647],[90.21638,22.76161],[90.23103,22.75088],[90.24128,22.75567],[90.25546,22.75245],[90.27049,22.7318],[90.26786,22.71473],[90.27388,22.69006],[90.29057,22.68011],[90.29875,22.68564],[90.32158,22.67076],[90.31518,22.66077],[90.33711,22.65883],[90.35094,22.65122],[90.37278,22.6493],[90.36907,22.63141],[90.35558,22.63669],[90.35366,22.62705],[90.3741,22.61411],[90.38356,22.60458],[90.37831,22.59165],[90.36241,22.60022],[90.35022,22.60022],[90.36345,22.58056],[90.34714,22.57571],[90.33053,22.58316],[90.30882,22.56626],[90.28286,22.56122],[90.28374,22.54888],[90.27005,22.54078],[90.25312,22.52356],[90.23137,22.50812],[90.20962,22.50137],[90.19049,22.47953]]]}},{"type":"Feature","properties":{"district_id":"jhenaidah","ADM2_PCODE":"BD4044","source_name":"Jhenaidah"},"geometry":{"type":"Polygon","coordinates":[[[89.29816,23.73602],[89.31203,23.72901],[89.31149,23.71945],[89.32255,23.71316],[89.32161,23.70299],[89.36649,23.66412],[89.37502,23.66007],[89.35722,23.63908],[89.35262,23.61695],[89.34758,23.61441],[89.3412,23.58837],[89.34515,23.57928],[89.33793,23.56804],[89.32312,23.56515],[89.31395,23.55324],[89.31437,23.54499],[89.30339,23.5272],[89.30699,23.51789],[89.29805,23.49735],[89.30696,23.48234],[89.30308,23.45522],[89.27054,23.42872],[89.25533,23.41296],[89.24596,23.39254],[89.25121,23.37636],[89.25808,23.3705],[89.25074,23.36062],[89.25135,23.34494],[89.24272,23.33831],[89.2429,23.32899],[89.22239,23.32371],[89.20377,23.31023],[89.20723,23.30238],[89.19405,23.28985],[89.17041,23.2902],[89.15957,23.28297],[89.14624,23.28669],[89.14264,23.27578],[89.12711,23.27587],[89.1066,23.28597],[89.09474,23.30121],[89.06486,23.31269],[89.06125,23.32873],[89.05267,23.33511],[89.06954,23.35188],[89.0669,23.35978],[89.05151,23.35735],[89.03972,23.36035],[89.04134,23.37196],[89.02412,23.37372],[89.01707,23.36278],[89.03463,23.35222],[89.00841,23.34018],[89.00464,23.34411],[88.97868,23.34123],[88.96054,23.32922],[88.96752,23.31046],[88.96515,23.28921],[88.94441,23.28541],[88.92118,23.27695],[88.91456,23.26232],[88.90498,23.25628],[88.9074,23.24616],[88.89091,23.24533],[88.89037,23.2311],[88.8563,23.23531],[88.84485,23.23069],[88.83736,23.24358],[88.81002,23.255],[88.8042,23.2188],[88.77873,23.22244],[88.76947,23.24496],[88.7539,23.24026],[88.71881,23.25487],[88.72444,23.2719],[88.71448,23.27526],[88.70641,23.29166],[88.69624,23.30223],[88.71452,23.30594],[88.72728,23.30043],[88.74593,23.30892],[88.74988,23.3209],[88.73577,23.32741],[88.73492,23.33713],[88.744,23.34867],[88.74763,23.36239],[88.7579,23.35987],[88.76481,23.37043],[88.78674,23.38046],[88.79406,23.37003],[88.80652,23.37892],[88.8083,23.38704],[88.82761,23.37727],[88.833,23.38484],[88.85229,23.3753],[88.86128,23.37685],[88.87524,23.39206],[88.87757,23.40672],[88.89513,23.40897],[88.9119,23.4053],[88.92111,23.41278],[88.93366,23.41271],[88.9356,23.43332],[88.9458,23.43806],[88.9304,23.448],[88.92964,23.46196],[88.94531,23.48315],[88.94312,23.50157],[88.94693,23.51187],[88.93386,23.53223],[88.94673,23.55175],[88.97639,23.55744],[88.98763,23.57075],[88.98283,23.57628],[88.98923,23.58859],[89.00373,23.60384],[89.01193,23.65599],[89.00608,23.66884],[89.00689,23.6915],[89.01065,23.70658],[89.01726,23.70874],[89.02479,23.69558],[89.03772,23.69227],[89.05172,23.71528],[89.07452,23.72583],[89.065,23.7338],[89.05171,23.76171],[89.06055,23.77046],[89.06833,23.75789],[89.08226,23.75834],[89.08369,23.74375],[89.0951,23.74079],[89.0968,23.72779],[89.11639,23.73415],[89.12095,23.71282],[89.14076,23.72523],[89.15806,23.72232],[89.15878,23.73561],[89.16733,23.73666],[89.18409,23.74917],[89.19651,23.74398],[89.21566,23.75966],[89.23191,23.7563],[89.25122,23.76365],[89.26478,23.74459],[89.28195,23.73693],[89.29816,23.73602]]]}},{"type":"Feature","properties":{"district_id":"joypurhat","ADM2_PCODE":"BD5038","source_name":"Joypurhat"},"geometry":{"type":"Polygon","coordinates":[[[89.20461,25.22846],[89.1946,25.21692],[89.19415,25.20007],[89.18395,25.18724],[89.19619,25.18084],[89.19781,25.17083],[89.21006,25.16768],[89.21964,25.15601],[89.21764,25.1449],[89.2313,25.14443],[89.23753,25.12922],[89.24935,25.11308],[89.25158,25.0974],[89.28009,25.08763],[89.26985,25.08331],[89.25443,25.06773],[89.24644,25.06515],[89.25098,25.05196],[89.24461,25.04835],[89.24291,25.02976],[89.23237,25.01961],[89.21809,25.02419],[89.2037,25.00383],[89.19057,24.99541],[89.1916,24.98444],[89.18169,24.97288],[89.18713,24.96221],[89.18624,24.9422],[89.17454,24.9531],[89.15675,24.95062],[89.12195,24.94979],[89.12751,24.96237],[89.10331,24.97088],[89.09113,24.95426],[89.08499,24.93416],[89.09354,24.91312],[89.09786,24.8912],[89.08826,24.88807],[89.07736,24.86881],[89.06798,24.87107],[89.0391,24.86249],[89.03601,24.85666],[88.99003,24.85944],[88.99449,24.86834],[88.99091,24.87882],[88.99986,24.88463],[89.00752,24.89921],[88.9998,24.91187],[89.00376,24.93866],[88.99945,24.95375],[89.00403,24.95954],[89.00285,24.97816],[89.01302,24.98854],[89.00824,24.99851],[89.0187,25.02624],[89.00946,25.0334],[89.01653,25.04729],[89.00877,25.05047],[88.98569,25.04869],[88.97831,25.0529],[88.95329,25.05519],[88.95205,25.03579],[88.94302,25.03957],[88.94564,25.05149],[88.93108,25.0731],[88.94154,25.0984],[88.93654,25.11948],[88.92182,25.13038],[88.92832,25.14232],[88.92294,25.14873],[88.92302,25.16501],[88.93328,25.18135],[88.94322,25.17358],[88.94959,25.18129],[88.94358,25.20649],[88.95458,25.20672],[88.95773,25.22324],[88.95059,25.24407],[88.95897,25.25445],[88.98676,25.27457],[89.00783,25.26766],[89.02144,25.26777],[89.02886,25.27659],[89.05095,25.26548],[89.06447,25.26263],[89.0701,25.26978],[89.09051,25.25064],[89.09595,25.2411],[89.11671,25.2464],[89.14023,25.24673],[89.15025,25.25626],[89.16751,25.24041],[89.20461,25.22846]]]}},{"type":"Feature","properties":{"district_id":"khagrachhari","ADM2_PCODE":"BD2046","source_name":"Khagrachhari"},"geometry":{"type":"Polygon","coordinates":[[[91.7847,23.23388],[91.77619,23.24412],[91.77614,23.26763],[91.76508,23.27257],[91.76057,23.29131],[91.76249,23.30252],[91.78318,23.32448],[91.79168,23.32654],[91.81851,23.35051],[91.82586,23.36279],[91.83762,23.37091],[91.84504,23.40477],[91.86033,23.40627],[91.87402,23.41927],[91.89519,23.43152],[91.89964,23.44072],[91.924,23.43376],[91.94313,23.43711],[91.93789,23.45922],[91.95819,23.47966],[91.97023,23.4825],[91.97097,23.50266],[91.96617,23.51519],[91.95623,23.52584],[91.96451,23.53537],[91.95678,23.55132],[91.95942,23.56408],[91.95179,23.60067],[91.95404,23.60977],[91.94218,23.63495],[91.94649,23.64608],[91.94073,23.65396],[91.94041,23.67025],[91.93395,23.68444],[91.94044,23.69306],[91.95077,23.69465],[91.94812,23.71392],[91.95037,23.72622],[91.95959,23.73496],[91.97803,23.73133],[91.99996,23.67133],[92.00892,23.66348],[92.0296,23.65846],[92.0403,23.64879],[92.0617,23.64551],[92.07379,23.64759],[92.08195,23.63333],[92.10418,23.58552],[92.11565,23.55599],[92.12331,23.52914],[92.13697,23.43043],[92.12407,23.41606],[92.08546,23.39403],[92.04929,23.36529],[92.07263,23.35231],[92.12476,23.31942],[92.12634,23.26944],[92.13017,23.22447],[92.13776,23.1926],[92.14816,23.17308],[92.15237,23.15625],[92.18108,23.10195],[92.17256,23.09681],[92.14255,23.08926],[92.13631,23.09489],[92.11402,23.07973],[92.07174,23.07269],[92.08982,23.03265],[92.10424,23.00465],[92.11831,22.95861],[92.07894,22.93956],[92.06911,22.93258],[92.06165,22.91792],[92.05966,22.9047],[92.04913,22.88988],[92.03707,22.88359],[92.01887,22.88401],[92.00018,22.84174],[91.98128,22.83494],[91.97812,22.82865],[91.9746,22.79643],[91.97759,22.78115],[91.99644,22.7426],[92.00141,22.72681],[91.99424,22.72055],[91.96664,22.71779],[91.96267,22.69116],[91.92755,22.68871],[91.92394,22.69923],[91.90822,22.69895],[91.89774,22.69233],[91.8833,22.69724],[91.87692,22.71596],[91.88695,22.76583],[91.87819,22.76812],[91.86027,22.7596],[91.85984,22.77015],[91.84604,22.7732],[91.81849,22.79284],[91.8068,22.79132],[91.80278,22.77943],[91.78839,22.77791],[91.77522,22.79477],[91.76389,22.82192],[91.76506,22.83108],[91.7554,22.8436],[91.75415,22.86295],[91.74632,22.87139],[91.73413,22.87108],[91.71642,22.88694],[91.72254,22.90314],[91.72089,22.9144],[91.72494,22.93474],[91.73054,22.93961],[91.71722,22.96951],[91.71311,22.98869],[91.726,22.99903],[91.74384,23.00659],[91.76093,23.02952],[91.77436,23.03864],[91.78384,23.03726],[91.77446,23.06972],[91.79366,23.06918],[91.79514,23.06227],[91.81811,23.07381],[91.82986,23.09171],[91.81717,23.10115],[91.8129,23.11929],[91.81406,23.1456],[91.80603,23.15758],[91.80517,23.18068],[91.79692,23.18483],[91.79787,23.19576],[91.78882,23.2046],[91.79162,23.22368],[91.7847,23.23388]]]}},{"type":"Feature","properties":{"district_id":"khulna","ADM2_PCODE":"BD4047","source_name":"Khulna"},"geometry":{"type":"MultiPolygon","coordinates":[[[[89.34011,21.69628],[89.33035,21.70139],[89.33752,21.71832],[89.34871,21.70295],[89.34011,21.69628]]],[[[89.3842,21.87287],[89.3867,21.87157],[89.39368,21.87427],[89.39753,21.8684],[89.39182,21.86566],[89.39151,21.86014],[89.40113,21.85004],[89.42214,21.84617],[89.45014,21.84696],[89.45737,21.83001],[89.47333,21.80779],[89.47402,21.79345],[89.4538,21.76508],[89.42651,21.74418],[89.4261,21.73549],[89.41041,21.72453],[89.39469,21.7218],[89.38349,21.72711],[89.36369,21.74487],[89.36007,21.75179],[89.35489,21.7969],[89.34866,21.80386],[89.35993,21.82621],[89.36473,21.84698],[89.37876,21.8695],[89.3842,21.87287]]],[[[89.3358,21.78955],[89.33277,21.79078],[89.30925,21.843],[89.31096,21.85271],[89.34328,21.8701],[89.35678,21.88038],[89.3654,21.87626],[89.35572,21.8603],[89.35025,21.83432],[89.33763,21.81802],[89.33426,21.80546],[89.3358,21.78955]]],[[[89.40363,21.92172],[89.40253,21.91411],[89.42501,21.8867],[89.44572,21.87731],[89.4456,21.86903],[89.42395,21.86518],[89.41824,21.85833],[89.42094,21.84747],[89.40514,21.84949],[89.39221,21.86053],[89.39756,21.86705],[89.3985,21.8688],[89.39714,21.8738],[89.3948,21.87538],[89.38808,21.87294],[89.38597,21.87868],[89.38202,21.87896],[89.38497,21.90916],[89.38156,21.92181],[89.40363,21.92172]]],[[[89.41545,21.98614],[89.41832,21.96526],[89.43265,21.94471],[89.45634,21.9347],[89.44527,21.91554],[89.45185,21.9028],[89.4707,21.90282],[89.46524,21.87484],[89.46772,21.85754],[89.44902,21.85102],[89.42224,21.85084],[89.42127,21.86145],[89.44573,21.86736],[89.45144,21.8746],[89.42205,21.89147],[89.40337,21.91593],[89.40959,21.92908],[89.40152,21.93205],[89.39693,21.94475],[89.37682,21.95146],[89.40025,21.96283],[89.40363,21.97016],[89.40102,21.98076],[89.41545,21.98614]]],[[[89.48897,21.99797],[89.49524,21.97939],[89.50839,21.95696],[89.50879,21.9279],[89.50339,21.91287],[89.48519,21.9087],[89.45245,21.90951],[89.46244,21.92962],[89.4556,21.94399],[89.43756,21.95004],[89.42187,21.9715],[89.43906,21.99231],[89.43307,22.02254],[89.43087,22.04781],[89.44226,22.0624],[89.45684,22.04924],[89.47116,22.04631],[89.47347,22.02922],[89.48698,22.00939],[89.48897,21.99797]]],[[[89.39016,22.05571],[89.40184,22.0545],[89.41301,22.0443],[89.4152,22.03729],[89.42694,22.02708],[89.43261,21.98845],[89.4078,21.98835],[89.39813,21.98243],[89.40232,21.96891],[89.38999,21.96044],[89.37654,21.9621],[89.37552,21.94985],[89.3929,21.94409],[89.38553,21.92327],[89.36259,21.95965],[89.36428,21.97056],[89.35594,22.00473],[89.35366,22.03224],[89.36771,22.04653],[89.37663,22.06347],[89.39016,22.05571]]],[[[89.49581,22.03014],[89.47963,22.04245],[89.47956,22.05163],[89.49664,22.05955],[89.5139,22.07419],[89.51602,22.05759],[89.49581,22.03014]]],[[[89.47301,22.04884],[89.45387,22.05272],[89.44422,22.06414],[89.4512,22.07122],[89.47266,22.07741],[89.48921,22.09064],[89.50457,22.0867],[89.5134,22.07802],[89.47301,22.04884]]],[[[89.30728,22.10713],[89.31823,22.10525],[89.32191,22.08841],[89.339,22.06708],[89.32818,22.06035],[89.30699,22.07699],[89.30735,22.09118],[89.28844,22.09922],[89.26832,22.0907],[89.27709,22.11273],[89.30728,22.10713]]],[[[89.50664,22.09226],[89.48665,22.09528],[89.47183,22.1219],[89.4712,22.13888],[89.48393,22.14342],[89.49617,22.12998],[89.50161,22.10249],[89.50664,22.09226]]],[[[89.44311,22.15988],[89.46281,22.1431],[89.4581,22.12561],[89.46063,22.11724],[89.48505,22.08903],[89.46465,22.07873],[89.44856,22.07499],[89.43056,22.05759],[89.42608,22.04323],[89.4173,22.03677],[89.41063,22.04964],[89.40335,22.05498],[89.39039,22.05703],[89.37719,22.06613],[89.38927,22.07692],[89.39093,22.09249],[89.38373,22.10174],[89.3854,22.11864],[89.40771,22.12678],[89.41162,22.13723],[89.40815,22.14943],[89.41717,22.15893],[89.43503,22.1632],[89.44311,22.15988]]],[[[89.33342,22.12442],[89.34929,22.13217],[89.34856,22.11308],[89.36014,22.10797],[89.36977,22.09546],[89.38399,22.09147],[89.38079,22.0822],[89.36545,22.06306],[89.36347,22.05306],[89.34485,22.03691],[89.34197,22.01902],[89.34956,21.9831],[89.34551,21.9728],[89.32965,21.98724],[89.30192,22.04155],[89.28973,22.06032],[89.30487,22.07195],[89.3293,22.05581],[89.34063,22.05489],[89.34455,22.06435],[89.32503,22.08993],[89.31834,22.10846],[89.28063,22.11472],[89.27816,22.11929],[89.29117,22.15285],[89.30487,22.16105],[89.31886,22.17542],[89.33182,22.18177],[89.3356,22.14845],[89.32677,22.14001],[89.33342,22.12442]]],[[[89.45747,22.22391],[89.45911,22.19667],[89.4724,22.16453],[89.4622,22.14823],[89.44627,22.16273],[89.4331,22.16636],[89.41791,22.18333],[89.41254,22.19752],[89.40434,22.20681],[89.40156,22.22192],[89.41189,22.22006],[89.4187,22.22486],[89.42018,22.22788],[89.41931,22.23211],[89.43615,22.23571],[89.4571,22.24632],[89.46143,22.24343],[89.45747,22.22391]]],[[[89.45741,22.25153],[89.44443,22.24918],[89.41979,22.23647],[89.4148,22.24094],[89.41909,22.25593],[89.43283,22.27387],[89.43007,22.28963],[89.40975,22.30432],[89.42465,22.32422],[89.42413,22.34663],[89.44876,22.32313],[89.46579,22.29058],[89.4789,22.27254],[89.45741,22.25153]]],[[[89.56055,22.98385],[89.56772,22.99139],[89.58693,22.98545],[89.58467,22.9777],[89.60557,22.95766],[89.61664,22.96409],[89.63099,22.9617],[89.65004,22.96866],[89.65083,22.98317],[89.67034,22.97646],[89.67683,22.96751],[89.68904,22.97669],[89.70989,22.97127],[89.73461,22.9729],[89.74916,22.96391],[89.75112,22.94568],[89.7297,22.92386],[89.73636,22.9134],[89.72141,22.90291],[89.70873,22.88206],[89.69527,22.87398],[89.69899,22.86464],[89.71141,22.85802],[89.71769,22.84859],[89.71152,22.82613],[89.675,22.81117],[89.67705,22.7979],[89.66588,22.79539],[89.66106,22.77623],[89.65506,22.77289],[89.65725,22.75837],[89.64716,22.75288],[89.64427,22.77404],[89.63577,22.76645],[89.61125,22.77398],[89.60821,22.75201],[89.59871,22.73855],[89.59761,22.72077],[89.59154,22.70913],[89.6031,22.70323],[89.5702,22.69165],[89.58002,22.67316],[89.57469,22.66965],[89.55828,22.67926],[89.54909,22.66137],[89.55261,22.64236],[89.53698,22.62538],[89.53237,22.6091],[89.53606,22.59881],[89.56762,22.55605],[89.58206,22.51517],[89.58761,22.47897],[89.59605,22.44993],[89.60262,22.44695],[89.60553,22.4318],[89.62262,22.40678],[89.62681,22.39142],[89.62882,22.36591],[89.61962,22.36306],[89.62396,22.34187],[89.60624,22.30819],[89.5864,22.28858],[89.57919,22.25965],[89.58644,22.24431],[89.57711,22.24143],[89.54768,22.21405],[89.54155,22.20252],[89.5452,22.18597],[89.56188,22.16435],[89.58041,22.13529],[89.5839,22.12319],[89.57612,22.09814],[89.56066,22.07242],[89.54803,22.03921],[89.54158,22.00983],[89.53217,21.9948],[89.51018,22.01663],[89.52383,22.03792],[89.53337,22.05881],[89.53569,22.07953],[89.53322,22.08844],[89.5164,22.10339],[89.51336,22.12368],[89.48972,22.19524],[89.47607,22.23279],[89.49477,22.26597],[89.48814,22.285],[89.47628,22.29943],[89.47045,22.31264],[89.43361,22.35712],[89.44785,22.3787],[89.44765,22.40002],[89.43501,22.41055],[89.42768,22.40005],[89.43876,22.38594],[89.42378,22.3623],[89.42079,22.32421],[89.40688,22.31098],[89.41161,22.29388],[89.42641,22.28444],[89.42398,22.27057],[89.412,22.25842],[89.40894,22.24138],[89.41157,22.23537],[89.41687,22.23144],[89.41905,22.22672],[89.41341,22.22463],[89.41052,22.2204],[89.40146,22.22415],[89.39338,22.22268],[89.40218,22.209],[89.39134,22.20326],[89.41222,22.19348],[89.41429,22.1844],[89.42889,22.16684],[89.41578,22.16154],[89.40618,22.15215],[89.40492,22.12944],[89.38668,22.12359],[89.3795,22.11484],[89.37993,22.10047],[89.36938,22.1002],[89.36217,22.11193],[89.35082,22.11841],[89.35451,22.13242],[89.34542,22.13655],[89.34033,22.14911],[89.33742,22.17884],[89.32567,22.18879],[89.33429,22.19807],[89.33173,22.21175],[89.3135,22.20998],[89.30569,22.21446],[89.31133,22.22976],[89.29281,22.25336],[89.29534,22.26131],[89.3097,22.27273],[89.31391,22.28457],[89.28084,22.2882],[89.27565,22.30979],[89.25102,22.3394],[89.26758,22.34244],[89.2731,22.34788],[89.26392,22.378],[89.24824,22.37017],[89.24019,22.37478],[89.25433,22.39501],[89.25314,22.406],[89.24306,22.42155],[89.24129,22.43733],[89.24789,22.45043],[89.25887,22.45559],[89.26164,22.4679],[89.28411,22.47496],[89.28156,22.48042],[89.26189,22.49023],[89.25461,22.49787],[89.24864,22.52792],[89.23419,22.55177],[89.24118,22.5668],[89.25564,22.57035],[89.26181,22.57904],[89.26509,22.59879],[89.26215,22.60442],[89.24327,22.61015],[89.24512,22.61808],[89.2568,22.62642],[89.24319,22.63787],[89.25065,22.65649],[89.25946,22.65828],[89.26592,22.64435],[89.26395,22.63162],[89.27164,22.62581],[89.28072,22.63567],[89.30164,22.64678],[89.29461,22.65377],[89.26335,22.66768],[89.25968,22.69365],[89.26762,22.70142],[89.28831,22.69557],[89.29798,22.68435],[89.30534,22.68557],[89.30448,22.70392],[89.30977,22.7172],[89.32031,22.71386],[89.33165,22.72863],[89.31064,22.75016],[89.31014,22.76221],[89.29895,22.7718],[89.29658,22.78783],[89.28979,22.79484],[89.27029,22.79097],[89.26367,22.81367],[89.25513,22.80936],[89.24562,22.81601],[89.25636,22.83134],[89.24674,22.83564],[89.25106,22.84591],[89.26562,22.84143],[89.26709,22.85107],[89.29618,22.85419],[89.29628,22.8428],[89.32859,22.83813],[89.32855,22.82731],[89.35273,22.83462],[89.35079,22.85377],[89.34527,22.86688],[89.35644,22.87944],[89.34091,22.92005],[89.36388,22.92414],[89.37289,22.93487],[89.39249,22.93258],[89.4063,22.95679],[89.42698,22.96191],[89.43016,22.99502],[89.43943,23.00798],[89.4559,23.00997],[89.47801,22.97668],[89.48198,22.95395],[89.4873,22.94698],[89.51219,22.92786],[89.52268,22.94309],[89.5449,22.95155],[89.56278,22.97066],[89.56055,22.98385]]]]}},{"type":"Feature","properties":{"district_id":"kishoreganj","ADM2_PCODE":"BD3048","source_name":"Kishoreganj"},"geometry":{"type":"Polygon","coordinates":[[[91.19521,24.63114],[91.18197,24.62989],[91.17915,24.61629],[91.20002,24.60941],[91.20584,24.57722],[91.22604,24.57519],[91.23396,24.56896],[91.21319,24.52344],[91.19098,24.50076],[91.17957,24.4941],[91.1693,24.50073],[91.15248,24.48489],[91.19164,24.48175],[91.1841,24.47144],[91.19899,24.46659],[91.20532,24.48094],[91.22094,24.48501],[91.22802,24.48062],[91.23714,24.46039],[91.23786,24.44154],[91.22999,24.43312],[91.21711,24.43248],[91.21994,24.41948],[91.2152,24.4089],[91.23723,24.40692],[91.24203,24.39442],[91.25447,24.38247],[91.2412,24.37854],[91.23023,24.36586],[91.21483,24.35798],[91.23408,24.33346],[91.23377,24.31544],[91.19657,24.32189],[91.17932,24.3218],[91.17018,24.31514],[91.15977,24.2933],[91.15896,24.28395],[91.18459,24.29265],[91.19598,24.29315],[91.19331,24.28017],[91.17356,24.2652],[91.15359,24.25665],[91.14619,24.24764],[91.13114,24.24259],[91.0851,24.24112],[91.07912,24.22733],[91.09027,24.21932],[91.08671,24.21153],[91.06537,24.21597],[91.03784,24.21017],[91.02451,24.18929],[91.00874,24.17379],[90.99189,24.1647],[90.98514,24.15257],[91.00947,24.12879],[91.03352,24.11833],[91.04423,24.10993],[91.05365,24.09289],[91.05134,24.07913],[91.04157,24.06592],[91.00851,24.0499],[90.98599,24.0306],[90.96674,24.03206],[90.95961,24.03814],[90.9681,24.05724],[90.95504,24.06593],[90.94734,24.08133],[90.93682,24.08345],[90.92402,24.07554],[90.9065,24.07807],[90.89112,24.0964],[90.87119,24.10411],[90.85695,24.10552],[90.84603,24.11161],[90.84852,24.12049],[90.8642,24.12523],[90.87099,24.13999],[90.84983,24.14104],[90.82515,24.1571],[90.81981,24.17316],[90.80901,24.18523],[90.78615,24.19305],[90.79319,24.21985],[90.78331,24.22663],[90.78155,24.24267],[90.77021,24.25076],[90.75331,24.25172],[90.73308,24.23846],[90.70793,24.23678],[90.68295,24.24435],[90.65639,24.25114],[90.64929,24.25799],[90.651,24.26919],[90.6431,24.2796],[90.64114,24.30575],[90.62308,24.338],[90.63193,24.35846],[90.64016,24.39168],[90.64629,24.40531],[90.64585,24.41672],[90.63032,24.4364],[90.61853,24.43748],[90.58744,24.44807],[90.57889,24.45858],[90.57458,24.48182],[90.58824,24.49691],[90.60285,24.49892],[90.6167,24.49408],[90.63633,24.47591],[90.65842,24.47344],[90.66324,24.46703],[90.68014,24.46788],[90.68251,24.50282],[90.70447,24.51698],[90.70448,24.50086],[90.71649,24.489],[90.71697,24.47922],[90.72958,24.47669],[90.74218,24.49876],[90.75857,24.51101],[90.79369,24.50779],[90.79237,24.51804],[90.80521,24.53122],[90.8017,24.53788],[90.81517,24.56059],[90.81997,24.58802],[90.83715,24.58162],[90.85048,24.59667],[90.88,24.59247],[90.89018,24.60042],[90.90632,24.59492],[90.91481,24.59997],[90.91632,24.61373],[90.9284,24.61553],[90.93972,24.60178],[90.95002,24.60188],[90.96367,24.61132],[90.9773,24.59959],[91.0178,24.60313],[91.02731,24.62879],[91.04133,24.62436],[91.03672,24.61197],[91.0736,24.61883],[91.08394,24.60859],[91.09965,24.59987],[91.1039,24.60647],[91.12886,24.61003],[91.13468,24.6221],[91.12732,24.62916],[91.13035,24.64215],[91.14129,24.63507],[91.15434,24.63896],[91.1624,24.6322],[91.17205,24.64073],[91.19521,24.63114]]]}},{"type":"Feature","properties":{"district_id":"kurigram","ADM2_PCODE":"BD5549","source_name":"Kurigram"},"geometry":{"type":"MultiPolygon","coordinates":[[[[89.60389,26.19245],[89.60708,26.17613],[89.58898,26.17577],[89.58946,26.18837],[89.60389,26.19245]]],[[[89.60406,26.12591],[89.5965,26.1353],[89.59834,26.15053],[89.61029,26.15395],[89.61278,26.17799],[89.63699,26.17891],[89.63837,26.16697],[89.65862,26.17654],[89.64365,26.18289],[89.64994,26.1903],[89.63942,26.19983],[89.6338,26.23035],[89.6504,26.22108],[89.67184,26.21995],[89.68032,26.21037],[89.68442,26.18786],[89.6978,26.17001],[89.69497,26.15963],[89.70989,26.15631],[89.73741,26.15921],[89.7476,26.15744],[89.75504,26.13944],[89.76306,26.13716],[89.76531,26.12512],[89.7554,26.11391],[89.7697,26.10486],[89.78412,26.1054],[89.78156,26.08739],[89.79514,26.08454],[89.79872,26.05966],[89.7846,26.056],[89.78272,26.04527],[89.81138,26.0409],[89.81922,26.02591],[89.82122,26.012],[89.8174,25.99149],[89.83589,25.98253],[89.83087,26.00197],[89.8442,26.00608],[89.85076,25.98977],[89.86703,25.98265],[89.87176,25.97416],[89.8552,25.96885],[89.84187,25.97074],[89.84714,25.95682],[89.83262,25.95487],[89.82535,25.94557],[89.84942,25.94309],[89.87693,25.94699],[89.88701,25.94533],[89.87853,25.92434],[89.8482,25.89211],[89.83251,25.87071],[89.83523,25.84083],[89.81731,25.81783],[89.82579,25.81123],[89.84127,25.75909],[89.82902,25.74251],[89.82733,25.72995],[89.8343,25.71649],[89.84918,25.71523],[89.84658,25.69586],[89.85844,25.67986],[89.86248,25.66718],[89.87103,25.66265],[89.88097,25.6318],[89.88242,25.61731],[89.87326,25.58801],[89.87275,25.56941],[89.86721,25.56229],[89.86383,25.54381],[89.85122,25.53872],[89.86018,25.51772],[89.85505,25.4973],[89.84983,25.4938],[89.85212,25.46595],[89.83267,25.43887],[89.82562,25.41522],[89.79934,25.41978],[89.78671,25.42834],[89.77335,25.42647],[89.78419,25.40692],[89.78027,25.38796],[89.77181,25.38192],[89.74869,25.3791],[89.74442,25.37399],[89.74787,25.38631],[89.73986,25.39745],[89.70165,25.39024],[89.7015,25.41163],[89.69373,25.42332],[89.70608,25.45953],[89.70521,25.4692],[89.68255,25.46729],[89.68427,25.47538],[89.67136,25.48472],[89.67769,25.49343],[89.69387,25.49247],[89.6947,25.50467],[89.68335,25.51141],[89.68393,25.52273],[89.69098,25.5378],[89.67532,25.53499],[89.64535,25.54748],[89.63431,25.55985],[89.61673,25.56893],[89.60556,25.56819],[89.59089,25.55635],[89.58507,25.55799],[89.56538,25.58479],[89.55183,25.5848],[89.53599,25.59093],[89.53754,25.60094],[89.5489,25.62672],[89.53589,25.64899],[89.52092,25.64549],[89.51432,25.6584],[89.51964,25.68017],[89.50825,25.7173],[89.49421,25.71267],[89.48648,25.72268],[89.49781,25.72984],[89.4991,25.7482],[89.48194,25.75275],[89.47968,25.76289],[89.46294,25.78617],[89.45919,25.78638],[89.46282,25.82292],[89.47471,25.82672],[89.48815,25.8199],[89.48862,25.81324],[89.50702,25.80515],[89.53201,25.81533],[89.53575,25.82392],[89.53217,25.85282],[89.5327,25.86849],[89.55242,25.86175],[89.55362,25.87487],[89.56029,25.88723],[89.54631,25.88863],[89.5334,25.9002],[89.52941,25.9154],[89.51909,25.91579],[89.50975,25.93342],[89.51064,25.94535],[89.49733,25.95344],[89.49486,25.9646],[89.48212,25.96175],[89.47298,25.97486],[89.48124,25.99754],[89.49077,26.00431],[89.50907,26.00208],[89.52116,26.00867],[89.54083,26.00601],[89.53601,25.98569],[89.54088,25.96963],[89.57783,25.96938],[89.58669,25.98097],[89.57842,26.02216],[89.58658,26.03506],[89.59828,26.04446],[89.61935,26.05352],[89.63172,26.06303],[89.63734,26.08975],[89.63014,26.10695],[89.61465,26.09458],[89.59999,26.10355],[89.62743,26.1141],[89.62945,26.12425],[89.60406,26.12591]]]]}},{"type":"Feature","properties":{"district_id":"kushtia","ADM2_PCODE":"BD4050","source_name":"Kushtia"},"geometry":{"type":"Polygon","coordinates":[[[88.86071,24.11183],[88.88113,24.11523],[88.88514,24.10181],[88.9114,24.11289],[88.93846,24.13174],[88.94991,24.1251],[88.98933,24.12179],[89.00668,24.11812],[89.02549,24.09361],[89.03089,24.07149],[89.04813,24.01962],[89.06263,23.99162],[89.07276,23.97788],[89.0962,23.97253],[89.0993,23.95987],[89.12489,23.96242],[89.14828,23.95056],[89.17026,23.95107],[89.17936,23.96208],[89.17777,23.98742],[89.21628,23.98849],[89.21594,23.97268],[89.237,23.97289],[89.2354,23.94971],[89.24052,23.93921],[89.25133,23.93375],[89.25284,23.9228],[89.26236,23.90979],[89.25862,23.88474],[89.2691,23.88097],[89.27351,23.90133],[89.30387,23.88878],[89.31203,23.87438],[89.35535,23.88594],[89.36077,23.88278],[89.35243,23.86233],[89.35133,23.84113],[89.33646,23.82875],[89.33686,23.81909],[89.32964,23.80428],[89.3302,23.77854],[89.31107,23.77616],[89.32199,23.76601],[89.31503,23.74749],[89.29816,23.73602],[89.28195,23.73693],[89.26478,23.74459],[89.25122,23.76365],[89.23191,23.7563],[89.21566,23.75966],[89.19651,23.74398],[89.18409,23.74917],[89.16733,23.73666],[89.15878,23.73561],[89.15806,23.72232],[89.14076,23.72523],[89.12095,23.71282],[89.11639,23.73415],[89.0968,23.72779],[89.0951,23.74079],[89.08369,23.74375],[89.08226,23.75834],[89.06833,23.75789],[89.06055,23.77046],[89.05171,23.76171],[89.065,23.7338],[89.07452,23.72583],[89.05172,23.71528],[89.03772,23.69227],[89.02479,23.69558],[89.01726,23.70874],[89.00744,23.72342],[89.00592,23.74829],[88.98955,23.75231],[89.00221,23.77502],[88.99964,23.78199],[88.97666,23.78901],[88.97579,23.79916],[88.95785,23.80897],[88.9478,23.80125],[88.93818,23.80411],[88.92975,23.79132],[88.9098,23.78478],[88.92109,23.82083],[88.90322,23.83975],[88.89143,23.82744],[88.87304,23.83365],[88.85896,23.83266],[88.86462,23.85384],[88.88205,23.86645],[88.87768,23.87894],[88.85357,23.87046],[88.85872,23.88267],[88.87448,23.89237],[88.87318,23.90926],[88.86448,23.92239],[88.84271,23.93766],[88.82693,23.93788],[88.81569,23.92771],[88.81067,23.94587],[88.80954,23.96705],[88.80007,23.97634],[88.79077,23.97545],[88.7809,23.96256],[88.76795,23.957],[88.7583,23.96987],[88.73448,23.96299],[88.73964,23.98463],[88.76898,23.98425],[88.75719,24.00668],[88.74595,24.0058],[88.73736,23.99648],[88.72846,23.99887],[88.73402,24.01993],[88.74217,24.03343],[88.73954,24.04574],[88.72833,24.05733],[88.72341,24.07192],[88.7277,24.10092],[88.71717,24.1035],[88.70362,24.09421],[88.69714,24.12047],[88.7085,24.12009],[88.74639,24.14717],[88.74033,24.16339],[88.73154,24.17172],[88.73342,24.19388],[88.73822,24.19359],[88.75722,24.16182],[88.78455,24.13498],[88.80709,24.12407],[88.8195,24.12113],[88.84372,24.12588],[88.86071,24.11183]]]}},{"type":"Feature","properties":{"district_id":"lakshmipur","ADM2_PCODE":"BD2051","source_name":"Lakshmipur"},"geometry":{"type":"MultiPolygon","coordinates":[[[[90.97645,22.52198],[90.93211,22.49702],[90.89375,22.56028],[90.92236,22.55249],[90.95111,22.54726],[90.97645,22.52198]]],[[[90.77036,22.80937],[90.7518,22.83143],[90.76091,22.83617],[90.77261,22.83049],[90.77036,22.80937]]],[[[90.65634,22.84481],[90.64386,22.83671],[90.65142,22.8481],[90.65634,22.84481]]],[[[90.75565,22.86983],[90.76633,22.84333],[90.75072,22.83478],[90.73743,22.8602],[90.74405,22.86989],[90.75565,22.86983]]],[[[90.74941,22.87219],[90.73396,22.86686],[90.74011,22.88709],[90.74941,22.87219]]],[[[90.96185,23.13104],[90.95374,23.11362],[90.94145,23.1011],[90.94421,23.08729],[90.91603,23.07247],[90.90006,23.0725],[90.9008,23.06189],[90.91881,23.0419],[90.89707,23.03858],[90.88668,23.02563],[90.89761,23.01189],[90.91961,23.01292],[90.93715,22.98997],[90.95463,22.99269],[90.96601,22.97937],[90.99732,22.97832],[90.99933,22.94908],[90.98893,22.93969],[90.98907,22.92526],[90.98131,22.91619],[90.98746,22.90005],[90.98152,22.89219],[90.98589,22.87706],[90.97305,22.8677],[90.94292,22.86223],[90.94511,22.84519],[90.92668,22.81393],[90.91198,22.81581],[90.89345,22.80924],[90.94924,22.7782],[90.9813,22.75398],[90.98083,22.7154],[91.00946,22.70575],[91.01687,22.68599],[91.01613,22.67765],[91.00106,22.66574],[90.98848,22.63998],[91.00347,22.62359],[91.01443,22.59912],[91.01741,22.56818],[90.98593,22.58678],[90.97206,22.60073],[90.94543,22.61489],[90.92033,22.63684],[90.90245,22.64779],[90.88309,22.66405],[90.85073,22.67001],[90.82413,22.70098],[90.79583,22.74735],[90.77976,22.78075],[90.77883,22.7939],[90.78313,22.81128],[90.78263,22.83169],[90.76819,22.84959],[90.76029,22.87118],[90.74085,22.89279],[90.71967,22.93046],[90.71851,22.91579],[90.73469,22.89243],[90.73077,22.88232],[90.72137,22.88009],[90.70937,22.89753],[90.66895,22.96457],[90.64934,22.97689],[90.64655,22.98437],[90.66284,23.00762],[90.66036,23.02053],[90.66671,23.03368],[90.6624,23.05049],[90.68843,23.06332],[90.70673,23.05815],[90.7316,23.04225],[90.74902,23.05885],[90.75205,23.06755],[90.76963,23.07719],[90.792,23.07815],[90.79012,23.08488],[90.79739,23.11928],[90.81701,23.12404],[90.82134,23.13346],[90.8363,23.13815],[90.84904,23.15153],[90.84928,23.16646],[90.87926,23.17386],[90.89294,23.17099],[90.91211,23.14781],[90.93501,23.14381],[90.95552,23.14593],[90.96185,23.13104]]]]}},{"type":"Feature","properties":{"district_id":"lalmonirhat","ADM2_PCODE":"BD5552","source_name":"Lalmonirhat"},"geometry":{"type":"MultiPolygon","coordinates":[[[[89.40217,26.0935],[89.41989,26.08868],[89.41614,26.07691],[89.39421,26.0873],[89.40217,26.0935]]],[[[89.14201,26.26953],[89.1703,26.26384],[89.16634,26.2512],[89.17048,26.2399],[89.15406,26.23679],[89.13775,26.25136],[89.13343,26.26252],[89.14201,26.26953]]],[[[88.9278,26.33549],[88.9384,26.33502],[88.96084,26.29504],[88.98481,26.29668],[88.98151,26.28306],[88.95446,26.27472],[88.94179,26.28684],[88.92365,26.29606],[88.93071,26.30742],[88.91812,26.32566],[88.9278,26.33549]]],[[[89.21704,26.12637],[89.2268,26.12319],[89.25161,26.0986],[89.26135,26.08588],[89.25435,26.06421],[89.281,26.05861],[89.27851,26.04865],[89.30615,26.04661],[89.33661,26.02653],[89.34099,26.0155],[89.35711,26.00799],[89.38162,26.01092],[89.39376,26.00873],[89.39351,26.02299],[89.40313,26.02767],[89.40739,26.04161],[89.42583,26.04433],[89.4339,26.03053],[89.42742,26.01324],[89.44521,26.00855],[89.46159,25.99846],[89.48124,25.99754],[89.47298,25.97486],[89.48212,25.96175],[89.49486,25.9646],[89.49733,25.95344],[89.51064,25.94535],[89.50975,25.93342],[89.51909,25.91579],[89.52941,25.9154],[89.5334,25.9002],[89.54631,25.88863],[89.56029,25.88723],[89.55362,25.87487],[89.55242,25.86175],[89.5327,25.86849],[89.53217,25.85282],[89.53575,25.82392],[89.53201,25.81533],[89.50702,25.80515],[89.48862,25.81324],[89.48815,25.8199],[89.47471,25.82672],[89.46282,25.82292],[89.45919,25.78638],[89.42939,25.78849],[89.4244,25.79381],[89.39212,25.79612],[89.37627,25.80427],[89.37048,25.81214],[89.35069,25.82203],[89.33455,25.83726],[89.3348,25.85036],[89.31629,25.85794],[89.29578,25.87651],[89.28192,25.89609],[89.26472,25.89029],[89.25891,25.89754],[89.23517,25.90455],[89.2119,25.92728],[89.20151,25.94447],[89.19205,25.94261],[89.18034,25.95243],[89.15325,25.95495],[89.14184,25.96417],[89.11223,25.9936],[89.10615,26.01399],[89.09491,26.03254],[89.09619,26.04543],[89.09067,26.06078],[89.09929,26.07589],[89.08913,26.08875],[89.09064,26.11548],[89.10159,26.12139],[89.0982,26.14519],[89.07205,26.17079],[89.05702,26.16791],[89.03519,26.18062],[89.02293,26.19251],[89.03217,26.20214],[89.03594,26.2211],[89.02237,26.22765],[89.01892,26.24223],[89.02747,26.24773],[89.04599,26.24076],[89.05194,26.25611],[89.06251,26.25957],[89.05747,26.28604],[89.04461,26.27943],[89.01683,26.28949],[89.00763,26.30422],[88.99997,26.29077],[88.98487,26.30064],[89.0009,26.32986],[88.98686,26.33212],[88.9872,26.34806],[88.9659,26.34965],[88.95942,26.33599],[88.95242,26.33471],[88.95084,26.35444],[88.93685,26.35678],[88.92893,26.36385],[88.91188,26.3662],[88.91209,26.38259],[88.92651,26.40689],[88.92295,26.42342],[88.95114,26.43372],[88.94902,26.44325],[88.95725,26.45486],[88.97498,26.44995],[88.98295,26.42115],[89.00588,26.42152],[89.03776,26.39977],[89.06722,26.40011],[89.08727,26.39776],[89.09176,26.38259],[89.08836,26.36579],[89.09638,26.35728],[89.10017,26.33655],[89.09356,26.32591],[89.11544,26.32001],[89.13624,26.32022],[89.12537,26.29123],[89.11974,26.28755],[89.10365,26.29704],[89.10491,26.27557],[89.12516,26.26356],[89.11979,26.25273],[89.13001,26.24889],[89.13951,26.22961],[89.14207,26.21464],[89.14898,26.21035],[89.13548,26.18739],[89.14096,26.16939],[89.14911,26.17013],[89.15093,26.14876],[89.1605,26.13524],[89.18772,26.12769],[89.21704,26.12637]]]]}},{"type":"Feature","properties":{"district_id":"madaripur","ADM2_PCODE":"BD3054","source_name":"Madaripur"},"geometry":{"type":"Polygon","coordinates":[[[90.28138,23.44651],[90.27136,23.42705],[90.24485,23.42748],[90.23723,23.41678],[90.22351,23.41287],[90.22172,23.39866],[90.24121,23.39412],[90.25862,23.38611],[90.23511,23.36888],[90.24717,23.34316],[90.22784,23.33228],[90.24393,23.31761],[90.23921,23.28958],[90.22765,23.26345],[90.24179,23.24746],[90.24167,23.23229],[90.25291,23.21137],[90.26654,23.20897],[90.27034,23.20013],[90.28336,23.19767],[90.28377,23.18227],[90.29049,23.17379],[90.29192,23.14623],[90.30816,23.14453],[90.30973,23.13767],[90.32902,23.1376],[90.34821,23.12955],[90.3463,23.11864],[90.35321,23.11296],[90.35132,23.09295],[90.34022,23.07144],[90.34879,23.05675],[90.32995,23.05798],[90.31575,23.05288],[90.31435,23.03693],[90.32682,23.01791],[90.3276,22.99661],[90.31988,22.98146],[90.2909,22.9725],[90.28053,22.97488],[90.25913,22.97169],[90.24744,22.97464],[90.23993,22.96665],[90.23022,22.97869],[90.23448,23.00219],[90.2327,23.01796],[90.23836,23.03672],[90.23679,23.0445],[90.22539,23.05328],[90.21377,23.0699],[90.19476,23.05451],[90.17261,23.06645],[90.15825,23.0633],[90.15504,23.05265],[90.13532,23.04979],[90.12614,23.02734],[90.11484,23.03397],[90.11081,23.06706],[90.12418,23.06508],[90.12267,23.07625],[90.10838,23.07687],[90.11039,23.10341],[90.1187,23.11148],[90.07927,23.1133],[90.06363,23.12039],[90.05126,23.10725],[90.04419,23.12122],[90.01368,23.12922],[90.01184,23.13877],[89.99283,23.13194],[89.98431,23.11054],[89.96834,23.11065],[89.93646,23.11766],[89.94093,23.1249],[89.94412,23.1575],[89.9665,23.16454],[89.97633,23.19554],[89.98125,23.19914],[89.98473,23.21823],[89.99631,23.21676],[90.00278,23.22782],[90.01817,23.23046],[90.02343,23.24043],[90.02352,23.25675],[90.03129,23.26428],[90.02404,23.27408],[90.02389,23.28825],[90.02573,23.30588],[90.03132,23.31725],[90.0326,23.33288],[90.03934,23.3392],[90.05366,23.32528],[90.06759,23.30519],[90.08448,23.30605],[90.09289,23.31253],[90.09158,23.32646],[90.10219,23.33358],[90.0986,23.34264],[90.08405,23.34915],[90.08781,23.36692],[90.0972,23.38048],[90.09733,23.40293],[90.11018,23.41255],[90.10257,23.42012],[90.11112,23.43251],[90.10589,23.4457],[90.11069,23.45634],[90.13519,23.4652],[90.14162,23.47541],[90.15316,23.46561],[90.17078,23.4886],[90.182,23.49804],[90.24879,23.46093],[90.28138,23.44651]]]}},{"type":"Feature","properties":{"district_id":"magura","ADM2_PCODE":"BD4055","source_name":"Magura"},"geometry":{"type":"Polygon","coordinates":[[[89.49732,23.57906],[89.49926,23.55806],[89.52304,23.55055],[89.5375,23.53606],[89.50144,23.52098],[89.4899,23.50056],[89.49032,23.48219],[89.49587,23.47501],[89.50762,23.47819],[89.50821,23.50641],[89.5271,23.513],[89.5724,23.49807],[89.60064,23.47875],[89.60754,23.46696],[89.60851,23.41242],[89.61671,23.39397],[89.60799,23.36997],[89.60427,23.33774],[89.62148,23.31018],[89.61765,23.30444],[89.60443,23.31228],[89.60325,23.32124],[89.56005,23.32036],[89.55628,23.30871],[89.53425,23.30318],[89.52448,23.27818],[89.50292,23.28861],[89.49697,23.29531],[89.4768,23.29459],[89.46352,23.28377],[89.46262,23.26826],[89.44804,23.25753],[89.44078,23.26177],[89.42557,23.25872],[89.41492,23.2692],[89.39692,23.28028],[89.35846,23.29512],[89.34856,23.28484],[89.33673,23.30352],[89.32643,23.29846],[89.31906,23.32356],[89.30779,23.31847],[89.30052,23.33025],[89.28827,23.33587],[89.28372,23.34954],[89.27336,23.35449],[89.27662,23.36525],[89.25808,23.3705],[89.25121,23.37636],[89.24596,23.39254],[89.25533,23.41296],[89.27054,23.42872],[89.30308,23.45522],[89.30696,23.48234],[89.29805,23.49735],[89.30699,23.51789],[89.30339,23.5272],[89.31437,23.54499],[89.31395,23.55324],[89.32312,23.56515],[89.33793,23.56804],[89.34515,23.57928],[89.3412,23.58837],[89.34758,23.61441],[89.35262,23.61695],[89.35722,23.63908],[89.37502,23.66007],[89.36649,23.66412],[89.37516,23.66471],[89.3857,23.67651],[89.41127,23.68187],[89.41622,23.67368],[89.43951,23.65885],[89.43626,23.64577],[89.442,23.63892],[89.4701,23.63477],[89.48212,23.61991],[89.47061,23.59713],[89.48423,23.59276],[89.49732,23.57906]]]}},{"type":"Feature","properties":{"district_id":"manikganj","ADM2_PCODE":"BD3056","source_name":"Manikganj"},"geometry":{"type":"Polygon","coordinates":[[[90.00759,24.01136],[90.04358,24.00424],[90.04829,23.98781],[90.03901,23.98284],[90.0391,23.97248],[90.04646,23.96295],[90.06005,23.95771],[90.06771,23.94036],[90.06664,23.91686],[90.07161,23.90521],[90.08537,23.91139],[90.09372,23.90097],[90.108,23.89578],[90.11605,23.87558],[90.12167,23.87345],[90.14474,23.84661],[90.15093,23.83423],[90.17192,23.82767],[90.18546,23.81878],[90.19719,23.8303],[90.21868,23.84017],[90.23992,23.83216],[90.24741,23.80728],[90.24245,23.78401],[90.22623,23.76428],[90.21856,23.74831],[90.2265,23.7378],[90.2382,23.73554],[90.25425,23.72156],[90.25444,23.71471],[90.23634,23.71554],[90.22535,23.70923],[90.20361,23.72521],[90.1896,23.72058],[90.17621,23.7263],[90.15959,23.72566],[90.15417,23.74769],[90.13652,23.74542],[90.12382,23.73456],[90.11556,23.71759],[90.1071,23.7188],[90.10084,23.73008],[90.08449,23.7295],[90.08124,23.71746],[90.06621,23.7255],[90.05121,23.72561],[90.04951,23.71208],[90.04033,23.70494],[90.03775,23.6852],[90.02031,23.67337],[90.0183,23.6525],[90.00716,23.64471],[90.0077,23.63494],[89.99369,23.64107],[89.93809,23.65387],[89.92085,23.66847],[89.8977,23.67369],[89.8649,23.71887],[89.8554,23.73087],[89.83972,23.74218],[89.83582,23.75099],[89.81622,23.76409],[89.81076,23.77285],[89.7821,23.79634],[89.77736,23.8033],[89.77094,23.83329],[89.73274,23.83537],[89.71209,23.85852],[89.69794,23.88538],[89.70231,23.89552],[89.69542,23.92392],[89.68462,23.92568],[89.69271,23.94261],[89.69142,23.97579],[89.69827,23.99621],[89.72158,24.01353],[89.74559,24.02293],[89.75745,24.0222],[89.77462,24.02745],[89.7852,24.03525],[89.78586,24.01108],[89.77561,23.99275],[89.76465,23.97989],[89.77663,23.97441],[89.78363,23.9798],[89.81878,23.98221],[89.83867,23.97646],[89.86261,23.96584],[89.86963,23.98412],[89.88221,23.97044],[89.89403,23.9859],[89.90465,23.98754],[89.91689,23.99932],[89.93362,24.00602],[89.94722,24.02568],[89.9594,24.01497],[89.9672,24.01493],[89.96851,24.03047],[89.97924,24.03357],[89.99232,24.00156],[90.00646,24.00212],[90.00759,24.01136]]]}},{"type":"Feature","properties":{"district_id":"moulvibazar","ADM2_PCODE":"BD6058","source_name":"Moulvibazar"},"geometry":{"type":"Polygon","coordinates":[[[91.81038,24.21725],[91.789,24.22106],[91.74497,24.24709],[91.75974,24.14232],[91.72833,24.14341],[91.72099,24.15268],[91.70773,24.1549],[91.68478,24.16588],[91.6796,24.19328],[91.6666,24.21232],[91.66766,24.22922],[91.65786,24.22795],[91.64767,24.21863],[91.65842,24.19501],[91.65748,24.17969],[91.64519,24.174],[91.64119,24.18796],[91.62601,24.21082],[91.61404,24.25328],[91.61672,24.27669],[91.61433,24.28668],[91.62502,24.29684],[91.63162,24.31151],[91.62962,24.34428],[91.61857,24.36152],[91.6027,24.36515],[91.60308,24.41707],[91.62036,24.41595],[91.61787,24.43951],[91.60741,24.44176],[91.61372,24.46289],[91.60965,24.47993],[91.61465,24.50395],[91.63549,24.52008],[91.63998,24.53565],[91.65422,24.54751],[91.64117,24.55647],[91.63013,24.57648],[91.63001,24.58709],[91.61311,24.59499],[91.62133,24.60188],[91.63124,24.59453],[91.65414,24.59657],[91.66758,24.60749],[91.66092,24.62591],[91.67504,24.6312],[91.68475,24.61451],[91.68333,24.60766],[91.72711,24.59344],[91.74851,24.59812],[91.75393,24.60839],[91.78121,24.62653],[91.77901,24.63832],[91.79482,24.64625],[91.79961,24.63745],[91.82441,24.65228],[91.83638,24.65336],[91.84826,24.64484],[91.86123,24.64962],[91.86631,24.65747],[91.88484,24.65694],[91.88841,24.64717],[91.91,24.65568],[91.93398,24.65485],[91.96408,24.64545],[91.97385,24.63937],[91.9958,24.6548],[92.01589,24.65079],[92.02945,24.65259],[92.0348,24.6883],[92.02993,24.69828],[92.03885,24.70648],[92.04888,24.69746],[92.06313,24.71853],[92.08047,24.72355],[92.08402,24.74824],[92.08014,24.76587],[92.09293,24.76486],[92.10639,24.75744],[92.12025,24.76542],[92.1271,24.7603],[92.14223,24.76668],[92.16999,24.77248],[92.19235,24.76811],[92.19825,24.77796],[92.19343,24.79843],[92.21084,24.80507],[92.21314,24.81321],[92.23208,24.81982],[92.24355,24.81952],[92.25078,24.83623],[92.26922,24.82995],[92.2762,24.81557],[92.2735,24.79931],[92.28845,24.78832],[92.28015,24.76633],[92.28886,24.76116],[92.28118,24.74242],[92.29588,24.73663],[92.2786,24.71348],[92.26493,24.6908],[92.24701,24.65492],[92.24894,24.64105],[92.24337,24.62559],[92.23337,24.58188],[92.23083,24.53023],[92.21253,24.50377],[92.20168,24.50747],[92.1878,24.52132],[92.16561,24.53154],[92.1554,24.51802],[92.15218,24.50225],[92.15258,24.48163],[92.16724,24.43491],[92.16298,24.41925],[92.15283,24.42482],[92.1367,24.4251],[92.13176,24.40707],[92.11607,24.38094],[92.10738,24.38212],[92.09685,24.37362],[92.04501,24.3752],[92.00998,24.38188],[91.99918,24.3924],[91.98822,24.37911],[91.97035,24.38466],[91.97005,24.37456],[91.97815,24.35781],[91.99678,24.33694],[91.99586,24.32218],[91.98326,24.32316],[91.97317,24.3334],[91.96983,24.34453],[91.95775,24.3562],[91.94029,24.34314],[91.9199,24.3376],[91.94074,24.26824],[91.91132,24.16831],[91.91382,24.15623],[91.9057,24.13882],[91.89022,24.13671],[91.87852,24.14683],[91.87542,24.17141],[91.86113,24.18289],[91.84816,24.18491],[91.84371,24.20026],[91.85168,24.21326],[91.84323,24.22332],[91.82069,24.20937],[91.81038,24.21725]]]}},{"type":"Feature","properties":{"district_id":"meherpur","ADM2_PCODE":"BD4057","source_name":"Meherpur"},"geometry":{"type":"Polygon","coordinates":[[[88.85896,23.83266],[88.85078,23.83269],[88.84425,23.82127],[88.83378,23.81582],[88.82484,23.79661],[88.81885,23.77257],[88.78889,23.76617],[88.7806,23.73823],[88.77894,23.72231],[88.78411,23.71739],[88.77378,23.69977],[88.74652,23.69488],[88.73798,23.68403],[88.68733,23.6597],[88.68018,23.64823],[88.65366,23.64674],[88.6427,23.63076],[88.64392,23.61871],[88.63807,23.61041],[88.621,23.60276],[88.60146,23.60698],[88.58003,23.60306],[88.59272,23.62191],[88.59371,23.64091],[88.56216,23.63718],[88.55819,23.64925],[88.57382,23.66675],[88.56753,23.68625],[88.5678,23.71485],[88.57427,23.73979],[88.57245,23.74771],[88.58055,23.7652],[88.57276,23.78351],[88.59305,23.79998],[88.60102,23.81445],[88.59885,23.82239],[88.58624,23.83333],[88.59021,23.85395],[88.58246,23.86262],[88.58744,23.87157],[88.60585,23.86343],[88.61255,23.87553],[88.63839,23.87144],[88.66754,23.8696],[88.66424,23.8825],[88.68419,23.89027],[88.68837,23.90157],[88.70761,23.91637],[88.73541,23.91475],[88.73284,23.92285],[88.74016,23.9373],[88.73448,23.96299],[88.7583,23.96987],[88.76795,23.957],[88.7809,23.96256],[88.79077,23.97545],[88.80007,23.97634],[88.80954,23.96705],[88.81067,23.94587],[88.81569,23.92771],[88.82693,23.93788],[88.84271,23.93766],[88.86448,23.92239],[88.87318,23.90926],[88.87448,23.89237],[88.85872,23.88267],[88.85357,23.87046],[88.87768,23.87894],[88.88205,23.86645],[88.86462,23.85384],[88.85896,23.83266]]]}},{"type":"Feature","properties":{"district_id":"munshiganj","ADM2_PCODE":"BD3059","source_name":"Munshiganj"},"geometry":{"type":"Polygon","coordinates":[[[90.43019,23.60861],[90.43949,23.59788],[90.44182,23.58579],[90.42898,23.56659],[90.44825,23.55051],[90.46144,23.55413],[90.47503,23.56639],[90.50904,23.5739],[90.54532,23.56053],[90.56492,23.53439],[90.57961,23.5379],[90.55792,23.58038],[90.5603,23.58904],[90.57357,23.59726],[90.59959,23.59848],[90.6139,23.60323],[90.62995,23.62082],[90.6431,23.61738],[90.65305,23.6204],[90.6658,23.59694],[90.66655,23.58892],[90.64653,23.58832],[90.64697,23.57606],[90.66739,23.57177],[90.68728,23.55737],[90.70055,23.52516],[90.71108,23.51504],[90.70091,23.49838],[90.68775,23.49248],[90.68242,23.48957],[90.66218,23.49385],[90.64699,23.50228],[90.6319,23.50198],[90.62349,23.49278],[90.61303,23.49043],[90.60141,23.49807],[90.57613,23.49571],[90.58428,23.48016],[90.57756,23.47059],[90.57776,23.45208],[90.57031,23.43689],[90.54584,23.40631],[90.539,23.39119],[90.53869,23.37935],[90.51731,23.39076],[90.49846,23.40442],[90.47028,23.41096],[90.43096,23.41624],[90.43051,23.40668],[90.41119,23.40437],[90.36116,23.42958],[90.32136,23.43811],[90.29949,23.45119],[90.28138,23.44651],[90.24879,23.46093],[90.182,23.49804],[90.15826,23.52215],[90.17091,23.52726],[90.18153,23.54045],[90.17717,23.55204],[90.1853,23.56182],[90.20347,23.56426],[90.20861,23.58882],[90.22598,23.60188],[90.2262,23.61355],[90.24729,23.63349],[90.24694,23.65007],[90.27351,23.66241],[90.28618,23.67386],[90.30985,23.65904],[90.32771,23.64413],[90.34712,23.63668],[90.36826,23.65265],[90.39196,23.64849],[90.43019,23.60861]]]}},{"type":"Feature","properties":{"district_id":"mymensingh","ADM2_PCODE":"BD4561","source_name":"Mymensingh"},"geometry":{"type":"Polygon","coordinates":[[[90.61404,25.17421],[90.61515,25.15582],[90.6064,25.14227],[90.61086,25.12957],[90.601,25.11501],[90.60011,25.09416],[90.58931,25.084],[90.59273,25.07375],[90.60833,25.06652],[90.61139,25.05232],[90.60327,25.04285],[90.60702,25.02865],[90.5858,25.02681],[90.5697,25.03667],[90.55014,25.04176],[90.54263,25.01305],[90.53572,25.01278],[90.52461,25.02933],[90.51602,25.02412],[90.50433,25.03172],[90.49425,25.02205],[90.50411,25.01679],[90.50226,25.00239],[90.5134,24.9781],[90.51278,24.96043],[90.51773,24.94586],[90.53114,24.94614],[90.53914,24.93679],[90.53375,24.92653],[90.54109,24.90674],[90.53352,24.89645],[90.53978,24.88591],[90.56815,24.88572],[90.56731,24.85556],[90.57012,24.84273],[90.58805,24.84225],[90.57914,24.82598],[90.5644,24.81721],[90.56636,24.81079],[90.60758,24.8144],[90.6117,24.80532],[90.62464,24.79546],[90.63871,24.7988],[90.64874,24.79149],[90.67705,24.80072],[90.69451,24.80262],[90.71131,24.79799],[90.70556,24.78663],[90.71696,24.78326],[90.72174,24.7724],[90.70976,24.7672],[90.69529,24.76983],[90.69586,24.75744],[90.71509,24.75272],[90.72421,24.73091],[90.7086,24.72992],[90.69585,24.7001],[90.70899,24.69268],[90.70063,24.67568],[90.70457,24.66669],[90.72202,24.64919],[90.74074,24.649],[90.74354,24.63786],[90.75798,24.63768],[90.76112,24.62787],[90.75696,24.61047],[90.79281,24.60651],[90.79598,24.59531],[90.79201,24.57851],[90.79703,24.57553],[90.81997,24.58802],[90.81517,24.56059],[90.8017,24.53788],[90.80521,24.53122],[90.79237,24.51804],[90.79369,24.50779],[90.75857,24.51101],[90.74218,24.49876],[90.72958,24.47669],[90.71697,24.47922],[90.71649,24.489],[90.70448,24.50086],[90.70447,24.51698],[90.68251,24.50282],[90.68014,24.46788],[90.66324,24.46703],[90.65842,24.47344],[90.63633,24.47591],[90.6167,24.49408],[90.60285,24.49892],[90.58824,24.49691],[90.57458,24.48182],[90.57889,24.45858],[90.58744,24.44807],[90.61853,24.43748],[90.63032,24.4364],[90.64585,24.41672],[90.64629,24.40531],[90.64016,24.39168],[90.63193,24.35846],[90.62308,24.338],[90.64114,24.30575],[90.6431,24.2796],[90.651,24.26919],[90.64929,24.25799],[90.62242,24.26861],[90.60304,24.26282],[90.57708,24.24575],[90.5542,24.259],[90.54714,24.27264],[90.52114,24.29017],[90.52901,24.30329],[90.51198,24.31178],[90.48902,24.31362],[90.45557,24.33989],[90.43661,24.33852],[90.42923,24.33032],[90.42128,24.30828],[90.40974,24.29701],[90.40389,24.28428],[90.39283,24.28161],[90.38226,24.28846],[90.36457,24.28113],[90.35878,24.29098],[90.32442,24.29901],[90.2905,24.27777],[90.28113,24.2872],[90.26541,24.28858],[90.24684,24.32881],[90.23449,24.33708],[90.22956,24.34938],[90.24901,24.41527],[90.23092,24.41898],[90.22071,24.43433],[90.2187,24.44864],[90.21152,24.4616],[90.24354,24.48135],[90.22663,24.48367],[90.20789,24.50978],[90.17546,24.51811],[90.16809,24.53514],[90.16126,24.53669],[90.13306,24.58881],[90.12474,24.59631],[90.13041,24.61763],[90.14424,24.6236],[90.14754,24.6509],[90.14225,24.65525],[90.13967,24.68135],[90.13185,24.69176],[90.13412,24.69998],[90.1267,24.71871],[90.13241,24.73489],[90.12767,24.73833],[90.09047,24.73712],[90.08864,24.75216],[90.09204,24.76755],[90.07578,24.78787],[90.08707,24.79008],[90.10305,24.78252],[90.1246,24.78911],[90.14135,24.7876],[90.15957,24.79712],[90.15884,24.81227],[90.17172,24.82775],[90.18379,24.83026],[90.18834,24.8516],[90.19556,24.86036],[90.19214,24.87184],[90.19493,24.88526],[90.22155,24.88106],[90.23863,24.89176],[90.24464,24.92793],[90.23518,24.93406],[90.23586,24.94833],[90.25472,24.94618],[90.25492,24.9574],[90.22887,24.96662],[90.22584,24.97565],[90.23428,24.98415],[90.24115,25.00872],[90.23224,25.04198],[90.25608,25.06471],[90.2613,25.05364],[90.27805,25.05582],[90.28504,25.06448],[90.28663,25.0825],[90.27705,25.09376],[90.26263,25.09781],[90.26392,25.12427],[90.26898,25.14784],[90.25966,25.16265],[90.26422,25.19639],[90.26805,25.19851],[90.31036,25.18888],[90.33018,25.19389],[90.34136,25.18315],[90.37054,25.16293],[90.40705,25.159],[90.41363,25.15373],[90.44098,25.14463],[90.45079,25.1525],[90.48583,25.16119],[90.49922,25.16872],[90.52427,25.17373],[90.55146,25.1753],[90.57697,25.17194],[90.59814,25.17676],[90.61404,25.17421]]]}},{"type":"Feature","properties":{"district_id":"naogaon","ADM2_PCODE":"BD5064","source_name":"Naogaon"},"geometry":{"type":"Polygon","coordinates":[[[88.92302,25.16501],[88.92294,25.14873],[88.92832,25.14232],[88.92182,25.13038],[88.93654,25.11948],[88.94154,25.0984],[88.93108,25.0731],[88.94564,25.05149],[88.94302,25.03957],[88.95205,25.03579],[88.95329,25.05519],[88.97831,25.0529],[88.98569,25.04869],[89.00877,25.05047],[89.01653,25.04729],[89.00946,25.0334],[89.0187,25.02624],[89.00824,24.99851],[89.01302,24.98854],[89.00285,24.97816],[89.00403,24.95954],[88.99945,24.95375],[89.00376,24.93866],[88.9998,24.91187],[89.00752,24.89921],[88.99986,24.88463],[88.99091,24.87882],[88.99449,24.86834],[88.99003,24.85944],[88.97418,24.84868],[88.98147,24.82354],[88.96991,24.82332],[88.97741,24.80274],[88.97491,24.7728],[88.96634,24.76423],[88.96364,24.74335],[88.97336,24.73897],[88.98885,24.74346],[88.99724,24.76635],[89.01055,24.76476],[89.02126,24.78],[89.03755,24.78097],[89.04536,24.78891],[89.07166,24.78193],[89.07721,24.78914],[89.0887,24.78222],[89.08185,24.76444],[89.08981,24.75439],[89.08685,24.73901],[89.09657,24.73515],[89.10713,24.71531],[89.12088,24.71463],[89.12354,24.73097],[89.1509,24.73759],[89.14508,24.71446],[89.13548,24.71143],[89.13175,24.70014],[89.13796,24.68401],[89.13321,24.67067],[89.13613,24.65632],[89.11178,24.6409],[89.098,24.63792],[89.09917,24.6069],[89.09511,24.59476],[89.10448,24.58677],[89.10392,24.56246],[89.08477,24.54458],[89.07909,24.53332],[89.04966,24.5359],[89.03538,24.54515],[89.02875,24.55681],[89.01542,24.54959],[89.00463,24.55566],[89.00949,24.5656],[88.97321,24.58439],[88.96329,24.5836],[88.95467,24.57914],[88.94495,24.58768],[88.93355,24.58866],[88.92657,24.59804],[88.92411,24.61783],[88.91074,24.63338],[88.90958,24.64323],[88.87483,24.63724],[88.86005,24.65677],[88.83289,24.65851],[88.82266,24.65287],[88.81089,24.65806],[88.81474,24.6715],[88.80221,24.68551],[88.76805,24.66754],[88.75678,24.67052],[88.74267,24.68346],[88.73535,24.66377],[88.72005,24.66787],[88.70282,24.66325],[88.70452,24.62849],[88.68267,24.637],[88.63963,24.6173],[88.63261,24.62135],[88.62361,24.64528],[88.63015,24.65217],[88.62453,24.69547],[88.60997,24.70392],[88.59352,24.69843],[88.58945,24.68445],[88.57834,24.67624],[88.57118,24.68088],[88.57602,24.6963],[88.56797,24.70488],[88.54771,24.70059],[88.52667,24.70917],[88.51861,24.7081],[88.50557,24.71863],[88.50996,24.73167],[88.49367,24.73907],[88.48895,24.73354],[88.47365,24.7354],[88.45828,24.75853],[88.47518,24.75874],[88.47441,24.74977],[88.4853,24.74412],[88.49303,24.75185],[88.49459,24.77177],[88.47934,24.77284],[88.47315,24.76263],[88.45266,24.77748],[88.43379,24.77717],[88.42094,24.76784],[88.41792,24.78112],[88.43096,24.78408],[88.43004,24.79357],[88.44118,24.80484],[88.44734,24.82588],[88.43093,24.81775],[88.42627,24.82496],[88.41272,24.82368],[88.40584,24.84454],[88.42359,24.84824],[88.43662,24.83961],[88.448,24.85799],[88.45866,24.85986],[88.47403,24.84437],[88.47565,24.86215],[88.49061,24.88037],[88.4855,24.90309],[88.4942,24.90761],[88.49289,24.92471],[88.47074,24.93779],[88.45845,24.93157],[88.45113,24.9164],[88.43193,24.92866],[88.43581,24.95233],[88.43417,24.96087],[88.41958,24.966],[88.39951,24.95967],[88.39511,24.96471],[88.41177,24.98542],[88.42202,25.00704],[88.43609,25.00622],[88.43865,25.01836],[88.45262,25.03706],[88.43777,25.04318],[88.43534,25.05528],[88.45106,25.07529],[88.44386,25.1005],[88.44708,25.10794],[88.44135,25.12764],[88.45784,25.13479],[88.45922,25.16097],[88.44185,25.1859],[88.44693,25.1976],[88.46337,25.19502],[88.47995,25.21151],[88.4991,25.21049],[88.5006,25.20341],[88.54803,25.19532],[88.55993,25.19099],[88.55556,25.17907],[88.56481,25.17461],[88.57957,25.17691],[88.59675,25.19118],[88.61876,25.20507],[88.63099,25.20177],[88.64282,25.20643],[88.67266,25.19853],[88.68,25.20902],[88.71494,25.20708],[88.73334,25.20002],[88.73453,25.1847],[88.75537,25.18112],[88.75909,25.1858],[88.79836,25.17128],[88.81334,25.17436],[88.81483,25.18504],[88.82692,25.19259],[88.83042,25.20545],[88.84916,25.21072],[88.84968,25.20186],[88.86488,25.2007],[88.87582,25.17897],[88.91093,25.18041],[88.91233,25.16806],[88.92302,25.16501]]]}},{"type":"Feature","properties":{"district_id":"narail","ADM2_PCODE":"BD4065","source_name":"Narail"},"geometry":{"type":"Polygon","coordinates":[[[89.61765,23.30444],[89.63376,23.28901],[89.64922,23.28972],[89.66572,23.28284],[89.64801,23.27242],[89.63683,23.26162],[89.63298,23.23769],[89.64183,23.23246],[89.66842,23.24488],[89.68556,23.22723],[89.68801,23.21039],[89.68128,23.19803],[89.67977,23.17989],[89.68991,23.16351],[89.69606,23.16202],[89.71367,23.17791],[89.7325,23.18619],[89.75737,23.18657],[89.76075,23.17456],[89.73898,23.17336],[89.73018,23.15845],[89.74191,23.13987],[89.73857,23.1296],[89.71362,23.11629],[89.69998,23.11456],[89.69466,23.12761],[89.67748,23.13286],[89.67261,23.12314],[89.69064,23.09868],[89.70489,23.08952],[89.73288,23.07642],[89.73639,23.07107],[89.72973,23.05344],[89.74486,23.05047],[89.7547,23.03205],[89.75774,23.01361],[89.76874,23.00455],[89.79682,22.99631],[89.79247,22.98037],[89.80145,22.97192],[89.80624,22.95574],[89.80105,22.94126],[89.78636,22.96209],[89.7798,22.9834],[89.76756,22.97774],[89.76066,22.96471],[89.74916,22.96391],[89.73461,22.9729],[89.70989,22.97127],[89.68904,22.97669],[89.67683,22.96751],[89.67034,22.97646],[89.65083,22.98317],[89.65004,22.96866],[89.63099,22.9617],[89.61664,22.96409],[89.60557,22.95766],[89.58467,22.9777],[89.58693,22.98545],[89.56772,22.99139],[89.56055,22.98385],[89.55208,22.97728],[89.53719,22.98419],[89.52954,23.00682],[89.51029,23.01559],[89.50489,23.02891],[89.49107,23.03746],[89.46849,23.0324],[89.4573,23.04139],[89.45406,23.05394],[89.4437,23.05512],[89.44049,23.07355],[89.44364,23.09101],[89.43868,23.11188],[89.41663,23.08307],[89.39475,23.08086],[89.3846,23.08652],[89.38969,23.10475],[89.37822,23.13557],[89.39514,23.14308],[89.4193,23.14036],[89.40883,23.15343],[89.41208,23.16761],[89.42226,23.18115],[89.42252,23.20313],[89.41859,23.23084],[89.42613,23.23906],[89.42557,23.25872],[89.44078,23.26177],[89.44804,23.25753],[89.46262,23.26826],[89.46352,23.28377],[89.4768,23.29459],[89.49697,23.29531],[89.50292,23.28861],[89.52448,23.27818],[89.53425,23.30318],[89.55628,23.30871],[89.56005,23.32036],[89.60325,23.32124],[89.60443,23.31228],[89.61765,23.30444]]]}},{"type":"Feature","properties":{"district_id":"narayanganj","ADM2_PCODE":"BD3067","source_name":"Narayanganj"},"geometry":{"type":"Polygon","coordinates":[[[90.57067,23.89499],[90.5799,23.88973],[90.59982,23.88828],[90.61265,23.87996],[90.60751,23.86298],[90.59583,23.85438],[90.61126,23.83297],[90.6215,23.84531],[90.62329,23.86038],[90.63347,23.86833],[90.64409,23.86927],[90.65116,23.86216],[90.64481,23.83639],[90.63653,23.82429],[90.64821,23.80098],[90.66418,23.80175],[90.67002,23.79424],[90.68956,23.79817],[90.6848,23.81405],[90.69329,23.82136],[90.70862,23.81318],[90.71477,23.79916],[90.74099,23.78761],[90.73233,23.77374],[90.73461,23.76284],[90.72375,23.74669],[90.72251,23.72559],[90.73863,23.70273],[90.74114,23.69262],[90.73022,23.6645],[90.72157,23.66173],[90.69831,23.66591],[90.67485,23.68012],[90.65711,23.67173],[90.64364,23.67505],[90.63787,23.66917],[90.63809,23.64979],[90.62995,23.62082],[90.6139,23.60323],[90.59959,23.59848],[90.57357,23.59726],[90.5603,23.58904],[90.55792,23.58038],[90.57961,23.5379],[90.56492,23.53439],[90.54532,23.56053],[90.50904,23.5739],[90.47503,23.56639],[90.46144,23.55413],[90.44825,23.55051],[90.42898,23.56659],[90.44182,23.58579],[90.43949,23.59788],[90.43019,23.60861],[90.44673,23.62387],[90.47023,23.62925],[90.47147,23.63947],[90.4484,23.66532],[90.46193,23.68353],[90.49902,23.70525],[90.50185,23.71805],[90.48993,23.73599],[90.48244,23.77336],[90.47093,23.78355],[90.4801,23.79182],[90.48661,23.8261],[90.47127,23.84731],[90.48318,23.8469],[90.50304,23.85912],[90.50575,23.87014],[90.52107,23.87738],[90.51717,23.8883],[90.55399,23.88589],[90.55794,23.89336],[90.57067,23.89499]]]}},{"type":"Feature","properties":{"district_id":"narsingdi","ADM2_PCODE":"BD3068","source_name":"Narsingdi"},"geometry":{"type":"Polygon","coordinates":[[[90.98599,24.0306],[90.97516,24.02122],[90.96619,24.00624],[90.97435,23.98068],[90.97154,23.96751],[90.95306,23.95388],[90.95118,23.92851],[90.93012,23.90988],[90.92024,23.8829],[90.90877,23.86764],[90.89833,23.86273],[90.8581,23.87904],[90.83356,23.86333],[90.78113,23.86591],[90.76666,23.86421],[90.75947,23.85004],[90.768,23.82025],[90.76577,23.80192],[90.75859,23.79034],[90.73461,23.76284],[90.73233,23.77374],[90.74099,23.78761],[90.71477,23.79916],[90.70862,23.81318],[90.69329,23.82136],[90.6848,23.81405],[90.68956,23.79817],[90.67002,23.79424],[90.66418,23.80175],[90.64821,23.80098],[90.63653,23.82429],[90.64481,23.83639],[90.65116,23.86216],[90.64409,23.86927],[90.63347,23.86833],[90.62329,23.86038],[90.6215,23.84531],[90.61126,23.83297],[90.59583,23.85438],[90.60751,23.86298],[90.61265,23.87996],[90.59982,23.88828],[90.5799,23.88973],[90.57067,23.89499],[90.56039,23.9111],[90.57663,23.91664],[90.59175,23.91431],[90.60815,23.92152],[90.61694,23.94025],[90.61758,23.96711],[90.63015,23.97961],[90.64117,24.00594],[90.65681,24.0113],[90.65728,24.02534],[90.63533,24.07078],[90.64106,24.07624],[90.63884,24.09825],[90.65723,24.09237],[90.66793,24.0996],[90.69984,24.10135],[90.69484,24.11661],[90.68454,24.11278],[90.67641,24.11802],[90.69456,24.14138],[90.68763,24.14475],[90.68456,24.1668],[90.68609,24.19008],[90.67174,24.2046],[90.67265,24.22261],[90.6848,24.23447],[90.68295,24.24435],[90.70793,24.23678],[90.73308,24.23846],[90.75331,24.25172],[90.77021,24.25076],[90.78155,24.24267],[90.78331,24.22663],[90.79319,24.21985],[90.78615,24.19305],[90.80901,24.18523],[90.81981,24.17316],[90.82515,24.1571],[90.84983,24.14104],[90.87099,24.13999],[90.8642,24.12523],[90.84852,24.12049],[90.84603,24.11161],[90.85695,24.10552],[90.87119,24.10411],[90.89112,24.0964],[90.9065,24.07807],[90.92402,24.07554],[90.93682,24.08345],[90.94734,24.08133],[90.95504,24.06593],[90.9681,24.05724],[90.95961,24.03814],[90.96674,24.03206],[90.98599,24.0306]]]}},{"type":"Feature","properties":{"district_id":"natore","ADM2_PCODE":"BD5069","source_name":"Natore"},"geometry":{"type":"Polygon","coordinates":[[[89.33903,24.55946],[89.33035,24.53486],[89.32162,24.52999],[89.31642,24.51486],[89.28325,24.47993],[89.28391,24.46216],[89.27544,24.44868],[89.25662,24.43949],[89.24715,24.42723],[89.26616,24.42751],[89.28529,24.42029],[89.28354,24.40295],[89.28867,24.37539],[89.29401,24.3646],[89.31864,24.35307],[89.31036,24.33546],[89.28727,24.33076],[89.28595,24.30463],[89.27668,24.30471],[89.25493,24.27346],[89.24166,24.27564],[89.23329,24.25724],[89.23168,24.24498],[89.21527,24.21174],[89.20105,24.20777],[89.18944,24.19794],[89.17503,24.20067],[89.15603,24.17296],[89.13852,24.16762],[89.10984,24.16524],[89.09539,24.15682],[89.08143,24.156],[89.06752,24.15],[89.05604,24.1509],[89.0519,24.14115],[89.0411,24.14043],[89.03388,24.14752],[89.03226,24.16619],[88.99809,24.15685],[89.01213,24.14397],[89.00668,24.11812],[88.98933,24.12179],[88.94991,24.1251],[88.93846,24.13174],[88.9114,24.11289],[88.88514,24.10181],[88.88113,24.11523],[88.86071,24.11183],[88.87174,24.13039],[88.88278,24.13039],[88.89537,24.15814],[88.87592,24.16499],[88.86909,24.17481],[88.87607,24.20108],[88.8719,24.22677],[88.89872,24.23049],[88.89759,24.23788],[88.91533,24.24059],[88.91487,24.25512],[88.90711,24.25764],[88.90002,24.27106],[88.90268,24.29028],[88.88576,24.29445],[88.86607,24.31092],[88.85975,24.30435],[88.84687,24.31921],[88.85057,24.33004],[88.84758,24.34178],[88.86174,24.36279],[88.87233,24.36052],[88.89224,24.36516],[88.89638,24.37842],[88.89003,24.38327],[88.90246,24.40796],[88.89716,24.44001],[88.90163,24.44997],[88.90007,24.46424],[88.89258,24.47512],[88.9031,24.48661],[88.92388,24.51709],[88.89907,24.51141],[88.8937,24.52035],[88.89657,24.53487],[88.92363,24.54416],[88.93562,24.53618],[88.94717,24.54512],[88.96251,24.54936],[88.96329,24.5836],[88.97321,24.58439],[89.00949,24.5656],[89.00463,24.55566],[89.01542,24.54959],[89.02875,24.55681],[89.03538,24.54515],[89.04966,24.5359],[89.07909,24.53332],[89.08477,24.54458],[89.10392,24.56246],[89.10448,24.58677],[89.09511,24.59476],[89.09917,24.6069],[89.098,24.63792],[89.11178,24.6409],[89.13613,24.65632],[89.13321,24.67067],[89.13796,24.68401],[89.14184,24.67876],[89.16189,24.68597],[89.16683,24.67172],[89.13644,24.656],[89.13571,24.644],[89.14622,24.62337],[89.15355,24.61898],[89.17267,24.62305],[89.17114,24.63523],[89.18859,24.65158],[89.19256,24.64109],[89.20407,24.6409],[89.2006,24.62707],[89.20488,24.61042],[89.21607,24.61306],[89.21675,24.5926],[89.23136,24.58325],[89.24356,24.60206],[89.25438,24.60619],[89.25278,24.61885],[89.25816,24.6257],[89.28578,24.62668],[89.3071,24.61382],[89.30794,24.59824],[89.32867,24.59918],[89.32735,24.57584],[89.33903,24.55946]]]}},{"type":"Feature","properties":{"district_id":"chapainawabganj","ADM2_PCODE":"BD5070","source_name":"Chapainawabganj"},"geometry":{"type":"Polygon","coordinates":[[[88.50557,24.71863],[88.48787,24.70652],[88.48973,24.69033],[88.47482,24.68419],[88.45992,24.68485],[88.45538,24.67811],[88.47258,24.6688],[88.48051,24.67882],[88.48854,24.67608],[88.48632,24.6593],[88.44873,24.66186],[88.43475,24.66632],[88.43342,24.65051],[88.42681,24.63349],[88.41027,24.609],[88.3913,24.60011],[88.375,24.60349],[88.35493,24.59484],[88.34495,24.58599],[88.33159,24.58624],[88.31841,24.56934],[88.30571,24.5701],[88.30179,24.5584],[88.31039,24.53637],[88.30991,24.50587],[88.304,24.49377],[88.31538,24.46116],[88.33089,24.44763],[88.32043,24.43732],[88.29169,24.41636],[88.27562,24.43778],[88.2633,24.44599],[88.22745,24.4556],[88.20441,24.45947],[88.19132,24.46856],[88.18498,24.48159],[88.16665,24.49797],[88.14951,24.50388],[88.10559,24.54631],[88.08945,24.56695],[88.0692,24.60336],[88.03939,24.6449],[88.02788,24.64991],[88.00863,24.66788],[88.03915,24.70167],[88.05367,24.71096],[88.06284,24.72164],[88.07245,24.74376],[88.06571,24.75081],[88.08898,24.78302],[88.10608,24.77966],[88.10499,24.79967],[88.11523,24.81717],[88.13347,24.82417],[88.14686,24.85025],[88.16401,24.85005],[88.16588,24.8635],[88.15263,24.88453],[88.16524,24.89552],[88.14031,24.91416],[88.138,24.93626],[88.15746,24.93358],[88.17015,24.95049],[88.17493,24.94884],[88.19891,24.95668],[88.22499,24.96009],[88.23983,24.94089],[88.25906,24.92634],[88.26414,24.91457],[88.26491,24.89279],[88.29392,24.88938],[88.30466,24.87234],[88.32132,24.87564],[88.33295,24.87091],[88.34681,24.89251],[88.34389,24.89967],[88.328,24.9043],[88.32429,24.91775],[88.33425,24.92669],[88.33975,24.93967],[88.36033,24.94953],[88.3825,24.9389],[88.39502,24.94171],[88.40045,24.9548],[88.39511,24.96471],[88.39951,24.95967],[88.41958,24.966],[88.43417,24.96087],[88.43581,24.95233],[88.43193,24.92866],[88.45113,24.9164],[88.45845,24.93157],[88.47074,24.93779],[88.49289,24.92471],[88.4942,24.90761],[88.4855,24.90309],[88.49061,24.88037],[88.47565,24.86215],[88.47403,24.84437],[88.45866,24.85986],[88.448,24.85799],[88.43662,24.83961],[88.42359,24.84824],[88.40584,24.84454],[88.41272,24.82368],[88.42627,24.82496],[88.43093,24.81775],[88.44734,24.82588],[88.44118,24.80484],[88.43004,24.79357],[88.43096,24.78408],[88.41792,24.78112],[88.42094,24.76784],[88.43379,24.77717],[88.45266,24.77748],[88.47315,24.76263],[88.47934,24.77284],[88.49459,24.77177],[88.49303,24.75185],[88.4853,24.74412],[88.47441,24.74977],[88.47518,24.75874],[88.45828,24.75853],[88.47365,24.7354],[88.48895,24.73354],[88.49367,24.73907],[88.50996,24.73167],[88.50557,24.71863]]]}},{"type":"Feature","properties":{"district_id":"netrokona","ADM2_PCODE":"BD4572","source_name":"Netrokona"},"geometry":{"type":"Polygon","coordinates":[[[90.96485,25.17188],[90.97026,25.16058],[90.94924,25.13786],[90.9559,25.11953],[90.94755,25.11344],[90.96535,25.09715],[90.97081,25.07076],[90.95657,25.07044],[90.94501,25.08125],[90.93421,25.08093],[90.92959,25.06396],[90.93258,25.04525],[90.95227,25.04166],[90.95216,25.0342],[90.93765,25.02773],[90.93629,25.00906],[90.94732,25.0049],[90.94123,24.98465],[90.94812,24.97134],[90.96013,24.97272],[90.97256,24.95989],[90.97094,24.94893],[90.95514,24.93983],[90.95342,24.91893],[90.96403,24.91149],[90.98008,24.91716],[90.99649,24.90846],[90.99806,24.89214],[91.01577,24.89831],[91.01547,24.88891],[91.03137,24.89203],[91.04556,24.90801],[91.05136,24.90222],[91.07524,24.90124],[91.08881,24.88758],[91.09564,24.88754],[91.10892,24.87137],[91.10859,24.86089],[91.12072,24.83762],[91.11254,24.81738],[91.11675,24.80603],[91.13241,24.7926],[91.15285,24.81065],[91.14273,24.8254],[91.15296,24.83746],[91.17069,24.82696],[91.17252,24.81295],[91.16075,24.79319],[91.17121,24.77994],[91.13523,24.7572],[91.14989,24.75404],[91.15415,24.74148],[91.14778,24.72473],[91.1815,24.72359],[91.19766,24.71103],[91.21235,24.71315],[91.2293,24.72374],[91.22222,24.69945],[91.24088,24.69209],[91.2418,24.67952],[91.23345,24.67227],[91.22995,24.65466],[91.20835,24.65104],[91.20535,24.63329],[91.19521,24.63114],[91.17205,24.64073],[91.1624,24.6322],[91.15434,24.63896],[91.14129,24.63507],[91.13035,24.64215],[91.12732,24.62916],[91.13468,24.6221],[91.12886,24.61003],[91.1039,24.60647],[91.09965,24.59987],[91.08394,24.60859],[91.0736,24.61883],[91.03672,24.61197],[91.04133,24.62436],[91.02731,24.62879],[91.0178,24.60313],[90.9773,24.59959],[90.96367,24.61132],[90.95002,24.60188],[90.93972,24.60178],[90.9284,24.61553],[90.91632,24.61373],[90.91481,24.59997],[90.90632,24.59492],[90.89018,24.60042],[90.88,24.59247],[90.85048,24.59667],[90.83715,24.58162],[90.81997,24.58802],[90.79703,24.57553],[90.79201,24.57851],[90.79598,24.59531],[90.79281,24.60651],[90.75696,24.61047],[90.76112,24.62787],[90.75798,24.63768],[90.74354,24.63786],[90.74074,24.649],[90.72202,24.64919],[90.70457,24.66669],[90.70063,24.67568],[90.70899,24.69268],[90.69585,24.7001],[90.7086,24.72992],[90.72421,24.73091],[90.71509,24.75272],[90.69586,24.75744],[90.69529,24.76983],[90.70976,24.7672],[90.72174,24.7724],[90.71696,24.78326],[90.70556,24.78663],[90.71131,24.79799],[90.69451,24.80262],[90.67705,24.80072],[90.64874,24.79149],[90.63871,24.7988],[90.62464,24.79546],[90.6117,24.80532],[90.60758,24.8144],[90.56636,24.81079],[90.5644,24.81721],[90.57914,24.82598],[90.58805,24.84225],[90.57012,24.84273],[90.56731,24.85556],[90.56815,24.88572],[90.53978,24.88591],[90.53352,24.89645],[90.54109,24.90674],[90.53375,24.92653],[90.53914,24.93679],[90.53114,24.94614],[90.51773,24.94586],[90.51278,24.96043],[90.5134,24.9781],[90.50226,25.00239],[90.50411,25.01679],[90.49425,25.02205],[90.50433,25.03172],[90.51602,25.02412],[90.52461,25.02933],[90.53572,25.01278],[90.54263,25.01305],[90.55014,25.04176],[90.5697,25.03667],[90.5858,25.02681],[90.60702,25.02865],[90.60327,25.04285],[90.61139,25.05232],[90.60833,25.06652],[90.59273,25.07375],[90.58931,25.084],[90.60011,25.09416],[90.601,25.11501],[90.61086,25.12957],[90.6064,25.14227],[90.61515,25.15582],[90.61404,25.17421],[90.62702,25.17329],[90.65252,25.18878],[90.66472,25.18545],[90.67254,25.17244],[90.69895,25.15695],[90.708,25.16666],[90.72357,25.16437],[90.73848,25.1576],[90.74938,25.167],[90.75907,25.16793],[90.76911,25.1827],[90.78724,25.17883],[90.7949,25.18129],[90.80487,25.16646],[90.85516,25.15796],[90.88407,25.16604],[90.90449,25.162],[90.9279,25.16234],[90.96485,25.17188]]]}},{"type":"Feature","properties":{"district_id":"nilphamari","ADM2_PCODE":"BD5573","source_name":"Nilphamari"},"geometry":{"type":"Polygon","coordinates":[[[89.01892,26.24223],[89.02237,26.22765],[89.03594,26.2211],[89.03217,26.20214],[89.02293,26.19251],[89.03519,26.18062],[89.05702,26.16791],[89.07205,26.17079],[89.0982,26.14519],[89.10159,26.12139],[89.09064,26.11548],[89.08913,26.08875],[89.09929,26.07589],[89.09067,26.06078],[89.09619,26.04543],[89.09491,26.03254],[89.10615,26.01399],[89.11223,25.9936],[89.14184,25.96417],[89.1094,25.95938],[89.10185,25.93915],[89.10321,25.91133],[89.09787,25.90575],[89.11515,25.88178],[89.10257,25.87522],[89.09611,25.8614],[89.10039,25.85126],[89.08901,25.8479],[89.08884,25.83121],[89.06201,25.8341],[89.04526,25.81619],[89.01277,25.81927],[89.00394,25.81219],[88.9912,25.81438],[88.98572,25.8074],[88.97335,25.80728],[88.95669,25.81383],[88.95179,25.80312],[88.96183,25.78433],[88.94538,25.77477],[88.94389,25.76057],[88.95431,25.74629],[88.94107,25.73433],[88.92656,25.73675],[88.89801,25.7351],[88.88571,25.77232],[88.867,25.77113],[88.85622,25.77687],[88.84785,25.79198],[88.8426,25.81235],[88.82782,25.81296],[88.82735,25.83281],[88.82267,25.83906],[88.82609,25.85615],[88.82016,25.86228],[88.81348,25.88308],[88.8032,25.89681],[88.80122,25.92244],[88.77858,25.93486],[88.75955,25.93895],[88.75131,25.94691],[88.74394,25.96654],[88.74796,25.97489],[88.73779,25.99699],[88.73495,26.01468],[88.74392,26.02407],[88.75876,26.02453],[88.76184,26.04155],[88.77856,26.06406],[88.76723,26.08779],[88.77453,26.10615],[88.789,26.12316],[88.78355,26.13258],[88.78608,26.14759],[88.77896,26.16605],[88.78207,26.18147],[88.79387,26.18932],[88.79783,26.20338],[88.79601,26.21982],[88.79006,26.23039],[88.77323,26.2395],[88.76292,26.23612],[88.75814,26.26154],[88.76634,26.28461],[88.75926,26.30414],[88.76403,26.29898],[88.7818,26.3031],[88.79347,26.31007],[88.81907,26.29459],[88.8103,26.27435],[88.81282,26.25693],[88.82318,26.25344],[88.82758,26.23973],[88.83847,26.2322],[88.87161,26.23415],[88.87176,26.24457],[88.8614,26.25212],[88.86134,26.27273],[88.87579,26.28665],[88.91807,26.28803],[88.92622,26.28389],[88.95309,26.24209],[88.96538,26.23884],[88.97963,26.24493],[89.01584,26.24472],[89.01892,26.24223]]]}},{"type":"Feature","properties":{"district_id":"noakhali","ADM2_PCODE":"BD2075","source_name":"Noakhali"},"geometry":{"type":"MultiPolygon","coordinates":[[[[91.08274,22.05355],[91.06605,22.03674],[91.05504,22.03786],[91.05659,22.0509],[91.06897,22.06315],[91.08026,22.06456],[91.08274,22.05355]]],[[[91.03095,22.08382],[91.04111,22.0839],[91.0479,22.07197],[91.03539,22.04252],[91.02242,22.04385],[90.99598,22.02528],[90.97928,22.0302],[90.97299,22.04966],[90.97309,22.07172],[90.98212,22.08569],[90.99854,22.09966],[91.00859,22.09778],[91.03095,22.08382]]],[[[91.01533,22.24263],[91.01366,22.26985],[91.0194,22.29282],[91.024,22.31618],[91.01901,22.33231],[91.03453,22.32406],[91.0349,22.30475],[91.02914,22.27171],[91.01533,22.24263]]],[[[91.0362,22.33763],[91.0196,22.35117],[91.03787,22.3728],[91.04291,22.37234],[91.05411,22.35128],[91.04936,22.34199],[91.0362,22.33763]]],[[[91.05527,22.35956],[91.04349,22.37493],[91.0523,22.38462],[91.05527,22.35956]]],[[[91.14094,22.37321],[91.17499,22.38375],[91.18588,22.35916],[91.18988,22.32661],[91.18431,22.2965],[91.18995,22.28217],[91.18824,22.23282],[91.17328,22.20253],[91.16604,22.1707],[91.15379,22.15664],[91.13718,22.14629],[91.13428,22.13064],[91.12197,22.13144],[91.10801,22.12169],[91.08209,22.09474],[91.05776,22.07923],[91.05032,22.08607],[91.01948,22.09845],[91.00591,22.1079],[91.00599,22.12038],[91.0321,22.14747],[91.05392,22.19094],[91.06418,22.22314],[91.06918,22.24596],[91.06819,22.27159],[91.07006,22.30116],[91.06597,22.33049],[91.06881,22.3398],[91.06015,22.34694],[91.07474,22.36301],[91.07502,22.37938],[91.06988,22.40642],[91.09852,22.39361],[91.13292,22.3825],[91.14094,22.37321]]],[[[90.97228,22.4206],[90.98253,22.41437],[90.99018,22.391],[90.97228,22.4206]]],[[[91.25625,22.40976],[91.24605,22.42485],[91.25858,22.43513],[91.26637,22.42316],[91.25625,22.40976]]],[[[91.01295,22.36049],[91.00385,22.37073],[91.00003,22.39002],[90.98816,22.43177],[90.98708,22.45329],[90.99259,22.46071],[91.00471,22.46307],[91.03721,22.44843],[91.04507,22.43753],[91.04331,22.41474],[91.03539,22.40413],[91.03036,22.37711],[91.01295,22.36049]]],[[[90.96773,22.42763],[90.95088,22.46454],[90.96195,22.47098],[90.97798,22.46448],[90.96943,22.45187],[90.96773,22.42763]]],[[[90.93393,22.49373],[90.93211,22.49702],[90.97645,22.52198],[90.98175,22.51294],[90.97752,22.5037],[90.93393,22.49373]]],[[[91.33919,22.5301],[91.33943,22.52602],[91.33991,22.51764],[91.32666,22.50108],[91.31425,22.49846],[91.30168,22.4868],[91.28959,22.48568],[91.28286,22.50036],[91.2655,22.52201],[91.27383,22.55485],[91.28765,22.57618],[91.31112,22.60281],[91.33221,22.56566],[91.33259,22.56488],[91.33919,22.5301]]],[[[91.31818,22.64989],[91.30686,22.65842],[91.29599,22.67296],[91.28644,22.70495],[91.29825,22.72134],[91.31571,22.72908],[91.33841,22.73205],[91.34866,22.71589],[91.34318,22.68581],[91.33512,22.66811],[91.31818,22.64989]]],[[[91.40719,22.7654],[91.42412,22.75739],[91.41016,22.75426],[91.40719,22.7654]]],[[[91.37682,22.78533],[91.36413,22.7776],[91.34453,22.78905],[91.35567,22.79505],[91.37262,22.79778],[91.37682,22.78533]]],[[[91.25895,23.05461],[91.25562,23.04314],[91.26491,23.02222],[91.25913,23.01235],[91.25989,22.9933],[91.25615,22.96428],[91.26296,22.94449],[91.25874,22.91855],[91.26018,22.91041],[91.24709,22.90168],[91.26494,22.88162],[91.26945,22.89175],[91.29983,22.89401],[91.33896,22.90951],[91.34491,22.89765],[91.33677,22.84485],[91.33101,22.84506],[91.32977,22.84708],[91.32892,22.84831],[91.31062,22.84434],[91.32519,22.83707],[91.32523,22.827],[91.332,22.82066],[91.3311,22.8175],[91.31667,22.82177],[91.31411,22.80834],[91.32814,22.79751],[91.32867,22.78822],[91.34539,22.78177],[91.36386,22.76993],[91.38522,22.76451],[91.38492,22.75721],[91.36855,22.75154],[91.35294,22.75298],[91.3202,22.75158],[91.29891,22.74516],[91.27789,22.72339],[91.2734,22.71119],[91.25739,22.69729],[91.2338,22.71726],[91.23315,22.70472],[91.24671,22.69128],[91.24833,22.68016],[91.26241,22.68492],[91.27144,22.67144],[91.28163,22.64555],[91.28802,22.61862],[91.25906,22.57639],[91.24759,22.55354],[91.22712,22.52594],[91.21413,22.53141],[91.20918,22.52411],[91.18376,22.52624],[91.16329,22.52049],[91.15215,22.50003],[91.12304,22.49564],[91.12793,22.48699],[91.16114,22.50164],[91.15852,22.51152],[91.17107,22.52021],[91.19314,22.5193],[91.20118,22.50983],[91.19422,22.4998],[91.16536,22.47947],[91.16038,22.45819],[91.13395,22.44297],[91.11189,22.45187],[91.09282,22.46644],[91.07778,22.4934],[91.05769,22.53402],[91.04465,22.54854],[91.01741,22.56818],[91.01443,22.59912],[91.00347,22.62359],[90.98848,22.63998],[91.00106,22.66574],[91.01613,22.67765],[91.01687,22.68599],[91.00946,22.70575],[90.98083,22.7154],[90.9813,22.75398],[90.94924,22.7782],[90.89345,22.80924],[90.91198,22.81581],[90.92668,22.81393],[90.94511,22.84519],[90.94292,22.86223],[90.97305,22.8677],[90.98589,22.87706],[90.98152,22.89219],[90.98746,22.90005],[90.98131,22.91619],[90.98907,22.92526],[90.98893,22.93969],[90.99933,22.94908],[90.99732,22.97832],[90.96601,22.97937],[90.95463,22.99269],[90.93715,22.98997],[90.91961,23.01292],[90.89761,23.01189],[90.88668,23.02563],[90.89707,23.03858],[90.91881,23.0419],[90.9008,23.06189],[90.90006,23.0725],[90.91603,23.07247],[90.94421,23.08729],[90.94145,23.1011],[90.95374,23.11362],[90.96185,23.13104],[90.98075,23.1332],[90.98671,23.1173],[91.02869,23.11198],[91.03709,23.11312],[91.04349,23.09005],[91.05074,23.08348],[91.07944,23.0716],[91.12931,23.07461],[91.1599,23.08407],[91.18304,23.06138],[91.19811,23.06057],[91.20439,23.06621],[91.2366,23.0657],[91.24225,23.05723],[91.25895,23.05461]]]]}},{"type":"Feature","properties":{"district_id":"pabna","ADM2_PCODE":"BD5076","source_name":"Pabna"},"geometry":{"type":"Polygon","coordinates":[[[89.72158,24.01353],[89.69827,23.99621],[89.69142,23.97579],[89.69271,23.94261],[89.68462,23.92568],[89.69542,23.92392],[89.70231,23.89552],[89.69794,23.88538],[89.71209,23.85852],[89.73274,23.83537],[89.69203,23.81342],[89.66385,23.80932],[89.6499,23.81246],[89.63659,23.80927],[89.58349,23.81442],[89.57153,23.80811],[89.55121,23.81366],[89.52253,23.81679],[89.46257,23.84268],[89.43156,23.86745],[89.40893,23.88173],[89.39033,23.90481],[89.3646,23.9107],[89.3635,23.89196],[89.35535,23.88594],[89.31203,23.87438],[89.30387,23.88878],[89.27351,23.90133],[89.2691,23.88097],[89.25862,23.88474],[89.26236,23.90979],[89.25284,23.9228],[89.25133,23.93375],[89.24052,23.93921],[89.2354,23.94971],[89.237,23.97289],[89.21594,23.97268],[89.21628,23.98849],[89.17777,23.98742],[89.17936,23.96208],[89.17026,23.95107],[89.14828,23.95056],[89.12489,23.96242],[89.0993,23.95987],[89.0962,23.97253],[89.07276,23.97788],[89.06263,23.99162],[89.04813,24.01962],[89.03089,24.07149],[89.02549,24.09361],[89.00668,24.11812],[89.01213,24.14397],[88.99809,24.15685],[89.03226,24.16619],[89.03388,24.14752],[89.0411,24.14043],[89.0519,24.14115],[89.05604,24.1509],[89.06752,24.15],[89.08143,24.156],[89.09539,24.15682],[89.10984,24.16524],[89.13852,24.16762],[89.15603,24.17296],[89.17503,24.20067],[89.18944,24.19794],[89.20105,24.20777],[89.21527,24.21174],[89.23168,24.24498],[89.23329,24.25724],[89.24166,24.27564],[89.25493,24.27346],[89.27668,24.30471],[89.28595,24.30463],[89.28727,24.33076],[89.31036,24.33546],[89.31864,24.35307],[89.33347,24.34873],[89.35598,24.349],[89.36596,24.35388],[89.37967,24.34136],[89.40072,24.33157],[89.3987,24.32328],[89.41845,24.32168],[89.42545,24.30705],[89.42058,24.28316],[89.42903,24.26867],[89.42844,24.24833],[89.44279,24.26281],[89.45942,24.26217],[89.46316,24.25101],[89.45741,24.2307],[89.46904,24.23053],[89.46943,24.20083],[89.48591,24.20375],[89.49003,24.21728],[89.50205,24.21687],[89.51736,24.18912],[89.51786,24.17879],[89.53512,24.1728],[89.52306,24.15069],[89.52929,24.13653],[89.53873,24.12865],[89.5522,24.12928],[89.56358,24.12363],[89.55936,24.11136],[89.58122,24.11132],[89.59311,24.1024],[89.61699,24.09531],[89.63018,24.08327],[89.63733,24.08675],[89.68174,24.06172],[89.68381,24.04164],[89.69767,24.03622],[89.70243,24.02438],[89.72158,24.01353]]]}},{"type":"Feature","properties":{"district_id":"panchagarh","ADM2_PCODE":"BD5577","source_name":"Panchagarh"},"geometry":{"type":"Polygon","coordinates":[[[88.75926,26.30414],[88.76634,26.28461],[88.75814,26.26154],[88.76292,26.23612],[88.77323,26.2395],[88.79006,26.23039],[88.79601,26.21982],[88.79783,26.20338],[88.79387,26.18932],[88.78207,26.18147],[88.77896,26.16605],[88.78608,26.14759],[88.78355,26.13258],[88.789,26.12316],[88.77453,26.10615],[88.76723,26.08779],[88.77856,26.06406],[88.76184,26.04155],[88.75876,26.02453],[88.74392,26.02407],[88.73495,26.01468],[88.72572,26.01625],[88.71762,26.00743],[88.70045,26.00766],[88.70007,26.01524],[88.67346,26.01281],[88.66339,26.01726],[88.64521,26.04357],[88.62987,26.04936],[88.62676,26.05593],[88.63556,26.0675],[88.63636,26.07887],[88.64599,26.09026],[88.63789,26.10718],[88.6226,26.12911],[88.59827,26.14386],[88.58595,26.14375],[88.57084,26.15195],[88.55728,26.17869],[88.5425,26.18559],[88.52216,26.18025],[88.51648,26.20088],[88.49873,26.20348],[88.43621,26.19782],[88.4282,26.20227],[88.40464,26.19484],[88.38539,26.20082],[88.38369,26.18215],[88.35158,26.18229],[88.33514,26.18725],[88.32139,26.20437],[88.32306,26.21034],[88.34781,26.22198],[88.35922,26.24294],[88.34959,26.25182],[88.34944,26.28145],[88.37943,26.30963],[88.40698,26.32375],[88.41268,26.33697],[88.43555,26.33586],[88.44646,26.36503],[88.46316,26.35736],[88.48832,26.36036],[88.51852,26.35185],[88.52217,26.36723],[88.51282,26.37824],[88.51564,26.3856],[88.50482,26.39898],[88.51012,26.40561],[88.49071,26.42861],[88.49616,26.4372],[88.48659,26.4454],[88.48092,26.46087],[88.45815,26.46673],[88.43707,26.46608],[88.42839,26.47302],[88.41531,26.46931],[88.40124,26.48323],[88.38768,26.47894],[88.36067,26.48485],[88.36097,26.46146],[88.35098,26.45426],[88.33206,26.4932],[88.34593,26.50534],[88.35938,26.53029],[88.35706,26.54136],[88.37041,26.55965],[88.37064,26.57679],[88.37963,26.59825],[88.39836,26.62594],[88.41513,26.63326],[88.42253,26.58286],[88.42112,26.5711],[88.43124,26.55016],[88.44817,26.53538],[88.45736,26.54494],[88.48431,26.53989],[88.48938,26.51424],[88.50804,26.51628],[88.51373,26.51068],[88.53013,26.48131],[88.55227,26.47716],[88.56297,26.45764],[88.59459,26.45231],[88.59585,26.46928],[88.62285,26.47116],[88.63043,26.43474],[88.64976,26.42969],[88.65049,26.41562],[88.66039,26.41641],[88.66774,26.40731],[88.6817,26.40804],[88.67812,26.39353],[88.68914,26.36376],[88.69792,26.35161],[88.69506,26.34424],[88.71236,26.33783],[88.72958,26.34813],[88.74392,26.34883],[88.74645,26.32247],[88.73058,26.32375],[88.71498,26.31806],[88.6825,26.31261],[88.67824,26.30437],[88.69889,26.28555],[88.6862,26.28212],[88.68067,26.29528],[88.67062,26.29829],[88.66761,26.27204],[88.67806,26.26425],[88.69003,26.26673],[88.69579,26.27954],[88.72195,26.28293],[88.71975,26.2931],[88.73726,26.29351],[88.74663,26.31111],[88.75926,26.30414]]]}},{"type":"Feature","properties":{"district_id":"patuakhali","ADM2_PCODE":"BD1078","source_name":"Patuakhali"},"geometry":{"type":"MultiPolygon","coordinates":[[[[90.48002,21.80127],[90.46332,21.80562],[90.46683,21.81718],[90.47722,21.81327],[90.48002,21.80127]]],[[[90.38092,21.85421],[90.38389,21.83747],[90.36876,21.83607],[90.36689,21.84473],[90.38092,21.85421]]],[[[90.43478,21.83172],[90.43513,21.84841],[90.45463,21.86021],[90.45748,21.83879],[90.43478,21.83172]]],[[[90.54129,21.85359],[90.5244,21.82879],[90.50104,21.81246],[90.48149,21.81467],[90.47574,21.82549],[90.48169,21.84359],[90.50223,21.85993],[90.52395,21.86115],[90.54129,21.85359]]],[[[90.55308,21.8639],[90.54435,21.85781],[90.50356,21.86617],[90.51539,21.88066],[90.52896,21.8866],[90.55093,21.87065],[90.55308,21.8639]]],[[[90.46845,21.84916],[90.46379,21.85596],[90.46757,21.86885],[90.48097,21.88665],[90.48635,21.87167],[90.48138,21.856],[90.46845,21.84916]]],[[[90.49287,21.87557],[90.48797,21.88816],[90.49193,21.90254],[90.4997,21.91054],[90.51136,21.89105],[90.49287,21.87557]]],[[[90.42415,21.88205],[90.42059,21.8931],[90.42732,21.89925],[90.45989,21.91039],[90.45117,21.89072],[90.42415,21.88205]]],[[[90.11033,21.89838],[90.10777,21.91313],[90.11469,21.92582],[90.11033,21.89838]]],[[[90.60695,21.92382],[90.61003,21.96356],[90.61496,21.95782],[90.61267,21.9337],[90.60695,21.92382]]],[[[90.58729,21.98394],[90.58682,21.97425],[90.60179,21.96757],[90.589,21.92107],[90.57631,21.88248],[90.56076,21.88029],[90.51713,21.89152],[90.50785,21.90977],[90.50705,21.92387],[90.51518,21.93881],[90.52985,21.95703],[90.56271,21.98594],[90.58729,21.98394]]],[[[90.30049,21.95369],[90.2963,21.93725],[90.26729,21.87572],[90.25865,21.84404],[90.21948,21.80621],[90.18497,21.79773],[90.16337,21.8003],[90.12827,21.80984],[90.10058,21.82269],[90.08548,21.83927],[90.08284,21.85028],[90.09156,21.86711],[90.09991,21.86814],[90.11047,21.87853],[90.11906,21.90322],[90.11815,21.92521],[90.1447,21.9261],[90.14601,21.93819],[90.13668,21.95642],[90.16085,21.98169],[90.17424,21.97517],[90.1999,21.97892],[90.21224,21.98359],[90.2288,21.97738],[90.23831,21.96172],[90.2498,21.95177],[90.25992,21.95266],[90.27255,21.97812],[90.2917,21.99052],[90.3044,21.97419],[90.30049,21.95369]]],[[[90.58983,21.98687],[90.5672,21.99395],[90.57404,22.01386],[90.58245,22.02254],[90.5927,21.99605],[90.58983,21.98687]]],[[[90.38823,22.0372],[90.36085,22.00881],[90.35297,22.00859],[90.36458,22.03618],[90.3809,22.05353],[90.39012,22.04646],[90.38823,22.0372]]],[[[90.48448,21.98762],[90.49838,21.96025],[90.48383,21.93675],[90.46452,21.91885],[90.41304,21.89656],[90.40082,21.88555],[90.39318,21.87069],[90.37654,21.87437],[90.37,21.86214],[90.35805,21.85156],[90.33355,21.84635],[90.31339,21.85452],[90.3068,21.88317],[90.32714,21.91628],[90.33905,21.94648],[90.35429,21.9691],[90.35611,21.97913],[90.39806,22.01061],[90.42051,22.03322],[90.46384,22.05471],[90.47936,22.02947],[90.48082,22.00347],[90.48448,21.98762]]],[[[90.39928,22.05519],[90.39233,22.04744],[90.38101,22.05493],[90.36798,22.04964],[90.35166,22.01042],[90.3407,22.00799],[90.34016,22.02227],[90.36457,22.06054],[90.39541,22.08595],[90.42606,22.07578],[90.39928,22.05519]]],[[[90.57856,22.05148],[90.55286,22.01719],[90.5312,21.99613],[90.50844,21.96097],[90.48504,22.01186],[90.49007,22.02245],[90.48113,22.04928],[90.48513,22.07374],[90.50121,22.09392],[90.53906,22.13641],[90.54985,22.15894],[90.57741,22.18366],[90.58555,22.18478],[90.57257,22.1468],[90.58466,22.14019],[90.58117,22.12037],[90.58597,22.10271],[90.58585,22.08736],[90.58112,22.07395],[90.57856,22.05148]]],[[[90.57001,22.19229],[90.57935,22.22536],[90.58534,22.21016],[90.57001,22.19229]]],[[[90.62154,22.24348],[90.58676,22.18904],[90.57751,22.19068],[90.58653,22.20633],[90.59204,22.2272],[90.58947,22.24098],[90.62154,22.24348]]],[[[90.53937,22.56334],[90.57576,22.54346],[90.59151,22.52933],[90.59285,22.51974],[90.60558,22.49985],[90.60929,22.48599],[90.5893,22.44943],[90.5863,22.42841],[90.58995,22.42012],[90.60789,22.40412],[90.61496,22.40711],[90.59178,22.42482],[90.59465,22.44527],[90.61754,22.47581],[90.63235,22.46298],[90.63447,22.45997],[90.64456,22.4519],[90.63872,22.41834],[90.64315,22.38136],[90.65698,22.38309],[90.65824,22.36603],[90.66072,22.35585],[90.66249,22.34022],[90.66057,22.31766],[90.64335,22.31392],[90.64618,22.30668],[90.63444,22.28694],[90.62051,22.27528],[90.61809,22.29508],[90.62708,22.30962],[90.61153,22.31327],[90.60283,22.28495],[90.59387,22.26696],[90.582,22.25424],[90.55517,22.2343],[90.52934,22.20733],[90.51844,22.17648],[90.5025,22.16649],[90.48806,22.13958],[90.46507,22.10914],[90.44078,22.08378],[90.40785,22.08348],[90.39083,22.0894],[90.38677,22.10567],[90.388,22.12139],[90.40091,22.13336],[90.4063,22.15172],[90.40454,22.16452],[90.41057,22.17508],[90.42701,22.17898],[90.42658,22.18759],[90.40123,22.17516],[90.39585,22.1646],[90.39849,22.14909],[90.38552,22.13734],[90.3764,22.12056],[90.3739,22.10799],[90.3781,22.08656],[90.37439,22.07878],[90.34593,22.06264],[90.32937,22.04178],[90.32306,22.0186],[90.30755,21.98225],[90.29783,21.99202],[90.28381,21.99274],[90.26949,21.98172],[90.2555,21.95363],[90.24012,21.96464],[90.22696,21.98034],[90.21037,21.98588],[90.17366,21.97742],[90.1639,21.98407],[90.15567,21.98336],[90.14742,21.97477],[90.1535,21.98256],[90.15892,21.98672],[90.17152,21.9813],[90.19117,21.98469],[90.1787,22.00249],[90.1847,22.01094],[90.18031,22.02237],[90.19663,22.02053],[90.21121,22.0484],[90.1911,22.06049],[90.1855,22.08414],[90.19982,22.09194],[90.20599,22.078],[90.21783,22.06474],[90.23435,22.05893],[90.22718,22.05001],[90.23603,22.04217],[90.24083,22.02664],[90.24761,22.02016],[90.25613,22.03303],[90.27637,22.03089],[90.28894,22.05727],[90.29125,22.07163],[90.31736,22.08223],[90.33351,22.09982],[90.34149,22.11923],[90.33836,22.13486],[90.33681,22.16594],[90.3498,22.18058],[90.3655,22.18771],[90.35188,22.19549],[90.36321,22.21525],[90.34307,22.23847],[90.32831,22.2464],[90.33076,22.26309],[90.31317,22.25359],[90.30415,22.24449],[90.28886,22.24344],[90.27179,22.26261],[90.24568,22.26161],[90.23627,22.24832],[90.23284,22.22745],[90.22496,22.21712],[90.20909,22.22192],[90.17907,22.23559],[90.1614,22.24663],[90.14794,22.27301],[90.14344,22.28957],[90.14571,22.31247],[90.1564,22.31037],[90.15933,22.32174],[90.17839,22.33989],[90.18658,22.36634],[90.18767,22.39513],[90.19575,22.41494],[90.21134,22.41816],[90.23035,22.45329],[90.26366,22.46261],[90.26775,22.47036],[90.29263,22.46873],[90.30523,22.4728],[90.31106,22.48175],[90.32199,22.48105],[90.33596,22.46841],[90.35797,22.49187],[90.36182,22.50378],[90.37109,22.50149],[90.39225,22.48459],[90.41085,22.48051],[90.42449,22.46204],[90.4302,22.4637],[90.44065,22.48679],[90.44013,22.51036],[90.45673,22.53522],[90.47723,22.5323],[90.49759,22.54527],[90.51414,22.53491],[90.52851,22.54694],[90.52014,22.55903],[90.53937,22.56334]]],[[[90.57522,22.57046],[90.58623,22.54736],[90.55888,22.56601],[90.55187,22.57688],[90.55774,22.58827],[90.57468,22.5712],[90.57522,22.57046]]],[[[90.55435,22.59264],[90.55716,22.58902],[90.54678,22.59254],[90.55435,22.59264]]]]}},{"type":"Feature","properties":{"district_id":"pirojpur","ADM2_PCODE":"BD1079","source_name":"Pirojpur"},"geometry":{"type":"MultiPolygon","coordinates":[[[[89.88929,22.15819],[89.88774,22.16524],[89.89093,22.15827],[89.88929,22.15819]]],[[[90.17715,22.75268],[90.18331,22.7458],[90.17946,22.73508],[90.15885,22.72026],[90.15529,22.70477],[90.14295,22.68662],[90.13814,22.67356],[90.09871,22.65686],[90.09656,22.63944],[90.10637,22.62112],[90.10817,22.60543],[90.10053,22.59451],[90.07743,22.58781],[90.06367,22.59443],[90.05594,22.5795],[90.06569,22.55276],[90.06739,22.52924],[90.06454,22.50842],[90.08505,22.48786],[90.10056,22.49935],[90.13399,22.4869],[90.12323,22.46794],[90.10545,22.45389],[90.10071,22.44466],[90.07678,22.44021],[90.06562,22.46175],[90.05622,22.45382],[90.05547,22.44169],[90.02728,22.44283],[90.02907,22.41916],[90.03865,22.40181],[90.0229,22.39441],[90.019,22.37183],[90.03604,22.37109],[90.05581,22.35644],[90.05086,22.33691],[90.05289,22.31465],[90.04184,22.31704],[90.03919,22.30471],[90.02399,22.29311],[90.02025,22.27528],[90.02921,22.25983],[90.01888,22.23087],[89.99871,22.22914],[90.00055,22.2143],[89.9776,22.20256],[89.9639,22.20751],[89.96899,22.19101],[89.95882,22.18271],[89.95551,22.17102],[89.94296,22.17643],[89.93082,22.16257],[89.90719,22.15876],[89.89761,22.17827],[89.88587,22.17727],[89.87587,22.20999],[89.86478,22.22565],[89.85782,22.25612],[89.86236,22.29113],[89.87571,22.32013],[89.89193,22.34087],[89.90035,22.36126],[89.8982,22.38232],[89.8751,22.40615],[89.87089,22.41714],[89.87743,22.42827],[89.91073,22.44729],[89.93002,22.44633],[89.93984,22.45336],[89.94456,22.46638],[89.93819,22.47525],[89.92543,22.47783],[89.91271,22.47362],[89.897,22.47494],[89.88409,22.48561],[89.88193,22.49627],[89.89164,22.50684],[89.9139,22.50539],[89.9317,22.49679],[89.94987,22.49223],[89.96485,22.49251],[89.96463,22.50768],[89.9318,22.5081],[89.92346,22.5125],[89.9443,22.53796],[89.95805,22.56413],[89.96267,22.58912],[89.95774,22.59859],[89.92064,22.60616],[89.92721,22.64088],[89.924,22.64548],[89.8959,22.65627],[89.89008,22.66383],[89.89994,22.67285],[89.91409,22.65976],[89.93709,22.67944],[89.92087,22.69161],[89.90329,22.69537],[89.86729,22.6918],[89.86247,22.70195],[89.90273,22.72506],[89.93242,22.72556],[89.93055,22.7535],[89.91545,22.75153],[89.90538,22.77435],[89.91687,22.77724],[89.93162,22.7941],[89.91575,22.79826],[89.91532,22.80737],[89.92892,22.81598],[89.94579,22.8317],[89.94031,22.84539],[89.94378,22.85649],[89.96703,22.85366],[89.98682,22.86555],[90.00954,22.86696],[90.01837,22.87104],[90.03473,22.86552],[90.03442,22.83908],[90.02774,22.81755],[90.04404,22.8245],[90.06848,22.80048],[90.07973,22.7839],[90.09305,22.78545],[90.10625,22.77452],[90.11459,22.77807],[90.14066,22.75988],[90.15222,22.76285],[90.17715,22.75268]]]]}},{"type":"Feature","properties":{"district_id":"rajbari","ADM2_PCODE":"BD3082","source_name":"Rajbari"},"geometry":{"type":"Polygon","coordinates":[[[89.73274,23.83537],[89.77094,23.83329],[89.77736,23.8033],[89.7821,23.79634],[89.81076,23.77285],[89.81622,23.76409],[89.83582,23.75099],[89.83972,23.74218],[89.8554,23.73087],[89.8649,23.71887],[89.84079,23.70873],[89.81833,23.71515],[89.81051,23.72126],[89.79269,23.7086],[89.78984,23.68289],[89.7625,23.68097],[89.75573,23.66655],[89.72829,23.66617],[89.73136,23.6362],[89.72841,23.61911],[89.74692,23.60732],[89.75461,23.59785],[89.75218,23.59001],[89.72957,23.58165],[89.71311,23.58937],[89.69076,23.58963],[89.66946,23.58562],[89.67247,23.59669],[89.66796,23.60753],[89.65474,23.60961],[89.64627,23.59079],[89.61778,23.58933],[89.60501,23.59505],[89.5859,23.59439],[89.56481,23.60403],[89.56191,23.59184],[89.54822,23.59092],[89.54225,23.57679],[89.52938,23.57088],[89.52068,23.58589],[89.50707,23.58674],[89.49732,23.57906],[89.48423,23.59276],[89.47061,23.59713],[89.48212,23.61991],[89.4701,23.63477],[89.442,23.63892],[89.43626,23.64577],[89.43951,23.65885],[89.41622,23.67368],[89.41127,23.68187],[89.3857,23.67651],[89.37516,23.66471],[89.36649,23.66412],[89.32161,23.70299],[89.32255,23.71316],[89.31149,23.71945],[89.31203,23.72901],[89.29816,23.73602],[89.31503,23.74749],[89.32199,23.76601],[89.31107,23.77616],[89.3302,23.77854],[89.32964,23.80428],[89.33686,23.81909],[89.33646,23.82875],[89.35133,23.84113],[89.35243,23.86233],[89.36077,23.88278],[89.35535,23.88594],[89.3635,23.89196],[89.3646,23.9107],[89.39033,23.90481],[89.40893,23.88173],[89.43156,23.86745],[89.46257,23.84268],[89.52253,23.81679],[89.55121,23.81366],[89.57153,23.80811],[89.58349,23.81442],[89.63659,23.80927],[89.6499,23.81246],[89.66385,23.80932],[89.69203,23.81342],[89.73274,23.83537]]]}},{"type":"Feature","properties":{"district_id":"rajshahi","ADM2_PCODE":"BD5081","source_name":"Rajshahi"},"geometry":{"type":"Polygon","coordinates":[[[88.50557,24.71863],[88.51861,24.7081],[88.52667,24.70917],[88.54771,24.70059],[88.56797,24.70488],[88.57602,24.6963],[88.57118,24.68088],[88.57834,24.67624],[88.58945,24.68445],[88.59352,24.69843],[88.60997,24.70392],[88.62453,24.69547],[88.63015,24.65217],[88.62361,24.64528],[88.63261,24.62135],[88.63963,24.6173],[88.68267,24.637],[88.70452,24.62849],[88.70282,24.66325],[88.72005,24.66787],[88.73535,24.66377],[88.74267,24.68346],[88.75678,24.67052],[88.76805,24.66754],[88.80221,24.68551],[88.81474,24.6715],[88.81089,24.65806],[88.82266,24.65287],[88.83289,24.65851],[88.86005,24.65677],[88.87483,24.63724],[88.90958,24.64323],[88.91074,24.63338],[88.92411,24.61783],[88.92657,24.59804],[88.93355,24.58866],[88.94495,24.58768],[88.95467,24.57914],[88.96329,24.5836],[88.96251,24.54936],[88.94717,24.54512],[88.93562,24.53618],[88.92363,24.54416],[88.89657,24.53487],[88.8937,24.52035],[88.89907,24.51141],[88.92388,24.51709],[88.9031,24.48661],[88.89258,24.47512],[88.90007,24.46424],[88.90163,24.44997],[88.89716,24.44001],[88.90246,24.40796],[88.89003,24.38327],[88.89638,24.37842],[88.89224,24.36516],[88.87233,24.36052],[88.86174,24.36279],[88.84758,24.34178],[88.85057,24.33004],[88.84687,24.31921],[88.85975,24.30435],[88.86607,24.31092],[88.88576,24.29445],[88.90268,24.29028],[88.90002,24.27106],[88.90711,24.25764],[88.91487,24.25512],[88.91533,24.24059],[88.89759,24.23788],[88.89872,24.23049],[88.8719,24.22677],[88.87607,24.20108],[88.86909,24.17481],[88.87592,24.16499],[88.89537,24.15814],[88.88278,24.13039],[88.87174,24.13039],[88.86071,24.11183],[88.84372,24.12588],[88.8195,24.12113],[88.80709,24.12407],[88.78455,24.13498],[88.75722,24.16182],[88.73822,24.19359],[88.73342,24.19388],[88.7345,24.22236],[88.7409,24.25403],[88.7354,24.27657],[88.72474,24.29788],[88.70628,24.31188],[88.69652,24.31543],[88.6589,24.31452],[88.6285,24.30519],[88.62367,24.3156],[88.58804,24.31198],[88.58709,24.3242],[88.56758,24.32671],[88.55505,24.29341],[88.52711,24.34447],[88.50786,24.34256],[88.49594,24.35449],[88.48353,24.35714],[88.44633,24.37867],[88.43034,24.38377],[88.38939,24.37191],[88.35702,24.37366],[88.32827,24.38498],[88.29169,24.41636],[88.32043,24.43732],[88.33089,24.44763],[88.31538,24.46116],[88.304,24.49377],[88.30991,24.50587],[88.31039,24.53637],[88.30179,24.5584],[88.30571,24.5701],[88.31841,24.56934],[88.33159,24.58624],[88.34495,24.58599],[88.35493,24.59484],[88.375,24.60349],[88.3913,24.60011],[88.41027,24.609],[88.42681,24.63349],[88.43342,24.65051],[88.43475,24.66632],[88.44873,24.66186],[88.48632,24.6593],[88.48854,24.67608],[88.48051,24.67882],[88.47258,24.6688],[88.45538,24.67811],[88.45992,24.68485],[88.47482,24.68419],[88.48973,24.69033],[88.48787,24.70652],[88.50557,24.71863]]]}},{"type":"Feature","properties":{"district_id":"rangamati","ADM2_PCODE":"BD2084","source_name":"Rangamati"},"geometry":{"type":"Polygon","coordinates":[[[92.61391,21.85191],[92.58691,21.88053],[92.57759,21.90133],[92.56974,21.92799],[92.54786,21.97202],[92.53811,21.98853],[92.52323,22.02703],[92.51562,22.0679],[92.50139,22.10192],[92.49789,22.12193],[92.49786,22.14814],[92.48274,22.22218],[92.46585,22.25151],[92.43741,22.27765],[92.41311,22.30282],[92.38371,22.32846],[92.36193,22.34086],[92.33602,22.34453],[92.27972,22.35546],[92.26381,22.34389],[92.22127,22.33059],[92.19553,22.33228],[92.19742,22.34323],[92.18363,22.34739],[92.14594,22.34774],[92.13168,22.37003],[92.12245,22.36584],[92.09921,22.40082],[92.11855,22.41608],[92.12783,22.43085],[92.13617,22.43102],[92.14044,22.44846],[92.1283,22.45851],[92.12857,22.4925],[92.11659,22.52901],[92.10973,22.52906],[92.10674,22.55639],[92.10058,22.57708],[92.08617,22.58528],[92.08102,22.5943],[92.08027,22.60966],[92.06999,22.61458],[92.04142,22.61101],[92.03286,22.61304],[92.01286,22.60494],[92.00641,22.58163],[92.01724,22.56921],[92.01471,22.54877],[92.02739,22.52868],[92.01735,22.51761],[92.02157,22.50926],[92.01636,22.49943],[92.00491,22.49494],[91.99659,22.48485],[91.98102,22.4841],[91.97041,22.49573],[91.97824,22.50793],[91.96176,22.57357],[91.93888,22.62394],[91.93884,22.64109],[91.93472,22.65711],[91.94306,22.66839],[91.92573,22.68037],[91.92755,22.68871],[91.96267,22.69116],[91.96664,22.71779],[91.99424,22.72055],[92.00141,22.72681],[91.99644,22.7426],[91.97759,22.78115],[91.9746,22.79643],[91.97812,22.82865],[91.98128,22.83494],[92.00018,22.84174],[92.01887,22.88401],[92.03707,22.88359],[92.04913,22.88988],[92.05966,22.9047],[92.06165,22.91792],[92.06911,22.93258],[92.07894,22.93956],[92.11831,22.95861],[92.10424,23.00465],[92.08982,23.03265],[92.07174,23.07269],[92.11402,23.07973],[92.13631,23.09489],[92.14255,23.08926],[92.17256,23.09681],[92.18108,23.10195],[92.15237,23.15625],[92.14816,23.17308],[92.13776,23.1926],[92.13017,23.22447],[92.12634,23.26944],[92.12476,23.31942],[92.07263,23.35231],[92.04929,23.36529],[92.08546,23.39403],[92.12407,23.41606],[92.13697,23.43043],[92.12331,23.52914],[92.11565,23.55599],[92.10418,23.58552],[92.08195,23.63333],[92.07379,23.64759],[92.07785,23.65231],[92.08307,23.68013],[92.0997,23.67679],[92.10718,23.68947],[92.12076,23.69279],[92.14209,23.7254],[92.1442,23.73322],[92.16235,23.73971],[92.17179,23.73871],[92.16959,23.72337],[92.18558,23.71062],[92.20697,23.70065],[92.2125,23.68124],[92.20644,23.67516],[92.20672,23.6611],[92.21251,23.65289],[92.22569,23.65525],[92.23661,23.69295],[92.24252,23.69908],[92.23708,23.71133],[92.24941,23.72431],[92.26437,23.72479],[92.2782,23.71752],[92.28976,23.70003],[92.29085,23.69096],[92.28343,23.66193],[92.27336,23.64395],[92.27643,23.6316],[92.28792,23.62907],[92.2893,23.59793],[92.29818,23.59259],[92.3081,23.57776],[92.31166,23.5599],[92.30687,23.53603],[92.31394,23.53314],[92.31315,23.51965],[92.31876,23.50804],[92.32371,23.47379],[92.33083,23.46015],[92.32857,23.45002],[92.33545,23.43324],[92.34626,23.43341],[92.34752,23.41332],[92.35292,23.39948],[92.35611,23.37275],[92.37905,23.36211],[92.38079,23.35169],[92.36816,23.32563],[92.37086,23.31844],[92.38569,23.30626],[92.38093,23.28528],[92.38799,23.28153],[92.39839,23.25579],[92.40131,23.23671],[92.35068,23.23425],[92.35335,23.2243],[92.35395,23.18475],[92.36258,23.16035],[92.35767,23.13458],[92.36552,23.12714],[92.35821,23.10586],[92.37502,23.08466],[92.39211,23.0539],[92.38014,23.01625],[92.38504,22.99276],[92.37431,22.9701],[92.37758,22.95533],[92.3727,22.9402],[92.37987,22.92956],[92.39783,22.92943],[92.4036,22.91821],[92.42093,22.90806],[92.4362,22.88557],[92.45028,22.88954],[92.44821,22.87703],[92.45997,22.85055],[92.45518,22.82576],[92.4712,22.79808],[92.46932,22.78213],[92.4756,22.77089],[92.47377,22.75955],[92.49101,22.74128],[92.50774,22.73688],[92.5174,22.71587],[92.51881,22.68796],[92.52547,22.67183],[92.52348,22.65542],[92.52862,22.61589],[92.53808,22.57531],[92.52417,22.55786],[92.53981,22.54086],[92.53944,22.5286],[92.55009,22.51445],[92.54391,22.49477],[92.5458,22.46865],[92.55436,22.43631],[92.55236,22.41307],[92.55932,22.3999],[92.56861,22.36017],[92.57509,22.34242],[92.58144,22.30872],[92.58528,22.27655],[92.58099,22.26928],[92.58941,22.25416],[92.59175,22.23934],[92.58821,22.23075],[92.59655,22.19036],[92.59646,22.17548],[92.60662,22.16608],[92.61055,22.13795],[92.60548,22.12331],[92.5893,22.13075],[92.58168,22.14211],[92.56251,22.12827],[92.57516,22.1162],[92.58496,22.08248],[92.59528,22.06219],[92.59785,22.04794],[92.59264,22.04113],[92.60054,22.02248],[92.59745,22.01298],[92.61229,21.99279],[92.60352,21.98288],[92.61757,21.93986],[92.61024,21.92973],[92.6196,21.92345],[92.62588,21.90894],[92.63099,21.88093],[92.63181,21.86323],[92.61891,21.85948],[92.61391,21.85191]]]}},{"type":"Feature","properties":{"district_id":"rangpur","ADM2_PCODE":"BD5585","source_name":"Rangpur"},"geometry":{"type":"Polygon","coordinates":[[[89.14184,25.96417],[89.15325,25.95495],[89.18034,25.95243],[89.19205,25.94261],[89.20151,25.94447],[89.2119,25.92728],[89.23517,25.90455],[89.25891,25.89754],[89.26472,25.89029],[89.28192,25.89609],[89.29578,25.87651],[89.31629,25.85794],[89.3348,25.85036],[89.33455,25.83726],[89.35069,25.82203],[89.37048,25.81214],[89.37627,25.80427],[89.39212,25.79612],[89.4244,25.79381],[89.42939,25.78849],[89.45919,25.78638],[89.46294,25.78617],[89.47968,25.76289],[89.48194,25.75275],[89.4991,25.7482],[89.49781,25.72984],[89.48648,25.72268],[89.49421,25.71267],[89.50825,25.7173],[89.51964,25.68017],[89.51432,25.6584],[89.52092,25.64549],[89.53589,25.64899],[89.51338,25.61935],[89.49693,25.62197],[89.48948,25.60427],[89.48649,25.58103],[89.4655,25.59766],[89.44295,25.58444],[89.41288,25.58835],[89.40822,25.57101],[89.41126,25.53651],[89.4397,25.52976],[89.43404,25.5205],[89.43979,25.5121],[89.4421,25.48832],[89.43427,25.48762],[89.43002,25.47427],[89.41453,25.46294],[89.39814,25.45973],[89.39141,25.44184],[89.38034,25.44375],[89.37835,25.41002],[89.36617,25.40322],[89.36373,25.38869],[89.34314,25.36675],[89.34515,25.35439],[89.34029,25.34237],[89.34689,25.33686],[89.33021,25.32193],[89.34586,25.31468],[89.34276,25.3043],[89.31349,25.29945],[89.28066,25.30135],[89.26098,25.31447],[89.23782,25.31914],[89.23522,25.33304],[89.22708,25.34404],[89.23463,25.35136],[89.2318,25.36103],[89.22152,25.36561],[89.20489,25.38885],[89.16017,25.40279],[89.14866,25.41661],[89.1485,25.43392],[89.1377,25.44583],[89.12491,25.45182],[89.12309,25.46557],[89.10633,25.47175],[89.1039,25.49981],[89.1067,25.50678],[89.10095,25.54287],[89.09339,25.54534],[89.1031,25.56225],[89.06055,25.5883],[89.04695,25.58386],[89.04459,25.59846],[89.03831,25.60398],[89.01601,25.60251],[89.00973,25.61946],[89.00017,25.62058],[89.00119,25.64907],[88.9916,25.66072],[88.97958,25.65686],[88.97813,25.66878],[88.93898,25.68567],[88.93805,25.6994],[88.93198,25.7062],[88.93085,25.72092],[88.94626,25.72707],[88.94107,25.73433],[88.95431,25.74629],[88.94389,25.76057],[88.94538,25.77477],[88.96183,25.78433],[88.95179,25.80312],[88.95669,25.81383],[88.97335,25.80728],[88.98572,25.8074],[88.9912,25.81438],[89.00394,25.81219],[89.01277,25.81927],[89.04526,25.81619],[89.06201,25.8341],[89.08884,25.83121],[89.08901,25.8479],[89.10039,25.85126],[89.09611,25.8614],[89.10257,25.87522],[89.11515,25.88178],[89.09787,25.90575],[89.10321,25.91133],[89.10185,25.93915],[89.1094,25.95938],[89.14184,25.96417]]]}},{"type":"Feature","properties":{"district_id":"satkhira","ADM2_PCODE":"BD4087","source_name":"Satkhira"},"geometry":{"type":"MultiPolygon","coordinates":[[[[89.24623,21.68914],[89.25891,21.69691],[89.27775,21.69526],[89.29146,21.69012],[89.29128,21.68175],[89.27961,21.66933],[89.25866,21.6583],[89.23149,21.65286],[89.20817,21.65747],[89.22391,21.69573],[89.24623,21.68914]]],[[[89.27572,21.75552],[89.284,21.7503],[89.2885,21.73167],[89.27751,21.70312],[89.25467,21.69919],[89.24781,21.69199],[89.23656,21.69594],[89.21974,21.73799],[89.23051,21.75245],[89.26326,21.75815],[89.27572,21.75552]]],[[[89.21205,21.82177],[89.23118,21.82134],[89.2348,21.81101],[89.25784,21.79452],[89.28179,21.7928],[89.28696,21.78189],[89.28427,21.76687],[89.27558,21.7598],[89.24426,21.75923],[89.21864,21.75223],[89.20899,21.77073],[89.19534,21.78126],[89.19007,21.79075],[89.19077,21.82503],[89.21205,21.82177]]],[[[89.27093,21.8175],[89.28054,21.80043],[89.26981,21.79379],[89.25734,21.79712],[89.24281,21.80933],[89.26507,21.83254],[89.27093,21.8175]]],[[[89.10432,21.78113],[89.13036,21.76989],[89.13468,21.75696],[89.14304,21.75528],[89.14633,21.73493],[89.1378,21.72327],[89.11805,21.71906],[89.10711,21.72263],[89.10282,21.73337],[89.09203,21.74009],[89.06736,21.77357],[89.04454,21.78754],[89.05809,21.82954],[89.06051,21.85451],[89.05363,21.87641],[89.03405,21.89447],[89.03353,21.91491],[89.03726,21.92019],[89.0593,21.91893],[89.05724,21.8996],[89.06145,21.88391],[89.08346,21.85736],[89.07627,21.82845],[89.07702,21.81158],[89.08359,21.7966],[89.10432,21.78113]]],[[[89.30098,21.83806],[89.30173,21.82606],[89.2938,21.82153],[89.28114,21.83497],[89.29407,21.83942],[89.29801,21.85502],[89.30806,21.8696],[89.29118,21.8798],[89.31965,21.91411],[89.32115,21.91698],[89.31852,21.92079],[89.30047,21.92822],[89.29038,21.93894],[89.29037,21.95135],[89.29822,21.95589],[89.29341,21.96339],[89.29869,21.9659],[89.30287,21.97163],[89.29979,21.99233],[89.30965,21.99159],[89.3371,21.96093],[89.3482,21.94228],[89.35837,21.9144],[89.35982,21.90007],[89.33863,21.89028],[89.32303,21.87898],[89.30817,21.86018],[89.30098,21.83806]]],[[[89.1853,22.02191],[89.19491,22.00258],[89.24199,21.98763],[89.24158,21.98276],[89.21154,21.96817],[89.20463,21.96233],[89.20185,21.94897],[89.21307,21.9332],[89.2412,21.92831],[89.2493,21.91161],[89.26237,21.90661],[89.28407,21.90579],[89.26888,21.88429],[89.26729,21.87082],[89.27377,21.85569],[89.26306,21.83557],[89.25603,21.8354],[89.24813,21.818],[89.23148,21.82371],[89.20959,21.82461],[89.19387,21.83003],[89.19937,21.84937],[89.20336,21.89046],[89.21343,21.91283],[89.20444,21.92292],[89.18057,21.9263],[89.1587,21.9247],[89.14942,21.92842],[89.14051,21.94782],[89.14456,21.9639],[89.15661,21.97493],[89.17072,21.99427],[89.16517,22.01852],[89.1853,22.02191]]],[[[89.12373,22.04617],[89.11585,22.03099],[89.12736,22.02617],[89.13135,22.0087],[89.12946,21.99708],[89.1158,21.99117],[89.11883,21.97949],[89.10802,21.97816],[89.10639,21.96037],[89.11552,21.95207],[89.10289,21.94207],[89.09673,21.94074],[89.09346,21.96129],[89.09559,21.97859],[89.09081,22.01497],[89.09573,22.02163],[89.09312,22.03857],[89.11107,22.05219],[89.12093,22.06957],[89.13613,22.06639],[89.12714,22.05692],[89.12373,22.04617]]],[[[89.14955,22.02811],[89.16247,22.00235],[89.16254,21.99324],[89.13907,21.9737],[89.13125,21.94917],[89.13939,21.92239],[89.15407,21.91369],[89.18506,21.91571],[89.20109,21.91196],[89.18768,21.88188],[89.18307,21.85527],[89.18486,21.83731],[89.17174,21.82215],[89.16756,21.80308],[89.15444,21.79528],[89.13953,21.79668],[89.09909,21.81372],[89.10377,21.82202],[89.10491,21.84672],[89.09846,21.87749],[89.0798,21.90367],[89.08202,21.92185],[89.09118,21.94729],[89.0987,21.93824],[89.11039,21.94492],[89.11693,21.95107],[89.1171,21.95584],[89.10832,21.95982],[89.1078,21.9751],[89.12085,21.979],[89.11653,21.98876],[89.13151,21.99756],[89.13305,22.00639],[89.12693,22.02781],[89.1175,22.03197],[89.12534,22.04645],[89.1276,22.05501],[89.14949,22.07667],[89.1735,22.06225],[89.15702,22.05628],[89.14694,22.03969],[89.14955,22.02811]]],[[[89.26135,22.08076],[89.28599,22.08772],[89.29292,22.08181],[89.28145,22.07203],[89.27732,22.05998],[89.28256,22.04465],[89.29201,22.0334],[89.30561,22.00061],[89.28725,21.98706],[89.29987,21.98235],[89.30217,21.97246],[89.29702,21.9659],[89.29304,21.96452],[89.29224,21.96139],[89.29608,21.95469],[89.29123,21.95255],[89.28866,21.94943],[89.28875,21.9395],[89.29556,21.93011],[89.30622,21.92366],[89.31859,21.91941],[89.31929,21.91697],[89.29077,21.88257],[89.28987,21.87755],[89.30633,21.86911],[89.29607,21.85721],[89.28461,21.8541],[89.2781,21.87592],[89.29265,21.89214],[89.29619,21.90593],[89.28935,21.91579],[89.27901,21.91998],[89.26145,21.91629],[89.25357,21.92902],[89.23859,21.94117],[89.21973,21.94486],[89.2101,21.95163],[89.21748,21.95943],[89.23635,21.96653],[89.24983,21.97786],[89.24867,21.99132],[89.22102,22.00631],[89.25067,22.04982],[89.25168,22.06974],[89.22551,22.09598],[89.23075,22.1001],[89.24801,22.09504],[89.26135,22.08076]]],[[[89.24674,22.83564],[89.25636,22.83134],[89.24562,22.81601],[89.25513,22.80936],[89.26367,22.81367],[89.27029,22.79097],[89.28979,22.79484],[89.29658,22.78783],[89.29895,22.7718],[89.31014,22.76221],[89.31064,22.75016],[89.33165,22.72863],[89.32031,22.71386],[89.30977,22.7172],[89.30448,22.70392],[89.30534,22.68557],[89.29798,22.68435],[89.28831,22.69557],[89.26762,22.70142],[89.25968,22.69365],[89.26335,22.66768],[89.29461,22.65377],[89.30164,22.64678],[89.28072,22.63567],[89.27164,22.62581],[89.26395,22.63162],[89.26592,22.64435],[89.25946,22.65828],[89.25065,22.65649],[89.24319,22.63787],[89.2568,22.62642],[89.24512,22.61808],[89.24327,22.61015],[89.26215,22.60442],[89.26509,22.59879],[89.26181,22.57904],[89.25564,22.57035],[89.24118,22.5668],[89.23419,22.55177],[89.24864,22.52792],[89.25461,22.49787],[89.26189,22.49023],[89.28156,22.48042],[89.28411,22.47496],[89.26164,22.4679],[89.25887,22.45559],[89.24789,22.45043],[89.24129,22.43733],[89.24306,22.42155],[89.25314,22.406],[89.25433,22.39501],[89.24019,22.37478],[89.24824,22.37017],[89.26392,22.378],[89.2731,22.34788],[89.26758,22.34244],[89.25102,22.3394],[89.27565,22.30979],[89.28084,22.2882],[89.31391,22.28457],[89.3097,22.27273],[89.29534,22.26131],[89.29281,22.25336],[89.31133,22.22976],[89.30569,22.21446],[89.31165,22.18748],[89.30587,22.1786],[89.27895,22.15881],[89.26398,22.13652],[89.26446,22.11255],[89.24876,22.10074],[89.23197,22.10455],[89.21663,22.09993],[89.20773,22.1268],[89.22317,22.13069],[89.22609,22.13707],[89.20986,22.14457],[89.21032,22.13135],[89.20331,22.12311],[89.21055,22.09985],[89.21771,22.08756],[89.2354,22.07627],[89.24538,22.05921],[89.22341,22.0251],[89.21406,22.01789],[89.20953,22.00515],[89.20187,22.00273],[89.18703,22.02525],[89.16329,22.02788],[89.15491,22.03793],[89.17604,22.05761],[89.17417,22.07231],[89.15844,22.07963],[89.13073,22.10222],[89.11923,22.1242],[89.13803,22.1239],[89.13213,22.13686],[89.11686,22.12828],[89.1158,22.12052],[89.12573,22.10199],[89.14809,22.07793],[89.13924,22.06824],[89.12909,22.07375],[89.1188,22.06979],[89.11133,22.05487],[89.09389,22.05033],[89.0918,22.03939],[89.09423,22.0259],[89.08972,22.0187],[89.06786,22.05387],[89.05573,22.06467],[89.0479,22.09537],[89.05627,22.10921],[89.08282,22.13386],[89.10208,22.14836],[89.09651,22.16206],[89.07191,22.15349],[89.06799,22.17505],[89.07652,22.19057],[89.04284,22.22357],[89.03728,22.23598],[89.03432,22.2582],[89.0148,22.25563],[89.01933,22.26907],[88.99748,22.2832],[88.99962,22.29622],[89.02376,22.29951],[89.00051,22.32385],[88.98754,22.32291],[88.98786,22.36681],[88.98315,22.37712],[88.99087,22.3894],[88.97635,22.4033],[88.97444,22.41092],[88.99051,22.42392],[89.00158,22.42818],[88.99168,22.44274],[88.99723,22.46764],[88.98054,22.48585],[88.97397,22.50199],[88.97276,22.51745],[88.96156,22.54983],[88.94163,22.55695],[88.93861,22.59024],[88.95809,22.60836],[88.95205,22.62093],[88.93475,22.61823],[88.93422,22.63356],[88.92863,22.65149],[88.94486,22.66232],[88.94768,22.67697],[88.96232,22.69511],[88.95608,22.70413],[88.92792,22.71812],[88.91583,22.73588],[88.92111,22.75026],[88.91098,22.75786],[88.92387,22.77969],[88.93563,22.78198],[88.94954,22.79742],[88.95783,22.796],[88.96853,22.84348],[88.94466,22.88063],[88.92793,22.87265],[88.9054,22.88591],[88.89822,22.89782],[88.90859,22.91916],[88.92183,22.91318],[88.92997,22.91952],[88.94187,22.91247],[88.95006,22.92161],[88.96253,22.91873],[88.99166,22.92343],[88.98892,22.94377],[89.01459,22.9467],[89.03438,22.93026],[89.05872,22.93588],[89.0818,22.93248],[89.09682,22.92306],[89.10687,22.93298],[89.1261,22.92696],[89.1416,22.89804],[89.13756,22.89054],[89.11787,22.90379],[89.11116,22.88857],[89.12877,22.87078],[89.12283,22.85342],[89.12543,22.84168],[89.13716,22.82749],[89.15778,22.82735],[89.15888,22.8137],[89.14164,22.80308],[89.14796,22.79528],[89.1632,22.80226],[89.16827,22.81673],[89.19579,22.811],[89.21449,22.82137],[89.22346,22.82139],[89.23802,22.83472],[89.24674,22.83564]]]]}},{"type":"Feature","properties":{"district_id":"shariatpur","ADM2_PCODE":"BD3086","source_name":"Shariatpur"},"geometry":{"type":"MultiPolygon","coordinates":[[[[90.47571,23.00758],[90.47771,23.01628],[90.48981,23.02253],[90.48922,23.01395],[90.47571,23.00758]]],[[[90.53869,23.37935],[90.54681,23.36742],[90.57606,23.358],[90.59067,23.33595],[90.53741,23.3391],[90.49807,23.32104],[90.50418,23.31588],[90.50211,23.30187],[90.5263,23.29361],[90.53305,23.28604],[90.54564,23.28346],[90.56526,23.26064],[90.5981,23.23247],[90.59737,23.23146],[90.59653,23.23006],[90.60125,23.22676],[90.60218,23.22406],[90.60776,23.21353],[90.59342,23.19115],[90.57172,23.15242],[90.55628,23.13517],[90.52305,23.11134],[90.50309,23.0885],[90.49851,23.06904],[90.4826,23.06563],[90.48739,23.05021],[90.49782,23.04876],[90.49637,23.03934],[90.47665,23.02501],[90.45824,23.01589],[90.4314,23.01262],[90.41734,23.00719],[90.40755,23.01708],[90.4214,23.02854],[90.42271,23.0389],[90.39444,23.04731],[90.38312,23.05629],[90.34879,23.05675],[90.34022,23.07144],[90.35132,23.09295],[90.35321,23.11296],[90.3463,23.11864],[90.34821,23.12955],[90.32902,23.1376],[90.30973,23.13767],[90.30816,23.14453],[90.29192,23.14623],[90.29049,23.17379],[90.28377,23.18227],[90.28336,23.19767],[90.27034,23.20013],[90.26654,23.20897],[90.25291,23.21137],[90.24167,23.23229],[90.24179,23.24746],[90.22765,23.26345],[90.23921,23.28958],[90.24393,23.31761],[90.22784,23.33228],[90.24717,23.34316],[90.23511,23.36888],[90.25862,23.38611],[90.24121,23.39412],[90.22172,23.39866],[90.22351,23.41287],[90.23723,23.41678],[90.24485,23.42748],[90.27136,23.42705],[90.28138,23.44651],[90.29949,23.45119],[90.32136,23.43811],[90.36116,23.42958],[90.41119,23.40437],[90.43051,23.40668],[90.43096,23.41624],[90.47028,23.41096],[90.49846,23.40442],[90.51731,23.39076],[90.53869,23.37935]]]]}},{"type":"Feature","properties":{"district_id":"sherpur","ADM2_PCODE":"BD4589","source_name":"Sherpur"},"geometry":{"type":"Polygon","coordinates":[[[90.26422,25.19639],[90.25966,25.16265],[90.26898,25.14784],[90.26392,25.12427],[90.26263,25.09781],[90.27705,25.09376],[90.28663,25.0825],[90.28504,25.06448],[90.27805,25.05582],[90.2613,25.05364],[90.25608,25.06471],[90.23224,25.04198],[90.24115,25.00872],[90.23428,24.98415],[90.22584,24.97565],[90.22887,24.96662],[90.25492,24.9574],[90.25472,24.94618],[90.23586,24.94833],[90.23518,24.93406],[90.24464,24.92793],[90.23863,24.89176],[90.22155,24.88106],[90.19493,24.88526],[90.17057,24.88852],[90.15686,24.89523],[90.1546,24.90485],[90.13358,24.89883],[90.10882,24.90846],[90.06718,24.90597],[90.04626,24.91083],[90.01283,24.911],[89.99555,24.92289],[89.9821,24.91677],[89.95601,24.92437],[89.94445,24.93372],[89.9427,24.95022],[89.93255,24.96129],[89.90735,24.95495],[89.90553,24.98001],[89.89031,25.00791],[89.89245,25.01876],[89.87983,25.01989],[89.88255,25.03571],[89.90473,25.03385],[89.90479,25.04384],[89.92426,25.06122],[89.91131,25.07223],[89.91463,25.08924],[89.89456,25.11597],[89.89355,25.13244],[89.89968,25.13464],[89.90063,25.15899],[89.91045,25.17169],[89.90126,25.18101],[89.88627,25.18266],[89.88941,25.21438],[89.8987,25.22496],[89.90601,25.26599],[89.92064,25.26011],[89.93139,25.26081],[89.93094,25.28275],[89.9482,25.29366],[89.96659,25.30382],[89.97688,25.29708],[89.9807,25.28098],[89.99596,25.27676],[90.00446,25.28052],[90.03367,25.26239],[90.05632,25.26054],[90.07407,25.24406],[90.09921,25.23475],[90.11806,25.22357],[90.12807,25.22574],[90.17142,25.22317],[90.19586,25.21113],[90.23393,25.20502],[90.26422,25.19639]]]}},{"type":"Feature","properties":{"district_id":"sirajganj","ADM2_PCODE":"BD5088","source_name":"Sirajganj"},"geometry":{"type":"Polygon","coordinates":[[[89.71534,24.77735],[89.74046,24.76844],[89.758,24.76718],[89.77096,24.77292],[89.78123,24.76341],[89.78739,24.72752],[89.7724,24.72402],[89.7986,24.67857],[89.78342,24.66951],[89.78454,24.62558],[89.76591,24.62346],[89.76503,24.61384],[89.78071,24.5912],[89.78907,24.57229],[89.77215,24.56388],[89.76746,24.55679],[89.76927,24.53976],[89.74742,24.53771],[89.74612,24.52046],[89.75803,24.49984],[89.74257,24.4712],[89.7429,24.45531],[89.75448,24.45562],[89.74658,24.43054],[89.76472,24.38621],[89.76595,24.37523],[89.75242,24.36007],[89.75201,24.34973],[89.7655,24.33942],[89.77276,24.32471],[89.77421,24.30151],[89.78697,24.28857],[89.79065,24.26512],[89.78308,24.23749],[89.78726,24.21043],[89.79855,24.17516],[89.78368,24.17105],[89.78638,24.15899],[89.80257,24.1601],[89.80686,24.14888],[89.81984,24.14068],[89.81653,24.13128],[89.81684,24.1094],[89.82494,24.08795],[89.82285,24.07317],[89.81658,24.06317],[89.7852,24.03525],[89.77462,24.02745],[89.75745,24.0222],[89.74559,24.02293],[89.72158,24.01353],[89.70243,24.02438],[89.69767,24.03622],[89.68381,24.04164],[89.68174,24.06172],[89.63733,24.08675],[89.63018,24.08327],[89.61699,24.09531],[89.59311,24.1024],[89.58122,24.11132],[89.55936,24.11136],[89.56358,24.12363],[89.5522,24.12928],[89.53873,24.12865],[89.52929,24.13653],[89.52306,24.15069],[89.53512,24.1728],[89.51786,24.17879],[89.51736,24.18912],[89.50205,24.21687],[89.49003,24.21728],[89.48591,24.20375],[89.46943,24.20083],[89.46904,24.23053],[89.45741,24.2307],[89.46316,24.25101],[89.45942,24.26217],[89.44279,24.26281],[89.42844,24.24833],[89.42903,24.26867],[89.42058,24.28316],[89.42545,24.30705],[89.41845,24.32168],[89.3987,24.32328],[89.40072,24.33157],[89.37967,24.34136],[89.36596,24.35388],[89.35598,24.349],[89.33347,24.34873],[89.31864,24.35307],[89.29401,24.3646],[89.28867,24.37539],[89.28354,24.40295],[89.28529,24.42029],[89.26616,24.42751],[89.24715,24.42723],[89.25662,24.43949],[89.27544,24.44868],[89.28391,24.46216],[89.28325,24.47993],[89.31642,24.51486],[89.32162,24.52999],[89.33035,24.53486],[89.33903,24.55946],[89.36778,24.55813],[89.37183,24.5544],[89.40358,24.55173],[89.40975,24.56099],[89.42572,24.56081],[89.43117,24.55078],[89.46393,24.54419],[89.48078,24.55512],[89.4998,24.55312],[89.50447,24.5568],[89.52212,24.55178],[89.5558,24.55545],[89.57105,24.54715],[89.59149,24.55397],[89.60124,24.56158],[89.60428,24.58311],[89.5993,24.59465],[89.60268,24.6043],[89.58306,24.61813],[89.55933,24.62647],[89.55452,24.63948],[89.56078,24.65016],[89.54611,24.65157],[89.54944,24.67375],[89.5617,24.688],[89.56475,24.69926],[89.59048,24.7028],[89.60396,24.69469],[89.60744,24.68706],[89.62403,24.68547],[89.63774,24.69633],[89.64807,24.71866],[89.66076,24.72841],[89.65534,24.74481],[89.66646,24.7471],[89.67953,24.78386],[89.71534,24.77735]]]}},{"type":"Feature","properties":{"district_id":"sunamganj","ADM2_PCODE":"BD6090","source_name":"Sunamganj"},"geometry":{"type":"Polygon","coordinates":[[[91.70375,25.15103],[91.71268,25.14702],[91.71351,25.1369],[91.72562,25.11938],[91.71965,25.11291],[91.71852,25.09369],[91.73381,25.07653],[91.72505,25.06571],[91.70875,25.06574],[91.68944,25.05858],[91.68098,25.02452],[91.66812,25.01942],[91.68372,25.00956],[91.68978,24.98687],[91.70442,24.97967],[91.71157,24.96151],[91.70117,24.93801],[91.69202,24.93904],[91.69006,24.9069],[91.69477,24.90124],[91.6817,24.88883],[91.68551,24.8776],[91.69583,24.87766],[91.69779,24.86677],[91.66449,24.85436],[91.6573,24.84681],[91.66486,24.83552],[91.65825,24.80861],[91.67408,24.80657],[91.67537,24.78721],[91.65308,24.78867],[91.63961,24.78472],[91.67068,24.768],[91.67698,24.75622],[91.66172,24.74074],[91.67223,24.72902],[91.65594,24.71708],[91.66139,24.70075],[91.65379,24.69572],[91.64913,24.67501],[91.63553,24.67443],[91.62537,24.65772],[91.61142,24.66966],[91.59234,24.66694],[91.58005,24.67501],[91.56836,24.66443],[91.54514,24.65543],[91.5234,24.66324],[91.49619,24.669],[91.47566,24.66839],[91.46742,24.66118],[91.45563,24.66683],[91.4385,24.66122],[91.4288,24.68223],[91.41543,24.67257],[91.40095,24.67066],[91.38665,24.68196],[91.38006,24.69533],[91.36678,24.68976],[91.35105,24.66788],[91.33184,24.66167],[91.31284,24.64653],[91.28956,24.59533],[91.2723,24.59955],[91.26462,24.59296],[91.26236,24.57833],[91.23396,24.56896],[91.22604,24.57519],[91.20584,24.57722],[91.20002,24.60941],[91.17915,24.61629],[91.18197,24.62989],[91.19521,24.63114],[91.20535,24.63329],[91.20835,24.65104],[91.22995,24.65466],[91.23345,24.67227],[91.2418,24.67952],[91.24088,24.69209],[91.22222,24.69945],[91.2293,24.72374],[91.21235,24.71315],[91.19766,24.71103],[91.1815,24.72359],[91.14778,24.72473],[91.15415,24.74148],[91.14989,24.75404],[91.13523,24.7572],[91.17121,24.77994],[91.16075,24.79319],[91.17252,24.81295],[91.17069,24.82696],[91.15296,24.83746],[91.14273,24.8254],[91.15285,24.81065],[91.13241,24.7926],[91.11675,24.80603],[91.11254,24.81738],[91.12072,24.83762],[91.10859,24.86089],[91.10892,24.87137],[91.09564,24.88754],[91.08881,24.88758],[91.07524,24.90124],[91.05136,24.90222],[91.04556,24.90801],[91.03137,24.89203],[91.01547,24.88891],[91.01577,24.89831],[90.99806,24.89214],[90.99649,24.90846],[90.98008,24.91716],[90.96403,24.91149],[90.95342,24.91893],[90.95514,24.93983],[90.97094,24.94893],[90.97256,24.95989],[90.96013,24.97272],[90.94812,24.97134],[90.94123,24.98465],[90.94732,25.0049],[90.93629,25.00906],[90.93765,25.02773],[90.95216,25.0342],[90.95227,25.04166],[90.93258,25.04525],[90.92959,25.06396],[90.93421,25.08093],[90.94501,25.08125],[90.95657,25.07044],[90.97081,25.07076],[90.96535,25.09715],[90.94755,25.11344],[90.9559,25.11953],[90.94924,25.13786],[90.97026,25.16058],[90.96485,25.17188],[90.98494,25.17518],[91.01903,25.18709],[91.03848,25.18646],[91.05508,25.19255],[91.08058,25.19691],[91.12517,25.19412],[91.15019,25.19715],[91.16437,25.19597],[91.19461,25.20193],[91.22442,25.20028],[91.22988,25.19707],[91.25973,25.20114],[91.26795,25.20736],[91.27613,25.19917],[91.29214,25.19344],[91.29241,25.18392],[91.31768,25.18379],[91.33712,25.17365],[91.3611,25.178],[91.37615,25.16809],[91.39901,25.16496],[91.41457,25.17124],[91.42515,25.15704],[91.44049,25.14975],[91.45713,25.14837],[91.46855,25.15192],[91.46643,25.13441],[91.50009,25.13578],[91.5018,25.14391],[91.51686,25.14789],[91.52642,25.1446],[91.55591,25.14981],[91.56299,25.16077],[91.57697,25.1721],[91.61512,25.17486],[91.60223,25.16239],[91.59939,25.1513],[91.62141,25.14352],[91.62259,25.12892],[91.63785,25.12265],[91.64537,25.12733],[91.66495,25.12855],[91.66989,25.138],[91.69232,25.13767],[91.70375,25.15103]]]}},{"type":"Feature","properties":{"district_id":"sylhet","ADM2_PCODE":"BD6091","source_name":"Sylhet"},"geometry":{"type":"Polygon","coordinates":[[[92.25078,24.83623],[92.24355,24.81952],[92.23208,24.81982],[92.21314,24.81321],[92.21084,24.80507],[92.19343,24.79843],[92.19825,24.77796],[92.19235,24.76811],[92.16999,24.77248],[92.14223,24.76668],[92.1271,24.7603],[92.12025,24.76542],[92.10639,24.75744],[92.09293,24.76486],[92.08014,24.76587],[92.08402,24.74824],[92.08047,24.72355],[92.06313,24.71853],[92.04888,24.69746],[92.03885,24.70648],[92.02993,24.69828],[92.0348,24.6883],[92.02945,24.65259],[92.01589,24.65079],[91.9958,24.6548],[91.97385,24.63937],[91.96408,24.64545],[91.93398,24.65485],[91.91,24.65568],[91.88841,24.64717],[91.88484,24.65694],[91.86631,24.65747],[91.86123,24.64962],[91.84826,24.64484],[91.83638,24.65336],[91.82441,24.65228],[91.79961,24.63745],[91.79482,24.64625],[91.77901,24.63832],[91.78121,24.62653],[91.75393,24.60839],[91.74851,24.59812],[91.72711,24.59344],[91.68333,24.60766],[91.68475,24.61451],[91.67504,24.6312],[91.66092,24.62591],[91.63708,24.62782],[91.64633,24.64512],[91.64031,24.65709],[91.64913,24.67501],[91.65379,24.69572],[91.66139,24.70075],[91.65594,24.71708],[91.67223,24.72902],[91.66172,24.74074],[91.67698,24.75622],[91.67068,24.768],[91.63961,24.78472],[91.65308,24.78867],[91.67537,24.78721],[91.67408,24.80657],[91.65825,24.80861],[91.66486,24.83552],[91.6573,24.84681],[91.66449,24.85436],[91.69779,24.86677],[91.69583,24.87766],[91.68551,24.8776],[91.6817,24.88883],[91.69477,24.90124],[91.69006,24.9069],[91.69202,24.93904],[91.70117,24.93801],[91.71157,24.96151],[91.70442,24.97967],[91.68978,24.98687],[91.68372,25.00956],[91.66812,25.01942],[91.68098,25.02452],[91.68944,25.05858],[91.70875,25.06574],[91.72505,25.06571],[91.73381,25.07653],[91.71852,25.09369],[91.71965,25.11291],[91.72562,25.11938],[91.71351,25.1369],[91.71268,25.14702],[91.70375,25.15103],[91.74357,25.15109],[91.75847,25.1685],[91.77574,25.16332],[91.80412,25.17188],[91.81759,25.17133],[91.83256,25.17813],[91.84973,25.17334],[91.89844,25.1802],[91.93282,25.18056],[91.97009,25.17595],[91.98051,25.17179],[92.00342,25.18624],[92.03726,25.18209],[92.04046,25.18649],[92.06184,25.18712],[92.10436,25.17475],[92.12105,25.1637],[92.13283,25.16027],[92.13608,25.13984],[92.15874,25.13311],[92.16405,25.12549],[92.19874,25.12581],[92.19609,25.10816],[92.20691,25.10877],[92.25481,25.08555],[92.31096,25.06932],[92.32215,25.07827],[92.33285,25.079],[92.34848,25.07277],[92.34899,25.06126],[92.34184,25.04892],[92.36482,25.04911],[92.36982,25.04189],[92.39272,25.03991],[92.39853,25.03312],[92.42577,25.02879],[92.41943,24.96757],[92.42361,24.96494],[92.45158,24.96673],[92.46777,24.96351],[92.44819,24.94733],[92.44891,24.93909],[92.48791,24.9448],[92.48394,24.9286],[92.49474,24.91532],[92.49673,24.90221],[92.49174,24.89327],[92.49191,24.87796],[92.4766,24.86884],[92.46136,24.87435],[92.44517,24.8731],[92.43642,24.8572],[92.42501,24.85413],[92.40721,24.86013],[92.40224,24.8505],[92.38509,24.8541],[92.37359,24.87491],[92.36319,24.87259],[92.35373,24.88198],[92.33835,24.87938],[92.32638,24.896],[92.31498,24.89592],[92.30669,24.9105],[92.29435,24.91574],[92.28376,24.90652],[92.27102,24.9051],[92.2475,24.90945],[92.23475,24.90395],[92.23653,24.8921],[92.24713,24.88766],[92.24675,24.87213],[92.23523,24.86386],[92.24242,24.84058],[92.25078,24.83623]]]}},{"type":"Feature","properties":{"district_id":"tangail","ADM2_PCODE":"BD3093","source_name":"Tangail"},"geometry":{"type":"Polygon","coordinates":[[[90.2905,24.27777],[90.30083,24.26936],[90.30044,24.25519],[90.29026,24.2453],[90.29031,24.22717],[90.26616,24.21512],[90.24897,24.18777],[90.24203,24.18436],[90.22592,24.16239],[90.21994,24.1427],[90.21863,24.12343],[90.22987,24.11416],[90.23017,24.1056],[90.20755,24.09487],[90.18402,24.09976],[90.17234,24.09633],[90.17946,24.08445],[90.17636,24.07418],[90.15776,24.06427],[90.15041,24.05224],[90.14755,24.03354],[90.12774,24.03299],[90.10967,24.01881],[90.10215,24.01904],[90.08165,24.04067],[90.07449,24.03382],[90.04056,24.02831],[90.02555,24.02105],[90.01944,24.02573],[90.00759,24.01136],[90.00646,24.00212],[89.99232,24.00156],[89.97924,24.03357],[89.96851,24.03047],[89.9672,24.01493],[89.9594,24.01497],[89.94722,24.02568],[89.93362,24.00602],[89.91689,23.99932],[89.90465,23.98754],[89.89403,23.9859],[89.88221,23.97044],[89.86963,23.98412],[89.86261,23.96584],[89.83867,23.97646],[89.81878,23.98221],[89.78363,23.9798],[89.77663,23.97441],[89.76465,23.97989],[89.77561,23.99275],[89.78586,24.01108],[89.7852,24.03525],[89.81658,24.06317],[89.82285,24.07317],[89.82494,24.08795],[89.81684,24.1094],[89.81653,24.13128],[89.81984,24.14068],[89.80686,24.14888],[89.80257,24.1601],[89.78638,24.15899],[89.78368,24.17105],[89.79855,24.17516],[89.78726,24.21043],[89.78308,24.23749],[89.79065,24.26512],[89.78697,24.28857],[89.77421,24.30151],[89.77276,24.32471],[89.7655,24.33942],[89.75201,24.34973],[89.75242,24.36007],[89.76595,24.37523],[89.76472,24.38621],[89.74658,24.43054],[89.75448,24.45562],[89.7429,24.45531],[89.74257,24.4712],[89.75803,24.49984],[89.74612,24.52046],[89.74742,24.53771],[89.76927,24.53976],[89.76746,24.55679],[89.77215,24.56388],[89.78907,24.57229],[89.80396,24.56686],[89.81634,24.57736],[89.8294,24.60132],[89.82706,24.6086],[89.84151,24.61407],[89.84263,24.63224],[89.85009,24.64654],[89.86407,24.6465],[89.86955,24.6524],[89.86723,24.6647],[89.87931,24.67905],[89.88705,24.67401],[89.89941,24.68149],[89.89515,24.69473],[89.88235,24.70532],[89.87822,24.72763],[89.88142,24.74186],[89.89522,24.7362],[89.91159,24.73613],[89.93581,24.75527],[89.94078,24.7446],[89.9581,24.74405],[89.96044,24.73217],[89.97385,24.72383],[89.99258,24.72834],[89.99215,24.73692],[90.0108,24.75127],[90.02045,24.75475],[90.02228,24.7701],[90.03222,24.77703],[90.04791,24.77394],[90.06937,24.78112],[90.07578,24.78787],[90.09204,24.76755],[90.08864,24.75216],[90.09047,24.73712],[90.12767,24.73833],[90.13241,24.73489],[90.1267,24.71871],[90.13412,24.69998],[90.13185,24.69176],[90.13967,24.68135],[90.14225,24.65525],[90.14754,24.6509],[90.14424,24.6236],[90.13041,24.61763],[90.12474,24.59631],[90.13306,24.58881],[90.16126,24.53669],[90.16809,24.53514],[90.17546,24.51811],[90.20789,24.50978],[90.22663,24.48367],[90.24354,24.48135],[90.21152,24.4616],[90.2187,24.44864],[90.22071,24.43433],[90.23092,24.41898],[90.24901,24.41527],[90.22956,24.34938],[90.23449,24.33708],[90.24684,24.32881],[90.26541,24.28858],[90.28113,24.2872],[90.2905,24.27777]]]}},{"type":"Feature","properties":{"district_id":"thakurgaon","ADM2_PCODE":"BD5594","source_name":"Thakurgaon"},"geometry":{"type":"Polygon","coordinates":[[[88.32139,26.20437],[88.33514,26.18725],[88.35158,26.18229],[88.38369,26.18215],[88.38539,26.20082],[88.40464,26.19484],[88.4282,26.20227],[88.43621,26.19782],[88.49873,26.20348],[88.51648,26.20088],[88.52216,26.18025],[88.5425,26.18559],[88.55728,26.17869],[88.57084,26.15195],[88.58595,26.14375],[88.59827,26.14386],[88.6226,26.12911],[88.63789,26.10718],[88.64599,26.09026],[88.63636,26.07887],[88.63556,26.0675],[88.62676,26.05593],[88.61471,26.05844],[88.60778,26.04973],[88.60911,26.03672],[88.58757,26.01981],[88.5685,26.02522],[88.54622,26.01938],[88.54068,25.99551],[88.53055,25.99152],[88.52972,25.97696],[88.53815,25.96244],[88.53629,25.95131],[88.52357,25.95163],[88.5119,25.94133],[88.50969,25.92649],[88.5019,25.92409],[88.49573,25.90732],[88.47987,25.90234],[88.48467,25.86612],[88.45927,25.86086],[88.44469,25.86188],[88.43791,25.87194],[88.40846,25.86845],[88.40379,25.8648],[88.39964,25.84313],[88.38627,25.83976],[88.38579,25.82283],[88.39058,25.81011],[88.38386,25.78687],[88.38665,25.76268],[88.40041,25.7313],[88.42146,25.73239],[88.42335,25.72375],[88.43552,25.70919],[88.43812,25.68847],[88.42625,25.67769],[88.42711,25.6697],[88.40165,25.67267],[88.40511,25.6831],[88.39012,25.6841],[88.39145,25.69359],[88.37071,25.69997],[88.37465,25.71243],[88.35539,25.72727],[88.34406,25.72954],[88.33752,25.73771],[88.32089,25.73758],[88.31634,25.75319],[88.26846,25.7808],[88.27177,25.79176],[88.26952,25.80824],[88.24898,25.81219],[88.23781,25.80844],[88.22825,25.79671],[88.21491,25.80091],[88.20705,25.7875],[88.19341,25.80164],[88.18096,25.79917],[88.17235,25.78673],[88.15931,25.78759],[88.15215,25.77576],[88.14163,25.78023],[88.14418,25.79373],[88.11552,25.79834],[88.12007,25.81258],[88.10109,25.8291],[88.11382,25.85457],[88.11101,25.86406],[88.09386,25.8744],[88.10293,25.88931],[88.09032,25.89647],[88.09364,25.91118],[88.08578,25.91568],[88.09796,25.93441],[88.11115,25.9332],[88.11465,25.95789],[88.1278,25.97671],[88.12964,25.99704],[88.14415,26.00549],[88.1548,26.02007],[88.17922,26.02257],[88.1727,26.03161],[88.1776,26.04901],[88.17601,26.05813],[88.18547,26.06344],[88.17352,26.07568],[88.15881,26.0973],[88.1726,26.11113],[88.17825,26.12501],[88.17399,26.13052],[88.18394,26.15356],[88.22155,26.16625],[88.23317,26.18112],[88.24807,26.19045],[88.27626,26.18861],[88.27906,26.19419],[88.32139,26.20437]]]}}]}